sku_id,week_start,days_observed,weekly_demand,promo_days,holiday_days,promo_week,holiday_week,promo_event,month,quarter,year,week_of_year,week_sin,week_cos,month_sin,month_cos,category,subcategory,unit_cost,list_price,lag_1_week,lag_2_week,lag_4_week,lag_8_week,lag_13_week,lag_26_week,lag_52_week,rolling_mean_4_week,rolling_mean_8_week,rolling_mean_13_week,rolling_std_4_week,rolling_std_8_week,demand_trend_4_13,demand_trend_8_13,demand_growth_4_13,promo_demand_interaction,promo_intensity,holiday_promo_interaction
SKU001,2025-01-06,7,431.0,3,0,1,0,New Year Sale,1,1,2025,2,0.23931566428755774,0.970941817426052,0.49999999999999994,0.8660254037844387,Furniture,Chair,2362.73,4730.28,,,,,,,,,,,,,,,,,0.42857142857142855,0
SKU001,2025-01-13,7,397.0,3,0,1,0,New Year Sale,1,1,2025,3,0.3546048870425356,0.9350162426854148,0.49999999999999994,0.8660254037844387,Furniture,Chair,2362.73,4730.28,431.0,,,,,,,,,,,,,,,,0.42857142857142855,0
SKU001,2025-01-20,7,420.0,0,1,0,1,No Promotion,1,1,2025,4,0.4647231720437685,0.8854560256532099,0.49999999999999994,0.8660254037844387,Furniture,Chair,2362.73,4730.28,397.0,431.0,,,,,,,,,,,,,,,0.0,0
SKU001,2025-01-27,7,403.0,0,0,0,0,No Promotion,1,1,2025,5,0.5680647467311558,0.8229838658936564,0.49999999999999994,0.8660254037844387,Furniture,Chair,2362.73,4730.28,420.0,397.0,,,,,,,,,,,,,,,0.0,0
SKU001,2025-02-03,7,424.0,0,0,0,0,No Promotion,2,1,2025,6,0.6631226582407952,0.7485107481711011,0.8660254037844386,0.5000000000000001,Furniture,Chair,2362.73,4730.28,403.0,420.0,431.0,,,,,412.75,,,15.58578412100805,,,,,0.0,0.0,0
SKU001,2025-02-10,7,343.0,0,0,0,0,No Promotion,2,1,2025,7,0.7485107481711011,0.6631226582407953,0.8660254037844386,0.5000000000000001,Furniture,Chair,2362.73,4730.28,424.0,403.0,397.0,,,,,411.0,,,13.038404810405298,,,,,0.0,0.0,0
SKU001,2025-02-17,7,342.0,0,0,0,0,No Promotion,2,1,2025,8,0.8229838658936564,0.5680647467311559,0.8660254037844386,0.5000000000000001,Furniture,Chair,2362.73,4730.28,343.0,424.0,420.0,,,,,397.5,,,37.456641600656084,,,,,0.0,0.0,0
SKU001,2025-02-24,7,380.0,0,0,0,0,No Promotion,2,1,2025,9,0.8854560256532099,0.4647231720437686,0.8660254037844386,0.5000000000000001,Furniture,Chair,2362.73,4730.28,342.0,343.0,403.0,,,,,378.0,,,41.880783182743855,,,,,0.0,0.0,0
SKU001,2025-03-03,7,359.0,0,0,0,0,No Promotion,3,1,2025,10,0.9350162426854148,0.35460488704253557,1.0,6.123233995736766e-17,Furniture,Chair,2362.73,4730.28,380.0,342.0,424.0,431.0,,,,372.25,392.5,,38.76746918057287,34.88347951189994,,,,0.0,0.0,0
SKU001,2025-03-10,7,356.0,0,0,0,0,No Promotion,3,1,2025,11,0.970941817426052,0.23931566428755804,1.0,6.123233995736766e-17,Furniture,Chair,2362.73,4730.28,359.0,380.0,343.0,397.0,,,,356.0,383.5,,17.795130420052192,32.75449805533803,,,,0.0,0.0,0
SKU001,2025-03-17,7,415.0,4,0,1,0,Spring Sale,3,1,2025,12,0.992708874098054,0.120536680255323,1.0,6.123233995736766e-17,Furniture,Chair,2362.73,4730.28,356.0,359.0,342.0,420.0,,,,359.25,378.375,,15.692354826475228,33.538623789808156,,,,359.25,0.5714285714285714,0
SKU001,2025-03-24,7,408.0,4,0,1,0,Spring Sale,3,1,2025,13,1.0,-1.6081226496766366e-16,1.0,6.123233995736766e-17,Furniture,Chair,2362.73,4730.28,415.0,356.0,380.0,403.0,,,,377.5,377.75,,27.18455443813638,32.687918257362305,,,,377.5,0.5714285714285714,0
SKU001,2025-03-31,7,378.0,0,0,0,0,No Promotion,3,1,2025,14,0.992708874098054,-0.12053668025532288,1.0,6.123233995736766e-17,Furniture,Chair,2362.73,4730.28,408.0,415.0,359.0,424.0,,,,384.5,378.375,,31.3315602335196,33.282073681960206,,,,0.0,0.0,0
SKU001,2025-04-07,7,352.0,0,0,0,0,No Promotion,4,2,2025,15,0.9709418174260521,-0.2393156642875575,0.8660254037844387,-0.4999999999999998,Furniture,Chair,2362.73,4730.28,378.0,408.0,356.0,343.0,431.0,,,389.25,372.625,388.9230769230769,27.36634185759337,27.794847929581678,0.3269230769230944,-16.298076923076906,0.000840585443038,0.0,0.0,0
SKU001,2025-04-14,7,349.0,0,0,0,0,No Promotion,4,2,2025,16,0.9350162426854148,-0.35460488704253545,0.8660254037844387,-0.4999999999999998,Furniture,Chair,2362.73,4730.28,352.0,378.0,415.0,342.0,397.0,,,388.25,373.75,382.84615384615387,29.01005572785639,26.580067720004013,5.403846153846132,-9.096153846153868,0.01411492867189068,0.0,0.0,0
SKU001,2025-04-21,7,390.0,0,0,0,0,No Promotion,4,2,2025,17,0.8854560256532099,-0.4647231720437685,0.8660254037844387,-0.4999999999999998,Furniture,Chair,2362.73,4730.28,349.0,352.0,408.0,380.0,420.0,,,371.75,374.625,379.15384615384613,27.45147233452758,25.477931627194533,-7.403846153846132,-4.528846153846132,-0.019527287482247857,0.0,0.0,0
SKU001,2025-04-28,7,371.0,0,0,0,0,No Promotion,4,2,2025,18,0.8229838658936565,-0.5680647467311557,0.8660254037844387,-0.4999999999999998,Furniture,Chair,2362.73,4730.28,390.0,349.0,378.0,359.0,403.0,,,367.25,375.875,376.84615384615387,19.98958061924595,26.018880507376608,-9.596153846153868,-0.971153846153868,-0.025464380485813454,0.0,0.0,0
SKU001,2025-05-05,7,347.0,0,0,0,0,No Promotion,5,2,2025,19,0.7485107481711013,-0.663122658240795,0.49999999999999994,-0.8660254037844387,Furniture,Chair,2362.73,4730.28,371.0,390.0,352.0,356.0,424.0,,,365.5,377.375,374.38461538461536,19.017535767461215,25.24133514693705,-8.884615384615358,2.9903846153846416,-0.02373125128415854,0.0,0.0,0
SKU001,2025-05-12,7,332.0,0,0,0,0,No Promotion,5,2,2025,20,0.6631226582407952,-0.7485107481711012,0.49999999999999994,-0.8660254037844387,Furniture,Chair,2362.73,4730.28,347.0,371.0,349.0,415.0,343.0,,,364.25,376.25,368.46153846153845,20.320351046836436,26.49932613698479,-4.211538461538453,7.788461538461547,-0.011430062630480187,0.0,0.0,0
SKU001,2025-05-19,7,344.0,0,0,0,0,No Promotion,5,2,2025,21,0.5680647467311558,-0.8229838658936564,0.49999999999999994,-0.8660254037844387,Furniture,Chair,2362.73,4730.28,332.0,347.0,390.0,408.0,342.0,,,360.0,365.875,367.61538461538464,25.65151067676132,25.385245996163086,-7.615384615384642,-1.7403846153846416,-0.020715630885122516,0.0,0.0,0
SKU001,2025-05-26,7,366.0,0,0,0,0,No Promotion,5,2,2025,22,0.46472317204376906,-0.8854560256532096,0.49999999999999994,-0.8660254037844387,Furniture,Chair,2362.73,4730.28,344.0,332.0,371.0,378.0,380.0,,,348.5,357.875,367.7692307692308,16.340134638368188,19.650063613128573,-19.269230769230774,-9.894230769230774,-0.0523948964651747,0.0,0.0,0
SKU001,2025-06-02,7,380.0,0,0,0,0,No Promotion,6,2,2025,23,0.35460488704253584,-0.9350162426854147,1.2246467991473532e-16,-1.0,Furniture,Chair,2362.73,4730.28,366.0,344.0,347.0,352.0,359.0,,,347.25,356.375,366.6923076923077,14.080127840328718,18.306419639022796,-19.44230769230768,-10.31730769230768,-0.053020767778476974,0.0,0.0,0
SKU001,2025-06-09,7,479.0,6,0,1,0,Summer Sale,6,2,2025,24,0.23931566428755768,-0.970941817426052,1.2246467991473532e-16,-1.0,Furniture,Chair,2362.73,4730.28,380.0,366.0,332.0,349.0,356.0,,,355.5,359.875,368.3076923076923,21.563858652847824,19.953069939234904,-12.80769230769232,-8.43269230769232,-0.03477443609022557,355.5,0.8571428571428571,0
SKU001,2025-06-16,7,454.0,5,0,1,0,Summer Sale,6,2,2025,25,0.12053668025532308,-0.992708874098054,1.2246467991473532e-16,-1.0,Furniture,Chair,2362.73,4730.28,479.0,380.0,344.0,390.0,415.0,,,392.25,376.125,377.7692307692308,59.701340018461906,45.8987628217954,14.480769230769226,-1.6442307692307736,0.03833231521075131,392.25,0.7142857142857143,0
SKU001,2025-06-23,7,434.0,0,0,0,0,No Promotion,6,2,2025,26,-3.216245299353273e-16,-1.0,1.2246467991473532e-16,-1.0,Furniture,Chair,2362.73,4730.28,454.0,479.0,366.0,371.0,408.0,,,419.75,384.125,380.7692307692308,55.23510357251689,53.59487582116142,38.980769230769226,3.3557692307692264,0.10237373737373745,0.0,0.0,0
SKU001,2025-06-30,7,421.0,0,0,0,0,No Promotion,6,2,2025,27,-0.12053668025532283,-0.992708874098054,1.2246467991473532e-16,-1.0,Furniture,Chair,2362.73,4730.28,434.0,454.0,380.0,347.0,378.0,,,436.75,392.0,382.7692307692308,42.07433897282287,55.96682690921215,53.980769230769226,9.230769230769226,0.14102692926045024,0.0,0.0,0
SKU001,2025-07-07,7,400.0,0,0,0,0,No Promotion,7,3,2025,28,-0.23931566428755743,-0.9709418174260521,-0.4999999999999997,-0.8660254037844388,Furniture,Chair,2362.73,4730.28,421.0,434.0,479.0,332.0,352.0,431.0,,447.0,401.25,386.0769230769231,25.285041691350532,53.52903084175111,60.923076923076906,15.173076923076906,0.15780035863717856,0.0,0.0,0
SKU001,2025-07-14,7,446.0,0,0,0,0,No Promotion,7,3,2025,29,-0.3546048870425356,-0.9350162426854148,-0.4999999999999997,-0.8660254037844388,Furniture,Chair,2362.73,4730.28,400.0,421.0,454.0,344.0,349.0,397.0,,427.25,409.75,389.7692307692308,22.677080940897152,45.80315023476628,37.480769230769226,19.980769230769226,0.09616143674758248,0.0,0.0,0
SKU001,2025-07-21,7,431.0,0,0,0,0,No Promotion,7,3,2025,30,-0.46472317204376806,-0.8854560256532101,-0.4999999999999997,-0.8660254037844388,Furniture,Chair,2362.73,4730.28,446.0,400.0,434.0,366.0,390.0,420.0,,425.25,422.5,397.2307692307692,19.687136240025723,38.5004638190985,28.019230769230774,25.269230769230774,0.07053640588690935,0.0,0.0,0
SKU001,2025-07-28,7,417.0,0,0,0,0,No Promotion,7,3,2025,31,-0.5680647467311556,-0.8229838658936566,-0.4999999999999997,-0.8660254037844388,Furniture,Chair,2362.73,4730.28,431.0,446.0,421.0,380.0,371.0,403.0,,424.5,430.625,400.38461538461536,19.295940851208425,31.00201606347559,24.11538461538464,30.24038461538464,0.060230547550432334,0.0,0.0,0
SKU001,2025-08-04,7,396.0,0,0,0,0,No Promotion,8,3,2025,32,-0.663122658240795,-0.7485107481711013,-0.8660254037844385,-0.5000000000000004,Furniture,Chair,2362.73,4730.28,417.0,431.0,400.0,479.0,347.0,424.0,,423.5,435.25,403.9230769230769,19.63839776220727,24.43504509043164,19.576923076923094,31.326923076923094,0.04846695867453832,0.0,0.0,0
SKU001,2025-08-11,7,459.0,0,1,0,1,No Promotion,8,3,2025,33,-0.7485107481711011,-0.6631226582407952,-0.8660254037844385,-0.5000000000000004,Furniture,Chair,2362.73,4730.28,396.0,417.0,446.0,454.0,332.0,343.0,,422.5,424.875,407.6923076923077,21.268129521265713,20.510885611582626,14.80769230769232,17.18269230769232,0.03632075471698126,0.0,0.0,0
SKU001,2025-08-18,7,402.0,0,0,0,0,No Promotion,8,3,2025,34,-0.8229838658936564,-0.5680647467311559,-0.8660254037844385,-0.5000000000000004,Furniture,Chair,2362.73,4730.28,459.0,396.0,431.0,434.0,344.0,342.0,,425.75,425.5,417.46153846153845,26.42442052344764,21.57379362626263,8.288461538461547,8.038461538461547,0.019854431545973883,0.0,0.0,0
SKU001,2025-08-25,7,404.0,0,0,0,0,No Promotion,8,3,2025,35,-0.8854560256532096,-0.4647231720437691,-0.8660254037844385,-0.5000000000000004,Furniture,Chair,2362.73,4730.28,402.0,459.0,417.0,421.0,366.0,380.0,,418.5,421.5,421.9230769230769,28.407745422683597,22.70934357735345,-3.4230769230769056,-0.4230769230769056,-0.00811303555150411,0.0,0.0,0
SKU001,2025-09-01,7,375.0,0,0,0,0,No Promotion,9,3,2025,36,-0.9350162426854147,-0.3546048870425359,-1.0,-1.8369701987210297e-16,Furniture,Chair,2362.73,4730.28,404.0,402.0,396.0,400.0,380.0,359.0,,415.25,419.375,424.84615384615387,29.36409372005206,23.542893984021077,-9.596153846153868,-5.471153846153868,-0.022587361940974104,0.0,0.0,0
SKU001,2025-09-08,7,329.0,0,0,0,0,No Promotion,9,3,2025,37,-0.970941817426052,-0.23931566428755774,-1.0,-1.8369701987210297e-16,Furniture,Chair,2362.73,4730.28,375.0,404.0,459.0,446.0,479.0,356.0,,410.0,416.25,424.46153846153845,35.2420203734122,27.76302782993442,-14.461538461538453,-8.211538461538453,-0.03407031533164184,0.0,0.0,0
SKU001,2025-09-15,7,356.0,0,0,0,0,No Promotion,9,3,2025,38,-0.992708874098054,-0.12053668025532357,-1.0,-1.8369701987210297e-16,Furniture,Chair,2362.73,4730.28,329.0,375.0,402.0,431.0,454.0,415.0,,377.5,401.625,412.9230769230769,34.93326972004388,38.5669640273345,-35.423076923076906,-11.298076923076906,-0.08578614008941876,0.0,0.0,0
SKU001,2025-09-22,7,338.0,0,0,0,0,No Promotion,9,3,2025,39,-1.0,-1.8369701987210297e-16,-1.0,-1.8369701987210297e-16,Furniture,Chair,2362.73,4730.28,356.0,329.0,404.0,417.0,434.0,408.0,,366.0,392.25,405.38461538461536,31.59113799786265,39.510396461835555,-39.38461538461536,-13.134615384615358,-0.09715370018975322,0.0,0.0,0
SKU001,2025-09-29,7,458.0,5,1,1,1,Festive Sale,9,3,2025,40,-0.992708874098054,0.1205366802553232,-1.0,-1.8369701987210297e-16,Furniture,Chair,2362.73,4730.28,338.0,356.0,375.0,396.0,421.0,378.0,,349.5,382.375,398.0,20.371548787463386,42.22029809734378,-48.5,-15.625,-0.121859296482412,349.5,0.7142857142857143,1
SKU001,2025-10-06,7,438.0,5,0,1,0,Festive Sale,10,4,2025,41,-0.9709418174260521,0.23931566428755738,-0.8660254037844386,0.5000000000000001,Furniture,Chair,2362.73,4730.28,458.0,338.0,329.0,459.0,400.0,352.0,,370.25,390.125,400.84615384615387,59.56718895499436,50.04408770559928,-30.596153846153868,-10.721153846153868,-0.07632891959316834,370.25,0.7142857142857143,0
SKU001,2025-10-13,7,405.0,0,0,0,0,No Promotion,10,4,2025,42,-0.9350162426854148,0.35460488704253557,-0.8660254037844386,0.5000000000000001,Furniture,Chair,2362.73,4730.28,438.0,458.0,356.0,402.0,446.0,349.0,,397.5,387.5,403.7692307692308,59.338014796587196,46.32802299133553,-6.269230769230774,-16.269230769230774,-0.01552676700323874,0.0,0.0,0
SKU001,2025-10-20,7,381.0,0,0,0,0,No Promotion,10,4,2025,43,-0.8854560256532101,0.464723172043768,-0.8660254037844386,0.5000000000000001,Furniture,Chair,2362.73,4730.28,405.0,438.0,338.0,404.0,431.0,390.0,,409.75,387.875,400.61538461538464,52.588813766174034,46.47407111190373,9.134615384615358,-12.740384615384642,0.02280145929339472,0.0,0.0,0
SKU001,2025-10-27,7,393.0,0,1,0,1,No Promotion,10,4,2025,44,-0.822983865893657,0.5680647467311548,-0.8660254037844386,0.5000000000000001,Furniture,Chair,2362.73,4730.28,381.0,405.0,458.0,375.0,417.0,371.0,,420.5,385.0,396.7692307692308,34.21987726453737,46.043457732885344,23.730769230769226,-11.769230769230774,0.05981000387747182,0.0,0.0,0
SKU001,2025-11-03,7,365.0,0,0,0,0,No Promotion,11,4,2025,45,-0.7485107481711011,0.6631226582407952,-0.5000000000000004,0.8660254037844384,Furniture,Chair,2362.73,4730.28,393.0,381.0,438.0,329.0,396.0,347.0,,404.25,387.25,394.9230769230769,24.540782383616083,45.92462769115747,9.326923076923094,-7.673076923076906,0.023617062719127446,0.0,0.0,0
SKU001,2025-11-10,7,350.0,0,0,0,0,No Promotion,11,4,2025,46,-0.6631226582407955,0.7485107481711007,-0.5000000000000004,0.8660254037844384,Furniture,Chair,2362.73,4730.28,365.0,393.0,405.0,356.0,459.0,332.0,,386.0,391.75,392.53846153846155,17.088007490635107,40.88922316978608,-6.538461538461547,-0.7884615384615472,-0.01665686850872039,0.0,0.0,0
SKU001,2025-11-17,7,468.0,4,0,1,0,Black Friday,11,4,2025,47,-0.5680647467311559,0.8229838658936564,-0.5000000000000004,0.8660254037844384,Furniture,Chair,2362.73,4730.28,350.0,365.0,381.0,338.0,402.0,344.0,,372.25,391.0,384.15384615384613,18.750555547325394,41.68590032270245,-11.903846153846132,6.846153846153868,-0.030987184621545816,372.25,0.5714285714285714,0
SKU001,2025-11-24,7,472.0,7,0,1,0,Black Friday,11,4,2025,48,-0.4647231720437684,0.88545602565321,-0.5000000000000004,0.8660254037844384,Furniture,Chair,2362.73,4730.28,468.0,350.0,393.0,458.0,404.0,366.0,,394.0,407.25,389.2307692307692,52.453153702454685,43.377907477687955,4.769230769230774,18.019230769230774,0.0122529644268774,394.0,1.0,0
SKU001,2025-12-01,7,431.0,0,0,0,0,No Promotion,12,4,2025,49,-0.35460488704253595,0.9350162426854147,-2.4492935982947064e-16,1.0,Furniture,Chair,2362.73,4730.28,472.0,468.0,365.0,438.0,375.0,380.0,,413.75,409.0,394.46153846153845,65.260375931086,45.925405356325996,19.288461538461547,14.538461538461547,0.04889820592823724,0.0,0.0,0
SKU001,2025-12-08,7,417.0,0,0,0,0,No Promotion,12,4,2025,50,-0.2393156642875578,0.970941817426052,-2.4492935982947064e-16,1.0,Furniture,Chair,2362.73,4730.28,431.0,472.0,350.0,405.0,329.0,479.0,,430.25,408.125,398.7692307692308,56.59431655799608,45.35711473564932,31.480769230769226,9.355769230769226,0.07894483024691357,0.0,0.0,0
SKU001,2025-12-15,7,581.0,7,0,1,0,Year End Sale,12,4,2025,51,-0.12053668025532363,0.992708874098054,-2.4492935982947064e-16,1.0,Furniture,Chair,2362.73,4730.28,417.0,431.0,468.0,381.0,356.0,454.0,,447.0,409.625,405.53846153846155,27.21519183593364,45.43735876378127,41.46153846153845,4.086538461538453,0.10223823975720792,447.0,1.0,0
SKU001,2025-12-22,7,588.0,7,1,1,1,Year End Sale,12,4,2025,52,6.432490598706546e-16,1.0,-2.4492935982947064e-16,1.0,Furniture,Chair,2362.73,4730.28,581.0,417.0,472.0,393.0,338.0,434.0,,475.25,434.625,422.84615384615387,74.26248492116775,73.68065747341214,52.40384615384613,11.778846153846132,0.12393123521921035,475.25,1.0,1
SKU001,2025-12-29,7,514.0,3,0,1,0,Year End Sale,12,4,2025,1,0.12053668025532305,0.992708874098054,-2.4492935982947064e-16,1.0,Furniture,Chair,2362.73,4730.28,588.0,581.0,431.0,365.0,458.0,421.0,,504.25,459.0,442.0769230769231,92.88478526289082,88.67275310295234,62.173076923076906,16.923076923076906,0.1406385940490691,504.25,0.42857142857142855,0
SKU001,2026-01-05,7,389.0,0,0,0,0,No Promotion,1,1,2026,2,0.23931566428755774,0.970941817426052,0.49999999999999994,0.8660254037844387,Furniture,Chair,2362.73,4730.28,514.0,588.0,417.0,350.0,438.0,400.0,431.0,525.0,477.625,446.38461538461536,79.35153852740771,81.46329147010239,78.61538461538464,31.24038461538464,0.17611580217129075,0.0,0.0,0
SKU001,2026-01-12,7,406.0,0,0,0,0,No Promotion,1,1,2026,3,0.3546048870425356,0.9350162426854148,0.49999999999999994,0.8660254037844387,Furniture,Chair,2362.73,4730.28,389.0,514.0,581.0,468.0,405.0,446.0,397.0,518.0,482.5,442.61538461538464,92.2424341974271,73.51384709213438,75.38461538461536,39.88461538461536,0.17031630170316303,0.0,0.0,0
SKU001,2026-01-19,7,422.0,0,0,0,0,No Promotion,1,1,2026,4,0.4647231720437685,0.8854560256532099,0.49999999999999994,0.8660254037844387,Furniture,Chair,2362.73,4730.28,406.0,389.0,588.0,472.0,381.0,431.0,420.0,474.25,474.75,442.6923076923077,93.88778763325223,78.36863439631226,31.55769230769232,32.05769230769232,0.07128583840139013,0.0,0.0,0
SKU001,2026-01-26,7,421.0,0,1,0,1,No Promotion,1,1,2026,5,0.5680647467311558,0.8229838658936564,0.49999999999999994,0.8660254037844387,Furniture,Chair,2362.73,4730.28,422.0,406.0,514.0,431.0,393.0,417.0,403.0,432.75,468.5,445.84615384615387,55.81741066489323,80.58181290730911,-13.096153846153868,22.653846153846132,-0.029373706004140798,0.0,0.0,0
SKU001,2026-02-02,7,439.0,0,0,0,0,No Promotion,2,1,2026,6,0.6631226582407952,0.7485107481711011,0.8660254037844386,0.5000000000000001,Furniture,Chair,2362.73,4730.28,421.0,422.0,389.0,417.0,365.0,396.0,424.0,409.5,467.25,448.0,15.502687938978088,81.32079333461662,-38.5,19.25,-0.0859375,0.0,0.0,0
SKU001,2026-02-09,7,426.0,0,0,0,0,No Promotion,2,1,2026,7,0.7485107481711011,0.6631226582407953,0.8660254037844386,0.5000000000000001,Furniture,Chair,2362.73,4730.28,439.0,421.0,406.0,581.0,350.0,459.0,343.0,422.0,470.0,453.6923076923077,13.490737563232177,79.73527629421174,-31.69230769230768,16.30769230769232,-0.06985418786029163,0.0,0.0,0
SKU001,2026-02-16,7,491.0,0,0,0,0,No Promotion,2,1,2026,8,0.8229838658936564,0.5680647467311559,0.8660254037844386,0.5000000000000001,Furniture,Chair,2362.73,4730.28,426.0,439.0,422.0,588.0,468.0,402.0,342.0,427.0,450.625,459.53846153846155,8.28653526310426,66.67177063795441,-32.53846153846155,-8.913461538461547,-0.07080682959491125,0.0,0.0,0
SKU001,2026-02-23,7,361.0,0,0,0,0,No Promotion,2,1,2026,9,0.8854560256532099,0.4647231720437686,0.8660254037844386,0.5000000000000001,Furniture,Chair,2362.73,4730.28,491.0,426.0,421.0,514.0,472.0,404.0,380.0,444.25,438.5,461.3076923076923,32.07673092237845,42.591078878093704,-17.05769230769232,-22.80769230769232,-0.03697682174420547,0.0,0.0,0
SKU001,2026-03-02,7,378.0,0,0,0,0,No Promotion,3,1,2026,10,0.9350162426854148,0.35460488704253557,1.0,6.123233995736766e-17,Furniture,Chair,2362.73,4730.28,361.0,491.0,439.0,389.0,431.0,375.0,359.0,429.25,419.375,452.7692307692308,53.46883827676332,37.943331806411365,-23.519230769230774,-33.394230769230774,-0.05194529391777103,0.0,0.0,0
SKU001,2026-03-09,7,435.0,1,0,1,0,Spring Sale,3,1,2026,11,0.970941817426052,0.23931566428755804,1.0,6.123233995736766e-17,Furniture,Chair,2362.73,4730.28,378.0,361.0,426.0,406.0,417.0,329.0,356.0,414.0,418.0,448.6923076923077,58.246602189884605,39.37366777791617,-34.69230769230768,-30.69230769230768,-0.07731870392593865,414.0,0.14285714285714285,0
SKU001,2026-03-16,7,558.0,7,0,1,0,Spring Sale,3,1,2026,12,0.992708874098054,0.120536680255323,1.0,6.123233995736766e-17,Furniture,Chair,2362.73,4730.28,435.0,378.0,491.0,422.0,581.0,356.0,415.0,416.25,421.625,450.0769230769231,59.03318275907771,39.445939497711834,-33.826923076923094,-28.451923076923094,-0.07515809263373785,416.25,1.0,0
SKU001,2026-03-23,7,432.0,3,0,1,0,Spring Sale,3,1,2026,13,1.0,-1.6081226496766366e-16,1.0,6.123233995736766e-17,Furniture,Chair,2362.73,4730.28,558.0,435.0,361.0,421.0,588.0,338.0,408.0,433.0,438.625,448.3076923076923,89.14033879226623,62.31014019747165,-15.30769230769232,-9.68269230769232,-0.034145504461221665,433.0,0.42857142857142855,0
SKU001,2026-03-30,7,371.0,0,0,0,0,No Promotion,3,1,2026,14,0.992708874098054,-0.12053668025532288,1.0,6.123233995736766e-17,Furniture,Chair,2362.73,4730.28,432.0,558.0,378.0,439.0,514.0,458.0,378.0,450.75,440.0,436.3076923076923,76.14624087898235,61.98617357351326,14.44230769230768,3.692307692307679,0.033101198871650084,0.0,0.0,0
SKU001,2026-04-06,7,405.0,0,0,0,0,No Promotion,4,2,2026,15,0.9709418174260521,-0.2393156642875575,0.8660254037844387,-0.4999999999999998,Furniture,Chair,2362.73,4730.28,371.0,432.0,435.0,426.0,389.0,438.0,352.0,449.0,431.5,425.3076923076923,78.42193570679063,66.63118103196345,23.69230769230768,6.192307692307679,0.05570627599927658,0.0,0.0,0
SKU001,2026-04-13,7,384.0,0,0,0,0,No Promotion,4,2,2026,16,0.9350162426854148,-0.35460488704253545,0.8660254037844387,-0.4999999999999998,Furniture,Chair,2362.73,4730.28,405.0,371.0,558.0,491.0,406.0,405.0,349.0,441.5,428.875,426.53846153846155,81.57818335805231,67.28922117036491,14.961538461538453,2.336538461538453,0.03507664562669066,0.0,0.0,0
SKU001,2026-04-20,7,401.0,0,0,0,0,No Promotion,4,2,2026,17,0.8854560256532099,-0.4647231720437685,0.8660254037844387,-0.4999999999999998,Furniture,Chair,2362.73,4730.28,384.0,405.0,432.0,361.0,422.0,381.0,390.0,398.0,415.5,424.84615384615387,26.645825188948557,63.715887231633886,-26.846153846153868,-9.346153846153868,-0.06319029512945873,0.0,0.0,0
SKU001,2026-04-27,7,404.0,0,0,0,0,No Promotion,4,2,2026,18,0.8229838658936565,-0.5680647467311557,0.8660254037844387,-0.4999999999999998,Furniture,Chair,2362.73,4730.28,401.0,384.0,371.0,378.0,421.0,393.0,371.0,390.25,420.5,423.2307692307692,15.734781006844004,60.30636071640489,-32.980769230769226,-2.7307692307692264,-0.07792620865139943,0.0,0.0,0
SKU001,2026-05-04,7,434.0,0,0,0,0,No Promotion,5,2,2026,19,0.7485107481711013,-0.663122658240795,0.49999999999999994,-0.8660254037844387,Furniture,Chair,2362.73,4730.28,404.0,401.0,405.0,435.0,439.0,365.0,347.0,398.5,423.75,421.9230769230769,9.81495457622391,58.35788598932331,-23.423076923076906,1.8269230769230944,-0.05551504102096627,0.0,0.0,0
SKU001,2026-05-11,7,391.0,0,0,0,0,No Promotion,5,2,2026,20,0.6631226582407952,-0.7485107481711012,0.49999999999999994,-0.8660254037844387,Furniture,Chair,2362.73,4730.28,434.0,404.0,384.0,558.0,426.0,350.0,332.0,405.75,423.625,421.53846153846155,20.790622886291924,58.33141153296885,-15.788461538461547,2.086538461538453,-0.03745437956204378,0.0,0.0,0
SKU001,2026-05-18,7,395.0,0,0,0,0,No Promotion,5,2,2026,21,0.5680647467311558,-0.8229838658936564,0.49999999999999994,-0.8660254037844387,Furniture,Chair,2362.73,4730.28,391.0,434.0,401.0,432.0,491.0,468.0,344.0,407.5,402.75,418.84615384615387,18.52025917745228,21.841964851437442,-11.346153846153868,-16.096153846153868,-0.02708907254361803,0.0,0.0,0
SKU001,2026-05-25,7,398.0,0,0,0,0,No Promotion,5,2,2026,22,0.46472317204376906,-0.8854560256532096,0.49999999999999994,-0.8660254037844387,Furniture,Chair,2362.73,4730.28,395.0,391.0,404.0,371.0,361.0,472.0,366.0,406.0,398.125,411.46153846153845,19.442222095223723,18.411467699701262,-5.461538461538453,-13.336538461538453,-0.01327350906711533,0.0,0.0,0
SKU001,2026-06-01,7,409.0,0,0,0,0,No Promotion,6,2,2026,23,0.35460488704253584,-0.9350162426854147,1.2246467991473532e-16,-1.0,Furniture,Chair,2362.73,4730.28,398.0,395.0,434.0,405.0,378.0,431.0,380.0,404.5,401.5,414.3076923076923,19.874606914351933,14.861263164924539,-9.80769230769232,-12.80769230769232,-0.023672484218343892,0.0,0.0,0
SKU001,2026-06-08,7,578.0,5,0,1,0,Summer Sale,6,2,2026,24,0.23931566428755768,-0.970941817426052,1.2246467991473532e-16,-1.0,Furniture,Chair,2362.73,4730.28,409.0,398.0,391.0,384.0,435.0,417.0,479.0,398.25,402.0,416.6923076923077,7.719024117939978,15.061777546396804,-18.44230769230768,-14.69230769230768,-0.04425881484216354,398.25,0.7142857142857143,0
SKU001,2026-06-15,7,531.0,6,0,1,0,Summer Sale,6,2,2026,25,0.12053668025532308,-0.992708874098054,1.2246467991473532e-16,-1.0,Furniture,Chair,2362.73,4730.28,578.0,409.0,395.0,401.0,558.0,581.0,454.0,445.0,426.25,427.6923076923077,88.87069258197555,62.71876000960843,17.30769230769232,-1.4423076923076792,0.04046762589928066,445.0,0.8571428571428571,0
SKU001,2026-06-22,7,433.0,0,0,0,0,No Promotion,6,2,2026,26,-3.216245299353273e-16,-1.0,1.2246467991473532e-16,-1.0,Furniture,Chair,2362.73,4730.28,531.0,578.0,398.0,404.0,432.0,588.0,434.0,479.0,442.5,425.61538461538464,89.3793413864002,71.4722723458945,53.38461538461536,16.88461538461536,0.1254292427254653,0.0,0.0,0
SKU002,2025-01-27,7,202.0,0,0,0,0,No Promotion,1,1,2025,5,0.5680647467311558,0.8229838658936564,0.49999999999999994,0.8660254037844387,Home Decor,Clock,3577.63,4664.22,,,,,,,,,,,,,,,,,0.0,0
SKU002,2025-02-03,7,167.0,0,0,0,0,No Promotion,2,1,2025,6,0.6631226582407952,0.7485107481711011,0.8660254037844386,0.5000000000000001,Home Decor,Clock,3577.63,4664.22,202.0,,,,,,,,,,,,,,,,0.0,0
SKU002,2025-02-10,7,167.0,0,0,0,0,No Promotion,2,1,2025,7,0.7485107481711011,0.6631226582407953,0.8660254037844386,0.5000000000000001,Home Decor,Clock,3577.63,4664.22,167.0,202.0,,,,,,,,,,,,,,,0.0,0
SKU002,2025-02-17,7,180.0,0,0,0,0,No Promotion,2,1,2025,8,0.8229838658936564,0.5680647467311559,0.8660254037844386,0.5000000000000001,Home Decor,Clock,3577.63,4664.22,167.0,167.0,,,,,,,,,,,,,,,0.0,0
SKU002,2025-02-24,7,143.0,0,0,0,0,No Promotion,2,1,2025,9,0.8854560256532099,0.4647231720437686,0.8660254037844386,0.5000000000000001,Home Decor,Clock,3577.63,4664.22,180.0,167.0,202.0,,,,,179.0,,,16.512621435334445,,,,,0.0,0.0,0
SKU002,2025-03-03,7,135.0,0,0,0,0,No Promotion,3,1,2025,10,0.9350162426854148,0.35460488704253557,1.0,6.123233995736766e-17,Home Decor,Clock,3577.63,4664.22,143.0,180.0,167.0,,,,,164.25,,,15.435349040433135,,,,,0.0,0.0,0
SKU002,2025-03-10,7,173.0,0,0,0,0,No Promotion,3,1,2025,11,0.970941817426052,0.23931566428755804,1.0,6.123233995736766e-17,Home Decor,Clock,3577.63,4664.22,135.0,143.0,167.0,,,,,156.25,,,20.87063327580966,,,,,0.0,0.0,0
SKU002,2025-03-17,7,197.0,4,0,1,0,Spring Sale,3,1,2025,12,0.992708874098054,0.120536680255323,1.0,6.123233995736766e-17,Home Decor,Clock,3577.63,4664.22,173.0,135.0,180.0,,,,,157.75,,,22.08128921357024,,,,,157.75,0.5714285714285714,0
SKU002,2025-03-24,7,227.0,4,0,1,0,Spring Sale,3,1,2025,13,1.0,-1.6081226496766366e-16,1.0,6.123233995736766e-17,Home Decor,Clock,3577.63,4664.22,197.0,173.0,143.0,202.0,,,,162.0,170.5,,28.495613697550016,23.397191528655135,,,,162.0,0.5714285714285714,0
SKU002,2025-03-31,7,153.0,0,0,0,0,No Promotion,3,1,2025,14,0.992708874098054,-0.12053668025532288,1.0,6.123233995736766e-17,Home Decor,Clock,3577.63,4664.22,227.0,197.0,135.0,167.0,,,,183.0,173.625,,38.88444419044716,29.164251600693813,,,,0.0,0.0,0
SKU002,2025-04-07,7,202.0,0,0,0,0,No Promotion,4,2,2025,15,0.9709418174260521,-0.2393156642875575,0.8660254037844387,-0.4999999999999998,Home Decor,Clock,3577.63,4664.22,153.0,227.0,173.0,167.0,,,,187.5,171.875,,31.89043743820395,30.025881692775844,,,,0.0,0.0,0
SKU002,2025-04-14,7,165.0,0,0,0,0,No Promotion,4,2,2025,16,0.9350162426854148,-0.35460488704253545,0.8660254037844387,-0.4999999999999998,Home Decor,Clock,3577.63,4664.22,202.0,153.0,197.0,180.0,,,,194.75,176.25,,30.772011092333024,31.716377022424417,,,,0.0,0.0,0
SKU002,2025-04-21,7,142.0,0,0,0,0,No Promotion,4,2,2025,17,0.8854560256532099,-0.4647231720437685,0.8660254037844387,-0.4999999999999998,Home Decor,Clock,3577.63,4664.22,165.0,202.0,227.0,143.0,,,,186.75,174.375,,33.98406489322116,31.905832426958288,,,,0.0,0.0,0
SKU002,2025-04-28,7,169.0,0,0,0,0,No Promotion,4,2,2025,18,0.8229838658936565,-0.5680647467311557,0.8660254037844387,-0.4999999999999998,Home Decor,Clock,3577.63,4664.22,142.0,165.0,153.0,135.0,202.0,,,165.5,174.25,173.30769230769232,26.083200212652848,32.04795513868909,-7.807692307692321,0.9423076923076792,-0.04505104305370622,0.0,0.0,0
SKU002,2025-05-05,7,167.0,0,0,0,0,No Promotion,5,2,2025,19,0.7485107481711013,-0.663122658240795,0.49999999999999994,-0.8660254037844387,Home Decor,Clock,3577.63,4664.22,169.0,142.0,202.0,173.0,167.0,,,169.5,178.5,170.76923076923077,24.718414188616553,28.112020814692677,-1.2692307692307736,7.730769230769226,-0.007432432432432412,0.0,0.0,0
SKU002,2025-05-12,7,173.0,0,0,0,0,No Promotion,5,2,2025,20,0.6631226582407952,-0.7485107481711012,0.49999999999999994,-0.8660254037844387,Home Decor,Clock,3577.63,4664.22,167.0,169.0,165.0,197.0,167.0,,,160.75,177.75,170.76923076923077,12.60621539823379,28.358672143002142,-10.019230769230774,6.980769230769226,-0.058671171171171155,0.0,0.0,0
SKU002,2025-05-19,7,119.0,0,0,0,0,No Promotion,5,2,2025,21,0.5680647467311558,-0.8229838658936564,0.49999999999999994,-0.8660254037844387,Home Decor,Clock,3577.63,4664.22,173.0,167.0,142.0,227.0,180.0,,,162.75,174.75,171.23076923076923,14.056433876817168,27.280291158898685,-8.480769230769226,3.5192307692307736,-0.04952830188679247,0.0,0.0,0
SKU002,2025-05-26,7,174.0,0,0,0,0,No Promotion,5,2,2025,22,0.46472317204376906,-0.8854560256532096,0.49999999999999994,-0.8660254037844387,Home Decor,Clock,3577.63,4664.22,119.0,173.0,169.0,153.0,143.0,,,157.0,161.25,166.53846153846155,25.45584412271571,24.288445224603638,-9.538461538461547,-5.288461538461547,-0.05727482678983842,0.0,0.0,0
SKU002,2025-06-02,7,172.0,0,0,0,0,No Promotion,6,2,2025,23,0.35460488704253584,-0.9350162426854147,1.2246467991473532e-16,-1.0,Home Decor,Clock,3577.63,4664.22,174.0,119.0,167.0,202.0,135.0,,,158.25,163.875,168.92307692307693,26.348624252510795,24.403966305266266,-10.673076923076934,-5.048076923076934,-0.06318306010928965,0.0,0.0,0
SKU002,2025-06-09,7,249.0,6,0,1,0,Summer Sale,6,2,2025,24,0.23931566428755768,-0.970941817426052,1.2246467991473532e-16,-1.0,Home Decor,Clock,3577.63,4664.22,172.0,174.0,173.0,165.0,173.0,,,159.5,160.125,171.76923076923077,27.012342857787562,19.52608145898344,-12.269230769230774,-11.644230769230774,-0.0714285714285714,159.5,0.8571428571428571,0
SKU002,2025-06-16,7,224.0,5,0,1,0,Summer Sale,6,2,2025,25,0.12053668025532308,-0.992708874098054,1.2246467991473532e-16,-1.0,Home Decor,Clock,3577.63,4664.22,249.0,172.0,119.0,142.0,197.0,,,178.5,170.625,177.6153846153846,53.457147947366835,37.15195630303816,0.8846153846153868,-6.990384615384613,0.004980511043741975,178.5,0.7142857142857143,0
SKU002,2025-06-23,7,170.0,0,0,0,0,No Promotion,6,2,2025,26,-3.216245299353273e-16,-1.0,1.2246467991473532e-16,-1.0,Home Decor,Clock,3577.63,4664.22,224.0,249.0,174.0,169.0,227.0,,,204.75,180.875,179.69230769230768,38.064638007823824,39.37162683964177,25.05769230769232,1.1826923076923208,0.13944777397260277,0.0,0.0,0
SKU002,2025-06-30,7,180.0,0,0,0,0,No Promotion,6,2,2025,27,-0.12053668025532283,-0.992708874098054,1.2246467991473532e-16,-1.0,Home Decor,Clock,3577.63,4664.22,170.0,224.0,172.0,167.0,153.0,,,203.75,181.0,175.30769230769232,39.17801254104994,39.33010479082331,28.44230769230768,5.692307692307679,0.16224221149627027,0.0,0.0,0
SKU002,2025-07-07,7,174.0,0,0,0,0,No Promotion,7,3,2025,28,-0.23931566428755743,-0.9709418174260521,-0.4999999999999997,-0.8660254037844388,Home Decor,Clock,3577.63,4664.22,180.0,170.0,249.0,173.0,202.0,,,205.75,182.625,177.3846153846154,37.16965608306503,38.935615352234294,28.365384615384613,5.240384615384613,0.15990893321769306,0.0,0.0,0
SKU002,2025-07-14,7,194.0,0,0,0,0,No Promotion,7,3,2025,29,-0.3546048870425356,-0.9350162426854148,-0.4999999999999997,-0.8660254037844388,Home Decor,Clock,3577.63,4664.22,174.0,180.0,224.0,119.0,165.0,,,187.0,182.75,175.23076923076923,25.00666577801473,38.90189125038965,11.769230769230774,7.519230769230774,0.0671641791044777,0.0,0.0,0
SKU002,2025-07-21,7,196.0,0,0,0,0,No Promotion,7,3,2025,30,-0.46472317204376806,-0.8854560256532101,-0.4999999999999997,-0.8660254037844388,Home Decor,Clock,3577.63,4664.22,194.0,174.0,170.0,174.0,142.0,,,179.5,192.125,177.46153846153845,10.503967504392476,29.161802315455642,2.038461538461547,14.663461538461547,0.011486779367143596,0.0,0.0,0
SKU002,2025-07-28,7,207.0,0,0,0,0,No Promotion,7,3,2025,31,-0.5680647467311556,-0.8229838658936566,-0.4999999999999997,-0.8660254037844388,Home Decor,Clock,3577.63,4664.22,196.0,194.0,180.0,172.0,169.0,202.0,,186.0,194.875,181.6153846153846,10.708252269472666,28.230872158988337,4.384615384615387,13.259615384615387,0.02414231257941557,0.0,0.0,0
SKU002,2025-08-04,7,185.0,0,0,0,0,No Promotion,8,3,2025,32,-0.663122658240795,-0.7485107481711013,-0.8660254037844385,-0.5000000000000004,Home Decor,Clock,3577.63,4664.22,207.0,196.0,174.0,249.0,167.0,167.0,,192.75,199.25,184.53846153846155,13.74469594667945,26.85809268837128,8.211538461538453,14.711538461538453,0.044497707378074125,0.0,0.0,0
SKU002,2025-08-11,7,206.0,0,1,0,1,No Promotion,8,3,2025,33,-0.7485107481711011,-0.6631226582407952,-0.8660254037844385,-0.5000000000000004,Home Decor,Clock,3577.63,4664.22,185.0,207.0,194.0,224.0,173.0,167.0,,195.5,191.25,185.92307692307693,9.03696114115063,17.99007662971053,9.576923076923066,5.326923076923066,0.05151013653289205,0.0,0.0,0
SKU002,2025-08-18,7,214.0,0,0,0,0,No Promotion,8,3,2025,34,-0.8229838658936564,-0.5680647467311559,-0.8660254037844385,-0.5000000000000004,Home Decor,Clock,3577.63,4664.22,206.0,185.0,196.0,170.0,119.0,180.0,,198.5,189.0,188.46153846153845,10.27942929673951,13.989792196965814,10.038461538461547,0.5384615384615472,0.05326530612244906,0.0,0.0,0
SKU002,2025-08-25,7,211.0,0,0,0,0,No Promotion,8,3,2025,35,-0.8854560256532096,-0.4647231720437691,-0.8660254037844385,-0.5000000000000004,Home Decor,Clock,3577.63,4664.22,214.0,206.0,207.0,180.0,174.0,143.0,,203.0,194.5,195.76923076923077,12.516655570345717,14.101671633432069,7.230769230769226,-1.2692307692307736,0.03693516699410604,0.0,0.0,0
SKU002,2025-09-01,7,148.0,0,0,0,0,No Promotion,9,3,2025,36,-0.9350162426854147,-0.3546048870425359,-1.0,-1.8369701987210297e-16,Home Decor,Clock,3577.63,4664.22,211.0,214.0,185.0,174.0,172.0,135.0,,204.0,198.375,198.6153846153846,13.0894359440479,13.804114293520293,5.384615384615387,-0.2403846153846132,0.0271107668474051,0.0,0.0,0
SKU002,2025-09-08,7,159.0,0,0,0,0,No Promotion,9,3,2025,37,-0.970941817426052,-0.23931566428755774,-1.0,-1.8369701987210297e-16,Home Decor,Clock,3577.63,4664.22,148.0,211.0,206.0,194.0,249.0,173.0,,194.75,195.125,196.76923076923077,31.34086788842964,21.35708313417354,-2.0192307692307736,-1.6442307692307736,-0.01026192337763876,0.0,0.0,0
SKU002,2025-09-15,7,153.0,0,0,0,0,No Promotion,9,3,2025,38,-0.992708874098054,-0.12053668025532357,-1.0,-1.8369701987210297e-16,Home Decor,Clock,3577.63,4664.22,159.0,148.0,214.0,196.0,224.0,197.0,,183.0,190.75,189.84615384615384,34.38022687534217,24.909837414162297,-6.84615384615384,0.9038461538461604,-0.03606158833063211,0.0,0.0,0
SKU002,2025-09-22,7,195.0,0,0,0,0,No Promotion,9,3,2025,39,-1.0,-1.8369701987210297e-16,-1.0,-1.8369701987210297e-16,Home Decor,Clock,3577.63,4664.22,153.0,159.0,211.0,207.0,170.0,227.0,,167.75,185.375,184.3846153846154,29.181900783419387,28.05574807414694,-16.634615384615387,0.9903846153846132,-0.09021693783896534,0.0,0.0,0
SKU002,2025-09-29,7,209.0,5,1,1,1,Festive Sale,9,3,2025,40,-0.992708874098054,0.1205366802553232,-1.0,-1.8369701987210297e-16,Home Decor,Clock,3577.63,4664.22,195.0,153.0,148.0,185.0,180.0,153.0,,163.75,183.875,186.30769230769232,21.31314148594711,27.036681432031234,-22.55769230769232,-2.432692307692321,-0.12107762180016524,163.75,0.7142857142857143,1
SKU002,2025-10-06,7,234.0,5,0,1,0,Festive Sale,10,4,2025,41,-0.9709418174260521,0.23931566428755738,-0.8660254037844386,0.5000000000000001,Home Decor,Clock,3577.63,4664.22,209.0,195.0,159.0,206.0,174.0,202.0,,179.0,186.875,188.53846153846155,27.276363393971707,28.472731315618955,-9.538461538461547,-1.6634615384615472,-0.05059159526723789,179.0,0.7142857142857143,0
SKU002,2025-10-13,7,178.0,0,0,0,0,No Promotion,10,4,2025,42,-0.9350162426854148,0.35460488704253557,-0.8660254037844386,0.5000000000000001,Home Decor,Clock,3577.63,4664.22,234.0,209.0,153.0,214.0,194.0,165.0,,197.75,190.375,193.15384615384616,33.915335764223244,32.58368347150807,4.59615384615384,-2.7788461538461604,0.02379530067702107,0.0,0.0,0
SKU002,2025-10-20,7,184.0,0,0,0,0,No Promotion,10,4,2025,43,-0.8854560256532101,0.464723172043768,-0.8660254037844386,0.5000000000000001,Home Decor,Clock,3577.63,4664.22,178.0,234.0,195.0,211.0,196.0,142.0,,204.0,185.875,191.92307692307693,23.678400846904054,31.31607300686707,12.076923076923066,-6.048076923076934,0.06292585170340681,0.0,0.0,0
SKU002,2025-10-27,7,170.0,0,1,0,1,No Promotion,10,4,2025,44,-0.822983865893657,0.5680647467311548,-0.8660254037844386,0.5000000000000001,Home Decor,Clock,3577.63,4664.22,184.0,178.0,209.0,148.0,207.0,169.0,,201.25,182.5,191.0,25.630385612913955,29.631064780058104,10.25,-8.5,0.053664921465968574,0.0,0.0,0
SKU002,2025-11-03,7,138.0,0,0,0,0,No Promotion,11,4,2025,45,-0.7485107481711011,0.6631226582407952,-0.5000000000000004,0.8660254037844384,Home Decor,Clock,3577.63,4664.22,170.0,184.0,234.0,159.0,185.0,167.0,,191.5,185.25,188.15384615384616,28.90789972769842,26.863411122619123,3.3461538461538396,-2.9038461538461604,0.017784137367129915,0.0,0.0,0
SKU002,2025-11-10,7,188.0,0,0,0,0,No Promotion,11,4,2025,46,-0.6631226582407955,0.7485107481711007,-0.5000000000000004,0.8660254037844384,Home Decor,Clock,3577.63,4664.22,138.0,170.0,178.0,153.0,206.0,173.0,,167.5,182.625,184.53846153846155,20.485767417079273,30.565795542450008,-17.038461538461547,-1.9134615384615472,-0.09233013755731556,0.0,0.0,0
SKU002,2025-11-17,7,204.0,4,0,1,0,Black Friday,11,4,2025,47,-0.5680647467311559,0.8229838658936564,-0.5000000000000004,0.8660254037844384,Home Decor,Clock,3577.63,4664.22,188.0,138.0,184.0,195.0,214.0,119.0,,170.0,187.0,183.15384615384616,22.68626603623141,28.127261813814314,-13.15384615384616,3.8461538461538396,-0.0718185636287274,170.0,0.5714285714285714,0
SKU002,2025-11-24,7,247.0,7,0,1,0,Black Friday,11,4,2025,48,-0.4647231720437684,0.88545602565321,-0.5000000000000004,0.8660254037844384,Home Decor,Clock,3577.63,4664.22,204.0,188.0,170.0,209.0,211.0,174.0,,175.0,188.125,182.3846153846154,28.307831660749528,28.667739459439165,-7.384615384615387,5.740384615384613,-0.04048924504428508,175.0,1.0,0
SKU002,2025-12-01,7,171.0,0,0,0,0,No Promotion,12,4,2025,49,-0.35460488704253595,0.9350162426854147,-2.4492935982947064e-16,1.0,Home Decor,Clock,3577.63,4664.22,247.0,204.0,138.0,234.0,148.0,172.0,,194.25,192.875,185.15384615384616,45.02129125943265,35.05684159842616,9.09615384615384,7.72115384615384,0.04912754466140412,0.0,0.0,0
SKU002,2025-12-08,7,182.0,0,0,0,0,No Promotion,12,4,2025,50,-0.2393156642875578,0.970941817426052,-2.4492935982947064e-16,1.0,Home Decor,Clock,3577.63,4664.22,171.0,247.0,188.0,178.0,159.0,249.0,,202.5,185.0,186.92307692307693,32.5832267687942,31.38243366689624,15.576923076923066,-1.923076923076934,0.08333333333333326,0.0,0.0,0
SKU002,2025-12-15,7,272.0,7,0,1,0,Year End Sale,12,4,2025,51,-0.12053668025532363,0.992708874098054,-2.4492935982947064e-16,1.0,Home Decor,Clock,3577.63,4664.22,182.0,171.0,204.0,184.0,153.0,224.0,,201.0,185.5,188.69230769230768,33.595634637057636,31.28669274399489,12.30769230769232,-3.192307692307679,0.06522625356706091,201.0,1.0,0
SKU002,2025-12-22,7,272.0,7,1,1,1,Year End Sale,12,4,2025,52,6.432490598706546e-16,1.0,-2.4492935982947064e-16,1.0,Home Decor,Clock,3577.63,4664.22,272.0,182.0,247.0,170.0,195.0,170.0,,218.0,196.5,197.84615384615384,49.200271001963664,43.693739335777344,20.15384615384616,-1.3461538461538396,0.10186625194401255,218.0,1.0,1
SKU002,2025-12-29,7,236.0,3,0,1,0,Year End Sale,12,4,2025,1,0.12053668025532305,0.992708874098054,-2.4492935982947064e-16,1.0,Home Decor,Clock,3577.63,4664.22,272.0,272.0,171.0,138.0,209.0,180.0,,224.25,209.25,203.76923076923077,55.319526389874305,49.36959735360561,20.480769230769226,5.480769230769226,0.10050962627406568,224.25,0.42857142857142855,0
SKU002,2026-01-05,7,189.0,0,0,0,0,No Promotion,1,1,2026,2,0.23931566428755774,0.970941817426052,0.49999999999999994,0.8660254037844387,Home Decor,Clock,3577.63,4664.22,236.0,272.0,182.0,188.0,234.0,174.0,,240.5,221.5,205.84615384615384,42.532340636273474,40.53217416888888,34.65384615384616,15.65384615384616,0.1683482810164425,0.0,0.0,0
SKU002,2026-01-12,7,218.0,0,0,0,0,No Promotion,1,1,2026,3,0.3546048870425356,0.9350162426854148,0.49999999999999994,0.8660254037844387,Home Decor,Clock,3577.63,4664.22,189.0,236.0,272.0,204.0,178.0,194.0,,242.25,221.625,202.3846153846154,39.34780807109845,40.41547617294289,39.86538461538461,19.240384615384613,0.19697833523375152,0.0,0.0,0
SKU002,2026-01-19,7,201.0,0,0,0,0,No Promotion,1,1,2026,4,0.4647231720437685,0.8854560256532099,0.49999999999999994,0.8660254037844387,Home Decor,Clock,3577.63,4664.22,218.0,189.0,272.0,247.0,184.0,196.0,,228.75,223.375,205.46153846153845,34.73110997362451,39.84232315372328,23.288461538461547,17.913461538461547,0.11334706102583314,0.0,0.0,0
SKU002,2026-01-26,7,184.0,0,1,0,1,No Promotion,1,1,2026,5,0.5680647467311558,0.8229838658936564,0.49999999999999994,0.8660254037844387,Home Decor,Clock,3577.63,4664.22,201.0,218.0,236.0,171.0,170.0,207.0,202.0,211.0,217.625,206.76923076923077,20.477630071210235,39.26080379062194,4.230769230769226,10.855769230769226,0.020461309523809534,0.0,0.0,0
SKU002,2026-02-02,7,174.0,0,0,0,0,No Promotion,2,1,2026,6,0.6631226582407952,0.7485107481711011,0.8660254037844386,0.5000000000000001,Home Decor,Clock,3577.63,4664.22,184.0,201.0,189.0,182.0,138.0,185.0,167.0,198.0,219.25,207.84615384615384,15.121728296285012,37.27408138180125,-9.84615384615384,11.40384615384616,-0.04737231680236853,0.0,0.0,0
SKU002,2026-02-09,7,160.0,0,0,0,0,No Promotion,2,1,2026,7,0.7485107481711011,0.6631226582407953,0.8660254037844386,0.5000000000000001,Home Decor,Clock,3577.63,4664.22,174.0,184.0,218.0,272.0,188.0,206.0,167.0,194.25,218.25,210.6153846153846,19.36276495407272,38.50324661635691,-16.365384615384613,7.634615384615387,-0.07770270270270274,0.0,0.0,0
SKU002,2026-02-16,7,193.0,0,0,0,0,No Promotion,2,1,2026,8,0.8229838658936564,0.5680647467311559,0.8660254037844386,0.5000000000000001,Home Decor,Clock,3577.63,4664.22,160.0,174.0,201.0,272.0,204.0,214.0,180.0,179.75,204.25,208.46153846153845,17.250603854165036,36.47601951967895,-28.711538461538453,-4.211538461538453,-0.13773062730627306,0.0,0.0,0
SKU002,2026-02-23,7,194.0,0,0,0,0,No Promotion,2,1,2026,9,0.8854560256532099,0.4647231720437686,0.8660254037844386,0.5000000000000001,Home Decor,Clock,3577.63,4664.22,193.0,160.0,184.0,236.0,247.0,211.0,143.0,177.75,194.375,207.6153846153846,14.150971698084915,24.112459731137225,-29.865384615384613,-13.240384615384613,-0.1438495739162653,0.0,0.0,0
SKU002,2026-03-02,7,173.0,0,0,0,0,No Promotion,3,1,2026,10,0.9350162426854148,0.35460488704253557,1.0,6.123233995736766e-17,Home Decor,Clock,3577.63,4664.22,194.0,193.0,174.0,189.0,171.0,148.0,135.0,180.25,189.125,203.53846153846155,16.33758448078133,17.389960157680473,-23.288461538461547,-14.413461538461547,-0.11441798941798942,0.0,0.0,0
SKU002,2026-03-09,7,230.0,1,0,1,0,Spring Sale,3,1,2026,11,0.970941817426052,0.23931566428755804,1.0,6.123233995736766e-17,Home Decor,Clock,3577.63,4664.22,173.0,194.0,160.0,218.0,182.0,159.0,173.0,180.0,187.125,203.69230769230768,16.472198800807792,18.302517391253662,-23.69230769230768,-16.56730769230768,-0.11631419939577037,180.0,0.14285714285714285,0
SKU002,2026-03-16,7,254.0,7,0,1,0,Spring Sale,3,1,2026,12,0.992708874098054,0.120536680255323,1.0,6.123233995736766e-17,Home Decor,Clock,3577.63,4664.22,230.0,173.0,193.0,201.0,272.0,153.0,197.0,197.5,188.625,207.3846153846154,23.727621035409353,21.42053420702401,-9.884615384615387,-18.759615384615387,-0.047663204747774524,197.5,1.0,0
SKU002,2026-03-23,7,190.0,3,0,1,0,Spring Sale,3,1,2026,13,1.0,-1.6081226496766366e-16,1.0,6.123233995736766e-17,Home Decor,Clock,3577.63,4664.22,254.0,230.0,194.0,184.0,272.0,195.0,227.0,212.75,195.25,206.0,36.19737559547654,31.580961715203397,6.75,-10.75,0.03276699029126218,212.75,0.42857142857142855,0
SKU002,2026-03-30,7,170.0,0,0,0,0,No Promotion,3,1,2026,14,0.992708874098054,-0.12053668025532288,1.0,6.123233995736766e-17,Home Decor,Clock,3577.63,4664.22,190.0,254.0,173.0,174.0,236.0,209.0,153.0,211.75,196.0,199.69230769230768,36.93575503492517,31.34599541522694,12.05769230769232,-3.692307692307679,0.060381355932203506,0.0,0.0,0
SKU002,2026-04-06,7,162.0,0,0,0,0,No Promotion,4,2,2026,15,0.9709418174260521,-0.2393156642875575,0.8660254037844387,-0.4999999999999998,Home Decor,Clock,3577.63,4664.22,170.0,190.0,230.0,160.0,189.0,234.0,202.0,211.0,195.5,194.6153846153846,38.00000000000001,31.776001726370257,16.384615384615387,0.8846153846153868,0.08418972332015806,0.0,0.0,0
SKU002,2026-04-13,7,202.0,0,0,0,0,No Promotion,4,2,2026,16,0.9350162426854148,-0.35460488704253545,0.8660254037844387,-0.4999999999999998,Home Decor,Clock,3577.63,4664.22,162.0,170.0,254.0,193.0,218.0,178.0,165.0,194.0,195.75,192.53846153846155,41.697322056298376,31.463130350118874,1.4615384615384528,3.211538461538453,0.007590890930882832,0.0,0.0,0
SKU002,2026-04-20,7,176.0,0,0,0,0,No Promotion,4,2,2026,17,0.8854560256532099,-0.4647231720437685,0.8660254037844387,-0.4999999999999998,Home Decor,Clock,3577.63,4664.22,202.0,162.0,190.0,194.0,201.0,184.0,142.0,181.0,196.875,191.30769230769232,18.29389697868301,31.511619172253635,-10.30769230769232,5.567307692307679,-0.053880176919984035,0.0,0.0,0
SKU002,2026-04-27,7,172.0,0,0,0,0,No Promotion,4,2,2026,18,0.8229838658936565,-0.5680647467311557,0.8660254037844387,-0.4999999999999998,Home Decor,Clock,3577.63,4664.22,176.0,202.0,170.0,173.0,184.0,170.0,169.0,177.5,194.625,189.3846153846154,17.310882896798397,32.37696491555157,-11.884615384615387,5.240384615384613,-0.06275385865150285,0.0,0.0,0
SKU002,2026-05-04,7,172.0,0,0,0,0,No Promotion,5,2,2026,19,0.7485107481711013,-0.663122658240795,0.49999999999999994,-0.8660254037844387,Home Decor,Clock,3577.63,4664.22,172.0,176.0,162.0,230.0,174.0,138.0,167.0,178.0,194.5,188.46153846153845,17.048949136725913,32.474165556199104,-10.461538461538453,6.038461538461547,-0.05551020408163265,0.0,0.0,0
SKU002,2026-05-11,7,193.0,0,0,0,0,No Promotion,5,2,2026,20,0.6631226582407952,-0.7485107481711012,0.49999999999999994,-0.8660254037844387,Home Decor,Clock,3577.63,4664.22,172.0,172.0,202.0,254.0,160.0,188.0,173.0,180.5,187.25,188.30769230769232,14.45683229480098,29.77894750130894,-7.807692307692321,-1.0576923076923208,-0.04146241830065367,0.0,0.0,0
SKU002,2026-05-18,7,193.0,0,0,0,0,No Promotion,5,2,2026,21,0.5680647467311558,-0.8229838658936564,0.49999999999999994,-0.8660254037844387,Home Decor,Clock,3577.63,4664.22,193.0,172.0,176.0,190.0,193.0,204.0,119.0,178.25,179.625,190.84615384615384,10.012492197250422,13.731481035510013,-12.59615384615384,-11.22115384615384,-0.06600161225312373,0.0,0.0,0
SKU002,2026-05-25,7,224.0,0,0,0,0,No Promotion,5,2,2026,22,0.46472317204376906,-0.8854560256532096,0.49999999999999994,-0.8660254037844387,Home Decor,Clock,3577.63,4664.22,193.0,193.0,172.0,170.0,194.0,247.0,174.0,182.5,180.0,190.84615384615384,12.124355652982166,14.09153748075164,-8.34615384615384,-10.84615384615384,-0.04373236598145902,0.0,0.0,0
SKU002,2026-06-01,7,183.0,0,0,0,0,No Promotion,6,2,2026,23,0.35460488704253584,-0.9350162426854147,1.2246467991473532e-16,-1.0,Home Decor,Clock,3577.63,4664.22,224.0,193.0,172.0,162.0,173.0,171.0,172.0,195.5,186.75,193.15384615384616,21.424285285628564,20.218449848732572,2.3461538461538396,-6.40384615384616,0.012146555157307892,0.0,0.0,0
SKU002,2026-06-08,7,285.0,5,0,1,0,Summer Sale,6,2,2026,24,0.23931566428755768,-0.970941817426052,1.2246467991473532e-16,-1.0,Home Decor,Clock,3577.63,4664.22,183.0,224.0,193.0,202.0,230.0,182.0,249.0,198.25,189.375,193.92307692307693,17.802153427792586,17.759806144373144,4.326923076923066,-4.548076923076934,0.022312574375247918,198.25,0.7142857142857143,0
SKU002,2026-06-15,7,259.0,6,0,1,0,Summer Sale,6,2,2026,25,0.12053668025532308,-0.992708874098054,1.2246467991473532e-16,-1.0,Home Decor,Clock,3577.63,4664.22,285.0,183.0,193.0,176.0,254.0,272.0,224.0,221.25,199.75,198.15384615384616,45.944713152512634,38.417815807624606,23.09615384615384,1.5961538461538396,0.11655667701863348,221.25,0.8571428571428571,0
SKU002,2026-06-22,7,205.0,0,0,0,0,No Promotion,6,2,2026,26,-3.216245299353273e-16,-1.0,1.2246467991473532e-16,-1.0,Home Decor,Clock,3577.63,4664.22,259.0,285.0,224.0,172.0,190.0,272.0,170.0,237.75,210.125,198.53846153846155,44.237050835997955,42.11697146892551,39.21153846153845,11.586538461538453,0.1975009686168152,0.0,0.0,0
SKU003,2025-01-06,7,104.0,3,0,1,0,New Year Sale,1,1,2025,2,0.23931566428755774,0.970941817426052,0.49999999999999994,0.8660254037844387,Small Appliances,Toaster,3877.36,7387.17,,,,,,,,,,,,,,,,,0.42857142857142855,0
SKU003,2025-01-13,7,99.0,3,0,1,0,New Year Sale,1,1,2025,3,0.3546048870425356,0.9350162426854148,0.49999999999999994,0.8660254037844387,Small Appliances,Toaster,3877.36,7387.17,104.0,,,,,,,,,,,,,,,,0.42857142857142855,0
SKU003,2025-01-20,7,94.0,0,1,0,1,No Promotion,1,1,2025,4,0.4647231720437685,0.8854560256532099,0.49999999999999994,0.8660254037844387,Small Appliances,Toaster,3877.36,7387.17,99.0,104.0,,,,,,,,,,,,,,,0.0,0
SKU003,2025-01-27,7,65.0,0,0,0,0,No Promotion,1,1,2025,5,0.5680647467311558,0.8229838658936564,0.49999999999999994,0.8660254037844387,Small Appliances,Toaster,3877.36,7387.17,94.0,99.0,,,,,,,,,,,,,,,0.0,0
SKU003,2025-02-03,7,61.0,0,0,0,0,No Promotion,2,1,2025,6,0.6631226582407952,0.7485107481711011,0.8660254037844386,0.5000000000000001,Small Appliances,Toaster,3877.36,7387.17,65.0,94.0,104.0,,,,,90.5,,,17.483325389257807,,,,,0.0,0.0,0
SKU003,2025-02-10,7,79.0,0,0,0,0,No Promotion,2,1,2025,7,0.7485107481711011,0.6631226582407953,0.8660254037844386,0.5000000000000001,Small Appliances,Toaster,3877.36,7387.17,61.0,65.0,99.0,,,,,79.75,,,19.517086531208154,,,,,0.0,0.0,0
SKU003,2025-02-17,7,76.0,0,0,0,0,No Promotion,2,1,2025,8,0.8229838658936564,0.5680647467311559,0.8660254037844386,0.5000000000000001,Small Appliances,Toaster,3877.36,7387.17,79.0,61.0,94.0,,,,,74.75,,,14.974979131871937,,,,,0.0,0.0,0
SKU003,2025-02-24,7,84.0,0,0,0,0,No Promotion,2,1,2025,9,0.8854560256532099,0.4647231720437686,0.8660254037844386,0.5000000000000001,Small Appliances,Toaster,3877.36,7387.17,76.0,79.0,65.0,,,,,70.25,,,8.61684396980704,,,,,0.0,0.0,0
SKU003,2025-03-03,7,69.0,0,0,0,0,No Promotion,3,1,2025,10,0.9350162426854148,0.35460488704253557,1.0,6.123233995736766e-17,Small Appliances,Toaster,3877.36,7387.17,84.0,76.0,61.0,104.0,,,,75.0,82.75,,9.899494936611662,15.544865941617415,,,,0.0,0.0,0
SKU003,2025-03-10,7,65.0,0,0,0,0,No Promotion,3,1,2025,11,0.970941817426052,0.23931566428755804,1.0,6.123233995736766e-17,Small Appliances,Toaster,3877.36,7387.17,69.0,84.0,79.0,99.0,,,,77.0,78.375,,6.271629240742255,13.500661359461509,,,,0.0,0.0,0
SKU003,2025-03-17,7,110.0,4,0,1,0,Spring Sale,3,1,2025,12,0.992708874098054,0.120536680255323,1.0,6.123233995736766e-17,Small Appliances,Toaster,3877.36,7387.17,65.0,69.0,76.0,94.0,,,,73.5,74.125,,8.346656017032604,11.243251944420448,,,,73.5,0.5714285714285714,0
SKU003,2025-03-24,7,90.0,4,0,1,0,Spring Sale,3,1,2025,13,1.0,-1.6081226496766366e-16,1.0,6.123233995736766e-17,Small Appliances,Toaster,3877.36,7387.17,110.0,65.0,84.0,65.0,,,,82.0,76.125,,20.37972849017703,15.788218935106553,,,,82.0,0.5714285714285714,0
SKU003,2025-03-31,7,67.0,0,0,0,0,No Promotion,3,1,2025,14,0.992708874098054,-0.12053668025532288,1.0,6.123233995736766e-17,Small Appliances,Toaster,3877.36,7387.17,90.0,110.0,69.0,61.0,,,,83.5,79.25,,20.792626898334255,15.745747725293054,,,,0.0,0.0,0
SKU003,2025-04-07,7,80.0,0,0,0,0,No Promotion,4,2,2025,15,0.9709418174260521,-0.2393156642875575,0.8660254037844387,-0.4999999999999998,Small Appliances,Toaster,3877.36,7387.17,67.0,90.0,65.0,79.0,104.0,,,83.0,80.0,81.76923076923077,21.27596452964393,14.87087277676926,1.2307692307692264,-1.7692307692307736,0.015051740357478804,0.0,0.0,0
SKU003,2025-04-14,7,64.0,0,0,0,0,No Promotion,4,2,2025,16,0.9350162426854148,-0.35460488704253545,0.8660254037844387,-0.4999999999999998,Small Appliances,Toaster,3877.36,7387.17,80.0,67.0,110.0,76.0,99.0,,,86.75,80.125,79.92307692307692,18.13605984404183,14.865468134476721,6.82692307692308,0.2019230769230802,0.08541867179980756,0.0,0.0,0
SKU003,2025-04-21,7,73.0,0,0,0,0,No Promotion,4,2,2025,17,0.8854560256532099,-0.4647231720437685,0.8660254037844387,-0.4999999999999998,Small Appliances,Toaster,3877.36,7387.17,64.0,80.0,90.0,84.0,94.0,,,75.25,78.625,77.23076923076923,12.038133853162899,15.909902576697318,-1.9807692307692264,1.3942307692307736,-0.02564741035856566,0.0,0.0,0
SKU003,2025-04-28,7,85.0,0,0,0,0,No Promotion,4,2,2025,18,0.8229838658936565,-0.5680647467311557,0.8660254037844387,-0.4999999999999998,Small Appliances,Toaster,3877.36,7387.17,73.0,64.0,67.0,69.0,65.0,,,71.0,77.25,75.61538461538461,7.0710678118654675,15.854246839794783,-4.615384615384613,1.6346153846153868,-0.061037639877924654,0.0,0.0,0
SKU003,2025-05-05,7,71.0,0,0,0,0,No Promotion,5,2,2025,19,0.7485107481711013,-0.663122658240795,0.49999999999999994,-0.8660254037844387,Small Appliances,Toaster,3877.36,7387.17,85.0,73.0,80.0,65.0,61.0,,,75.5,79.25,77.15384615384616,9.110433579144294,15.67299770761347,-1.6538461538461604,2.0961538461538396,-0.02143569292123637,0.0,0.0,0
SKU003,2025-05-12,7,75.0,0,0,0,0,No Promotion,5,2,2025,20,0.6631226582407952,-0.7485107481711012,0.49999999999999994,-0.8660254037844387,Small Appliances,Toaster,3877.36,7387.17,71.0,85.0,64.0,110.0,79.0,,,73.25,80.0,77.92307692307692,8.732124598286486,15.023790657297036,-4.67307692307692,2.07692307692308,-0.05997038499506413,0.0,0.0,0
SKU003,2025-05-19,7,85.0,0,0,0,0,No Promotion,5,2,2025,21,0.5680647467311558,-0.8229838658936564,0.49999999999999994,-0.8660254037844387,Small Appliances,Toaster,3877.36,7387.17,75.0,71.0,73.0,90.0,76.0,,,76.0,75.625,77.61538461538461,6.218252702059204,8.87914892961514,-1.6153846153846132,-1.9903846153846132,-0.020812685827552024,0.0,0.0,0
SKU003,2025-05-26,7,60.0,0,0,0,0,No Promotion,5,2,2025,22,0.46472317204376906,-0.8854560256532096,0.49999999999999994,-0.8660254037844387,Small Appliances,Toaster,3877.36,7387.17,85.0,75.0,85.0,67.0,84.0,,,79.0,75.0,78.3076923076923,7.118052168020869,7.837638128197256,0.6923076923076934,-3.3076923076923066,0.008840864440078589,0.0,0.0,0
SKU003,2025-06-02,7,82.0,0,0,0,0,No Promotion,6,2,2025,23,0.35460488704253584,-0.9350162426854147,1.2246467991473532e-16,-1.0,Small Appliances,Toaster,3877.36,7387.17,60.0,85.0,71.0,80.0,69.0,,,72.75,74.125,76.46153846153847,10.340051579497395,9.140764269390791,-3.711538461538467,-2.336538461538467,-0.04854124748490951,0.0,0.0,0
SKU003,2025-06-09,7,116.0,6,0,1,0,Summer Sale,6,2,2025,24,0.23931566428755768,-0.970941817426052,1.2246467991473532e-16,-1.0,Small Appliances,Toaster,3877.36,7387.17,82.0,60.0,75.0,64.0,65.0,,,75.5,74.375,77.46153846153847,11.150485789118484,9.349369726656136,-1.961538461538467,-3.086538461538467,-0.02532274081429997,75.5,0.8571428571428571,0
SKU003,2025-06-16,7,89.0,5,0,1,0,Summer Sale,6,2,2025,25,0.12053668025532308,-0.992708874098054,1.2246467991473532e-16,-1.0,Small Appliances,Toaster,3877.36,7387.17,116.0,82.0,85.0,73.0,110.0,,,85.75,80.875,81.38461538461539,23.0416289933387,16.47021120516847,4.365384615384613,-0.5096153846153868,0.053638941398865825,85.75,0.7142857142857143,0
SKU003,2025-06-23,7,76.0,0,0,0,0,No Promotion,6,2,2025,26,-3.216245299353273e-16,-1.0,1.2246467991473532e-16,-1.0,Small Appliances,Toaster,3877.36,7387.17,89.0,116.0,60.0,85.0,90.0,,,86.75,82.875,79.76923076923077,23.084987907007157,16.348328879211387,6.980769230769226,3.1057692307692264,0.08751205400192852,0.0,0.0,0
SKU003,2025-06-30,7,91.0,0,0,0,0,No Promotion,6,2,2025,27,-0.12053668025532283,-0.992708874098054,1.2246467991473532e-16,-1.0,Small Appliances,Toaster,3877.36,7387.17,76.0,89.0,82.0,71.0,67.0,,,90.75,81.75,78.6923076923077,17.65172323976708,16.490256863632275,12.057692307692307,3.0576923076923066,0.153225806451613,0.0,0.0,0
SKU003,2025-07-07,7,98.0,0,0,0,0,No Promotion,7,3,2025,28,-0.23931566428755743,-0.9709418174260521,-0.4999999999999997,-0.8660254037844388,Small Appliances,Toaster,3877.36,7387.17,91.0,76.0,116.0,75.0,80.0,104.0,,93.0,84.25,80.53846153846153,16.713268182295565,16.14001239156897,12.461538461538467,3.711538461538467,0.1547277936962752,0.0,0.0,0
SKU003,2025-07-14,7,72.0,0,0,0,0,No Promotion,7,3,2025,29,-0.3546048870425356,-0.9350162426854148,-0.4999999999999997,-0.8660254037844388,Small Appliances,Toaster,3877.36,7387.17,98.0,91.0,89.0,85.0,64.0,99.0,,88.5,87.125,81.92307692307692,9.183318209303934,16.304578673313998,6.57692307692308,5.20192307692308,0.08028169014084519,0.0,0.0,0
SKU003,2025-07-21,7,74.0,0,0,0,0,No Promotion,7,3,2025,30,-0.46472317204376806,-0.8854560256532101,-0.4999999999999997,-0.8660254037844388,Small Appliances,Toaster,3877.36,7387.17,72.0,98.0,76.0,60.0,73.0,94.0,,84.25,85.5,82.53846153846153,12.284814474246916,17.17140480150482,1.711538461538467,2.961538461538467,0.02073625349487429,0.0,0.0,0
SKU003,2025-07-28,7,74.0,0,0,0,0,No Promotion,7,3,2025,31,-0.5680647467311556,-0.8229838658936566,-0.4999999999999997,-0.8660254037844388,Small Appliances,Toaster,3877.36,7387.17,74.0,72.0,91.0,82.0,85.0,65.0,,83.75,87.25,82.61538461538461,12.763881332363857,14.74303709746207,1.1346153846153868,4.634615384615387,0.013733705772811966,0.0,0.0,0
SKU003,2025-08-04,7,75.0,0,0,0,0,No Promotion,8,3,2025,32,-0.663122658240795,-0.7485107481711013,-0.8660254037844385,-0.5000000000000004,Small Appliances,Toaster,3877.36,7387.17,74.0,74.0,98.0,116.0,71.0,61.0,,79.5,86.25,81.76923076923077,12.369316876852976,15.406399412489046,-2.2692307692307736,4.480769230769226,-0.02775164628410165,0.0,0.0,0
SKU003,2025-08-11,7,83.0,0,1,0,1,No Promotion,8,3,2025,33,-0.7485107481711011,-0.6631226582407952,-0.8660254037844385,-0.5000000000000004,Small Appliances,Toaster,3877.36,7387.17,75.0,74.0,72.0,89.0,75.0,79.0,,73.75,81.125,82.07692307692308,1.2583057392117196,9.9489769754052,-8.32692307692308,-0.9519230769230802,-0.10145267104029998,0.0,0.0,0
SKU003,2025-08-18,7,88.0,0,0,0,0,No Promotion,8,3,2025,34,-0.8229838658936564,-0.5680647467311559,-0.8660254037844385,-0.5000000000000004,Small Appliances,Toaster,3877.36,7387.17,83.0,75.0,74.0,76.0,85.0,76.0,,76.5,80.375,82.6923076923077,4.358898943540654,9.485891779750748,-6.192307692307693,-2.3173076923076934,-0.07488372093023254,0.0,0.0,0
SKU003,2025-08-25,7,86.0,0,0,0,0,No Promotion,8,3,2025,35,-0.8854560256532096,-0.4647231720437691,-0.8660254037844385,-0.5000000000000004,Small Appliances,Toaster,3877.36,7387.17,88.0,83.0,74.0,91.0,60.0,84.0,,80.0,81.875,82.92307692307692,6.683312551921129,9.642724866817616,-2.92307692307692,-1.0480769230769198,-0.03525046382189234,0.0,0.0,0
SKU003,2025-09-01,7,65.0,0,0,0,0,No Promotion,9,3,2025,36,-0.9350162426854147,-0.3546048870425359,-1.0,-1.8369701987210297e-16,Small Appliances,Toaster,3877.36,7387.17,86.0,88.0,75.0,98.0,82.0,69.0,,83.0,81.25,84.92307692307692,5.715476066494069,9.114352888243276,-1.9230769230769198,-3.67307692307692,-0.022644927536231818,0.0,0.0,0
SKU003,2025-09-08,7,67.0,0,0,0,0,No Promotion,9,3,2025,37,-0.970941817426052,-0.23931566428755774,-1.0,-1.8369701987210297e-16,Small Appliances,Toaster,3877.36,7387.17,65.0,86.0,83.0,72.0,116.0,65.0,,80.5,77.125,83.61538461538461,10.535653752852733,7.8273786891179045,-3.115384615384613,-6.490384615384613,-0.03725850965961364,0.0,0.0,0
SKU003,2025-09-15,7,88.0,0,0,0,0,No Promotion,9,3,2025,38,-0.992708874098054,-0.12053668025532357,-1.0,-1.8369701987210297e-16,Small Appliances,Toaster,3877.36,7387.17,67.0,65.0,88.0,74.0,89.0,110.0,,76.5,76.5,79.84615384615384,12.179217270963402,8.468428763016531,-3.3461538461538396,-3.3461538461538396,-0.041907514450866934,0.0,0.0,0
SKU003,2025-09-22,7,71.0,0,0,0,0,No Promotion,9,3,2025,39,-1.0,-1.8369701987210297e-16,-1.0,-1.8369701987210297e-16,Small Appliances,Toaster,3877.36,7387.17,88.0,67.0,86.0,74.0,76.0,90.0,,76.5,78.25,79.76923076923077,12.179217270963402,9.285164818907939,-3.2692307692307736,-1.5192307692307736,-0.040983606557377095,0.0,0.0,0
SKU003,2025-09-29,7,101.0,5,1,1,1,Festive Sale,9,3,2025,40,-0.992708874098054,0.1205366802553232,-1.0,-1.8369701987210297e-16,Small Appliances,Toaster,3877.36,7387.17,71.0,88.0,65.0,75.0,91.0,67.0,,72.75,77.875,79.38461538461539,10.468205831628131,9.538455999643906,-6.634615384615387,-1.5096153846153868,-0.08357558139534882,72.75,0.7142857142857143,1
SKU003,2025-10-06,7,87.0,5,0,1,0,Festive Sale,10,4,2025,41,-0.9709418174260521,0.23931566428755738,-0.8660254037844386,0.5000000000000001,Small Appliances,Toaster,3877.36,7387.17,101.0,71.0,67.0,83.0,98.0,80.0,,81.75,81.125,80.15384615384616,15.734781006843827,12.414709017935134,1.5961538461538396,0.9711538461538396,0.019913627639155385,81.75,0.7142857142857143,0
SKU003,2025-10-13,7,72.0,0,0,0,0,No Promotion,10,4,2025,42,-0.9350162426854148,0.35460488704253557,-0.8660254037844386,0.5000000000000001,Small Appliances,Toaster,3877.36,7387.17,87.0,101.0,88.0,88.0,72.0,64.0,,86.75,81.625,79.3076923076923,12.284814474246916,12.580455363096245,7.442307692307693,2.3173076923076934,0.0938409311348205,0.0,0.0,0
SKU003,2025-10-20,7,70.0,0,0,0,0,No Promotion,10,4,2025,43,-0.8854560256532101,0.464723172043768,-0.8660254037844386,0.5000000000000001,Small Appliances,Toaster,3877.36,7387.17,72.0,87.0,71.0,86.0,74.0,73.0,,82.75,79.625,79.3076923076923,14.198004554631373,12.6935022747861,3.4423076923076934,0.3173076923076934,0.04340446168768186,0.0,0.0,0
SKU003,2025-10-27,7,78.0,0,1,0,1,No Promotion,10,4,2025,44,-0.822983865893657,0.5680647467311548,-0.8660254037844386,0.5000000000000001,Small Appliances,Toaster,3877.36,7387.17,70.0,72.0,101.0,65.0,74.0,85.0,,82.5,77.625,79.0,14.47987108598231,12.805551251591737,3.5,-1.375,0.044303797468354444,0.0,0.0,0
SKU003,2025-11-03,7,74.0,0,0,0,0,No Promotion,11,4,2025,45,-0.7485107481711011,0.6631226582407952,-0.5000000000000004,0.8660254037844384,Small Appliances,Toaster,3877.36,7387.17,78.0,70.0,87.0,67.0,75.0,71.0,,76.75,79.25,79.3076923076923,7.632168761236865,11.756457192295882,-2.5576923076923066,-0.0576923076923066,-0.032250242483026215,0.0,0.0,0
SKU003,2025-11-10,7,71.0,0,0,0,0,No Promotion,11,4,2025,46,-0.6631226582407955,0.7485107481711007,-0.5000000000000004,0.8660254037844384,Small Appliances,Toaster,3877.36,7387.17,74.0,78.0,72.0,88.0,83.0,75.0,,73.5,80.125,79.23076923076923,3.415650255319844,10.947113122384621,-5.730769230769226,0.8942307692307736,-0.07233009708737859,0.0,0.0,0
SKU003,2025-11-17,7,92.0,4,0,1,0,Black Friday,11,4,2025,47,-0.5680647467311559,0.8229838658936564,-0.5000000000000004,0.8660254037844384,Small Appliances,Toaster,3877.36,7387.17,71.0,74.0,70.0,71.0,88.0,85.0,,73.25,78.0,78.3076923076923,3.5939764421412828,10.849621454884295,-5.057692307692307,-0.3076923076923066,-0.06458742632612968,73.25,0.5714285714285714,0
SKU003,2025-11-24,7,106.0,7,0,1,0,Black Friday,11,4,2025,48,-0.4647231720437684,0.88545602565321,-0.5000000000000004,0.8660254037844384,Small Appliances,Toaster,3877.36,7387.17,92.0,71.0,78.0,101.0,86.0,60.0,,78.75,80.625,78.61538461538461,9.287087810503348,11.438500151430938,0.1346153846153868,2.009615384615387,0.001712328767123239,78.75,1.0,0
SKU003,2025-12-01,7,82.0,0,0,0,0,No Promotion,12,4,2025,49,-0.35460488704253595,0.9350162426854147,-2.4492935982947064e-16,1.0,Small Appliances,Toaster,3877.36,7387.17,106.0,92.0,74.0,87.0,65.0,82.0,,85.75,81.25,80.15384615384616,16.378339354159195,12.769942387161676,5.59615384615384,1.0961538461538396,0.06981765834932818,0.0,0.0,0
SKU003,2025-12-08,7,75.0,0,0,0,0,No Promotion,12,4,2025,50,-0.2393156642875578,0.970941817426052,-2.4492935982947064e-16,1.0,Small Appliances,Toaster,3877.36,7387.17,82.0,106.0,71.0,72.0,67.0,116.0,,87.75,80.625,81.46153846153847,14.885675440951047,12.569094750901623,6.288461538461533,-0.836538461538467,0.07719546742209626,0.0,0.0,0
SKU003,2025-12-15,7,105.0,7,0,1,0,Year End Sale,12,4,2025,51,-0.12053668025532363,0.992708874098054,-2.4492935982947064e-16,1.0,Small Appliances,Toaster,3877.36,7387.17,75.0,82.0,92.0,70.0,88.0,89.0,,88.75,81.0,82.07692307692308,13.450526631573446,12.317235311314207,6.67307692307692,-1.0769230769230802,0.08130271790065602,88.75,1.0,0
SKU003,2025-12-22,7,117.0,7,1,1,1,Year End Sale,12,4,2025,52,6.432490598706546e-16,1.0,-2.4492935982947064e-16,1.0,Small Appliances,Toaster,3877.36,7387.17,105.0,75.0,106.0,78.0,71.0,76.0,,92.0,85.375,83.38461538461539,15.85349593412548,13.958484363077734,8.615384615384613,1.9903846153846132,0.10332103321033204,92.0,1.0,1
SKU003,2025-12-29,7,83.0,3,0,1,0,Year End Sale,12,4,2025,1,0.12053668025532305,0.992708874098054,-2.4492935982947064e-16,1.0,Small Appliances,Toaster,3877.36,7387.17,117.0,105.0,82.0,74.0,101.0,91.0,,94.75,90.25,86.92307692307692,19.602295783912655,17.400738900567244,7.82692307692308,3.32692307692308,0.09004424778761067,94.75,0.42857142857142855,0
SKU003,2026-01-05,7,68.0,0,0,0,0,No Promotion,1,1,2026,2,0.23931566428755774,0.970941817426052,0.49999999999999994,0.8660254037844387,Small Appliances,Toaster,3877.36,7387.17,83.0,117.0,75.0,71.0,87.0,98.0,104.0,95.0,91.375,85.53846153846153,19.39071942966531,16.46587380007511,9.461538461538467,5.836538461538467,0.110611510791367,0.0,0.0,0
SKU003,2026-01-12,7,81.0,0,0,0,0,No Promotion,1,1,2026,3,0.3546048870425356,0.9350162426854148,0.49999999999999994,0.8660254037844387,Small Appliances,Toaster,3877.36,7387.17,68.0,83.0,105.0,92.0,72.0,72.0,99.0,93.25,91.0,84.07692307692308,21.94500702513748,17.020995438407404,9.17307692307692,6.92307692307692,0.10910338517840801,0.0,0.0,0
SKU003,2026-01-19,7,82.0,0,0,0,0,No Promotion,1,1,2026,4,0.4647231720437685,0.8854560256532099,0.49999999999999994,0.8660254037844387,Small Appliances,Toaster,3877.36,7387.17,81.0,68.0,117.0,106.0,70.0,74.0,94.0,87.25,89.625,84.76923076923077,20.918492616183727,17.369410714570268,2.4807692307692264,4.855769230769226,0.029264972776769538,0.0,0.0,0
SKU003,2026-01-26,7,83.0,0,1,0,1,No Promotion,1,1,2026,5,0.5680647467311558,0.8229838658936564,0.49999999999999994,0.8660254037844387,Small Appliances,Toaster,3877.36,7387.17,82.0,81.0,83.0,82.0,78.0,74.0,65.0,78.5,86.625,85.6923076923077,7.047458170621972,16.168200712686435,-7.192307692307693,0.9326923076923066,-0.08393177737881508,0.0,0.0,0
SKU003,2026-02-02,7,84.0,0,0,0,0,No Promotion,2,1,2026,6,0.6631226582407952,0.7485107481711011,0.8660254037844386,0.5000000000000001,Small Appliances,Toaster,3877.36,7387.17,83.0,82.0,68.0,75.0,74.0,75.0,61.0,78.5,86.75,86.07692307692308,7.047458170621972,16.13115884598145,-7.57692307692308,0.6730769230769198,-0.08802502234137621,0.0,0.0,0
SKU003,2026-02-09,7,77.0,0,0,0,0,No Promotion,2,1,2026,7,0.7485107481711011,0.6631226582407953,0.8660254037844386,0.5000000000000001,Small Appliances,Toaster,3877.36,7387.17,84.0,83.0,81.0,105.0,71.0,83.0,79.0,82.5,87.875,86.84615384615384,1.2909944487356992,15.495967217311732,-4.34615384615384,1.0288461538461604,-0.05004428697962793,0.0,0.0,0
SKU003,2026-02-16,7,78.0,0,0,0,0,No Promotion,2,1,2026,8,0.8229838658936564,0.5680647467311559,0.8660254037844386,0.5000000000000001,Small Appliances,Toaster,3877.36,7387.17,77.0,84.0,82.0,117.0,92.0,88.0,76.0,81.5,84.375,87.3076923076923,3.109126351029561,14.181854603682831,-5.807692307692307,-2.9326923076923066,-0.06651982378854626,0.0,0.0,0
SKU003,2026-02-23,7,91.0,0,0,0,0,No Promotion,2,1,2026,9,0.8854560256532099,0.4647231720437686,0.8660254037844386,0.5000000000000001,Small Appliances,Toaster,3877.36,7387.17,78.0,77.0,83.0,83.0,106.0,86.0,84.0,80.5,79.5,86.23076923076923,3.5118845842842066,5.2644359350537835,-5.730769230769226,-6.730769230769226,-0.06645851917930412,0.0,0.0,0
SKU003,2026-03-02,7,101.0,0,0,0,0,No Promotion,3,1,2026,10,0.9350162426854148,0.35460488704253557,1.0,6.123233995736766e-17,Small Appliances,Toaster,3877.36,7387.17,91.0,78.0,84.0,68.0,82.0,65.0,69.0,82.5,80.5,85.07692307692308,6.454972243679006,6.611677980232068,-2.57692307692308,-4.57692307692308,-0.030289330922242397,0.0,0.0,0
SKU003,2026-03-09,7,82.0,1,0,1,0,Spring Sale,3,1,2026,11,0.970941817426052,0.23931566428755804,1.0,6.123233995736766e-17,Small Appliances,Toaster,3877.36,7387.17,101.0,91.0,77.0,81.0,75.0,67.0,65.0,86.75,84.625,86.53846153846153,11.441882129556587,7.87287386264652,0.211538461538467,-1.913461538461533,0.0024444444444444713,86.75,0.14285714285714285,0
SKU003,2026-03-16,7,110.0,7,0,1,0,Spring Sale,3,1,2026,12,0.992708874098054,0.120536680255323,1.0,6.123233995736766e-17,Small Appliances,Toaster,3877.36,7387.17,82.0,101.0,78.0,82.0,105.0,88.0,110.0,88.0,84.75,87.07692307692308,10.230672835481856,7.814821083775907,0.9230769230769198,-2.32692307692308,0.010600706713780772,88.0,1.0,0
SKU003,2026-03-23,7,79.0,3,0,1,0,Spring Sale,3,1,2026,13,1.0,-1.6081226496766366e-16,1.0,6.123233995736766e-17,Small Appliances,Toaster,3877.36,7387.17,110.0,82.0,91.0,83.0,117.0,71.0,90.0,96.0,88.25,87.46153846153847,12.138094304022072,11.70775079045623,8.538461538461533,0.788461538461533,0.09762532981530336,96.0,0.42857142857142855,0
SKU003,2026-03-30,7,92.0,0,0,0,0,No Promotion,3,1,2026,14,0.992708874098054,-0.12053668025532288,1.0,6.123233995736766e-17,Small Appliances,Toaster,3877.36,7387.17,79.0,110.0,101.0,84.0,83.0,101.0,67.0,93.0,87.75,84.53846153846153,14.944341180973254,12.044560123617154,8.461538461538467,3.211538461538467,0.1000909918107371,0.0,0.0,0
SKU003,2026-04-06,7,86.0,0,0,0,0,No Promotion,4,2,2026,15,0.9709418174260521,-0.2393156642875575,0.8660254037844387,-0.4999999999999998,Small Appliances,Toaster,3877.36,7387.17,92.0,79.0,82.0,77.0,68.0,87.0,80.0,90.75,88.75,85.23076923076923,13.985111130532108,12.020815280171304,5.519230769230774,3.5192307692307736,0.06475631768953072,0.0,0.0,0
SKU003,2026-04-13,7,75.0,0,0,0,0,No Promotion,4,2,2026,16,0.9350162426854148,-0.35460488704253545,0.8660254037844387,-0.4999999999999998,Small Appliances,Toaster,3877.36,7387.17,86.0,92.0,110.0,78.0,81.0,72.0,64.0,91.75,89.875,86.61538461538461,13.275918047351745,11.153955096095473,5.134615384615387,3.259615384615387,0.05928063943161632,0.0,0.0,0
SKU003,2026-04-20,7,76.0,0,0,0,0,No Promotion,4,2,2026,17,0.8854560256532099,-0.4647231720437685,0.8660254037844387,-0.4999999999999998,Small Appliances,Toaster,3877.36,7387.17,75.0,86.0,79.0,91.0,82.0,70.0,73.0,83.0,89.5,86.15384615384616,7.5277265270907945,11.649647450214346,-3.1538461538461604,3.3461538461538396,-0.03660714285714295,0.0,0.0,0
SKU003,2026-04-27,7,83.0,0,0,0,0,No Promotion,4,2,2026,18,0.8229838658936565,-0.5680647467311557,0.8660254037844387,-0.4999999999999998,Small Appliances,Toaster,3877.36,7387.17,76.0,75.0,92.0,101.0,83.0,78.0,85.0,82.25,87.625,85.6923076923077,8.18026079453867,12.54634266572192,-3.4423076923076934,1.9326923076923066,-0.04017055655296231,0.0,0.0,0
SKU003,2026-05-04,7,85.0,0,0,0,0,No Promotion,5,2,2026,19,0.7485107481711013,-0.663122658240795,0.49999999999999994,-0.8660254037844387,Small Appliances,Toaster,3877.36,7387.17,83.0,76.0,86.0,82.0,84.0,74.0,71.0,80.0,85.375,85.6923076923077,5.354126134736315,11.363318177363507,-5.692307692307693,-0.3173076923076934,-0.06642728904847395,0.0,0.0,0
SKU003,2026-05-11,7,77.0,0,0,0,0,No Promotion,5,2,2026,20,0.6631226582407952,-0.7485107481711012,0.49999999999999994,-0.8660254037844387,Small Appliances,Toaster,3877.36,7387.17,85.0,83.0,75.0,110.0,77.0,71.0,75.0,79.75,85.75,85.76923076923077,4.991659710623956,11.285262197093285,-6.019230769230774,-0.019230769230773603,-0.07017937219730952,0.0,0.0,0
SKU003,2026-05-18,7,84.0,0,0,0,0,No Promotion,5,2,2026,21,0.5680647467311558,-0.8229838658936564,0.49999999999999994,-0.8660254037844387,Small Appliances,Toaster,3877.36,7387.17,77.0,85.0,76.0,79.0,78.0,92.0,85.0,80.25,81.625,85.76923076923077,4.425306015783892,5.902481318419028,-5.519230769230774,-4.144230769230774,-0.06434977578475343,0.0,0.0,0
SKU003,2026-05-25,7,72.0,0,0,0,0,No Promotion,5,2,2026,22,0.46472317204376906,-0.8854560256532096,0.49999999999999994,-0.8660254037844387,Small Appliances,Toaster,3877.36,7387.17,84.0,77.0,83.0,92.0,91.0,106.0,60.0,82.25,82.25,86.23076923076923,3.593976442141271,5.849297882163775,-3.9807692307692264,-3.9807692307692264,-0.04616413916146289,0.0,0.0,0
SKU003,2026-06-01,7,102.0,0,0,0,0,No Promotion,6,2,2026,23,0.35460488704253584,-0.9350162426854147,1.2246467991473532e-16,-1.0,Small Appliances,Toaster,3877.36,7387.17,72.0,84.0,85.0,86.0,101.0,82.0,82.0,79.5,79.75,84.76923076923077,6.137317546507304,5.338539126015648,-5.269230769230774,-5.019230769230774,-0.06215970961887485,0.0,0.0,0
SKU003,2026-06-08,7,139.0,5,0,1,0,Summer Sale,6,2,2026,24,0.23931566428755768,-0.970941817426052,1.2246467991473532e-16,-1.0,Small Appliances,Toaster,3877.36,7387.17,102.0,72.0,77.0,75.0,82.0,75.0,116.0,83.75,81.75,84.84615384615384,13.124404748406677,9.437766079503586,-1.0961538461538396,-3.0961538461538396,-0.012919310970081477,83.75,0.7142857142857143,0
SKU003,2026-06-15,7,130.0,6,0,1,0,Summer Sale,6,2,2026,25,0.12053668025532308,-0.992708874098054,1.2246467991473532e-16,-1.0,Small Appliances,Toaster,3877.36,7387.17,139.0,102.0,84.0,76.0,110.0,105.0,89.0,99.25,89.75,89.23076923076923,29.22755549135096,21.855041915833908,10.019230769230774,0.5192307692307736,0.11228448275862069,99.25,0.8571428571428571,0
SKU003,2026-06-22,7,81.0,0,0,0,0,No Promotion,6,2,2026,26,-3.216245299353273e-16,-1.0,1.2246467991473532e-16,-1.0,Small Appliances,Toaster,3877.36,7387.17,130.0,139.0,72.0,83.0,79.0,117.0,76.0,110.75,96.5,90.76923076923077,30.25860759078866,25.099800796022265,19.980769230769226,5.730769230769226,0.22012711864406764,0.0,0.0,0
SKU004,2025-05-05,7,279.0,0,0,0,0,No Promotion,5,2,2025,19,0.7485107481711013,-0.663122658240795,0.49999999999999994,-0.8660254037844387,Office,Organizer,902.13,1404.39,,,,,,,,,,,,,,,,,0.0,0
SKU004,2025-05-12,7,248.0,0,0,0,0,No Promotion,5,2,2025,20,0.6631226582407952,-0.7485107481711012,0.49999999999999994,-0.8660254037844387,Office,Organizer,902.13,1404.39,279.0,,,,,,,,,,,,,,,,0.0,0
SKU004,2025-05-19,7,294.0,0,0,0,0,No Promotion,5,2,2025,21,0.5680647467311558,-0.8229838658936564,0.49999999999999994,-0.8660254037844387,Office,Organizer,902.13,1404.39,248.0,279.0,,,,,,,,,,,,,,,0.0,0
SKU004,2025-05-26,7,254.0,0,0,0,0,No Promotion,5,2,2025,22,0.46472317204376906,-0.8854560256532096,0.49999999999999994,-0.8660254037844387,Office,Organizer,902.13,1404.39,294.0,248.0,,,,,,,,,,,,,,,0.0,0
SKU004,2025-06-02,7,286.0,0,0,0,0,No Promotion,6,2,2025,23,0.35460488704253584,-0.9350162426854147,1.2246467991473532e-16,-1.0,Office,Organizer,902.13,1404.39,254.0,294.0,279.0,,,,,268.75,,,21.530985424112227,,,,,0.0,0.0,0
SKU004,2025-06-09,7,383.0,6,0,1,0,Summer Sale,6,2,2025,24,0.23931566428755768,-0.970941817426052,1.2246467991473532e-16,-1.0,Office,Organizer,902.13,1404.39,286.0,254.0,248.0,,,,,270.5,,,22.883764259113196,,,,,270.5,0.8571428571428571,0
SKU004,2025-06-16,7,357.0,5,0,1,0,Summer Sale,6,2,2025,25,0.12053668025532308,-0.992708874098054,1.2246467991473532e-16,-1.0,Office,Organizer,902.13,1404.39,383.0,286.0,294.0,,,,,304.25,,,55.27130056970495,,,,,304.25,0.7142857142857143,0
SKU004,2025-06-23,7,297.0,0,0,0,0,No Promotion,6,2,2025,26,-3.216245299353273e-16,-1.0,1.2246467991473532e-16,-1.0,Office,Organizer,902.13,1404.39,357.0,383.0,254.0,,,,,320.0,,,60.13872850889572,,,,,0.0,0.0,0
SKU004,2025-06-30,7,277.0,0,0,0,0,No Promotion,6,2,2025,27,-0.12053668025532283,-0.992708874098054,1.2246467991473532e-16,-1.0,Office,Organizer,902.13,1404.39,297.0,357.0,286.0,279.0,,,,330.75,299.75,,46.764480823234486,47.26747598205649,,,,0.0,0.0,0
SKU004,2025-07-07,7,286.0,0,0,0,0,No Promotion,7,3,2025,28,-0.23931566428755743,-0.9709418174260521,-0.4999999999999997,-0.8660254037844388,Office,Organizer,902.13,1404.39,277.0,297.0,383.0,248.0,,,,328.5,299.5,,49.75607165629805,47.39801080817031,,,,0.0,0.0,0
SKU004,2025-07-14,7,281.0,0,0,0,0,No Promotion,7,3,2025,29,-0.3546048870425356,-0.9350162426854148,-0.4999999999999997,-0.8660254037844388,Office,Organizer,902.13,1404.39,286.0,277.0,357.0,294.0,,,,304.25,304.25,,36.105170451520266,43.219539232025284,,,,0.0,0.0,0
SKU004,2025-07-21,7,269.0,0,0,0,0,No Promotion,7,3,2025,30,-0.46472317204376806,-0.8854560256532101,-0.4999999999999997,-0.8660254037844388,Office,Organizer,902.13,1404.39,281.0,286.0,297.0,254.0,,,,285.25,302.625,,8.655441448399154,43.899031879985706,,,,0.0,0.0,0
SKU004,2025-07-28,7,297.0,0,0,0,0,No Promotion,7,3,2025,31,-0.5680647467311556,-0.8229838658936566,-0.4999999999999997,-0.8660254037844388,Office,Organizer,902.13,1404.39,269.0,281.0,277.0,286.0,,,,278.25,304.5,,7.182153808805029,41.79542011820367,,,,0.0,0.0,0
SKU004,2025-08-04,7,323.0,0,0,0,0,No Promotion,8,3,2025,32,-0.663122658240795,-0.7485107481711013,-0.8660254037844385,-0.5000000000000004,Office,Organizer,902.13,1404.39,297.0,269.0,286.0,383.0,279.0,,,283.25,305.875,292.9230769230769,11.61536338935058,41.277588177051804,-9.673076923076906,12.951923076923094,-0.033022584033613356,0.0,0.0,0
SKU004,2025-08-11,7,270.0,0,1,0,1,No Promotion,8,3,2025,33,-0.7485107481711011,-0.6631226582407952,-0.8660254037844385,-0.5000000000000004,Office,Organizer,902.13,1404.39,323.0,297.0,281.0,357.0,248.0,,,292.5,298.375,296.3076923076923,23.34523505985749,28.839147500774526,-3.807692307692321,2.067307692307679,-0.012850467289719725,0.0,0.0,0
SKU004,2025-08-18,7,276.0,0,0,0,0,No Promotion,8,3,2025,34,-0.8229838658936564,-0.5680647467311559,-0.8660254037844385,-0.5000000000000004,Office,Organizer,902.13,1404.39,270.0,323.0,269.0,297.0,294.0,,,289.75,287.5,298.0,25.682354513037403,17.904508610163802,-8.25,-10.5,-0.027684563758389236,0.0,0.0,0
SKU004,2025-08-25,7,304.0,0,0,0,0,No Promotion,8,3,2025,35,-0.8854560256532096,-0.4647231720437691,-0.8660254037844385,-0.5000000000000004,Office,Organizer,902.13,1404.39,276.0,270.0,297.0,277.0,254.0,,,291.5,284.875,296.61538461538464,23.97915761656358,17.852070708224012,-5.115384615384642,-11.740384615384642,-0.01724585062240669,0.0,0.0,0
SKU004,2025-09-01,7,249.0,0,0,0,0,No Promotion,9,3,2025,36,-0.9350162426854147,-0.3546048870425359,-1.0,-1.8369701987210297e-16,Office,Organizer,902.13,1404.39,304.0,276.0,323.0,286.0,286.0,,,293.25,288.25,300.46153846153845,24.75715384826507,18.683453336346304,-7.211538461538453,-12.211538461538453,-0.02400153609831024,0.0,0.0,0
SKU004,2025-09-08,7,323.0,0,0,0,0,No Promotion,9,3,2025,37,-0.970941817426052,-0.23931566428755774,-1.0,-1.8369701987210297e-16,Office,Organizer,902.13,1404.39,249.0,304.0,270.0,281.0,383.0,,,274.75,283.625,297.61538461538464,22.67708094089711,23.32342476689785,-22.86538461538464,-13.990384615384642,-0.07682863789092798,0.0,0.0,0
SKU004,2025-09-15,7,289.0,0,0,0,0,No Promotion,9,3,2025,38,-0.992708874098054,-0.12053668025532357,-1.0,-1.8369701987210297e-16,Office,Organizer,902.13,1404.39,323.0,249.0,276.0,269.0,357.0,,,288.0,288.875,293.0,32.38312317653543,27.0736429550429,-5.0,-4.125,-0.017064846416382284,0.0,0.0,0
SKU004,2025-09-22,7,252.0,0,0,0,0,No Promotion,9,3,2025,39,-1.0,-1.8369701987210297e-16,-1.0,-1.8369701987210297e-16,Office,Organizer,902.13,1404.39,289.0,323.0,304.0,297.0,297.0,,,291.25,291.375,287.7692307692308,31.415229852201715,25.872972660398254,3.4807692307692264,3.6057692307692264,0.012095696337877548,0.0,0.0,0
SKU004,2025-09-29,7,403.0,5,1,1,1,Festive Sale,9,3,2025,40,-0.992708874098054,0.1205366802553232,-1.0,-1.8369701987210297e-16,Office,Organizer,902.13,1404.39,252.0,289.0,249.0,323.0,277.0,,,278.25,285.75,284.3076923076923,34.941617974367844,29.158434212321602,-6.057692307692321,1.4423076923076792,-0.021306818181818232,278.25,0.7142857142857143,1
SKU004,2025-10-06,7,361.0,5,0,1,0,Festive Sale,10,4,2025,41,-0.9709418174260521,0.23931566428755738,-0.8660254037844386,0.5000000000000001,Office,Organizer,902.13,1404.39,403.0,252.0,323.0,270.0,286.0,,,316.75,295.75,294.0,64.39655787902538,50.016425873335436,22.75,1.75,0.07738095238095233,316.75,0.7142857142857143,0
SKU004,2025-10-13,7,252.0,0,0,0,0,No Promotion,10,4,2025,42,-0.9350162426854148,0.35460488704253557,-0.8660254037844386,0.5000000000000001,Office,Organizer,902.13,1404.39,361.0,403.0,289.0,276.0,281.0,,,326.25,307.125,299.7692307692308,68.30995535059292,53.54687532567011,26.480769230769226,7.355769230769226,0.08833718244803701,0.0,0.0,0
SKU004,2025-10-20,7,264.0,0,0,0,0,No Promotion,10,4,2025,43,-0.8854560256532101,0.464723172043768,-0.8660254037844386,0.5000000000000001,Office,Organizer,902.13,1404.39,252.0,361.0,252.0,304.0,269.0,,,317.0,304.125,297.53846153846155,76.98917672850732,56.14887735806861,19.461538461538453,6.586538461538453,0.06540847983453979,0.0,0.0,0
SKU004,2025-10-27,7,261.0,0,1,0,1,No Promotion,10,4,2025,44,-0.822983865893657,0.5680647467311548,-0.8660254037844386,0.5000000000000001,Office,Organizer,902.13,1404.39,264.0,252.0,403.0,249.0,297.0,,,320.0,299.125,297.15384615384613,73.77894912055424,57.91480812365695,22.846153846153868,1.971153846153868,0.07688325135904739,0.0,0.0,0
SKU004,2025-11-03,7,270.0,0,0,0,0,No Promotion,11,4,2025,45,-0.7485107481711011,0.6631226582407952,-0.5000000000000004,0.8660254037844384,Office,Organizer,902.13,1404.39,261.0,264.0,361.0,323.0,323.0,279.0,,284.5,300.625,294.38461538461536,51.25426811495797,56.570909990408126,-9.884615384615358,6.240384615384642,-0.03357721452835105,0.0,0.0,0
SKU004,2025-11-10,7,248.0,0,0,0,0,No Promotion,11,4,2025,46,-0.6631226582407955,0.7485107481711007,-0.5000000000000004,0.8660254037844384,Office,Organizer,902.13,1404.39,270.0,261.0,252.0,289.0,270.0,248.0,,261.75,294.0,290.3076923076923,7.499999999999818,56.67955035611548,-28.55769230769232,3.692307692307679,-0.09837042925278228,0.0,0.0,0
SKU004,2025-11-17,7,330.0,4,0,1,0,Black Friday,11,4,2025,47,-0.5680647467311559,0.8229838658936564,-0.5000000000000004,0.8660254037844384,Office,Organizer,902.13,1404.39,248.0,270.0,264.0,252.0,276.0,294.0,,260.75,288.875,288.61538461538464,9.287087810503207,59.0022699321209,-27.86538461538464,0.2596153846153584,-0.09654850746268662,260.75,0.5714285714285714,0
SKU004,2025-11-24,7,423.0,7,0,1,0,Black Friday,11,4,2025,48,-0.4647231720437684,0.88545602565321,-0.5000000000000004,0.8660254037844384,Office,Organizer,902.13,1404.39,330.0,248.0,261.0,403.0,304.0,254.0,,277.25,298.625,292.7692307692308,36.30771267926413,58.48061339330448,-15.519230769230774,5.855769230769226,-0.053008407777193955,277.25,1.0,0
SKU004,2025-12-01,7,319.0,0,0,0,0,No Promotion,12,4,2025,49,-0.35460488704253595,0.9350162426854147,-2.4492935982947064e-16,1.0,Office,Organizer,902.13,1404.39,423.0,330.0,270.0,361.0,249.0,286.0,,317.75,301.125,301.9230769230769,78.25758749156529,63.7684147073276,15.826923076923094,-0.7980769230769056,0.05242038216560507,0.0,0.0,0
SKU004,2025-12-08,7,302.0,0,0,0,0,No Promotion,12,4,2025,50,-0.2393156642875578,0.970941817426052,-2.4492935982947064e-16,1.0,Office,Organizer,902.13,1404.39,319.0,423.0,248.0,252.0,323.0,383.0,,330.0,295.875,307.3076923076923,71.86561532935389,59.736175926198314,22.69230769230768,-11.43269230769232,0.07384230287859816,0.0,0.0,0
SKU004,2025-12-15,7,378.0,7,0,1,0,Year End Sale,12,4,2025,51,-0.12053668025532363,0.992708874098054,-2.4492935982947064e-16,1.0,Office,Organizer,902.13,1404.39,302.0,319.0,330.0,264.0,289.0,357.0,,343.5,302.125,305.6923076923077,54.2371336509099,57.044938425770965,37.80769230769232,-3.567307692307679,0.1236789129340714,343.5,1.0,0
SKU004,2025-12-22,7,462.0,7,1,1,1,Year End Sale,12,4,2025,52,6.432490598706546e-16,1.0,-2.4492935982947064e-16,1.0,Office,Organizer,902.13,1404.39,378.0,302.0,423.0,261.0,252.0,297.0,,355.5,316.375,312.53846153846155,55.54877736428285,60.306212662662595,42.96153846153845,3.836538461538453,0.137460004922471,355.5,1.0,1
SKU004,2025-12-29,7,378.0,3,0,1,0,Year End Sale,12,4,2025,1,0.12053668025532305,0.992708874098054,-2.4492935982947064e-16,1.0,Office,Organizer,902.13,1404.39,462.0,378.0,319.0,270.0,403.0,277.0,,365.25,341.5,328.6923076923077,72.25591094621024,74.20820131802917,36.55769230769232,12.80769230769232,0.11122162415164993,365.25,0.42857142857142855,0
SKU004,2026-01-05,7,310.0,0,0,0,0,No Promotion,1,1,2026,2,0.23931566428755774,0.970941817426052,0.49999999999999994,0.8660254037844387,Office,Organizer,902.13,1404.39,378.0,462.0,302.0,248.0,361.0,286.0,,380.0,355.0,326.7692307692308,65.36053855347274,68.98239941152693,53.230769230769226,28.230769230769226,0.16290018832391717,0.0,0.0,0
SKU004,2026-01-12,7,279.0,0,0,0,0,No Promotion,1,1,2026,3,0.3546048870425356,0.9350162426854148,0.49999999999999994,0.8660254037844387,Office,Organizer,902.13,1404.39,310.0,378.0,378.0,330.0,252.0,281.0,,382.0,362.75,322.84615384615387,62.22539674441615,57.824241085749314,59.15384615384613,39.90384615384613,0.1832261138908744,0.0,0.0,0
SKU004,2026-01-19,7,311.0,0,0,0,0,No Promotion,1,1,2026,4,0.4647231720437685,0.8854560256532099,0.49999999999999994,0.8660254037844387,Office,Organizer,902.13,1404.39,279.0,310.0,462.0,423.0,264.0,269.0,,357.25,356.375,324.9230769230769,81.15571452461,64.38930146272085,32.326923076923094,31.451923076923094,0.0994910037878789,0.0,0.0,0
SKU004,2026-01-26,7,337.0,0,1,0,1,No Promotion,1,1,2026,5,0.5680647467311558,0.8229838658936564,0.49999999999999994,0.8660254037844387,Office,Organizer,902.13,1404.39,311.0,279.0,378.0,319.0,261.0,297.0,,319.5,342.375,328.53846153846155,41.73328008516298,59.84966284664555,-9.038461538461547,13.836538461538453,-0.027511121517209136,0.0,0.0,0
SKU004,2026-02-02,7,289.0,0,0,0,0,No Promotion,2,1,2026,6,0.6631226582407952,0.7485107481711011,0.8660254037844386,0.5000000000000001,Office,Organizer,902.13,1404.39,337.0,311.0,310.0,302.0,270.0,323.0,,309.25,344.625,334.38461538461536,23.72586492979046,59.17996161829491,-25.13461538461536,10.240384615384642,-0.07516678168852076,0.0,0.0,0
SKU004,2026-02-09,7,326.0,0,0,0,0,No Promotion,2,1,2026,7,0.7485107481711011,0.6631226582407953,0.8660254037844386,0.5000000000000001,Office,Organizer,902.13,1404.39,289.0,337.0,279.0,378.0,248.0,270.0,,304.0,343.0,335.84615384615387,25.74231276841032,60.67713148884254,-31.846153846153868,7.153846153846132,-0.09482363719651865,0.0,0.0,0
SKU004,2026-02-16,7,348.0,0,0,0,0,No Promotion,2,1,2026,8,0.8229838658936564,0.5680647467311559,0.8660254037844386,0.5000000000000001,Office,Organizer,902.13,1404.39,326.0,289.0,311.0,462.0,330.0,276.0,,315.75,336.5,341.84615384615387,20.77458383056873,59.15838305527195,-26.096153846153868,-5.346153846153868,-0.07633888388838894,0.0,0.0,0
SKU004,2026-02-23,7,291.0,0,0,0,0,No Promotion,2,1,2026,9,0.8854560256532099,0.4647231720437686,0.8660254037844386,0.5000000000000001,Office,Organizer,902.13,1404.39,348.0,326.0,337.0,378.0,423.0,304.0,,325.0,322.25,343.2307692307692,25.62550812504332,32.19472006401051,-18.230769230769226,-20.980769230769226,-0.05311519497982964,0.0,0.0,0
SKU004,2026-03-02,7,277.0,0,0,0,0,No Promotion,3,1,2026,10,0.9350162426854148,0.35460488704253557,1.0,6.123233995736766e-17,Office,Organizer,902.13,1404.39,291.0,348.0,289.0,310.0,319.0,249.0,,313.5,311.375,333.0769230769231,28.594871335025466,24.43029442545232,-19.576923076923094,-21.701923076923094,-0.058775981524249454,0.0,0.0,0
SKU004,2026-03-09,7,324.0,1,0,1,0,Spring Sale,3,1,2026,11,0.970941817426052,0.23931566428755804,1.0,6.123233995736766e-17,Office,Organizer,902.13,1404.39,277.0,291.0,326.0,279.0,302.0,323.0,,310.5,307.25,329.84615384615387,32.398559638765754,27.311692943290286,-19.346153846153868,-22.596153846153868,-0.058652052238805985,310.5,0.14285714285714285,0
SKU004,2026-03-16,7,414.0,7,0,1,0,Spring Sale,3,1,2026,12,0.992708874098054,0.120536680255323,1.0,6.123233995736766e-17,Office,Organizer,902.13,1404.39,324.0,277.0,348.0,311.0,378.0,289.0,,310.0,312.875,331.53846153846155,32.09361307176234,25.215853856538086,-21.538461538461547,-18.663461538461547,-0.06496519721577731,310.0,1.0,0
SKU004,2026-03-23,7,326.0,3,0,1,0,Spring Sale,3,1,2026,13,1.0,-1.6081226496766366e-16,1.0,6.123233995736766e-17,Office,Organizer,902.13,1404.39,414.0,324.0,291.0,337.0,462.0,252.0,,326.5,325.75,334.3076923076923,61.57109711544854,43.666757542617184,-7.807692307692321,-8.55769230769232,-0.02335480901978837,326.5,0.42857142857142855,0
SKU004,2026-03-30,7,299.0,0,0,0,0,No Promotion,3,1,2026,14,0.992708874098054,-0.12053668025532288,1.0,6.123233995736766e-17,Office,Organizer,902.13,1404.39,326.0,414.0,277.0,289.0,378.0,403.0,,335.25,324.375,323.84615384615387,57.17444067646541,43.43447445783789,11.403846153846132,0.528846153846132,0.03521377672209014,0.0,0.0,0
SKU004,2026-04-06,7,311.0,0,0,0,0,No Promotion,4,2,2026,15,0.9709418174260521,-0.2393156642875575,0.8660254037844387,-0.4999999999999998,Office,Organizer,902.13,1404.39,299.0,326.0,324.0,326.0,310.0,361.0,,340.75,325.625,317.7692307692308,50.35457609128816,42.40261952824546,22.980769230769226,7.855769230769226,0.07231905107722092,0.0,0.0,0
SKU004,2026-04-13,7,319.0,0,0,0,0,No Promotion,4,2,2026,16,0.9350162426854148,-0.35460488704253545,0.8660254037844387,-0.4999999999999998,Office,Organizer,902.13,1404.39,311.0,299.0,414.0,348.0,279.0,252.0,,337.5,323.75,317.84615384615387,52.18237250259895,42.71416626834709,19.653846153846132,5.903846153846132,0.061834462729912776,0.0,0.0,0
SKU004,2026-04-20,7,295.0,0,0,0,0,No Promotion,4,2,2026,17,0.8854560256532099,-0.4647231720437685,0.8660254037844387,-0.4999999999999998,Office,Organizer,902.13,1404.39,319.0,311.0,326.0,291.0,311.0,264.0,,313.75,320.125,320.9230769230769,11.586630226256272,41.57759527162952,-7.173076923076906,-0.7980769230769056,-0.022351390220517686,0.0,0.0,0
SKU004,2026-04-27,7,297.0,0,0,0,0,No Promotion,4,2,2026,18,0.8229838658936565,-0.5680647467311557,0.8660254037844387,-0.4999999999999998,Office,Organizer,902.13,1404.39,295.0,319.0,299.0,277.0,337.0,261.0,,306.0,320.625,319.6923076923077,11.015141094572005,41.19964458931308,-13.69230769230768,0.9326923076923208,-0.042829643888354196,0.0,0.0,0
SKU004,2026-05-04,7,288.0,0,0,0,0,No Promotion,5,2,2026,19,0.7485107481711013,-0.663122658240795,0.49999999999999994,-0.8660254037844387,Office,Organizer,902.13,1404.39,297.0,295.0,311.0,324.0,289.0,270.0,279.0,305.5,323.125,316.61538461538464,11.474609652038813,38.70561974700832,-11.115384615384642,6.509615384615358,-0.035106899902818345,0.0,0.0,0
SKU004,2026-05-11,7,267.0,0,0,0,0,No Promotion,5,2,2026,20,0.6631226582407952,-0.7485107481711012,0.49999999999999994,-0.8660254037844387,Office,Organizer,902.13,1404.39,288.0,297.0,319.0,414.0,326.0,248.0,248.0,299.75,318.625,316.53846153846155,13.400870618483301,40.63403745630011,-16.788461538461547,2.086538461538453,-0.053037667071689,0.0,0.0,0
SKU004,2026-05-18,7,329.0,0,0,0,0,No Promotion,5,2,2026,21,0.5680647467311558,-0.8229838658936564,0.49999999999999994,-0.8660254037844387,Office,Organizer,902.13,1404.39,267.0,288.0,295.0,326.0,348.0,330.0,294.0,286.75,300.25,312.0,13.720422734012077,18.614510468986307,-25.25,-11.75,-0.08092948717948723,0.0,0.0,0
SKU004,2026-05-25,7,323.0,0,0,0,0,No Promotion,5,2,2026,22,0.46472317204376906,-0.8854560256532096,0.49999999999999994,-0.8660254037844387,Office,Organizer,902.13,1404.39,329.0,267.0,297.0,299.0,291.0,423.0,254.0,295.25,300.625,310.53846153846155,25.773047937719657,19.22749147890669,-15.288461538461547,-9.913461538461547,-0.04923210304681702,0.0,0.0,0
SKU004,2026-06-01,7,328.0,0,0,0,0,No Promotion,6,2,2026,23,0.35460488704253584,-0.9350162426854147,1.2246467991473532e-16,-1.0,Office,Organizer,902.13,1404.39,323.0,329.0,288.0,311.0,277.0,319.0,286.0,301.75,303.625,313.0,29.386788414750743,20.749784852585154,-11.25,-9.375,-0.03594249201277955,0.0,0.0,0
SKU004,2026-06-08,7,436.0,5,0,1,0,Summer Sale,6,2,2026,24,0.23931566428755768,-0.970941817426052,1.2246467991473532e-16,-1.0,Office,Organizer,902.13,1404.39,328.0,323.0,267.0,319.0,324.0,302.0,383.0,311.75,305.75,316.9230769230769,29.948567021923804,22.416511771459916,-5.173076923076906,-11.173076923076906,-0.016322815533980517,311.75,0.7142857142857143,0
SKU004,2026-06-15,7,450.0,6,0,1,0,Summer Sale,6,2,2026,25,0.12053668025532308,-0.992708874098054,1.2246467991473532e-16,-1.0,Office,Organizer,902.13,1404.39,436.0,328.0,329.0,295.0,414.0,378.0,357.0,354.0,320.375,325.53846153846155,54.72963852734026,51.541765311527435,28.461538461538453,-5.163461538461547,0.08742911153119093,354.0,0.8571428571428571,0
SKU004,2026-06-22,7,371.0,0,0,0,0,No Promotion,6,2,2026,26,-3.216245299353273e-16,-1.0,1.2246467991473532e-16,-1.0,Office,Organizer,902.13,1404.39,450.0,436.0,323.0,297.0,326.0,462.0,297.0,384.25,339.75,328.3076923076923,68.10959305902996,67.34930267960146,55.94230769230768,11.44230769230768,0.170395970009372,0.0,0.0,0
SKU005,2025-01-06,7,706.0,3,0,1,0,New Year Sale,1,1,2025,2,0.23931566428755774,0.970941817426052,0.49999999999999994,0.8660254037844387,Furniture,Chair,4655.8,8102.01,,,,,,,,,,,,,,,,,0.42857142857142855,0
SKU005,2025-01-13,7,671.0,3,0,1,0,New Year Sale,1,1,2025,3,0.3546048870425356,0.9350162426854148,0.49999999999999994,0.8660254037844387,Furniture,Chair,4655.8,8102.01,706.0,,,,,,,,,,,,,,,,0.42857142857142855,0
SKU005,2025-01-20,7,612.0,0,1,0,1,No Promotion,1,1,2025,4,0.4647231720437685,0.8854560256532099,0.49999999999999994,0.8660254037844387,Furniture,Chair,4655.8,8102.01,671.0,706.0,,,,,,,,,,,,,,,0.0,0
SKU005,2025-01-27,7,637.0,0,0,0,0,No Promotion,1,1,2025,5,0.5680647467311558,0.8229838658936564,0.49999999999999994,0.8660254037844387,Furniture,Chair,4655.8,8102.01,612.0,671.0,,,,,,,,,,,,,,,0.0,0
SKU005,2025-02-03,7,584.0,0,0,0,0,No Promotion,2,1,2025,6,0.6631226582407952,0.7485107481711011,0.8660254037844386,0.5000000000000001,Furniture,Chair,4655.8,8102.01,637.0,612.0,706.0,,,,,656.5,,,40.91047135718026,,,,,0.0,0.0,0
SKU005,2025-02-10,7,460.0,0,0,0,0,No Promotion,2,1,2025,7,0.7485107481711011,0.6631226582407953,0.8660254037844386,0.5000000000000001,Furniture,Chair,4655.8,8102.01,584.0,637.0,671.0,,,,,626.0,,,36.995495221265344,,,,,0.0,0.0,0
SKU005,2025-02-17,7,549.0,0,0,0,0,No Promotion,2,1,2025,8,0.8229838658936564,0.5680647467311559,0.8660254037844386,0.5000000000000001,Furniture,Chair,4655.8,8102.01,460.0,584.0,612.0,,,,,573.25,,,78.54245136654869,,,,,0.0,0.0,0
SKU005,2025-02-24,7,560.0,0,0,0,0,No Promotion,2,1,2025,9,0.8854560256532099,0.4647231720437686,0.8660254037844386,0.5000000000000001,Furniture,Chair,4655.8,8102.01,549.0,460.0,637.0,,,,,557.5,,,74.38861920123713,,,,,0.0,0.0,0
SKU005,2025-03-03,7,503.0,0,0,0,0,No Promotion,3,1,2025,10,0.9350162426854148,0.35460488704253557,1.0,6.123233995736766e-17,Furniture,Chair,4655.8,8102.01,560.0,549.0,584.0,706.0,,,,538.25,597.375,,54.174871173512415,77.267508418111,,,,0.0,0.0,0
SKU005,2025-03-10,7,567.0,0,0,0,0,No Promotion,3,1,2025,11,0.970941817426052,0.23931566428755804,1.0,6.123233995736766e-17,Furniture,Chair,4655.8,8102.01,503.0,560.0,460.0,671.0,,,,518.0,572.0,,45.876646201162814,69.43445007446128,,,,0.0,0.0,0
SKU005,2025-03-17,7,685.0,4,0,1,0,Spring Sale,3,1,2025,12,0.992708874098054,0.120536680255323,1.0,6.123233995736766e-17,Furniture,Chair,4655.8,8102.01,567.0,503.0,549.0,612.0,,,,544.75,559.0,,28.80248831843062,56.84565569529981,,,,544.75,0.5714285714285714,0
SKU005,2025-03-24,7,676.0,4,0,1,0,Spring Sale,3,1,2025,13,1.0,-1.6081226496766366e-16,1.0,6.123233995736766e-17,Furniture,Chair,4655.8,8102.01,685.0,567.0,560.0,637.0,,,,578.75,568.125,,76.41280433714408,70.73176190974705,,,,578.75,0.5714285714285714,0
SKU005,2025-03-31,7,506.0,0,0,0,0,No Promotion,3,1,2025,14,0.992708874098054,-0.12053668025532288,1.0,6.123233995736766e-17,Furniture,Chair,4655.8,8102.01,676.0,685.0,503.0,584.0,,,,607.75,573.0,,88.0506483035001,77.20473708634353,,,,0.0,0.0,0
SKU005,2025-04-07,7,555.0,0,0,0,0,No Promotion,4,2,2025,15,0.9709418174260521,-0.2393156642875575,0.8660254037844387,-0.4999999999999998,Furniture,Chair,4655.8,8102.01,506.0,676.0,567.0,460.0,706.0,,,608.5,563.25,593.5384615384615,86.86579687464258,80.47315435242098,14.961538461538453,-30.288461538461547,0.025207361327112432,0.0,0.0,0
SKU005,2025-04-14,7,576.0,0,0,0,0,No Promotion,4,2,2025,16,0.9350162426854148,-0.35460488704253545,0.8660254037844387,-0.4999999999999998,Furniture,Chair,4655.8,8102.01,555.0,506.0,685.0,549.0,671.0,,,605.5,575.125,581.9230769230769,88.95879195822448,69.2932433317172,23.576923076923094,-6.798076923076906,0.04051553205551883,0.0,0.0,0
SKU005,2025-04-21,7,553.0,0,0,0,0,No Promotion,4,2,2025,17,0.8854560256532099,-0.4647231720437685,0.8660254037844387,-0.4999999999999998,Furniture,Chair,4655.8,8102.01,576.0,555.0,676.0,560.0,612.0,,,578.25,578.5,574.6153846153846,71.46269423039314,68.49191818851956,3.6346153846153584,3.8846153846153584,0.0063253012048192225,0.0,0.0,0
SKU005,2025-04-28,7,525.0,0,0,0,0,No Promotion,4,2,2025,18,0.8229838658936565,-0.5680647467311557,0.8660254037844387,-0.4999999999999998,Furniture,Chair,4655.8,8102.01,553.0,576.0,506.0,503.0,637.0,,,547.5,577.625,570.0769230769231,29.55785287646352,68.80601614061707,-22.576923076923094,7.548076923076906,-0.0396032924031845,0.0,0.0,0
SKU005,2025-05-05,7,488.0,0,0,0,0,No Promotion,5,2,2025,19,0.7485107481711013,-0.663122658240795,0.49999999999999994,-0.8660254037844387,Furniture,Chair,4655.8,8102.01,525.0,553.0,555.0,567.0,584.0,,,552.25,580.375,561.4615384615385,20.934421415458228,65.77002682507761,-9.211538461538453,18.913461538461547,-0.016406357035210317,0.0,0.0,0
SKU005,2025-05-12,7,582.0,0,0,0,0,No Promotion,5,2,2025,20,0.6631226582407952,-0.7485107481711012,0.49999999999999994,-0.8660254037844387,Furniture,Chair,4655.8,8102.01,488.0,525.0,576.0,685.0,460.0,,,535.5,570.5,554.0769230769231,37.916575091464466,73.53716261669528,-18.576923076923094,16.423076923076906,-0.03352769679300294,0.0,0.0,0
SKU005,2025-05-19,7,569.0,0,0,0,0,No Promotion,5,2,2025,21,0.5680647467311558,-0.8229838658936564,0.49999999999999994,-0.8660254037844387,Furniture,Chair,4655.8,8102.01,582.0,488.0,553.0,676.0,549.0,,,537.0,557.625,563.4615384615385,40.108187027920664,58.002309067336775,-26.461538461538453,-5.836538461538453,-0.046962457337883956,0.0,0.0,0
SKU005,2025-05-26,7,523.0,0,0,0,0,No Promotion,5,2,2025,22,0.46472317204376906,-0.8854560256532096,0.49999999999999994,-0.8660254037844387,Furniture,Chair,4655.8,8102.01,569.0,582.0,525.0,506.0,560.0,,,541.0,544.25,565.0,42.93405796489927,34.30014577228499,-24.0,-20.75,-0.04247787610619469,0.0,0.0,0
SKU005,2025-06-02,7,677.0,0,0,0,0,No Promotion,6,2,2025,23,0.35460488704253584,-0.9350162426854147,1.2246467991473532e-16,-1.0,Furniture,Chair,4655.8,8102.01,523.0,569.0,488.0,555.0,503.0,,,540.5,546.375,562.1538461538462,43.1933636878012,32.04433312949866,-21.65384615384619,-15.778846153846189,-0.0385194307608101,0.0,0.0,0
SKU005,2025-06-09,7,716.0,6,0,1,0,Summer Sale,6,2,2025,24,0.23931566428755768,-0.970941817426052,1.2246467991473532e-16,-1.0,Furniture,Chair,4655.8,8102.01,677.0,523.0,582.0,576.0,567.0,,,587.75,561.625,575.5384615384615,64.66000824827246,56.46221872063781,12.211538461538453,-13.913461538461547,0.0212175888799786,587.75,0.8571428571428571,0
SKU005,2025-06-16,7,774.0,5,0,1,0,Summer Sale,6,2,2025,25,0.12053668025532308,-0.992708874098054,1.2246467991473532e-16,-1.0,Furniture,Chair,4655.8,8102.01,716.0,677.0,569.0,553.0,685.0,,,621.25,579.125,587.0,90.3119593409422,78.8224723213954,34.25,-7.875,0.05834752981260638,621.25,0.7142857142857143,0
SKU005,2025-06-23,7,578.0,0,0,0,0,No Promotion,6,2,2025,26,-3.216245299353273e-16,-1.0,1.2246467991473532e-16,-1.0,Furniture,Chair,4655.8,8102.01,774.0,716.0,523.0,525.0,676.0,,,672.5,606.75,593.8461538461538,107.3390267641116,103.2884311043594,78.65384615384619,12.903846153846189,0.13244818652849744,0.0,0.0,0
SKU005,2025-06-30,7,595.0,0,0,0,0,No Promotion,6,2,2025,27,-0.12053668025532283,-0.992708874098054,1.2246467991473532e-16,-1.0,Furniture,Chair,4655.8,8102.01,578.0,774.0,677.0,488.0,506.0,,,686.25,613.375,586.3076923076923,82.43937166184614,98.90245916341732,99.94230769230774,27.067307692307736,0.17046050905274224,0.0,0.0,0
SKU005,2025-07-07,7,584.0,0,0,0,0,No Promotion,7,3,2025,28,-0.23931566428755743,-0.9709418174260521,-0.4999999999999997,-0.8660254037844388,Furniture,Chair,4655.8,8102.01,595.0,578.0,716.0,582.0,555.0,706.0,,665.75,626.75,593.1538461538462,94.77824996625897,85.90651064633326,72.59615384615381,33.59615384615381,0.12239009207625462,0.0,0.0,0
SKU005,2025-07-14,7,676.0,0,0,0,0,No Promotion,7,3,2025,29,-0.3546048870425356,-0.9350162426854148,-0.4999999999999997,-0.8660254037844388,Furniture,Chair,4655.8,8102.01,584.0,595.0,774.0,569.0,576.0,671.0,,632.75,627.0,595.3846153846154,94.42942691061229,85.76046375141136,37.36538461538464,31.61538461538464,0.06275839793281657,0.0,0.0,0
SKU005,2025-07-21,7,611.0,0,0,0,0,No Promotion,7,3,2025,30,-0.46472317204376806,-0.8854560256532101,-0.4999999999999997,-0.8660254037844388,Furniture,Chair,4655.8,8102.01,676.0,584.0,578.0,523.0,553.0,612.0,,608.25,640.375,603.0769230769231,45.71196050634159,83.7426969097263,5.173076923076906,37.298076923076906,0.00857780612244885,0.0,0.0,0
SKU005,2025-07-28,7,627.0,0,0,0,0,No Promotion,7,3,2025,31,-0.5680647467311556,-0.8229838658936566,-0.4999999999999997,-0.8660254037844388,Furniture,Chair,4655.8,8102.01,611.0,676.0,595.0,677.0,525.0,637.0,,616.5,651.375,607.5384615384615,41.18656738954259,70.92035271042741,8.961538461538453,43.83653846153845,0.014750569764497401,0.0,0.0,0
SKU005,2025-08-04,7,590.0,0,0,0,0,No Promotion,8,3,2025,32,-0.663122658240795,-0.7485107481711013,-0.8660254037844385,-0.5000000000000004,Furniture,Chair,4655.8,8102.01,627.0,611.0,584.0,716.0,488.0,584.0,,624.5,645.125,615.3846153846154,38.64798399226882,70.54165436109362,9.115384615384642,29.74038461538464,0.014812500000000117,0.0,0.0,0
SKU005,2025-08-11,7,624.0,0,1,0,1,No Promotion,8,3,2025,33,-0.7485107481711011,-0.6631226582407952,-0.8660254037844385,-0.5000000000000004,Furniture,Chair,4655.8,8102.01,590.0,627.0,676.0,774.0,582.0,460.0,,626.0,629.375,623.2307692307693,36.615115275889366,66.40124245825524,2.7692307692307168,6.144230769230717,0.004443347321648972,0.0,0.0,0
SKU005,2025-08-18,7,716.0,0,0,0,0,No Promotion,8,3,2025,34,-0.8229838658936564,-0.5680647467311559,-0.8660254037844385,-0.5000000000000004,Furniture,Chair,4655.8,8102.01,624.0,590.0,611.0,578.0,569.0,549.0,,613.0,610.625,626.4615384615385,16.83250823060349,31.99079108565014,-13.461538461538453,-15.836538461538453,-0.02148821218074659,0.0,0.0,0
SKU005,2025-08-25,7,709.0,0,0,0,0,No Promotion,8,3,2025,35,-0.8854560256532096,-0.4647231720437691,-0.8660254037844385,-0.5000000000000004,Furniture,Chair,4655.8,8102.01,716.0,624.0,627.0,595.0,523.0,560.0,,639.25,627.875,637.7692307692307,53.84777927949615,46.01688354754773,1.4807692307692832,-9.894230769230717,0.002321794717163206,0.0,0.0,0
SKU005,2025-09-01,7,498.0,0,0,0,0,No Promotion,9,3,2025,36,-0.9350162426854147,-0.3546048870425359,-1.0,-1.8369701987210297e-16,Furniture,Chair,4655.8,8102.01,709.0,716.0,590.0,584.0,677.0,503.0,,659.75,642.125,652.0769230769231,62.53732218976655,51.6843095836914,7.673076923076906,-9.951923076923094,0.011767134599504514,0.0,0.0,0
SKU005,2025-09-08,7,519.0,0,0,0,0,No Promotion,9,3,2025,37,-0.970941817426052,-0.23931566428755774,-1.0,-1.8369701987210297e-16,Furniture,Chair,4655.8,8102.01,498.0,709.0,624.0,676.0,716.0,567.0,,636.75,631.375,638.3076923076923,101.51313543904881,70.88005461945653,-1.557692307692264,-6.932692307692264,-0.0024403470715834708,0.0,0.0,0
SKU005,2025-09-15,7,540.0,0,0,0,0,No Promotion,9,3,2025,38,-0.992708874098054,-0.12053668025532357,-1.0,-1.8369701987210297e-16,Furniture,Chair,4655.8,8102.01,519.0,498.0,716.0,611.0,774.0,685.0,,610.5,611.75,623.1538461538462,118.12563932807588,78.12398570770145,-12.653846153846189,-11.403846153846189,-0.020306135045056184,0.0,0.0,0
SKU005,2025-09-22,7,602.0,0,0,0,0,No Promotion,9,3,2025,39,-1.0,-1.8369701987210297e-16,-1.0,-1.8369701987210297e-16,Furniture,Chair,4655.8,8102.01,540.0,519.0,709.0,627.0,578.0,676.0,,566.5,602.875,605.1538461538462,96.53496775780268,82.15044995964068,-38.65384615384619,-2.278846153846189,-0.06387441210118217,0.0,0.0,0
SKU005,2025-09-29,7,721.0,5,1,1,1,Festive Sale,9,3,2025,40,-0.992708874098054,0.1205366802553232,-1.0,-1.8369701987210297e-16,Furniture,Chair,4655.8,8102.01,602.0,540.0,498.0,590.0,595.0,506.0,,539.75,599.75,607.0,44.902672526253966,81.5751187556598,-67.25,-7.25,-0.1107907742998353,539.75,0.7142857142857143,1
SKU005,2025-10-06,7,734.0,5,0,1,0,Festive Sale,10,4,2025,41,-0.9709418174260521,0.23931566428755738,-0.8660254037844386,0.5000000000000001,Furniture,Chair,4655.8,8102.01,721.0,602.0,519.0,624.0,584.0,555.0,,595.5,616.125,616.6923076923077,90.78362554264217,91.84060337656449,-21.192307692307736,-0.567307692307736,-0.034364475489584656,595.5,0.7142857142857143,0
SKU005,2025-10-13,7,568.0,0,0,0,0,No Promotion,10,4,2025,42,-0.9350162426854148,0.35460488704253557,-0.8660254037844386,0.5000000000000001,Furniture,Chair,4655.8,8102.01,734.0,721.0,540.0,716.0,676.0,576.0,,649.25,629.875,628.2307692307693,93.98359785976844,100.96878937855712,21.019230769230717,1.6442307692307168,0.03345781804824277,0.0,0.0,0
SKU005,2025-10-20,7,526.0,0,0,0,0,No Promotion,10,4,2025,43,-0.8854560256532101,0.464723172043768,-0.8660254037844386,0.5000000000000001,Furniture,Chair,4655.8,8102.01,568.0,734.0,602.0,709.0,611.0,553.0,,656.25,611.375,619.9230769230769,83.60372798705413,96.38899981696193,36.326923076923094,-8.548076923076906,0.05859908177193196,0.0,0.0,0
SKU005,2025-10-27,7,513.0,0,1,0,1,No Promotion,10,4,2025,44,-0.822983865893657,0.5680647467311548,-0.8660254037844386,0.5000000000000001,Furniture,Chair,4655.8,8102.01,526.0,568.0,721.0,498.0,627.0,525.0,,637.25,588.5,613.3846153846154,105.74615832265495,91.50175642342299,23.86538461538464,-24.88461538461536,0.03890770002508148,0.0,0.0,0
SKU005,2025-11-03,7,543.0,0,0,0,0,No Promotion,11,4,2025,45,-0.7485107481711011,0.6631226582407952,-0.5000000000000004,0.8660254037844384,Furniture,Chair,4655.8,8102.01,513.0,526.0,734.0,519.0,590.0,488.0,,585.25,590.375,604.6153846153846,101.90641131286428,89.51446411454569,-19.36538461538464,-14.240384615384642,-0.03202926208651402,0.0,0.0,0
SKU005,2025-11-10,7,583.0,0,0,0,0,No Promotion,11,4,2025,46,-0.6631226582407955,0.7485107481711007,-0.5000000000000004,0.8660254037844384,Furniture,Chair,4655.8,8102.01,543.0,513.0,568.0,540.0,624.0,582.0,,537.5,593.375,601.0,23.75570107012922,87.1516535373008,-63.5,-7.625,-0.10565723793677206,0.0,0.0,0
SKU005,2025-11-17,7,666.0,4,0,1,0,Black Friday,11,4,2025,47,-0.5680647467311559,0.8229838658936564,-0.5000000000000004,0.8660254037844384,Furniture,Chair,4655.8,8102.01,583.0,543.0,526.0,602.0,716.0,569.0,,541.25,598.75,597.8461538461538,30.42340108096625,84.68049193459917,-56.59615384615381,0.9038461538461888,-0.09466675244467315,541.25,0.5714285714285714,0
SKU005,2025-11-24,7,779.0,7,0,1,0,Black Friday,11,4,2025,48,-0.4647231720437684,0.88545602565321,-0.5000000000000004,0.8660254037844384,Furniture,Chair,4655.8,8102.01,666.0,583.0,513.0,721.0,709.0,523.0,,576.25,606.75,594.0,66.34945365261122,87.98985331113063,-17.75,12.75,-0.029882154882154843,576.25,1.0,0
SKU005,2025-12-01,7,584.0,0,0,0,0,No Promotion,12,4,2025,49,-0.35460488704253595,0.9350162426854147,-2.4492935982947064e-16,1.0,Furniture,Chair,4655.8,8102.01,779.0,666.0,543.0,734.0,498.0,677.0,,642.75,614.0,599.3846153846154,104.28286851955438,100.2796090937734,43.36538461538464,14.615384615384642,0.07234984599589334,0.0,0.0,0
SKU005,2025-12-08,7,623.0,0,0,0,0,No Promotion,12,4,2025,50,-0.2393156642875578,0.970941817426052,-2.4492935982947064e-16,1.0,Furniture,Chair,4655.8,8102.01,584.0,779.0,583.0,568.0,519.0,716.0,,653.0,595.25,606.0,92.56709278499929,87.89563616666561,47.0,-10.75,0.07755775577557755,0.0,0.0,0
SKU005,2025-12-15,7,775.0,7,0,1,0,Year End Sale,12,4,2025,51,-0.12053668025532363,0.992708874098054,-2.4492935982947064e-16,1.0,Furniture,Chair,4655.8,8102.01,623.0,584.0,666.0,526.0,540.0,774.0,,663.0,602.125,614.0,84.2733647127015,87.61023668172899,49.0,-11.875,0.07980456026058635,663.0,1.0,0
SKU005,2025-12-22,7,942.0,7,1,1,1,Year End Sale,12,4,2025,52,6.432490598706546e-16,1.0,-2.4492935982947064e-16,1.0,Furniture,Chair,4655.8,8102.01,775.0,623.0,779.0,513.0,602.0,578.0,,690.25,633.25,632.0769230769231,101.44086947576899,100.04963054118976,58.173076923076906,1.1730769230769056,0.09203480589022761,690.25,1.0,1
SKU005,2025-12-29,7,730.0,3,0,1,0,Year End Sale,12,4,2025,1,0.12053668025532305,0.992708874098054,-2.4492935982947064e-16,1.0,Furniture,Chair,4655.8,8102.01,942.0,775.0,584.0,543.0,721.0,595.0,,731.0,686.875,658.2307692307693,163.02351568613244,135.18816252066705,72.76923076923072,28.644230769230717,0.11055276381909529,731.0,0.42857142857142855,0
SKU005,2026-01-05,7,651.0,0,0,0,0,No Promotion,1,1,2026,2,0.23931566428755774,0.970941817426052,0.49999999999999994,0.8660254037844387,Furniture,Chair,4655.8,8102.01,730.0,942.0,623.0,583.0,734.0,584.0,706.0,767.5,710.25,658.9230769230769,132.65619724184268,122.3107868155077,108.5769230769231,51.326923076923094,0.16477936026149909,0.0,0.0,0
SKU005,2026-01-12,7,616.0,0,0,0,0,No Promotion,1,1,2026,3,0.3546048870425356,0.9350162426854148,0.49999999999999994,0.8660254037844387,Furniture,Chair,4655.8,8102.01,651.0,730.0,775.0,666.0,568.0,676.0,671.0,774.5,718.75,652.5384615384615,122.86713691355119,114.30504300835925,121.96153846153845,66.21153846153845,0.1869032182011081,0.0,0.0,0
SKU005,2026-01-19,7,633.0,0,0,0,0,No Promotion,1,1,2026,4,0.4647231720437685,0.8854560256532099,0.49999999999999994,0.8660254037844387,Furniture,Chair,4655.8,8102.01,616.0,651.0,942.0,779.0,526.0,611.0,612.0,734.75,712.5,656.2307692307693,146.162865781064,118.87688709633292,78.51923076923072,56.26923076923072,0.11965185792990263,0.0,0.0,0
SKU005,2026-01-26,7,679.0,0,1,0,1,No Promotion,1,1,2026,5,0.5680647467311558,0.8229838658936564,0.49999999999999994,0.8660254037844387,Furniture,Chair,4655.8,8102.01,633.0,616.0,730.0,584.0,513.0,627.0,637.0,657.5,694.25,664.4615384615385,50.40171954738578,118.41543094425779,-6.961538461538453,29.788461538461547,-0.01047696225978234,0.0,0.0,0
SKU005,2026-02-02,7,627.0,0,0,0,0,No Promotion,2,1,2026,6,0.6631226582407952,0.7485107481711011,0.8660254037844386,0.5000000000000001,Furniture,Chair,4655.8,8102.01,679.0,633.0,651.0,623.0,543.0,590.0,584.0,644.75,706.125,677.2307692307693,26.93665408571247,110.26259241335788,-32.48076923076928,28.894230769230717,-0.04796115402089962,0.0,0.0,0
SKU005,2026-02-09,7,656.0,0,0,0,0,No Promotion,2,1,2026,7,0.7485107481711011,0.6631226582407953,0.8660254037844386,0.5000000000000001,Furniture,Chair,4655.8,8102.01,627.0,679.0,616.0,775.0,583.0,624.0,460.0,638.75,706.625,683.6923076923077,27.7413650228919,109.84006229839041,-44.942307692307736,22.932692307692264,-0.06573469846984703,0.0,0.0,0
SKU005,2026-02-16,7,677.0,0,0,0,0,No Promotion,2,1,2026,8,0.8229838658936564,0.5680647467311559,0.8660254037844386,0.5000000000000001,Furniture,Chair,4655.8,8102.01,656.0,627.0,633.0,942.0,666.0,716.0,549.0,648.75,691.75,689.3076923076923,23.725864929790507,107.28566673006365,-40.557692307692264,2.442307692307736,-0.05883829929695339,0.0,0.0,0
SKU005,2026-02-23,7,644.0,0,0,0,0,No Promotion,2,1,2026,9,0.8854560256532099,0.4647231720437686,0.8660254037844386,0.5000000000000001,Furniture,Chair,4655.8,8102.01,677.0,656.0,679.0,730.0,779.0,709.0,560.0,659.75,658.625,690.1538461538462,24.18505047889425,36.61747241023451,-30.40384615384619,-31.52884615384619,-0.04405372269282215,0.0,0.0,0
SKU005,2026-03-02,7,587.0,0,0,0,0,No Promotion,3,1,2026,10,0.9350162426854148,0.35460488704253557,1.0,6.123233995736766e-17,Furniture,Chair,4655.8,8102.01,644.0,677.0,627.0,651.0,584.0,498.0,503.0,651.0,647.875,679.7692307692307,21.02379604162856,22.617550075739228,-28.769230769230717,-31.894230769230717,-0.04232205499603936,0.0,0.0,0
SKU005,2026-03-09,7,609.0,1,0,1,0,Spring Sale,3,1,2026,11,0.970941817426052,0.23931566428755804,1.0,6.123233995736766e-17,Furniture,Chair,4655.8,8102.01,587.0,644.0,656.0,616.0,623.0,519.0,567.0,641.0,639.875,680.0,38.49675310984028,31.087147091454284,-39.0,-40.125,-0.057352941176470607,641.0,0.14285714285714285,0
SKU005,2026-03-16,7,845.0,7,0,1,0,Spring Sale,3,1,2026,12,0.992708874098054,0.120536680255323,1.0,6.123233995736766e-17,Furniture,Chair,4655.8,8102.01,609.0,587.0,677.0,633.0,775.0,540.0,685.0,629.25,639.0,678.9230769230769,39.550600501130155,31.94191156279966,-49.673076923076906,-39.923076923076906,-0.07316451393609791,629.25,1.0,0
SKU005,2026-03-23,7,672.0,3,0,1,0,Spring Sale,3,1,2026,13,1.0,-1.6081226496766366e-16,1.0,6.123233995736766e-17,Furniture,Chair,4655.8,8102.01,845.0,609.0,644.0,679.0,942.0,602.0,676.0,671.25,665.5,684.3076923076923,118.18735126907615,79.21399587735202,-13.057692307692264,-18.807692307692264,-0.019081609712230163,671.25,0.42857142857142855,0
SKU005,2026-03-30,7,565.0,0,0,0,0,No Promotion,3,1,2026,14,0.992708874098054,-0.12053668025532288,1.0,6.123233995736766e-17,Furniture,Chair,4655.8,8102.01,672.0,845.0,587.0,627.0,730.0,721.0,506.0,678.25,664.625,663.5384615384615,116.85710647339052,79.0821227766247,14.711538461538453,1.0865384615384528,0.02217134245304897,0.0,0.0,0
SKU005,2026-04-06,7,568.0,0,0,0,0,No Promotion,4,2,2026,15,0.9709418174260521,-0.2393156642875575,0.8660254037844387,-0.4999999999999998,Furniture,Chair,4655.8,8102.01,565.0,672.0,609.0,656.0,651.0,734.0,555.0,672.75,656.875,650.8461538461538,122.94273734819257,86.02896107042757,21.90384615384619,6.028846153846189,0.033654414371823815,0.0,0.0,0
SKU005,2026-04-13,7,603.0,0,0,0,0,No Promotion,4,2,2026,16,0.9350162426854148,-0.35460488704253545,0.8660254037844387,-0.4999999999999998,Furniture,Chair,4655.8,8102.01,568.0,565.0,845.0,677.0,616.0,568.0,576.0,662.5,645.875,644.4615384615385,131.4445383675817,91.60230424425546,18.038461538461547,1.4134615384615472,0.02798997374074963,0.0,0.0,0
SKU005,2026-04-20,7,642.0,0,0,0,0,No Promotion,4,2,2026,17,0.8854560256532099,-0.4647231720437685,0.8660254037844387,-0.4999999999999998,Furniture,Chair,4655.8,8102.01,603.0,568.0,672.0,644.0,633.0,526.0,553.0,602.0,636.625,643.4615384615385,49.75272186859052,91.74644796549735,-41.46153846153845,-6.836538461538453,-0.06443514644351467,0.0,0.0,0
SKU005,2026-04-27,7,583.0,0,0,0,0,No Promotion,4,2,2026,18,0.8229838658936565,-0.5680647467311557,0.8660254037844387,-0.4999999999999998,Furniture,Chair,4655.8,8102.01,642.0,603.0,565.0,587.0,679.0,513.0,525.0,594.5,636.375,644.1538461538462,36.06013495999876,91.72620360928184,-49.65384615384619,-7.778846153846189,-0.07708383090518278,0.0,0.0,0
SKU005,2026-05-04,7,577.0,0,0,0,0,No Promotion,5,2,2026,19,0.7485107481711013,-0.663122658240795,0.49999999999999994,-0.8660254037844387,Furniture,Chair,4655.8,8102.01,583.0,642.0,568.0,609.0,627.0,543.0,488.0,599.0,635.875,636.7692307692307,32.05204101665485,92.0441470165268,-37.76923076923072,-0.8942307692307168,-0.05931384392365302,0.0,0.0,0
SKU005,2026-05-11,7,625.0,0,0,0,0,No Promotion,5,2,2026,20,0.6631226582407952,-0.7485107481711012,0.49999999999999994,-0.8660254037844387,Furniture,Chair,4655.8,8102.01,577.0,583.0,603.0,845.0,656.0,583.0,582.0,601.25,631.875,632.9230769230769,29.352739792621147,94.05232206444605,-31.673076923076906,-1.0480769230769056,-0.05004253767622746,0.0,0.0,0
SKU005,2026-05-18,7,696.0,0,0,0,0,No Promotion,5,2,2026,21,0.5680647467311558,-0.8229838658936564,0.49999999999999994,-0.8660254037844387,Furniture,Chair,4655.8,8102.01,625.0,577.0,642.0,672.0,677.0,666.0,569.0,606.75,604.375,630.5384615384615,31.752952618614724,38.72222506888923,-23.788461538461547,-26.163461538461547,-0.0377272172746127,0.0,0.0,0
SKU005,2026-05-25,7,595.0,0,0,0,0,No Promotion,5,2,2026,22,0.46472317204376906,-0.8854560256532096,0.49999999999999994,-0.8660254037844387,Furniture,Chair,4655.8,8102.01,696.0,625.0,583.0,565.0,644.0,779.0,523.0,620.25,607.375,632.0,54.82928049865319,45.11235972546769,-11.75,-24.625,-0.018591772151898778,0.0,0.0,0
SKU005,2026-06-01,7,745.0,0,0,0,0,No Promotion,6,2,2026,23,0.35460488704253584,-0.9350162426854147,1.2246467991473532e-16,-1.0,Furniture,Chair,4655.8,8102.01,595.0,696.0,577.0,568.0,587.0,584.0,677.0,623.25,611.125,628.2307692307693,52.38558962157428,42.24228585535723,-4.980769230769283,-17.105769230769283,-0.007928247826619383,0.0,0.0,0
SKU005,2026-06-08,7,869.0,5,0,1,0,Summer Sale,6,2,2026,24,0.23931566428755768,-0.970941817426052,1.2246467991473532e-16,-1.0,Furniture,Chair,4655.8,8102.01,745.0,595.0,625.0,603.0,609.0,623.0,716.0,665.25,633.25,640.3846153846154,67.97242087788247,59.32657799960196,24.86538461538464,-7.134615384615358,0.038828828828828765,665.25,0.7142857142857143,0
SKU005,2026-06-15,7,890.0,6,0,1,0,Summer Sale,6,2,2026,25,0.12053668025532308,-0.992708874098054,1.2246467991473532e-16,-1.0,Furniture,Chair,4655.8,8102.01,869.0,745.0,696.0,642.0,845.0,775.0,774.0,726.25,666.5,660.3846153846154,113.82845279923058,100.32518555748031,65.86538461538464,6.115384615384642,0.09973791496796736,726.25,0.8571428571428571,0
SKU005,2026-06-22,7,663.0,0,0,0,0,No Promotion,6,2,2026,26,-3.216245299353273e-16,-1.0,1.2246467991473532e-16,-1.0,Furniture,Chair,4655.8,8102.01,890.0,869.0,595.0,583.0,672.0,942.0,578.0,774.75,697.5,663.8461538461538,135.8439668639477,126.5588513583418,110.90384615384619,33.65384615384619,0.16706257242178446,0.0,0.0,0
SKU006,2025-01-06,7,106.0,3,0,1,0,New Year Sale,1,1,2025,2,0.23931566428755774,0.970941817426052,0.49999999999999994,0.8660254037844387,Home Decor,home decor,4166.98,6462.39,,,,,,,,,,,,,,,,,0.42857142857142855,0
SKU006,2025-01-13,7,104.0,3,0,1,0,New Year Sale,1,1,2025,3,0.3546048870425356,0.9350162426854148,0.49999999999999994,0.8660254037844387,Home Decor,home decor,4166.98,6462.39,106.0,,,,,,,,,,,,,,,,0.42857142857142855,0
SKU006,2025-01-20,7,91.0,0,1,0,1,No Promotion,1,1,2025,4,0.4647231720437685,0.8854560256532099,0.49999999999999994,0.8660254037844387,Home Decor,home decor,4166.98,6462.39,104.0,106.0,,,,,,,,,,,,,,,0.0,0
SKU006,2025-01-27,7,94.0,0,0,0,0,No Promotion,1,1,2025,5,0.5680647467311558,0.8229838658936564,0.49999999999999994,0.8660254037844387,Home Decor,home decor,4166.98,6462.39,91.0,104.0,,,,,,,,,,,,,,,0.0,0
SKU006,2025-02-03,7,97.0,0,0,0,0,No Promotion,2,1,2025,6,0.6631226582407952,0.7485107481711011,0.8660254037844386,0.5000000000000001,Home Decor,home decor,4166.98,6462.39,94.0,91.0,106.0,,,,,98.75,,,7.3654599313281155,,,,,0.0,0.0,0
SKU006,2025-02-10,7,102.0,0,0,0,0,No Promotion,2,1,2025,7,0.7485107481711011,0.6631226582407953,0.8660254037844386,0.5000000000000001,Home Decor,home decor,4166.98,6462.39,97.0,94.0,104.0,,,,,96.5,,,5.567764362830019,,,,,0.0,0.0,0
SKU006,2025-02-17,7,91.0,0,0,0,0,No Promotion,2,1,2025,8,0.8229838658936564,0.5680647467311559,0.8660254037844386,0.5000000000000001,Home Decor,home decor,4166.98,6462.39,102.0,97.0,91.0,,,,,96.0,,,4.690415759823425,,,,,0.0,0.0,0
SKU006,2025-02-24,7,84.0,0,0,0,0,No Promotion,2,1,2025,9,0.8854560256532099,0.4647231720437686,0.8660254037844386,0.5000000000000001,Home Decor,home decor,4166.98,6462.39,91.0,102.0,94.0,,,,,96.0,,,4.690415759823425,,,,,0.0,0.0,0
SKU006,2025-03-03,7,87.0,0,0,0,0,No Promotion,3,1,2025,10,0.9350162426854148,0.35460488704253557,1.0,6.123233995736766e-17,Home Decor,home decor,4166.98,6462.39,84.0,91.0,97.0,106.0,,,,93.5,96.125,,7.767453465154027,7.548651724456683,,,,0.0,0.0,0
SKU006,2025-03-10,7,81.0,0,0,0,0,No Promotion,3,1,2025,11,0.970941817426052,0.23931566428755804,1.0,6.123233995736766e-17,Home Decor,home decor,4166.98,6462.39,87.0,84.0,102.0,104.0,,,,91.0,93.75,,7.8740078740118085,6.964194138592059,,,,0.0,0.0,0
SKU006,2025-03-17,7,113.0,4,0,1,0,Spring Sale,3,1,2025,12,0.992708874098054,0.120536680255323,1.0,6.123233995736766e-17,Home Decor,home decor,4166.98,6462.39,81.0,87.0,91.0,91.0,,,,85.75,90.875,,4.272001872658759,6.875162335745764,,,,85.75,0.5714285714285714,0
SKU006,2025-03-24,7,90.0,4,0,1,0,Spring Sale,3,1,2025,13,1.0,-1.6081226496766366e-16,1.0,6.123233995736766e-17,Home Decor,home decor,4166.98,6462.39,113.0,81.0,84.0,94.0,,,,91.25,93.625,,14.70544116985274,10.418904521521032,,,,91.25,0.5714285714285714,0
SKU006,2025-03-31,7,83.0,0,0,0,0,No Promotion,3,1,2025,14,0.992708874098054,-0.12053668025532288,1.0,6.123233995736766e-17,Home Decor,home decor,4166.98,6462.39,90.0,113.0,87.0,97.0,,,,92.75,93.125,,14.008925726121896,10.494045930907678,,,,0.0,0.0,0
SKU006,2025-04-07,7,104.0,0,0,0,0,No Promotion,4,2,2025,15,0.9709418174260521,-0.2393156642875575,0.8660254037844387,-0.4999999999999998,Home Decor,home decor,4166.98,6462.39,83.0,90.0,81.0,102.0,106.0,,,91.75,91.375,94.07692307692308,14.682756326158017,10.914439976471536,-2.32692307692308,-2.70192307692308,-0.02473426001635326,0.0,0.0,0
SKU006,2025-04-14,7,93.0,0,0,0,0,No Promotion,4,2,2025,16,0.9350162426854148,-0.35460488704253545,0.8660254037844387,-0.4999999999999998,Home Decor,home decor,4166.98,6462.39,104.0,83.0,113.0,91.0,104.0,,,97.5,91.625,93.92307692307692,13.527749258468681,11.21144185961059,3.57692307692308,-2.29807692307692,0.03808353808353804,0.0,0.0,0
SKU006,2025-04-21,7,67.0,0,0,0,0,No Promotion,4,2,2025,17,0.8854560256532099,-0.4647231720437685,0.8660254037844387,-0.4999999999999998,Home Decor,home decor,4166.98,6462.39,93.0,104.0,90.0,84.0,91.0,,,92.5,91.875,93.07692307692308,8.7368949480541,11.217811092824022,-0.5769230769230802,-1.2019230769230802,-0.006198347107438051,0.0,0.0,0
SKU006,2025-04-28,7,82.0,0,0,0,0,No Promotion,4,2,2025,18,0.8229838658936565,-0.5680647467311557,0.8660254037844387,-0.4999999999999998,Home Decor,home decor,4166.98,6462.39,67.0,93.0,83.0,87.0,94.0,,,86.75,89.75,91.23076923076923,15.713582235335984,14.149709739577194,-4.480769230769226,-1.4807692307692264,-0.04911467116357504,0.0,0.0,0
SKU006,2025-05-05,7,92.0,0,0,0,0,No Promotion,5,2,2025,19,0.7485107481711013,-0.663122658240795,0.49999999999999994,-0.8660254037844387,Home Decor,home decor,4166.98,6462.39,82.0,67.0,104.0,81.0,97.0,,,86.5,89.125,90.3076923076923,15.800843859321773,14.39680023973581,-3.8076923076923066,-1.1826923076923066,-0.042163543441226525,0.0,0.0,0
SKU006,2025-05-12,7,94.0,0,0,0,0,No Promotion,5,2,2025,20,0.6631226582407952,-0.7485107481711012,0.49999999999999994,-0.8660254037844387,Home Decor,home decor,4166.98,6462.39,92.0,82.0,93.0,113.0,102.0,,,83.5,90.5,89.92307692307692,12.069244660154446,14.030578849681962,-6.42307692307692,0.5769230769230802,-0.0714285714285714,0.0,0.0,0
SKU006,2025-05-19,7,104.0,0,0,0,0,No Promotion,5,2,2025,21,0.5680647467311558,-0.8229838658936564,0.49999999999999994,-0.8660254037844387,Home Decor,home decor,4166.98,6462.39,94.0,92.0,67.0,90.0,91.0,,,83.75,88.125,89.3076923076923,12.338962679253063,10.947113122384627,-5.557692307692307,-1.1826923076923066,-0.06223083548664943,0.0,0.0,0
SKU006,2025-05-26,7,82.0,0,0,0,0,No Promotion,5,2,2025,22,0.46472317204376906,-0.8854560256532096,0.49999999999999994,-0.8660254037844387,Home Decor,home decor,4166.98,6462.39,104.0,94.0,82.0,83.0,84.0,,,93.0,89.875,90.3076923076923,9.018499505645787,12.322308457196065,2.6923076923076934,-0.4326923076923066,0.029812606473594627,0.0,0.0,0
SKU006,2025-06-02,7,105.0,0,0,0,0,No Promotion,6,2,2025,23,0.35460488704253584,-0.9350162426854147,1.2246467991473532e-16,-1.0,Home Decor,home decor,4166.98,6462.39,82.0,104.0,92.0,104.0,87.0,,,93.0,89.75,90.15384615384616,9.018499505645787,12.40679537304341,2.8461538461538396,-0.4038461538461604,0.031569965870307026,0.0,0.0,0
SKU006,2025-06-09,7,115.0,6,0,1,0,Summer Sale,6,2,2025,24,0.23931566428755768,-0.970941817426052,1.2246467991473532e-16,-1.0,Home Decor,home decor,4166.98,6462.39,105.0,82.0,94.0,93.0,81.0,,,96.25,89.875,91.53846153846153,10.719919153924,12.574776339959291,4.711538461538467,-1.663461538461533,0.05147058823529416,96.25,0.8571428571428571,0
SKU006,2025-06-16,7,123.0,5,0,1,0,Summer Sale,6,2,2025,25,0.12053668025532308,-0.992708874098054,1.2246467991473532e-16,-1.0,Home Decor,home decor,4166.98,6462.39,115.0,105.0,104.0,67.0,113.0,,,101.5,92.625,94.15384615384616,13.916417163432069,15.435927479191431,7.34615384615384,-1.5288461538461604,0.07802287581699341,101.5,0.7142857142857143,0
SKU006,2025-06-23,7,95.0,0,0,0,0,No Promotion,6,2,2025,26,-3.216245299353273e-16,-1.0,1.2246467991473532e-16,-1.0,Home Decor,home decor,4166.98,6462.39,123.0,115.0,82.0,82.0,90.0,,,106.25,99.625,94.92307692307692,17.764665303161028,14.841423689890977,11.32692307692308,4.70192307692308,0.1193273905996759,0.0,0.0,0
SKU006,2025-06-30,7,99.0,0,0,0,0,No Promotion,6,2,2025,27,-0.12053668025532283,-0.992708874098054,1.2246467991473532e-16,-1.0,Home Decor,home decor,4166.98,6462.39,95.0,123.0,105.0,92.0,83.0,,,109.5,101.25,95.3076923076923,12.15181742237212,13.2638068226498,14.192307692307693,5.942307692307693,0.14891041162227614,0.0,0.0,0
SKU006,2025-07-07,7,103.0,0,0,0,0,No Promotion,7,3,2025,28,-0.23931566428755743,-0.9709418174260521,-0.4999999999999997,-0.8660254037844388,Home Decor,home decor,4166.98,6462.39,99.0,95.0,115.0,94.0,104.0,106.0,,108.0,102.125,96.53846153846153,13.216151734399338,12.788806489605328,11.461538461538467,5.586538461538467,0.11872509960159361,0.0,0.0,0
SKU006,2025-07-14,7,77.0,0,0,0,0,No Promotion,7,3,2025,29,-0.3546048870425356,-0.9350162426854148,-0.4999999999999997,-0.8660254037844388,Home Decor,home decor,4166.98,6462.39,103.0,99.0,123.0,104.0,93.0,104.0,,105.0,103.25,96.46153846153847,12.436505404118419,12.360651855210316,8.538461538461533,6.788461538461533,0.0885167464114831,0.0,0.0,0
SKU006,2025-07-21,7,92.0,0,0,0,0,No Promotion,7,3,2025,30,-0.46472317204376806,-0.8854560256532101,-0.4999999999999997,-0.8660254037844388,Home Decor,home decor,4166.98,6462.39,77.0,103.0,95.0,82.0,67.0,91.0,,93.5,99.875,95.23076923076923,11.474609652039002,15.431299362010963,-1.7307692307692264,4.644230769230774,-0.01817447495961222,0.0,0.0,0
SKU006,2025-07-28,7,97.0,0,0,0,0,No Promotion,7,3,2025,31,-0.5680647467311556,-0.8229838658936566,-0.4999999999999997,-0.8660254037844388,Home Decor,home decor,4166.98,6462.39,92.0,77.0,99.0,105.0,82.0,94.0,,92.75,101.125,97.15384615384616,11.441882129556598,14.126343172547216,-4.40384615384616,3.9711538461538396,-0.04532858273950913,0.0,0.0,0
SKU006,2025-08-04,7,103.0,0,0,0,0,No Promotion,8,3,2025,32,-0.663122658240795,-0.7485107481711013,-0.8660254037844385,-0.5000000000000004,Home Decor,home decor,4166.98,6462.39,97.0,92.0,103.0,115.0,92.0,97.0,,92.25,100.125,98.3076923076923,11.116804097101527,14.095972069049672,-6.057692307692307,1.8173076923076934,-0.06161971830985913,0.0,0.0,0
SKU006,2025-08-11,7,90.0,0,1,0,1,No Promotion,8,3,2025,33,-0.7485107481711011,-0.6631226582407952,-0.8660254037844385,-0.5000000000000004,Home Decor,home decor,4166.98,6462.39,103.0,97.0,77.0,123.0,94.0,102.0,,92.25,98.625,99.15384615384616,11.116804097101527,12.872312479559705,-6.90384615384616,-0.5288461538461604,-0.06962761830876651,0.0,0.0,0
SKU006,2025-08-18,7,80.0,0,0,0,0,No Promotion,8,3,2025,34,-0.8229838658936564,-0.5680647467311559,-0.8660254037844385,-0.5000000000000004,Home Decor,home decor,4166.98,6462.39,90.0,103.0,92.0,95.0,104.0,91.0,,95.5,94.5,98.84615384615384,5.802298395176402,8.485281374238566,-3.3461538461538396,-4.34615384615384,-0.033852140077821,0.0,0.0,0
SKU006,2025-08-25,7,97.0,0,0,0,0,No Promotion,8,3,2025,35,-0.8854560256532096,-0.4647231720437691,-0.8660254037844385,-0.5000000000000004,Home Decor,home decor,4166.98,6462.39,80.0,90.0,97.0,99.0,82.0,84.0,,92.5,92.625,97.0,9.882644720249063,9.898592973607046,-4.5,-4.375,-0.046391752577319534,0.0,0.0,0
SKU006,2025-09-01,7,80.0,0,0,0,0,No Promotion,9,3,2025,36,-0.9350162426854147,-0.3546048870425359,-1.0,-1.8369701987210297e-16,Home Decor,home decor,4166.98,6462.39,97.0,80.0,103.0,103.0,105.0,87.0,,92.5,92.375,98.15384615384616,9.882644720249063,9.7385463861033,-5.65384615384616,-5.77884615384616,-0.057601880877742984,0.0,0.0,0
SKU006,2025-09-08,7,91.0,0,0,0,0,No Promotion,9,3,2025,37,-0.970941817426052,-0.23931566428755774,-1.0,-1.8369701987210297e-16,Home Decor,home decor,4166.98,6462.39,80.0,97.0,90.0,77.0,115.0,81.0,,86.75,89.5,96.23076923076923,8.301606270274847,9.546876826630639,-9.480769230769226,-6.730769230769226,-0.09852118305355706,0.0,0.0,0
SKU006,2025-09-15,7,103.0,0,0,0,0,No Promotion,9,3,2025,38,-0.992708874098054,-0.12053668025532357,-1.0,-1.8369701987210297e-16,Home Decor,home decor,4166.98,6462.39,91.0,80.0,80.0,92.0,123.0,113.0,,87.0,91.25,94.38461538461539,8.445906306213285,8.102027964828132,-7.384615384615387,-3.134615384615387,-0.07823960880195602,0.0,0.0,0
SKU006,2025-09-22,7,82.0,0,0,0,0,No Promotion,9,3,2025,39,-1.0,-1.8369701987210297e-16,-1.0,-1.8369701987210297e-16,Home Decor,home decor,4166.98,6462.39,103.0,91.0,97.0,97.0,95.0,90.0,,92.75,92.625,92.84615384615384,9.810708435174293,9.11729126440523,-0.0961538461538396,-0.2211538461538396,-0.001035625517812666,0.0,0.0,0
SKU006,2025-09-29,7,87.0,5,1,1,1,Festive Sale,9,3,2025,40,-0.992708874098054,0.1205366802553232,-1.0,-1.8369701987210297e-16,Home Decor,home decor,4166.98,6462.39,82.0,103.0,80.0,103.0,99.0,83.0,,89.0,90.75,91.84615384615384,10.488088481701515,9.617692030835668,-2.8461538461538396,-1.0961538461538396,-0.030988274706867602,89.0,0.7142857142857143,1
SKU006,2025-10-06,7,88.0,5,0,1,0,Festive Sale,10,4,2025,41,-0.9709418174260521,0.23931566428755738,-0.8660254037844386,0.5000000000000001,Home Decor,home decor,4166.98,6462.39,87.0,82.0,91.0,90.0,103.0,104.0,,90.75,88.75,90.92307692307692,8.958236433584458,8.276472678623419,-0.1730769230769198,-2.17307692307692,-0.001903553299492322,90.75,0.7142857142857143,0
SKU006,2025-10-13,7,94.0,0,0,0,0,No Promotion,10,4,2025,42,-0.9350162426854148,0.35460488704253557,-0.8660254037844386,0.5000000000000001,Home Decor,home decor,4166.98,6462.39,88.0,87.0,103.0,80.0,77.0,93.0,,90.0,88.5,89.76923076923077,9.055385138137417,8.263517065131179,0.2307692307692264,-1.2692307692307736,0.0025706940874035134,0.0,0.0,0
SKU006,2025-10-20,7,99.0,0,0,0,0,No Promotion,10,4,2025,43,-0.8854560256532101,0.464723172043768,-0.8660254037844386,0.5000000000000001,Home Decor,home decor,4166.98,6462.39,94.0,88.0,82.0,97.0,92.0,67.0,,87.75,90.25,91.07692307692308,4.924428900898054,7.667184247539263,-3.32692307692308,-0.8269230769230802,-0.03652871621621623,0.0,0.0,0
SKU006,2025-10-27,7,111.0,0,1,0,1,No Promotion,10,4,2025,44,-0.822983865893657,0.5680647467311548,-0.8660254037844386,0.5000000000000001,Home Decor,home decor,4166.98,6462.39,99.0,94.0,87.0,80.0,97.0,82.0,,92.0,90.5,91.61538461538461,5.597618541248888,7.946247991527642,0.3846153846153868,-1.1153846153846132,0.004198152812762368,0.0,0.0,0
SKU006,2025-11-03,7,88.0,0,0,0,0,No Promotion,11,4,2025,45,-0.7485107481711011,0.6631226582407952,-0.5000000000000004,0.8660254037844384,Home Decor,home decor,4166.98,6462.39,111.0,99.0,88.0,91.0,103.0,92.0,,98.0,94.375,92.6923076923077,9.763879010584539,9.500939803138271,5.307692307692307,1.6826923076923066,0.05726141078838176,0.0,0.0,0
SKU006,2025-11-10,7,81.0,0,0,0,0,No Promotion,11,4,2025,46,-0.6631226582407955,0.7485107481711007,-0.5000000000000004,0.8660254037844384,Home Decor,home decor,4166.98,6462.39,88.0,111.0,94.0,103.0,90.0,94.0,,98.0,94.0,91.53846153846153,9.763879010584539,9.710083124552241,6.461538461538467,2.461538461538467,0.07058823529411762,0.0,0.0,0
SKU006,2025-11-17,7,96.0,4,0,1,0,Black Friday,11,4,2025,47,-0.5680647467311559,0.8229838658936564,-0.5000000000000004,0.8660254037844384,Home Decor,home decor,4166.98,6462.39,81.0,88.0,99.0,82.0,80.0,104.0,,94.75,91.25,90.84615384615384,13.124404748406684,9.910312089651145,3.9038461538461604,0.4038461538461604,0.04297205757832345,94.75,0.5714285714285714,0
SKU006,2025-11-24,7,111.0,7,0,1,0,Black Friday,11,4,2025,48,-0.4647231720437684,0.88545602565321,-0.5000000000000004,0.8660254037844384,Home Decor,home decor,4166.98,6462.39,96.0,81.0,111.0,87.0,97.0,82.0,,94.0,93.0,92.07692307692308,12.884098726725123,9.258200997725512,1.9230769230769198,0.9230769230769198,0.02088554720133673,94.0,1.0,0
SKU006,2025-12-01,7,76.0,0,0,0,0,No Promotion,12,4,2025,49,-0.35460488704253595,0.9350162426854147,-2.4492935982947064e-16,1.0,Home Decor,home decor,4166.98,6462.39,111.0,96.0,88.0,88.0,80.0,105.0,,94.0,96.0,93.15384615384616,12.884098726725123,10.796824930109246,0.8461538461538396,2.8461538461538396,0.009083402146985886,0.0,0.0,0
SKU006,2025-12-08,7,100.0,0,0,0,0,No Promotion,12,4,2025,50,-0.2393156642875578,0.970941817426052,-2.4492935982947064e-16,1.0,Home Decor,home decor,4166.98,6462.39,76.0,111.0,81.0,94.0,91.0,115.0,,91.0,94.5,92.84615384615384,15.811388300841895,12.727922061357853,-1.8461538461538396,1.6538461538461604,-0.0198840099420049,0.0,0.0,0
SKU006,2025-12-15,7,127.0,7,0,1,0,Year End Sale,12,4,2025,51,-0.12053668025532363,0.992708874098054,-2.4492935982947064e-16,1.0,Home Decor,home decor,4166.98,6462.39,100.0,76.0,96.0,99.0,103.0,123.0,,95.75,95.25,93.53846153846153,14.614490525958587,12.870231433150574,2.211538461538467,1.711538461538467,0.023643092105263275,95.75,1.0,0
SKU006,2025-12-22,7,151.0,7,1,1,1,Year End Sale,12,4,2025,52,6.432490598706546e-16,1.0,-2.4492935982947064e-16,1.0,Home Decor,home decor,4166.98,6462.39,127.0,100.0,111.0,111.0,82.0,95.0,,103.5,98.75,95.38461538461539,21.42428528562855,17.13601053754511,8.115384615384613,3.365384615384613,0.08508064516129021,103.5,1.0,1
SKU006,2025-12-29,7,104.0,3,0,1,0,Year End Sale,12,4,2025,1,0.12053668025532305,0.992708874098054,-2.4492935982947064e-16,1.0,Home Decor,home decor,4166.98,6462.39,151.0,127.0,76.0,88.0,87.0,99.0,,113.5,103.75,100.6923076923077,32.54228019054596,25.172263647571647,12.807692307692307,3.0576923076923066,0.12719633307868605,113.5,0.42857142857142855,0
SKU006,2026-01-05,7,98.0,0,0,0,0,No Promotion,1,1,2026,2,0.23931566428755774,0.970941817426052,0.49999999999999994,0.8660254037844387,Home Decor,home decor,4166.98,6462.39,104.0,151.0,100.0,81.0,88.0,103.0,106.0,120.5,105.75,102.0,23.558437978779494,24.364787237791695,18.5,3.75,0.18137254901960786,0.0,0.0,0
SKU006,2026-01-12,7,95.0,0,0,0,0,No Promotion,1,1,2026,3,0.3546048870425356,0.9350162426854148,0.49999999999999994,0.8660254037844387,Home Decor,home decor,4166.98,6462.39,98.0,104.0,127.0,96.0,94.0,77.0,104.0,120.0,107.875,102.76923076923077,24.1522945769824,22.573293322609608,17.230769230769226,5.105769230769226,0.16766467065868262,0.0,0.0,0
SKU006,2026-01-19,7,100.0,0,0,0,0,No Promotion,1,1,2026,4,0.4647231720437685,0.8854560256532099,0.49999999999999994,0.8660254037844387,Home Decor,home decor,4166.98,6462.39,95.0,98.0,151.0,111.0,99.0,92.0,91.0,112.0,107.75,102.84615384615384,26.267851073127396,22.65108007516261,9.15384615384616,4.90384615384616,0.08900523560209428,0.0,0.0,0
SKU006,2026-01-26,7,112.0,0,1,0,1,No Promotion,1,1,2026,5,0.5680647467311558,0.8229838658936564,0.49999999999999994,0.8660254037844387,Home Decor,home decor,4166.98,6462.39,100.0,95.0,104.0,76.0,111.0,97.0,94.0,99.25,106.375,102.92307692307692,3.774917217635375,22.759221051194675,-3.67307692307692,3.45192307692308,-0.035687593423019415,0.0,0.0,0
SKU006,2026-02-02,7,91.0,0,0,0,0,No Promotion,2,1,2026,6,0.6631226582407952,0.7485107481711011,0.8660254037844386,0.5000000000000001,Home Decor,home decor,4166.98,6462.39,112.0,100.0,98.0,100.0,88.0,103.0,97.0,101.25,110.875,103.0,7.455423082115013,19.171686713186492,-1.75,7.875,-0.016990291262135915,0.0,0.0,0
SKU006,2026-02-09,7,88.0,0,0,0,0,No Promotion,2,1,2026,7,0.7485107481711011,0.6631226582407953,0.8660254037844386,0.5000000000000001,Home Decor,home decor,4166.98,6462.39,91.0,112.0,95.0,127.0,81.0,90.0,102.0,99.5,109.75,103.23076923076923,9.110433579144297,20.140577378587167,-3.7307692307692264,6.519230769230774,-0.03614008941877789,0.0,0.0,0
SKU006,2026-02-16,7,101.0,0,0,0,0,No Promotion,2,1,2026,8,0.8229838658936564,0.5680647467311559,0.8660254037844386,0.5000000000000001,Home Decor,home decor,4166.98,6462.39,88.0,91.0,100.0,151.0,96.0,80.0,91.0,97.75,104.875,103.76923076923077,10.781929326423912,20.088642846856814,-6.019230769230774,1.1057692307692264,-0.05800593031875467,0.0,0.0,0
SKU006,2026-02-23,7,95.0,0,0,0,0,No Promotion,2,1,2026,9,0.8854560256532099,0.4647231720437686,0.8660254037844386,0.5000000000000001,Home Decor,home decor,4166.98,6462.39,101.0,88.0,112.0,104.0,111.0,97.0,84.0,98.0,98.625,104.15384615384616,10.862780491200215,7.558108228915488,-6.15384615384616,-5.52884615384616,-0.05908419497784345,0.0,0.0,0
SKU006,2026-03-02,7,104.0,0,0,0,0,No Promotion,3,1,2026,10,0.9350162426854148,0.35460488704253557,1.0,6.123233995736766e-17,Home Decor,home decor,4166.98,6462.39,95.0,101.0,91.0,98.0,76.0,80.0,87.0,93.75,97.5,102.92307692307692,5.619905100029119,7.3094850316948765,-9.17307692307692,-5.42307692307692,-0.0891255605381166,0.0,0.0,0
SKU006,2026-03-09,7,88.0,1,0,1,0,Spring Sale,3,1,2026,11,0.970941817426052,0.23931566428755804,1.0,6.123233995736766e-17,Home Decor,home decor,4166.98,6462.39,104.0,95.0,88.0,95.0,100.0,91.0,81.0,97.0,98.25,105.07692307692308,7.071067811865473,7.66718424753927,-8.07692307692308,-6.82692307692308,-0.0768667642752563,97.0,0.14285714285714285,0
SKU006,2026-03-16,7,123.0,7,0,1,0,Spring Sale,3,1,2026,12,0.992708874098054,0.120536680255323,1.0,6.123233995736766e-17,Home Decor,home decor,4166.98,6462.39,88.0,104.0,101.0,100.0,127.0,103.0,113.0,97.0,97.375,104.15384615384616,7.071067811865473,8.450486038430826,-7.15384615384616,-6.77884615384616,-0.06868537666174301,97.0,1.0,0
SKU006,2026-03-23,7,109.0,3,0,1,0,Spring Sale,3,1,2026,13,1.0,-1.6081226496766366e-16,1.0,6.123233995736766e-17,Home Decor,home decor,4166.98,6462.39,123.0,88.0,95.0,112.0,151.0,82.0,90.0,102.5,100.25,103.84615384615384,15.154757228892406,12.441290700153031,-1.3461538461538396,-3.5961538461538396,-0.012962962962962954,102.5,0.42857142857142855,0
SKU006,2026-03-30,7,105.0,0,0,0,0,No Promotion,3,1,2026,14,0.992708874098054,-0.12053668025532288,1.0,6.123233995736766e-17,Home Decor,home decor,4166.98,6462.39,109.0,123.0,104.0,91.0,104.0,87.0,83.0,106.0,99.875,100.61538461538461,14.445299120013631,12.076393737961913,5.384615384615387,-0.7403846153846132,0.05351681957186538,0.0,0.0,0
SKU006,2026-04-06,7,91.0,0,0,0,0,No Promotion,4,2,2026,15,0.9709418174260521,-0.2393156642875575,0.8660254037844387,-0.4999999999999998,Home Decor,home decor,4166.98,6462.39,105.0,109.0,88.0,88.0,98.0,88.0,104.0,106.25,101.625,100.6923076923077,14.407752542757432,11.612031937360737,5.557692307692307,0.9326923076923066,0.05519480519480524,0.0,0.0,0
SKU006,2026-04-13,7,98.0,0,0,0,0,No Promotion,4,2,2026,16,0.9350162426854148,-0.35460488704253545,0.8660254037844387,-0.4999999999999998,Home Decor,home decor,4166.98,6462.39,91.0,105.0,123.0,101.0,95.0,94.0,93.0,107.0,102.0,100.15384615384616,13.165611772087663,11.148350294358098,6.84615384615384,1.8461538461538396,0.06835637480798762,0.0,0.0,0
SKU006,2026-04-20,7,99.0,0,0,0,0,No Promotion,4,2,2026,17,0.8854560256532099,-0.4647231720437685,0.8660254037844387,-0.4999999999999998,Home Decor,home decor,4166.98,6462.39,98.0,91.0,109.0,95.0,100.0,99.0,67.0,100.75,101.625,100.38461538461539,7.932002689527193,11.236897131453022,0.3653846153846132,1.2403846153846132,0.0036398467432949833,0.0,0.0,0
SKU006,2026-04-27,7,113.0,0,0,0,0,No Promotion,4,2,2026,18,0.8229838658936565,-0.5680647467311557,0.8660254037844387,-0.4999999999999998,Home Decor,home decor,4166.98,6462.39,99.0,98.0,105.0,104.0,112.0,111.0,82.0,98.25,102.125,100.3076923076923,5.737304826019498,10.986192633093076,-2.0576923076923066,1.8173076923076934,-0.020513803680981546,0.0,0.0,0
SKU006,2026-05-04,7,109.0,0,0,0,0,No Promotion,5,2,2026,19,0.7485107481711013,-0.663122658240795,0.49999999999999994,-0.8660254037844387,Home Decor,home decor,4166.98,6462.39,113.0,99.0,91.0,88.0,91.0,88.0,92.0,100.25,103.25,100.38461538461539,9.215023964519387,11.646581350029594,-0.1346153846153868,2.865384615384613,-0.001340996168582409,0.0,0.0,0
SKU006,2026-05-11,7,101.0,0,0,0,0,No Promotion,5,2,2026,20,0.6631226582407952,-0.7485107481711012,0.49999999999999994,-0.8660254037844387,Home Decor,home decor,4166.98,6462.39,109.0,113.0,98.0,123.0,88.0,81.0,94.0,104.75,105.875,101.76923076923077,7.410578025138568,9.963325606586244,2.9807692307692264,4.105769230769226,0.029289493575207715,0.0,0.0,0
SKU006,2026-05-18,7,95.0,0,0,0,0,No Promotion,5,2,2026,21,0.5680647467311558,-0.8229838658936564,0.49999999999999994,-0.8660254037844387,Home Decor,home decor,4166.98,6462.39,101.0,109.0,99.0,109.0,101.0,96.0,104.0,105.5,103.125,102.76923076923077,6.608075867199667,7.219764539096826,2.7307692307692264,0.3557692307692264,0.02657185628742509,0.0,0.0,0
SKU006,2026-05-25,7,106.0,0,0,0,0,No Promotion,5,2,2026,22,0.46472317204376906,-0.8854560256532096,0.49999999999999994,-0.8660254037844387,Home Decor,home decor,4166.98,6462.39,95.0,101.0,113.0,105.0,95.0,111.0,82.0,104.5,101.375,102.3076923076923,8.062257748298547,7.288689868556627,2.1923076923076934,-0.9326923076923066,0.021428571428571352,0.0,0.0,0
SKU006,2026-06-01,7,121.0,0,0,0,0,No Promotion,6,2,2026,23,0.35460488704253584,-0.9350162426854147,1.2246467991473532e-16,-1.0,Home Decor,home decor,4166.98,6462.39,106.0,95.0,109.0,91.0,104.0,76.0,105.0,102.75,101.5,103.15384615384616,6.130524719249839,7.3678839761300745,-0.4038461538461604,-1.6538461538461604,-0.0039149888143177325,0.0,0.0,0
SKU006,2026-06-08,7,119.0,5,0,1,0,Summer Sale,6,2,2026,24,0.23931566428755768,-0.970941817426052,1.2246467991473532e-16,-1.0,Home Decor,home decor,4166.98,6462.39,121.0,106.0,101.0,98.0,88.0,100.0,115.0,105.75,105.25,104.46153846153847,11.116804097101527,8.762745818846643,1.288461538461533,0.788461538461533,0.012334315169366672,105.75,0.7142857142857143,0
SKU006,2026-06-15,7,153.0,6,0,1,0,Summer Sale,6,2,2026,25,0.12053668025532308,-0.992708874098054,1.2246467991473532e-16,-1.0,Home Decor,home decor,4166.98,6462.39,119.0,121.0,95.0,99.0,123.0,127.0,123.0,110.25,107.875,106.84615384615384,12.148388096094614,9.402697181432268,3.4038461538461604,1.0288461538461604,0.03185745140388785,110.25,0.8571428571428571,0
SKU006,2026-06-22,7,102.0,0,0,0,0,No Promotion,6,2,2026,26,-3.216245299353273e-16,-1.0,1.2246467991473532e-16,-1.0,Home Decor,home decor,4166.98,6462.39,153.0,119.0,106.0,113.0,109.0,151.0,95.0,124.75,114.625,109.15384615384616,19.972898304118676,17.775886556150805,15.59615384615384,5.47115384615384,0.14288231148696262,0.0,0.0,0
SKU007,2025-01-06,7,547.0,3,0,1,0,New Year Sale,1,1,2025,2,0.23931566428755774,0.970941817426052,0.49999999999999994,0.8660254037844387,Small Appliances,Toaster,2906.55,3737.54,,,,,,,,,,,,,,,,,0.42857142857142855,0
SKU007,2025-01-13,7,657.0,3,0,1,0,New Year Sale,1,1,2025,3,0.3546048870425356,0.9350162426854148,0.49999999999999994,0.8660254037844387,Small Appliances,Toaster,2906.55,3737.54,547.0,,,,,,,,,,,,,,,,0.42857142857142855,0
SKU007,2025-01-20,7,616.0,0,1,0,1,No Promotion,1,1,2025,4,0.4647231720437685,0.8854560256532099,0.49999999999999994,0.8660254037844387,Small Appliances,Toaster,2906.55,3737.54,657.0,547.0,,,,,,,,,,,,,,,0.0,0
SKU007,2025-01-27,7,531.0,0,0,0,0,No Promotion,1,1,2025,5,0.5680647467311558,0.8229838658936564,0.49999999999999994,0.8660254037844387,Small Appliances,Toaster,2906.55,3737.54,616.0,657.0,,,,,,,,,,,,,,,0.0,0
SKU007,2025-02-03,7,551.0,0,0,0,0,No Promotion,2,1,2025,6,0.6631226582407952,0.7485107481711011,0.8660254037844386,0.5000000000000001,Small Appliances,Toaster,2906.55,3737.54,531.0,616.0,547.0,,,,,587.75,,,59.08962119808632,,,,,0.0,0.0,0
SKU007,2025-02-10,7,621.0,0,0,0,0,No Promotion,2,1,2025,7,0.7485107481711011,0.6631226582407953,0.8660254037844386,0.5000000000000001,Small Appliances,Toaster,2906.55,3737.54,551.0,531.0,657.0,,,,,588.75,,,58.19722215592997,,,,,0.0,0.0,0
SKU007,2025-02-17,7,569.0,0,0,0,0,No Promotion,2,1,2025,8,0.8229838658936564,0.5680647467311559,0.8660254037844386,0.5000000000000001,Small Appliances,Toaster,2906.55,3737.54,621.0,551.0,616.0,,,,,579.75,,,45.52929459882578,,,,,0.0,0.0,0
SKU007,2025-02-24,7,547.0,0,0,0,0,No Promotion,2,1,2025,9,0.8854560256532099,0.4647231720437686,0.8660254037844386,0.5000000000000001,Small Appliances,Toaster,2906.55,3737.54,569.0,621.0,531.0,,,,,568.0,,,38.5918817024168,,,,,0.0,0.0,0
SKU007,2025-03-03,7,543.0,0,0,0,0,No Promotion,3,1,2025,10,0.9350162426854148,0.35460488704253557,1.0,6.123233995736766e-17,Small Appliances,Toaster,2906.55,3737.54,547.0,569.0,551.0,547.0,,,,572.0,579.875,,34.03919309658597,45.429497968988,,,,0.0,0.0,0
SKU007,2025-03-10,7,590.0,0,0,0,0,No Promotion,3,1,2025,11,0.970941817426052,0.23931566428755804,1.0,6.123233995736766e-17,Small Appliances,Toaster,2906.55,3737.54,543.0,547.0,621.0,657.0,,,,570.0,579.375,,35.870136139505604,45.8629557953444,,,,0.0,0.0,0
SKU007,2025-03-17,7,616.0,4,0,1,0,Spring Sale,3,1,2025,12,0.992708874098054,0.120536680255323,1.0,6.123233995736766e-17,Small Appliances,Toaster,2906.55,3737.54,590.0,543.0,569.0,616.0,,,,562.25,571.0,,21.746647251166465,34.330328116279766,,,,562.25,0.5714285714285714,0
SKU007,2025-03-24,7,608.0,4,0,1,0,Spring Sale,3,1,2025,13,1.0,-1.6081226496766366e-16,1.0,6.123233995736766e-17,Small Appliances,Toaster,2906.55,3737.54,616.0,590.0,547.0,531.0,,,,574.0,571.0,,35.16627171974115,34.330328116279766,,,,574.0,0.5714285714285714,0
SKU007,2025-03-31,7,511.0,0,0,0,0,No Promotion,3,1,2025,14,0.992708874098054,-0.12053668025532288,1.0,6.123233995736766e-17,Small Appliances,Toaster,2906.55,3737.54,608.0,616.0,543.0,551.0,,,,589.25,580.625,,32.69429104089376,32.24432397448316,,,,0.0,0.0,0
SKU007,2025-04-07,7,522.0,0,0,0,0,No Promotion,4,2,2025,15,0.9709418174260521,-0.2393156642875575,0.8660254037844387,-0.4999999999999998,Small Appliances,Toaster,2906.55,3737.54,511.0,608.0,590.0,621.0,547.0,,,581.25,575.625,577.4615384615385,48.07892816331633,39.727419462417366,3.788461538461547,-1.8365384615384528,0.006560543492740045,0.0,0.0,0
SKU007,2025-04-14,7,512.0,0,0,0,0,No Promotion,4,2,2025,16,0.9350162426854148,-0.35460488704253545,0.8660254037844387,-0.4999999999999998,Small Appliances,Toaster,2906.55,3737.54,522.0,511.0,616.0,569.0,657.0,,,564.25,563.25,575.5384615384615,55.41585212433953,38.98626131637364,-11.288461538461547,-12.288461538461547,-0.019613739641807015,0.0,0.0,0
SKU007,2025-04-21,7,496.0,0,0,0,0,No Promotion,4,2,2025,17,0.8854560256532099,-0.4647231720437685,0.8660254037844387,-0.4999999999999998,Small Appliances,Toaster,2906.55,3737.54,512.0,522.0,608.0,547.0,616.0,,,538.25,556.125,564.3846153846154,46.764480823234486,42.80666670374739,-26.13461538461536,-8.259615384615358,-0.04630639225841615,0.0,0.0,0
SKU007,2025-04-28,7,555.0,0,0,0,0,No Promotion,4,2,2025,18,0.8229838658936565,-0.5680647467311557,0.8660254037844387,-0.4999999999999998,Small Appliances,Toaster,2906.55,3737.54,496.0,512.0,511.0,543.0,531.0,,,510.25,549.75,555.1538461538462,10.719919153923973,47.85916840063146,-44.90384615384619,-5.403846153846189,-0.08088540944990996,0.0,0.0,0
SKU007,2025-05-05,7,546.0,0,0,0,0,No Promotion,5,2,2025,19,0.7485107481711013,-0.663122658240795,0.49999999999999994,-0.8660254037844387,Small Appliances,Toaster,2906.55,3737.54,555.0,496.0,522.0,590.0,551.0,,,521.25,551.25,557.0,24.918199506919958,47.80540913805826,-35.75,-5.75,-0.06418312387791747,0.0,0.0,0
SKU007,2025-05-12,7,502.0,0,0,0,0,No Promotion,5,2,2025,20,0.6631226582407952,-0.7485107481711012,0.49999999999999994,-0.8660254037844387,Small Appliances,Toaster,2906.55,3737.54,546.0,555.0,512.0,616.0,621.0,,,527.25,545.75,556.6153846153846,27.87322490611135,45.168731282982556,-29.36538461538464,-10.865384615384642,-0.052757048092869074,0.0,0.0,0
SKU007,2025-05-19,7,498.0,0,0,0,0,No Promotion,5,2,2025,21,0.5680647467311558,-0.8229838658936564,0.49999999999999994,-0.8660254037844387,Small Appliances,Toaster,2906.55,3737.54,502.0,546.0,496.0,608.0,569.0,,,524.75,531.5,547.4615384615385,30.05966289453913,37.10217552343028,-22.711538461538453,-15.961538461538453,-0.04148517633834481,0.0,0.0,0
SKU007,2025-05-26,7,527.0,0,0,0,0,No Promotion,5,2,2025,22,0.46472317204376906,-0.8854560256532096,0.49999999999999994,-0.8660254037844387,Small Appliances,Toaster,2906.55,3737.54,498.0,502.0,555.0,511.0,547.0,,,525.25,517.75,542.0,29.432125305522867,22.017849901516602,-16.75,-24.25,-0.03090405904059046,0.0,0.0,0
SKU007,2025-06-02,7,546.0,0,0,0,0,No Promotion,6,2,2025,23,0.35460488704253584,-0.9350162426854147,1.2246467991473532e-16,-1.0,Small Appliances,Toaster,2906.55,3737.54,527.0,498.0,546.0,522.0,543.0,,,518.25,519.75,540.4615384615385,22.514809940718273,22.04378759262055,-22.211538461538453,-20.711538461538453,-0.04109735269000847,0.0,0.0,0
SKU007,2025-06-09,7,805.0,6,0,1,0,Summer Sale,6,2,2025,24,0.23931566428755768,-0.970941817426052,1.2246467991473532e-16,-1.0,Small Appliances,Toaster,2906.55,3737.54,546.0,527.0,502.0,512.0,590.0,,,518.25,522.75,540.6923076923077,22.514809940718273,23.944877173565605,-22.442307692307736,-17.942307692307736,-0.04150661545027745,518.25,0.8571428571428571,0
SKU007,2025-06-16,7,809.0,5,0,1,0,Summer Sale,6,2,2025,25,0.12053668025532308,-0.992708874098054,1.2246467991473532e-16,-1.0,Small Appliances,Toaster,2906.55,3737.54,805.0,546.0,498.0,496.0,616.0,,,594.0,559.375,557.2307692307693,142.04459393678687,102.00271354933932,36.76923076923072,2.1442307692307168,0.06598564329099932,594.0,0.7142857142857143,0
SKU007,2025-06-23,7,623.0,0,0,0,0,No Promotion,6,2,2025,26,-3.216245299353273e-16,-1.0,1.2246467991473532e-16,-1.0,Small Appliances,Toaster,2906.55,3737.54,809.0,805.0,527.0,555.0,608.0,,,671.75,598.5,572.0769230769231,156.37428390456876,130.31938787894478,99.6730769230769,26.423076923076906,0.17423020034960324,0.0,0.0,0
SKU007,2025-06-30,7,643.0,0,0,0,0,No Promotion,6,2,2025,27,-0.12053668025532283,-0.992708874098054,1.2246467991473532e-16,-1.0,Small Appliances,Toaster,2906.55,3737.54,623.0,809.0,546.0,546.0,511.0,,,695.75,607.0,573.2307692307693,132.26079036005595,129.2903708711519,122.51923076923072,33.76923076923072,0.21373456790123435,0.0,0.0,0
SKU007,2025-07-07,7,543.0,0,0,0,0,No Promotion,7,3,2025,28,-0.23931566428755743,-0.9709418174260521,-0.4999999999999997,-0.8660254037844388,Small Appliances,Toaster,2906.55,3737.54,643.0,623.0,805.0,502.0,522.0,547.0,,720.0,619.125,583.3846153846154,100.80343909477163,127.28532347222352,136.61538461538464,35.74038461538464,0.23417721518987356,0.0,0.0,0
SKU007,2025-07-14,7,613.0,0,0,0,0,No Promotion,7,3,2025,29,-0.3546048870425356,-0.9350162426854148,-0.4999999999999997,-0.8660254037844388,Small Appliances,Toaster,2906.55,3737.54,543.0,643.0,809.0,498.0,512.0,657.0,,654.5,624.25,585.0,111.69452388844614,122.63622163595412,69.5,39.25,0.11880341880341883,0.0,0.0,0
SKU007,2025-07-21,7,630.0,0,0,0,0,No Promotion,7,3,2025,30,-0.46472317204376806,-0.8854560256532101,-0.4999999999999997,-0.8660254037844388,Small Appliances,Toaster,2906.55,3737.54,613.0,543.0,623.0,527.0,496.0,616.0,,605.5,638.625,592.7692307692307,43.49329450233294,112.00247127375617,12.730769230769283,45.85576923076928,0.02147677134700232,0.0,0.0,0
SKU007,2025-07-28,7,614.0,0,0,0,0,No Promotion,7,3,2025,31,-0.5680647467311556,-0.8229838658936566,-0.4999999999999997,-0.8660254037844388,Small Appliances,Toaster,2906.55,3737.54,630.0,613.0,643.0,546.0,555.0,531.0,,607.25,651.5,603.0769230769231,44.559884799372306,102.8869004573191,4.173076923076906,48.423076923076906,0.006919642857142749,0.0,0.0,0
SKU007,2025-08-04,7,610.0,0,0,0,0,No Promotion,8,3,2025,32,-0.663122658240795,-0.7485107481711013,-0.8660254037844385,-0.5000000000000004,Small Appliances,Toaster,2906.55,3737.54,614.0,630.0,543.0,805.0,546.0,551.0,,600.0,660.0,607.6153846153846,38.79003308411407,95.46727187890102,-7.615384615384642,52.38461538461536,-0.01253323205469048,0.0,0.0,0
SKU007,2025-08-11,7,623.0,0,1,0,1,No Promotion,8,3,2025,33,-0.7485107481711011,-0.6631226582407952,-0.8660254037844385,-0.5000000000000004,Small Appliances,Toaster,2906.55,3737.54,610.0,614.0,613.0,809.0,502.0,621.0,,616.75,635.625,612.5384615384615,8.995369179008971,76.08254445947885,4.211538461538453,23.086538461538453,0.006875549416049287,0.0,0.0,0
SKU007,2025-08-18,7,630.0,0,0,0,0,No Promotion,8,3,2025,34,-0.8229838658936564,-0.5680647467311559,-0.8660254037844385,-0.5000000000000004,Small Appliances,Toaster,2906.55,3737.54,623.0,610.0,630.0,623.0,498.0,569.0,,619.25,612.375,621.8461538461538,8.995369179008971,29.990176963227807,-2.596153846153811,-9.471153846153811,-0.004174913409203285,0.0,0.0,0
SKU007,2025-08-25,7,574.0,0,0,0,0,No Promotion,8,3,2025,35,-0.8854560256532096,-0.4647231720437691,-0.8660254037844385,-0.5000000000000004,Small Appliances,Toaster,2906.55,3737.54,630.0,623.0,614.0,643.0,527.0,547.0,,619.25,613.25,632.0,8.995369179008971,30.44315545875164,-12.75,-18.75,-0.020174050632911444,0.0,0.0,0
SKU007,2025-09-01,7,557.0,0,0,0,0,No Promotion,9,3,2025,36,-0.9350162426854147,-0.3546048870425359,-1.0,-1.8369701987210297e-16,Small Appliances,Toaster,2906.55,3737.54,574.0,630.0,610.0,543.0,546.0,543.0,,609.25,604.625,635.6153846153846,24.91819950691993,30.584484862193115,-26.36538461538464,-30.99038461538464,-0.04148009197627989,0.0,0.0,0
SKU007,2025-09-08,7,555.0,0,0,0,0,No Promotion,9,3,2025,37,-0.970941817426052,-0.23931566428755774,-1.0,-1.8369701987210297e-16,Small Appliances,Toaster,2906.55,3737.54,557.0,574.0,623.0,613.0,805.0,590.0,,596.0,606.375,636.4615384615385,36.00925806881703,26.70974942386618,-40.46153846153845,-30.086538461538453,-0.06357263717669803,0.0,0.0,0
SKU007,2025-09-15,7,541.0,0,0,0,0,No Promotion,9,3,2025,38,-0.992708874098054,-0.12053668025532357,-1.0,-1.8369701987210297e-16,Small Appliances,Toaster,2906.55,3737.54,555.0,557.0,630.0,630.0,809.0,616.0,,579.0,599.125,617.2307692307693,35.052341814302004,32.00195306539908,-38.23076923076928,-18.105769230769283,-0.06193918245264218,0.0,0.0,0
SKU007,2025-09-22,7,539.0,0,0,0,0,No Promotion,9,3,2025,39,-1.0,-1.8369701987210297e-16,-1.0,-1.8369701987210297e-16,Small Appliances,Toaster,2906.55,3737.54,541.0,555.0,574.0,614.0,623.0,608.0,,556.75,588.0,596.6153846153846,13.524668819112154,35.059133719230175,-39.86538461538464,-8.615384615384642,-0.06681923671995882,0.0,0.0,0
SKU007,2025-09-29,7,805.0,5,1,1,1,Festive Sale,9,3,2025,40,-0.992708874098054,0.1205366802553232,-1.0,-1.8369701987210297e-16,Small Appliances,Toaster,2906.55,3737.54,539.0,541.0,557.0,610.0,643.0,511.0,,548.0,578.625,590.1538461538462,9.309493362512514,37.08267789682948,-42.15384615384619,-11.528846153846189,-0.07142857142857151,548.0,0.7142857142857143,1
SKU007,2025-10-06,7,735.0,5,0,1,0,Festive Sale,10,4,2025,41,-0.9709418174260521,0.23931566428755738,-0.8660254037844386,0.5000000000000001,Small Appliances,Toaster,2906.55,3737.54,805.0,539.0,555.0,623.0,543.0,522.0,,610.0,603.0,602.6153846153846,130.19472595564946,88.74844063016387,7.384615384615358,0.3846153846153584,0.01225427623181008,610.0,0.7142857142857143,0
SKU007,2025-10-13,7,510.0,0,0,0,0,No Promotion,10,4,2025,42,-0.9350162426854148,0.35460488704253557,-0.8660254037844386,0.5000000000000001,Small Appliances,Toaster,2906.55,3737.54,735.0,805.0,541.0,630.0,613.0,512.0,,655.0,617.0,617.3846153846154,135.83323108380608,100.42054428395477,37.61538461538464,-0.3846153846153584,0.060926987291303414,0.0,0.0,0
SKU007,2025-10-20,7,526.0,0,0,0,0,No Promotion,10,4,2025,43,-0.8854560256532101,0.464723172043768,-0.8660254037844386,0.5000000000000001,Small Appliances,Toaster,2906.55,3737.54,510.0,735.0,539.0,574.0,630.0,496.0,,647.25,602.0,609.4615384615385,145.07555502794625,106.9512572556837,37.78846153846155,-7.461538461538453,0.062003029155622835,0.0,0.0,0
SKU007,2025-10-27,7,567.0,0,1,0,1,No Promotion,10,4,2025,44,-0.822983865893657,0.5680647467311548,-0.8660254037844386,0.5000000000000001,Small Appliances,Toaster,2906.55,3737.54,526.0,510.0,805.0,557.0,614.0,555.0,,644.0,596.0,601.4615384615385,148.41608178810452,110.04804145722646,42.53846153846155,-5.461538461538453,0.07072515666965096,0.0,0.0,0
SKU007,2025-11-03,7,516.0,0,0,0,0,No Promotion,11,4,2025,45,-0.7485107481711011,0.6631226582407952,-0.5000000000000004,0.8660254037844384,Small Appliances,Toaster,2906.55,3737.54,567.0,526.0,735.0,555.0,610.0,546.0,,584.5,597.25,597.8461538461538,103.16491651719589,109.59764074624447,-13.346153846153811,-0.5961538461538112,-0.022323726196603166,0.0,0.0,0
SKU007,2025-11-10,7,567.0,0,0,0,0,No Promotion,11,4,2025,46,-0.6631226582407955,0.7485107481711007,-0.5000000000000004,0.8660254037844384,Small Appliances,Toaster,2906.55,3737.54,516.0,567.0,510.0,541.0,623.0,502.0,,529.75,592.375,590.6153846153846,25.695330315059184,112.57243699693358,-60.86538461538464,1.7596153846153584,-0.10305418077624384,0.0,0.0,0
SKU007,2025-11-17,7,716.0,4,0,1,0,Black Friday,11,4,2025,47,-0.5680647467311559,0.8229838658936564,-0.5000000000000004,0.8660254037844384,Small Appliances,Toaster,2906.55,3737.54,567.0,516.0,526.0,539.0,630.0,498.0,,544.0,595.625,586.3076923076923,26.87005768508879,111.24482331455123,-42.307692307692264,9.317307692307736,-0.0721595381789556,544.0,0.5714285714285714,0
SKU007,2025-11-24,7,830.0,7,0,1,0,Black Friday,11,4,2025,48,-0.4647231720437684,0.88545602565321,-0.5000000000000004,0.8660254037844384,Small Appliances,Toaster,2906.55,3737.54,716.0,567.0,567.0,805.0,574.0,527.0,,591.5,617.75,592.9230769230769,86.41180474911978,115.87893929195495,-1.4230769230769056,24.826923076923094,-0.0024001037882719345,591.5,1.0,0
SKU007,2025-12-01,7,618.0,0,0,0,0,No Promotion,12,4,2025,49,-0.35460488704253595,0.9350162426854147,-2.4492935982947064e-16,1.0,Small Appliances,Toaster,2906.55,3737.54,830.0,716.0,516.0,735.0,557.0,546.0,,657.25,620.875,612.6153846153846,143.05098158815036,121.83412318159712,44.63461538461536,8.259615384615358,0.07285911602209949,0.0,0.0,0
SKU007,2025-12-08,7,717.0,0,0,0,0,No Promotion,12,4,2025,50,-0.2393156642875578,0.970941817426052,-2.4492935982947064e-16,1.0,Small Appliances,Toaster,2906.55,3737.54,618.0,830.0,567.0,510.0,555.0,805.0,,682.75,606.25,617.3076923076923,116.01544437415794,112.87002638939563,65.44230769230774,-11.057692307692264,0.10601246105919016,0.0,0.0,0
SKU007,2025-12-15,7,786.0,7,0,1,0,Year End Sale,12,4,2025,51,-0.12053668025532363,0.992708874098054,-2.4492935982947064e-16,1.0,Small Appliances,Toaster,2906.55,3737.54,717.0,618.0,716.0,526.0,541.0,809.0,,720.25,632.125,629.7692307692307,86.65785211585464,111.36995940172945,90.48076923076928,2.3557692307692832,0.1436728960547209,720.25,1.0,0
SKU007,2025-12-22,7,869.0,7,1,1,1,Year End Sale,12,4,2025,52,6.432490598706546e-16,1.0,-2.4492935982947064e-16,1.0,Small Appliances,Toaster,2906.55,3737.54,786.0,717.0,830.0,567.0,539.0,623.0,,737.75,664.625,648.6153846153846,92.39182864301367,113.88457502476547,89.13461538461536,16.00961538461536,0.1374229127134725,737.75,1.0,1
SKU007,2025-12-29,7,769.0,3,0,1,0,Year End Sale,12,4,2025,1,0.12053668025532305,0.992708874098054,-2.4492935982947064e-16,1.0,Small Appliances,Toaster,2906.55,3737.54,869.0,786.0,618.0,516.0,805.0,643.0,,747.5,702.375,674.0,106.37198879404295,126.27966412462689,73.5,28.375,0.10905044510385764,747.5,0.42857142857142855,0
SKU007,2026-01-05,7,655.0,0,0,0,0,No Promotion,1,1,2026,2,0.23931566428755774,0.970941817426052,0.49999999999999994,0.8660254037844387,Small Appliances,Toaster,2906.55,3737.54,769.0,869.0,717.0,567.0,735.0,543.0,547.0,785.25,734.0,671.2307692307693,63.07865460412633,102.3495411393162,114.01923076923072,62.76923076923072,0.16986591794636707,0.0,0.0,0
SKU007,2026-01-12,7,632.0,0,0,0,0,No Promotion,1,1,2026,3,0.3546048870425356,0.9350162426854148,0.49999999999999994,0.8660254037844387,Small Appliances,Toaster,2906.55,3737.54,655.0,769.0,786.0,716.0,510.0,613.0,657.0,769.75,745.0,665.0769230769231,88.09606498968424,85.1150481910892,104.6730769230769,79.9230769230769,0.1573849178811011,0.0,0.0,0
SKU007,2026-01-19,7,634.0,0,0,0,0,No Promotion,1,1,2026,4,0.4647231720437685,0.8854560256532099,0.49999999999999994,0.8660254037844387,Small Appliances,Toaster,2906.55,3737.54,632.0,655.0,869.0,830.0,526.0,630.0,616.0,731.25,734.5,674.4615384615385,109.64298123151038,93.92854426941491,56.78846153846155,60.03846153846155,0.08419822080291972,0.0,0.0,0
SKU007,2026-01-26,7,595.0,0,1,0,1,No Promotion,1,1,2026,5,0.5680647467311558,0.8229838658936564,0.49999999999999994,0.8660254037844387,Small Appliances,Toaster,2906.55,3737.54,634.0,632.0,769.0,618.0,567.0,614.0,531.0,672.5,710.0,682.7692307692307,65.16901104052451,90.97566393586494,-10.269230769230717,27.230769230769283,-0.015040558810274773,0.0,0.0,0
SKU007,2026-02-02,7,650.0,0,0,0,0,No Promotion,2,1,2026,6,0.6631226582407952,0.7485107481711011,0.8660254037844386,0.5000000000000001,Small Appliances,Toaster,2906.55,3737.54,595.0,634.0,655.0,717.0,516.0,610.0,551.0,629.0,707.125,684.9230769230769,24.939927826679977,94.58999871626422,-55.923076923076906,22.201923076923094,-0.08164869721473489,0.0,0.0,0
SKU007,2026-02-09,7,644.0,0,0,0,0,No Promotion,2,1,2026,7,0.7485107481711011,0.6631226582407953,0.8660254037844386,0.5000000000000001,Small Appliances,Toaster,2906.55,3737.54,650.0,595.0,632.0,786.0,567.0,623.0,621.0,627.75,698.75,695.2307692307693,23.27194305023411,96.53681755090724,-67.48076923076928,3.5192307692307168,-0.0970624031865458,0.0,0.0,0
SKU007,2026-02-16,7,696.0,0,0,0,0,No Promotion,2,1,2026,8,0.8229838658936564,0.5680647467311559,0.8660254037844386,0.5000000000000001,Small Appliances,Toaster,2906.55,3737.54,644.0,650.0,634.0,869.0,716.0,630.0,569.0,630.75,681.0,701.1538461538462,24.730210943971738,91.10433579144303,-70.40384615384619,-20.15384615384619,-0.1004114097641251,0.0,0.0,0
SKU007,2026-02-23,7,641.0,0,0,0,0,No Promotion,2,1,2026,9,0.8854560256532099,0.4647231720437686,0.8660254037844386,0.5000000000000001,Small Appliances,Toaster,2906.55,3737.54,696.0,644.0,595.0,769.0,830.0,574.0,547.0,646.25,659.375,699.6153846153846,41.31484801698626,52.42664943927449,-53.36538461538464,-40.24038461538464,-0.07627817482133048,0.0,0.0,0
SKU007,2026-03-02,7,545.0,0,0,0,0,No Promotion,3,1,2026,10,0.9350162426854148,0.35460488704253557,1.0,6.123233995736766e-17,Small Appliances,Toaster,2906.55,3737.54,641.0,696.0,650.0,655.0,618.0,557.0,543.0,657.75,643.375,685.0769230769231,25.773047937719866,28.060839514984618,-27.326923076923094,-41.701923076923094,-0.03988883898495399,0.0,0.0,0
SKU007,2026-03-09,7,589.0,1,0,1,0,Spring Sale,3,1,2026,11,0.970941817426052,0.23931566428755804,1.0,6.123233995736766e-17,Small Appliances,Toaster,2906.55,3737.54,545.0,641.0,644.0,632.0,717.0,555.0,590.0,631.5,629.625,679.4615384615385,62.95236294214862,43.983560240487336,-47.96153846153845,-49.83653846153845,-0.07058756934223931,631.5,0.14285714285714285,0
SKU007,2026-03-16,7,756.0,7,0,1,0,Spring Sale,3,1,2026,12,0.992708874098054,0.120536680255323,1.0,6.123233995736766e-17,Small Appliances,Toaster,2906.55,3737.54,589.0,545.0,696.0,634.0,786.0,541.0,616.0,617.75,624.25,669.6153846153846,65.27569736637575,46.22228899567834,-51.86538461538464,-45.36538461538464,-0.07745548535324531,617.75,1.0,0
SKU007,2026-03-23,7,746.0,3,0,1,0,Spring Sale,3,1,2026,13,1.0,-1.6081226496766366e-16,1.0,6.123233995736766e-17,Small Appliances,Toaster,2906.55,3737.54,756.0,589.0,641.0,595.0,869.0,539.0,608.0,632.75,639.5,667.3076923076923,91.0544708768695,65.8548186760631,-34.557692307692264,-27.807692307692264,-0.05178674351585011,632.75,0.42857142857142855,0
SKU007,2026-03-30,7,564.0,0,0,0,0,No Promotion,3,1,2026,14,0.992708874098054,-0.12053668025532288,1.0,6.123233995736766e-17,Small Appliances,Toaster,2906.55,3737.54,746.0,756.0,545.0,650.0,769.0,805.0,511.0,659.0,658.375,657.8461538461538,107.81774745683883,72.57496124697558,1.1538461538461888,0.5288461538461888,0.0017539756782039007,0.0,0.0,0
SKU007,2026-04-06,7,645.0,0,0,0,0,No Promotion,4,2,2026,15,0.9709418174260521,-0.2393156642875575,0.8660254037844387,-0.4999999999999998,Small Appliances,Toaster,2906.55,3737.54,564.0,746.0,589.0,644.0,655.0,735.0,522.0,663.75,647.625,642.0769230769231,101.34553106411094,79.98381532713802,21.673076923076906,5.548076923076906,0.03375464238648607,0.0,0.0,0
SKU007,2026-04-13,7,610.0,0,0,0,0,No Promotion,4,2,2026,16,0.9350162426854148,-0.35460488704253545,0.8660254037844387,-0.4999999999999998,Small Appliances,Toaster,2906.55,3737.54,645.0,564.0,756.0,696.0,632.0,510.0,512.0,677.75,647.75,641.3076923076923,90.90792044701061,79.97812200845932,36.442307692307736,6.442307692307736,0.05682499700131949,0.0,0.0,0
SKU007,2026-04-20,7,551.0,0,0,0,0,No Promotion,4,2,2026,17,0.8854560256532099,-0.4647231720437685,0.8660254037844387,-0.4999999999999998,Small Appliances,Toaster,2906.55,3737.54,610.0,645.0,746.0,641.0,634.0,526.0,496.0,641.25,637.0,639.6153846153846,77.31052106063363,78.32897657590438,1.6346153846153584,-2.6153846153846416,0.0025556223692122515,0.0,0.0,0
SKU007,2026-04-27,7,619.0,0,0,0,0,No Promotion,4,2,2026,18,0.8229838658936565,-0.5680647467311557,0.8660254037844387,-0.4999999999999998,Small Appliances,Toaster,2906.55,3737.54,551.0,610.0,564.0,545.0,595.0,567.0,555.0,592.5,625.75,633.2307692307693,43.19336368780138,83.93492377176162,-40.73076923076928,-7.480769230769283,-0.0643221574344024,0.0,0.0,0
SKU007,2026-05-04,7,593.0,0,0,0,0,No Promotion,5,2,2026,19,0.7485107481711013,-0.663122658240795,0.49999999999999994,-0.8660254037844387,Small Appliances,Toaster,2906.55,3737.54,619.0,551.0,645.0,589.0,650.0,516.0,546.0,606.25,635.0,635.0769230769231,39.710410054124075,77.60338726038779,-28.826923076923094,-0.07692307692309441,-0.04539123062015504,0.0,0.0,0
SKU007,2026-05-11,7,598.0,0,0,0,0,No Promotion,5,2,2026,20,0.6631226582407952,-0.7485107481711012,0.49999999999999994,-0.8660254037844387,Small Appliances,Toaster,2906.55,3737.54,593.0,619.0,610.0,756.0,644.0,567.0,502.0,593.25,635.5,630.6923076923077,30.15929928452161,77.2768677271167,-37.442307692307736,4.807692307692264,-0.059366995975118964,0.0,0.0,0
SKU007,2026-05-18,7,593.0,0,0,0,0,No Promotion,5,2,2026,21,0.5680647467311558,-0.8229838658936564,0.49999999999999994,-0.8660254037844387,Small Appliances,Toaster,2906.55,3737.54,598.0,593.0,551.0,746.0,696.0,716.0,498.0,590.25,615.75,627.1538461538462,28.488301692683358,60.43591647356731,-36.90384615384619,-11.403846153846189,-0.05884337053845212,0.0,0.0,0
SKU007,2026-05-25,7,633.0,0,0,0,0,No Promotion,5,2,2026,22,0.46472317204376906,-0.8854560256532096,0.49999999999999994,-0.8660254037844387,Small Appliances,Toaster,2906.55,3737.54,593.0,598.0,619.0,564.0,641.0,830.0,527.0,600.75,596.625,619.2307692307693,12.392874296681342,29.746248262836275,-18.480769230769283,-22.605769230769283,-0.02984472049689446,0.0,0.0,0
SKU007,2026-06-01,7,749.0,0,0,0,0,No Promotion,6,2,2026,23,0.35460488704253584,-0.9350162426854147,1.2246467991473532e-16,-1.0,Small Appliances,Toaster,2906.55,3737.54,633.0,593.0,593.0,645.0,545.0,618.0,546.0,604.25,605.25,618.6153846153846,19.311050377094418,28.927248647006135,-14.365384615384642,-13.365384615384642,-0.023221835364337307,0.0,0.0,0
SKU007,2026-06-08,7,851.0,5,0,1,0,Summer Sale,6,2,2026,24,0.23931566428755768,-0.970941817426052,1.2246467991473532e-16,-1.0,Small Appliances,Toaster,2906.55,3737.54,749.0,633.0,598.0,610.0,589.0,717.0,805.0,643.25,618.25,634.3076923076923,72.71118666798581,58.0510858763949,8.942307692307736,-16.057692307692264,0.014097744360902276,643.25,0.7142857142857143,0
SKU007,2026-06-15,7,859.0,6,0,1,0,Summer Sale,6,2,2026,25,0.12053668025532308,-0.992708874098054,1.2246467991473532e-16,-1.0,Small Appliances,Toaster,2906.55,3737.54,851.0,749.0,593.0,551.0,756.0,786.0,809.0,706.5,648.375,654.4615384615385,116.86316785026841,100.30943197355444,52.03846153846155,-6.086538461538453,0.07951339915373756,706.5,0.8571428571428571,0
SKU007,2026-06-22,7,734.0,0,0,0,0,No Promotion,6,2,2026,26,-3.216245299353273e-16,-1.0,1.2246467991473532e-16,-1.0,Small Appliances,Toaster,2906.55,3737.54,859.0,851.0,633.0,619.0,746.0,869.0,623.0,773.0,686.875,662.3846153846154,105.91820743699675,115.54645015255616,110.61538461538464,24.49038461538464,0.1669957031703635,0.0,0.0,0
SKU008,2025-01-06,7,730.0,3,0,1,0,New Year Sale,1,1,2025,2,0.23931566428755774,0.970941817426052,0.49999999999999994,0.8660254037844387,Office,Organizer,4189.87,7237.42,,,,,,,,,,,,,,,,,0.42857142857142855,0
SKU008,2025-01-13,7,801.0,3,0,1,0,New Year Sale,1,1,2025,3,0.3546048870425356,0.9350162426854148,0.49999999999999994,0.8660254037844387,Office,Organizer,4189.87,7237.42,730.0,,,,,,,,,,,,,,,,0.42857142857142855,0
SKU008,2025-01-20,7,689.0,0,1,0,1,No Promotion,1,1,2025,4,0.4647231720437685,0.8854560256532099,0.49999999999999994,0.8660254037844387,Office,Organizer,4189.87,7237.42,801.0,730.0,,,,,,,,,,,,,,,0.0,0
SKU008,2025-01-27,7,675.0,0,0,0,0,No Promotion,1,1,2025,5,0.5680647467311558,0.8229838658936564,0.49999999999999994,0.8660254037844387,Office,Organizer,4189.87,7237.42,689.0,801.0,,,,,,,,,,,,,,,0.0,0
SKU008,2025-02-03,7,624.0,0,0,0,0,No Promotion,2,1,2025,6,0.6631226582407952,0.7485107481711011,0.8660254037844386,0.5000000000000001,Office,Organizer,4189.87,7237.42,675.0,689.0,730.0,,,,,723.75,,,56.54128285303285,,,,,0.0,0.0,0
SKU008,2025-02-10,7,684.0,0,0,0,0,No Promotion,2,1,2025,7,0.7485107481711011,0.6631226582407953,0.8660254037844386,0.5000000000000001,Office,Organizer,4189.87,7237.42,624.0,675.0,801.0,,,,,697.25,,,74.59390055493813,,,,,0.0,0.0,0
SKU008,2025-02-17,7,717.0,0,0,0,0,No Promotion,2,1,2025,8,0.8229838658936564,0.5680647467311559,0.8660254037844386,0.5000000000000001,Office,Organizer,4189.87,7237.42,684.0,624.0,689.0,,,,,668.0,,,29.899832775452065,,,,,0.0,0.0,0
SKU008,2025-02-24,7,613.0,0,0,0,0,No Promotion,2,1,2025,9,0.8854560256532099,0.4647231720437686,0.8660254037844386,0.5000000000000001,Office,Organizer,4189.87,7237.42,717.0,684.0,675.0,,,,,675.0,,,38.496753109840284,,,,,0.0,0.0,0
SKU008,2025-03-03,7,572.0,0,0,0,0,No Promotion,3,1,2025,10,0.9350162426854148,0.35460488704253557,1.0,6.123233995736766e-17,Office,Organizer,4189.87,7237.42,613.0,717.0,624.0,730.0,,,,659.5,691.625,,49.42671342502956,59.97127288484521,,,,0.0,0.0,0
SKU008,2025-03-10,7,727.0,0,0,0,0,No Promotion,3,1,2025,11,0.970941817426052,0.23931566428755804,1.0,6.123233995736766e-17,Office,Organizer,4189.87,7237.42,572.0,613.0,684.0,801.0,,,,646.5,671.875,,65.95200274947429,70.60238259840405,,,,0.0,0.0,0
SKU008,2025-03-17,7,751.0,4,0,1,0,Spring Sale,3,1,2025,12,0.992708874098054,0.120536680255323,1.0,6.123233995736766e-17,Office,Organizer,4189.87,7237.42,727.0,572.0,717.0,689.0,,,,657.25,662.625,,76.72624496654755,54.213697531159035,,,,657.25,0.5714285714285714,0
SKU008,2025-03-24,7,736.0,4,0,1,0,Spring Sale,3,1,2025,13,1.0,-1.6081226496766366e-16,1.0,6.123233995736766e-17,Office,Organizer,4189.87,7237.42,751.0,727.0,613.0,675.0,,,,665.75,670.375,,86.77701308526353,62.34452089569928,,,,665.75,0.5714285714285714,0
SKU008,2025-03-31,7,623.0,0,0,0,0,No Promotion,3,1,2025,14,0.992708874098054,-0.12053668025532288,1.0,6.123233995736766e-17,Office,Organizer,4189.87,7237.42,736.0,751.0,572.0,624.0,,,,696.5,678.0,,83.58827668997607,66.57755949696136,,,,0.0,0.0,0
SKU008,2025-04-07,7,648.0,0,0,0,0,No Promotion,4,2,2025,15,0.9709418174260521,-0.2393156642875575,0.8660254037844387,-0.4999999999999998,Office,Organizer,4189.87,7237.42,623.0,736.0,727.0,684.0,730.0,,,709.25,677.875,687.8461538461538,58.34595101633014,66.69426512077331,21.40384615384619,-9.971153846153811,0.031117199731603762,0.0,0.0,0
SKU008,2025-04-14,7,582.0,0,0,0,0,No Promotion,4,2,2025,16,0.9350162426854148,-0.35460488704253545,0.8660254037844387,-0.4999999999999998,Office,Organizer,4189.87,7237.42,648.0,623.0,751.0,717.0,801.0,,,689.5,673.375,681.5384615384615,63.47965553361694,67.43237353081975,7.961538461538453,-8.163461538461547,0.01168171557562081,0.0,0.0,0
SKU008,2025-04-21,7,567.0,0,0,0,0,No Promotion,4,2,2025,17,0.8854560256532099,-0.4647231720437685,0.8660254037844387,-0.4999999999999998,Office,Organizer,4189.87,7237.42,582.0,648.0,736.0,613.0,689.0,,,647.25,656.5,664.6923076923077,65.12232080221546,71.7117244847133,-17.442307692307736,-8.192307692307736,-0.0262411757898392,0.0,0.0,0
SKU008,2025-04-28,7,701.0,0,0,0,0,No Promotion,4,2,2025,18,0.8229838658936565,-0.5680647467311557,0.8660254037844387,-0.4999999999999998,Office,Organizer,4189.87,7237.42,567.0,582.0,623.0,572.0,675.0,,,605.0,650.75,655.3076923076923,37.175260590882154,77.32260804115259,-50.307692307692264,-4.557692307692264,-0.07676957389364947,0.0,0.0,0
SKU008,2025-05-05,7,649.0,0,0,0,0,No Promotion,5,2,2025,19,0.7485107481711013,-0.663122658240795,0.49999999999999994,-0.8660254037844387,Office,Organizer,4189.87,7237.42,701.0,567.0,648.0,727.0,624.0,,,624.5,666.875,657.3076923076923,61.95966429863864,71.8081521436509,-32.807692307692264,9.567307692307736,-0.04991222937390283,0.0,0.0,0
SKU008,2025-05-12,7,625.0,0,0,0,0,No Promotion,5,2,2025,20,0.6631226582407952,-0.7485107481711012,0.49999999999999994,-0.8660254037844387,Office,Organizer,4189.87,7237.42,649.0,701.0,582.0,751.0,684.0,,,624.75,657.125,659.2307692307693,62.087975217965216,67.65339712724811,-34.48076923076928,-2.1057692307692832,-0.052304550758459856,0.0,0.0,0
SKU008,2025-05-19,7,624.0,0,0,0,0,No Promotion,5,2,2025,21,0.5680647467311558,-0.8229838658936564,0.49999999999999994,-0.8660254037844387,Office,Organizer,4189.87,7237.42,625.0,649.0,567.0,736.0,717.0,,,635.5,641.375,654.6923076923077,55.60275772537422,56.40906082232837,-19.192307692307736,-13.317307692307736,-0.029315004112325238,0.0,0.0,0
SKU008,2025-05-26,7,658.0,0,0,0,0,No Promotion,5,2,2025,22,0.46472317204376906,-0.8854560256532096,0.49999999999999994,-0.8660254037844387,Office,Organizer,4189.87,7237.42,624.0,625.0,701.0,623.0,613.0,,,649.75,627.375,647.5384615384615,36.06822239405017,41.49677268001865,2.211538461538453,-20.163461538461547,0.003415300546448119,0.0,0.0,0
SKU008,2025-06-02,7,790.0,0,0,0,0,No Promotion,6,2,2025,23,0.35460488704253584,-0.9350162426854147,1.2246467991473532e-16,-1.0,Office,Organizer,4189.87,7237.42,658.0,624.0,649.0,648.0,572.0,,,639.0,631.75,651.0,17.1464281994821,42.79435877375828,-12.0,-19.25,-0.018433179723502335,0.0,0.0,0
SKU008,2025-06-09,7,960.0,6,0,1,0,Summer Sale,6,2,2025,24,0.23931566428755768,-0.970941817426052,1.2246467991473532e-16,-1.0,Office,Organizer,4189.87,7237.42,790.0,658.0,625.0,582.0,727.0,,,674.25,649.5,667.7692307692307,78.76706164381147,70.78942616763366,6.480769230769283,-18.269230769230717,0.009705103098721413,674.25,0.8571428571428571,0
SKU008,2025-06-16,7,905.0,5,0,1,0,Summer Sale,6,2,2025,25,0.12053668025532308,-0.992708874098054,1.2246467991473532e-16,-1.0,Office,Organizer,4189.87,7237.42,960.0,790.0,624.0,567.0,751.0,,,758.0,696.75,685.6923076923077,152.51666575601936,124.82645095148247,72.30769230769226,11.057692307692264,0.10545209782364817,758.0,0.7142857142857143,0
SKU008,2025-06-23,7,667.0,0,0,0,0,No Promotion,6,2,2025,26,-3.216245299353273e-16,-1.0,1.2246467991473532e-16,-1.0,Office,Organizer,4189.87,7237.42,905.0,960.0,658.0,701.0,736.0,,,828.25,739.0,697.5384615384615,133.78683293458542,131.6510539266587,130.71153846153845,41.46153846153845,0.18738972209969118,0.0,0.0,0
SKU008,2025-06-30,7,742.0,0,0,0,0,No Promotion,6,2,2025,27,-0.12053668025532283,-0.992708874098054,1.2246467991473532e-16,-1.0,Office,Organizer,4189.87,7237.42,667.0,905.0,790.0,649.0,623.0,,,830.5,734.75,692.2307692307693,129.9910253312384,133.58758496635403,138.26923076923072,42.51923076923072,0.19974441604622717,0.0,0.0,0
SKU008,2025-07-07,7,747.0,0,0,0,0,No Promotion,7,3,2025,28,-0.23931566428755743,-0.9709418174260521,-0.4999999999999997,-0.8660254037844388,Office,Organizer,4189.87,7237.42,742.0,667.0,960.0,625.0,648.0,730.0,,818.5,746.375,701.3846153846154,137.00243306841915,129.02816691382878,117.11538461538464,44.99038461538464,0.16697740732616806,0.0,0.0,0
SKU008,2025-07-14,7,747.0,0,0,0,0,No Promotion,7,3,2025,29,-0.3546048870425356,-0.9350162426854148,-0.4999999999999997,-0.8660254037844388,Office,Organizer,4189.87,7237.42,747.0,742.0,905.0,624.0,582.0,801.0,,765.25,761.625,709.0,100.09453864555584,119.49051068121328,56.25,52.625,0.07933709449929482,0.0,0.0,0
SKU008,2025-07-21,7,768.0,0,0,0,0,No Promotion,7,3,2025,30,-0.46472317204376806,-0.8854560256532101,-0.4999999999999997,-0.8660254037844388,Office,Organizer,4189.87,7237.42,747.0,747.0,667.0,658.0,567.0,689.0,,725.75,777.0,721.6923076923077,39.23752455664522,106.45455099981133,4.057692307692264,55.307692307692264,0.005622468556810922,0.0,0.0,0
SKU008,2025-07-28,7,739.0,0,0,0,0,No Promotion,7,3,2025,31,-0.5680647467311556,-0.8229838658936566,-0.4999999999999997,-0.8660254037844388,Office,Organizer,4189.87,7237.42,768.0,747.0,742.0,790.0,701.0,675.0,,751.0,790.75,737.1538461538462,11.575836902790313,95.42049794761832,13.846153846153811,53.59615384615381,0.018783262026505154,0.0,0.0,0
SKU008,2025-08-04,7,735.0,0,0,0,0,No Promotion,8,3,2025,32,-0.663122658240795,-0.7485107481711013,-0.8660254037844385,-0.5000000000000004,Office,Organizer,4189.87,7237.42,739.0,768.0,747.0,960.0,649.0,624.0,,750.25,784.375,740.0769230769231,12.419742348374301,97.16545167908191,10.173076923076906,44.298076923076906,0.013745972352146252,0.0,0.0,0
SKU008,2025-08-11,7,772.0,0,1,0,1,No Promotion,8,3,2025,33,-0.7485107481711011,-0.6631226582407952,-0.8660254037844385,-0.5000000000000004,Office,Organizer,4189.87,7237.42,735.0,739.0,747.0,905.0,625.0,684.0,,747.25,756.25,746.6923076923077,14.705441169852815,66.92586516864337,0.557692307692264,9.557692307692264,0.0007468836921808997,0.0,0.0,0
SKU008,2025-08-18,7,688.0,0,0,0,0,No Promotion,8,3,2025,34,-0.8229838658936564,-0.5680647467311559,-0.8660254037844385,-0.5000000000000004,Office,Organizer,4189.87,7237.42,772.0,735.0,768.0,667.0,624.0,717.0,,753.5,739.625,758.0,19.192012227313093,32.21329583528255,-4.5,-18.375,-0.00593667546174137,0.0,0.0,0
SKU008,2025-08-25,7,800.0,0,0,0,0,No Promotion,8,3,2025,35,-0.8854560256532096,-0.4647231720437691,-0.8660254037844385,-0.5000000000000004,Office,Organizer,4189.87,7237.42,688.0,772.0,739.0,742.0,658.0,613.0,,733.5,742.25,762.9230769230769,34.568772034887225,25.63340454507423,-29.423076923076906,-20.673076923076906,-0.03856624319419233,0.0,0.0,0
SKU008,2025-09-01,7,630.0,0,0,0,0,No Promotion,9,3,2025,36,-0.9350162426854147,-0.3546048870425359,-1.0,-1.8369701987210297e-16,Office,Organizer,4189.87,7237.42,800.0,688.0,735.0,747.0,790.0,572.0,,748.75,749.5,773.8461538461538,48.465623555946,32.76321979642072,-25.09615384615381,-24.34615384615381,-0.03243041749502973,0.0,0.0,0
SKU008,2025-09-08,7,640.0,0,0,0,0,No Promotion,9,3,2025,37,-0.970941817426052,-0.23931566428755774,-1.0,-1.8369701987210297e-16,Office,Organizer,4189.87,7237.42,630.0,800.0,772.0,747.0,960.0,727.0,,722.5,734.875,761.5384615384615,77.89522877985961,53.55487839590343,-39.03846153846155,-26.663461538461547,-0.05126262626262623,0.0,0.0,0
SKU008,2025-09-15,7,610.0,0,0,0,0,No Promotion,9,3,2025,38,-0.992708874098054,-0.12053668025532357,-1.0,-1.8369701987210297e-16,Office,Organizer,4189.87,7237.42,640.0,630.0,688.0,768.0,905.0,751.0,,689.5,721.5,736.9230769230769,77.89522877985961,62.6783170528009,-47.423076923076906,-15.423076923076906,-0.06435281837160745,0.0,0.0,0
SKU008,2025-09-22,7,701.0,0,0,0,0,No Promotion,9,3,2025,39,-1.0,-1.8369701987210297e-16,-1.0,-1.8369701987210297e-16,Office,Organizer,4189.87,7237.42,610.0,640.0,800.0,739.0,667.0,736.0,,670.0,701.75,714.2307692307693,87.55950357709132,70.35572877476699,-44.23076923076928,-12.480769230769283,-0.061927840603123396,0.0,0.0,0
SKU008,2025-09-29,7,844.0,5,1,1,1,Festive Sale,9,3,2025,40,-0.992708874098054,0.1205366802553232,-1.0,-1.8369701987210297e-16,Office,Organizer,4189.87,7237.42,701.0,610.0,630.0,735.0,742.0,623.0,,645.25,697.0,716.8461538461538,39.20352875273689,68.74590896918889,-71.59615384615381,-19.84615384615381,-0.09987659620130906,645.25,0.7142857142857143,1
SKU008,2025-10-06,7,857.0,5,0,1,0,Festive Sale,10,4,2025,41,-0.9709418174260521,0.23931566428755738,-0.8660254037844386,0.5000000000000001,Office,Organizer,4189.87,7237.42,844.0,701.0,640.0,772.0,747.0,648.0,,698.75,710.625,724.6923076923077,103.97235209419858,85.99159012036338,-25.942307692307736,-14.067307692307736,-0.0357976860205923,698.75,0.7142857142857143,0
SKU008,2025-10-13,7,688.0,0,0,0,0,No Promotion,10,4,2025,42,-0.9350162426854148,0.35460488704253557,-0.8660254037844386,0.5000000000000001,Office,Organizer,4189.87,7237.42,857.0,844.0,610.0,688.0,747.0,582.0,,753.0,721.25,733.1538461538462,118.67322079278598,98.93540461186932,19.84615384615381,-11.903846153846189,0.027069562480327214,0.0,0.0,0
SKU008,2025-10-20,7,674.0,0,0,0,0,No Promotion,10,4,2025,43,-0.8854560256532101,0.464723172043768,-0.8660254037844386,0.5000000000000001,Office,Organizer,4189.87,7237.42,688.0,857.0,701.0,800.0,768.0,567.0,,772.5,721.25,728.6153846153846,90.37883232999489,98.93540461186932,43.88461538461536,-7.365384615384642,0.06023015202702697,0.0,0.0,0
SKU008,2025-10-27,7,811.0,0,1,0,1,No Promotion,10,4,2025,44,-0.822983865893657,0.5680647467311548,-0.8660254037844386,0.5000000000000001,Office,Organizer,4189.87,7237.42,674.0,688.0,844.0,630.0,739.0,701.0,,765.75,705.5,721.3846153846154,98.17119400991989,94.5394853260493,44.36538461538464,-15.884615384615358,0.061500319897632716,0.0,0.0,0
SKU008,2025-11-03,7,666.0,0,0,0,0,No Promotion,11,4,2025,45,-0.7485107481711011,0.6631226582407952,-0.5000000000000004,0.8660254037844384,Office,Organizer,4189.87,7237.42,811.0,674.0,857.0,640.0,735.0,649.0,,757.5,728.125,726.9230769230769,90.4894100618041,95.5427166993158,30.576923076923094,1.2019230769230944,0.042063492063492136,0.0,0.0,0
SKU008,2025-11-10,7,664.0,0,0,0,0,No Promotion,11,4,2025,46,-0.6631226582407955,0.7485107481711007,-0.5000000000000004,0.8660254037844384,Office,Organizer,4189.87,7237.42,666.0,811.0,688.0,610.0,772.0,625.0,,709.75,731.375,721.6153846153846,68.10959305902998,92.51090669290222,-11.865384615384642,9.759615384615358,-0.016442809934974933,0.0,0.0,0
SKU008,2025-11-17,7,870.0,4,0,1,0,Black Friday,11,4,2025,47,-0.5680647467311559,0.8229838658936564,-0.5000000000000004,0.8660254037844384,Office,Organizer,4189.87,7237.42,664.0,666.0,674.0,701.0,688.0,624.0,,703.75,738.125,713.3076923076923,71.63041718897541,83.96502247960161,-9.557692307692264,24.817307692307736,-0.013399115712282916,703.75,0.5714285714285714,0
SKU008,2025-11-24,7,859.0,7,0,1,0,Black Friday,11,4,2025,48,-0.4647231720437684,0.88545602565321,-0.5000000000000004,0.8660254037844384,Office,Organizer,4189.87,7237.42,870.0,664.0,811.0,844.0,800.0,658.0,,752.75,759.25,727.3076923076923,104.15173226275851,93.95553659653517,25.442307692307736,31.942307692307736,0.03498149127445793,752.75,1.0,0
SKU008,2025-12-01,7,814.0,0,0,0,0,No Promotion,12,4,2025,49,-0.35460488704253595,0.9350162426854147,-2.4492935982947064e-16,1.0,Office,Organizer,4189.87,7237.42,859.0,870.0,666.0,857.0,630.0,790.0,,764.75,761.125,731.8461538461538,115.27178029914057,96.01553073777777,32.90384615384619,29.27884615384619,0.044960058860626484,0.0,0.0,0
SKU008,2025-12-08,7,721.0,0,0,0,0,No Promotion,12,4,2025,50,-0.2393156642875578,0.970941817426052,-2.4492935982947064e-16,1.0,Office,Organizer,4189.87,7237.42,814.0,859.0,664.0,688.0,640.0,960.0,,801.75,755.75,746.0,94.97499670966039,90.9517140339548,55.75,9.75,0.07473190348525471,0.0,0.0,0
SKU008,2025-12-15,7,959.0,7,0,1,0,Year End Sale,12,4,2025,51,-0.12053668025532363,0.992708874098054,-2.4492935982947064e-16,1.0,Office,Organizer,4189.87,7237.42,721.0,814.0,870.0,674.0,610.0,905.0,,816.0,759.875,752.2307692307693,67.80855403265875,88.14507116922974,63.76923076923072,7.644230769230717,0.08477349422231306,816.0,1.0,0
SKU008,2025-12-22,7,1041.0,7,1,1,1,Year End Sale,12,4,2025,52,6.432490598706546e-16,1.0,-2.4492935982947064e-16,1.0,Office,Organizer,4189.87,7237.42,959.0,721.0,859.0,811.0,701.0,667.0,,838.25,795.5,779.0769230769231,98.90525769644404,104.54664030948103,59.173076923076906,16.423076923076906,0.07595280410742489,838.25,1.0,1
SKU008,2025-12-29,7,904.0,3,0,1,0,Year End Sale,12,4,2025,1,0.12053668025532305,0.992708874098054,-2.4492935982947064e-16,1.0,Office,Organizer,4189.87,7237.42,1041.0,959.0,814.0,666.0,844.0,742.0,,883.75,824.25,805.2307692307693,143.46050559881164,136.23902314891805,78.51923076923072,19.019230769230717,0.09751146350783335,883.75,0.42857142857142855,0
SKU008,2026-01-05,7,826.0,0,0,0,0,No Promotion,1,1,2026,2,0.23931566428755774,0.970941817426052,0.49999999999999994,0.8660254037844387,Office,Organizer,4189.87,7237.42,904.0,1041.0,721.0,664.0,857.0,747.0,730.0,906.25,854.0,809.8461538461538,135.72367761988573,121.98594766845659,96.40384615384619,44.15384615384619,0.11903970364741645,0.0,0.0,0
SKU008,2026-01-12,7,773.0,0,0,0,0,No Promotion,1,1,2026,3,0.3546048870425356,0.9350162426854148,0.49999999999999994,0.8660254037844387,Office,Organizer,4189.87,7237.42,826.0,904.0,959.0,870.0,688.0,747.0,801.0,932.5,874.25,807.4615384615385,90.60721089773521,96.78215597043558,125.03846153846155,66.78846153846155,0.15485376774316473,0.0,0.0,0
SKU008,2026-01-19,7,706.0,0,0,0,0,No Promotion,1,1,2026,4,0.4647231720437685,0.8854560256532099,0.49999999999999994,0.8660254037844387,Office,Organizer,4189.87,7237.42,773.0,826.0,1041.0,859.0,674.0,768.0,689.0,886.0,862.125,814.0,116.50178825523093,103.2506485624736,72.0,48.125,0.08845208845208852,0.0,0.0,0
SKU008,2026-01-26,7,816.0,0,1,0,1,No Promotion,1,1,2026,5,0.5680647467311558,0.8229838658936564,0.49999999999999994,0.8660254037844387,Office,Organizer,4189.87,7237.42,706.0,773.0,904.0,814.0,811.0,739.0,675.0,802.25,843.0,816.4615384615385,83.73917840533187,117.14703825290923,-14.211538461538453,26.538461538461547,-0.01740625588844924,0.0,0.0,0
SKU008,2026-02-02,7,750.0,0,0,0,0,No Promotion,2,1,2026,6,0.6631226582407952,0.7485107481711011,0.8660254037844386,0.5000000000000001,Office,Organizer,4189.87,7237.42,816.0,706.0,826.0,721.0,666.0,735.0,624.0,780.25,843.25,816.8461538461538,54.57945278826701,117.07842304565409,-36.59615384615381,26.40384615384619,-0.04480177041152644,0.0,0.0,0
SKU008,2026-02-09,7,811.0,0,0,0,0,No Promotion,2,1,2026,7,0.7485107481711011,0.6631226582407953,0.8660254037844386,0.5000000000000001,Office,Organizer,4189.87,7237.42,750.0,816.0,773.0,959.0,664.0,772.0,684.0,761.25,846.875,823.3076923076923,45.87937081812116,113.13511201845596,-62.057692307692264,23.567307692307736,-0.07537606278613473,0.0,0.0,0
SKU008,2026-02-16,7,729.0,0,0,0,0,No Promotion,2,1,2026,8,0.8229838658936564,0.5680647467311559,0.8660254037844386,0.5000000000000001,Office,Organizer,4189.87,7237.42,811.0,750.0,706.0,1041.0,870.0,688.0,717.0,770.75,828.375,834.6153846153846,52.569794876272184,103.90509062188849,-63.86538461538464,-6.240384615384642,-0.076520737327189,0.0,0.0,0
SKU008,2026-02-23,7,699.0,0,0,0,0,No Promotion,2,1,2026,9,0.8854560256532099,0.4647231720437686,0.8660254037844386,0.5000000000000001,Office,Organizer,4189.87,7237.42,729.0,811.0,816.0,904.0,859.0,800.0,613.0,776.5,789.375,823.7692307692307,43.62338822237447,63.326675715237585,-47.26923076923072,-34.39423076923072,-0.05738164160986081,0.0,0.0,0
SKU008,2026-03-02,7,713.0,0,0,0,0,No Promotion,3,1,2026,10,0.9350162426854148,0.35460488704253557,1.0,6.123233995736766e-17,Office,Organizer,4189.87,7237.42,699.0,729.0,750.0,826.0,814.0,630.0,572.0,747.25,763.75,811.4615384615385,47.37351580788575,50.493988326758874,-64.21153846153845,-47.71153846153845,-0.07913072329130721,0.0,0.0,0
SKU008,2026-03-09,7,841.0,1,0,1,0,Spring Sale,3,1,2026,11,0.970941817426052,0.23931566428755804,1.0,6.123233995736766e-17,Office,Organizer,4189.87,7237.42,713.0,699.0,811.0,773.0,721.0,640.0,727.0,738.0,749.625,803.6923076923077,50.18631951704237,46.21668684422487,-65.69230769230774,-54.067307692307736,-0.0817381316998469,738.0,0.14285714285714285,0
SKU008,2026-03-16,7,1015.0,7,0,1,0,Spring Sale,3,1,2026,12,0.992708874098054,0.120536680255323,1.0,6.123233995736766e-17,Office,Organizer,4189.87,7237.42,841.0,713.0,729.0,706.0,959.0,610.0,751.0,745.5,758.125,812.9230769230769,64.83568976009023,56.28609952732561,-67.4230769230769,-54.798076923076906,-0.08293906131718398,745.5,1.0,0
SKU008,2026-03-23,7,907.0,3,0,1,0,Spring Sale,3,1,2026,13,1.0,-1.6081226496766366e-16,1.0,6.123233995736766e-17,Office,Organizer,4189.87,7237.42,1015.0,841.0,699.0,816.0,1041.0,701.0,736.0,817.0,796.75,817.2307692307693,146.6515143688147,102.4761296246943,-0.23076923076928324,-20.480769230769283,-0.00028237951807230655,817.0,0.42857142857142855,0
SKU008,2026-03-30,7,733.0,0,0,0,0,No Promotion,3,1,2026,14,0.992708874098054,-0.12053668025532288,1.0,6.123233995736766e-17,Office,Organizer,4189.87,7237.42,907.0,1015.0,713.0,750.0,904.0,844.0,623.0,869.0,808.125,806.9230769230769,126.33289357883005,109.71318126304217,62.076923076923094,1.2019230769230944,0.07693040991420408,0.0,0.0,0
SKU008,2026-04-06,7,700.0,0,0,0,0,No Promotion,4,2,2026,15,0.9709418174260521,-0.2393156642875575,0.8660254037844387,-0.4999999999999998,Office,Organizer,4189.87,7237.42,733.0,907.0,841.0,811.0,826.0,857.0,648.0,874.0,806.0,793.7692307692307,118.23705003085962,111.15497546861579,80.23076923076928,12.230769230769283,0.10107568562845248,0.0,0.0,0
SKU008,2026-04-13,7,726.0,0,0,0,0,No Promotion,4,2,2026,16,0.9350162426854148,-0.35460488704253545,0.8660254037844387,-0.4999999999999998,Office,Organizer,4189.87,7237.42,700.0,733.0,1015.0,729.0,773.0,688.0,582.0,838.75,792.125,784.0769230769231,148.5,117.20487252182457,54.673076923076906,8.048076923076906,0.06972922593937003,0.0,0.0,0
SKU008,2026-04-20,7,748.0,0,0,0,0,No Promotion,4,2,2026,17,0.8854560256532099,-0.4647231720437685,0.8660254037844387,-0.4999999999999998,Office,Organizer,4189.87,7237.42,726.0,700.0,907.0,699.0,706.0,674.0,567.0,766.5,791.75,780.4615384615385,94.73647660748209,117.440258368731,-13.961538461538453,11.288461538461547,-0.017888823181549385,0.0,0.0,0
SKU008,2026-04-27,7,705.0,0,0,0,0,No Promotion,4,2,2026,18,0.8229838658936565,-0.5680647467311557,0.8660254037844387,-0.4999999999999998,Office,Organizer,4189.87,7237.42,748.0,726.0,733.0,713.0,816.0,811.0,701.0,726.75,797.875,783.6923076923077,20.056171120131534,113.10985494515626,-56.942307692307736,14.182692307692264,-0.07265901060070679,0.0,0.0,0
SKU008,2026-05-04,7,836.0,0,0,0,0,No Promotion,5,2,2026,19,0.7485107481711013,-0.663122658240795,0.49999999999999994,-0.8660254037844387,Office,Organizer,4189.87,7237.42,705.0,748.0,700.0,841.0,750.0,666.0,649.0,719.75,796.875,775.1538461538462,21.945007025137436,113.99929511060272,-55.40384615384619,21.72115384615381,-0.07147464523171587,0.0,0.0,0
SKU008,2026-05-11,7,828.0,0,0,0,0,No Promotion,5,2,2026,20,0.6631226582407952,-0.7485107481711012,0.49999999999999994,-0.8660254037844387,Office,Organizer,4189.87,7237.42,836.0,705.0,726.0,1015.0,811.0,664.0,625.0,753.75,796.25,781.7692307692307,57.57531299668864,113.73622365556444,-28.019230769230717,14.480769230769283,-0.03584079504083437,0.0,0.0,0
SKU008,2026-05-18,7,714.0,0,0,0,0,No Promotion,5,2,2026,21,0.5680647467311558,-0.8229838658936564,0.49999999999999994,-0.8660254037844387,Office,Organizer,4189.87,7237.42,828.0,836.0,748.0,907.0,729.0,870.0,624.0,779.25,772.875,783.0769230769231,63.47374785426384,74.96368168272271,-3.8269230769230944,-10.201923076923094,-0.004887033398821239,0.0,0.0,0
SKU008,2026-05-25,7,776.0,0,0,0,0,No Promotion,5,2,2026,22,0.46472317204376906,-0.8854560256532096,0.49999999999999994,-0.8660254037844387,Office,Organizer,4189.87,7237.42,714.0,828.0,705.0,733.0,699.0,859.0,658.0,770.75,748.75,781.9230769230769,70.8960506657458,53.66230387472066,-11.173076923076906,-33.173076923076906,-0.01428922774225283,0.0,0.0,0
SKU008,2026-06-01,7,836.0,0,0,0,0,No Promotion,6,2,2026,23,0.35460488704253584,-0.9350162426854147,1.2246467991473532e-16,-1.0,Office,Organizer,4189.87,7237.42,776.0,714.0,836.0,700.0,713.0,814.0,790.0,788.5,754.125,787.8461538461538,56.34122232729185,54.011738142211826,0.6538461538461888,-33.72115384615381,0.0008299160320250909,0.0,0.0,0
SKU008,2026-06-08,7,1001.0,5,0,1,0,Summer Sale,6,2,2026,24,0.23931566428755768,-0.970941817426052,1.2246467991473532e-16,-1.0,Office,Organizer,4189.87,7237.42,836.0,776.0,828.0,726.0,841.0,721.0,960.0,788.5,771.125,797.3076923076923,56.34122232729185,55.91176083794896,-8.807692307692264,-26.182692307692264,-0.011046792088760249,788.5,0.7142857142857143,0
SKU008,2026-06-15,7,1185.0,6,0,1,0,Summer Sale,6,2,2026,25,0.12053668025532308,-0.992708874098054,1.2246467991473532e-16,-1.0,Office,Organizer,4189.87,7237.42,1001.0,836.0,714.0,748.0,1015.0,959.0,905.0,831.75,805.5,809.6153846153846,123.33795036403026,95.04585359558979,22.13461538461536,-4.115384615384642,0.027339667458432304,831.75,0.8571428571428571,0
SKU008,2026-06-22,7,853.0,0,0,0,0,No Promotion,6,2,2026,26,-3.216245299353273e-16,-1.0,1.2246467991473532e-16,-1.0,Office,Organizer,4189.87,7237.42,1185.0,1001.0,776.0,705.0,907.0,1041.0,667.0,949.5,860.125,822.6923076923077,183.57287381309908,160.39187501687417,126.80769230769226,37.432692307692264,0.15413744740532964,0.0,0.0,0
SKU009,2025-01-06,7,131.0,3,0,1,0,New Year Sale,1,1,2025,2,0.23931566428755774,0.970941817426052,0.49999999999999994,0.8660254037844387,Furniture,Chair,1966.27,4272.13,,,,,,,,,,,,,,,,,0.42857142857142855,0
SKU009,2025-01-13,7,140.0,3,0,1,0,New Year Sale,1,1,2025,3,0.3546048870425356,0.9350162426854148,0.49999999999999994,0.8660254037844387,Furniture,Chair,1966.27,4272.13,131.0,,,,,,,,,,,,,,,,0.42857142857142855,0
SKU009,2025-01-20,7,112.0,0,1,0,1,No Promotion,1,1,2025,4,0.4647231720437685,0.8854560256532099,0.49999999999999994,0.8660254037844387,Furniture,Chair,1966.27,4272.13,140.0,131.0,,,,,,,,,,,,,,,0.0,0
SKU009,2025-01-27,7,116.0,0,0,0,0,No Promotion,1,1,2025,5,0.5680647467311558,0.8229838658936564,0.49999999999999994,0.8660254037844387,Furniture,Chair,1966.27,4272.13,112.0,140.0,,,,,,,,,,,,,,,0.0,0
SKU009,2025-02-03,7,130.0,0,0,0,0,No Promotion,2,1,2025,6,0.6631226582407952,0.7485107481711011,0.8660254037844386,0.5000000000000001,Furniture,Chair,1966.27,4272.13,116.0,112.0,131.0,,,,,124.75,,,13.04798835069989,,,,,0.0,0.0,0
SKU009,2025-02-10,7,118.0,0,0,0,0,No Promotion,2,1,2025,7,0.7485107481711011,0.6631226582407953,0.8660254037844386,0.5000000000000001,Furniture,Chair,1966.27,4272.13,130.0,116.0,140.0,,,,,124.5,,,12.897028081435405,,,,,0.0,0.0,0
SKU009,2025-02-17,7,121.0,0,0,0,0,No Promotion,2,1,2025,8,0.8229838658936564,0.5680647467311559,0.8660254037844386,0.5000000000000001,Furniture,Chair,1966.27,4272.13,118.0,130.0,112.0,,,,,119.0,,,7.745966692414835,,,,,0.0,0.0,0
SKU009,2025-02-24,7,116.0,0,0,0,0,No Promotion,2,1,2025,9,0.8854560256532099,0.4647231720437686,0.8660254037844386,0.5000000000000001,Furniture,Chair,1966.27,4272.13,121.0,118.0,116.0,,,,,121.25,,,6.184658438426493,,,,,0.0,0.0,0
SKU009,2025-03-03,7,99.0,0,0,0,0,No Promotion,3,1,2025,10,0.9350162426854148,0.35460488704253557,1.0,6.123233995736766e-17,Furniture,Chair,1966.27,4272.13,116.0,121.0,130.0,131.0,,,,121.25,123.0,,6.184658438426493,9.636241116594316,,,,0.0,0.0,0
SKU009,2025-03-10,7,116.0,0,0,0,0,No Promotion,3,1,2025,11,0.970941817426052,0.23931566428755804,1.0,6.123233995736766e-17,Furniture,Chair,1966.27,4272.13,99.0,116.0,118.0,140.0,,,,113.5,119.0,,9.882644720249063,12.153776602944689,,,,0.0,0.0,0
SKU009,2025-03-17,7,121.0,4,0,1,0,Spring Sale,3,1,2025,12,0.992708874098054,0.120536680255323,1.0,6.123233995736766e-17,Furniture,Chair,1966.27,4272.13,116.0,99.0,121.0,112.0,,,,113.0,116.0,,9.626352718795768,8.701395618766323,,,,113.0,0.5714285714285714,0
SKU009,2025-03-24,7,112.0,4,0,1,0,Spring Sale,3,1,2025,13,1.0,-1.6081226496766366e-16,1.0,6.123233995736766e-17,Furniture,Chair,1966.27,4272.13,121.0,116.0,116.0,116.0,,,,113.0,117.125,,9.626352718795768,8.692155741159466,,,,113.0,0.5714285714285714,0
SKU009,2025-03-31,7,115.0,0,0,0,0,No Promotion,3,1,2025,14,0.992708874098054,-0.12053668025532288,1.0,6.123233995736766e-17,Furniture,Chair,1966.27,4272.13,112.0,121.0,99.0,130.0,,,,112.0,116.625,,9.41629792788369,8.879148929615143,,,,0.0,0.0,0
SKU009,2025-04-07,7,100.0,0,0,0,0,No Promotion,4,2,2025,15,0.9709418174260521,-0.2393156642875575,0.8660254037844387,-0.4999999999999998,Furniture,Chair,1966.27,4272.13,115.0,112.0,116.0,118.0,131.0,,,116.0,114.75,119.0,3.7416573867739444,7.045768740375826,-3.0,-4.25,-0.025210084033613467,0.0,0.0,0
SKU009,2025-04-14,7,109.0,0,0,0,0,No Promotion,4,2,2025,16,0.9350162426854148,-0.35460488704253545,0.8660254037844387,-0.4999999999999998,Furniture,Chair,1966.27,4272.13,100.0,115.0,121.0,121.0,140.0,,,112.0,112.5,116.61538461538461,8.831760866327848,8.5690472882679,-4.615384615384613,-4.115384615384613,-0.0395778364116095,0.0,0.0,0
SKU009,2025-04-21,7,110.0,0,0,0,0,No Promotion,4,2,2025,17,0.8854560256532099,-0.4647231720437685,0.8660254037844387,-0.4999999999999998,Furniture,Chair,1966.27,4272.13,109.0,100.0,112.0,116.0,112.0,,,109.0,111.0,114.23076923076923,6.480740698407862,7.892129895390364,-5.230769230769226,-3.2307692307692264,-0.045791245791245716,0.0,0.0,0
SKU009,2025-04-28,7,108.0,0,0,0,0,No Promotion,4,2,2025,18,0.8229838658936565,-0.5680647467311557,0.8660254037844387,-0.4999999999999998,Furniture,Chair,1966.27,4272.13,110.0,109.0,115.0,99.0,116.0,,,108.5,110.25,114.07692307692308,6.2449979983984,7.6298286818437635,-5.57692307692308,-3.82692307692308,-0.0488873904248146,0.0,0.0,0
SKU009,2025-05-05,7,125.0,0,0,0,0,No Promotion,5,2,2025,19,0.7485107481711013,-0.663122658240795,0.49999999999999994,-0.8660254037844387,Furniture,Chair,1966.27,4272.13,108.0,110.0,100.0,116.0,130.0,,,106.75,111.375,113.46153846153847,4.573474244670749,6.277795336399102,-6.711538461538467,-2.086538461538467,-0.05915254237288137,0.0,0.0,0
SKU009,2025-05-12,7,107.0,0,0,0,0,No Promotion,5,2,2025,20,0.6631226582407952,-0.7485107481711012,0.49999999999999994,-0.8660254037844387,Furniture,Chair,1966.27,4272.13,125.0,108.0,109.0,121.0,118.0,,,113.0,112.5,113.07692307692308,8.04155872120988,7.837638128197261,-0.0769230769230802,-0.5769230769230802,-0.0006802721088435826,0.0,0.0,0
SKU009,2025-05-19,7,106.0,0,0,0,0,No Promotion,5,2,2025,21,0.5680647467311558,-0.8229838658936564,0.49999999999999994,-0.8660254037844387,Furniture,Chair,1966.27,4272.13,107.0,125.0,110.0,112.0,121.0,,,112.5,110.75,112.23076923076923,8.426149773176359,7.20614816865234,0.2692307692307736,-1.4807692307692264,0.002398903358464821,0.0,0.0,0
SKU009,2025-05-26,7,118.0,0,0,0,0,No Promotion,5,2,2025,22,0.46472317204376906,-0.8854560256532096,0.49999999999999994,-0.8660254037844387,Furniture,Chair,1966.27,4272.13,106.0,107.0,108.0,115.0,116.0,,,111.5,110.0,111.07692307692308,9.03696114115064,7.367883976130075,0.4230769230769198,-1.0769230769230802,0.0038088642659279692,0.0,0.0,0
SKU009,2025-06-02,7,120.0,0,0,0,0,No Promotion,6,2,2025,23,0.35460488704253584,-0.9350162426854147,1.2246467991473532e-16,-1.0,Furniture,Chair,1966.27,4272.13,118.0,106.0,125.0,100.0,99.0,,,114.0,110.375,111.23076923076923,9.128709291752768,7.726346392146071,2.7692307692307736,-0.8557692307692264,0.02489626556016611,0.0,0.0,0
SKU009,2025-06-09,7,193.0,6,0,1,0,Summer Sale,6,2,2025,24,0.23931566428755768,-0.970941817426052,1.2246467991473532e-16,-1.0,Furniture,Chair,1966.27,4272.13,120.0,118.0,107.0,109.0,116.0,,,112.75,112.875,112.84615384615384,7.274384280931732,7.10005030163268,-0.0961538461538396,0.028846153846160405,-0.000852079072937939,112.75,0.8571428571428571,0
SKU009,2025-06-16,7,143.0,5,0,1,0,Summer Sale,6,2,2025,25,0.12053668025532308,-0.992708874098054,1.2246467991473532e-16,-1.0,Furniture,Chair,1966.27,4272.13,193.0,120.0,106.0,110.0,121.0,,,134.25,123.375,118.76923076923077,39.65160778581368,28.972585564386797,15.480769230769226,4.605769230769226,0.13034326424870457,134.25,0.7142857142857143,0
SKU009,2025-06-23,7,128.0,0,0,0,0,No Promotion,6,2,2025,26,-3.216245299353273e-16,-1.0,1.2246467991473532e-16,-1.0,Furniture,Chair,1966.27,4272.13,143.0,193.0,118.0,108.0,112.0,,,143.5,127.5,120.46153846153847,34.895080837657716,29.144957907476407,23.038461538461533,7.038461538461533,0.19125159642401024,0.0,0.0,0
SKU009,2025-06-30,7,129.0,0,0,0,0,No Promotion,6,2,2025,27,-0.12053668025532283,-0.992708874098054,1.2246467991473532e-16,-1.0,Furniture,Chair,1966.27,4272.13,128.0,143.0,120.0,125.0,115.0,,,146.0,130.0,121.6923076923077,32.751590292177674,28.071337695236398,24.307692307692307,8.307692307692307,0.19974715549936795,0.0,0.0,0
SKU009,2025-07-07,7,150.0,0,0,0,0,No Promotion,7,3,2025,28,-0.23931566428755743,-0.9709418174260521,-0.4999999999999997,-0.8660254037844388,Furniture,Chair,1966.27,4272.13,129.0,128.0,193.0,107.0,100.0,131.0,,148.25,130.5,122.76923076923077,30.6090945090943,28.005101576064927,25.480769230769226,7.730769230769226,0.2075501253132832,0.0,0.0,0
SKU009,2025-07-14,7,148.0,0,0,0,0,No Promotion,7,3,2025,29,-0.3546048870425356,-0.9350162426854148,-0.4999999999999997,-0.8660254037844388,Furniture,Chair,1966.27,4272.13,150.0,129.0,143.0,106.0,109.0,140.0,,137.5,135.875,126.61538461538461,10.785793124908967,26.957307517098744,10.884615384615387,9.259615384615387,0.08596597812879714,0.0,0.0,0
SKU009,2025-07-21,7,132.0,0,0,0,0,No Promotion,7,3,2025,30,-0.46472317204376806,-0.8854560256532101,-0.4999999999999997,-0.8660254037844388,Furniture,Chair,1966.27,4272.13,148.0,150.0,128.0,118.0,110.0,112.0,,138.75,141.125,129.6153846153846,11.870832602082588,24.263067171555797,9.134615384615387,11.509615384615387,0.07047477744807118,0.0,0.0,0
SKU009,2025-07-28,7,108.0,0,0,0,0,No Promotion,7,3,2025,31,-0.5680647467311556,-0.8229838658936566,-0.4999999999999997,-0.8660254037844388,Furniture,Chair,1966.27,4272.13,132.0,148.0,129.0,120.0,108.0,116.0,,139.75,142.875,131.30769230769232,10.781929326423922,22.81877359919741,8.44230769230768,11.56730769230768,0.06429408318687746,0.0,0.0,0
SKU009,2025-08-04,7,132.0,0,0,0,0,No Promotion,8,3,2025,32,-0.663122658240795,-0.7485107481711013,-0.8660254037844385,-0.5000000000000004,Furniture,Chair,1966.27,4272.13,108.0,132.0,150.0,193.0,125.0,130.0,,134.5,141.375,131.30769230769232,19.416487838947607,24.842000724579332,3.192307692307679,10.06730769230768,0.024311657879320325,0.0,0.0,0
SKU009,2025-08-11,7,112.0,0,1,0,1,No Promotion,8,3,2025,33,-0.7485107481711011,-0.6631226582407952,-0.8660254037844385,-0.5000000000000004,Furniture,Chair,1966.27,4272.13,132.0,108.0,148.0,143.0,107.0,118.0,,130.0,133.75,131.84615384615384,16.49242250247065,13.509256086106301,-1.8461538461538396,1.9038461538461604,-0.014002333722286986,0.0,0.0,0
SKU009,2025-08-18,7,131.0,0,0,0,0,No Promotion,8,3,2025,34,-0.8229838658936564,-0.5680647467311559,-0.8660254037844385,-0.5000000000000004,Furniture,Chair,1966.27,4272.13,112.0,132.0,132.0,128.0,106.0,121.0,,121.0,129.875,132.23076923076923,12.80624847486571,14.855855026602429,-11.230769230769226,-2.3557692307692264,-0.08493310063990689,0.0,0.0,0
SKU009,2025-08-25,7,143.0,0,0,0,0,No Promotion,8,3,2025,35,-0.8854560256532096,-0.4647231720437691,-0.8660254037844385,-0.5000000000000004,Furniture,Chair,1966.27,4272.13,131.0,112.0,108.0,129.0,118.0,116.0,,120.75,130.25,134.15384615384616,12.52663828274238,14.83961878601623,-13.40384615384616,-3.9038461538461604,-0.09991399082568808,0.0,0.0,0
SKU009,2025-09-01,7,105.0,0,0,0,0,No Promotion,9,3,2025,36,-0.9350162426854147,-0.3546048870425359,-1.0,-1.8369701987210297e-16,Furniture,Chair,1966.27,4272.13,143.0,131.0,132.0,150.0,120.0,99.0,,129.5,132.0,136.07692307692307,12.871156384205227,15.482709249814317,-6.576923076923066,-4.076923076923066,-0.04833239118145838,0.0,0.0,0
SKU009,2025-09-08,7,117.0,0,0,0,0,No Promotion,9,3,2025,37,-0.970941817426052,-0.23931566428755774,-1.0,-1.8369701987210297e-16,Furniture,Chair,1966.27,4272.13,105.0,143.0,112.0,148.0,193.0,116.0,,122.75,126.375,134.92307692307693,17.404501333467355,16.16820071268644,-12.173076923076934,-8.548076923076934,-0.09022234891676173,0.0,0.0,0
SKU009,2025-09-15,7,109.0,0,0,0,0,No Promotion,9,3,2025,38,-0.992708874098054,-0.12053668025532357,-1.0,-1.8369701987210297e-16,Furniture,Chair,1966.27,4272.13,117.0,105.0,131.0,132.0,143.0,121.0,,124.0,122.5,129.07692307692307,16.532795690182997,13.784048752090216,-5.076923076923066,-6.576923076923066,-0.03933253873659115,0.0,0.0,0
SKU009,2025-09-22,7,122.0,0,0,0,0,No Promotion,9,3,2025,39,-1.0,-1.8369701987210297e-16,-1.0,-1.8369701987210297e-16,Furniture,Chair,1966.27,4272.13,109.0,117.0,143.0,108.0,128.0,112.0,,118.5,119.625,126.46153846153847,17.07825127659934,13.917486431515869,-7.961538461538467,-6.836538461538467,-0.06295620437956206,0.0,0.0,0
SKU009,2025-09-29,7,166.0,5,1,1,1,Festive Sale,9,3,2025,40,-0.992708874098054,0.1205366802553232,-1.0,-1.8369701987210297e-16,Furniture,Chair,1966.27,4272.13,122.0,109.0,105.0,132.0,129.0,115.0,,113.25,121.375,126.0,7.6757192931129845,13.103298385194027,-12.75,-4.625,-0.10119047619047616,113.25,0.7142857142857143,1
SKU009,2025-10-06,7,158.0,5,0,1,0,Festive Sale,10,4,2025,41,-0.9709418174260521,0.23931566428755738,-0.8660254037844386,0.5000000000000001,Furniture,Chair,1966.27,4272.13,166.0,122.0,117.0,112.0,150.0,100.0,,128.5,125.625,128.84615384615384,25.566905692059546,20.47951938610167,-0.3461538461538396,-3.2211538461538396,-0.0026865671641790323,128.5,0.7142857142857143,0
SKU009,2025-10-13,7,113.0,0,0,0,0,No Promotion,10,4,2025,42,-0.9350162426854148,0.35460488704253557,-0.8660254037844386,0.5000000000000001,Furniture,Chair,1966.27,4272.13,158.0,166.0,109.0,131.0,148.0,109.0,,138.75,131.375,129.46153846153845,27.560539423845345,22.468628923774716,9.288461538461547,1.9134615384615472,0.07174688057041001,0.0,0.0,0
SKU009,2025-10-20,7,117.0,0,0,0,0,No Promotion,10,4,2025,43,-0.8854560256532101,0.464723172043768,-0.8660254037844386,0.5000000000000001,Furniture,Chair,1966.27,4272.13,113.0,158.0,122.0,143.0,132.0,110.0,,139.75,129.125,126.76923076923077,26.15817271905666,23.393756798403654,12.980769230769226,2.3557692307692264,0.10239684466019416,0.0,0.0,0
SKU009,2025-10-27,7,123.0,0,1,0,1,No Promotion,10,4,2025,44,-0.822983865893657,0.5680647467311548,-0.8660254037844386,0.5000000000000001,Furniture,Chair,1966.27,4272.13,117.0,113.0,166.0,105.0,108.0,108.0,,138.5,125.875,125.61538461538461,27.380041392712812,22.99339967406796,12.884615384615387,0.2596153846153868,0.1025719534598899,0.0,0.0,0
SKU009,2025-11-03,7,99.0,0,0,0,0,No Promotion,11,4,2025,45,-0.7485107481711011,0.6631226582407952,-0.5000000000000004,0.8660254037844384,Furniture,Chair,1966.27,4272.13,123.0,117.0,158.0,117.0,132.0,125.0,,127.75,128.125,126.76923076923077,20.58114023404276,21.49044638238782,0.9807692307692264,1.3557692307692264,0.0077366504854368134,0.0,0.0,0
SKU009,2025-11-10,7,104.0,0,0,0,0,No Promotion,11,4,2025,46,-0.6631226582407955,0.7485107481711007,-0.5000000000000004,0.8660254037844384,Furniture,Chair,1966.27,4272.13,99.0,123.0,113.0,109.0,112.0,107.0,,113.0,125.875,124.23076923076923,10.198039027185587,23.654884726596563,-11.230769230769226,1.6442307692307736,-0.09040247678018576,0.0,0.0,0
SKU009,2025-11-17,7,140.0,4,0,1,0,Black Friday,11,4,2025,47,-0.5680647467311559,0.8229838658936564,-0.5000000000000004,0.8660254037844384,Furniture,Chair,1966.27,4272.13,104.0,99.0,117.0,122.0,131.0,106.0,,110.75,125.25,123.61538461538461,11.146748404803992,24.223660216526206,-12.865384615384613,1.6346153846153868,-0.10407591785936521,110.75,0.5714285714285714,0
SKU009,2025-11-24,7,176.0,7,0,1,0,Black Friday,11,4,2025,48,-0.4647231720437684,0.88545602565321,-0.5000000000000004,0.8660254037844384,Furniture,Chair,1966.27,4272.13,140.0,104.0,123.0,166.0,143.0,118.0,,116.5,127.5,124.3076923076923,18.770544300401458,24.709743595825284,-7.807692307692307,3.1923076923076934,-0.06280940594059403,116.5,1.0,0
SKU009,2025-12-01,7,126.0,0,0,0,0,No Promotion,12,4,2025,49,-0.35460488704253595,0.9350162426854147,-2.4492935982947064e-16,1.0,Furniture,Chair,1966.27,4272.13,176.0,140.0,99.0,158.0,105.0,120.0,,129.75,128.75,126.84615384615384,35.83643397437865,27.07529184646822,2.9038461538461604,1.9038461538461604,0.022892662219527127,0.0,0.0,0
SKU009,2025-12-08,7,150.0,0,0,0,0,No Promotion,12,4,2025,50,-0.2393156642875578,0.970941817426052,-2.4492935982947064e-16,1.0,Furniture,Chair,1966.27,4272.13,126.0,176.0,104.0,113.0,117.0,193.0,,136.5,124.75,128.46153846153845,30.21588985947626,24.364787237791695,8.038461538461547,-3.711538461538453,0.06257485029940124,0.0,0.0,0
SKU009,2025-12-15,7,187.0,7,0,1,0,Year End Sale,12,4,2025,51,-0.12053668025532363,0.992708874098054,-2.4492935982947064e-16,1.0,Furniture,Chair,1966.27,4272.13,150.0,126.0,140.0,117.0,109.0,143.0,,148.0,129.375,131.0,21.102922388459223,25.309159832530423,17.0,-1.625,0.12977099236641232,148.0,1.0,0
SKU009,2025-12-22,7,173.0,7,1,1,1,Year End Sale,12,4,2025,52,6.432490598706546e-16,1.0,-2.4492935982947064e-16,1.0,Furniture,Chair,1966.27,4272.13,187.0,150.0,176.0,123.0,122.0,128.0,,159.75,138.125,137.0,27.32977619130217,31.710464699032265,22.75,1.125,0.166058394160584,159.75,1.0,1
SKU009,2025-12-29,7,139.0,3,0,1,0,Year End Sale,12,4,2025,1,0.12053668025532305,0.992708874098054,-2.4492935982947064e-16,1.0,Furniture,Chair,1966.27,4272.13,173.0,187.0,126.0,99.0,166.0,129.0,,159.0,144.375,140.92307692307693,26.77063067368169,33.196116382148425,18.076923076923066,3.451923076923066,0.1282751091703056,159.0,0.42857142857142855,0
SKU009,2026-01-05,7,142.0,0,0,0,0,No Promotion,1,1,2026,2,0.23931566428755774,0.970941817426052,0.49999999999999994,0.8660254037844387,Furniture,Chair,1966.27,4272.13,139.0,173.0,150.0,104.0,158.0,150.0,131.0,162.25,149.375,138.84615384615384,21.74664725116649,27.989475062703736,23.40384615384616,10.52884615384616,0.16855955678670376,0.0,0.0,0
SKU009,2026-01-12,7,140.0,0,0,0,0,No Promotion,1,1,2026,3,0.3546048870425356,0.9350162426854148,0.49999999999999994,0.8660254037844387,Furniture,Chair,1966.27,4272.13,142.0,139.0,187.0,140.0,113.0,148.0,140.0,160.25,154.125,137.6153846153846,23.542514733987115,21.708704639910167,22.634615384615387,16.509615384615387,0.16447736165455562,0.0,0.0,0
SKU009,2026-01-19,7,133.0,0,0,0,0,No Promotion,1,1,2026,4,0.4647231720437685,0.8854560256532099,0.49999999999999994,0.8660254037844387,Furniture,Chair,1966.27,4272.13,140.0,142.0,173.0,176.0,117.0,132.0,112.0,148.5,154.125,139.69230769230768,16.380883167074167,21.708704639910167,8.80769230769232,14.43269230769232,0.06305066079295174,0.0,0.0,0
SKU009,2026-01-26,7,141.0,0,1,0,1,No Promotion,1,1,2026,5,0.5680647467311558,0.8229838658936564,0.49999999999999994,0.8660254037844387,Furniture,Chair,1966.27,4272.13,133.0,140.0,139.0,126.0,123.0,108.0,116.0,138.5,148.75,140.92307692307693,3.872983346207481,20.82409318896881,-2.423076923076934,7.826923076923066,-0.01719432314410485,0.0,0.0,0
SKU009,2026-02-02,7,120.0,0,0,0,0,No Promotion,2,1,2026,6,0.6631226582407952,0.7485107481711011,0.8660254037844386,0.5000000000000001,Furniture,Chair,1966.27,4272.13,141.0,133.0,142.0,150.0,99.0,132.0,130.0,139.0,150.625,142.30769230769232,4.082482904638691,19.085802501934708,-3.307692307692321,8.31730769230768,-0.02324324324324334,0.0,0.0,0
SKU009,2026-02-09,7,142.0,0,0,0,0,No Promotion,2,1,2026,7,0.7485107481711011,0.6631226582407953,0.8660254037844386,0.5000000000000001,Furniture,Chair,1966.27,4272.13,120.0,141.0,140.0,187.0,104.0,112.0,118.0,133.5,146.875,143.92307692307693,9.678154093972008,21.957345012546487,-10.423076923076934,2.951923076923066,-0.072421165152325,0.0,0.0,0
SKU009,2026-02-16,7,130.0,0,0,0,0,No Promotion,2,1,2026,8,0.8229838658936564,0.5680647467311559,0.8660254037844386,0.5000000000000001,Furniture,Chair,1966.27,4272.13,142.0,120.0,133.0,173.0,140.0,131.0,121.0,134.0,141.25,146.84615384615384,10.165300454651295,14.81071041027887,-12.84615384615384,-5.59615384615384,-0.08748035620743844,0.0,0.0,0
SKU009,2026-02-23,7,145.0,0,0,0,0,No Promotion,2,1,2026,9,0.8854560256532099,0.4647231720437686,0.8660254037844386,0.5000000000000001,Furniture,Chair,1966.27,4272.13,130.0,142.0,141.0,139.0,176.0,143.0,116.0,133.25,135.875,146.07692307692307,10.372238588334431,7.7724329708087145,-12.826923076923066,-10.201923076923066,-0.08780937335439698,0.0,0.0,0
SKU009,2026-03-02,7,134.0,0,0,0,0,No Promotion,3,1,2026,10,0.9350162426854148,0.35460488704253557,1.0,6.123233995736766e-17,Furniture,Chair,1966.27,4272.13,145.0,130.0,120.0,142.0,126.0,105.0,99.0,134.25,136.625,143.69230769230768,11.500000000000021,8.382592507265114,-9.44230769230768,-7.067307692307679,-0.06571199143468942,0.0,0.0,0
SKU009,2026-03-09,7,112.0,1,0,1,0,Spring Sale,3,1,2026,11,0.970941817426052,0.23931566428755804,1.0,6.123233995736766e-17,Furniture,Chair,1966.27,4272.13,134.0,145.0,142.0,140.0,150.0,117.0,116.0,137.75,135.625,144.30769230769232,6.9462219947249375,8.12293929911722,-6.557692307692321,-8.68269230769232,-0.04544243070362486,137.75,0.14285714285714285,0
SKU009,2026-03-16,7,171.0,7,0,1,0,Spring Sale,3,1,2026,12,0.992708874098054,0.120536680255323,1.0,6.123233995736766e-17,Furniture,Chair,1966.27,4272.13,112.0,134.0,130.0,133.0,187.0,109.0,121.0,130.25,132.125,141.3846153846154,13.720422734012264,11.357030547512979,-11.134615384615387,-9.259615384615387,-0.07875408052230692,130.25,1.0,0
SKU009,2026-03-23,7,162.0,3,0,1,0,Spring Sale,3,1,2026,13,1.0,-1.6081226496766366e-16,1.0,6.123233995736766e-17,Furniture,Chair,1966.27,4272.13,171.0,112.0,145.0,141.0,173.0,122.0,112.0,140.5,136.875,140.15384615384616,24.528894525980316,17.860071188467952,0.3461538461538396,-3.2788461538461604,0.002469813391877018,140.5,0.42857142857142855,0
SKU009,2026-03-30,7,117.0,0,0,0,0,No Promotion,3,1,2026,14,0.992708874098054,-0.12053668025532288,1.0,6.123233995736766e-17,Furniture,Chair,1966.27,4272.13,162.0,171.0,134.0,120.0,139.0,166.0,115.0,144.75,139.5,139.30769230769232,26.924276530051223,19.971408134058628,5.442307692307679,0.1923076923076792,0.039066813914963916,0.0,0.0,0
SKU009,2026-04-06,7,108.0,0,0,0,0,No Promotion,4,2,2026,15,0.9709418174260521,-0.2393156642875575,0.8660254037844387,-0.4999999999999998,Furniture,Chair,1966.27,4272.13,117.0,162.0,112.0,142.0,142.0,158.0,100.0,140.5,139.125,137.6153846153846,30.315012782448246,20.413143524979898,2.884615384615387,1.5096153846153868,0.020961430967020744,0.0,0.0,0
SKU009,2026-04-13,7,131.0,0,0,0,0,No Promotion,4,2,2026,16,0.9350162426854148,-0.35460488704253545,0.8660254037844387,-0.4999999999999998,Furniture,Chair,1966.27,4272.13,108.0,117.0,171.0,130.0,140.0,113.0,109.0,139.5,134.875,135.0,31.606961258558222,23.09259312296602,4.5,-0.125,0.03333333333333344,0.0,0.0,0
SKU009,2026-04-20,7,112.0,0,0,0,0,No Promotion,4,2,2026,17,0.8854560256532099,-0.4647231720437685,0.8660254037844387,-0.4999999999999998,Furniture,Chair,1966.27,4272.13,131.0,108.0,162.0,145.0,133.0,117.0,110.0,129.5,135.0,134.30769230769232,23.64318083507379,23.065125189341597,-4.807692307692321,0.6923076923076792,-0.035796105383734345,0.0,0.0,0
SKU009,2026-04-27,7,137.0,0,0,0,0,No Promotion,4,2,2026,18,0.8229838658936565,-0.5680647467311557,0.8660254037844387,-0.4999999999999998,Furniture,Chair,1966.27,4272.13,112.0,131.0,117.0,134.0,141.0,123.0,108.0,117.0,130.875,132.69230769230768,10.033277962194965,23.954942824275037,-15.69230769230768,-1.8173076923076792,-0.11826086956521731,0.0,0.0,0
SKU009,2026-05-04,7,131.0,0,0,0,0,No Promotion,5,2,2026,19,0.7485107481711013,-0.663122658240795,0.49999999999999994,-0.8660254037844387,Furniture,Chair,1966.27,4272.13,137.0,112.0,108.0,112.0,120.0,99.0,125.0,122.0,131.25,132.3846153846154,14.16568624058387,24.034201820382084,-10.384615384615387,-1.1346153846153868,-0.0784427658338176,0.0,0.0,0
SKU009,2026-05-11,7,125.0,0,0,0,0,No Promotion,5,2,2026,20,0.6631226582407952,-0.7485107481711012,0.49999999999999994,-0.8660254037844387,Furniture,Chair,1966.27,4272.13,131.0,137.0,131.0,171.0,142.0,104.0,107.0,127.75,133.625,133.23076923076923,10.874281585465795,22.765497076559903,-5.480769230769226,0.3942307692307736,-0.041137413394919164,0.0,0.0,0
SKU009,2026-05-18,7,133.0,0,0,0,0,No Promotion,5,2,2026,21,0.5680647467311558,-0.8229838658936564,0.49999999999999994,-0.8660254037844387,Furniture,Chair,1966.27,4272.13,125.0,131.0,112.0,162.0,130.0,140.0,106.0,126.25,127.875,131.92307692307693,10.688779163215997,17.07493986603091,-5.673076923076934,-4.048076923076934,-0.04300291545189516,0.0,0.0,0
SKU009,2026-05-25,7,116.0,0,0,0,0,No Promotion,5,2,2026,22,0.46472317204376906,-0.8854560256532096,0.49999999999999994,-0.8660254037844387,Furniture,Chair,1966.27,4272.13,133.0,125.0,137.0,117.0,145.0,176.0,118.0,131.5,124.25,132.15384615384616,5.000000000000047,10.673732778581806,-0.6538461538461604,-7.90384615384616,-0.004947613504074577,0.0,0.0,0
SKU009,2026-06-01,7,149.0,0,0,0,0,No Promotion,6,2,2026,23,0.35460488704253584,-0.9350162426854147,1.2246467991473532e-16,-1.0,Furniture,Chair,1966.27,4272.13,116.0,133.0,131.0,108.0,134.0,126.0,120.0,126.25,124.125,129.92307692307693,7.632168761236901,10.776131031126164,-3.673076923076934,-5.798076923076934,-0.028271166370633538,0.0,0.0,0
SKU009,2026-06-08,7,178.0,5,0,1,0,Summer Sale,6,2,2026,24,0.23931566428755768,-0.970941817426052,1.2246467991473532e-16,-1.0,Furniture,Chair,1966.27,4272.13,149.0,116.0,125.0,131.0,112.0,150.0,193.0,130.75,129.25,131.07692307692307,14.008925726121912,11.719946367502843,-0.326923076923066,-1.826923076923066,-0.002494131455399007,130.75,0.7142857142857143,0
SKU009,2026-06-15,7,184.0,6,0,1,0,Summer Sale,6,2,2026,25,0.12053668025532308,-0.992708874098054,1.2246467991473532e-16,-1.0,Furniture,Chair,1966.27,4272.13,178.0,149.0,133.0,112.0,171.0,187.0,143.0,144.0,135.125,136.15384615384616,26.369173922088155,20.904117844509564,7.84615384615384,-1.0288461538461604,0.057627118644067776,144.0,0.8571428571428571,0
SKU009,2026-06-22,7,153.0,0,0,0,0,No Promotion,6,2,2026,26,-3.216245299353273e-16,-1.0,1.2246467991473532e-16,-1.0,Furniture,Chair,1966.27,4272.13,184.0,178.0,116.0,137.0,162.0,173.0,128.0,156.75,144.125,137.15384615384616,31.170231525180142,24.683351821477924,19.59615384615384,6.97115384615384,0.1428771733034211,0.0,0.0,0
SKU010,2025-01-20,7,326.0,0,1,0,1,No Promotion,1,1,2025,4,0.4647231720437685,0.8854560256532099,0.49999999999999994,0.8660254037844387,Home Decor,Clock,4497.67,8525.33,,,,,,,,,,,,,,,,,0.0,0
SKU010,2025-01-27,7,340.0,0,0,0,0,No Promotion,1,1,2025,5,0.5680647467311558,0.8229838658936564,0.49999999999999994,0.8660254037844387,Home Decor,Clock,4497.67,8525.33,326.0,,,,,,,,,,,,,,,,0.0,0
SKU010,2025-02-03,7,353.0,0,0,0,0,No Promotion,2,1,2025,6,0.6631226582407952,0.7485107481711011,0.8660254037844386,0.5000000000000001,Home Decor,Clock,4497.67,8525.33,340.0,326.0,,,,,,,,,,,,,,,0.0,0
SKU010,2025-02-10,7,362.0,0,0,0,0,No Promotion,2,1,2025,7,0.7485107481711011,0.6631226582407953,0.8660254037844386,0.5000000000000001,Home Decor,Clock,4497.67,8525.33,353.0,340.0,,,,,,,,,,,,,,,0.0,0
SKU010,2025-02-17,7,318.0,0,0,0,0,No Promotion,2,1,2025,8,0.8229838658936564,0.5680647467311559,0.8660254037844386,0.5000000000000001,Home Decor,Clock,4497.67,8525.33,362.0,353.0,326.0,,,,,345.25,,,15.692354826475208,,,,,0.0,0.0,0
SKU010,2025-02-24,7,361.0,0,0,0,0,No Promotion,2,1,2025,9,0.8854560256532099,0.4647231720437686,0.8660254037844386,0.5000000000000001,Home Decor,Clock,4497.67,8525.33,318.0,362.0,340.0,,,,,343.25,,,19.102792117035314,,,,,0.0,0.0,0
SKU010,2025-03-03,7,301.0,0,0,0,0,No Promotion,3,1,2025,10,0.9350162426854148,0.35460488704253557,1.0,6.123233995736766e-17,Home Decor,Clock,4497.67,8525.33,361.0,318.0,353.0,,,,,348.5,,,20.728402414722332,,,,,0.0,0.0,0
SKU010,2025-03-10,7,336.0,0,0,0,0,No Promotion,3,1,2025,11,0.970941817426052,0.23931566428755804,1.0,6.123233995736766e-17,Home Decor,Clock,4497.67,8525.33,301.0,361.0,362.0,,,,,335.5,,,30.81666215972565,,,,,0.0,0.0,0
SKU010,2025-03-17,7,454.0,4,0,1,0,Spring Sale,3,1,2025,12,0.992708874098054,0.120536680255323,1.0,6.123233995736766e-17,Home Decor,Clock,4497.67,8525.33,336.0,301.0,318.0,326.0,,,,329.0,337.125,,25.677486896761014,21.530294271759775,,,,329.0,0.5714285714285714,0
SKU010,2025-03-24,7,431.0,4,0,1,0,Spring Sale,3,1,2025,13,1.0,-1.6081226496766366e-16,1.0,6.123233995736766e-17,Home Decor,Clock,4497.67,8525.33,454.0,336.0,361.0,340.0,,,,363.0,353.125,,65.46754921333164,45.87697056880965,,,,363.0,0.5714285714285714,0
SKU010,2025-03-31,7,331.0,0,0,0,0,No Promotion,3,1,2025,14,0.992708874098054,-0.12053668025532288,1.0,6.123233995736766e-17,Home Decor,Clock,4497.67,8525.33,431.0,454.0,301.0,353.0,,,,380.5,364.5,,73.60480056807889,52.90152576789657,,,,0.0,0.0,0
SKU010,2025-04-07,7,308.0,0,0,0,0,No Promotion,4,2,2025,15,0.9709418174260521,-0.2393156642875575,0.8660254037844387,-0.4999999999999998,Home Decor,Clock,4497.67,8525.33,331.0,431.0,336.0,362.0,,,,388.0,361.75,,63.660558171183716,54.142009039720165,,,,0.0,0.0,0
SKU010,2025-04-14,7,312.0,0,0,0,0,No Promotion,4,2,2025,16,0.9350162426854148,-0.35460488704253545,0.8660254037844387,-0.4999999999999998,Home Decor,Clock,4497.67,8525.33,308.0,331.0,454.0,318.0,,,,381.0,355.0,,72.24495368766827,57.37595315112419,,,,0.0,0.0,0
SKU010,2025-04-21,7,337.0,0,0,0,0,No Promotion,4,2,2025,17,0.8854560256532099,-0.4647231720437685,0.8660254037844387,-0.4999999999999998,Home Decor,Clock,4497.67,8525.33,312.0,308.0,431.0,361.0,326.0,,,345.5,354.25,348.6923076923077,57.876304880898076,57.96489085151951,-3.192307692307679,5.557692307692321,-0.009155084932715551,0.0,0.0,0
SKU010,2025-04-28,7,351.0,0,0,0,0,No Promotion,4,2,2025,18,0.8229838658936565,-0.5680647467311557,0.8660254037844387,-0.4999999999999998,Home Decor,Clock,4497.67,8525.33,337.0,312.0,331.0,301.0,340.0,,,322.0,351.25,349.53846153846155,14.165686240583852,58.18627722361052,-27.538461538461547,1.7115384615384528,-0.07878521126760563,0.0,0.0,0
SKU010,2025-05-05,7,350.0,0,0,0,0,No Promotion,5,2,2025,19,0.7485107481711013,-0.663122658240795,0.49999999999999994,-0.8660254037844387,Home Decor,Clock,4497.67,8525.33,351.0,337.0,308.0,336.0,353.0,,,327.0,357.5,350.38461538461536,20.51016008388688,54.591993133478034,-23.38461538461536,7.115384615384642,-0.06673984632272223,0.0,0.0,0
SKU010,2025-05-12,7,302.0,0,0,0,0,No Promotion,5,2,2025,20,0.6631226582407952,-0.7485107481711012,0.49999999999999994,-0.8660254037844387,Home Decor,Clock,4497.67,8525.33,350.0,351.0,312.0,454.0,362.0,,,337.5,359.25,350.15384615384613,18.156725108528434,54.02578749343421,-12.653846153846132,9.096153846153868,-0.036137961335676594,0.0,0.0,0
SKU010,2025-05-19,7,345.0,0,0,0,0,No Promotion,5,2,2025,21,0.5680647467311558,-0.8229838658936564,0.49999999999999994,-0.8660254037844387,Home Decor,Clock,4497.67,8525.33,302.0,350.0,337.0,431.0,318.0,,,335.0,340.25,345.53846153846155,22.905603390145977,41.133059349245734,-10.538461538461547,-5.288461538461547,-0.030498664292074817,0.0,0.0,0
SKU010,2025-05-26,7,352.0,0,0,0,0,No Promotion,5,2,2025,22,0.46472317204376906,-0.8854560256532096,0.49999999999999994,-0.8660254037844387,Home Decor,Clock,4497.67,8525.33,345.0,302.0,351.0,331.0,361.0,,,337.0,329.5,347.61538461538464,23.480488353808433,19.661419800498386,-10.615384615384642,-18.11538461538464,-0.03053772958619172,0.0,0.0,0
SKU010,2025-06-02,7,365.0,0,0,0,0,No Promotion,6,2,2025,23,0.35460488704253584,-0.9350162426854147,1.2246467991473532e-16,-1.0,Home Decor,Clock,4497.67,8525.33,352.0,345.0,350.0,308.0,301.0,,,337.25,332.125,346.9230769230769,23.68367933127509,21.229612068321686,-9.673076923076906,-14.798076923076906,-0.027882483370288202,0.0,0.0,0
SKU010,2025-06-09,7,514.0,6,0,1,0,Summer Sale,6,2,2025,24,0.23931566428755768,-0.970941817426052,1.2246467991473532e-16,-1.0,Home Decor,Clock,4497.67,8525.33,365.0,352.0,302.0,312.0,336.0,,,341.0,339.25,351.84615384615387,27.288581250527972,21.539001170633973,-10.846153846153868,-12.596153846153868,-0.03082641014429388,341.0,0.8571428571428571,0
SKU010,2025-06-16,7,534.0,5,0,1,0,Summer Sale,6,2,2025,25,0.12053668025532308,-0.992708874098054,1.2246467991473532e-16,-1.0,Home Decor,Clock,4497.67,8525.33,514.0,365.0,345.0,337.0,454.0,,,394.0,364.5,365.53846153846155,80.4280216508318,63.18001492334647,28.461538461538453,-1.0384615384615472,0.07786195286195285,394.0,0.7142857142857143,0
SKU010,2025-06-23,7,368.0,0,0,0,0,No Promotion,6,2,2025,26,-3.216245299353273e-16,-1.0,1.2246467991473532e-16,-1.0,Home Decor,Clock,4497.67,8525.33,534.0,514.0,352.0,351.0,431.0,,,441.25,389.125,371.6923076923077,96.04642974450778,85.41066761744189,69.55769230769232,17.43269230769232,0.18713783112582782,0.0,0.0,0
SKU010,2025-06-30,7,414.0,0,0,0,0,No Promotion,6,2,2025,27,-0.12053668025532283,-0.992708874098054,1.2246467991473532e-16,-1.0,Home Decor,Clock,4497.67,8525.33,368.0,534.0,365.0,350.0,331.0,,,445.25,391.25,366.84615384615387,91.30671753308553,84.53359433638538,78.40384615384613,24.403846153846132,0.21372405116376592,0.0,0.0,0
SKU010,2025-07-07,7,413.0,0,0,0,0,No Promotion,7,3,2025,28,-0.23931566428755743,-0.9709418174260521,-0.4999999999999997,-0.8660254037844388,Home Decor,Clock,4497.67,8525.33,414.0,368.0,514.0,302.0,308.0,,,457.5,399.25,373.2307692307692,79.47116877627174,83.08816315903758,84.26923076923077,26.019230769230774,0.22578318219291016,0.0,0.0,0
SKU010,2025-07-14,7,418.0,0,0,0,0,No Promotion,7,3,2025,29,-0.3546048870425356,-0.9350162426854148,-0.4999999999999997,-0.8660254037844388,Home Decor,Clock,4497.67,8525.33,413.0,414.0,534.0,345.0,312.0,,,432.25,413.125,381.3076923076923,71.14480538544845,73.20897193260238,50.94230769230768,31.81730769230768,0.13359895097841434,0.0,0.0,0
SKU010,2025-07-21,7,410.0,0,0,0,0,No Promotion,7,3,2025,30,-0.46472317204376806,-0.8854560256532101,-0.4999999999999997,-0.8660254037844388,Home Decor,Clock,4497.67,8525.33,418.0,413.0,368.0,352.0,337.0,326.0,,403.25,422.25,389.46153846153845,23.599081903045885,67.85857141353408,13.788461538461547,32.78846153846155,0.035403910724866705,0.0,0.0,0
SKU010,2025-07-28,7,387.0,0,0,0,0,No Promotion,7,3,2025,31,-0.5680647467311556,-0.8229838658936566,-0.4999999999999997,-0.8660254037844388,Home Decor,Clock,4497.67,8525.33,410.0,418.0,414.0,365.0,351.0,340.0,,413.75,429.5,395.0769230769231,3.3040379335999956,62.138095055632704,18.673076923076906,34.423076923076906,0.04726440809968846,0.0,0.0,0
SKU010,2025-08-04,7,365.0,0,0,0,0,No Promotion,8,3,2025,32,-0.663122658240795,-0.7485107481711013,-0.8660254037844385,-0.5000000000000004,Home Decor,Clock,4497.67,8525.33,387.0,410.0,413.0,514.0,350.0,353.0,,407.0,432.25,397.84615384615387,13.735598518691052,59.29767521340337,9.153846153846132,34.40384615384613,0.023008507347254348,0.0,0.0,0
SKU010,2025-08-11,7,389.0,0,1,0,1,No Promotion,8,3,2025,33,-0.7485107481711011,-0.6631226582407952,-0.8660254037844385,-0.5000000000000004,Home Decor,Clock,4497.67,8525.33,365.0,387.0,418.0,534.0,302.0,362.0,,395.0,413.625,399.0,23.93045479439678,53.02004337983881,-4.0,14.625,-0.010025062656641603,0.0,0.0,0
SKU010,2025-08-18,7,382.0,0,0,0,0,No Promotion,8,3,2025,34,-0.8229838658936564,-0.5680647467311559,-0.8660254037844385,-0.5000000000000004,Home Decor,Clock,4497.67,8525.33,389.0,365.0,410.0,368.0,345.0,318.0,,387.75,395.5,405.6923076923077,18.39157415774955,21.267009998721168,-17.94230769230768,-10.19230769230768,-0.04422639362912395,0.0,0.0,0
SKU010,2025-08-25,7,403.0,0,0,0,0,No Promotion,8,3,2025,35,-0.8854560256532096,-0.4647231720437691,-0.8660254037844385,-0.5000000000000004,Home Decor,Clock,4497.67,8525.33,382.0,389.0,387.0,414.0,352.0,361.0,,380.75,397.25,408.53846153846155,10.904891868637105,19.15165043242242,-27.788461538461547,-11.288461538461547,-0.06801920542270756,0.0,0.0,0
SKU010,2025-09-01,7,336.0,0,0,0,0,No Promotion,9,3,2025,36,-0.9350162426854147,-0.3546048870425359,-1.0,-1.8369701987210297e-16,Home Decor,Clock,4497.67,8525.33,403.0,382.0,365.0,413.0,365.0,301.0,,384.75,395.875,412.46153846153845,15.798206649279349,18.145739366111513,-27.711538461538453,-16.586538461538453,-0.06718575158522933,0.0,0.0,0
SKU010,2025-09-08,7,325.0,0,0,0,0,No Promotion,9,3,2025,37,-0.970941817426052,-0.23931566428755774,-1.0,-1.8369701987210297e-16,Home Decor,Clock,4497.67,8525.33,336.0,403.0,389.0,418.0,514.0,336.0,,377.5,386.25,410.2307692307692,29.01149197588203,26.337100393605414,-32.730769230769226,-23.980769230769226,-0.07978623663979001,0.0,0.0,0
SKU010,2025-09-15,7,334.0,0,0,0,0,No Promotion,9,3,2025,38,-0.992708874098054,-0.12053668025532357,-1.0,-1.8369701987210297e-16,Home Decor,Clock,4497.67,8525.33,325.0,336.0,382.0,410.0,534.0,454.0,,361.5,374.625,395.6923076923077,37.08099243547833,30.51434089080075,-34.19230769230768,-21.06730769230768,-0.08641135303265934,0.0,0.0,0
SKU010,2025-09-22,7,362.0,0,0,0,0,No Promotion,9,3,2025,39,-1.0,-1.8369701987210297e-16,-1.0,-1.8369701987210297e-16,Home Decor,Clock,4497.67,8525.33,334.0,325.0,403.0,387.0,368.0,431.0,,349.5,365.125,380.3076923076923,35.98610843089318,29.74864942912768,-30.80769230769232,-15.18269230769232,-0.08100728155339809,0.0,0.0,0
SKU010,2025-09-29,7,391.0,5,1,1,1,Festive Sale,9,3,2025,40,-0.992708874098054,0.1205366802553232,-1.0,-1.8369701987210297e-16,Home Decor,Clock,4497.67,8525.33,362.0,334.0,336.0,365.0,414.0,331.0,,339.25,362.0,379.84615384615387,15.90335394395372,28.405230906597804,-40.59615384615387,-17.846153846153868,-0.10687525313892265,339.25,0.7142857142857143,1
SKU010,2025-10-06,7,427.0,5,0,1,0,Festive Sale,10,4,2025,41,-0.9709418174260521,0.23931566428755738,-0.8660254037844386,0.5000000000000001,Home Decor,Clock,4497.67,8525.33,391.0,362.0,325.0,389.0,413.0,308.0,,353.0,365.25,378.0769230769231,29.832867780352625,30.226525720678737,-25.076923076923094,-12.826923076923094,-0.0663275686673449,353.0,0.7142857142857143,0
SKU010,2025-10-13,7,328.0,0,0,0,0,No Promotion,10,4,2025,42,-0.9350162426854148,0.35460488704253557,-0.8660254037844386,0.5000000000000001,Home Decor,Clock,4497.67,8525.33,427.0,391.0,334.0,382.0,418.0,312.0,,378.5,370.0,379.15384615384613,39.83716857408421,36.769552621700406,-0.653846153846132,-9.153846153846132,-0.0017244877257049929,0.0,0.0,0
SKU010,2025-10-20,7,413.0,0,0,0,0,No Promotion,10,4,2025,43,-0.8854560256532101,0.464723172043768,-0.8660254037844386,0.5000000000000001,Home Decor,Clock,4497.67,8525.33,328.0,427.0,362.0,403.0,410.0,337.0,,377.0,363.25,372.2307692307692,42.118879377305404,39.13255860350993,4.769230769230774,-8.980769230769226,0.012812564579458563,0.0,0.0,0
SKU010,2025-10-27,7,381.0,0,1,0,1,No Promotion,10,4,2025,44,-0.822983865893657,0.5680647467311548,-0.8660254037844386,0.5000000000000001,Home Decor,Clock,4497.67,8525.33,413.0,328.0,391.0,336.0,387.0,351.0,,389.75,364.5,372.46153846153845,43.75214280466732,40.711528728709844,17.288461538461547,-7.961538461538453,0.046416769929781054,0.0,0.0,0
SKU010,2025-11-03,7,367.0,0,0,0,0,No Promotion,11,4,2025,45,-0.7485107481711011,0.6631226582407952,-0.5000000000000004,0.8660254037844384,Home Decor,Clock,4497.67,8525.33,381.0,413.0,427.0,325.0,365.0,350.0,,387.25,370.125,372.0,43.9421968802957,39.295355959705915,15.25,-1.875,0.040994623655914,0.0,0.0,0
SKU010,2025-11-10,7,373.0,0,0,0,0,No Promotion,11,4,2025,46,-0.6631226582407955,0.7485107481711007,-0.5000000000000004,0.8660254037844384,Home Decor,Clock,4497.67,8525.33,367.0,381.0,328.0,334.0,389.0,302.0,,372.25,375.375,372.15384615384613,35.22664711076927,34.97320402822702,0.09615384615386802,3.221153846153868,0.0002583712277801631,0.0,0.0,0
SKU010,2025-11-17,7,498.0,4,0,1,0,Black Friday,11,4,2025,47,-0.5680647467311559,0.8229838658936564,-0.5000000000000004,0.8660254037844384,Home Decor,Clock,4497.67,8525.33,373.0,367.0,413.0,362.0,382.0,345.0,,383.5,380.25,370.9230769230769,20.48576741707933,30.857969565645114,12.576923076923094,9.326923076923094,0.0339070924927416,383.5,0.5714285714285714,0
SKU010,2025-11-24,7,403.0,7,0,1,0,Black Friday,11,4,2025,48,-0.4647231720437684,0.88545602565321,-0.5000000000000004,0.8660254037844384,Home Decor,Clock,4497.67,8525.33,498.0,373.0,381.0,391.0,403.0,352.0,,404.75,397.25,379.84615384615387,62.43062816705704,50.54771437534461,24.903846153846132,17.403846153846132,0.06556298096395285,404.75,1.0,0
SKU010,2025-12-01,7,439.0,0,0,0,0,No Promotion,12,4,2025,49,-0.35460488704253595,0.9350162426854147,-2.4492935982947064e-16,1.0,Home Decor,Clock,4497.67,8525.33,403.0,498.0,367.0,427.0,336.0,365.0,,410.25,398.75,379.84615384615387,60.58258825768343,50.5137887823003,30.403846153846132,18.903846153846132,0.08004252733900352,0.0,0.0,0
SKU010,2025-12-08,7,428.0,0,0,0,0,No Promotion,12,4,2025,50,-0.2393156642875578,0.970941817426052,-2.4492935982947064e-16,1.0,Home Decor,Clock,4497.67,8525.33,439.0,403.0,373.0,328.0,325.0,514.0,,428.25,400.25,387.7692307692308,53.761045376740974,51.6381641811557,40.480769230769226,12.480769230769226,0.10439396945050583,0.0,0.0,0
SKU010,2025-12-15,7,569.0,7,0,1,0,Year End Sale,12,4,2025,51,-0.12053668025532363,0.992708874098054,-2.4492935982947064e-16,1.0,Home Decor,Clock,4497.67,8525.33,428.0,439.0,498.0,413.0,334.0,534.0,,442.0,412.75,395.6923076923077,40.25750447639134,43.037359186110336,46.30769230769232,17.05769230769232,0.11702954898911355,442.0,1.0,0
SKU010,2025-12-22,7,529.0,7,1,1,1,Year End Sale,12,4,2025,52,6.432490598706546e-16,1.0,-2.4492935982947064e-16,1.0,Home Decor,Clock,4497.67,8525.33,569.0,428.0,403.0,381.0,362.0,368.0,,459.75,432.25,413.7692307692308,74.37461484494112,70.03825485302393,45.980769230769226,18.480769230769226,0.11112660345789172,459.75,1.0,1
SKU010,2025-12-29,7,758.0,3,0,1,0,Year End Sale,12,4,2025,1,0.12053668025532305,0.992708874098054,-2.4492935982947064e-16,1.0,Home Decor,Clock,4497.67,8525.33,529.0,569.0,439.0,367.0,391.0,414.0,,491.25,450.75,426.61538461538464,68.80104165878112,74.00144786228356,64.63461538461536,24.13461538461536,0.15150558961413618,491.25,0.42857142857142855,0
SKU010,2026-01-05,7,403.0,0,0,0,0,No Promotion,1,1,2026,2,0.23931566428755774,0.970941817426052,0.49999999999999994,0.8660254037844387,Home Decor,Clock,4497.67,8525.33,758.0,529.0,428.0,373.0,427.0,413.0,,571.0,499.625,454.84615384615387,138.06520198804623,123.4109713807603,116.15384615384613,44.77884615384613,0.25536952477591734,0.0,0.0,0
SKU010,2026-01-12,7,412.0,0,0,0,0,No Promotion,1,1,2026,3,0.3546048870425356,0.9350162426854148,0.49999999999999994,0.8660254037844387,Home Decor,Clock,4497.67,8525.33,403.0,758.0,569.0,498.0,328.0,418.0,,564.75,503.375,453.0,146.97477107766943,119.40439989500258,111.75,50.375,0.2466887417218544,0.0,0.0,0
SKU010,2026-01-19,7,374.0,0,0,0,0,No Promotion,1,1,2026,4,0.4647231720437685,0.8854560256532099,0.49999999999999994,0.8660254037844387,Home Decor,Clock,4497.67,8525.33,412.0,403.0,529.0,403.0,413.0,410.0,326.0,525.5,492.625,459.46153846153845,165.28460303367643,123.74967532424934,66.03846153846155,33.16346153846155,0.1437301188682405,0.0,0.0,0
SKU010,2026-01-26,7,410.0,0,1,0,1,No Promotion,1,1,2026,5,0.5680647467311558,0.8229838658936564,0.49999999999999994,0.8660254037844387,Home Decor,Clock,4497.67,8525.33,374.0,412.0,758.0,439.0,381.0,387.0,340.0,486.75,489.0,456.46153846153845,181.55876000164062,127.12873115749353,30.288461538461547,32.53846153846155,0.06635490394337706,0.0,0.0,0
SKU010,2026-02-02,7,387.0,0,0,0,0,No Promotion,2,1,2026,6,0.6631226582407952,0.7485107481711011,0.8660254037844386,0.5000000000000001,Home Decor,Clock,4497.67,8525.33,410.0,374.0,403.0,428.0,367.0,365.0,353.0,399.75,485.375,458.6923076923077,17.59498034478399,129.1554296187349,-58.94230769230768,26.68269230769232,-0.1285007546536978,0.0,0.0,0
SKU010,2026-02-09,7,367.0,0,0,0,0,No Promotion,2,1,2026,7,0.7485107481711011,0.6631226582407953,0.8660254037844386,0.5000000000000001,Home Decor,Clock,4497.67,8525.33,387.0,410.0,412.0,569.0,373.0,389.0,362.0,395.75,480.25,460.2307692307692,18.40968947773613,132.5268166932909,-64.48076923076923,20.019230769230774,-0.1401052983453117,0.0,0.0,0
SKU010,2026-02-16,7,409.0,0,0,0,0,No Promotion,2,1,2026,8,0.8229838658936564,0.5680647467311559,0.8660254037844386,0.5000000000000001,Home Decor,Clock,4497.67,8525.33,367.0,387.0,374.0,529.0,498.0,382.0,318.0,384.5,455.0,459.7692307692308,18.91207727000575,132.44513688963542,-75.26923076923077,-4.769230769230774,-0.16371089175171494,0.0,0.0,0
SKU010,2026-02-23,7,405.0,0,0,0,0,No Promotion,2,1,2026,9,0.8854560256532099,0.4647231720437686,0.8660254037844386,0.5000000000000001,Home Decor,Clock,4497.67,8525.33,409.0,367.0,410.0,758.0,403.0,403.0,361.0,393.25,440.0,452.9230769230769,20.4674538393682,129.6324474372501,-59.673076923076906,-12.923076923076906,-0.13175101902173914,0.0,0.0,0
SKU010,2026-03-02,7,365.0,0,0,0,0,No Promotion,3,1,2026,10,0.9350162426854148,0.35460488704253557,1.0,6.123233995736766e-17,Home Decor,Clock,4497.67,8525.33,405.0,409.0,387.0,403.0,439.0,336.0,301.0,392.0,395.875,453.0769230769231,19.21804707386614,17.553489681541674,-61.076923076923094,-57.201923076923094,-0.13480475382003398,0.0,0.0,0
SKU010,2026-03-09,7,417.0,1,0,1,0,Spring Sale,3,1,2026,11,0.970941817426052,0.23931566428755804,1.0,6.123233995736766e-17,Home Decor,Clock,4497.67,8525.33,365.0,405.0,367.0,412.0,428.0,325.0,336.0,386.5,391.125,447.38461538461536,23.74166520416519,20.279740065958634,-60.88461538461536,-56.25961538461536,-0.13609009628610724,386.5,0.14285714285714285,0
SKU010,2026-03-16,7,544.0,7,0,1,0,Spring Sale,3,1,2026,12,0.992708874098054,0.120536680255323,1.0,6.123233995736766e-17,Home Decor,Clock,4497.67,8525.33,417.0,365.0,409.0,374.0,569.0,334.0,454.0,399.0,391.75,446.53846153846155,23.209193580705648,21.07639166732001,-47.53846153846155,-54.78846153846155,-0.1064599483204135,399.0,1.0,0
SKU010,2026-03-23,7,400.0,3,0,1,0,Spring Sale,3,1,2026,13,1.0,-1.6081226496766366e-16,1.0,6.123233995736766e-17,Home Decor,Clock,4497.67,8525.33,544.0,417.0,405.0,410.0,529.0,362.0,431.0,432.75,413.0,444.61538461538464,77.42684719570252,56.52053988216511,-11.865384615384642,-31.61538461538464,-0.026686851211072726,432.75,0.42857142857142855,0
SKU010,2026-03-30,7,370.0,0,0,0,0,No Promotion,3,1,2026,14,0.992708874098054,-0.12053668025532288,1.0,6.123233995736766e-17,Home Decor,Clock,4497.67,8525.33,400.0,544.0,365.0,387.0,758.0,391.0,331.0,431.5,411.75,434.6923076923077,78.06194121764247,56.706638563248006,-3.192307692307679,-22.94230769230768,-0.007343832949920359,0.0,0.0,0
SKU010,2026-04-06,7,370.0,0,0,0,0,No Promotion,4,2,2026,15,0.9709418174260521,-0.2393156642875575,0.8660254037844387,-0.4999999999999998,Home Decor,Clock,4497.67,8525.33,370.0,400.0,417.0,367.0,403.0,427.0,308.0,432.75,409.625,404.84615384615387,76.6697463149579,58.06877080546076,27.903846153846132,4.778846153846132,0.06892456773703204,0.0,0.0,0
SKU010,2026-04-13,7,352.0,0,0,0,0,No Promotion,4,2,2026,16,0.9350162426854148,-0.35460488704253545,0.8660254037844387,-0.4999999999999998,Home Decor,Clock,4497.67,8525.33,370.0,370.0,544.0,409.0,412.0,328.0,312.0,421.0,410.0,402.3076923076923,83.21057625085889,57.76306283925236,18.69230769230768,7.692307692307679,0.04646271510516242,0.0,0.0,0
SKU010,2026-04-20,7,405.0,0,0,0,0,No Promotion,4,2,2026,17,0.8854560256532099,-0.4647231720437685,0.8660254037844387,-0.4999999999999998,Home Decor,Clock,4497.67,8525.33,352.0,370.0,400.0,405.0,374.0,413.0,337.0,373.0,402.875,397.6923076923077,19.89974874213243,61.31053859539266,-24.69230769230768,5.182692307692321,-0.062088974854932255,0.0,0.0,0
SKU010,2026-04-27,7,409.0,0,0,0,0,No Promotion,4,2,2026,18,0.8229838658936565,-0.5680647467311557,0.8660254037844387,-0.4999999999999998,Home Decor,Clock,4497.67,8525.33,405.0,352.0,370.0,365.0,410.0,381.0,351.0,374.25,402.875,400.0769230769231,22.18670773233382,61.31053859539266,-25.826923076923094,2.7980769230769056,-0.06455489328975206,0.0,0.0,0
SKU010,2026-05-04,7,402.0,0,0,0,0,No Promotion,5,2,2026,19,0.7485107481711013,-0.663122658240795,0.49999999999999994,-0.8660254037844387,Home Decor,Clock,4497.67,8525.33,409.0,405.0,370.0,417.0,387.0,367.0,350.0,384.0,408.375,400.0,27.60434748368454,59.37035696131761,-16.0,8.375,-0.040000000000000036,0.0,0.0,0
SKU010,2026-05-11,7,376.0,0,0,0,0,No Promotion,5,2,2026,20,0.6631226582407952,-0.7485107481711012,0.49999999999999994,-0.8660254037844387,Home Decor,Clock,4497.67,8525.33,402.0,409.0,352.0,544.0,367.0,373.0,302.0,392.0,406.5,401.15384615384613,26.8203902531886,59.29586832149428,-9.153846153846132,5.346153846153868,-0.022818791946308647,0.0,0.0,0
SKU010,2026-05-18,7,353.0,0,0,0,0,No Promotion,5,2,2026,21,0.5680647467311558,-0.8229838658936564,0.49999999999999994,-0.8660254037844387,Home Decor,Clock,4497.67,8525.33,376.0,402.0,405.0,400.0,409.0,498.0,345.0,398.0,385.5,401.84615384615387,14.944341180973291,21.071307505705292,-3.846153846153868,-16.346153846153868,-0.009571209800918856,0.0,0.0,0
SKU010,2026-05-25,7,370.0,0,0,0,0,No Promotion,5,2,2026,22,0.46472317204376906,-0.8854560256532096,0.49999999999999994,-0.8660254037844387,Home Decor,Clock,4497.67,8525.33,353.0,376.0,409.0,370.0,405.0,403.0,352.0,385.0,379.625,397.53846153846155,25.62550812504345,22.92183924308229,-12.538461538461547,-17.913461538461547,-0.03154024767801855,0.0,0.0,0
SKU010,2026-06-01,7,398.0,0,0,0,0,No Promotion,6,2,2026,23,0.35460488704253584,-0.9350162426854147,1.2246467991473532e-16,-1.0,Home Decor,Clock,4497.67,8525.33,370.0,353.0,402.0,370.0,365.0,439.0,365.0,375.25,379.625,394.84615384615387,20.320351046836464,22.92183924308229,-19.596153846153868,-15.221153846153868,-0.04962984609390231,0.0,0.0,0
SKU010,2026-06-08,7,505.0,5,0,1,0,Summer Sale,6,2,2026,24,0.23931566428755768,-0.970941817426052,1.2246467991473532e-16,-1.0,Home Decor,Clock,4497.67,8525.33,398.0,370.0,376.0,352.0,417.0,428.0,514.0,374.25,383.125,397.38461538461536,18.58987179442974,23.37542971339151,-23.13461538461536,-14.259615384615358,-0.05821718931475017,374.25,0.7142857142857143,0
SKU010,2026-06-15,7,531.0,6,0,1,0,Summer Sale,6,2,2026,25,0.12053668025532308,-0.992708874098054,1.2246467991473532e-16,-1.0,Home Decor,Clock,4497.67,8525.33,505.0,398.0,353.0,405.0,544.0,569.0,534.0,406.5,402.25,404.15384615384613,68.23733093647006,45.95572403334064,2.346153846153868,-1.903846153846132,0.00580510087552355,406.5,0.8571428571428571,0
SKU010,2026-06-22,7,477.0,0,0,0,0,No Promotion,6,2,2026,26,-3.216245299353273e-16,-1.0,1.2246467991473532e-16,-1.0,Home Decor,Clock,4497.67,8525.33,531.0,505.0,370.0,409.0,400.0,529.0,368.0,451.0,418.0,403.15384615384613,78.92190232544239,64.77212804461931,47.84615384615387,14.846153846153868,0.11867964128983033,0.0,0.0,0
SKU011,2025-01-20,7,687.0,0,1,0,1,No Promotion,1,1,2025,4,0.4647231720437685,0.8854560256532099,0.49999999999999994,0.8660254037844387,Small Appliances,Toaster,2493.59,3177.89,,,,,,,,,,,,,,,,,0.0,0
SKU011,2025-01-27,7,693.0,0,0,0,0,No Promotion,1,1,2025,5,0.5680647467311558,0.8229838658936564,0.49999999999999994,0.8660254037844387,Small Appliances,Toaster,2493.59,3177.89,687.0,,,,,,,,,,,,,,,,0.0,0
SKU011,2025-02-03,7,779.0,0,0,0,0,No Promotion,2,1,2025,6,0.6631226582407952,0.7485107481711011,0.8660254037844386,0.5000000000000001,Small Appliances,Toaster,2493.59,3177.89,693.0,687.0,,,,,,,,,,,,,,,0.0,0
SKU011,2025-02-10,7,697.0,0,0,0,0,No Promotion,2,1,2025,7,0.7485107481711011,0.6631226582407953,0.8660254037844386,0.5000000000000001,Small Appliances,Toaster,2493.59,3177.89,779.0,693.0,,,,,,,,,,,,,,,0.0,0
SKU011,2025-02-17,7,633.0,0,0,0,0,No Promotion,2,1,2025,8,0.8229838658936564,0.5680647467311559,0.8660254037844386,0.5000000000000001,Small Appliances,Toaster,2493.59,3177.89,697.0,779.0,687.0,,,,,714.0,,,43.52776891441448,,,,,0.0,0.0,0
SKU011,2025-02-24,7,625.0,0,0,0,0,No Promotion,2,1,2025,9,0.8854560256532099,0.4647231720437686,0.8660254037844386,0.5000000000000001,Small Appliances,Toaster,2493.59,3177.89,633.0,697.0,693.0,,,,,700.5,,,59.963878015574245,,,,,0.0,0.0,0
SKU011,2025-03-03,7,665.0,0,0,0,0,No Promotion,3,1,2025,10,0.9350162426854148,0.35460488704253557,1.0,6.123233995736766e-17,Small Appliances,Toaster,2493.59,3177.89,625.0,633.0,779.0,,,,,683.5,,,71.35591542869216,,,,,0.0,0.0,0
SKU011,2025-03-10,7,587.0,0,0,0,0,No Promotion,3,1,2025,11,0.970941817426052,0.23931566428755804,1.0,6.123233995736766e-17,Small Appliances,Toaster,2493.59,3177.89,665.0,625.0,697.0,,,,,655.0,,,32.903900478008175,,,,,0.0,0.0,0
SKU011,2025-03-17,7,891.0,4,0,1,0,Spring Sale,3,1,2025,12,0.992708874098054,0.120536680255323,1.0,6.123233995736766e-17,Small Appliances,Toaster,2493.59,3177.89,587.0,665.0,633.0,687.0,,,,627.5,670.75,,32.05724047179773,58.22554667595903,,,,627.5,0.5714285714285714,0
SKU011,2025-03-24,7,737.0,4,0,1,0,Spring Sale,3,1,2025,13,1.0,-1.6081226496766366e-16,1.0,6.123233995736766e-17,Small Appliances,Toaster,2493.59,3177.89,891.0,587.0,625.0,693.0,,,,692.0,696.25,,136.43557698293606,97.6696326544599,,,,692.0,0.5714285714285714,0
SKU011,2025-03-31,7,732.0,0,0,0,0,No Promotion,3,1,2025,14,0.992708874098054,-0.12053668025532288,1.0,6.123233995736766e-17,Small Appliances,Toaster,2493.59,3177.89,737.0,891.0,665.0,779.0,,,,720.0,701.75,,129.41406415069423,98.69397144709498,,,,0.0,0.0,0
SKU011,2025-04-07,7,714.0,0,0,0,0,No Promotion,4,2,2025,15,0.9709418174260521,-0.2393156642875575,0.8660254037844387,-0.4999999999999998,Small Appliances,Toaster,2493.59,3177.89,732.0,737.0,587.0,697.0,,,,736.75,695.875,,124.15145320669161,94.75899881880798,,,,0.0,0.0,0
SKU011,2025-04-14,7,571.0,0,0,0,0,No Promotion,4,2,2025,16,0.9350162426854148,-0.35460488704253545,0.8660254037844387,-0.4999999999999998,Small Appliances,Toaster,2493.59,3177.89,714.0,732.0,891.0,633.0,,,,768.5,698.0,,82.26177727231526,94.9781929858488,,,,0.0,0.0,0
SKU011,2025-04-21,7,723.0,0,0,0,0,No Promotion,4,2,2025,17,0.8854560256532099,-0.4647231720437685,0.8660254037844387,-0.4999999999999998,Small Appliances,Toaster,2493.59,3177.89,571.0,714.0,737.0,625.0,687.0,,,688.5,690.25,693.1538461538462,78.95357285561349,103.21233315009263,-4.653846153846189,-2.903846153846189,-0.006714016202419293,0.0,0.0,0
SKU011,2025-04-28,7,624.0,0,0,0,0,No Promotion,4,2,2025,18,0.8229838658936565,-0.5680647467311557,0.8660254037844387,-0.4999999999999998,Small Appliances,Toaster,2493.59,3177.89,723.0,571.0,732.0,665.0,693.0,,,685.0,702.5,695.9230769230769,76.3544366752843,100.13134231740685,-10.923076923076906,6.576923076923094,-0.015695810765999796,0.0,0.0,0
SKU011,2025-05-05,7,728.0,0,0,0,0,No Promotion,5,2,2025,19,0.7485107481711013,-0.663122658240795,0.49999999999999994,-0.8660254037844387,Small Appliances,Toaster,2493.59,3177.89,624.0,723.0,714.0,587.0,779.0,,,658.0,697.375,690.6153846153846,73.22567855609124,103.32326179796796,-32.61538461538464,6.759615384615358,-0.04722655379817331,0.0,0.0,0
SKU011,2025-05-12,7,687.0,0,0,0,0,No Promotion,5,2,2025,20,0.6631226582407952,-0.7485107481711012,0.49999999999999994,-0.8660254037844387,Small Appliances,Toaster,2493.59,3177.89,728.0,624.0,571.0,891.0,697.0,,,661.5,715.0,686.6923076923077,77.03029706983264,93.35033858688307,-25.192307692307736,28.307692307692264,-0.036686456816399704,0.0,0.0,0
SKU011,2025-05-19,7,689.0,0,0,0,0,No Promotion,5,2,2025,21,0.5680647467311558,-0.8229838658936564,0.49999999999999994,-0.8660254037844387,Small Appliances,Toaster,2493.59,3177.89,687.0,728.0,723.0,737.0,633.0,,,690.5,689.5,685.9230769230769,47.94788837894743,60.48140210014973,4.576923076923094,3.5769230769230944,0.006672647751486016,0.0,0.0,0
SKU011,2025-05-26,7,676.0,0,0,0,0,No Promotion,5,2,2025,22,0.46472317204376906,-0.8854560256532096,0.49999999999999994,-0.8660254037844387,Small Appliances,Toaster,2493.59,3177.89,689.0,687.0,624.0,732.0,625.0,,,682.0,683.5,690.2307692307693,43.02712322864887,57.39835736823332,-8.230769230769283,-6.730769230769283,-0.011924662877521475,0.0,0.0,0
SKU011,2025-06-02,7,702.0,0,0,0,0,No Promotion,6,2,2025,23,0.35460488704253584,-0.9350162426854147,1.2246467991473532e-16,-1.0,Small Appliances,Toaster,2493.59,3177.89,676.0,689.0,728.0,714.0,665.0,,,695.0,676.5,694.1538461538462,22.730302828309785,53.94971203418443,0.8461538461538112,-17.65384615384619,0.0012189716312056564,0.0,0.0,0
SKU011,2025-06-09,7,941.0,6,0,1,0,Summer Sale,6,2,2025,24,0.23931566428755768,-0.970941817426052,1.2246467991473532e-16,-1.0,Small Appliances,Toaster,2493.59,3177.89,702.0,676.0,687.0,571.0,587.0,,,688.5,675.0,697.0,10.661457061146374,52.915026221291775,-8.5,-22.0,-0.012195121951219523,688.5,0.8571428571428571,0
SKU011,2025-06-16,7,831.0,5,0,1,0,Summer Sale,6,2,2025,25,0.12053668025532308,-0.992708874098054,1.2246467991473532e-16,-1.0,Small Appliances,Toaster,2493.59,3177.89,941.0,702.0,689.0,723.0,891.0,,,752.0,721.25,724.2307692307693,126.44629953726074,94.43629750108948,27.769230769230717,-2.9807692307692832,0.03834306956983524,752.0,0.7142857142857143,0
SKU011,2025-06-23,7,738.0,0,0,0,0,No Promotion,6,2,2025,26,-3.216245299353273e-16,-1.0,1.2246467991473532e-16,-1.0,Small Appliances,Toaster,2493.59,3177.89,831.0,941.0,676.0,624.0,737.0,,,787.5,734.75,719.6153846153846,122.74227742170449,102.12842055820838,67.88461538461536,15.134615384615358,0.09433458043826826,0.0,0.0,0
SKU011,2025-06-30,7,726.0,0,0,0,0,No Promotion,6,2,2025,27,-0.12053668025532283,-0.992708874098054,1.2246467991473532e-16,-1.0,Small Appliances,Toaster,2493.59,3177.89,738.0,831.0,702.0,728.0,732.0,,,803.0,749.0,719.6923076923077,106.85504199615477,91.90989376247025,83.30769230769226,29.307692307692264,0.11575459598118853,0.0,0.0,0
SKU011,2025-07-07,7,790.0,0,0,0,0,No Promotion,7,3,2025,28,-0.23931566428755743,-0.9709418174260521,-0.4999999999999997,-0.8660254037844388,Small Appliances,Toaster,2493.59,3177.89,726.0,738.0,941.0,687.0,714.0,,,809.0,748.75,719.2307692307693,99.72963451251589,91.97787000919605,89.76923076923072,29.519230769230717,0.12481283422459888,0.0,0.0,0
SKU011,2025-07-14,7,780.0,0,0,0,0,No Promotion,7,3,2025,29,-0.3546048870425356,-0.9350162426854148,-0.4999999999999997,-0.8660254037844388,Small Appliances,Toaster,2493.59,3177.89,790.0,726.0,831.0,689.0,571.0,,,771.25,761.625,725.0769230769231,48.56181627575312,89.26835545541478,46.173076923076906,36.548076923076906,0.06368024612773171,0.0,0.0,0
SKU011,2025-07-21,7,774.0,0,0,0,0,No Promotion,7,3,2025,30,-0.46472317204376806,-0.8854560256532101,-0.4999999999999997,-0.8660254037844388,Small Appliances,Toaster,2493.59,3177.89,780.0,790.0,738.0,676.0,723.0,687.0,,758.5,773.0,741.1538461538462,31.256999216175576,84.35469332357437,17.34615384615381,31.84615384615381,0.023404255319148914,0.0,0.0,0
SKU011,2025-07-28,7,814.0,0,0,0,0,No Promotion,7,3,2025,31,-0.5680647467311556,-0.8229838658936566,-0.4999999999999997,-0.8660254037844388,Small Appliances,Toaster,2493.59,3177.89,774.0,780.0,726.0,702.0,624.0,693.0,,767.5,785.25,745.0769230769231,28.442925306655784,74.8345794784355,22.423076923076906,40.173076923076906,0.03009498244889519,0.0,0.0,0
SKU011,2025-08-04,7,804.0,0,0,0,0,No Promotion,8,3,2025,32,-0.663122658240795,-0.7485107481711013,-0.8660254037844385,-0.5000000000000004,Small Appliances,Toaster,2493.59,3177.89,814.0,774.0,790.0,941.0,728.0,779.0,,789.5,799.25,759.6923076923077,17.61628034896506,67.11344340528417,29.807692307692264,39.557692307692264,0.0392365330093154,0.0,0.0,0
SKU011,2025-08-11,7,852.0,0,1,0,1,No Promotion,8,3,2025,33,-0.7485107481711011,-0.6631226582407952,-0.8660254037844385,-0.5000000000000004,Small Appliances,Toaster,2493.59,3177.89,804.0,814.0,780.0,831.0,687.0,697.0,,793.0,782.125,765.5384615384615,19.078784028338887,36.08101004287825,27.461538461538453,16.586538461538453,0.03587218649517676,0.0,0.0,0
SKU011,2025-08-18,7,778.0,0,0,0,0,No Promotion,8,3,2025,34,-0.8229838658936564,-0.5680647467311559,-0.8660254037844385,-0.5000000000000004,Small Appliances,Toaster,2493.59,3177.89,852.0,804.0,774.0,738.0,689.0,633.0,,811.0,784.75,778.2307692307693,32.186953878862134,40.622829612353215,32.76923076923072,6.519230769230717,0.042107344074330255,0.0,0.0,0
SKU011,2025-08-25,7,802.0,0,0,0,0,No Promotion,8,3,2025,35,-0.8854560256532096,-0.4647231720437691,-0.8660254037844385,-0.5000000000000004,Small Appliances,Toaster,2493.59,3177.89,778.0,852.0,814.0,726.0,676.0,625.0,,812.0,789.75,785.0769230769231,30.681155997343573,36.27572978492048,26.923076923076906,4.673076923076906,0.03429355281207136,0.0,0.0,0
SKU011,2025-09-01,7,574.0,0,0,0,0,No Promotion,9,3,2025,36,-0.9350162426854147,-0.3546048870425359,-1.0,-1.8369701987210297e-16,Small Appliances,Toaster,2493.59,3177.89,802.0,778.0,804.0,790.0,702.0,665.0,,809.0,799.25,794.7692307692307,31.005375877955935,25.566440056113635,14.230769230769283,4.480769230769283,0.01790553619821922,0.0,0.0,0
SKU011,2025-09-08,7,647.0,0,0,0,0,No Promotion,9,3,2025,37,-0.970941817426052,-0.23931566428755774,-1.0,-1.8369701987210297e-16,Small Appliances,Toaster,2493.59,3177.89,574.0,802.0,852.0,780.0,941.0,587.0,,751.5,772.25,784.9230769230769,122.28245990329111,84.00297613775356,-33.423076923076906,-12.673076923076906,-0.042581340650725163,0.0,0.0,0
SKU011,2025-09-15,7,757.0,0,0,0,0,No Promotion,9,3,2025,38,-0.992708874098054,-0.12053668025532357,-1.0,-1.8369701987210297e-16,Small Appliances,Toaster,2493.59,3177.89,647.0,574.0,778.0,774.0,831.0,891.0,,700.25,755.625,762.3076923076923,108.27857590493143,94.72658021907048,-62.057692307692264,-6.682692307692264,-0.08140766902119068,0.0,0.0,0
SKU011,2025-09-22,7,675.0,0,0,0,0,No Promotion,9,3,2025,39,-1.0,-1.8369701987210297e-16,-1.0,-1.8369701987210297e-16,Small Appliances,Toaster,2493.59,3177.89,757.0,647.0,802.0,814.0,738.0,737.0,,695.0,753.5,756.6153846153846,103.66291525902597,94.44575162494073,-61.61538461538464,-3.1153846153846416,-0.08143554290361943,0.0,0.0,0
SKU011,2025-09-29,7,867.0,5,1,1,1,Festive Sale,9,3,2025,40,-0.992708874098054,0.1205366802553232,-1.0,-1.8369701987210297e-16,Small Appliances,Toaster,2493.59,3177.89,675.0,757.0,574.0,804.0,726.0,732.0,,663.25,736.125,751.7692307692307,75.62351926925027,94.51143165927446,-88.51923076923072,-15.644230769230717,-0.11774787680343801,663.25,0.7142857142857143,1
SKU011,2025-10-06,7,748.0,5,0,1,0,Festive Sale,10,4,2025,41,-0.9709418174260521,0.23931566428755738,-0.8660254037844386,0.5000000000000001,Small Appliances,Toaster,2493.59,3177.89,867.0,675.0,647.0,852.0,790.0,714.0,,736.5,744.0,762.6153846153846,98.73027229105907,103.20022148370471,-26.11538461538464,-18.61538461538464,-0.0342445027234215,736.5,0.7142857142857143,0
SKU011,2025-10-13,7,719.0,0,0,0,0,No Promotion,10,4,2025,42,-0.9350162426854148,0.35460488704253557,-0.8660254037844386,0.5000000000000001,Small Appliances,Toaster,2493.59,3177.89,748.0,867.0,757.0,778.0,780.0,571.0,,761.75,731.0,759.3846153846154,79.19332884361745,93.77175937958535,2.3653846153846416,-28.38461538461536,0.0031148703403565126,0.0,0.0,0
SKU011,2025-10-20,7,671.0,0,0,0,0,No Promotion,10,4,2025,43,-0.8854560256532101,0.464723172043768,-0.8660254037844386,0.5000000000000001,Small Appliances,Toaster,2493.59,3177.89,719.0,748.0,675.0,802.0,774.0,723.0,,752.25,723.625,754.6923076923077,82.17613197678914,91.84760281497354,-2.442307692307736,-31.067307692307736,-0.003236163489960253,0.0,0.0,0
SKU011,2025-10-27,7,680.0,0,1,0,1,No Promotion,10,4,2025,44,-0.822983865893657,0.5680647467311548,-0.8660254037844386,0.5000000000000001,Small Appliances,Toaster,2493.59,3177.89,671.0,719.0,867.0,574.0,814.0,624.0,,751.25,707.25,746.7692307692307,83.44409306036388,87.45080249570528,4.480769230769283,-39.51923076923072,0.006000206015657206,0.0,0.0,0
SKU011,2025-11-03,7,641.0,0,0,0,0,No Promotion,11,4,2025,45,-0.7485107481711011,0.6631226582407952,-0.5000000000000004,0.8660254037844384,Small Appliances,Toaster,2493.59,3177.89,680.0,671.0,748.0,647.0,804.0,728.0,,704.5,720.5,736.4615384615385,35.70714214271422,70.82775888429212,-31.961538461538453,-15.961538461538453,-0.04339878838520994,0.0,0.0,0
SKU011,2025-11-10,7,719.0,0,0,0,0,No Promotion,11,4,2025,46,-0.6631226582407955,0.7485107481711007,-0.5000000000000004,0.8660254037844384,Small Appliances,Toaster,2493.59,3177.89,641.0,680.0,719.0,757.0,852.0,687.0,,677.75,719.75,723.9230769230769,32.15975746177197,71.74309324646813,-46.173076923076906,-4.173076923076906,-0.06378174476676224,0.0,0.0,0
SKU011,2025-11-17,7,810.0,4,0,1,0,Black Friday,11,4,2025,47,-0.5680647467311559,0.8229838658936564,-0.5000000000000004,0.8660254037844384,Small Appliances,Toaster,2493.59,3177.89,719.0,641.0,671.0,675.0,778.0,689.0,,677.75,715.0,713.6923076923077,32.15975746177197,70.1651113954995,-35.942307692307736,1.307692307692264,-0.050361069195947405,677.75,0.5714285714285714,0
SKU011,2025-11-24,7,933.0,7,0,1,0,Black Friday,11,4,2025,48,-0.4647231720437684,0.88545602565321,-0.5000000000000004,0.8660254037844384,Small Appliances,Toaster,2493.59,3177.89,810.0,719.0,680.0,867.0,802.0,676.0,,712.5,731.875,716.1538461538462,72.38093671679026,75.2224083254831,-3.653846153846189,15.721153846153811,-0.005102040816326592,712.5,1.0,0
SKU011,2025-12-01,7,767.0,0,0,0,0,No Promotion,12,4,2025,49,-0.35460488704253595,0.9350162426854147,-2.4492935982947064e-16,1.0,Small Appliances,Toaster,2493.59,3177.89,933.0,810.0,641.0,748.0,574.0,702.0,,775.75,740.125,726.2307692307693,125.53717908784365,93.5466842964364,49.51923076923072,13.894230769230717,0.06818663277195203,0.0,0.0,0
SKU011,2025-12-08,7,755.0,0,0,0,0,No Promotion,12,4,2025,50,-0.2393156642875578,0.970941817426052,-2.4492935982947064e-16,1.0,Small Appliances,Toaster,2493.59,3177.89,767.0,933.0,719.0,719.0,647.0,941.0,,807.25,742.5,741.0769230769231,91.70378036555162,94.01519634004462,66.1730769230769,1.4230769230769056,0.08929312850321769,0.0,0.0,0
SKU011,2025-12-15,7,1065.0,7,0,1,0,Year End Sale,12,4,2025,51,-0.12053668025532363,0.992708874098054,-2.4492935982947064e-16,1.0,Small Appliances,Toaster,2493.59,3177.89,755.0,767.0,810.0,671.0,757.0,831.0,,816.25,747.0,749.3846153846154,81.3362362869916,93.59029253690179,66.86538461538464,-2.3846153846153584,0.08922705809895293,816.25,1.0,0
SKU011,2025-12-22,7,1031.0,7,1,1,1,Year End Sale,12,4,2025,52,6.432490598706546e-16,1.0,-2.4492935982947064e-16,1.0,Small Appliances,Toaster,2493.59,3177.89,1065.0,755.0,933.0,680.0,675.0,738.0,,880.0,796.25,773.0769230769231,147.6798338749517,140.0293336616092,106.9230769230769,23.173076923076906,0.13830845771144284,880.0,1.0,1
SKU011,2025-12-29,7,928.0,3,0,1,0,Year End Sale,12,4,2025,1,0.12053668025532305,0.992708874098054,-2.4492935982947064e-16,1.0,Small Appliances,Toaster,2493.59,3177.89,1031.0,1065.0,767.0,641.0,867.0,726.0,,904.5,840.125,800.4615384615385,166.35203635663734,152.8074769113082,104.03846153846155,39.66346153846155,0.12997309244666533,904.5,0.42857142857142855,0
SKU011,2026-01-05,7,761.0,0,0,0,0,No Promotion,1,1,2026,2,0.23931566428755774,0.970941817426052,0.49999999999999994,0.8660254037844387,Small Appliances,Toaster,2493.59,3177.89,928.0,1031.0,755.0,719.0,748.0,790.0,,944.75,876.0,805.1538461538462,139.26563347311017,131.59787232322563,139.5961538461538,70.84615384615381,0.1733782363618992,0.0,0.0,0
SKU011,2026-01-12,7,778.0,0,0,0,0,No Promotion,1,1,2026,3,0.3546048870425356,0.9350162426854148,0.49999999999999994,0.8660254037844387,Small Appliances,Toaster,2493.59,3177.89,761.0,928.0,1065.0,810.0,719.0,780.0,,946.25,881.25,806.1538461538462,136.546390163441,125.11794435651505,140.0961538461538,75.09615384615381,0.17378339694656475,0.0,0.0,0
SKU011,2026-01-19,7,798.0,0,0,0,0,No Promotion,1,1,2026,4,0.4647231720437685,0.8854560256532099,0.49999999999999994,0.8660254037844387,Small Appliances,Toaster,2493.59,3177.89,778.0,761.0,1031.0,933.0,671.0,774.0,687.0,874.5,877.25,810.6923076923077,128.51588747440266,128.1948851219446,63.807692307692264,66.55769230769226,0.0787076572729859,0.0,0.0,0
SKU011,2026-01-26,7,897.0,0,1,0,1,No Promotion,1,1,2026,5,0.5680647467311558,0.8229838658936564,0.49999999999999994,0.8660254037844387,Small Appliances,Toaster,2493.59,3177.89,798.0,778.0,928.0,767.0,680.0,814.0,693.0,816.25,860.375,820.4615384615385,76.01918617471947,128.69225473419692,-4.211538461538453,39.91346153846155,-0.005133133320832539,0.0,0.0,0
SKU011,2026-02-02,7,733.0,0,0,0,0,No Promotion,2,1,2026,6,0.6631226582407952,0.7485107481711011,0.8660254037844386,0.5000000000000001,Small Appliances,Toaster,2493.59,3177.89,897.0,798.0,761.0,755.0,641.0,804.0,779.0,808.5,876.625,837.1538461538462,60.907032981968996,123.31253846570974,-28.65384615384619,39.47115384615381,-0.034227694569512135,0.0,0.0,0
SKU011,2026-02-09,7,795.0,0,0,0,0,No Promotion,2,1,2026,7,0.7485107481711011,0.6631226582407953,0.8660254037844386,0.5000000000000001,Small Appliances,Toaster,2493.59,3177.89,733.0,897.0,778.0,1065.0,719.0,852.0,697.0,801.5,873.875,844.2307692307693,69.22668079095895,126.6135148507344,-42.73076923076928,29.644230769230717,-0.05061503416856494,0.0,0.0,0
SKU011,2026-02-16,7,830.0,0,0,0,0,No Promotion,2,1,2026,8,0.8229838658936564,0.5680647467311559,0.8660254037844386,0.5000000000000001,Small Appliances,Toaster,2493.59,3177.89,795.0,733.0,798.0,1031.0,810.0,778.0,633.0,805.75,840.125,850.0769230769231,67.81039743284205,101.97820145221512,-44.326923076923094,-9.951923076923094,-0.05214460229843454,0.0,0.0,0
SKU011,2026-02-23,7,744.0,0,0,0,0,No Promotion,2,1,2026,9,0.8854560256532099,0.4647231720437686,0.8660254037844386,0.5000000000000001,Small Appliances,Toaster,2493.59,3177.89,830.0,795.0,897.0,928.0,933.0,802.0,625.0,813.75,815.0,851.6153846153846,68.47566477710646,66.99253689777692,-37.86538461538464,-36.61538461538464,-0.04446301147141185,0.0,0.0,0
SKU011,2026-03-02,7,648.0,0,0,0,0,No Promotion,3,1,2026,10,0.9350162426854148,0.35460488704253557,1.0,6.123233995736766e-17,Small Appliances,Toaster,2493.59,3177.89,744.0,830.0,733.0,761.0,767.0,574.0,665.0,775.5,792.0,837.0769230769231,45.27324449016945,52.72028614706651,-61.576923076923094,-45.076923076923094,-0.07356184524903508,0.0,0.0,0
SKU011,2026-03-09,7,809.0,1,0,1,0,Spring Sale,3,1,2026,11,0.970941817426052,0.23931566428755804,1.0,6.123233995736766e-17,Small Appliances,Toaster,2493.59,3177.89,648.0,744.0,795.0,778.0,755.0,647.0,587.0,754.25,777.875,827.9230769230769,79.14701510480349,73.32401185345573,-73.6730769230769,-50.048076923076906,-0.08898541298894358,754.25,0.14285714285714285,0
SKU011,2026-03-16,7,975.0,7,0,1,0,Spring Sale,3,1,2026,12,0.992708874098054,0.120536680255323,1.0,6.123233995736766e-17,Small Appliances,Toaster,2493.59,3177.89,809.0,648.0,830.0,798.0,1065.0,757.0,891.0,757.75,781.75,832.0769230769231,81.81432229954194,74.14609131399213,-74.3269230769231,-50.326923076923094,-0.08932698530091521,757.75,1.0,0
SKU011,2026-03-23,7,885.0,3,0,1,0,Spring Sale,3,1,2026,13,1.0,-1.6081226496766366e-16,1.0,6.123233995736766e-17,Small Appliances,Toaster,2493.59,3177.89,975.0,809.0,744.0,897.0,1031.0,675.0,737.0,794.0,803.875,825.1538461538462,137.60087209025966,101.17091267468417,-31.15384615384619,-21.27884615384619,-0.03775519716602971,794.0,0.42857142857142855,0
SKU011,2026-03-30,7,702.0,0,0,0,0,No Promotion,3,1,2026,14,0.992708874098054,-0.12053668025532288,1.0,6.123233995736766e-17,Small Appliances,Toaster,2493.59,3177.89,885.0,975.0,648.0,733.0,928.0,867.0,732.0,829.25,802.375,813.9230769230769,138.57939962346495,99.67079741400114,15.326923076923094,-11.548076923076906,0.018830923353180262,0.0,0.0,0
SKU011,2026-04-06,7,742.0,0,0,0,0,No Promotion,4,2,2026,15,0.9709418174260521,-0.2393156642875575,0.8660254037844387,-0.4999999999999998,Small Appliances,Toaster,2493.59,3177.89,702.0,885.0,809.0,795.0,761.0,748.0,714.0,842.75,798.5,796.5384615384615,115.7939981173463,103.29015995174537,46.21153846153845,1.9615384615384528,0.05801545147271847,0.0,0.0,0
SKU011,2026-04-13,7,799.0,0,0,0,0,No Promotion,4,2,2026,16,0.9350162426854148,-0.35460488704253545,0.8660254037844387,-0.4999999999999998,Small Appliances,Toaster,2493.59,3177.89,742.0,702.0,975.0,830.0,778.0,719.0,571.0,826.0,791.875,795.0769230769231,126.64122551523259,105.22823833390514,30.923076923076906,-3.2019230769230944,0.038893188854489225,0.0,0.0,0
SKU011,2026-04-20,7,839.0,0,0,0,0,No Promotion,4,2,2026,17,0.8854560256532099,-0.4647231720437685,0.8660254037844387,-0.4999999999999998,Small Appliances,Toaster,2493.59,3177.89,799.0,742.0,885.0,744.0,798.0,671.0,723.0,782.0,788.0,796.6923076923077,79.36833961557551,104.18938799814774,-14.692307692307736,-8.692307692307736,-0.018441633677705904,0.0,0.0,0
SKU011,2026-04-27,7,739.0,0,0,0,0,No Promotion,4,2,2026,18,0.8229838658936565,-0.5680647467311557,0.8660254037844387,-0.4999999999999998,Small Appliances,Toaster,2493.59,3177.89,839.0,799.0,702.0,648.0,897.0,680.0,624.0,770.5,799.875,799.8461538461538,60.577773701801426,103.8714005737039,-29.34615384615381,0.028846153846188827,-0.03668974802846692,0.0,0.0,0
SKU011,2026-05-04,7,736.0,0,0,0,0,No Promotion,5,2,2026,19,0.7485107481711013,-0.663122658240795,0.49999999999999994,-0.8660254037844387,Small Appliances,Toaster,2493.59,3177.89,739.0,839.0,742.0,809.0,733.0,641.0,728.0,779.75,811.25,787.6923076923077,48.18972919616791,88.74481876224017,-7.942307692307736,23.557692307692264,-0.010083007812500044,0.0,0.0,0
SKU011,2026-05-11,7,779.0,0,0,0,0,No Promotion,5,2,2026,20,0.6631226582407952,-0.7485107481711012,0.49999999999999994,-0.8660254037844387,Small Appliances,Toaster,2493.59,3177.89,736.0,739.0,799.0,975.0,795.0,719.0,687.0,778.25,802.125,787.9230769230769,49.82218381404008,92.67522014309664,-9.673076923076906,14.201923076923094,-0.012276676754856997,0.0,0.0,0
SKU011,2026-05-18,7,770.0,0,0,0,0,No Promotion,5,2,2026,21,0.5680647467311558,-0.8229838658936564,0.49999999999999994,-0.8660254037844387,Small Appliances,Toaster,2493.59,3177.89,779.0,736.0,839.0,885.0,830.0,810.0,689.0,773.25,777.625,786.6923076923077,48.016490222977886,60.90727730387746,-13.442307692307736,-9.067307692307736,-0.01708712232326204,0.0,0.0,0
SKU011,2026-05-25,7,701.0,0,0,0,0,No Promotion,5,2,2026,22,0.46472317204376906,-0.8854560256532096,0.49999999999999994,-0.8660254037844387,Small Appliances,Toaster,2493.59,3177.89,770.0,779.0,739.0,702.0,744.0,933.0,676.0,756.0,763.25,782.0769230769231,21.710212650578338,42.83439872679097,-26.076923076923094,-18.826923076923094,-0.03334316907642376,0.0,0.0,0
SKU011,2026-06-01,7,872.0,0,0,0,0,No Promotion,6,2,2026,23,0.35460488704253584,-0.9350162426854147,1.2246467991473532e-16,-1.0,Small Appliances,Toaster,2493.59,3177.89,701.0,770.0,736.0,742.0,648.0,767.0,702.0,746.5,763.125,778.7692307692307,35.53871128783369,43.039641196061474,-32.26923076923072,-15.644230769230717,-0.0414361912287633,0.0,0.0,0
SKU011,2026-06-08,7,1074.0,5,0,1,0,Summer Sale,6,2,2026,24,0.23931566428755768,-0.970941817426052,1.2246467991473532e-16,-1.0,Small Appliances,Toaster,2493.59,3177.89,872.0,701.0,779.0,799.0,809.0,755.0,941.0,780.5,779.375,796.0,70.24955515873391,56.39386364794361,-15.5,-16.625,-0.019472361809045213,780.5,0.7142857142857143,0
SKU011,2026-06-15,7,946.0,6,0,1,0,Summer Sale,6,2,2026,25,0.12053668025532308,-0.992708874098054,1.2246467991473532e-16,-1.0,Small Appliances,Toaster,2493.59,3177.89,1074.0,872.0,770.0,839.0,975.0,1065.0,831.0,854.25,813.75,816.3846153846154,162.4692278556158,119.06030884747923,37.86538461538464,-2.6346153846153584,0.046381795910675594,854.25,0.8571428571428571,0
SKU011,2026-06-22,7,899.0,0,0,0,0,No Promotion,6,2,2026,26,-3.216245299353273e-16,-1.0,1.2246467991473532e-16,-1.0,Small Appliances,Toaster,2493.59,3177.89,946.0,1074.0,701.0,739.0,885.0,1031.0,738.0,898.25,827.125,814.1538461538462,155.73990068915114,127.97816499030495,84.09615384615381,12.971153846153811,0.10329270597127738,0.0,0.0,0
SKU012,2025-01-06,7,431.0,3,0,1,0,New Year Sale,1,1,2025,2,0.23931566428755774,0.970941817426052,0.49999999999999994,0.8660254037844387,Office,Organizer,1025.16,1827.6,,,,,,,,,,,,,,,,,0.42857142857142855,0
SKU012,2025-01-13,7,385.0,3,0,1,0,New Year Sale,1,1,2025,3,0.3546048870425356,0.9350162426854148,0.49999999999999994,0.8660254037844387,Office,Organizer,1025.16,1827.6,431.0,,,,,,,,,,,,,,,,0.42857142857142855,0
SKU012,2025-01-20,7,340.0,0,1,0,1,No Promotion,1,1,2025,4,0.4647231720437685,0.8854560256532099,0.49999999999999994,0.8660254037844387,Office,Organizer,1025.16,1827.6,385.0,431.0,,,,,,,,,,,,,,,0.0,0
SKU012,2025-01-27,7,335.0,0,0,0,0,No Promotion,1,1,2025,5,0.5680647467311558,0.8229838658936564,0.49999999999999994,0.8660254037844387,Office,Organizer,1025.16,1827.6,340.0,385.0,,,,,,,,,,,,,,,0.0,0
SKU012,2025-02-03,7,355.0,0,0,0,0,No Promotion,2,1,2025,6,0.6631226582407952,0.7485107481711011,0.8660254037844386,0.5000000000000001,Office,Organizer,1025.16,1827.6,335.0,340.0,431.0,,,,,372.75,,,44.87296884911152,,,,,0.0,0.0,0
SKU012,2025-02-10,7,360.0,0,0,0,0,No Promotion,2,1,2025,7,0.7485107481711011,0.6631226582407953,0.8660254037844386,0.5000000000000001,Office,Organizer,1025.16,1827.6,355.0,335.0,385.0,,,,,353.75,,,22.499999999999975,,,,,0.0,0.0,0
SKU012,2025-02-17,7,392.0,0,0,0,0,No Promotion,2,1,2025,8,0.8229838658936564,0.5680647467311559,0.8660254037844386,0.5000000000000001,Office,Organizer,1025.16,1827.6,360.0,355.0,340.0,,,,,347.5,,,11.90238071423803,,,,,0.0,0.0,0
SKU012,2025-02-24,7,338.0,0,0,0,0,No Promotion,2,1,2025,9,0.8854560256532099,0.4647231720437686,0.8660254037844386,0.5000000000000001,Office,Organizer,1025.16,1827.6,392.0,360.0,335.0,,,,,360.5,,,23.614967005411323,,,,,0.0,0.0,0
SKU012,2025-03-03,7,320.0,0,0,0,0,No Promotion,3,1,2025,10,0.9350162426854148,0.35460488704253557,1.0,6.123233995736766e-17,Office,Organizer,1025.16,1827.6,338.0,392.0,355.0,431.0,,,,361.25,367.0,,22.5591814272297,33.44932200893081,,,,0.0,0.0,0
SKU012,2025-03-10,7,302.0,0,0,0,0,No Promotion,3,1,2025,11,0.970941817426052,0.23931566428755804,1.0,6.123233995736766e-17,Office,Organizer,1025.16,1827.6,320.0,338.0,360.0,385.0,,,,352.5,353.125,,30.99999999999998,25.08521192142607,,,,0.0,0.0,0
SKU012,2025-03-17,7,364.0,4,0,1,0,Spring Sale,3,1,2025,12,0.992708874098054,0.120536680255323,1.0,6.123233995736766e-17,Office,Organizer,1025.16,1827.6,302.0,320.0,392.0,340.0,,,,338.0,342.75,,38.88444419044715,27.101660465735293,,,,338.0,0.5714285714285714,0
SKU012,2025-03-24,7,365.0,4,0,1,0,Spring Sale,3,1,2025,13,1.0,-1.6081226496766366e-16,1.0,6.123233995736766e-17,Office,Organizer,1025.16,1827.6,364.0,302.0,338.0,335.0,,,,331.0,345.75,,26.45751311064588,28.064975630540935,,,,331.0,0.5714285714285714,0
SKU012,2025-03-31,7,318.0,0,0,0,0,No Promotion,3,1,2025,14,0.992708874098054,-0.12053668025532288,1.0,6.123233995736766e-17,Office,Organizer,1025.16,1827.6,365.0,364.0,320.0,355.0,,,,337.75,349.5,,31.752952618614835,28.42534080710378,,,,0.0,0.0,0
SKU012,2025-04-07,7,289.0,0,0,0,0,No Promotion,4,2,2025,15,0.9709418174260521,-0.2393156642875575,0.8660254037844387,-0.4999999999999998,Office,Organizer,1025.16,1827.6,318.0,365.0,302.0,360.0,431.0,,,337.25,344.875,354.2307692307692,32.13902093509797,30.347687603129536,-16.980769230769226,-9.355769230769226,-0.04793702497285557,0.0,0.0,0
SKU012,2025-04-14,7,300.0,0,0,0,0,No Promotion,4,2,2025,16,0.9350162426854148,-0.35460488704253545,0.8660254037844387,-0.4999999999999998,Office,Organizer,1025.16,1827.6,289.0,318.0,364.0,392.0,385.0,,,334.0,336.0,343.3076923076923,37.15732319027658,35.27443428725277,-9.30769230769232,-7.307692307692321,-0.027111808200761867,0.0,0.0,0
SKU012,2025-04-21,7,297.0,0,0,0,0,No Promotion,4,2,2025,17,0.8854560256532099,-0.4647231720437685,0.8660254037844387,-0.4999999999999998,Office,Organizer,1025.16,1827.6,300.0,289.0,365.0,338.0,340.0,,,318.0,324.5,336.7692307692308,33.53605025441525,28.814678798933606,-18.769230769230774,-12.269230769230774,-0.05573321151210597,0.0,0.0,0
SKU012,2025-04-28,7,346.0,0,0,0,0,No Promotion,4,2,2025,18,0.8229838658936565,-0.5680647467311557,0.8660254037844387,-0.4999999999999998,Office,Organizer,1025.16,1827.6,297.0,300.0,318.0,320.0,335.0,,,301.0,319.375,333.46153846153845,12.247448713915826,29.702994077076752,-32.46153846153845,-14.086538461538453,-0.09734717416378313,0.0,0.0,0
SKU012,2025-05-05,7,317.0,0,0,0,0,No Promotion,5,2,2025,19,0.7485107481711013,-0.663122658240795,0.49999999999999994,-0.8660254037844387,Office,Organizer,1025.16,1827.6,346.0,297.0,289.0,302.0,355.0,,,308.0,322.625,334.3076923076923,25.75525836277578,31.16746242936235,-26.30769230769232,-11.68269230769232,-0.0786930510814543,0.0,0.0,0
SKU012,2025-05-12,7,365.0,0,0,0,0,No Promotion,5,2,2025,20,0.6631226582407952,-0.7485107481711012,0.49999999999999994,-0.8660254037844387,Office,Organizer,1025.16,1827.6,317.0,346.0,300.0,364.0,360.0,,,315.0,324.5,331.38461538461536,22.464787260658966,30.18514298695397,-16.38461538461536,-6.884615384615358,-0.04944289693593307,0.0,0.0,0
SKU012,2025-05-19,7,362.0,0,0,0,0,No Promotion,5,2,2025,21,0.5680647467311558,-0.8229838658936564,0.49999999999999994,-0.8660254037844387,Office,Organizer,1025.16,1827.6,365.0,317.0,297.0,365.0,392.0,,,331.25,324.625,331.7692307692308,30.181396035748,30.373566985597375,-0.5192307692307736,-7.144230769230774,-0.0015650359378622802,0.0,0.0,0
SKU012,2025-05-26,7,350.0,0,0,0,0,No Promotion,5,2,2025,22,0.46472317204376906,-0.8854560256532096,0.49999999999999994,-0.8660254037844387,Office,Organizer,1025.16,1827.6,362.0,365.0,346.0,318.0,338.0,,,347.5,324.25,329.46153846153845,21.977260975835872,29.817300826389832,18.038461538461547,-5.211538461538453,0.05475134251692748,0.0,0.0,0
SKU012,2025-06-02,7,349.0,0,0,0,0,No Promotion,6,2,2025,23,0.35460488704253584,-0.9350162426854147,1.2246467991473532e-16,-1.0,Office,Organizer,1025.16,1827.6,350.0,362.0,317.0,289.0,320.0,,,348.5,328.25,330.38461538461536,21.977260975835872,30.982714074602484,18.11538461538464,-2.1346153846153584,0.0548311990686845,0.0,0.0,0
SKU012,2025-06-09,7,444.0,6,0,1,0,Summer Sale,6,2,2025,24,0.23931566428755768,-0.970941817426052,1.2246467991473532e-16,-1.0,Office,Organizer,1025.16,1827.6,349.0,350.0,365.0,300.0,302.0,,,356.5,335.75,332.61538461538464,8.185352771872349,27.149059441745457,23.88461538461536,3.1346153846153584,0.07180851063829774,356.5,0.8571428571428571,0
SKU012,2025-06-16,7,489.0,5,0,1,0,Summer Sale,6,2,2025,25,0.12053668025532308,-0.992708874098054,1.2246467991473532e-16,-1.0,Office,Organizer,1025.16,1827.6,444.0,349.0,362.0,297.0,364.0,,,376.25,353.75,343.53846153846155,45.55125318437095,43.10700970508492,32.71153846153845,10.211538461538453,0.09521943573667713,376.25,0.7142857142857143,0
SKU012,2025-06-23,7,403.0,0,0,0,0,No Promotion,6,2,2025,26,-3.216245299353273e-16,-1.0,1.2246467991473532e-16,-1.0,Office,Organizer,1025.16,1827.6,489.0,444.0,350.0,346.0,365.0,,,408.0,377.75,353.15384615384613,70.00476174280335,57.90571153669929,54.84615384615387,24.596153846153868,0.15530385536920077,0.0,0.0,0
SKU012,2025-06-30,7,400.0,0,0,0,0,No Promotion,6,2,2025,27,-0.12053668025532283,-0.992708874098054,1.2246467991473532e-16,-1.0,Office,Organizer,1025.16,1827.6,403.0,489.0,349.0,317.0,318.0,,,421.25,384.875,356.0769230769231,59.61193951997645,56.93966104570698,65.1730769230769,28.798076923076906,0.18303089220133928,0.0,0.0,0
SKU012,2025-07-07,7,362.0,0,0,0,0,No Promotion,7,3,2025,28,-0.23931566428755743,-0.9709418174260521,-0.4999999999999997,-0.8660254037844388,Office,Organizer,1025.16,1827.6,400.0,403.0,444.0,365.0,289.0,431.0,,434.0,395.25,362.38461538461536,41.80111641252337,49.93638810669889,71.61538461538464,32.86538461538464,0.197622585438336,0.0,0.0,0
SKU012,2025-07-14,7,388.0,0,0,0,0,No Promotion,7,3,2025,29,-0.3546048870425356,-0.9350162426854148,-0.4999999999999997,-0.8660254037844388,Office,Organizer,1025.16,1827.6,362.0,400.0,489.0,362.0,300.0,385.0,,413.5,394.875,368.0,53.68115746392457,50.206537707468236,45.5,26.875,0.12364130434782616,0.0,0.0,0
SKU012,2025-07-21,7,375.0,0,0,0,0,No Promotion,7,3,2025,30,-0.46472317204376806,-0.8854560256532101,-0.4999999999999997,-0.8660254037844388,Office,Organizer,1025.16,1827.6,388.0,362.0,403.0,350.0,297.0,340.0,,388.25,398.125,374.7692307692308,18.66145760652146,48.5899386998702,13.480769230769226,23.355769230769226,0.035970853858784846,0.0,0.0,0
SKU012,2025-07-28,7,380.0,0,0,0,0,No Promotion,7,3,2025,31,-0.5680647467311556,-0.8229838658936566,-0.4999999999999997,-0.8660254037844388,Office,Organizer,1025.16,1827.6,375.0,388.0,400.0,349.0,346.0,335.0,,381.25,401.25,380.7692307692308,16.39867880857065,45.77507119445194,0.4807692307692264,20.480769230769226,0.0012626262626262985,0.0,0.0,0
SKU012,2025-08-04,7,386.0,0,0,0,0,No Promotion,8,3,2025,32,-0.663122658240795,-0.7485107481711013,-0.8660254037844385,-0.5000000000000004,Office,Organizer,1025.16,1827.6,380.0,375.0,362.0,444.0,317.0,355.0,,376.25,405.125,383.38461538461536,10.904891868636946,41.86521740743059,-7.134615384615358,21.74038461538464,-0.018609550561797694,0.0,0.0,0
SKU012,2025-08-11,7,420.0,0,1,0,1,No Promotion,8,3,2025,33,-0.7485107481711011,-0.6631226582407952,-0.8660254037844385,-0.5000000000000004,Office,Organizer,1025.16,1827.6,386.0,380.0,388.0,489.0,365.0,360.0,,382.25,397.875,388.6923076923077,5.9090326337450705,39.10220125334562,-6.442307692307679,9.18269230769232,-0.016574312289728832,0.0,0.0,0
SKU012,2025-08-18,7,401.0,0,0,0,0,No Promotion,8,3,2025,34,-0.8229838658936564,-0.5680647467311559,-0.8660254037844385,-0.5000000000000004,Office,Organizer,1025.16,1827.6,420.0,386.0,375.0,403.0,362.0,392.0,,390.25,389.25,392.9230769230769,20.336748347101388,18.100907633123203,-2.6730769230769056,-3.6730769230769056,-0.0068030540328894995,0.0,0.0,0
SKU012,2025-08-25,7,366.0,0,0,0,0,No Promotion,8,3,2025,35,-0.8854560256532096,-0.4647231720437691,-0.8660254037844385,-0.5000000000000004,Office,Organizer,1025.16,1827.6,401.0,420.0,380.0,400.0,350.0,338.0,,396.75,389.0,395.9230769230769,17.83956277491121,17.896527995276486,0.8269230769230944,-6.923076923076906,0.002088595298232132,0.0,0.0,0
SKU012,2025-09-01,7,336.0,0,0,0,0,No Promotion,9,3,2025,36,-0.9350162426854147,-0.3546048870425359,-1.0,-1.8369701987210297e-16,Office,Organizer,1025.16,1827.6,366.0,401.0,386.0,362.0,349.0,320.0,,393.25,384.75,397.15384615384613,22.881943390659174,18.91900027561108,-3.903846153846132,-12.403846153846132,-0.00982955645942274,0.0,0.0,0
SKU012,2025-09-08,7,357.0,0,0,0,0,No Promotion,9,3,2025,37,-0.970941817426052,-0.23931566428755774,-1.0,-1.8369701987210297e-16,Office,Organizer,1025.16,1827.6,336.0,366.0,420.0,388.0,444.0,302.0,,380.75,381.5,396.15384615384613,37.28605637500429,24.72708174105008,-15.403846153846132,-14.653846153846132,-0.03888349514563105,0.0,0.0,0
SKU012,2025-09-15,7,330.0,0,0,0,0,No Promotion,9,3,2025,38,-0.992708874098054,-0.12053668025532357,-1.0,-1.8369701987210297e-16,Office,Organizer,1025.16,1827.6,357.0,336.0,401.0,375.0,489.0,364.0,,365.0,377.625,389.46153846153845,27.092434368288107,25.961166053495045,-24.461538461538453,-11.836538461538453,-0.06280861149516093,0.0,0.0,0
SKU012,2025-09-22,7,297.0,0,0,0,0,No Promotion,9,3,2025,39,-1.0,-1.8369701987210297e-16,-1.0,-1.8369701987210297e-16,Office,Organizer,1025.16,1827.6,330.0,357.0,366.0,380.0,403.0,365.0,,347.25,372.0,377.2307692307692,17.036725037400775,30.997695766897632,-29.980769230769226,-5.230769230769226,-0.07947593800978792,0.0,0.0,0
SKU012,2025-09-29,7,423.0,5,1,1,1,Festive Sale,9,3,2025,40,-0.992708874098054,0.1205366802553232,-1.0,-1.8369701987210297e-16,Office,Organizer,1025.16,1827.6,297.0,330.0,336.0,386.0,400.0,318.0,,330.0,361.625,369.0769230769231,24.859605789312077,40.40133484357735,-39.076923076923094,-7.451923076923094,-0.1058774489370572,330.0,0.7142857142857143,1
SKU012,2025-10-06,7,430.0,5,0,1,0,Festive Sale,10,4,2025,41,-0.9709418174260521,0.23931566428755738,-0.8660254037844386,0.5000000000000001,Office,Organizer,1025.16,1827.6,423.0,297.0,357.0,420.0,362.0,289.0,,351.75,366.25,370.84615384615387,53.46260375252966,45.39902453325874,-19.096153846153868,-4.596153846153868,-0.05149346608587435,351.75,0.7142857142857143,0
SKU012,2025-10-13,7,330.0,0,0,0,0,No Promotion,10,4,2025,42,-0.9350162426854148,0.35460488704253557,-0.8660254037844386,0.5000000000000001,Office,Organizer,1025.16,1827.6,430.0,423.0,330.0,401.0,388.0,300.0,,370.0,367.5,376.0769230769231,66.6783323126786,47.192614434282596,-6.076923076923094,-8.576923076923094,-0.0161587236653713,0.0,0.0,0
SKU012,2025-10-20,7,340.0,0,0,0,0,No Promotion,10,4,2025,43,-0.8854560256532101,0.464723172043768,-0.8660254037844386,0.5000000000000001,Office,Organizer,1025.16,1827.6,330.0,430.0,297.0,366.0,375.0,297.0,,370.0,358.625,371.61538461538464,66.6783323126786,46.66579505988759,-1.6153846153846416,-12.990384615384642,-0.004346926102256288,0.0,0.0,0
SKU012,2025-10-27,7,361.0,0,1,0,1,No Promotion,10,4,2025,44,-0.822983865893657,0.5680647467311548,-0.8660254037844386,0.5000000000000001,Office,Organizer,1025.16,1827.6,340.0,330.0,423.0,336.0,380.0,346.0,,380.75,355.375,368.9230769230769,53.062070571485734,46.983089663044886,11.826923076923094,-13.548076923076906,0.03205796497080904,0.0,0.0,0
SKU012,2025-11-03,7,364.0,0,0,0,0,No Promotion,11,4,2025,45,-0.7485107481711011,0.6631226582407952,-0.5000000000000004,0.8660254037844384,Office,Organizer,1025.16,1827.6,361.0,340.0,430.0,357.0,386.0,317.0,,365.25,358.5,367.46153846153845,45.058295573623276,46.337272871230326,-2.211538461538453,-8.961538461538453,-0.006018421603516844,0.0,0.0,0
SKU012,2025-11-10,7,323.0,0,0,0,0,No Promotion,11,4,2025,46,-0.6631226582407955,0.7485107481711007,-0.5000000000000004,0.8660254037844384,Office,Organizer,1025.16,1827.6,364.0,361.0,330.0,330.0,420.0,365.0,,348.75,359.375,365.7692307692308,16.439282222773578,46.370980765375855,-17.019230769230774,-6.394230769230774,-0.04652996845425872,0.0,0.0,0
SKU012,2025-11-17,7,381.0,4,0,1,0,Black Friday,11,4,2025,47,-0.5680647467311559,0.8229838658936564,-0.5000000000000004,0.8660254037844384,Office,Organizer,1025.16,1827.6,323.0,364.0,340.0,297.0,401.0,362.0,,347.0,358.5,358.3076923076923,19.23538406167133,47.06530417561176,-11.30769230769232,0.1923076923076792,-0.03155860884499784,347.0,0.5714285714285714,0
SKU012,2025-11-24,7,458.0,7,0,1,0,Black Friday,11,4,2025,48,-0.4647231720437684,0.88545602565321,-0.5000000000000004,0.8660254037844384,Office,Organizer,1025.16,1827.6,381.0,323.0,361.0,423.0,366.0,350.0,,357.25,369.0,356.7692307692308,24.472773987978275,40.26341834895366,0.4807692307692264,12.230769230769226,0.001347563605002211,357.25,1.0,0
SKU012,2025-12-01,7,378.0,0,0,0,0,No Promotion,12,4,2025,49,-0.35460488704253595,0.9350162426854147,-2.4492935982947064e-16,1.0,Office,Organizer,1025.16,1827.6,458.0,381.0,364.0,430.0,336.0,349.0,,381.5,373.375,363.84615384615387,56.51253548255171,48.106837945793714,17.653846153846132,9.528846153846132,0.04852008456659607,0.0,0.0,0
SKU012,2025-12-08,7,366.0,0,0,0,0,No Promotion,12,4,2025,50,-0.2393156642875578,0.970941817426052,-2.4492935982947064e-16,1.0,Office,Organizer,1025.16,1827.6,378.0,458.0,323.0,330.0,357.0,444.0,,385.0,366.875,367.0769230769231,55.49174112724643,42.55563585304705,17.923076923076906,-0.2019230769230944,0.04882648784576693,0.0,0.0,0
SKU012,2025-12-15,7,525.0,7,0,1,0,Year End Sale,12,4,2025,51,-0.12053668025532363,0.992708874098054,-2.4492935982947064e-16,1.0,Office,Organizer,1025.16,1827.6,366.0,378.0,381.0,340.0,330.0,489.0,,395.75,371.375,367.7692307692308,42.002976085034724,39.921127596442325,27.980769230769226,3.6057692307692264,0.07608240953775369,395.75,1.0,0
SKU012,2025-12-22,7,483.0,7,1,1,1,Year End Sale,12,4,2025,52,6.432490598706546e-16,1.0,-2.4492935982947064e-16,1.0,Office,Organizer,1025.16,1827.6,525.0,366.0,458.0,361.0,297.0,403.0,,431.75,394.5,382.7692307692308,74.37909652583849,64.91092798157004,48.980769230769226,11.730769230769226,0.12796422829582,431.75,1.0,1
SKU012,2025-12-29,7,459.0,3,0,1,0,Year End Sale,12,4,2025,1,0.12053668025532305,0.992708874098054,-2.4492935982947064e-16,1.0,Office,Organizer,1025.16,1827.6,483.0,525.0,378.0,364.0,423.0,400.0,,438.0,409.75,397.0769230769231,78.26876771739798,70.0443736906419,40.923076923076906,12.673076923076906,0.10306082913599379,438.0,0.42857142857142855,0
SKU012,2026-01-05,7,382.0,0,0,0,0,No Promotion,1,1,2026,2,0.23931566428755774,0.970941817426052,0.49999999999999994,0.8660254037844387,Office,Organizer,1025.16,1827.6,459.0,483.0,366.0,323.0,430.0,362.0,431.0,458.25,421.625,399.84615384615387,67.27741077062939,69.22827147508865,58.40384615384613,21.778846153846132,0.14606579453636015,0.0,0.0,0
SKU012,2026-01-12,7,381.0,0,0,0,0,No Promotion,1,1,2026,3,0.3546048870425356,0.9350162426854148,0.49999999999999994,0.8660254037844387,Office,Organizer,1025.16,1827.6,382.0,459.0,525.0,381.0,330.0,388.0,385.0,462.25,429.0,396.15384615384613,60.052060747321555,59.708817247897805,66.09615384615387,32.84615384615387,0.16684466019417488,0.0,0.0,0
SKU012,2026-01-19,7,431.0,0,0,0,0,No Promotion,1,1,2026,4,0.4647231720437685,0.8854560256532099,0.49999999999999994,0.8660254037844387,Office,Organizer,1025.16,1827.6,381.0,382.0,483.0,458.0,340.0,375.0,340.0,426.25,429.0,400.0769230769231,52.59515186782902,59.708817247897805,26.173076923076906,28.923076923076906,0.06542011151701588,0.0,0.0,0
SKU012,2026-01-26,7,399.0,0,1,0,1,No Promotion,1,1,2026,5,0.5680647467311558,0.8229838658936564,0.49999999999999994,0.8660254037844387,Office,Organizer,1025.16,1827.6,431.0,381.0,459.0,378.0,361.0,380.0,335.0,413.25,425.625,407.0769230769231,38.404643816427516,58.587998527245944,6.173076923076906,18.548076923076906,0.015164399092970404,0.0,0.0,0
SKU012,2026-02-02,7,403.0,0,0,0,0,No Promotion,2,1,2026,6,0.6631226582407952,0.7485107481711011,0.8660254037844386,0.5000000000000001,Office,Organizer,1025.16,1827.6,399.0,431.0,382.0,366.0,364.0,386.0,355.0,398.25,428.25,410.0,23.343450187722134,56.58558625152321,-11.75,18.25,-0.02865853658536588,0.0,0.0,0
SKU012,2026-02-09,7,366.0,0,0,0,0,No Promotion,2,1,2026,7,0.7485107481711011,0.6631226582407953,0.8660254037844386,0.5000000000000001,Office,Organizer,1025.16,1827.6,403.0,399.0,381.0,525.0,323.0,420.0,360.0,403.5,432.875,413.0,20.680103158994743,52.105490525060254,-9.5,19.875,-0.02300242130750607,0.0,0.0,0
SKU012,2026-02-16,7,382.0,0,0,0,0,No Promotion,2,1,2026,8,0.8229838658936564,0.5680647467311559,0.8660254037844386,0.5000000000000001,Office,Organizer,1025.16,1827.6,366.0,403.0,431.0,483.0,381.0,401.0,392.0,399.75,413.0,416.3076923076923,26.62548904089208,41.109609582188945,-16.55769230769232,-3.307692307692321,-0.03977272727272729,0.0,0.0,0
SKU012,2026-02-23,7,434.0,0,0,0,0,No Promotion,2,1,2026,9,0.8854560256532099,0.4647231720437686,0.8660254037844386,0.5000000000000001,Office,Organizer,1025.16,1827.6,382.0,366.0,399.0,459.0,458.0,366.0,338.0,387.5,400.375,416.38461538461536,16.9803808359333,30.74288535580226,-28.88461538461536,-16.00961538461536,-0.06937003510068351,0.0,0.0,0
SKU012,2026-03-02,7,304.0,0,0,0,0,No Promotion,3,1,2026,10,0.9350162426854148,0.35460488704253557,1.0,6.123233995736766e-17,Office,Organizer,1025.16,1827.6,434.0,382.0,403.0,382.0,378.0,336.0,320.0,396.25,397.25,414.53846153846155,29.375443259066984,24.58658170628852,-18.288461538461547,-17.288461538461547,-0.044117647058823595,0.0,0.0,0
SKU012,2026-03-09,7,365.0,1,0,1,0,Spring Sale,3,1,2026,11,0.970941817426052,0.23931566428755804,1.0,6.123233995736766e-17,Office,Organizer,1025.16,1827.6,304.0,434.0,366.0,381.0,366.0,357.0,302.0,371.5,387.5,408.84615384615387,53.55059912518873,41.2899157526041,-37.34615384615387,-21.346153846153868,-0.09134524929444976,371.5,0.14285714285714285,0
SKU012,2026-03-16,7,450.0,7,0,1,0,Spring Sale,3,1,2026,12,0.992708874098054,0.120536680255323,1.0,6.123233995736766e-17,Office,Organizer,1025.16,1827.6,365.0,304.0,382.0,431.0,525.0,330.0,364.0,371.25,385.5,408.7692307692308,53.58715642141623,42.03060109695589,-37.519230769230774,-23.269230769230774,-0.09178584870154305,371.25,1.0,0
SKU012,2026-03-23,7,396.0,3,0,1,0,Spring Sale,3,1,2026,13,1.0,-1.6081226496766366e-16,1.0,6.123233995736766e-17,Office,Organizer,1025.16,1827.6,450.0,365.0,434.0,399.0,483.0,297.0,365.0,388.25,387.875,403.0,67.19312960911006,45.372860043989185,-14.75,-15.125,-0.03660049627791562,388.25,0.42857142857142855,0
SKU012,2026-03-30,7,324.0,0,0,0,0,No Promotion,3,1,2026,14,0.992708874098054,-0.12053668025532288,1.0,6.123233995736766e-17,Office,Organizer,1025.16,1827.6,396.0,450.0,304.0,403.0,459.0,423.0,318.0,378.75,387.5,396.3076923076923,60.96652086733065,45.280080767217235,-17.55769230769232,-8.80769230769232,-0.04430318322981375,0.0,0.0,0
SKU012,2026-04-06,7,378.0,0,0,0,0,No Promotion,4,2,2026,15,0.9709418174260521,-0.2393156642875575,0.8660254037844387,-0.4999999999999998,Office,Organizer,1025.16,1827.6,324.0,396.0,365.0,366.0,382.0,430.0,289.0,383.75,377.625,385.9230769230769,53.106026023418444,49.80515607272577,-2.1730769230769056,-8.298076923076906,-0.0056308550926847944,0.0,0.0,0
SKU012,2026-04-13,7,361.0,0,0,0,0,No Promotion,4,2,2026,16,0.9350162426854148,-0.35460488704253545,0.8660254037844387,-0.4999999999999998,Office,Organizer,1025.16,1827.6,378.0,324.0,450.0,382.0,381.0,330.0,300.0,387.0,379.125,385.61538461538464,51.961524227066285,49.58524406082348,1.3846153846153584,-6.490384615384642,0.0035906642728904536,0.0,0.0,0
SKU012,2026-04-20,7,361.0,0,0,0,0,No Promotion,4,2,2026,17,0.8854560256532099,-0.4647231720437685,0.8660254037844387,-0.4999999999999998,Office,Organizer,1025.16,1827.6,361.0,378.0,396.0,434.0,431.0,340.0,297.0,364.75,376.5,384.0769230769231,30.696090956341607,49.9657025225447,-19.326923076923094,-7.576923076923094,-0.050320448628079384,0.0,0.0,0
SKU012,2026-04-27,7,369.0,0,0,0,0,No Promotion,4,2,2026,18,0.8229838658936565,-0.5680647467311557,0.8660254037844387,-0.4999999999999998,Office,Organizer,1025.16,1827.6,361.0,361.0,324.0,304.0,399.0,361.0,346.0,356.0,367.375,378.6923076923077,22.788886180182878,44.31039059053436,-22.69230769230768,-11.31730769230768,-0.059922811293926403,0.0,0.0,0
SKU012,2026-05-04,7,396.0,0,0,0,0,No Promotion,5,2,2026,19,0.7485107481711013,-0.663122658240795,0.49999999999999994,-0.8660254037844387,Office,Organizer,1025.16,1827.6,369.0,361.0,378.0,365.0,403.0,364.0,317.0,367.25,375.5,376.38461538461536,8.098353742170685,36.25701902489268,-9.134615384615358,-0.8846153846153584,-0.024269364398119664,0.0,0.0,0
SKU012,2026-05-11,7,345.0,0,0,0,0,No Promotion,5,2,2026,20,0.6631226582407952,-0.7485107481711012,0.49999999999999994,-0.8660254037844387,Office,Organizer,1025.16,1827.6,396.0,369.0,361.0,450.0,366.0,323.0,365.0,371.75,379.375,375.84615384615387,16.600702796367685,36.62917455487401,-4.096153846153868,3.528846153846132,-0.010898485468686103,0.0,0.0,0
SKU012,2026-05-18,7,382.0,0,0,0,0,No Promotion,5,2,2026,21,0.5680647467311558,-0.8229838658936564,0.49999999999999994,-0.8660254037844387,Office,Organizer,1025.16,1827.6,345.0,396.0,361.0,396.0,382.0,381.0,362.0,367.75,366.25,374.2307692307692,21.313141485947032,24.516758117080443,-6.480769230769226,-7.980769230769226,-0.017317574511819145,0.0,0.0,0
SKU012,2026-05-25,7,333.0,0,0,0,0,No Promotion,5,2,2026,22,0.46472317204376906,-0.8854560256532096,0.49999999999999994,-0.8660254037844387,Office,Organizer,1025.16,1827.6,382.0,345.0,369.0,324.0,434.0,458.0,350.0,373.0,364.5,374.2307692307692,21.679483388678715,22.507141723715826,-1.2307692307692264,-9.730769230769226,-0.0032887975334018327,0.0,0.0,0
SKU012,2026-06-01,7,401.0,0,0,0,0,No Promotion,6,2,2026,23,0.35460488704253584,-0.9350162426854147,1.2246467991473532e-16,-1.0,Office,Organizer,1025.16,1827.6,333.0,382.0,396.0,378.0,304.0,378.0,349.0,364.0,365.625,366.46153846153845,29.832867780352533,20.311414806176664,-2.461538461538453,-0.8365384615384528,-0.0067170445004197665,0.0,0.0,0
SKU012,2026-06-08,7,487.0,5,0,1,0,Summer Sale,6,2,2026,24,0.23931566428755768,-0.970941817426052,1.2246467991473532e-16,-1.0,Office,Organizer,1025.16,1827.6,401.0,333.0,345.0,361.0,365.0,366.0,444.0,365.25,368.5,373.9230769230769,31.66885957319371,23.66431913239849,-8.673076923076906,-5.423076923076906,-0.023194815881505848,365.25,0.7142857142857143,0
SKU012,2026-06-15,7,559.0,6,0,1,0,Summer Sale,6,2,2026,25,0.12053668025532308,-0.992708874098054,1.2246467991473532e-16,-1.0,Office,Organizer,1025.16,1827.6,487.0,401.0,382.0,361.0,450.0,525.0,489.0,400.75,384.25,383.3076923076923,64.24108239021712,47.691718358641694,17.44230769230768,0.9423076923076792,0.04550471603451722,400.75,0.8571428571428571,0
SKU012,2026-06-22,7,438.0,0,0,0,0,No Promotion,6,2,2026,26,-3.216245299353273e-16,-1.0,1.2246467991473532e-16,-1.0,Office,Organizer,1025.16,1827.6,559.0,487.0,333.0,369.0,396.0,483.0,403.0,445.0,409.0,391.6923076923077,98.72520785831075,76.54877063489843,53.30769230769232,17.30769230769232,0.13609583660644153,0.0,0.0,0
SKU013,2025-04-07,7,95.0,0,0,0,0,No Promotion,4,2,2025,15,0.9709418174260521,-0.2393156642875575,0.8660254037844387,-0.4999999999999998,Furniture,Chair,4847.3,7066.44,,,,,,,,,,,,,,,,,0.0,0
SKU013,2025-04-14,7,114.0,0,0,0,0,No Promotion,4,2,2025,16,0.9350162426854148,-0.35460488704253545,0.8660254037844387,-0.4999999999999998,Furniture,Chair,4847.3,7066.44,95.0,,,,,,,,,,,,,,,,0.0,0
SKU013,2025-04-21,7,130.0,0,0,0,0,No Promotion,4,2,2025,17,0.8854560256532099,-0.4647231720437685,0.8660254037844387,-0.4999999999999998,Furniture,Chair,4847.3,7066.44,114.0,95.0,,,,,,,,,,,,,,,0.0,0
SKU013,2025-04-28,7,103.0,0,0,0,0,No Promotion,4,2,2025,18,0.8229838658936565,-0.5680647467311557,0.8660254037844387,-0.4999999999999998,Furniture,Chair,4847.3,7066.44,130.0,114.0,,,,,,,,,,,,,,,0.0,0
SKU013,2025-05-05,7,114.0,0,0,0,0,No Promotion,5,2,2025,19,0.7485107481711013,-0.663122658240795,0.49999999999999994,-0.8660254037844387,Furniture,Chair,4847.3,7066.44,103.0,130.0,95.0,,,,,110.5,,,15.154757228892407,,,,,0.0,0.0,0
SKU013,2025-05-12,7,117.0,0,0,0,0,No Promotion,5,2,2025,20,0.6631226582407952,-0.7485107481711012,0.49999999999999994,-0.8660254037844387,Furniture,Chair,4847.3,7066.44,114.0,103.0,114.0,,,,,115.25,,,11.116804097101527,,,,,0.0,0.0,0
SKU013,2025-05-19,7,125.0,0,0,0,0,No Promotion,5,2,2025,21,0.5680647467311558,-0.8229838658936564,0.49999999999999994,-0.8660254037844387,Furniture,Chair,4847.3,7066.44,117.0,114.0,130.0,,,,,116.0,,,11.105554165971787,,,,,0.0,0.0,0
SKU013,2025-05-26,7,121.0,0,0,0,0,No Promotion,5,2,2025,22,0.46472317204376906,-0.8854560256532096,0.49999999999999994,-0.8660254037844387,Furniture,Chair,4847.3,7066.44,125.0,117.0,103.0,,,,,114.75,,,9.105858919765154,,,,,0.0,0.0,0
SKU013,2025-06-02,7,115.0,0,0,0,0,No Promotion,6,2,2025,23,0.35460488704253584,-0.9350162426854147,1.2246467991473532e-16,-1.0,Furniture,Chair,4847.3,7066.44,121.0,125.0,114.0,95.0,,,,119.25,114.875,,4.787135538781684,11.407234546549834,,,,0.0,0.0,0
SKU013,2025-06-09,7,170.0,6,0,1,0,Summer Sale,6,2,2025,24,0.23931566428755768,-0.970941817426052,1.2246467991473532e-16,-1.0,Furniture,Chair,4847.3,7066.44,115.0,121.0,117.0,114.0,,,,119.5,117.375,,4.434711565216683,8.158037228927766,,,,119.5,0.8571428571428571,0
SKU013,2025-06-16,7,158.0,5,0,1,0,Summer Sale,6,2,2025,25,0.12053668025532308,-0.992708874098054,1.2246467991473532e-16,-1.0,Furniture,Chair,4847.3,7066.44,170.0,115.0,125.0,130.0,,,,132.75,124.375,,25.171081290507434,20.113517132231532,,,,132.75,0.7142857142857143,0
SKU013,2025-06-23,7,149.0,0,0,0,0,No Promotion,6,2,2025,26,-3.216245299353273e-16,-1.0,1.2246467991473532e-16,-1.0,Furniture,Chair,4847.3,7066.44,158.0,170.0,121.0,103.0,,,,141.0,127.875,,27.117030319216983,23.399862636959462,,,,0.0,0.0,0
SKU013,2025-06-30,7,135.0,0,0,0,0,No Promotion,6,2,2025,27,-0.12053668025532283,-0.992708874098054,1.2246467991473532e-16,-1.0,Furniture,Chair,4847.3,7066.44,149.0,158.0,115.0,114.0,,,,148.0,133.625,,23.62202362203543,22.02555334151676,,,,0.0,0.0,0
SKU013,2025-07-07,7,125.0,0,0,0,0,No Promotion,7,3,2025,28,-0.23931566428755743,-0.9709418174260521,-0.4999999999999997,-0.8660254037844388,Furniture,Chair,4847.3,7066.44,135.0,149.0,170.0,117.0,95.0,,,153.0,136.25,126.61538461538461,14.764823060233399,20.55480479109447,26.384615384615387,9.634615384615387,0.2083839611178615,0.0,0.0,0
SKU013,2025-07-14,7,133.0,0,0,0,0,No Promotion,7,3,2025,29,-0.3546048870425356,-0.9350162426854148,-0.4999999999999997,-0.8660254037844388,Furniture,Chair,4847.3,7066.44,125.0,135.0,158.0,125.0,114.0,,,141.75,137.25,128.92307692307693,14.637281168304447,19.659603251337504,12.826923076923066,8.326923076923066,0.09949284009546533,0.0,0.0,0
SKU013,2025-07-21,7,112.0,0,0,0,0,No Promotion,7,3,2025,30,-0.46472317204376806,-0.8854560256532101,-0.4999999999999997,-0.8660254037844388,Furniture,Chair,4847.3,7066.44,133.0,125.0,149.0,121.0,130.0,,,135.5,138.25,130.3846153846154,9.983319421247963,19.14418971907665,5.115384615384613,7.865384615384613,0.03923303834808256,0.0,0.0,0
SKU013,2025-07-28,7,117.0,0,0,0,0,No Promotion,7,3,2025,31,-0.5680647467311556,-0.8229838658936566,-0.4999999999999997,-0.8660254037844388,Furniture,Chair,4847.3,7066.44,112.0,133.0,135.0,115.0,103.0,,,126.25,137.125,129.0,10.43631480296885,20.51784937212336,-2.75,8.125,-0.02131782945736438,0.0,0.0,0
SKU013,2025-08-04,7,146.0,0,0,0,0,No Promotion,8,3,2025,32,-0.663122658240795,-0.7485107481711013,-0.8660254037844385,-0.5000000000000004,Furniture,Chair,4847.3,7066.44,117.0,112.0,125.0,170.0,114.0,,,121.75,137.375,130.07692307692307,9.215023964519395,20.2197746207589,-8.326923076923066,7.298076923076934,-0.06401537551744518,0.0,0.0,0
SKU013,2025-08-11,7,122.0,0,1,0,1,No Promotion,8,3,2025,33,-0.7485107481711011,-0.6631226582407952,-0.8660254037844385,-0.5000000000000004,Furniture,Chair,4847.3,7066.44,146.0,117.0,133.0,158.0,117.0,,,127.0,134.375,132.53846153846155,15.513435037626797,16.035117710824583,-5.538461538461547,1.8365384615384528,-0.04178757980266978,0.0,0.0,0
SKU013,2025-08-18,7,259.0,0,0,0,0,No Promotion,8,3,2025,34,-0.8229838658936564,-0.5680647467311559,-0.8660254037844385,-0.5000000000000004,Furniture,Chair,4847.3,7066.44,122.0,146.0,112.0,149.0,125.0,,,124.25,129.875,132.92307692307693,15.06375340566443,13.271209439987004,-8.673076923076934,-3.048076923076934,-0.06524884259259267,0.0,0.0,0
SKU013,2025-08-25,7,121.0,0,0,0,0,No Promotion,8,3,2025,35,-0.8854560256532096,-0.4647231720437691,-0.8660254037844385,-0.5000000000000004,Furniture,Chair,4847.3,7066.44,259.0,122.0,117.0,135.0,121.0,,,161.0,143.625,143.23076923076923,66.54822812567339,47.85077249712306,17.769230769230774,0.3942307692307736,0.12406015037593998,0.0,0.0,0
SKU013,2025-09-01,7,113.0,0,0,0,0,No Promotion,9,3,2025,36,-0.9350162426854147,-0.3546048870425359,-1.0,-1.8369701987210297e-16,Furniture,Chair,4847.3,7066.44,121.0,259.0,146.0,125.0,115.0,,,162.0,141.875,143.23076923076923,65.69119677196734,48.46335139640498,18.769230769230774,-1.3557692307692264,0.13104189044038672,0.0,0.0,0
SKU013,2025-09-08,7,111.0,0,0,0,0,No Promotion,9,3,2025,37,-0.970941817426052,-0.23931566428755774,-1.0,-1.8369701987210297e-16,Furniture,Chair,4847.3,7066.44,113.0,121.0,122.0,133.0,170.0,,,153.75,140.375,143.07692307692307,70.28216938408583,49.23975600496586,10.673076923076934,-2.701923076923066,0.07459677419354849,0.0,0.0,0
SKU013,2025-09-15,7,133.0,0,0,0,0,No Promotion,9,3,2025,38,-0.992708874098054,-0.12053668025532357,-1.0,-1.8369701987210297e-16,Furniture,Chair,4847.3,7066.44,111.0,113.0,259.0,112.0,158.0,,,151.0,137.625,138.53846153846155,72.12951314591459,50.31312665980633,12.461538461538453,-0.9134615384615472,0.08995002776235417,0.0,0.0,0
SKU013,2025-09-22,7,118.0,0,0,0,0,No Promotion,9,3,2025,39,-1.0,-1.8369701987210297e-16,-1.0,-1.8369701987210297e-16,Furniture,Chair,4847.3,7066.44,133.0,111.0,121.0,117.0,149.0,,,119.5,140.25,136.6153846153846,9.983319421247897,49.323277610938575,-17.115384615384613,3.634615384615387,-0.12528153153153154,0.0,0.0,0
SKU013,2025-09-29,7,125.0,5,1,1,1,Festive Sale,9,3,2025,40,-0.992708874098054,0.1205366802553232,-1.0,-1.8369701987210297e-16,Furniture,Chair,4847.3,7066.44,118.0,133.0,113.0,146.0,135.0,,,118.75,140.375,134.23076923076923,9.945685831890401,49.25716046569125,-15.480769230769226,6.144230769230774,-0.11532951289398274,118.75,0.7142857142857143,1
SKU013,2025-10-06,7,136.0,5,0,1,0,Festive Sale,10,4,2025,41,-0.9709418174260521,0.23931566428755738,-0.8660254037844386,0.5000000000000001,Furniture,Chair,4847.3,7066.44,125.0,118.0,111.0,122.0,125.0,95.0,,121.75,137.75,133.46153846153845,9.429563439877025,49.47365821467882,-11.711538461538453,4.288461538461547,-0.08775216138328523,121.75,0.7142857142857143,0
SKU013,2025-10-13,7,105.0,0,0,0,0,No Promotion,10,4,2025,42,-0.9350162426854148,0.35460488704253557,-0.8660254037844386,0.5000000000000001,Furniture,Chair,4847.3,7066.44,136.0,125.0,133.0,259.0,133.0,114.0,,128.0,139.5,134.30769230769232,8.124038404635886,49.083020049125516,-6.307692307692321,5.192307692307679,-0.04696449026345939,0.0,0.0,0
SKU013,2025-10-20,7,124.0,0,0,0,0,No Promotion,10,4,2025,43,-0.8854560256532101,0.464723172043768,-0.8660254037844386,0.5000000000000001,Furniture,Chair,4847.3,7066.44,105.0,136.0,118.0,121.0,112.0,130.0,,121.0,120.25,132.15384615384616,12.98717315918539,10.753736892023046,-11.15384615384616,-11.90384615384616,-0.08440046565774162,0.0,0.0,0
SKU013,2025-10-27,7,124.0,0,1,0,1,No Promotion,10,4,2025,44,-0.822983865893657,0.5680647467311548,-0.8660254037844386,0.5000000000000001,Furniture,Chair,4847.3,7066.44,124.0,105.0,125.0,113.0,117.0,103.0,,122.5,120.625,133.07692307692307,12.871156384205166,10.835622468770064,-10.576923076923066,-12.451923076923066,-0.07947976878612706,0.0,0.0,0
SKU013,2025-11-03,7,106.0,0,0,0,0,No Promotion,11,4,2025,45,-0.7485107481711011,0.6631226582407952,-0.5000000000000004,0.8660254037844384,Furniture,Chair,4847.3,7066.44,124.0,124.0,136.0,111.0,146.0,114.0,,122.25,122.0,133.6153846153846,12.816005617976248,10.41976144503457,-11.365384615384613,-11.615384615384613,-0.08506044905008636,0.0,0.0,0
SKU013,2025-11-10,7,117.0,0,0,0,0,No Promotion,11,4,2025,46,-0.6631226582407955,0.7485107481711007,-0.5000000000000004,0.8660254037844384,Furniture,Chair,4847.3,7066.44,106.0,124.0,105.0,133.0,122.0,117.0,,114.75,121.375,130.53846153846155,10.68877916321592,11.2876354603484,-15.788461538461547,-9.163461538461547,-0.12094873305833831,0.0,0.0,0
SKU013,2025-11-17,7,160.0,4,0,1,0,Black Friday,11,4,2025,47,-0.5680647467311559,0.8229838658936564,-0.5000000000000004,0.8660254037844384,Furniture,Chair,4847.3,7066.44,117.0,106.0,124.0,118.0,259.0,125.0,,117.75,119.375,130.15384615384616,8.499999999999929,10.308630226313166,-12.40384615384616,-10.77884615384616,-0.0953014184397164,117.75,0.5714285714285714,0
SKU013,2025-11-24,7,139.0,7,0,1,0,Black Friday,11,4,2025,48,-0.4647231720437684,0.88545602565321,-0.5000000000000004,0.8660254037844384,Furniture,Chair,4847.3,7066.44,160.0,117.0,124.0,125.0,121.0,121.0,,126.75,124.625,122.53846153846153,23.37199178504046,17.61442185093957,4.211538461538467,2.086538461538467,0.034369114877589535,126.75,1.0,0
SKU013,2025-12-01,7,144.0,0,0,0,0,No Promotion,12,4,2025,49,-0.35460488704253595,0.9350162426854147,-2.4492935982947064e-16,1.0,Furniture,Chair,4847.3,7066.44,139.0,160.0,106.0,136.0,113.0,115.0,,130.5,126.375,123.92307692307692,23.979157616563572,18.337607726823514,6.57692307692308,2.45192307692308,0.05307262569832405,0.0,0.0,0
SKU013,2025-12-08,7,115.0,0,0,0,0,No Promotion,12,4,2025,50,-0.2393156642875578,0.970941817426052,-2.4492935982947064e-16,1.0,Furniture,Chair,4847.3,7066.44,144.0,139.0,117.0,105.0,111.0,170.0,,140.0,127.375,126.3076923076923,17.757627469156237,19.13812574791109,13.692307692307693,1.0673076923076934,0.10840438489646775,0.0,0.0,0
SKU013,2025-12-15,7,160.0,7,0,1,0,Year End Sale,12,4,2025,51,-0.12053668025532363,0.992708874098054,-2.4492935982947064e-16,1.0,Furniture,Chair,4847.3,7066.44,115.0,144.0,160.0,124.0,133.0,158.0,,139.5,128.625,126.61538461538461,18.62793601019713,17.743711159571042,12.884615384615387,2.009615384615387,0.10176184690157952,139.5,1.0,0
SKU013,2025-12-22,7,169.0,7,1,1,1,Year End Sale,12,4,2025,52,6.432490598706546e-16,1.0,-2.4492935982947064e-16,1.0,Furniture,Chair,4847.3,7066.44,160.0,115.0,139.0,124.0,118.0,149.0,,139.5,133.125,128.69230769230768,18.62793601019713,20.718780300559622,10.80769230769232,4.432692307692321,0.08398087268380161,139.5,1.0,1
SKU013,2025-12-29,7,141.0,3,0,1,0,Year End Sale,12,4,2025,1,0.12053668025532305,0.992708874098054,-2.4492935982947064e-16,1.0,Furniture,Chair,4847.3,7066.44,169.0,160.0,144.0,106.0,125.0,135.0,,147.0,138.75,132.6153846153846,23.706539182259373,23.771231111817265,14.384615384615387,6.134615384615387,0.10846867749419964,147.0,0.42857142857142855,0
SKU013,2026-01-05,7,140.0,0,0,0,0,No Promotion,1,1,2026,2,0.23931566428755774,0.970941817426052,0.49999999999999994,0.8660254037844387,Furniture,Chair,4847.3,7066.44,141.0,169.0,115.0,117.0,136.0,125.0,,146.25,143.125,133.84615384615384,23.879907872519084,19.76604230925931,12.40384615384616,9.27884615384616,0.09267241379310343,0.0,0.0,0
SKU013,2026-01-12,7,135.0,0,0,0,0,No Promotion,1,1,2026,3,0.3546048870425356,0.9350162426854148,0.49999999999999994,0.8660254037844387,Furniture,Chair,4847.3,7066.44,140.0,141.0,160.0,160.0,105.0,133.0,,152.5,146.0,134.15384615384616,14.341083176199268,16.886173549471106,18.34615384615384,11.84615384615384,0.13675458715596323,0.0,0.0,0
SKU013,2026-01-19,7,128.0,0,0,0,0,No Promotion,1,1,2026,4,0.4647231720437685,0.8854560256532099,0.49999999999999994,0.8660254037844387,Furniture,Chair,4847.3,7066.44,135.0,140.0,169.0,139.0,124.0,112.0,,146.25,142.875,136.46153846153845,15.392097539538453,16.225531028069852,9.788461538461547,6.413461538461547,0.07173055242390092,0.0,0.0,0
SKU013,2026-01-26,7,142.0,0,1,0,1,No Promotion,1,1,2026,5,0.5680647467311558,0.8229838658936564,0.49999999999999994,0.8660254037844387,Furniture,Chair,4847.3,7066.44,128.0,135.0,141.0,144.0,124.0,117.0,,136.0,141.5,136.76923076923077,5.9441848333755765,17.046155829729734,-0.7692307692307736,4.730769230769226,-0.0056242969628796935,0.0,0.0,0
SKU013,2026-02-02,7,119.0,0,0,0,0,No Promotion,2,1,2026,6,0.6631226582407952,0.7485107481711011,0.8660254037844386,0.5000000000000001,Furniture,Chair,4847.3,7066.44,142.0,128.0,140.0,115.0,106.0,146.0,,136.25,141.25,138.15384615384616,6.238322424070879,17.018897060116956,-1.9038461538461604,3.0961538461538396,-0.013780623608017906,0.0,0.0,0
SKU013,2026-02-09,7,133.0,0,0,0,0,No Promotion,2,1,2026,7,0.7485107481711011,0.6631226582407953,0.8660254037844386,0.5000000000000001,Furniture,Chair,4847.3,7066.44,119.0,142.0,135.0,160.0,117.0,122.0,,131.0,141.75,139.15384615384616,9.831920802501694,16.17537811437054,-8.15384615384616,2.5961538461538396,-0.058595909342178065,0.0,0.0,0
SKU013,2026-02-16,7,141.0,0,0,0,0,No Promotion,2,1,2026,8,0.8229838658936564,0.5680647467311559,0.8660254037844386,0.5000000000000001,Furniture,Chair,4847.3,7066.44,133.0,119.0,128.0,169.0,160.0,259.0,,130.5,138.375,140.3846153846154,9.609023536932993,14.559606548844073,-9.884615384615387,-2.009615384615387,-0.07041095890410964,0.0,0.0,0
SKU013,2026-02-23,7,149.0,0,0,0,0,No Promotion,2,1,2026,9,0.8854560256532099,0.4647231720437686,0.8660254037844386,0.5000000000000001,Furniture,Chair,4847.3,7066.44,141.0,133.0,142.0,141.0,139.0,121.0,,133.75,134.875,138.92307692307693,10.62622541953,8.061150219239387,-5.173076923076934,-4.048076923076934,-0.03723698781838325,0.0,0.0,0
SKU013,2026-03-02,7,133.0,0,0,0,0,No Promotion,3,1,2026,10,0.9350162426854148,0.35460488704253557,1.0,6.123233995736766e-17,Furniture,Chair,4847.3,7066.44,149.0,141.0,119.0,140.0,144.0,113.0,,135.5,135.875,139.69230769230768,12.79322737493028,9.326421760629486,-4.192307692307679,-3.817307692307679,-0.030011013215858973,0.0,0.0,0
SKU013,2026-03-09,7,123.0,1,0,1,0,Spring Sale,3,1,2026,11,0.970941817426052,0.23931566428755804,1.0,6.123233995736766e-17,Furniture,Chair,4847.3,7066.44,133.0,149.0,133.0,135.0,115.0,111.0,,139.0,135.0,138.84615384615384,7.65941686205063,9.211793682944881,0.1538461538461604,-3.8461538461538396,0.001108033240997175,139.0,0.14285714285714285,0
SKU013,2026-03-16,7,145.0,7,0,1,0,Spring Sale,3,1,2026,12,0.992708874098054,0.120536680255323,1.0,6.123233995736766e-17,Furniture,Chair,4847.3,7066.44,123.0,133.0,141.0,128.0,160.0,133.0,,136.5,133.5,139.46153846153845,11.1205515450748,10.141851056742217,-2.961538461538453,-5.961538461538453,-0.021235521235521193,136.5,1.0,0
SKU013,2026-03-23,7,132.0,3,0,1,0,Spring Sale,3,1,2026,13,1.0,-1.6081226496766366e-16,1.0,6.123233995736766e-17,Furniture,Chair,4847.3,7066.44,145.0,123.0,149.0,142.0,169.0,118.0,,137.5,135.625,138.30769230769232,11.818065267490509,10.595652747370382,-0.8076923076923208,-2.682692307692321,-0.0058398220244717525,137.5,0.42857142857142855,0
SKU013,2026-03-30,7,136.0,0,0,0,0,No Promotion,3,1,2026,14,0.992708874098054,-0.12053668025532288,1.0,6.123233995736766e-17,Furniture,Chair,4847.3,7066.44,132.0,145.0,133.0,119.0,141.0,125.0,,133.25,134.375,135.46153846153845,9.032349269892753,10.32247893815104,-2.211538461538453,-1.0865384615384528,-0.016325951164111285,0.0,0.0,0
SKU013,2026-04-06,7,112.0,0,0,0,0,No Promotion,4,2,2026,15,0.9709418174260521,-0.2393156642875575,0.8660254037844387,-0.4999999999999998,Furniture,Chair,4847.3,7066.44,136.0,132.0,123.0,133.0,140.0,136.0,95.0,134.0,136.5,135.07692307692307,9.128709291752704,8.246211251235342,-1.076923076923066,1.423076923076934,-0.007972665148063718,0.0,0.0,0
SKU013,2026-04-13,7,139.0,0,0,0,0,No Promotion,4,2,2026,16,0.9350162426854148,-0.35460488704253545,0.8660254037844387,-0.4999999999999998,Furniture,Chair,4847.3,7066.44,112.0,136.0,145.0,141.0,135.0,105.0,114.0,131.25,133.875,132.92307692307693,13.93735986476631,12.005207203542984,-1.673076923076934,0.951923076923066,-0.012586805555555691,0.0,0.0,0
SKU013,2026-04-20,7,131.0,0,0,0,0,No Promotion,4,2,2026,17,0.8854560256532099,-0.4647231720437685,0.8660254037844387,-0.4999999999999998,Furniture,Chair,4847.3,7066.44,139.0,112.0,132.0,149.0,128.0,124.0,130.0,129.75,133.625,133.23076923076923,12.17579566188587,11.855529150087389,-3.4807692307692264,0.3942307692307736,-0.026125866050808244,0.0,0.0,0
SKU013,2026-04-27,7,136.0,0,0,0,0,No Promotion,4,2,2026,18,0.8229838658936565,-0.5680647467311557,0.8660254037844387,-0.4999999999999998,Furniture,Chair,4847.3,7066.44,131.0,139.0,136.0,133.0,142.0,124.0,103.0,129.5,131.375,133.46153846153845,12.124355652982091,10.098620839359363,-3.961538461538453,-2.086538461538453,-0.029682997118155585,0.0,0.0,0
SKU013,2026-05-04,7,137.0,0,0,0,0,No Promotion,5,2,2026,19,0.7485107481711013,-0.663122658240795,0.49999999999999994,-0.8660254037844387,Furniture,Chair,4847.3,7066.44,136.0,131.0,112.0,123.0,119.0,106.0,114.0,129.5,131.75,133.0,12.124355652982091,10.222524150130454,-3.5,-1.25,-0.02631578947368418,0.0,0.0,0
SKU013,2026-05-11,7,128.0,0,0,0,0,No Promotion,5,2,2026,20,0.6631226582407952,-0.7485107481711012,0.49999999999999994,-0.8660254037844387,Furniture,Chair,4847.3,7066.44,137.0,136.0,139.0,145.0,133.0,117.0,117.0,135.75,133.5,134.3846153846154,3.4034296427768367,9.695359714832676,1.3653846153846132,-0.8846153846153868,0.010160274756725762,0.0,0.0,0
SKU013,2026-05-18,7,109.0,0,0,0,0,No Promotion,5,2,2026,21,0.5680647467311558,-0.8229838658936564,0.49999999999999994,-0.8660254037844387,Furniture,Chair,4847.3,7066.44,128.0,137.0,131.0,132.0,141.0,160.0,125.0,133.0,131.375,134.0,4.242640687119133,8.617880084037923,-1.0,-2.625,-0.007462686567164201,0.0,0.0,0
SKU013,2026-05-25,7,108.0,0,0,0,0,No Promotion,5,2,2026,22,0.46472317204376906,-0.8854560256532096,0.49999999999999994,-0.8660254037844387,Furniture,Chair,4847.3,7066.44,109.0,128.0,136.0,136.0,149.0,139.0,121.0,127.5,128.5,131.53846153846155,12.974333637352323,11.674147261608216,-4.038461538461547,-3.038461538461547,-0.030701754385965008,0.0,0.0,0
SKU013,2026-06-01,7,124.0,0,0,0,0,No Promotion,6,2,2026,23,0.35460488704253584,-0.9350162426854147,1.2246467991473532e-16,-1.0,Furniture,Chair,4847.3,7066.44,108.0,109.0,137.0,112.0,133.0,144.0,115.0,120.5,125.0,128.3846153846154,14.341083176199255,13.201731488169067,-7.884615384615387,-3.384615384615387,-0.061414020371479916,0.0,0.0,0
SKU013,2026-06-08,7,176.0,5,0,1,0,Summer Sale,6,2,2026,24,0.23931566428755768,-0.970941817426052,1.2246467991473532e-16,-1.0,Furniture,Chair,4847.3,7066.44,124.0,108.0,128.0,139.0,123.0,115.0,170.0,117.25,126.5,127.6923076923077,10.24288370853957,12.153776602944701,-10.442307692307693,-1.1923076923076934,-0.08177710843373498,117.25,0.7142857142857143,0
SKU013,2026-06-15,7,183.0,6,0,1,0,Summer Sale,6,2,2026,25,0.12053668025532308,-0.992708874098054,1.2246467991473532e-16,-1.0,Furniture,Chair,4847.3,7066.44,176.0,124.0,109.0,131.0,145.0,160.0,158.0,129.25,131.125,131.76923076923077,32.01431971269521,21.236340147425196,-2.5192307692307736,-0.6442307692307736,-0.01911850554582606,129.25,0.8571428571428571,0
SKU013,2026-06-22,7,153.0,0,0,0,0,No Promotion,6,2,2026,26,-3.216245299353273e-16,-1.0,1.2246467991473532e-16,-1.0,Furniture,Chair,4847.3,7066.44,183.0,176.0,108.0,136.0,132.0,169.0,149.0,147.75,137.625,134.69230769230768,37.348583194904,28.05574807414695,13.05769230769232,2.932692307692321,0.09694460308395203,0.0,0.0,0
SKU014,2025-01-13,7,625.0,3,0,1,0,New Year Sale,1,1,2025,3,0.3546048870425356,0.9350162426854148,0.49999999999999994,0.8660254037844387,Home Decor,Clock,2041.16,3211.11,,,,,,,,,,,,,,,,,0.42857142857142855,0
SKU014,2025-01-20,7,569.0,0,1,0,1,No Promotion,1,1,2025,4,0.4647231720437685,0.8854560256532099,0.49999999999999994,0.8660254037844387,Home Decor,Clock,2041.16,3211.11,625.0,,,,,,,,,,,,,,,,0.0,0
SKU014,2025-01-27,7,499.0,0,0,0,0,No Promotion,1,1,2025,5,0.5680647467311558,0.8229838658936564,0.49999999999999994,0.8660254037844387,Home Decor,Clock,2041.16,3211.11,569.0,625.0,,,,,,,,,,,,,,,0.0,0
SKU014,2025-02-03,7,506.0,0,0,0,0,No Promotion,2,1,2025,6,0.6631226582407952,0.7485107481711011,0.8660254037844386,0.5000000000000001,Home Decor,Clock,2041.16,3211.11,499.0,569.0,,,,,,,,,,,,,,,0.0,0
SKU014,2025-02-10,7,528.0,0,0,0,0,No Promotion,2,1,2025,7,0.7485107481711011,0.6631226582407953,0.8660254037844386,0.5000000000000001,Home Decor,Clock,2041.16,3211.11,506.0,499.0,625.0,,,,,549.75,,,59.22485401698628,,,,,0.0,0.0,0
SKU014,2025-02-17,7,537.0,0,0,0,0,No Promotion,2,1,2025,8,0.8229838658936564,0.5680647467311559,0.8660254037844386,0.5000000000000001,Home Decor,Clock,2041.16,3211.11,528.0,506.0,569.0,,,,,525.5,,,31.522478751942522,,,,,0.0,0.0,0
SKU014,2025-02-24,7,517.0,0,0,0,0,No Promotion,2,1,2025,9,0.8854560256532099,0.4647231720437686,0.8660254037844386,0.5000000000000001,Home Decor,Clock,2041.16,3211.11,537.0,528.0,499.0,,,,,517.5,,,17.935068069752834,,,,,0.0,0.0,0
SKU014,2025-03-03,7,484.0,0,0,0,0,No Promotion,3,1,2025,10,0.9350162426854148,0.35460488704253557,1.0,6.123233995736766e-17,Home Decor,Clock,2041.16,3211.11,517.0,537.0,506.0,,,,,522.0,,,13.441230102437347,,,,,0.0,0.0,0
SKU014,2025-03-10,7,441.0,0,0,0,0,No Promotion,3,1,2025,11,0.970941817426052,0.23931566428755804,1.0,6.123233995736766e-17,Home Decor,Clock,2041.16,3211.11,484.0,517.0,528.0,625.0,,,,516.5,533.125,,23.15887159024236,45.26568394332668,,,,0.0,0.0,0
SKU014,2025-03-17,7,637.0,4,0,1,0,Spring Sale,3,1,2025,12,0.992708874098054,0.120536680255323,1.0,6.123233995736766e-17,Home Decor,Clock,2041.16,3211.11,441.0,484.0,537.0,569.0,,,,494.75,510.125,,41.97122029835842,38.09175951379961,,,,494.75,0.5714285714285714,0
SKU014,2025-03-24,7,596.0,4,0,1,0,Spring Sale,3,1,2025,13,1.0,-1.6081226496766366e-16,1.0,6.123233995736766e-17,Home Decor,Clock,2041.16,3211.11,637.0,441.0,517.0,499.0,,,,519.75,518.625,,84.1323362328659,56.32796184590994,,,,519.75,0.5714285714285714,0
SKU014,2025-03-31,7,496.0,0,0,0,0,No Promotion,3,1,2025,14,0.992708874098054,-0.12053668025532288,1.0,6.123233995736766e-17,Home Decor,Clock,2041.16,3211.11,596.0,637.0,484.0,506.0,,,,539.5,530.75,,92.16109085002557,61.68526103188207,,,,0.0,0.0,0
SKU014,2025-04-07,7,504.0,0,0,0,0,No Promotion,4,2,2025,15,0.9709418174260521,-0.2393156642875575,0.8660254037844387,-0.4999999999999998,Home Decor,Clock,2041.16,3211.11,496.0,596.0,441.0,528.0,,,,542.5,529.5,,89.92033511206833,62.35612010288737,,,,0.0,0.0,0
SKU014,2025-04-14,7,532.0,0,0,0,0,No Promotion,4,2,2025,16,0.9350162426854148,-0.35460488704253545,0.8660254037844387,-0.4999999999999998,Home Decor,Clock,2041.16,3211.11,504.0,496.0,637.0,537.0,625.0,,,558.25,526.5,533.7692307692307,69.38960056569476,63.01247042111132,24.480769230769283,-7.269230769230717,0.04586395734255677,0.0,0.0,0
SKU014,2025-04-21,7,460.0,0,0,0,0,No Promotion,4,2,2025,17,0.8854560256532099,-0.4647231720437685,0.8660254037844387,-0.4999999999999998,Home Decor,Clock,2041.16,3211.11,532.0,504.0,596.0,517.0,569.0,,,532.0,525.875,526.6153846153846,45.372532072462825,62.91817248276867,5.384615384615358,-0.7403846153846416,0.01022494887525549,0.0,0.0,0
SKU014,2025-04-28,7,528.0,0,0,0,0,No Promotion,4,2,2025,18,0.8229838658936565,-0.5680647467311557,0.8660254037844387,-0.4999999999999998,Home Decor,Clock,2041.16,3211.11,460.0,532.0,496.0,484.0,499.0,,,498.0,518.75,518.2307692307693,29.664793948382673,67.15174713182928,-20.230769230769283,0.5192307692307168,-0.03903814754341706,0.0,0.0,0
SKU014,2025-05-05,7,476.0,0,0,0,0,No Promotion,5,2,2025,19,0.7485107481711013,-0.663122658240795,0.49999999999999994,-0.8660254037844387,Home Decor,Clock,2041.16,3211.11,528.0,460.0,504.0,441.0,506.0,,,506.0,524.25,520.4615384615385,33.065591380366,65.68485365744526,-14.461538461538453,3.788461538461547,-0.027785988767366265,0.0,0.0,0
SKU014,2025-05-12,7,507.0,0,0,0,0,No Promotion,5,2,2025,20,0.6631226582407952,-0.7485107481711012,0.49999999999999994,-0.8660254037844387,Home Decor,Clock,2041.16,3211.11,476.0,528.0,532.0,637.0,528.0,,,499.0,528.625,518.1538461538462,36.423435679060645,60.29199781065477,-19.15384615384619,10.471153846153811,-0.03696555819477443,0.0,0.0,0
SKU014,2025-05-19,7,515.0,0,0,0,0,No Promotion,5,2,2025,21,0.5680647467311558,-0.8229838658936564,0.49999999999999994,-0.8660254037844387,Home Decor,Clock,2041.16,3211.11,507.0,476.0,460.0,596.0,537.0,,,492.75,512.375,516.5384615384615,30.543684562715544,41.5002151457418,-23.788461538461547,-4.163461538461547,-0.04605361131794494,0.0,0.0,0
SKU014,2025-05-26,7,599.0,0,0,0,0,No Promotion,5,2,2025,22,0.46472317204376906,-0.8854560256532096,0.49999999999999994,-0.8660254037844387,Home Decor,Clock,2041.16,3211.11,515.0,507.0,528.0,496.0,517.0,,,506.5,502.25,514.8461538461538,22.098265391956318,24.638819545007188,-8.346153846153811,-12.596153846153811,-0.016210966681607597,0.0,0.0,0
SKU014,2025-06-02,7,569.0,0,0,0,0,No Promotion,6,2,2025,23,0.35460488704253584,-0.9350162426854147,1.2246467991473532e-16,-1.0,Home Decor,Clock,2041.16,3211.11,599.0,515.0,476.0,504.0,484.0,,,524.25,515.125,521.1538461538462,52.595151867829046,41.824249630362246,3.096153846153811,-6.028846153846189,0.005940959409594049,0.0,0.0,0
SKU014,2025-06-09,7,725.0,6,0,1,0,Summer Sale,6,2,2025,24,0.23931566428755768,-0.970941817426052,1.2246467991473532e-16,-1.0,Home Decor,Clock,2041.16,3211.11,569.0,599.0,507.0,532.0,441.0,,,547.5,523.25,527.6923076923077,44.01136216933077,45.50588658938219,19.807692307692264,-4.442307692307736,0.03753644314868798,547.5,0.8571428571428571,0
SKU014,2025-06-16,7,678.0,5,0,1,0,Summer Sale,6,2,2025,25,0.12053668025532308,-0.992708874098054,1.2246467991473532e-16,-1.0,Home Decor,Clock,2041.16,3211.11,725.0,569.0,515.0,460.0,637.0,,,602.0,547.375,549.5384615384615,89.06177631284928,84.90824880001774,52.46153846153845,-2.163461538461547,0.09546472564389696,602.0,0.7142857142857143,0
SKU014,2025-06-23,7,624.0,0,0,0,0,No Promotion,6,2,2025,26,-3.216245299353273e-16,-1.0,1.2246467991473532e-16,-1.0,Home Decor,Clock,2041.16,3211.11,678.0,725.0,599.0,528.0,596.0,,,642.75,574.625,552.6923076923077,71.55592218677641,87.79348739269575,90.05769230769226,21.932692307692264,0.1629436325678495,0.0,0.0,0
SKU014,2025-06-30,7,565.0,0,0,0,0,No Promotion,6,2,2025,27,-0.12053668025532283,-0.992708874098054,1.2246467991473532e-16,-1.0,Home Decor,Clock,2041.16,3211.11,624.0,678.0,569.0,476.0,496.0,,,649.0,586.625,554.8461538461538,67.43391827065466,87.06801528526009,94.15384615384619,31.77884615384619,0.1696936087619576,0.0,0.0,0
SKU014,2025-07-07,7,624.0,0,0,0,0,No Promotion,7,3,2025,28,-0.23931566428755743,-0.9709418174260521,-0.4999999999999997,-0.8660254037844388,Home Decor,Clock,2041.16,3211.11,565.0,624.0,725.0,507.0,504.0,,,648.0,597.75,560.1538461538462,69.02656493457187,75.8810158829504,87.84615384615381,37.59615384615381,0.15682504806371877,0.0,0.0,0
SKU014,2025-07-14,7,563.0,0,0,0,0,No Promotion,7,3,2025,29,-0.3546048870425356,-0.9350162426854148,-0.4999999999999997,-0.8660254037844388,Home Decor,Clock,2041.16,3211.11,624.0,565.0,678.0,515.0,532.0,625.0,,622.75,612.375,569.3846153846154,46.154631403576396,66.59887922694881,53.36538461538464,42.99038461538464,0.09372466900837617,0.0,0.0,0
SKU014,2025-07-21,7,616.0,0,0,0,0,No Promotion,7,3,2025,30,-0.46472317204376806,-0.8854560256532101,-0.4999999999999997,-0.8660254037844388,Home Decor,Clock,2041.16,3211.11,563.0,624.0,624.0,599.0,460.0,569.0,,594.0,618.375,571.7692307692307,34.650637319776216,58.206375448546375,22.230769230769283,46.60576923076928,0.038880667294497684,0.0,0.0,0
SKU014,2025-07-28,7,530.0,0,0,0,0,No Promotion,7,3,2025,31,-0.5680647467311556,-0.8229838658936566,-0.4999999999999997,-0.8660254037844388,Home Decor,Clock,2041.16,3211.11,616.0,563.0,565.0,569.0,528.0,499.0,,592.0,620.5,583.7692307692307,32.50640962435975,57.706152185014034,8.230769230769283,36.73076923076928,0.014099354328633629,0.0,0.0,0
SKU014,2025-08-04,7,638.0,0,0,0,0,No Promotion,8,3,2025,32,-0.663122658240795,-0.7485107481711013,-0.8660254037844385,-0.5000000000000004,Home Decor,Clock,2041.16,3211.11,530.0,616.0,624.0,725.0,476.0,506.0,,583.25,615.625,583.9230769230769,44.64209523159355,63.98423354903255,-0.6730769230769056,31.701923076923094,-0.0011526808062178873,0.0,0.0,0
SKU014,2025-08-11,7,583.0,0,1,0,1,No Promotion,8,3,2025,33,-0.7485107481711011,-0.6631226582407952,-0.8660254037844385,-0.5000000000000004,Home Decor,Clock,2041.16,3211.11,638.0,530.0,563.0,678.0,507.0,528.0,,586.75,604.75,596.3846153846154,49.21635906891124,48.180464327952905,-9.634615384615358,8.365384615384642,-0.01615503675996388,0.0,0.0,0
SKU014,2025-08-18,7,557.0,0,0,0,0,No Promotion,8,3,2025,34,-0.8229838658936564,-0.5680647467311559,-0.8660254037844385,-0.5000000000000004,Home Decor,Clock,2041.16,3211.11,583.0,638.0,616.0,624.0,515.0,537.0,,591.75,592.875,602.2307692307693,46.96363841668717,38.22653341780887,-10.480769230769283,-9.355769230769283,-0.017403244347937274,0.0,0.0,0
SKU014,2025-08-25,7,623.0,0,0,0,0,No Promotion,8,3,2025,35,-0.8854560256532096,-0.4647231720437691,-0.8660254037844385,-0.5000000000000004,Home Decor,Clock,2041.16,3211.11,557.0,583.0,530.0,565.0,599.0,517.0,,577.0,584.5,605.4615384615385,46.0651712251241,37.76998052119473,-28.461538461538453,-20.961538461538453,-0.04700800406555705,0.0,0.0,0
SKU014,2025-09-01,7,531.0,0,0,0,0,No Promotion,9,3,2025,36,-0.9350162426854147,-0.3546048870425359,-1.0,-1.8369701987210297e-16,Home Decor,Clock,2041.16,3211.11,623.0,557.0,638.0,624.0,569.0,484.0,,600.25,591.75,607.3076923076923,37.01688803775922,39.03752773202438,-7.057692307692264,-15.557692307692264,-0.011621279290690234,0.0,0.0,0
SKU014,2025-09-08,7,484.0,0,0,0,0,No Promotion,9,3,2025,37,-0.970941817426052,-0.23931566428755774,-1.0,-1.8369701987210297e-16,Home Decor,Clock,2041.16,3211.11,531.0,623.0,583.0,563.0,725.0,441.0,,573.5,580.125,604.3846153846154,39.2385864509244,41.81058478423855,-30.88461538461536,-24.25961538461536,-0.05110092910780195,0.0,0.0,0
SKU014,2025-09-15,7,460.0,0,0,0,0,No Promotion,9,3,2025,38,-0.992708874098054,-0.12053668025532357,-1.0,-1.8369701987210297e-16,Home Decor,Clock,2041.16,3211.11,484.0,531.0,557.0,616.0,678.0,637.0,,548.75,570.25,585.8461538461538,57.9906601675362,53.9887554430153,-37.09615384615381,-15.596153846153811,-0.0633206407563025,0.0,0.0,0
SKU014,2025-09-22,7,482.0,0,0,0,0,No Promotion,9,3,2025,39,-1.0,-1.8369701987210297e-16,-1.0,-1.8369701987210297e-16,Home Decor,Clock,2041.16,3211.11,460.0,484.0,623.0,530.0,624.0,596.0,,524.5,550.75,569.0769230769231,71.98379447255242,62.591076497715356,-44.576923076923094,-18.326923076923094,-0.07833198161665322,0.0,0.0,0
SKU014,2025-09-29,7,650.0,5,1,1,1,Festive Sale,9,3,2025,40,-0.992708874098054,0.1205366802553232,-1.0,-1.8369701987210297e-16,Home Decor,Clock,2041.16,3211.11,482.0,460.0,531.0,638.0,565.0,496.0,,489.25,544.75,558.1538461538462,29.881711240601156,67.0090612209594,-68.90384615384619,-13.403846153846189,-0.12344955898566712,489.25,0.7142857142857143,1
SKU014,2025-10-06,7,656.0,5,0,1,0,Festive Sale,10,4,2025,41,-0.9709418174260521,0.23931566428755738,-0.8660254037844386,0.5000000000000001,Home Decor,Clock,2041.16,3211.11,650.0,482.0,484.0,583.0,624.0,504.0,,519.0,546.25,564.6923076923077,88.00757543151235,69.4832970679182,-45.692307692307736,-18.442307692307736,-0.08091540662035157,519.0,0.7142857142857143,0
SKU014,2025-10-13,7,465.0,0,0,0,0,No Promotion,10,4,2025,42,-0.9350162426854148,0.35460488704253557,-0.8660254037844386,0.5000000000000001,Home Decor,Clock,2041.16,3211.11,656.0,650.0,460.0,557.0,563.0,532.0,,562.0,555.375,567.1538461538462,105.48933595392477,79.12365999768066,-5.153846153846189,-11.778846153846189,-0.009087210090872211,0.0,0.0,0
SKU014,2025-10-20,7,515.0,0,0,0,0,No Promotion,10,4,2025,43,-0.8854560256532101,0.464723172043768,-0.8660254037844386,0.5000000000000001,Home Decor,Clock,2041.16,3211.11,465.0,656.0,482.0,623.0,616.0,460.0,,563.25,543.875,559.6153846153846,103.89538007053059,85.29853038425858,3.6346153846153584,-15.740384615384642,0.006494845360824675,0.0,0.0,0
SKU014,2025-10-27,7,556.0,0,1,0,1,No Promotion,10,4,2025,44,-0.822983865893657,0.5680647467311548,-0.8660254037844386,0.5000000000000001,Home Decor,Clock,2041.16,3211.11,515.0,465.0,650.0,531.0,530.0,528.0,,571.5,530.375,551.8461538461538,96.32756614801396,79.32381645598538,19.65384615384619,-21.47115384615381,0.035614719821577934,0.0,0.0,0
SKU014,2025-11-03,7,517.0,0,0,0,0,No Promotion,11,4,2025,45,-0.7485107481711011,0.6631226582407952,-0.5000000000000004,0.8660254037844384,Home Decor,Clock,2041.16,3211.11,556.0,515.0,656.0,484.0,638.0,476.0,,548.0,533.5,553.8461538461538,81.04731128585743,79.84270250221458,-5.846153846153811,-20.34615384615381,-0.01055555555555554,0.0,0.0,0
SKU014,2025-11-10,7,490.0,0,0,0,0,No Promotion,11,4,2025,46,-0.6631226582407955,0.7485107481711007,-0.5000000000000004,0.8660254037844384,Home Decor,Clock,2041.16,3211.11,517.0,556.0,465.0,460.0,583.0,507.0,,513.25,537.625,544.5384615384615,37.294995195959906,77.74488958859519,-31.288461538461547,-6.913461538461547,-0.05745868060460524,0.0,0.0,0
SKU014,2025-11-17,7,585.0,4,0,1,0,Black Friday,11,4,2025,47,-0.5680647467311559,0.8229838658936564,-0.5000000000000004,0.8660254037844384,Home Decor,Clock,2041.16,3211.11,490.0,517.0,515.0,482.0,557.0,515.0,,519.5,541.375,537.3846153846154,27.25802634087813,74.10405329187948,-17.88461538461536,3.9903846153846416,-0.033280847409103864,519.5,0.5714285714285714,0
SKU014,2025-11-24,7,684.0,7,0,1,0,Black Friday,11,4,2025,48,-0.4647231720437684,0.88545602565321,-0.5000000000000004,0.8660254037844384,Home Decor,Clock,2041.16,3211.11,585.0,490.0,556.0,650.0,623.0,599.0,,537.0,554.25,539.5384615384615,41.92851058647332,71.20543719207322,-2.538461538461547,14.711538461538453,-0.0047048759623610215,537.0,1.0,0
SKU014,2025-12-01,7,573.0,0,0,0,0,No Promotion,12,4,2025,49,-0.35460488704253595,0.9350162426854147,-2.4492935982947064e-16,1.0,Home Decor,Clock,2041.16,3211.11,684.0,585.0,517.0,656.0,531.0,569.0,,569.0,558.5,544.2307692307693,86.46001002390261,78.38913918941286,24.769230769230717,14.269230769230717,0.04551236749116594,0.0,0.0,0
SKU014,2025-12-08,7,621.0,0,0,0,0,No Promotion,12,4,2025,50,-0.2393156642875578,0.970941817426052,-2.4492935982947064e-16,1.0,Home Decor,Clock,2041.16,3211.11,573.0,684.0,490.0,465.0,484.0,725.0,,583.0,548.125,547.4615384615385,79.48584779695067,68.5115996435223,35.53846153846155,0.6634615384615472,0.06491499227202469,0.0,0.0,0
SKU014,2025-12-15,7,778.0,7,0,1,0,Year End Sale,12,4,2025,51,-0.12053668025532363,0.992708874098054,-2.4492935982947064e-16,1.0,Home Decor,Clock,2041.16,3211.11,621.0,573.0,585.0,515.0,460.0,678.0,,615.75,567.625,558.0,49.862310415784044,63.48889104177427,57.75,9.625,0.103494623655914,615.75,1.0,0
SKU014,2025-12-22,7,810.0,7,1,1,1,Year End Sale,12,4,2025,52,6.432490598706546e-16,1.0,-2.4492935982947064e-16,1.0,Home Decor,Clock,2041.16,3211.11,778.0,621.0,684.0,556.0,482.0,624.0,,664.0,600.5,582.4615384615385,88.55506761332187,93.39470771179397,81.53846153846155,18.038461538461547,0.13998943475964087,664.0,1.0,1
SKU014,2025-12-29,7,708.0,3,0,1,0,Year End Sale,12,4,2025,1,0.12053668025532305,0.992708874098054,-2.4492935982947064e-16,1.0,Home Decor,Clock,2041.16,3211.11,810.0,778.0,573.0,517.0,650.0,565.0,,695.5,632.25,607.6923076923077,116.15076409563565,116.43729152270271,87.80769230769226,24.557692307692264,0.1444936708860758,695.5,0.42857142857142855,0
SKU014,2026-01-05,7,529.0,0,0,0,0,No Promotion,1,1,2026,2,0.23931566428755774,0.970941817426052,0.49999999999999994,0.8660254037844387,Home Decor,Clock,2041.16,3211.11,708.0,810.0,621.0,490.0,656.0,624.0,,729.25,656.125,612.1538461538462,83.79886634078055,108.75849720498033,117.09615384615381,43.97115384615381,0.19128549886906243,0.0,0.0,0
SKU014,2026-01-12,7,578.0,0,0,0,0,No Promotion,1,1,2026,3,0.3546048870425356,0.9350162426854148,0.49999999999999994,0.8660254037844387,Home Decor,Clock,2041.16,3211.11,529.0,708.0,778.0,585.0,465.0,563.0,625.0,706.25,661.0,602.3846153846154,125.60885053742565,100.83366784674935,103.86538461538464,58.61538461538464,0.17242370067679746,0.0,0.0,0
SKU014,2026-01-19,7,566.0,0,0,0,0,No Promotion,1,1,2026,4,0.4647231720437685,0.8854560256532099,0.49999999999999994,0.8660254037844387,Home Decor,Clock,2041.16,3211.11,578.0,529.0,810.0,684.0,515.0,616.0,569.0,656.25,660.125,611.0769230769231,127.3220981081708,101.6147310749213,45.173076923076906,49.048076923076906,0.07392371601208447,0.0,0.0,0
SKU014,2026-01-26,7,624.0,0,1,0,1,No Promotion,1,1,2026,5,0.5680647467311558,0.8229838658936564,0.49999999999999994,0.8660254037844387,Home Decor,Clock,2041.16,3211.11,566.0,578.0,708.0,573.0,556.0,530.0,499.0,595.25,645.375,615.0,78.0058758470583,106.11844797206562,-19.75,30.375,-0.032113821138211374,0.0,0.0,0
SKU014,2026-02-02,7,589.0,0,0,0,0,No Promotion,2,1,2026,6,0.6631226582407952,0.7485107481711011,0.8660254037844386,0.5000000000000001,Home Decor,Clock,2041.16,3211.11,624.0,566.0,529.0,621.0,517.0,638.0,506.0,574.25,651.75,620.2307692307693,39.17801254105002,102.62379284134288,-45.98076923076928,31.519230769230717,-0.0741349373682253,0.0,0.0,0
SKU014,2026-02-09,7,567.0,0,0,0,0,No Promotion,2,1,2026,7,0.7485107481711011,0.6631226582407953,0.8660254037844386,0.5000000000000001,Home Decor,Clock,2041.16,3211.11,589.0,624.0,578.0,778.0,490.0,583.0,528.0,589.25,647.75,625.7692307692307,24.998333277774183,104.5982108560453,-36.51923076923072,21.980769230769283,-0.058358942839581984,0.0,0.0,0
SKU014,2026-02-16,7,632.0,0,0,0,0,No Promotion,2,1,2026,8,0.8229838658936564,0.5680647467311559,0.8660254037844386,0.5000000000000001,Home Decor,Clock,2041.16,3211.11,567.0,589.0,566.0,810.0,585.0,557.0,537.0,586.5,621.375,631.6923076923077,27.16001963671367,93.0252461892546,-45.192307692307736,-10.317307692307736,-0.07154164637116422,0.0,0.0,0
SKU014,2026-02-23,7,567.0,0,0,0,0,No Promotion,2,1,2026,9,0.8854560256532099,0.4647231720437686,0.8660254037844386,0.5000000000000001,Home Decor,Clock,2041.16,3211.11,632.0,567.0,624.0,708.0,684.0,623.0,517.0,603.0,599.125,635.3076923076923,30.40833219146804,54.96606095712932,-32.307692307692264,-36.182692307692264,-0.05085361423901191,0.0,0.0,0
SKU014,2026-03-02,7,557.0,0,0,0,0,No Promotion,3,1,2026,10,0.9350162426854148,0.35460488704253557,1.0,6.123233995736766e-17,Home Decor,Clock,2041.16,3211.11,567.0,632.0,589.0,529.0,573.0,531.0,484.0,588.75,581.5,626.3076923076923,30.641747121642258,33.470669462765656,-37.557692307692264,-44.807692307692264,-0.059966838614590956,0.0,0.0,0
SKU014,2026-03-09,7,573.0,1,0,1,0,Spring Sale,3,1,2026,11,0.970941817426052,0.23931566428755804,1.0,6.123233995736766e-17,Home Decor,Clock,2041.16,3211.11,557.0,567.0,567.0,578.0,621.0,484.0,441.0,580.75,585.0,625.0769230769231,34.49033681095819,28.253950419113316,-44.326923076923094,-40.076923076923094,-0.0709143490031996,580.75,0.14285714285714285,0
SKU014,2026-03-16,7,730.0,7,0,1,0,Spring Sale,3,1,2026,12,0.992708874098054,0.120536680255323,1.0,6.123233995736766e-17,Home Decor,Clock,2041.16,3211.11,573.0,557.0,632.0,566.0,778.0,460.0,637.0,582.25,584.375,621.3846153846154,33.81690898549626,28.48527188365443,-39.13461538461536,-37.00961538461536,-0.06297969794503588,582.25,1.0,0
SKU014,2026-03-23,7,625.0,3,0,1,0,Spring Sale,3,1,2026,13,1.0,-1.6081226496766366e-16,1.0,6.123233995736766e-17,Home Decor,Clock,2041.16,3211.11,730.0,573.0,567.0,624.0,810.0,482.0,596.0,606.75,604.875,617.6923076923077,82.43128451423448,57.55354649616054,-10.942307692307736,-12.817307692307736,-0.017714819427148254,606.75,0.42857142857142855,0
SKU014,2026-03-30,7,570.0,0,0,0,0,No Promotion,3,1,2026,14,0.992708874098054,-0.12053668025532288,1.0,6.123233995736766e-17,Home Decor,Clock,2041.16,3211.11,625.0,730.0,557.0,589.0,708.0,650.0,496.0,621.25,605.0,603.4615384615385,78.09556112012176,57.602083295658666,17.788461538461547,1.5384615384615472,0.029477374123645594,0.0,0.0,0
SKU014,2026-04-06,7,550.0,0,0,0,0,No Promotion,4,2,2026,15,0.9709418174260521,-0.2393156642875575,0.8660254037844387,-0.4999999999999998,Home Decor,Clock,2041.16,3211.11,570.0,625.0,573.0,567.0,529.0,656.0,504.0,624.5,602.625,592.8461538461538,74.72839710132514,58.736548612062165,31.65384615384619,9.778846153846189,0.05339301933307383,0.0,0.0,0
SKU014,2026-04-13,7,553.0,0,0,0,0,No Promotion,4,2,2026,16,0.9350162426854148,-0.35460488704253545,0.8660254037844387,-0.4999999999999998,Home Decor,Clock,2041.16,3211.11,550.0,570.0,730.0,632.0,578.0,465.0,532.0,618.75,600.5,594.4615384615385,80.66132902450842,60.49084936701465,24.288461538461547,6.038461538461547,0.040857919254658315,0.0,0.0,0
SKU014,2026-04-20,7,544.0,0,0,0,0,No Promotion,4,2,2026,17,0.8854560256532099,-0.4647231720437685,0.8660254037844387,-0.4999999999999998,Home Decor,Clock,2041.16,3211.11,553.0,550.0,625.0,567.0,566.0,515.0,460.0,574.5,590.625,592.5384615384615,34.799425282610684,61.05954353860547,-18.038461538461547,-1.9134615384615472,-0.030442684668311015,0.0,0.0,0
SKU014,2026-04-27,7,583.0,0,0,0,0,No Promotion,4,2,2026,18,0.8229838658936565,-0.5680647467311557,0.8660254037844387,-0.4999999999999998,Home Decor,Clock,2041.16,3211.11,544.0,553.0,570.0,557.0,624.0,556.0,528.0,554.25,587.75,590.8461538461538,11.14674840480411,62.84618410964071,-36.59615384615381,-3.096153846153811,-0.06193854966801193,0.0,0.0,0
SKU014,2026-05-04,7,579.0,0,0,0,0,No Promotion,5,2,2026,19,0.7485107481711013,-0.663122658240795,0.49999999999999994,-0.8660254037844387,Home Decor,Clock,2041.16,3211.11,583.0,544.0,550.0,573.0,589.0,517.0,476.0,557.5,591.0,587.6923076923077,17.406895185529297,61.69047159581685,-30.192307692307736,3.307692307692264,-0.0513743455497383,0.0,0.0,0
SKU014,2026-05-11,7,630.0,0,0,0,0,No Promotion,5,2,2026,20,0.6631226582407952,-0.7485107481711012,0.49999999999999994,-0.8660254037844387,Home Decor,Clock,2041.16,3211.11,579.0,583.0,553.0,730.0,567.0,490.0,507.0,564.75,591.75,586.9230769230769,19.189841062395566,61.476476337353155,-22.173076923076906,4.826923076923094,-0.037778505897771875,0.0,0.0,0
SKU014,2026-05-18,7,563.0,0,0,0,0,No Promotion,5,2,2026,21,0.5680647467311558,-0.8229838658936564,0.49999999999999994,-0.8660254037844387,Home Decor,Clock,2041.16,3211.11,630.0,579.0,544.0,625.0,632.0,585.0,515.0,584.0,579.25,591.7692307692307,35.317606562921796,32.853571234450946,-7.769230769230717,-12.519230769230717,-0.01312881840634339,0.0,0.0,0
SKU014,2026-05-25,7,506.0,0,0,0,0,No Promotion,5,2,2026,22,0.46472317204376906,-0.8854560256532096,0.49999999999999994,-0.8660254037844387,Home Decor,Clock,2041.16,3211.11,563.0,630.0,583.0,570.0,567.0,684.0,599.0,588.75,571.5,586.4615384615385,28.82562517390855,27.375693076679738,2.288461538461547,-14.961538461538453,0.003902151101783824,0.0,0.0,0
SKU014,2026-06-01,7,682.0,0,0,0,0,No Promotion,6,2,2026,23,0.35460488704253584,-0.9350162426854147,1.2246467991473532e-16,-1.0,Home Decor,Clock,2041.16,3211.11,506.0,563.0,579.0,550.0,557.0,573.0,569.0,569.5,563.5,581.7692307692307,51.07184482014857,35.90065657974993,-12.269230769230717,-18.269230769230717,-0.02108951474282683,0.0,0.0,0
SKU014,2026-06-08,7,829.0,5,0,1,0,Summer Sale,6,2,2026,24,0.23931566428755768,-0.970941817426052,1.2246467991473532e-16,-1.0,Home Decor,Clock,2041.16,3211.11,682.0,506.0,630.0,553.0,573.0,621.0,725.0,595.25,580.0,591.3846153846154,76.89549184878571,54.38487184607761,3.8653846153846416,-11.384615384615358,0.0065361602497397975,595.25,0.7142857142857143,0
SKU014,2026-06-15,7,864.0,6,0,1,0,Summer Sale,6,2,2026,25,0.12053668025532308,-0.992708874098054,1.2246467991473532e-16,-1.0,Home Decor,Clock,2041.16,3211.11,829.0,682.0,563.0,544.0,730.0,778.0,678.0,645.0,614.5,611.0769230769231,142.91022823203852,101.73775812632901,33.923076923076906,3.4230769230769056,0.055513595166163165,645.0,0.8571428571428571,0
SKU014,2026-06-22,7,601.0,0,0,0,0,No Promotion,6,2,2026,26,-3.216245299353273e-16,-1.0,1.2246467991473532e-16,-1.0,Home Decor,Clock,2041.16,3211.11,864.0,829.0,506.0,583.0,625.0,810.0,624.0,720.25,654.5,621.3846153846154,163.15304675876166,129.24727131687206,98.86538461538464,33.11538461538464,0.15910497647932664,0.0,0.0,0
SKU015,2025-02-03,7,496.0,0,0,0,0,No Promotion,2,1,2025,6,0.6631226582407952,0.7485107481711011,0.8660254037844386,0.5000000000000001,Small Appliances,Toaster,910.63,1437.45,,,,,,,,,,,,,,,,,0.0,0
SKU015,2025-02-10,7,451.0,0,0,0,0,No Promotion,2,1,2025,7,0.7485107481711011,0.6631226582407953,0.8660254037844386,0.5000000000000001,Small Appliances,Toaster,910.63,1437.45,496.0,,,,,,,,,,,,,,,,0.0,0
SKU015,2025-02-17,7,475.0,0,0,0,0,No Promotion,2,1,2025,8,0.8229838658936564,0.5680647467311559,0.8660254037844386,0.5000000000000001,Small Appliances,Toaster,910.63,1437.45,451.0,496.0,,,,,,,,,,,,,,,0.0,0
SKU015,2025-02-24,7,504.0,0,0,0,0,No Promotion,2,1,2025,9,0.8854560256532099,0.4647231720437686,0.8660254037844386,0.5000000000000001,Small Appliances,Toaster,910.63,1437.45,475.0,451.0,,,,,,,,,,,,,,,0.0,0
SKU015,2025-03-03,7,475.0,0,0,0,0,No Promotion,3,1,2025,10,0.9350162426854148,0.35460488704253557,1.0,6.123233995736766e-17,Small Appliances,Toaster,910.63,1437.45,504.0,475.0,496.0,,,,,481.5,,,23.727621035409346,,,,,0.0,0.0,0
SKU015,2025-03-10,7,424.0,0,0,0,0,No Promotion,3,1,2025,11,0.970941817426052,0.23931566428755804,1.0,6.123233995736766e-17,Small Appliances,Toaster,910.63,1437.45,475.0,504.0,451.0,,,,,476.25,,,21.68524844220144,,,,,0.0,0.0,0
SKU015,2025-03-17,7,489.0,4,0,1,0,Spring Sale,3,1,2025,12,0.992708874098054,0.120536680255323,1.0,6.123233995736766e-17,Small Appliances,Toaster,910.63,1437.45,424.0,475.0,475.0,,,,,469.5,,,33.27160951922826,,,,,469.5,0.5714285714285714,0
SKU015,2025-03-24,7,402.0,4,0,1,0,Spring Sale,3,1,2025,13,1.0,-1.6081226496766366e-16,1.0,6.123233995736766e-17,Small Appliances,Toaster,910.63,1437.45,489.0,424.0,504.0,,,,,473.0,,,34.7467024814346,,,,,473.0,0.5714285714285714,0
SKU015,2025-03-31,7,418.0,0,0,0,0,No Promotion,3,1,2025,14,0.992708874098054,-0.12053668025532288,1.0,6.123233995736766e-17,Small Appliances,Toaster,910.63,1437.45,402.0,489.0,475.0,496.0,,,,447.5,464.5,,41.23509831846329,36.05947468122232,,,,0.0,0.0,0
SKU015,2025-04-07,7,481.0,0,0,0,0,No Promotion,4,2,2025,15,0.9709418174260521,-0.2393156642875575,0.8660254037844387,-0.4999999999999998,Small Appliances,Toaster,910.63,1437.45,418.0,402.0,424.0,451.0,,,,433.25,454.75,,38.3090502797098,36.861710680402666,,,,0.0,0.0,0
SKU015,2025-04-14,7,455.0,0,0,0,0,No Promotion,4,2,2025,16,0.9350162426854148,-0.35460488704253545,0.8660254037844387,-0.4999999999999998,Small Appliances,Toaster,910.63,1437.45,481.0,418.0,489.0,475.0,,,,447.5,458.5,,43.91279236547516,37.93603639210158,,,,0.0,0.0,0
SKU015,2025-04-21,7,481.0,0,0,0,0,No Promotion,4,2,2025,17,0.8854560256532099,-0.4647231720437685,0.8660254037844387,-0.4999999999999998,Small Appliances,Toaster,910.63,1437.45,455.0,481.0,402.0,504.0,,,,439.0,456.0,,35.73047252229765,37.347786318028824,,,,0.0,0.0,0
SKU015,2025-04-28,7,451.0,0,0,0,0,No Promotion,4,2,2025,18,0.8229838658936565,-0.5680647467311557,0.8660254037844387,-0.4999999999999998,Small Appliances,Toaster,910.63,1437.45,481.0,455.0,418.0,475.0,,,,458.75,453.125,,29.803523281652478,33.84602740985372,,,,0.0,0.0,0
SKU015,2025-05-05,7,467.0,0,0,0,0,No Promotion,5,2,2025,19,0.7485107481711013,-0.663122658240795,0.49999999999999994,-0.8660254037844387,Small Appliances,Toaster,910.63,1437.45,451.0,481.0,481.0,424.0,496.0,,,467.0,450.125,461.6923076923077,16.248076809271964,32.67343831659852,5.307692307692321,-11.56730769230768,0.011496167944018643,0.0,0.0,0
SKU015,2025-05-12,7,490.0,0,0,0,0,No Promotion,5,2,2025,20,0.6631226582407952,-0.7485107481711012,0.49999999999999994,-0.8660254037844387,Small Appliances,Toaster,910.63,1437.45,467.0,451.0,455.0,489.0,451.0,,,463.5,455.5,459.46153846153845,13.503086067019444,31.268423140834646,4.038461538461547,-3.961538461538453,0.00878955298844808,0.0,0.0,0
SKU015,2025-05-19,7,408.0,0,0,0,0,No Promotion,5,2,2025,21,0.5680647467311558,-0.8229838658936564,0.49999999999999994,-0.8660254037844387,Small Appliances,Toaster,910.63,1437.45,490.0,467.0,481.0,402.0,475.0,,,472.25,455.625,462.46153846153845,17.036725037400863,31.423092054820323,9.788461538461547,-6.836538461538453,0.021166001330672035,0.0,0.0,0
SKU015,2025-05-26,7,479.0,0,0,0,0,No Promotion,5,2,2025,22,0.46472317204376906,-0.8854560256532096,0.49999999999999994,-0.8660254037844387,Small Appliances,Toaster,910.63,1437.45,408.0,490.0,451.0,418.0,504.0,,,454.0,456.375,457.3076923076923,34.592870170985634,29.999702379476044,-3.307692307692321,-0.9326923076923208,-0.007232968881413004,0.0,0.0,0
SKU015,2025-06-02,7,535.0,0,0,0,0,No Promotion,6,2,2025,23,0.35460488704253584,-0.9350162426854147,1.2246467991473532e-16,-1.0,Small Appliances,Toaster,910.63,1437.45,479.0,408.0,467.0,481.0,475.0,,,461.0,464.0,455.38461538461536,36.56045222185672,26.387226346960254,5.615384615384642,8.615384615384642,0.012331081081081052,0.0,0.0,0
SKU015,2025-06-09,7,712.0,6,0,1,0,Summer Sale,6,2,2025,24,0.23931566428755768,-0.970941817426052,1.2246467991473532e-16,-1.0,Small Appliances,Toaster,910.63,1437.45,535.0,479.0,490.0,455.0,424.0,,,478.0,470.75,460.0,52.580097628919134,36.37404883390669,18.0,10.75,0.03913043478260869,478.0,0.8571428571428571,0
SKU015,2025-06-16,7,545.0,5,0,1,0,Summer Sale,6,2,2025,25,0.12053668025532308,-0.992708874098054,1.2246467991473532e-16,-1.0,Small Appliances,Toaster,910.63,1437.45,712.0,535.0,408.0,481.0,489.0,,,533.5,502.875,482.15384615384613,129.85248040244232,91.77524954240894,51.34615384615387,20.721153846153868,0.10649329929802165,533.5,0.7142857142857143,0
SKU015,2025-06-23,7,547.0,0,0,0,0,No Promotion,6,2,2025,26,-3.216245299353273e-16,-1.0,1.2246467991473532e-16,-1.0,Small Appliances,Toaster,910.63,1437.45,545.0,712.0,479.0,451.0,402.0,,,567.75,510.875,486.46153846153845,100.45687300196703,92.38342074512846,81.28846153846155,24.413461538461547,0.1671015180265656,0.0,0.0,0
SKU015,2025-06-30,7,488.0,0,0,0,0,No Promotion,6,2,2025,27,-0.12053668025532283,-0.992708874098054,1.2246467991473532e-16,-1.0,Small Appliances,Toaster,910.63,1437.45,547.0,545.0,535.0,467.0,418.0,,,584.75,522.875,497.61538461538464,84.995588120796,89.69063894457281,87.13461538461536,25.25961538461536,0.1751043437934765,0.0,0.0,0
SKU015,2025-07-07,7,554.0,0,0,0,0,No Promotion,7,3,2025,28,-0.23931566428755743,-0.9709418174260521,-0.4999999999999997,-0.8660254037844388,Small Appliances,Toaster,910.63,1437.45,488.0,547.0,712.0,490.0,481.0,,,573.0,525.5,503.0,96.61952873686215,88.1151843571,70.0,22.5,0.13916500994035785,0.0,0.0,0
SKU015,2025-07-14,7,513.0,0,0,0,0,No Promotion,7,3,2025,29,-0.3546048870425356,-0.9350162426854148,-0.4999999999999997,-0.8660254037844388,Small Appliances,Toaster,910.63,1437.45,554.0,488.0,545.0,408.0,455.0,,,533.5,533.5,508.61538461538464,30.57776970284124,87.33351508523441,24.88461538461536,24.88461538461536,0.04892619479733806,0.0,0.0,0
SKU015,2025-07-21,7,486.0,0,0,0,0,No Promotion,7,3,2025,30,-0.46472317204376806,-0.8854560256532101,-0.4999999999999997,-0.8660254037844388,Small Appliances,Toaster,910.63,1437.45,513.0,554.0,547.0,479.0,481.0,,,525.5,546.625,513.0769230769231,30.751693720292256,72.38969441255344,12.423076923076906,33.548076923076906,0.024212893553223314,0.0,0.0,0
SKU015,2025-07-28,7,492.0,0,0,0,0,No Promotion,7,3,2025,31,-0.5680647467311556,-0.8229838658936566,-0.4999999999999997,-0.8660254037844388,Small Appliances,Toaster,910.63,1437.45,486.0,513.0,488.0,535.0,451.0,,,510.25,547.5,513.4615384615385,31.647801398096036,71.49225732303373,-3.211538461538453,34.03846153846155,-0.006254681647940075,0.0,0.0,0
SKU015,2025-08-04,7,548.0,0,0,0,0,No Promotion,8,3,2025,32,-0.663122658240795,-0.7485107481711013,-0.8660254037844385,-0.5000000000000004,Small Appliances,Toaster,910.63,1437.45,492.0,486.0,554.0,712.0,467.0,496.0,,511.25,542.125,516.6153846153846,30.761176830543985,74.13392803375723,-5.365384615384642,25.50961538461536,-0.010385646217986988,0.0,0.0,0
SKU015,2025-08-11,7,585.0,0,1,0,1,No Promotion,8,3,2025,33,-0.7485107481711011,-0.6631226582407952,-0.8660254037844385,-0.5000000000000004,Small Appliances,Toaster,910.63,1437.45,548.0,492.0,513.0,545.0,490.0,451.0,,509.75,521.625,522.8461538461538,28.00446392988082,29.966350175774647,-13.096153846153811,-1.2211538461538112,-0.025047815212593694,0.0,0.0,0
SKU015,2025-08-18,7,533.0,0,0,0,0,No Promotion,8,3,2025,34,-0.8229838658936564,-0.5680647467311559,-0.8660254037844385,-0.5000000000000004,Small Appliances,Toaster,910.63,1437.45,585.0,548.0,486.0,547.0,408.0,475.0,,527.75,526.625,530.1538461538462,47.28900506460245,36.9475980274768,-2.403846153846189,-3.528846153846189,-0.004534242600116145,0.0,0.0,0
SKU015,2025-08-25,7,503.0,0,0,0,0,No Promotion,8,3,2025,35,-0.8854560256532096,-0.4647231720437691,-0.8660254037844385,-0.5000000000000004,Small Appliances,Toaster,910.63,1437.45,533.0,585.0,492.0,488.0,479.0,504.0,,539.5,524.875,539.7692307692307,38.47510017314223,36.168010727713614,-0.26923076923071676,-14.894230769230717,-0.0004987886561207411,0.0,0.0,0
SKU015,2025-09-01,7,442.0,0,0,0,0,No Promotion,9,3,2025,36,-0.9350162426854147,-0.3546048870425359,-1.0,-1.8369701987210297e-16,Small Appliances,Toaster,910.63,1437.45,503.0,533.0,548.0,554.0,535.0,475.0,,542.25,526.75,541.6153846153846,34.09178786746151,34.32512615729611,0.6346153846153584,-14.865384615384642,0.0011717085641242964,0.0,0.0,0
SKU015,2025-09-08,7,459.0,0,0,0,0,No Promotion,9,3,2025,37,-0.970941817426052,-0.23931566428755774,-1.0,-1.8369701987210297e-16,Small Appliances,Toaster,910.63,1437.45,442.0,503.0,585.0,513.0,712.0,424.0,,515.75,512.75,534.4615384615385,59.70692310500235,43.29219659146773,-18.711538461538453,-21.711538461538453,-0.03501007484168106,0.0,0.0,0
SKU015,2025-09-15,7,424.0,0,0,0,0,No Promotion,9,3,2025,38,-0.992708874098054,-0.12053668025532357,-1.0,-1.8369701987210297e-16,Small Appliances,Toaster,910.63,1437.45,459.0,442.0,533.0,486.0,545.0,489.0,,484.25,506.0,515.0,41.435693148138164,47.27427569891627,-30.75,-9.0,-0.05970873786407771,0.0,0.0,0
SKU015,2025-09-22,7,451.0,0,0,0,0,No Promotion,9,3,2025,39,-1.0,-1.8369701987210297e-16,-1.0,-1.8369701987210297e-16,Small Appliances,Toaster,910.63,1437.45,424.0,459.0,503.0,492.0,547.0,402.0,,457.0,498.25,505.6923076923077,33.83292282181166,55.40435774506242,-48.69230769230768,-7.442307692307679,-0.09628840888348034,0.0,0.0,0
SKU015,2025-09-29,7,642.0,5,1,1,1,Festive Sale,9,3,2025,40,-0.992708874098054,0.1205366802553232,-1.0,-1.8369701987210297e-16,Small Appliances,Toaster,910.63,1437.45,451.0,424.0,442.0,548.0,488.0,418.0,,444.0,493.125,498.3076923076923,15.033296378372835,57.90494057381582,-54.30769230769232,-5.182692307692321,-0.1089842543995061,444.0,0.7142857142857143,1
SKU015,2025-10-06,7,578.0,5,0,1,0,Festive Sale,10,4,2025,41,-0.9709418174260521,0.23931566428755738,-0.8660254037844386,0.5000000000000001,Small Appliances,Toaster,910.63,1437.45,642.0,451.0,459.0,585.0,554.0,481.0,,494.0,504.875,510.15384615384613,99.79645952303784,77.01472493713692,-16.153846153846132,-5.278846153846132,-0.031664656212303965,494.0,0.7142857142857143,0
SKU015,2025-10-13,7,462.0,0,0,0,0,No Promotion,10,4,2025,42,-0.9350162426854148,0.35460488704253557,-0.8660254037844386,0.5000000000000001,Small Appliances,Toaster,910.63,1437.45,578.0,642.0,424.0,533.0,513.0,455.0,,523.75,504.0,512.0,103.55151696941316,76.00751842510621,11.75,-8.0,0.02294921875,0.0,0.0,0
SKU015,2025-10-20,7,970.0,0,0,0,0,No Promotion,10,4,2025,43,-0.8854560256532101,0.464723172043768,-0.8660254037844386,0.5000000000000001,Small Appliances,Toaster,910.63,1437.45,462.0,578.0,451.0,503.0,486.0,481.0,,533.25,495.125,508.0769230769231,92.50360353341195,76.28225313175498,25.173076923076906,-12.951923076923094,0.049545798637395944,0.0,0.0,0
SKU015,2025-10-27,7,479.0,0,1,0,1,No Promotion,10,4,2025,44,-0.822983865893657,0.5680647467311548,-0.8660254037844386,0.5000000000000001,Small Appliances,Toaster,910.63,1437.45,970.0,462.0,642.0,442.0,492.0,451.0,,663.0,553.5,545.3076923076923,217.80419340927912,184.74538463208535,117.69230769230774,8.192307692307736,0.2158273381294964,0.0,0.0,0
SKU015,2025-11-03,7,503.0,0,0,0,0,No Promotion,11,4,2025,45,-0.7485107481711011,0.6631226582407952,-0.5000000000000004,0.8660254037844384,Small Appliances,Toaster,910.63,1437.45,479.0,970.0,578.0,459.0,548.0,467.0,,622.25,558.125,544.3076923076923,237.4087544019105,181.99798860740984,77.94230769230774,13.817307692307736,0.1431953080836632,0.0,0.0,0
SKU015,2025-11-10,7,419.0,0,0,0,0,No Promotion,11,4,2025,46,-0.6631226582407955,0.7485107481711007,-0.5000000000000004,0.8660254037844384,Small Appliances,Toaster,910.63,1437.45,503.0,479.0,462.0,424.0,585.0,490.0,,603.5,563.625,540.8461538461538,244.91154865923875,179.21809339461242,62.65384615384619,22.77884615384619,0.11584411890200541,0.0,0.0,0
SKU015,2025-11-17,7,606.0,4,0,1,0,Black Friday,11,4,2025,47,-0.5680647467311559,0.8229838658936564,-0.5000000000000004,0.8660254037844384,Small Appliances,Toaster,910.63,1437.45,419.0,503.0,970.0,451.0,533.0,408.0,,592.75,563.0,528.0769230769231,253.9689941705483,179.7824081652994,64.6730769230769,34.923076923076906,0.12246904588492358,592.75,0.5714285714285714,0
SKU015,2025-11-24,7,619.0,7,0,1,0,Black Friday,11,4,2025,48,-0.4647231720437684,0.88545602565321,-0.5000000000000004,0.8660254037844384,Small Appliances,Toaster,910.63,1437.45,606.0,419.0,479.0,642.0,503.0,479.0,,501.75,582.375,533.6923076923077,77.96313231265147,174.25509830623125,-31.942307692307736,48.682692307692264,-0.0598515422311906,501.75,1.0,0
SKU015,2025-12-01,7,528.0,0,0,0,0,No Promotion,12,4,2025,49,-0.35460488704253595,0.9350162426854147,-2.4492935982947064e-16,1.0,Small Appliances,Toaster,910.63,1437.45,619.0,606.0,503.0,578.0,442.0,535.0,,536.75,579.5,542.6153846153846,94.10056677122975,173.3180396183354,-5.865384615384642,36.88461538461536,-0.010809469804366367,0.0,0.0,0
SKU015,2025-12-08,7,498.0,0,0,0,0,No Promotion,12,4,2025,50,-0.2393156642875578,0.970941817426052,-2.4492935982947064e-16,1.0,Small Appliances,Toaster,910.63,1437.45,528.0,619.0,419.0,462.0,459.0,712.0,,543.0,573.25,549.2307692307693,91.91662889089584,174.27871765815655,-6.230769230769283,24.019230769230717,-0.011344537815126121,0.0,0.0,0
SKU015,2025-12-15,7,713.0,7,0,1,0,Year End Sale,12,4,2025,51,-0.12053668025532363,0.992708874098054,-2.4492935982947064e-16,1.0,Small Appliances,Toaster,910.63,1437.45,498.0,528.0,606.0,970.0,424.0,545.0,,562.75,577.75,552.2307692307693,58.97669031066426,171.4374104864097,10.519230769230717,25.519230769230717,0.019048614013093657,562.75,1.0,0
SKU015,2025-12-22,7,713.0,7,1,1,1,Year End Sale,12,4,2025,52,6.432490598706546e-16,1.0,-2.4492935982947064e-16,1.0,Small Appliances,Toaster,910.63,1437.45,713.0,498.0,619.0,479.0,451.0,547.0,,589.5,545.625,574.4615384615385,97.08587264204131,94.0454867148264,15.038461538461547,-28.836538461538453,0.026178361006963025,589.5,1.0,1
SKU015,2025-12-29,7,597.0,3,0,1,0,Year End Sale,12,4,2025,1,0.12053668025532305,0.992708874098054,-2.4492935982947064e-16,1.0,Small Appliances,Toaster,910.63,1437.45,713.0,713.0,528.0,503.0,642.0,488.0,,613.0,574.875,594.6153846153846,116.11775632233571,105.99385089981142,18.38461538461536,-19.74038461538464,0.030918499353169482,613.0,0.42857142857142855,0
SKU015,2026-01-05,7,475.0,0,0,0,0,No Promotion,1,1,2026,2,0.23931566428755774,0.970941817426052,0.49999999999999994,0.8660254037844387,Small Appliances,Toaster,910.63,1437.45,597.0,713.0,498.0,419.0,578.0,554.0,,630.25,586.625,591.1538461538462,103.74769073735249,102.02371923094313,39.09615384615381,-4.528846153846189,0.066135328562134,0.0,0.0,0
SKU015,2026-01-12,7,536.0,0,0,0,0,No Promotion,1,1,2026,3,0.3546048870425356,0.9350162426854148,0.49999999999999994,0.8660254037844387,Small Appliances,Toaster,910.63,1437.45,475.0,597.0,713.0,606.0,462.0,513.0,,624.5,593.625,583.2307692307693,113.68230586448652,90.10460191196849,41.26923076923072,10.394230769230717,0.070759694012134,0.0,0.0,0
SKU015,2026-01-19,7,492.0,0,0,0,0,No Promotion,1,1,2026,4,0.4647231720437685,0.8854560256532099,0.49999999999999994,0.8660254037844387,Small Appliances,Toaster,910.63,1437.45,536.0,475.0,713.0,619.0,970.0,486.0,,580.25,584.875,588.9230769230769,101.5525315620771,92.10775909614951,-8.673076923076906,-4.048076923076906,-0.014727011494252817,0.0,0.0,0
SKU015,2026-01-26,7,596.0,0,1,0,1,No Promotion,1,1,2026,5,0.5680647467311558,0.8229838658936564,0.49999999999999994,0.8660254037844387,Small Appliances,Toaster,910.63,1437.45,492.0,536.0,597.0,528.0,479.0,492.0,,525.0,569.0,552.1538461538462,54.448752664011195,96.2378007111255,-27.15384615384619,16.84615384615381,-0.049178044023404865,0.0,0.0,0
SKU015,2026-02-02,7,443.0,0,0,0,0,No Promotion,2,1,2026,6,0.6631226582407952,0.7485107481711011,0.8660254037844386,0.5000000000000001,Small Appliances,Toaster,910.63,1437.45,596.0,492.0,475.0,498.0,503.0,548.0,496.0,524.75,577.5,561.1538461538462,54.00848698738622,95.09544078000208,-36.40384615384619,16.34615384615381,-0.06487320082248116,0.0,0.0,0
SKU015,2026-02-09,7,502.0,0,0,0,0,No Promotion,2,1,2026,7,0.7485107481711011,0.6631226582407953,0.8660254037844386,0.5000000000000001,Small Appliances,Toaster,910.63,1437.45,443.0,596.0,536.0,713.0,419.0,585.0,451.0,516.75,570.625,556.5384615384615,65.07111494357538,103.29837158168851,-39.78846153846155,14.086538461538453,-0.07149274360746372,0.0,0.0,0
SKU015,2026-02-16,7,530.0,0,0,0,0,No Promotion,2,1,2026,8,0.8229838658936564,0.5680647467311559,0.8660254037844386,0.5000000000000001,Small Appliances,Toaster,910.63,1437.45,502.0,443.0,492.0,713.0,606.0,533.0,475.0,508.25,544.25,562.9230769230769,63.92899707227282,87.47856880402202,-54.673076923076906,-18.673076923076906,-0.09712353101940419,0.0,0.0,0
SKU015,2026-02-23,7,539.0,0,0,0,0,No Promotion,2,1,2026,9,0.8854560256532099,0.4647231720437686,0.8660254037844386,0.5000000000000001,Small Appliances,Toaster,910.63,1437.45,530.0,502.0,596.0,597.0,619.0,503.0,504.0,517.75,521.375,557.0769230769231,63.53148825582477,54.91275547890237,-39.326923076923094,-35.701923076923094,-0.07059513946423646,0.0,0.0,0
SKU015,2026-03-02,7,527.0,0,0,0,0,No Promotion,3,1,2026,10,0.9350162426854148,0.35460488704253557,1.0,6.123233995736766e-17,Small Appliances,Toaster,910.63,1437.45,539.0,530.0,443.0,475.0,528.0,442.0,475.0,503.5,514.125,550.9230769230769,43.30127018922194,46.7193367736683,-47.423076923076906,-36.798076923076906,-0.08607930745601788,0.0,0.0,0
SKU015,2026-03-09,7,499.0,1,0,1,0,Spring Sale,3,1,2026,11,0.970941817426052,0.23931566428755804,1.0,6.123233995736766e-17,Small Appliances,Toaster,910.63,1437.45,527.0,539.0,502.0,536.0,498.0,459.0,424.0,524.5,520.625,550.8461538461538,15.842979517754902,44.038741061544016,-26.34615384615381,-30.22115384615381,-0.04782851557045098,524.5,0.14285714285714285,0
SKU015,2026-03-16,7,658.0,7,0,1,0,Spring Sale,3,1,2026,12,0.992708874098054,0.120536680255323,1.0,6.123233995736766e-17,Small Appliances,Toaster,910.63,1437.45,499.0,527.0,530.0,492.0,713.0,424.0,489.0,523.75,516.0,550.9230769230769,17.26991603917058,44.136152981427905,-27.173076923076906,-34.923076923076906,-0.04932281485618539,523.75,1.0,0
SKU015,2026-03-23,7,533.0,3,0,1,0,Spring Sale,3,1,2026,13,1.0,-1.6081226496766366e-16,1.0,6.123233995736766e-17,Small Appliances,Toaster,910.63,1437.45,658.0,499.0,539.0,596.0,713.0,451.0,402.0,555.75,536.75,546.6923076923077,70.19674731305814,65.2243381393349,9.057692307692264,-9.942307692307736,0.01656817222456719,555.75,0.42857142857142855,0
SKU015,2026-03-30,7,502.0,0,0,0,0,No Promotion,3,1,2026,14,0.992708874098054,-0.12053668025532288,1.0,6.123233995736766e-17,Small Appliances,Toaster,910.63,1437.45,533.0,658.0,527.0,443.0,597.0,642.0,418.0,554.25,528.875,532.8461538461538,70.73601157354955,60.6946396785935,21.40384615384619,-3.971153846153811,0.04016890428757036,0.0,0.0,0
SKU015,2026-04-06,7,477.0,0,0,0,0,No Promotion,4,2,2026,15,0.9709418174260521,-0.2393156642875575,0.8660254037844387,-0.4999999999999998,Small Appliances,Toaster,910.63,1437.45,502.0,533.0,499.0,502.0,475.0,578.0,481.0,548.0,536.25,525.5384615384615,74.92663077971679,51.685173336820256,22.461538461538453,10.711538461538453,0.042740046838407375,0.0,0.0,0
SKU015,2026-04-13,7,547.0,0,0,0,0,No Promotion,4,2,2026,16,0.9350162426854148,-0.35460488704253545,0.8660254037844387,-0.4999999999999998,Small Appliances,Toaster,910.63,1437.45,477.0,502.0,658.0,530.0,536.0,462.0,455.0,542.5,533.125,525.6923076923077,80.33471644729113,54.718598300760696,16.807692307692264,7.432692307692264,0.03197249048873263,0.0,0.0,0
SKU015,2026-04-20,7,525.0,0,0,0,0,No Promotion,4,2,2026,17,0.8854560256532099,-0.4647231720437685,0.8660254037844387,-0.4999999999999998,Small Appliances,Toaster,910.63,1437.45,547.0,477.0,533.0,539.0,492.0,970.0,481.0,514.75,535.25,526.5384615384615,31.41522985220177,54.909666075941864,-11.788461538461547,8.711538461538453,-0.022388604821037217,0.0,0.0,0
SKU015,2026-04-27,7,572.0,0,0,0,0,No Promotion,4,2,2026,18,0.8229838658936565,-0.5680647467311557,0.8660254037844387,-0.4999999999999998,Small Appliances,Toaster,910.63,1437.45,525.0,547.0,502.0,527.0,596.0,479.0,451.0,512.75,533.5,529.0769230769231,30.092911679220006,54.996103758097625,-16.326923076923094,4.423076923076906,-0.0308592614132015,0.0,0.0,0
SKU015,2026-05-04,7,523.0,0,0,0,0,No Promotion,5,2,2026,19,0.7485107481711013,-0.663122658240795,0.49999999999999994,-0.8660254037844387,Small Appliances,Toaster,910.63,1437.45,572.0,525.0,477.0,499.0,443.0,503.0,467.0,530.25,539.125,527.2307692307693,40.35983977503712,56.5165904845649,3.0192307692307168,11.894230769230717,0.00572658301721618,0.0,0.0,0
SKU015,2026-05-11,7,462.0,0,0,0,0,No Promotion,5,2,2026,20,0.6631226582407952,-0.7485107481711012,0.49999999999999994,-0.8660254037844387,Small Appliances,Toaster,910.63,1437.45,523.0,572.0,547.0,658.0,502.0,419.0,490.0,541.75,542.125,533.3846153846154,22.911059920192876,54.68987239752124,8.365384615384642,8.740384615384642,0.01568358811652737,0.0,0.0,0
SKU015,2026-05-18,7,495.0,0,0,0,0,No Promotion,5,2,2026,21,0.5680647467311558,-0.8229838658936564,0.49999999999999994,-0.8660254037844387,Small Appliances,Toaster,910.63,1437.45,462.0,523.0,525.0,533.0,530.0,606.0,408.0,520.5,517.625,530.3076923076923,45.09619348311638,36.11069291577149,-9.807692307692264,-12.682692307692264,-0.01849434290687546,0.0,0.0,0
SKU015,2026-05-25,7,559.0,0,0,0,0,No Promotion,5,2,2026,22,0.46472317204376906,-0.8854560256532096,0.49999999999999994,-0.8660254037844387,Small Appliances,Toaster,910.63,1437.45,495.0,462.0,572.0,502.0,539.0,619.0,479.0,513.0,512.875,527.6153846153846,46.56894530335284,36.29812076993211,-14.615384615384642,-14.740384615384642,-0.027700831024930817,0.0,0.0,0
SKU015,2026-06-01,7,608.0,0,0,0,0,No Promotion,6,2,2026,23,0.35460488704253584,-0.9350162426854147,1.2246467991473532e-16,-1.0,Small Appliances,Toaster,910.63,1437.45,559.0,495.0,523.0,477.0,527.0,528.0,535.0,509.75,520.0,529.1538461538462,41.22600312100768,39.32647236368189,-19.40384615384619,-9.153846153846189,-0.03666957406599802,0.0,0.0,0
SKU015,2026-06-08,7,677.0,5,0,1,0,Summer Sale,6,2,2026,24,0.23931566428755768,-0.970941817426052,1.2246467991473532e-16,-1.0,Small Appliances,Toaster,910.63,1437.45,608.0,559.0,462.0,547.0,499.0,498.0,712.0,531.0,536.375,535.3846153846154,65.2431350156219,45.63187325919098,-4.384615384615358,0.9903846153846416,-0.008189655172413768,531.0,0.7142857142857143,0
SKU015,2026-06-15,7,737.0,6,0,1,0,Summer Sale,6,2,2026,25,0.12053668025532308,-0.992708874098054,1.2246467991473532e-16,-1.0,Small Appliances,Toaster,910.63,1437.45,677.0,608.0,495.0,525.0,658.0,713.0,545.0,584.75,552.625,549.0769230769231,76.96048769769244,67.74518960255207,35.673076923076906,3.5480769230769056,0.06496917904174837,584.75,0.8571428571428571,0
SKU015,2026-06-22,7,682.0,0,0,0,0,No Promotion,6,2,2026,26,-3.216245299353273e-16,-1.0,1.2246467991473532e-16,-1.0,Small Appliances,Toaster,910.63,1437.45,737.0,677.0,559.0,572.0,533.0,713.0,547.0,645.25,579.125,555.1538461538462,78.00160254764003,92.38032799248995,90.09615384615381,23.97115384615381,0.16229042538450877,0.0,0.0,0
SKU016,2025-01-06,7,770.0,3,0,1,0,New Year Sale,1,1,2025,2,0.23931566428755774,0.970941817426052,0.49999999999999994,0.8660254037844387,Office,Organizer,1366.47,2416.11,,,,,,,,,,,,,,,,,0.42857142857142855,0
SKU016,2025-01-13,7,761.0,3,0,1,0,New Year Sale,1,1,2025,3,0.3546048870425356,0.9350162426854148,0.49999999999999994,0.8660254037844387,Office,Organizer,1366.47,2416.11,770.0,,,,,,,,,,,,,,,,0.42857142857142855,0
SKU016,2025-01-20,7,576.0,0,1,0,1,No Promotion,1,1,2025,4,0.4647231720437685,0.8854560256532099,0.49999999999999994,0.8660254037844387,Office,Organizer,1366.47,2416.11,761.0,770.0,,,,,,,,,,,,,,,0.0,0
SKU016,2025-01-27,7,646.0,0,0,0,0,No Promotion,1,1,2025,5,0.5680647467311558,0.8229838658936564,0.49999999999999994,0.8660254037844387,Office,Organizer,1366.47,2416.11,576.0,761.0,,,,,,,,,,,,,,,0.0,0
SKU016,2025-02-03,7,646.0,0,0,0,0,No Promotion,2,1,2025,6,0.6631226582407952,0.7485107481711011,0.8660254037844386,0.5000000000000001,Office,Organizer,1366.47,2416.11,646.0,576.0,770.0,,,,,688.25,,,93.73855485693531,,,,,0.0,0.0,0
SKU016,2025-02-10,7,646.0,0,0,0,0,No Promotion,2,1,2025,7,0.7485107481711011,0.6631226582407953,0.8660254037844386,0.5000000000000001,Office,Organizer,1366.47,2416.11,646.0,646.0,761.0,,,,,657.25,,,76.63495721057507,,,,,0.0,0.0,0
SKU016,2025-02-17,7,601.0,0,0,0,0,No Promotion,2,1,2025,8,0.8229838658936564,0.5680647467311559,0.8660254037844386,0.5000000000000001,Office,Organizer,1366.47,2416.11,646.0,646.0,576.0,,,,,628.5,,,35.000000000000036,,,,,0.0,0.0,0
SKU016,2025-02-24,7,608.0,0,0,0,0,No Promotion,2,1,2025,9,0.8854560256532099,0.4647231720437686,0.8660254037844386,0.5000000000000001,Office,Organizer,1366.47,2416.11,601.0,646.0,646.0,,,,,634.75,,,22.500000000000053,,,,,0.0,0.0,0
SKU016,2025-03-03,7,546.0,0,0,0,0,No Promotion,3,1,2025,10,0.9350162426854148,0.35460488704253557,1.0,6.123233995736766e-17,Office,Organizer,1366.47,2416.11,608.0,601.0,646.0,770.0,,,,625.25,656.75,,24.129857024027356,71.75902133430432,,,,0.0,0.0,0
SKU016,2025-03-10,7,605.0,0,0,0,0,No Promotion,3,1,2025,11,0.970941817426052,0.23931566428755804,1.0,6.123233995736766e-17,Office,Organizer,1366.47,2416.11,546.0,608.0,646.0,761.0,,,,600.25,628.75,,41.21791681619378,64.6015258554869,,,,0.0,0.0,0
SKU016,2025-03-17,7,738.0,4,0,1,0,Spring Sale,3,1,2025,12,0.992708874098054,0.120536680255323,1.0,6.123233995736766e-17,Office,Organizer,1366.47,2416.11,605.0,546.0,601.0,576.0,,,,590.0,609.25,,29.47315162426085,36.34261567754466,,,,590.0,0.5714285714285714,0
SKU016,2025-03-24,7,629.0,4,0,1,0,Spring Sale,3,1,2025,13,1.0,-1.6081226496766366e-16,1.0,6.123233995736766e-17,Office,Organizer,1366.47,2416.11,738.0,605.0,608.0,646.0,,,,624.25,629.5,,81.02828724176105,55.33792293071465,,,,624.25,0.5714285714285714,0
SKU016,2025-03-31,7,618.0,0,0,0,0,No Promotion,3,1,2025,14,0.992708874098054,-0.12053668025532288,1.0,6.123233995736766e-17,Office,Organizer,1366.47,2416.11,629.0,738.0,546.0,646.0,,,,629.5,627.375,,80.30151513722102,54.93876461245609,,,,0.0,0.0,0
SKU016,2025-04-07,7,528.0,0,0,0,0,No Promotion,4,2,2025,15,0.9709418174260521,-0.2393156642875575,0.8660254037844387,-0.4999999999999998,Office,Organizer,1366.47,2416.11,618.0,629.0,605.0,646.0,770.0,,,647.5,623.875,645.3846153846154,61.12555384888824,54.47263402060576,2.1153846153846416,-21.50961538461536,0.003277711561382679,0.0,0.0,0
SKU016,2025-04-14,7,576.0,0,0,0,0,No Promotion,4,2,2025,16,0.9350162426854148,-0.35460488704253545,0.8660254037844387,-0.4999999999999998,Office,Organizer,1366.47,2416.11,528.0,618.0,738.0,601.0,761.0,,,628.25,609.125,626.7692307692307,86.02470575363802,62.94314327799561,1.4807692307692832,-17.644230769230717,0.002362542955326452,0.0,0.0,0
SKU016,2025-04-21,7,632.0,0,0,0,0,No Promotion,4,2,2025,17,0.8854560256532099,-0.4647231720437685,0.8660254037844387,-0.4999999999999998,Office,Organizer,1366.47,2416.11,576.0,528.0,629.0,608.0,576.0,,,587.75,606.0,612.5384615384615,45.9156835950419,64.01562309311689,-24.788461538461547,-6.538461538461547,-0.0404684164259701,0.0,0.0,0
SKU016,2025-04-28,7,543.0,0,0,0,0,No Promotion,4,2,2025,18,0.8229838658936565,-0.5680647467311557,0.8660254037844387,-0.4999999999999998,Office,Organizer,1366.47,2416.11,632.0,576.0,618.0,546.0,646.0,,,588.5,609.0,616.8461538461538,46.82947789587238,64.68163793314363,-28.34615384615381,-7.846153846153811,-0.04595336076817558,0.0,0.0,0
SKU016,2025-05-05,7,574.0,0,0,0,0,No Promotion,5,2,2025,19,0.7485107481711013,-0.663122658240795,0.49999999999999994,-0.8660254037844387,Office,Organizer,1366.47,2416.11,543.0,632.0,528.0,605.0,646.0,,,569.75,608.625,608.9230769230769,46.089586676384926,65.10636901036861,-39.173076923076906,-0.2980769230769056,-0.0643317331985851,0.0,0.0,0
SKU016,2025-05-12,7,542.0,0,0,0,0,No Promotion,5,2,2025,20,0.6631226582407952,-0.7485107481711012,0.49999999999999994,-0.8660254037844387,Office,Organizer,1366.47,2416.11,574.0,543.0,576.0,738.0,646.0,,,581.25,604.75,603.3846153846154,37.05289012569284,66.26515999053672,-22.13461538461536,1.3653846153846416,-0.03668408975012749,0.0,0.0,0
SKU016,2025-05-19,7,557.0,0,0,0,0,No Promotion,5,2,2025,21,0.5680647467311558,-0.8229838658936564,0.49999999999999994,-0.8660254037844387,Office,Organizer,1366.47,2416.11,542.0,574.0,632.0,629.0,601.0,,,572.75,580.25,595.3846153846154,42.200908363051454,41.60614652393834,-22.63461538461536,-15.134615384615358,-0.038016795865633,0.0,0.0,0
SKU016,2025-05-26,7,559.0,0,0,0,0,No Promotion,5,2,2025,22,0.46472317204376906,-0.8854560256532096,0.49999999999999994,-0.8660254037844387,Office,Organizer,1366.47,2416.11,557.0,542.0,543.0,618.0,608.0,,,554.0,571.25,592.0,14.98888477061139,37.097362247392795,-38.0,-20.75,-0.06418918918918914,0.0,0.0,0
SKU016,2025-06-02,7,593.0,0,0,0,0,No Promotion,6,2,2025,23,0.35460488704253584,-0.9350162426854147,1.2246467991473532e-16,-1.0,Office,Organizer,1366.47,2416.11,559.0,557.0,574.0,528.0,546.0,,,558.0,563.875,588.2307692307693,13.08943594404789,31.988558222321544,-30.230769230769283,-24.355769230769283,-0.051392703020792574,0.0,0.0,0
SKU016,2025-06-09,7,870.0,6,0,1,0,Summer Sale,6,2,2025,24,0.23931566428755768,-0.970941817426052,1.2246467991473532e-16,-1.0,Office,Organizer,1366.47,2416.11,593.0,559.0,542.0,576.0,605.0,,,562.75,572.0,591.8461538461538,21.546461426415238,29.751350509562677,-29.09615384615381,-19.84615384615381,-0.04916168442942548,562.75,0.8571428571428571,0
SKU016,2025-06-16,7,805.0,5,0,1,0,Summer Sale,6,2,2025,25,0.12053668025532308,-0.992708874098054,1.2246467991473532e-16,-1.0,Office,Organizer,1366.47,2416.11,870.0,593.0,557.0,632.0,738.0,,,644.75,608.75,612.2307692307693,151.07255431304083,109.66149213439901,32.51923076923072,-3.4807692307692832,0.05311596934288221,644.75,0.7142857142857143,0
SKU016,2025-06-23,7,711.0,0,0,0,0,No Promotion,6,2,2025,26,-3.216245299353273e-16,-1.0,1.2246467991473532e-16,-1.0,Office,Organizer,1366.47,2416.11,805.0,870.0,559.0,543.0,629.0,,,706.75,630.375,617.3846153846154,153.9185390609808,130.06145525426487,89.36538461538464,12.990384615384642,0.14474831796660848,0.0,0.0,0
SKU016,2025-06-30,7,640.0,0,0,0,0,No Promotion,6,2,2025,27,-0.12053668025532283,-0.992708874098054,1.2246467991473532e-16,-1.0,Office,Organizer,1366.47,2416.11,711.0,805.0,593.0,574.0,618.0,,,744.75,651.375,623.6923076923077,120.39483654487293,127.47541779832353,121.05769230769226,27.682692307692264,0.19409842131228405,0.0,0.0,0
SKU016,2025-07-07,7,667.0,0,0,0,0,No Promotion,7,3,2025,28,-0.23931566428755743,-0.9709418174260521,-0.4999999999999997,-0.8660254037844388,Office,Organizer,1366.47,2416.11,640.0,711.0,870.0,542.0,528.0,770.0,,756.5,659.625,625.3846153846154,101.45113766406632,123.83622537160002,131.11538461538464,34.24038461538464,0.20965559655596566,0.0,0.0,0
SKU016,2025-07-14,7,729.0,0,0,0,0,No Promotion,7,3,2025,29,-0.3546048870425356,-0.9350162426854148,-0.4999999999999997,-0.8660254037844388,Office,Organizer,1366.47,2416.11,667.0,640.0,805.0,557.0,576.0,761.0,,705.75,675.25,636.0769230769231,72.34811676885586,114.40123625705648,69.6730769230769,39.173076923076906,0.10953561494739383,0.0,0.0,0
SKU016,2025-07-21,7,746.0,0,0,0,0,No Promotion,7,3,2025,30,-0.46472317204376806,-0.8854560256532101,-0.4999999999999997,-0.8660254037844388,Office,Organizer,1366.47,2416.11,729.0,667.0,711.0,559.0,632.0,576.0,,686.75,696.75,647.8461538461538,40.615062887226145,104.75924780180506,38.90384615384619,48.90384615384619,0.060051056756114995,0.0,0.0,0
SKU016,2025-07-28,7,666.0,0,0,0,0,No Promotion,7,3,2025,31,-0.5680647467311556,-0.8229838658936566,-0.4999999999999997,-0.8660254037844388,Office,Organizer,1366.47,2416.11,746.0,729.0,640.0,593.0,543.0,646.0,,695.5,720.125,656.6153846153846,50.21619924552901,89.36352323915102,38.88461538461536,63.50961538461536,0.059219775070290526,0.0,0.0,0
SKU016,2025-08-04,7,682.0,0,0,0,0,No Promotion,8,3,2025,32,-0.663122658240795,-0.7485107481711013,-0.8660254037844385,-0.5000000000000004,Office,Organizer,1366.47,2416.11,666.0,746.0,667.0,870.0,574.0,646.0,,702.0,729.25,666.0769230769231,41.57723736212723,77.46289434303367,35.923076923076906,63.173076923076906,0.05393232474881615,0.0,0.0,0
SKU016,2025-08-11,7,730.0,0,1,0,1,No Promotion,8,3,2025,33,-0.7485107481711011,-0.6631226582407952,-0.8660254037844385,-0.5000000000000004,Office,Organizer,1366.47,2416.11,682.0,666.0,729.0,805.0,542.0,646.0,,705.75,705.75,674.3846153846154,37.88029390945467,53.462269739642394,31.36538461538464,31.36538461538464,0.04650963841679023,0.0,0.0,0
SKU016,2025-08-18,7,637.0,0,0,0,0,No Promotion,8,3,2025,34,-0.8229838658936564,-0.5680647467311559,-0.8660254037844385,-0.5000000000000004,Office,Organizer,1366.47,2416.11,730.0,682.0,746.0,711.0,557.0,601.0,,706.0,696.375,688.8461538461538,38.087618285561895,37.87550093963865,17.15384615384619,7.528846153846189,0.024902289223897256,0.0,0.0,0
SKU016,2025-08-25,7,736.0,0,0,0,0,No Promotion,8,3,2025,35,-0.8854560256532096,-0.4647231720437691,-0.8660254037844385,-0.5000000000000004,Office,Organizer,1366.47,2416.11,637.0,730.0,666.0,640.0,559.0,608.0,,678.75,687.125,695.0,38.91336531321855,42.542205933805114,-16.25,-7.875,-0.023381294964028743,0.0,0.0,0
SKU016,2025-09-01,7,600.0,0,0,0,0,No Promotion,9,3,2025,36,-0.9350162426854147,-0.3546048870425359,-1.0,-1.8369701987210297e-16,Office,Organizer,1366.47,2416.11,736.0,637.0,682.0,667.0,593.0,546.0,,696.25,699.125,708.6153846153846,46.3060471212994,40.856674572740914,-12.365384615384642,-9.490384615384642,-0.017450065132435966,0.0,0.0,0
SKU016,2025-09-08,7,588.0,0,0,0,0,No Promotion,9,3,2025,37,-0.970941817426052,-0.23931566428755774,-1.0,-1.8369701987210297e-16,Office,Organizer,1366.47,2416.11,600.0,736.0,730.0,729.0,870.0,605.0,,675.75,690.75,709.1538461538462,67.8546240134009,53.34188919467644,-33.40384615384619,-18.40384615384619,-0.047103807354376914,0.0,0.0,0
SKU016,2025-09-15,7,598.0,0,0,0,0,No Promotion,9,3,2025,38,-0.992708874098054,-0.12053668025532357,-1.0,-1.8369701987210297e-16,Office,Organizer,1366.47,2416.11,588.0,600.0,637.0,746.0,805.0,738.0,,640.25,673.125,687.4615384615385,67.15343128488173,61.55934999192704,-47.21153846153845,-14.336538461538453,-0.06867517063891682,0.0,0.0,0
SKU016,2025-09-22,7,601.0,0,0,0,0,No Promotion,9,3,2025,39,-1.0,-1.8369701987210297e-16,-1.0,-1.8369701987210297e-16,Office,Organizer,1366.47,2416.11,598.0,588.0,736.0,666.0,711.0,629.0,,630.5,654.625,671.5384615384615,70.52895386529799,58.702488387266335,-41.03846153846155,-16.913461538461547,-0.061111111111111116,0.0,0.0,0
SKU016,2025-09-29,7,698.0,5,1,1,1,Festive Sale,9,3,2025,40,-0.992708874098054,0.1205366802553232,-1.0,-1.8369701987210297e-16,Office,Organizer,1366.47,2416.11,601.0,598.0,600.0,682.0,640.0,618.0,,596.75,646.5,663.0769230769231,5.965176722724456,61.342131874080955,-66.3269230769231,-16.576923076923094,-0.10002900232018563,596.75,0.7142857142857143,1
SKU016,2025-10-06,7,734.0,5,0,1,0,Festive Sale,10,4,2025,41,-0.9709418174260521,0.23931566428755738,-0.8660254037844386,0.5000000000000001,Office,Organizer,1366.47,2416.11,698.0,601.0,588.0,730.0,667.0,528.0,,621.25,648.5,667.5384615384615,51.46762736581771,62.90582530372567,-46.28846153846155,-19.038461538461547,-0.06934201428900666,621.25,0.7142857142857143,0
SKU016,2025-10-13,7,620.0,0,0,0,0,No Promotion,10,4,2025,42,-0.9350162426854148,0.35460488704253557,-0.8660254037844386,0.5000000000000001,Office,Organizer,1366.47,2416.11,734.0,698.0,598.0,637.0,729.0,576.0,,657.75,649.0,672.6923076923077,68.85915576982725,63.65756604116835,-14.942307692307736,-23.692307692307736,-0.02221269296741002,0.0,0.0,0
SKU016,2025-10-20,7,521.0,0,0,0,0,No Promotion,10,4,2025,43,-0.8854560256532101,0.464723172043768,-0.8660254037844386,0.5000000000000001,Office,Organizer,1366.47,2416.11,620.0,734.0,601.0,736.0,746.0,632.0,,663.25,646.875,664.3076923076923,63.136756330999454,64.39484784182214,-1.057692307692264,-17.432692307692264,-0.0015921723019916012,0.0,0.0,0
SKU016,2025-10-27,7,666.0,0,1,0,1,No Promotion,10,4,2025,44,-0.822983865893657,0.5680647467311548,-0.8660254037844386,0.5000000000000001,Office,Organizer,1366.47,2416.11,521.0,620.0,698.0,600.0,666.0,543.0,,643.25,620.0,647.0,94.37293044088437,66.70832032063163,-3.75,-27.0,-0.005795981452859311,0.0,0.0,0
SKU016,2025-11-03,7,561.0,0,0,0,0,No Promotion,11,4,2025,45,-0.7485107481711011,0.6631226582407952,-0.5000000000000004,0.8660254037844384,Office,Organizer,1366.47,2416.11,666.0,521.0,734.0,588.0,682.0,574.0,,635.25,628.25,647.0,89.41056984495737,67.95113790700739,-11.75,-18.75,-0.018160741885625997,0.0,0.0,0
SKU016,2025-11-10,7,617.0,0,0,0,0,No Promotion,11,4,2025,46,-0.6631226582407955,0.7485107481711007,-0.5000000000000004,0.8660254037844384,Office,Organizer,1366.47,2416.11,561.0,666.0,620.0,598.0,730.0,542.0,,592.0,624.875,637.6923076923077,63.93225581295669,70.84477498628347,-45.692307692307736,-12.817307692307736,-0.07165259348612796,0.0,0.0,0
SKU016,2025-11-17,7,741.0,4,0,1,0,Black Friday,11,4,2025,47,-0.5680647467311559,0.8229838658936564,-0.5000000000000004,0.8660254037844384,Office,Organizer,1366.47,2416.11,617.0,561.0,521.0,601.0,637.0,557.0,,591.25,627.25,629.0,63.510497819914264,70.12998136114311,-37.75,-1.75,-0.06001589825119236,591.25,0.5714285714285714,0
SKU016,2025-11-24,7,861.0,7,0,1,0,Black Friday,11,4,2025,48,-0.4647231720437684,0.88545602565321,-0.5000000000000004,0.8660254037844384,Office,Organizer,1366.47,2416.11,741.0,617.0,666.0,698.0,736.0,559.0,,646.25,644.75,637.0,76.35607375972133,79.48719573437145,9.25,7.75,0.014521193092621676,646.25,1.0,0
SKU016,2025-12-01,7,644.0,0,0,0,0,No Promotion,12,4,2025,49,-0.35460488704253595,0.9350162426854147,-2.4492935982947064e-16,1.0,Office,Organizer,1366.47,2416.11,861.0,741.0,561.0,734.0,600.0,593.0,,695.0,665.125,646.6153846153846,133.80582946942187,110.08754633083096,48.38461538461536,18.50961538461536,0.07482750416369255,0.0,0.0,0
SKU016,2025-12-08,7,670.0,0,0,0,0,No Promotion,12,4,2025,50,-0.2393156642875578,0.970941817426052,-2.4492935982947064e-16,1.0,Office,Organizer,1366.47,2416.11,644.0,861.0,617.0,620.0,588.0,870.0,,715.75,653.875,650.0,110.50603301781011,106.58656776804207,65.75,3.875,0.10115384615384615,0.0,0.0,0
SKU016,2025-12-15,7,900.0,7,0,1,0,Year End Sale,12,4,2025,51,-0.12053668025532363,0.992708874098054,-2.4492935982947064e-16,1.0,Office,Organizer,1366.47,2416.11,670.0,644.0,741.0,521.0,598.0,805.0,,729.0,660.125,656.3076923076923,97.08072242554994,105.77933568113791,72.69230769230774,3.817307692307736,0.11075949367088622,729.0,1.0,0
SKU016,2025-12-22,7,944.0,7,1,1,1,Year End Sale,12,4,2025,52,6.432490598706546e-16,1.0,-2.4492935982947064e-16,1.0,Office,Organizer,1366.47,2416.11,900.0,670.0,861.0,666.0,601.0,711.0,,768.75,707.5,679.5384615384615,130.44890442877116,118.65556395358313,89.21153846153845,27.961538461538453,0.13128254471360656,768.75,1.0,1
SKU016,2025-12-29,7,737.0,3,0,1,0,Year End Sale,12,4,2025,1,0.12053668025532305,0.992708874098054,-2.4492935982947064e-16,1.0,Office,Organizer,1366.47,2416.11,944.0,900.0,644.0,561.0,698.0,640.0,,789.5,742.25,705.9230769230769,154.4139458296001,142.98026836895062,83.5769230769231,36.326923076923094,0.1183938106134903,789.5,0.42857142857142855,0
SKU016,2026-01-05,7,666.0,0,0,0,0,No Promotion,1,1,2026,2,0.23931566428755774,0.970941817426052,0.49999999999999994,0.8660254037844387,Office,Organizer,1366.47,2416.11,737.0,944.0,670.0,617.0,734.0,667.0,770.0,812.75,764.25,708.9230769230769,130.3261933253123,123.29262519944747,103.8269230769231,55.326923076923094,0.14645724826388884,0.0,0.0,0
SKU016,2026-01-12,7,726.0,0,0,0,0,No Promotion,1,1,2026,3,0.3546048870425356,0.9350162426854148,0.49999999999999994,0.8660254037844387,Office,Organizer,1366.47,2416.11,666.0,737.0,900.0,741.0,620.0,729.0,761.0,811.75,770.375,703.6923076923077,131.79371507523922,115.92970468594937,108.05769230769226,66.68269230769226,0.15355815478793167,0.0,0.0,0
SKU016,2026-01-19,7,688.0,0,0,0,0,No Promotion,1,1,2026,4,0.4647231720437685,0.8854560256532099,0.49999999999999994,0.8660254037844387,Office,Organizer,1366.47,2416.11,726.0,666.0,944.0,861.0,521.0,746.0,576.0,768.25,768.5,711.8461538461538,121.25008591062252,116.59208500457605,56.40384615384619,56.65384615384619,0.07923600605143721,0.0,0.0,0
SKU016,2026-01-26,7,652.0,0,1,0,1,No Promotion,1,1,2026,5,0.5680647467311558,0.8229838658936564,0.49999999999999994,0.8660254037844387,Office,Organizer,1366.47,2416.11,688.0,726.0,737.0,644.0,666.0,666.0,646.0,704.25,746.875,724.6923076923077,33.029027637317306,112.97210464787948,-20.442307692307736,22.182692307692264,-0.028208258146693588,0.0,0.0,0
SKU016,2026-02-02,7,697.0,0,0,0,0,No Promotion,2,1,2026,6,0.6631226582407952,0.7485107481711011,0.8660254037844386,0.5000000000000001,Office,Organizer,1366.47,2416.11,652.0,688.0,666.0,670.0,561.0,682.0,646.0,683.0,747.875,723.6153846153846,32.26969682741593,111.96228637996178,-40.61538461538464,24.25961538461536,-0.05612841501009891,0.0,0.0,0
SKU016,2026-02-09,7,760.0,0,0,0,0,No Promotion,2,1,2026,7,0.7485107481711011,0.6631226582407953,0.8660254037844386,0.5000000000000001,Office,Organizer,1366.47,2416.11,697.0,652.0,726.0,900.0,617.0,730.0,646.0,690.75,751.25,734.0769230769231,30.50000000000008,109.66279483684782,-43.326923076923094,17.173076923076906,-0.0590223200251494,0.0,0.0,0
SKU016,2026-02-16,7,643.0,0,0,0,0,No Promotion,2,1,2026,8,0.8229838658936564,0.5680647467311559,0.8660254037844386,0.5000000000000001,Office,Organizer,1366.47,2416.11,760.0,697.0,688.0,944.0,741.0,637.0,601.0,699.25,733.75,745.0769230769231,44.92493739561586,92.33595492238425,-45.826923076923094,-11.326923076923094,-0.06150629774932892,0.0,0.0,0
SKU016,2026-02-23,7,717.0,0,0,0,0,No Promotion,2,1,2026,9,0.8854560256532099,0.4647231720437686,0.8660254037844386,0.5000000000000001,Office,Organizer,1366.47,2416.11,643.0,760.0,652.0,737.0,861.0,736.0,608.0,688.0,696.125,737.5384615384615,53.49766350038107,42.06606199097526,-49.53846153846155,-41.41346153846155,-0.06716729244889441,0.0,0.0,0
SKU016,2026-03-02,7,678.0,0,0,0,0,No Promotion,3,1,2026,10,0.9350162426854148,0.35460488704253557,1.0,6.123233995736766e-17,Office,Organizer,1366.47,2416.11,717.0,643.0,697.0,666.0,644.0,600.0,546.0,704.25,693.625,726.4615384615385,48.561816275753166,39.82439130554471,-22.211538461538453,-32.83653846153845,-0.030574968233799238,0.0,0.0,0
SKU016,2026-03-09,7,722.0,1,0,1,0,Spring Sale,3,1,2026,11,0.970941817426052,0.23931566428755804,1.0,6.123233995736766e-17,Office,Organizer,1366.47,2416.11,678.0,717.0,760.0,726.0,670.0,588.0,605.0,699.5,695.125,729.0769230769231,50.40171954738586,38.84929673936015,-29.576923076923094,-33.951923076923094,-0.04056763030175148,699.5,0.14285714285714285,0
SKU016,2026-03-16,7,835.0,7,0,1,0,Spring Sale,3,1,2026,12,0.992708874098054,0.120536680255323,1.0,6.123233995736766e-17,Office,Organizer,1366.47,2416.11,722.0,678.0,643.0,688.0,900.0,598.0,738.0,690.0,694.625,733.0769230769231,36.99549522126541,38.41851302246282,-43.076923076923094,-38.451923076923094,-0.05876180482686255,690.0,1.0,0
SKU016,2026-03-23,7,784.0,3,0,1,0,Spring Sale,3,1,2026,13,1.0,-1.6081226496766366e-16,1.0,6.123233995736766e-17,Office,Organizer,1366.47,2416.11,835.0,722.0,717.0,652.0,944.0,601.0,629.0,738.0,713.0,728.0769230769231,67.59191273123342,62.44082913332546,9.923076923076906,-15.076923076923094,0.013629160063391321,738.0,0.42857142857142855,0
SKU016,2026-03-30,7,610.0,0,0,0,0,No Promotion,3,1,2026,14,0.992708874098054,-0.12053668025532288,1.0,6.123233995736766e-17,Office,Organizer,1366.47,2416.11,784.0,835.0,678.0,697.0,737.0,698.0,618.0,754.75,729.5,715.7692307692307,68.94140023720634,61.45149074095532,38.98076923076928,13.730769230769283,0.0544599677592692,0.0,0.0,0
SKU016,2026-04-06,7,688.0,0,0,0,0,No Promotion,4,2,2026,15,0.9709418174260521,-0.2393156642875575,0.8660254037844387,-0.4999999999999998,Office,Organizer,1366.47,2416.11,610.0,784.0,722.0,760.0,666.0,734.0,528.0,737.75,718.625,706.0,96.89298220201508,74.36577073588937,31.75,12.625,0.044971671388101875,0.0,0.0,0
SKU016,2026-04-13,7,649.0,0,0,0,0,No Promotion,4,2,2026,16,0.9350162426854148,-0.35460488704253545,0.8660254037844387,-0.4999999999999998,Office,Organizer,1366.47,2416.11,688.0,610.0,835.0,643.0,726.0,620.0,576.0,729.25,709.625,707.6923076923077,100.17110361776,72.98715640439764,21.557692307692264,1.932692307692264,0.030461956521738998,0.0,0.0,0
SKU016,2026-04-20,7,655.0,0,0,0,0,No Promotion,4,2,2026,17,0.8854560256532099,-0.4647231720437685,0.8660254037844387,-0.4999999999999998,Office,Organizer,1366.47,2416.11,649.0,688.0,784.0,717.0,688.0,521.0,632.0,682.75,710.375,701.7692307692307,74.63410748444714,72.23164621054761,-19.019230769230717,8.605769230769283,-0.027101830538200034,0.0,0.0,0
SKU016,2026-04-27,7,640.0,0,0,0,0,No Promotion,4,2,2026,18,0.8229838658936565,-0.5680647467311557,0.8660254037844387,-0.4999999999999998,Office,Organizer,1366.47,2416.11,655.0,649.0,610.0,678.0,652.0,666.0,543.0,650.5,702.625,699.2307692307693,31.984371183439084,74.70310282330028,-48.73076923076928,3.3942307692307168,-0.06969196919691978,0.0,0.0,0
SKU016,2026-05-04,7,635.0,0,0,0,0,No Promotion,5,2,2026,19,0.7485107481711013,-0.663122658240795,0.49999999999999994,-0.8660254037844387,Office,Organizer,1366.47,2416.11,640.0,655.0,688.0,722.0,697.0,561.0,574.0,658.0,697.875,698.3076923076923,20.92844953645655,77.64284071494112,-40.307692307692264,-0.43269230769226397,-0.0577219651905706,0.0,0.0,0
SKU016,2026-05-11,7,639.0,0,0,0,0,No Promotion,5,2,2026,20,0.6631226582407952,-0.7485107481711012,0.49999999999999994,-0.8660254037844387,Office,Organizer,1366.47,2416.11,635.0,640.0,649.0,835.0,760.0,617.0,542.0,644.75,687.0,693.5384615384615,8.958236433584933,79.8427025022146,-48.78846153846155,-6.538461538461547,-0.07034716060337176,0.0,0.0,0
SKU016,2026-05-18,7,674.0,0,0,0,0,No Promotion,5,2,2026,21,0.5680647467311558,-0.8229838658936564,0.49999999999999994,-0.8660254037844387,Office,Organizer,1366.47,2416.11,639.0,635.0,655.0,784.0,643.0,741.0,557.0,642.25,662.5,684.2307692307693,8.770214744615735,53.74808966704907,-41.98076923076928,-21.730769230769283,-0.061354693648116965,0.0,0.0,0
SKU016,2026-05-25,7,599.0,0,0,0,0,No Promotion,5,2,2026,22,0.46472317204376906,-0.8854560256532096,0.49999999999999994,-0.8660254037844387,Office,Organizer,1366.47,2416.11,674.0,639.0,640.0,610.0,717.0,861.0,559.0,647.0,648.75,686.6153846153846,18.129166187849766,24.140955123725277,-39.61538461538464,-37.86538461538464,-0.057696616625588226,0.0,0.0,0
SKU016,2026-06-01,7,733.0,0,0,0,0,No Promotion,6,2,2026,23,0.35460488704253584,-0.9350162426854147,1.2246467991473532e-16,-1.0,Office,Organizer,1366.47,2416.11,599.0,674.0,635.0,688.0,678.0,644.0,593.0,636.75,647.375,677.5384615384615,30.663496212924073,26.82715841402947,-40.78846153846155,-30.163461538461547,-0.06020095367847411,0.0,0.0,0
SKU016,2026-06-08,7,943.0,5,0,1,0,Summer Sale,6,2,2026,24,0.23931566428755768,-0.970941817426052,1.2246467991473532e-16,-1.0,Office,Organizer,1366.47,2416.11,733.0,599.0,639.0,649.0,722.0,670.0,870.0,661.25,653.0,681.7692307692307,56.80595626047214,38.66707717351883,-20.519230769230717,-28.769230769230717,-0.03009703260746921,661.25,0.7142857142857143,0
SKU016,2026-06-15,7,957.0,6,0,1,0,Summer Sale,6,2,2026,25,0.12053668025532308,-0.992708874098054,1.2246467991473532e-16,-1.0,Office,Organizer,1366.47,2416.11,943.0,733.0,674.0,655.0,835.0,900.0,805.0,737.25,689.75,698.7692307692307,147.7213029096797,109.37843872145396,38.48076923076928,-9.019230769230717,0.05506935270805813,737.25,0.8571428571428571,0
SKU016,2026-06-22,7,806.0,0,0,0,0,No Promotion,6,2,2026,26,-3.216245299353273e-16,-1.0,1.2246467991473532e-16,-1.0,Office,Organizer,1366.47,2416.11,957.0,943.0,599.0,640.0,784.0,944.0,711.0,808.0,727.5,708.1538461538462,172.94700537062408,142.70849409097656,99.84615384615381,19.34615384615381,0.14099500325874414,0.0,0.0,0
SKU017,2025-04-21,7,330.0,0,0,0,0,No Promotion,4,2,2025,17,0.8854560256532099,-0.4647231720437685,0.8660254037844387,-0.4999999999999998,Furniture,Chair,4213.59,7593.32,,,,,,,,,,,,,,,,,0.0,0
SKU017,2025-04-28,7,341.0,0,0,0,0,No Promotion,4,2,2025,18,0.8229838658936565,-0.5680647467311557,0.8660254037844387,-0.4999999999999998,Furniture,Chair,4213.59,7593.32,330.0,,,,,,,,,,,,,,,,0.0,0
SKU017,2025-05-05,7,343.0,0,0,0,0,No Promotion,5,2,2025,19,0.7485107481711013,-0.663122658240795,0.49999999999999994,-0.8660254037844387,Furniture,Chair,4213.59,7593.32,341.0,330.0,,,,,,,,,,,,,,,0.0,0
SKU017,2025-05-12,7,302.0,0,0,0,0,No Promotion,5,2,2025,20,0.6631226582407952,-0.7485107481711012,0.49999999999999994,-0.8660254037844387,Furniture,Chair,4213.59,7593.32,343.0,341.0,,,,,,,,,,,,,,,0.0,0
SKU017,2025-05-19,7,329.0,0,0,0,0,No Promotion,5,2,2025,21,0.5680647467311558,-0.8229838658936564,0.49999999999999994,-0.8660254037844387,Furniture,Chair,4213.59,7593.32,302.0,343.0,330.0,,,,,329.0,,,18.88562063228706,,,,,0.0,0.0,0
SKU017,2025-05-26,7,333.0,0,0,0,0,No Promotion,5,2,2025,22,0.46472317204376906,-0.8854560256532096,0.49999999999999994,-0.8660254037844387,Furniture,Chair,4213.59,7593.32,329.0,302.0,341.0,,,,,328.75,,,18.874586088176873,,,,,0.0,0.0,0
SKU017,2025-06-02,7,414.0,0,0,0,0,No Promotion,6,2,2025,23,0.35460488704253584,-0.9350162426854147,1.2246467991473532e-16,-1.0,Furniture,Chair,4213.59,7593.32,333.0,329.0,343.0,,,,,326.75,,,17.51903726426389,,,,,0.0,0.0,0
SKU017,2025-06-09,7,425.0,6,0,1,0,Summer Sale,6,2,2025,24,0.23931566428755768,-0.970941817426052,1.2246467991473532e-16,-1.0,Furniture,Chair,4213.59,7593.32,414.0,333.0,302.0,,,,,344.5,,,48.3356321292412,,,,,344.5,0.8571428571428571,0
SKU017,2025-06-16,7,475.0,5,0,1,0,Summer Sale,6,2,2025,25,0.12053668025532308,-0.992708874098054,1.2246467991473532e-16,-1.0,Furniture,Chair,4213.59,7593.32,425.0,414.0,329.0,330.0,,,,375.25,352.125,,51.31845022341705,43.50513106027182,,,,375.25,0.7142857142857143,0
SKU017,2025-06-23,7,377.0,0,0,0,0,No Promotion,6,2,2025,26,-3.216245299353273e-16,-1.0,1.2246467991473532e-16,-1.0,Furniture,Chair,4213.59,7593.32,475.0,425.0,333.0,341.0,,,,411.75,370.25,,58.82955606382447,60.0351087757346,,,,0.0,0.0,0
SKU017,2025-06-30,7,388.0,0,0,0,0,No Promotion,6,2,2025,27,-0.12053668025532283,-0.992708874098054,1.2246467991473532e-16,-1.0,Furniture,Chair,4213.59,7593.32,377.0,475.0,414.0,343.0,,,,422.75,374.75,,40.4341027681667,58.86728414711471,,,,0.0,0.0,0
SKU017,2025-07-07,7,438.0,0,0,0,0,No Promotion,7,3,2025,28,-0.23931566428755743,-0.9709418174260521,-0.4999999999999997,-0.8660254037844388,Furniture,Chair,4213.59,7593.32,388.0,377.0,425.0,302.0,,,,416.25,380.375,,44.22197794460728,57.53492728024306,,,,0.0,0.0,0
SKU017,2025-07-14,7,362.0,0,0,0,0,No Promotion,7,3,2025,29,-0.3546048870425356,-0.9350162426854148,-0.4999999999999997,-0.8660254037844388,Furniture,Chair,4213.59,7593.32,438.0,388.0,475.0,329.0,,,,419.5,397.375,,45.53753030925883,50.76257761101465,,,,0.0,0.0,0
SKU017,2025-07-21,7,377.0,0,0,0,0,No Promotion,7,3,2025,30,-0.46472317204376806,-0.8854560256532101,-0.4999999999999997,-0.8660254037844388,Furniture,Chair,4213.59,7593.32,362.0,438.0,377.0,333.0,330.0,,,391.25,401.5,373.61538461538464,32.938073208168476,45.47840932009072,17.63461538461536,27.88461538461536,0.04719991764463649,0.0,0.0,0
SKU017,2025-07-28,7,390.0,0,0,0,0,No Promotion,7,3,2025,31,-0.5680647467311556,-0.8229838658936566,-0.4999999999999997,-0.8660254037844388,Furniture,Chair,4213.59,7593.32,377.0,362.0,388.0,414.0,341.0,,,391.25,407.0,377.2307692307692,32.938073208168476,38.06760902844907,14.019230769230774,29.769230769230774,0.03716353996737354,0.0,0.0,0
SKU017,2025-08-04,7,405.0,0,0,0,0,No Promotion,8,3,2025,32,-0.663122658240795,-0.7485107481711013,-0.8660254037844385,-0.5000000000000004,Furniture,Chair,4213.59,7593.32,390.0,377.0,438.0,425.0,343.0,,,391.75,404.0,381.0,32.88743427714197,38.381543183447654,10.75,23.0,0.028215223097112885,0.0,0.0,0
SKU017,2025-08-11,7,375.0,0,1,0,1,No Promotion,8,3,2025,33,-0.7485107481711011,-0.6631226582407952,-0.8660254037844385,-0.5000000000000004,Furniture,Chair,4213.59,7593.32,405.0,390.0,362.0,475.0,302.0,,,383.5,401.5,385.7692307692308,18.33939293797187,37.458548518900955,-2.2692307692307736,15.730769230769226,-0.00588235294117645,0.0,0.0,0
SKU017,2025-08-18,7,364.0,0,0,0,0,No Promotion,8,3,2025,34,-0.8229838658936564,-0.5680647467311559,-0.8660254037844385,-0.5000000000000004,Furniture,Chair,4213.59,7593.32,375.0,405.0,377.0,377.0,329.0,,,386.75,389.0,391.38461538461536,13.865424623862015,23.518989288293344,-4.634615384615358,-2.3846153846153584,-0.011841588050314433,0.0,0.0,0
SKU017,2025-08-25,7,409.0,0,0,0,0,No Promotion,8,3,2025,35,-0.8854560256532096,-0.4647231720437691,-0.8660254037844385,-0.5000000000000004,Furniture,Chair,4213.59,7593.32,364.0,375.0,390.0,388.0,333.0,,,383.5,387.375,394.0769230769231,17.860571099491725,24.876480573310317,-10.576923076923094,-6.701923076923094,-0.026839742338473638,0.0,0.0,0
SKU017,2025-09-01,7,323.0,0,0,0,0,No Promotion,9,3,2025,36,-0.9350162426854147,-0.3546048870425359,-1.0,-1.8369701987210297e-16,Furniture,Chair,4213.59,7593.32,409.0,364.0,405.0,438.0,414.0,,,388.25,390.0,399.9230769230769,22.17167863138316,26.032946158940323,-11.673076923076906,-9.923076923076906,-0.02918830544335449,0.0,0.0,0
SKU017,2025-09-08,7,330.0,0,0,0,0,No Promotion,9,3,2025,37,-0.970941817426052,-0.23931566428755774,-1.0,-1.8369701987210297e-16,Furniture,Chair,4213.59,7593.32,323.0,409.0,375.0,362.0,425.0,,,367.75,375.625,392.9230769230769,35.45302055772775,27.453532169311636,-25.173076923076906,-17.298076923076906,-0.06406617071260767,0.0,0.0,0
SKU017,2025-09-15,7,333.0,0,0,0,0,No Promotion,9,3,2025,38,-0.992708874098054,-0.12053668025532357,-1.0,-1.8369701987210297e-16,Furniture,Chair,4213.59,7593.32,330.0,323.0,364.0,377.0,475.0,,,356.5,371.625,385.61538461538464,39.31496746363484,31.721725317877297,-29.11538461538464,-13.990384615384642,-0.0755036904049472,0.0,0.0,0
SKU017,2025-09-22,7,324.0,0,0,0,0,No Promotion,9,3,2025,39,-1.0,-1.8369701987210297e-16,-1.0,-1.8369701987210297e-16,Furniture,Chair,4213.59,7593.32,333.0,330.0,409.0,390.0,377.0,,,348.75,366.125,374.6923076923077,40.38460927960881,34.361263489159256,-25.94230769230768,-8.56730769230768,-0.06923629644836782,0.0,0.0,0
SKU017,2025-09-29,7,412.0,5,1,1,1,Festive Sale,9,3,2025,40,-0.992708874098054,0.1205366802553232,-1.0,-1.8369701987210297e-16,Furniture,Chair,4213.59,7593.32,324.0,333.0,323.0,405.0,388.0,,,327.5,357.875,370.61538461538464,4.7958315233127005,35.70689209182372,-43.11538461538464,-12.740384615384642,-0.11633457866334584,327.5,0.7142857142857143,1
SKU017,2025-10-06,7,430.0,5,0,1,0,Festive Sale,10,4,2025,41,-0.9709418174260521,0.23931566428755738,-0.8660254037844386,0.5000000000000001,Furniture,Chair,4213.59,7593.32,412.0,324.0,330.0,375.0,438.0,,,349.75,358.75,372.46153846153845,41.66833330000133,37.085807836113574,-22.711538461538453,-13.711538461538453,-0.060976869062370875,349.75,0.7142857142857143,0
SKU017,2025-10-13,7,407.0,0,0,0,0,No Promotion,10,4,2025,42,-0.9350162426854148,0.35460488704253557,-0.8660254037844386,0.5000000000000001,Furniture,Chair,4213.59,7593.32,430.0,412.0,333.0,364.0,362.0,,,374.75,365.625,371.84615384615387,54.033168825577256,44.82007681513147,2.903846153846132,-6.221153846153868,0.00780926768721546,0.0,0.0,0
SKU017,2025-10-20,7,341.0,0,0,0,0,No Promotion,10,4,2025,43,-0.8854560256532101,0.464723172043768,-0.8660254037844386,0.5000000000000001,Furniture,Chair,4213.59,7593.32,407.0,430.0,324.0,409.0,377.0,330.0,,393.25,371.0,375.3076923076923,47.21140398957297,47.11687595755899,17.94230769230768,-4.307692307692321,0.04780692764910843,0.0,0.0,0
SKU017,2025-10-27,7,388.0,0,1,0,1,No Promotion,10,4,2025,44,-0.822983865893657,0.5680647467311548,-0.8660254037844386,0.5000000000000001,Furniture,Chair,4213.59,7593.32,341.0,407.0,412.0,323.0,390.0,341.0,,397.5,362.5,372.53846153846155,38.94012497839899,45.384075243572894,24.961538461538453,-10.038461538461547,0.06700392318810655,0.0,0.0,0
SKU017,2025-11-03,7,409.0,0,0,0,0,No Promotion,11,4,2025,45,-0.7485107481711011,0.6631226582407952,-0.5000000000000004,0.8660254037844384,Furniture,Chair,4213.59,7593.32,388.0,341.0,430.0,330.0,405.0,343.0,,391.5,370.625,372.38461538461536,37.79329746573237,43.06121058612794,19.11538461538464,-1.7596153846153584,0.0513323693451766,0.0,0.0,0
SKU017,2025-11-10,7,364.0,0,0,0,0,No Promotion,11,4,2025,46,-0.6631226582407955,0.7485107481711007,-0.5000000000000004,0.8660254037844384,Furniture,Chair,4213.59,7593.32,409.0,388.0,407.0,333.0,375.0,302.0,,386.25,380.5,372.6923076923077,31.616187836823926,41.44186978682997,13.55769230769232,7.807692307692321,0.03637770897832815,0.0,0.0,0
SKU017,2025-11-17,7,389.0,4,0,1,0,Black Friday,11,4,2025,47,-0.5680647467311559,0.8229838658936564,-0.5000000000000004,0.8660254037844384,Furniture,Chair,4213.59,7593.32,364.0,409.0,341.0,324.0,364.0,329.0,,375.5,384.375,371.84615384615387,29.444863728670907,37.640925675576646,3.653846153846132,12.528846153846132,0.009826230864708352,375.5,0.5714285714285714,0
SKU017,2025-11-24,7,447.0,7,0,1,0,Black Friday,11,4,2025,48,-0.4647231720437684,0.88545602565321,-0.5000000000000004,0.8660254037844384,Furniture,Chair,4213.59,7593.32,389.0,364.0,388.0,412.0,409.0,333.0,,387.5,392.5,373.7692307692308,18.41195263952196,28.700423092949087,13.730769230769226,18.730769230769226,0.03673595389997941,387.5,1.0,0
SKU017,2025-12-01,7,391.0,0,0,0,0,No Promotion,12,4,2025,49,-0.35460488704253595,0.9350162426854147,-2.4492935982947064e-16,1.0,Furniture,Chair,4213.59,7593.32,447.0,389.0,409.0,430.0,323.0,414.0,,402.25,396.875,376.6923076923077,35.05590772846521,34.23213819956745,25.55769230769232,20.18269230769232,0.06784766183377577,0.0,0.0,0
SKU017,2025-12-08,7,389.0,0,0,0,0,No Promotion,12,4,2025,50,-0.2393156642875578,0.970941817426052,-2.4492935982947064e-16,1.0,Furniture,Chair,4213.59,7593.32,391.0,447.0,364.0,407.0,330.0,425.0,,397.75,392.0,381.9230769230769,35.05590772846521,31.509635714446816,15.826923076923094,10.076923076923094,0.04144008056394766,0.0,0.0,0
SKU017,2025-12-15,7,544.0,7,0,1,0,Year End Sale,12,4,2025,51,-0.12053668025532363,0.992708874098054,-2.4492935982947064e-16,1.0,Furniture,Chair,4213.59,7593.32,389.0,391.0,389.0,341.0,333.0,475.0,,404.0,389.75,386.46153846153845,28.682166352398603,30.92271472096661,17.538461538461547,3.288461538461547,0.04538216560509567,404.0,1.0,0
SKU017,2025-12-22,7,559.0,7,1,1,1,Year End Sale,12,4,2025,52,6.432490598706546e-16,1.0,-2.4492935982947064e-16,1.0,Furniture,Chair,4213.59,7593.32,544.0,389.0,447.0,388.0,324.0,377.0,,442.75,415.125,402.6923076923077,72.65615367377127,57.26988113934134,40.05769230769232,12.43269230769232,0.09947468958930283,442.75,1.0,1
SKU017,2025-12-29,7,433.0,3,0,1,0,Year End Sale,12,4,2025,1,0.12053668025532305,0.992708874098054,-2.4492935982947064e-16,1.0,Furniture,Chair,4213.59,7593.32,559.0,544.0,391.0,409.0,412.0,388.0,,470.75,436.5,420.7692307692308,93.44650876303513,74.89802591333289,49.980769230769226,15.730769230769226,0.11878427787934176,470.75,0.42857142857142855,0
SKU017,2026-01-05,7,446.0,0,0,0,0,No Promotion,1,1,2026,2,0.23931566428755774,0.970941817426052,0.49999999999999994,0.8660254037844387,Furniture,Chair,4213.59,7593.32,433.0,559.0,389.0,364.0,430.0,438.0,,481.25,439.5,422.38461538461536,83.30816286535192,74.11573960464037,58.86538461538464,17.11538461538464,0.13936441449644876,0.0,0.0,0
SKU017,2026-01-12,7,411.0,0,0,0,0,No Promotion,1,1,2026,3,0.3546048870425356,0.9350162426854148,0.49999999999999994,0.8660254037844387,Furniture,Chair,4213.59,7593.32,446.0,433.0,544.0,389.0,407.0,362.0,,495.5,449.75,423.61538461538464,65.16901104052447,67.56319792820432,71.88461538461536,26.13461538461536,0.16969311785000896,0.0,0.0,0
SKU017,2026-01-19,7,409.0,0,0,0,0,No Promotion,1,1,2026,4,0.4647231720437685,0.8854560256532099,0.49999999999999994,0.8660254037844387,Furniture,Chair,4213.59,7593.32,411.0,446.0,559.0,447.0,341.0,377.0,,462.25,452.5,423.9230769230769,66.09778110244447,65.14160399797176,38.326923076923094,28.576923076923094,0.090410088913083,0.0,0.0,0
SKU017,2026-01-26,7,436.0,0,1,0,1,No Promotion,1,1,2026,5,0.5680647467311558,0.8229838658936564,0.49999999999999994,0.8660254037844387,Furniture,Chair,4213.59,7593.32,409.0,411.0,433.0,391.0,388.0,390.0,,424.75,447.75,429.15384615384613,17.858238061652838,66.96000938726678,-4.403846153846132,18.596153846153868,-0.01026169564438062,0.0,0.0,0
SKU017,2026-02-02,7,476.0,0,0,0,0,No Promotion,2,1,2026,6,0.6631226582407952,0.7485107481711011,0.8660254037844386,0.5000000000000001,Furniture,Chair,4213.59,7593.32,436.0,409.0,446.0,389.0,409.0,405.0,,425.5,453.375,432.84615384615387,18.375708603116944,63.30185621291052,-7.346153846153868,20.528846153846132,-0.01697174338013152,0.0,0.0,0
SKU017,2026-02-09,7,395.0,0,0,0,0,No Promotion,2,1,2026,7,0.7485107481711011,0.6631226582407953,0.8660254037844386,0.5000000000000001,Furniture,Chair,4213.59,7593.32,476.0,436.0,411.0,544.0,364.0,375.0,,433.0,464.25,438.0,31.187604375242834,57.90571153669927,-5.0,26.25,-0.011415525114155223,0.0,0.0,0
SKU017,2026-02-16,7,430.0,0,0,0,0,No Promotion,2,1,2026,8,0.8229838658936564,0.5680647467311559,0.8660254037844386,0.5000000000000001,Furniture,Chair,4213.59,7593.32,395.0,476.0,409.0,559.0,389.0,364.0,,429.0,445.625,440.38461538461536,35.65576157275753,52.27929800599849,-11.384615384615358,5.240384615384642,-0.0258515283842794,0.0,0.0,0
SKU017,2026-02-23,7,399.0,0,0,0,0,No Promotion,2,1,2026,9,0.8854560256532099,0.4647231720437686,0.8660254037844386,0.5000000000000001,Furniture,Chair,4213.59,7593.32,430.0,395.0,436.0,433.0,447.0,409.0,,434.25,429.5,443.53846153846155,33.190108968385935,25.190701232229063,-9.288461538461547,-14.038461538461547,-0.02094172736732569,0.0,0.0,0
SKU017,2026-03-02,7,358.0,0,0,0,0,No Promotion,3,1,2026,10,0.9350162426854148,0.35460488704253557,1.0,6.123233995736766e-17,Furniture,Chair,4213.59,7593.32,399.0,430.0,476.0,446.0,391.0,323.0,,425.0,425.25,439.84615384615387,37.42548151549511,27.295996566738992,-14.846153846153868,-14.596153846153868,-0.033753060510668065,0.0,0.0,0
SKU017,2026-03-09,7,426.0,1,0,1,0,Spring Sale,3,1,2026,11,0.970941817426052,0.23931566428755804,1.0,6.123233995736766e-17,Furniture,Chair,4213.59,7593.32,358.0,399.0,395.0,411.0,389.0,330.0,,395.5,414.25,437.3076923076923,29.490111336966255,34.51604181908959,-41.80769230769232,-23.05769230769232,-0.0956024626209323,395.5,0.14285714285714285,0
SKU017,2026-03-16,7,525.0,7,0,1,0,Spring Sale,3,1,2026,12,0.992708874098054,0.120536680255323,1.0,6.123233995736766e-17,Furniture,Chair,4213.59,7593.32,426.0,358.0,430.0,409.0,544.0,333.0,,403.25,416.125,440.15384615384613,33.15996582225821,34.72108252097808,-36.90384615384613,-24.028846153846132,-0.08384306186648016,403.25,1.0,0
SKU017,2026-03-23,7,404.0,3,0,1,0,Spring Sale,3,1,2026,13,1.0,-1.6081226496766366e-16,1.0,6.123233995736766e-17,Furniture,Chair,4213.59,7593.32,525.0,426.0,399.0,436.0,559.0,324.0,,427.0,430.625,438.6923076923077,71.06335201775947,51.49185095027865,-11.69230769230768,-8.06730769230768,-0.026652638961949804,427.0,0.42857142857142855,0
SKU017,2026-03-30,7,370.0,0,0,0,0,No Promotion,3,1,2026,14,0.992708874098054,-0.12053668025532288,1.0,6.123233995736766e-17,Furniture,Chair,4213.59,7593.32,404.0,525.0,358.0,476.0,433.0,412.0,,428.25,426.625,426.7692307692308,70.44797134528905,52.25196510316961,1.4807692307692264,-0.1442307692307736,0.003469718817591838,0.0,0.0,0
SKU017,2026-04-06,7,363.0,0,0,0,0,No Promotion,4,2,2026,15,0.9709418174260521,-0.2393156642875575,0.8660254037844387,-0.4999999999999998,Furniture,Chair,4213.59,7593.32,370.0,404.0,426.0,395.0,446.0,430.0,,431.25,413.375,421.9230769230769,66.61018440649048,51.3751955157906,9.326923076923094,-8.548076923076906,0.022105742935278005,0.0,0.0,0
SKU017,2026-04-13,7,353.0,0,0,0,0,No Promotion,4,2,2026,16,0.9350162426854148,-0.35460488704253545,0.8660254037844387,-0.4999999999999998,Furniture,Chair,4213.59,7593.32,363.0,370.0,525.0,430.0,411.0,407.0,,415.5,409.375,415.53846153846155,75.16426455880924,54.17943073054303,-0.03846153846154721,-6.163461538461547,-9.25583117363793e-05,0.0,0.0,0
SKU017,2026-04-20,7,367.0,0,0,0,0,No Promotion,4,2,2026,17,0.8854560256532099,-0.4647231720437685,0.8660254037844387,-0.4999999999999998,Furniture,Chair,4213.59,7593.32,353.0,363.0,404.0,399.0,409.0,341.0,330.0,372.5,399.75,411.0769230769231,22.128413107737,56.76958441177556,-38.576923076923094,-11.326923076923094,-0.09384356287425155,0.0,0.0,0
SKU017,2026-04-27,7,394.0,0,0,0,0,No Promotion,4,2,2026,18,0.8229838658936565,-0.5680647467311557,0.8660254037844387,-0.4999999999999998,Furniture,Chair,4213.59,7593.32,367.0,353.0,370.0,358.0,436.0,388.0,341.0,363.25,395.75,407.84615384615387,7.41057802513857,57.945171128773566,-44.59615384615387,-12.096153846153868,-0.10934552998868352,0.0,0.0,0
SKU017,2026-05-04,7,377.0,0,0,0,0,No Promotion,5,2,2026,19,0.7485107481711013,-0.663122658240795,0.49999999999999994,-0.8660254037844387,Furniture,Chair,4213.59,7593.32,394.0,367.0,363.0,426.0,476.0,409.0,343.0,369.25,400.25,404.61538461538464,17.519037264263886,55.95853056377677,-35.36538461538464,-4.365384615384642,-0.0874049429657795,0.0,0.0,0
SKU017,2026-05-11,7,380.0,0,0,0,0,No Promotion,5,2,2026,20,0.6631226582407952,-0.7485107481711012,0.49999999999999994,-0.8660254037844387,Furniture,Chair,4213.59,7593.32,377.0,394.0,353.0,525.0,395.0,364.0,302.0,372.75,394.125,397.0,17.25060385416503,55.416442892494814,-24.25,-2.875,-0.061083123425692665,0.0,0.0,0
SKU017,2026-05-18,7,363.0,0,0,0,0,No Promotion,5,2,2026,21,0.5680647467311558,-0.8229838658936564,0.49999999999999994,-0.8660254037844387,Furniture,Chair,4213.59,7593.32,380.0,377.0,367.0,404.0,430.0,389.0,329.0,379.5,376.0,395.84615384615387,11.150485789118497,16.64760815080814,-16.346153846153868,-19.846153846153868,-0.04129420909444237,0.0,0.0,0
SKU017,2026-05-25,7,408.0,0,0,0,0,No Promotion,5,2,2026,22,0.46472317204376906,-0.8854560256532096,0.49999999999999994,-0.8660254037844387,Furniture,Chair,4213.59,7593.32,363.0,380.0,394.0,370.0,399.0,447.0,333.0,378.5,370.875,390.6923076923077,12.714820748507108,12.620136970051218,-12.19230769230768,-19.81730769230768,-0.031206930498129504,0.0,0.0,0
SKU017,2026-06-01,7,409.0,0,0,0,0,No Promotion,6,2,2026,23,0.35460488704253584,-0.9350162426854147,1.2246467991473532e-16,-1.0,Furniture,Chair,4213.59,7593.32,408.0,363.0,377.0,363.0,358.0,391.0,414.0,382.0,375.625,391.38461538461536,18.8502873541316,18.17327315435647,-9.384615384615358,-15.759615384615358,-0.023977987421383573,0.0,0.0,0
SKU017,2026-06-08,7,503.0,5,0,1,0,Summer Sale,6,2,2026,24,0.23931566428755768,-0.970941817426052,1.2246467991473532e-16,-1.0,Furniture,Chair,4213.59,7593.32,409.0,408.0,380.0,353.0,426.0,389.0,425.0,390.0,381.375,395.3076923076923,22.464787260658998,20.708435134366916,-5.307692307692321,-13.93269230769232,-0.013426736719206134,390.0,0.7142857142857143,0
SKU017,2026-06-15,7,557.0,6,0,1,0,Summer Sale,6,2,2026,25,0.12053668025532308,-0.992708874098054,1.2246467991473532e-16,-1.0,Furniture,Chair,4213.59,7593.32,503.0,409.0,363.0,367.0,525.0,544.0,475.0,420.75,400.125,401.2307692307692,58.8805287566838,45.002976092063655,19.519230769230774,-1.1057692307692264,0.048648389570552064,420.75,0.8571428571428571,0
SKU017,2026-06-22,7,471.0,0,0,0,0,No Promotion,6,2,2026,26,-3.216245299353273e-16,-1.0,1.2246467991473532e-16,-1.0,Furniture,Chair,4213.59,7593.32,557.0,503.0,408.0,394.0,404.0,559.0,377.0,469.25,423.875,403.6923076923077,73.53173917885165,68.84441568804668,65.55769230769232,20.18269230769232,0.16239519817073167,0.0,0.0,0
SKU018,2025-01-06,7,571.0,3,0,1,0,New Year Sale,1,1,2025,2,0.23931566428755774,0.970941817426052,0.49999999999999994,0.8660254037844387,Home Decor,Clock,,3475.7,,,,,,,,,,,,,,,,,0.42857142857142855,0
SKU018,2025-01-13,7,632.0,3,0,1,0,New Year Sale,1,1,2025,3,0.3546048870425356,0.9350162426854148,0.49999999999999994,0.8660254037844387,Home Decor,Clock,,3475.7,571.0,,,,,,,,,,,,,,,,0.42857142857142855,0
SKU018,2025-01-20,7,545.0,0,1,0,1,No Promotion,1,1,2025,4,0.4647231720437685,0.8854560256532099,0.49999999999999994,0.8660254037844387,Home Decor,Clock,,3475.7,632.0,571.0,,,,,,,,,,,,,,,0.0,0
SKU018,2025-01-27,7,528.0,0,0,0,0,No Promotion,1,1,2025,5,0.5680647467311558,0.8229838658936564,0.49999999999999994,0.8660254037844387,Home Decor,Clock,,3475.7,545.0,632.0,,,,,,,,,,,,,,,0.0,0
SKU018,2025-02-03,7,527.0,0,0,0,0,No Promotion,2,1,2025,6,0.6631226582407952,0.7485107481711011,0.8660254037844386,0.5000000000000001,Home Decor,Clock,,3475.7,528.0,545.0,571.0,,,,,569.0,,,45.57045826702498,,,,,0.0,0.0,0
SKU018,2025-02-10,7,595.0,0,0,0,0,No Promotion,2,1,2025,7,0.7485107481711011,0.6631226582407953,0.8660254037844386,0.5000000000000001,Home Decor,Clock,,3475.7,527.0,528.0,632.0,,,,,558.0,,,50.019996001599196,,,,,0.0,0.0,0
SKU018,2025-02-17,7,522.0,0,0,0,0,No Promotion,2,1,2025,8,0.8229838658936564,0.5680647467311559,0.8660254037844386,0.5000000000000001,Home Decor,Clock,,3475.7,595.0,527.0,545.0,,,,,548.75,,,31.920474098400646,,,,,0.0,0.0,0
SKU018,2025-02-24,7,547.0,0,0,0,0,No Promotion,2,1,2025,9,0.8854560256532099,0.4647231720437686,0.8660254037844386,0.5000000000000001,Home Decor,Clock,,3475.7,522.0,595.0,528.0,,,,,543.0,,,34.76588366008646,,,,,0.0,0.0,0
SKU018,2025-03-03,7,493.0,0,0,0,0,No Promotion,3,1,2025,10,0.9350162426854148,0.35460488704253557,1.0,6.123233995736766e-17,Home Decor,Clock,,3475.7,547.0,522.0,527.0,571.0,,,,547.75,558.375,,33.300400397993215,38.6557609825865,,,,0.0,0.0,0
SKU018,2025-03-10,7,533.0,0,0,0,0,No Promotion,3,1,2025,11,0.970941817426052,0.23931566428755804,1.0,6.123233995736766e-17,Home Decor,Clock,,3475.7,493.0,547.0,595.0,632.0,,,,539.25,548.625,,43.2232576282723,44.42308762665776,,,,0.0,0.0,0
SKU018,2025-03-17,7,614.0,4,0,1,0,Spring Sale,3,1,2025,12,0.992708874098054,0.120536680255323,1.0,6.123233995736766e-17,Home Decor,Clock,,3475.7,533.0,493.0,522.0,545.0,,,,523.75,536.25,,22.91105992019281,28.986450036427097,,,,523.75,0.5714285714285714,0
SKU018,2025-03-24,7,637.0,4,0,1,0,Spring Sale,3,1,2025,13,1.0,-1.6081226496766366e-16,1.0,6.123233995736766e-17,Home Decor,Clock,,3475.7,614.0,533.0,547.0,528.0,,,,546.75,544.875,,50.33471300537365,40.097871336447334,,,,546.75,0.5714285714285714,0
SKU018,2025-03-31,7,447.0,0,0,0,0,No Promotion,3,1,2025,14,0.992708874098054,-0.12053668025532288,1.0,6.123233995736766e-17,Home Decor,Clock,,3475.7,637.0,614.0,493.0,527.0,,,,569.25,558.5,,67.62827318018206,50.66979940189787,,,,0.0,0.0,0
SKU018,2025-04-07,7,490.0,0,0,0,0,No Promotion,4,2,2025,15,0.9709418174260521,-0.2393156642875575,0.8660254037844387,-0.4999999999999998,Home Decor,Clock,,3475.7,447.0,637.0,533.0,595.0,571.0,,,557.75,548.5,553.1538461538462,86.26074812257696,63.93300064464806,4.596153846153811,-4.653846153846189,0.008308997357808323,0.0,0.0,0
SKU018,2025-04-14,7,530.0,0,0,0,0,No Promotion,4,2,2025,16,0.9350162426854148,-0.35460488704253545,0.8660254037844387,-0.4999999999999998,Home Decor,Clock,,3475.7,490.0,447.0,614.0,522.0,632.0,,,547.0,535.375,546.9230769230769,92.80445391610611,63.80089005200923,0.07692307692309441,-11.548076923076906,0.00014064697609006416,0.0,0.0,0
SKU018,2025-04-21,7,478.0,0,0,0,0,No Promotion,4,2,2025,17,0.8854560256532099,-0.4647231720437685,0.8660254037844387,-0.4999999999999998,Home Decor,Clock,,3475.7,530.0,490.0,637.0,547.0,545.0,,,526.0,536.375,539.0769230769231,81.39205530435181,63.623754548573615,-13.076923076923094,-2.7019230769230944,-0.02425799086757996,0.0,0.0,0
SKU018,2025-04-28,7,544.0,0,0,0,0,No Promotion,4,2,2025,18,0.8229838658936565,-0.5680647467311557,0.8660254037844387,-0.4999999999999998,Home Decor,Clock,,3475.7,478.0,530.0,447.0,493.0,528.0,,,486.25,527.75,533.9230769230769,34.335355927478936,66.58560548003493,-47.673076923076906,-6.173076923076906,-0.08928828699034719,0.0,0.0,0
SKU018,2025-05-05,7,486.0,0,0,0,0,No Promotion,5,2,2025,19,0.7485107481711013,-0.663122658240795,0.49999999999999994,-0.8660254037844387,Home Decor,Clock,,3475.7,544.0,478.0,490.0,533.0,527.0,,,510.5,534.125,535.1538461538462,31.51190251317741,65.21051076541046,-24.65384615384619,-1.0288461538461888,-0.04606870777634042,0.0,0.0,0
SKU018,2025-05-12,7,483.0,0,0,0,0,No Promotion,5,2,2025,20,0.6631226582407952,-0.7485107481711012,0.49999999999999994,-0.8660254037844387,Home Decor,Clock,,3475.7,486.0,544.0,530.0,614.0,595.0,,,509.5,528.25,532.0,32.42941051987629,67.40654906715561,-22.5,-3.75,-0.042293233082706716,0.0,0.0,0
SKU018,2025-05-19,7,476.0,0,0,0,0,No Promotion,5,2,2025,21,0.5680647467311558,-0.8229838658936564,0.49999999999999994,-0.8660254037844387,Home Decor,Clock,,3475.7,483.0,486.0,478.0,637.0,522.0,,,497.75,511.875,523.3846153846154,31.00940717481278,58.985318996703384,-25.63461538461536,-11.509615384615358,-0.04897854203409757,0.0,0.0,0
SKU018,2025-05-26,7,480.0,0,0,0,0,No Promotion,5,2,2025,22,0.46472317204376906,-0.8854560256532096,0.49999999999999994,-0.8660254037844387,Home Decor,Clock,,3475.7,476.0,483.0,544.0,447.0,547.0,,,497.25,491.75,519.8461538461538,31.447045436203755,31.04259746127661,-22.59615384615381,-28.09615384615381,-0.0434670020716188,0.0,0.0,0
SKU018,2025-06-02,7,628.0,0,0,0,0,No Promotion,6,2,2025,23,0.35460488704253584,-0.9350162426854147,1.2246467991473532e-16,-1.0,Home Decor,Clock,,3475.7,480.0,476.0,486.0,490.0,493.0,,,481.25,495.875,514.6923076923077,4.272001872658423,26.03534685219856,-33.442307692307736,-18.817307692307736,-0.06497534000896732,0.0,0.0,0
SKU018,2025-06-09,7,775.0,6,0,1,0,Summer Sale,6,2,2025,24,0.23931566428755768,-0.970941817426052,1.2246467991473532e-16,-1.0,Home Decor,Clock,,3475.7,628.0,480.0,483.0,530.0,533.0,,,516.75,513.125,525.0769230769231,74.22207667983066,53.16668532616481,-8.326923076923094,-11.951923076923094,-0.015858482273659602,516.75,0.8571428571428571,0
SKU018,2025-06-16,7,727.0,5,0,1,0,Summer Sale,6,2,2025,25,0.12053668025532308,-0.992708874098054,1.2246467991473532e-16,-1.0,Home Decor,Clock,,3475.7,775.0,628.0,476.0,478.0,614.0,,,589.75,543.75,543.6923076923077,142.3197690648304,107.28966133123652,46.057692307692264,0.05769230769226397,0.08471279003961518,589.75,0.7142857142857143,0
SKU018,2025-06-23,7,606.0,0,0,0,0,No Promotion,6,2,2025,26,-3.216245299353273e-16,-1.0,1.2246467991473532e-16,-1.0,Home Decor,Clock,,3475.7,727.0,775.0,480.0,544.0,637.0,,,652.5,574.875,552.3846153846154,130.2727907124124,120.7623847538155,100.11538461538464,22.49038461538464,0.1812421668291324,0.0,0.0,0
SKU018,2025-06-30,7,526.0,0,0,0,0,No Promotion,6,2,2025,27,-0.12053668025532283,-0.992708874098054,1.2246467991473532e-16,-1.0,Home Decor,Clock,,3475.7,606.0,727.0,628.0,486.0,447.0,,,684.0,582.625,550.0,80.31189202104504,120.48703249727747,134.0,32.625,0.24363636363636365,0.0,0.0,0
SKU018,2025-07-07,7,522.0,0,0,0,0,No Promotion,7,3,2025,28,-0.23931566428755743,-0.9709418174260521,-0.4999999999999997,-0.8660254037844388,Home Decor,Clock,,3475.7,526.0,606.0,775.0,483.0,490.0,571.0,,658.5,587.625,556.0769230769231,113.39753083731583,116.67407289417082,102.4230769230769,31.548076923076906,0.18418868446534797,0.0,0.0,0
SKU018,2025-07-14,7,568.0,0,0,0,0,No Promotion,7,3,2025,29,-0.3546048870425356,-0.9350162426854148,-0.4999999999999997,-0.8660254037844388,Home Decor,Clock,,3475.7,522.0,526.0,727.0,476.0,530.0,632.0,,595.25,592.5,558.5384615384615,95.97699377107686,112.41504728968829,36.71153846153845,33.96153846153845,0.06572786117614648,0.0,0.0,0
SKU018,2025-07-21,7,561.0,0,0,0,0,No Promotion,7,3,2025,30,-0.46472317204376806,-0.8854560256532101,-0.4999999999999997,-0.8660254037844388,Home Decor,Clock,,3475.7,568.0,522.0,606.0,480.0,478.0,545.0,,555.5,604.0,561.4615384615385,39.57692930652058,103.11574633806973,-5.961538461538453,42.53846153846155,-0.01061789286203585,0.0,0.0,0
SKU018,2025-07-28,7,598.0,0,0,0,0,No Promotion,7,3,2025,31,-0.5680647467311556,-0.8229838658936566,-0.4999999999999997,-0.8660254037844388,Home Decor,Clock,,3475.7,561.0,568.0,526.0,628.0,544.0,528.0,,544.25,614.125,567.8461538461538,23.613202521753102,92.64592736403935,-23.59615384615381,46.27884615384619,-0.04155377946355998,0.0,0.0,0
SKU018,2025-08-04,7,537.0,0,0,0,0,No Promotion,8,3,2025,32,-0.663122658240795,-0.7485107481711013,-0.8660254037844385,-0.5000000000000004,Home Decor,Clock,,3475.7,598.0,561.0,522.0,775.0,486.0,527.0,,562.25,610.375,572.0,31.266329067118296,92.611226564139,-9.75,38.375,-0.017045454545454586,0.0,0.0,0
SKU018,2025-08-11,7,654.0,0,1,0,1,No Promotion,8,3,2025,33,-0.7485107481711011,-0.6631226582407952,-0.8660254037844385,-0.5000000000000004,Home Decor,Clock,,3475.7,537.0,598.0,568.0,727.0,483.0,595.0,,566.0,580.625,575.9230769230769,25.1263473933902,66.80448552091607,-9.923076923076906,4.701923076923094,-0.017229865099505748,0.0,0.0,0
SKU018,2025-08-18,7,559.0,0,0,0,0,No Promotion,8,3,2025,34,-0.8229838658936564,-0.5680647467311559,-0.8660254037844385,-0.5000000000000004,Home Decor,Clock,,3475.7,654.0,537.0,561.0,606.0,476.0,522.0,,587.5,571.5,589.0769230769231,50.94114250780004,45.56314299957806,-1.5769230769230944,-17.576923076923094,-0.002676939148602786,0.0,0.0,0
SKU018,2025-08-25,7,599.0,0,0,0,0,No Promotion,8,3,2025,35,-0.8854560256532096,-0.4647231720437691,-0.8660254037844385,-0.5000000000000004,Home Decor,Clock,,3475.7,559.0,654.0,598.0,526.0,480.0,547.0,,587.0,565.625,595.4615384615385,51.296523598908,43.46077870579731,-8.461538461538453,-29.836538461538453,-0.014210050381087691,0.0,0.0,0
SKU018,2025-09-01,7,546.0,0,0,0,0,No Promotion,9,3,2025,36,-0.9350162426854147,-0.3546048870425359,-1.0,-1.8369701987210297e-16,Home Decor,Clock,,3475.7,599.0,559.0,537.0,522.0,628.0,493.0,,587.25,574.75,604.6153846153846,51.37038705973178,41.575233011974795,-17.36538461538464,-29.86538461538464,-0.02872137404580155,0.0,0.0,0
SKU018,2025-09-08,7,485.0,0,0,0,0,No Promotion,9,3,2025,37,-0.970941817426052,-0.23931566428755774,-1.0,-1.8369701987210297e-16,Home Decor,Clock,,3475.7,546.0,599.0,654.0,568.0,775.0,533.0,,589.5,577.75,598.3076923076923,48.55580981372527,37.93132892854814,-8.807692307692264,-20.557692307692264,-0.014721007971200795,0.0,0.0,0
SKU018,2025-09-15,7,480.0,0,0,0,0,No Promotion,9,3,2025,38,-0.992708874098054,-0.12053668025532357,-1.0,-1.8369701987210297e-16,Home Decor,Clock,,3475.7,485.0,546.0,559.0,561.0,727.0,614.0,,547.25,567.375,576.0,47.232580563279186,50.31028721842083,-28.75,-8.625,-0.04991319444444442,0.0,0.0,0
SKU018,2025-09-22,7,510.0,0,0,0,0,No Promotion,9,3,2025,39,-1.0,-1.8369701987210297e-16,-1.0,-1.8369701987210297e-16,Home Decor,Clock,,3475.7,480.0,485.0,599.0,598.0,606.0,637.0,,527.5,557.25,557.0,56.323470537009044,59.15053435334049,-29.5,0.25,-0.052962298025134635,0.0,0.0,0
SKU018,2025-09-29,7,600.0,5,1,1,1,Festive Sale,9,3,2025,40,-0.992708874098054,0.1205366802553232,-1.0,-1.8369701987210297e-16,Home Decor,Clock,,3475.7,510.0,480.0,546.0,537.0,526.0,447.0,,505.25,546.25,549.6153846153846,30.170349683091064,58.67038678681337,-44.36538461538464,-3.3653846153846416,-0.08072078376487057,505.25,0.7142857142857143,1
SKU018,2025-10-06,7,637.0,5,0,1,0,Festive Sale,10,4,2025,41,-0.9709418174260521,0.23931566428755738,-0.8660254037844386,0.5000000000000001,Home Decor,Clock,,3475.7,600.0,510.0,485.0,654.0,522.0,490.0,,518.75,554.125,555.3076923076923,55.73374202401982,61.41530172289545,-36.557692307692264,-1.182692307692264,-0.06583321789721563,518.75,0.7142857142857143,0
SKU018,2025-10-13,7,486.0,0,0,0,0,No Promotion,10,4,2025,42,-0.9350162426854148,0.35460488704253557,-0.8660254037844386,0.5000000000000001,Home Decor,Clock,,3475.7,637.0,600.0,480.0,559.0,568.0,530.0,,556.75,552.0,564.1538461538462,73.90703620089222,57.644229050765716,-7.403846153846189,-12.153846153846189,-0.013123806926643056,0.0,0.0,0
SKU018,2025-10-20,7,465.0,0,0,0,0,No Promotion,10,4,2025,43,-0.8854560256532101,0.464723172043768,-0.8660254037844386,0.5000000000000001,Home Decor,Clock,,3475.7,486.0,637.0,510.0,599.0,561.0,478.0,,558.25,542.875,557.8461538461538,71.86271634164682,61.99179093119622,0.4038461538461888,-14.971153846153811,0.0007239382239383474,0.0,0.0,0
SKU018,2025-10-27,7,467.0,0,1,0,1,No Promotion,10,4,2025,44,-0.822983865893657,0.5680647467311548,-0.8660254037844386,0.5000000000000001,Home Decor,Clock,,3475.7,465.0,486.0,600.0,546.0,598.0,544.0,,547.0,526.125,550.4615384615385,84.36824046997776,62.75903463702599,-3.461538461538453,-24.336538461538453,-0.006288429290106201,0.0,0.0,0
SKU018,2025-11-03,7,520.0,0,0,0,0,No Promotion,11,4,2025,45,-0.7485107481711011,0.6631226582407952,-0.5000000000000004,0.8660254037844384,Home Decor,Clock,,3475.7,467.0,465.0,637.0,485.0,537.0,486.0,,513.75,516.25,540.3846153846154,82.70983415934685,65.34687663319713,-26.63461538461536,-24.13461538461536,-0.04928825622775801,0.0,0.0,0
SKU018,2025-11-10,7,479.0,0,0,0,0,No Promotion,11,4,2025,46,-0.6631226582407955,0.7485107481711007,-0.5000000000000004,0.8660254037844384,Home Decor,Clock,,3475.7,520.0,467.0,486.0,480.0,654.0,483.0,,484.5,520.625,539.0769230769231,25.488559525141092,64.11582710777648,-54.576923076923094,-18.451923076923094,-0.10124143835616439,0.0,0.0,0
SKU018,2025-11-17,7,570.0,4,0,1,0,Black Friday,11,4,2025,47,-0.5680647467311559,0.8229838658936564,-0.5000000000000004,0.8660254037844384,Home Decor,Clock,,3475.7,479.0,520.0,465.0,510.0,559.0,476.0,,482.75,520.5,525.6153846153846,25.59133968096748,64.20725370681593,-42.86538461538464,-5.115384615384642,-0.08155275867115475,482.75,0.5714285714285714,0
SKU018,2025-11-24,7,648.0,7,0,1,0,Black Friday,11,4,2025,48,-0.4647231720437684,0.88545602565321,-0.5000000000000004,0.8660254037844384,Home Decor,Clock,,3475.7,570.0,479.0,467.0,600.0,599.0,480.0,,509.0,528.0,526.4615384615385,46.56894530335275,66.27647718890488,-17.461538461538453,1.5384615384615472,-0.033167738164815885,509.0,1.0,0
SKU018,2025-12-01,7,544.0,0,0,0,0,No Promotion,12,4,2025,49,-0.35460488704253595,0.9350162426854147,-2.4492935982947064e-16,1.0,Home Decor,Clock,,3475.7,648.0,570.0,520.0,637.0,546.0,628.0,,554.25,534.0,530.2307692307693,72.7386875511695,75.28612089887484,24.019230769230717,3.7692307692307168,0.04529957928333084,0.0,0.0,0
SKU018,2025-12-08,7,528.0,0,0,0,0,No Promotion,12,4,2025,50,-0.2393156642875578,0.970941817426052,-2.4492935982947064e-16,1.0,Home Decor,Clock,,3475.7,544.0,648.0,479.0,486.0,485.0,775.0,,560.25,522.375,530.0769230769231,69.9064851545739,63.342464880543275,30.173076923076906,-7.701923076923094,0.056922072268175805,0.0,0.0,0
SKU018,2025-12-15,7,783.0,7,0,1,0,Year End Sale,12,4,2025,51,-0.12053668025532363,0.992708874098054,-2.4492935982947064e-16,1.0,Home Decor,Clock,,3475.7,528.0,544.0,570.0,465.0,480.0,727.0,,572.5,527.625,533.3846153846154,53.225933528685,61.6138609173525,39.11538461538464,-5.759615384615358,0.07333429477934827,572.5,1.0,0
SKU018,2025-12-22,7,843.0,7,1,1,1,Year End Sale,12,4,2025,52,6.432490598706546e-16,1.0,-2.4492935982947064e-16,1.0,Home Decor,Clock,,3475.7,783.0,528.0,648.0,467.0,510.0,606.0,,625.75,567.375,556.6923076923077,117.55955937311093,103.66696332831538,69.05769230769226,10.682692307692264,0.12405002072682048,625.75,1.0,1
SKU018,2025-12-29,7,661.0,3,0,1,0,Year End Sale,12,4,2025,1,0.12053668025532305,0.992708874098054,-2.4492935982947064e-16,1.0,Home Decor,Clock,,3475.7,843.0,783.0,544.0,520.0,600.0,526.0,,674.5,614.375,582.3076923076923,161.9228211216689,132.7994594438224,92.19230769230774,32.067307692307736,0.15832232496697496,674.5,0.42857142857142855,0
SKU018,2026-01-05,7,598.0,0,0,0,0,No Promotion,1,1,2026,2,0.23931566428755774,0.970941817426052,0.49999999999999994,0.8660254037844387,Home Decor,Clock,,3475.7,661.0,843.0,528.0,479.0,637.0,522.0,571.0,703.75,632.0,587.0,139.50716827460872,127.7452822724078,116.75,45.0,0.19889267461669502,0.0,0.0,0
SKU018,2026-01-12,7,600.0,0,0,0,0,No Promotion,1,1,2026,3,0.3546048870425356,0.9350162426854148,0.49999999999999994,0.8660254037844387,Home Decor,Clock,,3475.7,598.0,661.0,783.0,570.0,486.0,568.0,632.0,721.25,646.875,584.0,111.73890698111076,113.52084453023218,137.25,62.875,0.23501712328767121,0.0,0.0,0
SKU018,2026-01-19,7,586.0,0,0,0,0,No Promotion,1,1,2026,4,0.4647231720437685,0.8854560256532099,0.49999999999999994,0.8660254037844387,Home Decor,Clock,,3475.7,600.0,598.0,843.0,648.0,465.0,561.0,545.0,675.5,650.625,592.7692307692307,115.43107611615393,111.08804423262016,82.73076923076928,57.85576923076928,0.13956657150272522,0.0,0.0,0
SKU018,2026-01-26,7,601.0,0,1,0,1,No Promotion,1,1,2026,5,0.5680647467311558,0.8229838658936564,0.49999999999999994,0.8660254037844387,Home Decor,Clock,,3475.7,586.0,600.0,661.0,544.0,467.0,598.0,528.0,611.25,642.875,602.0769230769231,33.73796081567445,113.43523954851321,9.173076923076906,40.798076923076906,0.015235722499041815,0.0,0.0,0
SKU018,2026-02-02,7,577.0,0,0,0,0,No Promotion,2,1,2026,6,0.6631226582407952,0.7485107481711011,0.8660254037844386,0.5000000000000001,Home Decor,Clock,,3475.7,601.0,586.0,598.0,528.0,520.0,537.0,527.0,596.25,650.0,612.3846153846154,6.946221994723724,107.9973544649524,-16.13461538461536,37.61538461538464,-0.02634719256374818,0.0,0.0,0
SKU018,2026-02-09,7,580.0,0,0,0,0,No Promotion,2,1,2026,7,0.7485107481711011,0.6631226582407953,0.8660254037844386,0.5000000000000001,Home Decor,Clock,,3475.7,577.0,601.0,600.0,783.0,479.0,654.0,595.0,591.0,656.125,616.7692307692307,11.57583690278951,101.269707076838,-25.769230769230717,39.35576923076928,-0.04178099276627578,0.0,0.0,0
SKU018,2026-02-16,7,576.0,0,0,0,0,No Promotion,2,1,2026,8,0.8229838658936564,0.5680647467311559,0.8660254037844386,0.5000000000000001,Home Decor,Clock,,3475.7,580.0,577.0,586.0,843.0,570.0,559.0,522.0,586.0,630.75,624.5384615384615,10.677078252030537,89.71024786181663,-38.53846153846155,6.211538461538453,-0.061707106786550114,0.0,0.0,0
SKU018,2026-02-23,7,564.0,0,0,0,0,No Promotion,2,1,2026,9,0.8854560256532099,0.4647231720437686,0.8660254037844386,0.5000000000000001,Home Decor,Clock,,3475.7,576.0,580.0,601.0,661.0,648.0,599.0,547.0,583.5,597.375,625.0,11.789826122550894,27.702178872531256,-41.5,-27.625,-0.06640000000000001,0.0,0.0,0
SKU018,2026-03-02,7,600.0,0,0,0,0,No Promotion,3,1,2026,10,0.9350162426854148,0.35460488704253557,1.0,6.123233995736766e-17,Home Decor,Clock,,3475.7,564.0,576.0,577.0,598.0,544.0,546.0,493.0,574.25,585.25,618.5384615384615,7.041543391424669,13.424391446702119,-44.28846153846155,-33.28846153846155,-0.0716017908220371,0.0,0.0,0
SKU018,2026-03-09,7,561.0,1,0,1,0,Spring Sale,3,1,2026,11,0.970941817426052,0.23931566428755804,1.0,6.123233995736766e-17,Home Decor,Clock,,3475.7,600.0,564.0,580.0,600.0,528.0,485.0,533.0,580.0,585.5,622.8461538461538,14.966629547095193,13.711309200802207,-42.84615384615381,-37.34615384615381,-0.06879091021365935,580.0,0.14285714285714285,0
SKU018,2026-03-16,7,814.0,7,0,1,0,Spring Sale,3,1,2026,12,0.992708874098054,0.120536680255323,1.0,6.123233995736766e-17,Home Decor,Clock,,3475.7,561.0,600.0,576.0,586.0,783.0,480.0,614.0,575.25,580.625,625.3846153846154,17.727097901235354,14.71575928821122,-50.13461538461536,-44.75961538461536,-0.0801660516605166,575.25,1.0,0
SKU018,2026-03-23,7,650.0,3,0,1,0,Spring Sale,3,1,2026,13,1.0,-1.6081226496766366e-16,1.0,6.123233995736766e-17,Home Decor,Clock,,3475.7,814.0,561.0,564.0,601.0,843.0,510.0,637.0,634.75,609.125,627.7692307692307,120.8066637234883,84.05174851584844,6.980769230769283,-18.644230769230717,0.011119960789119032,634.75,0.42857142857142855,0
SKU018,2026-03-30,7,527.0,0,0,0,0,No Promotion,3,1,2026,14,0.992708874098054,-0.12053668025532288,1.0,6.123233995736766e-17,Home Decor,Clock,,3475.7,650.0,814.0,600.0,577.0,661.0,600.0,447.0,656.25,615.25,612.9230769230769,111.2965258517383,85.15322324240833,43.326923076923094,2.3269230769230944,0.07068900602409633,0.0,0.0,0
SKU018,2026-04-06,7,544.0,0,0,0,0,No Promotion,4,2,2026,15,0.9709418174260521,-0.2393156642875575,0.8660254037844387,-0.4999999999999998,Home Decor,Clock,,3475.7,527.0,650.0,561.0,580.0,598.0,637.0,490.0,638.0,609.0,602.6153846153846,128.28354012369104,90.05553841935543,35.38461538461536,6.384615384615358,0.05871840694408981,0.0,0.0,0
SKU018,2026-04-13,7,525.0,0,0,0,0,No Promotion,4,2,2026,16,0.9350162426854148,-0.35460488704253545,0.8660254037844387,-0.4999999999999998,Home Decor,Clock,,3475.7,544.0,527.0,814.0,576.0,600.0,486.0,530.0,633.75,604.5,598.4615384615385,131.91506105571614,92.57583763750515,35.28846153846155,6.038461538461547,0.058965295629820114,0.0,0.0,0
SKU018,2026-04-20,7,542.0,0,0,0,0,No Promotion,4,2,2026,17,0.8854560256532099,-0.4647231720437685,0.8660254037844387,-0.4999999999999998,Home Decor,Clock,,3475.7,525.0,544.0,650.0,564.0,586.0,465.0,478.0,561.5,598.125,592.6923076923077,59.612638481002044,96.49195007134756,-31.192307692307736,5.432692307692264,-0.0526281635301753,0.0,0.0,0
SKU018,2026-04-27,7,578.0,0,0,0,0,No Promotion,4,2,2026,18,0.8229838658936565,-0.5680647467311557,0.8660254037844387,-0.4999999999999998,Home Decor,Clock,,3475.7,542.0,525.0,527.0,600.0,601.0,467.0,544.0,534.5,595.375,589.3076923076923,9.882644720248019,97.90656989483102,-54.807692307692264,6.067307692307736,-0.09300352434408032,0.0,0.0,0
SKU018,2026-05-04,7,560.0,0,0,0,0,No Promotion,5,2,2026,19,0.7485107481711013,-0.663122658240795,0.49999999999999994,-0.8660254037844387,Home Decor,Clock,,3475.7,578.0,542.0,544.0,561.0,577.0,520.0,486.0,547.25,592.625,587.5384615384615,22.201726659578664,98.06694142268333,-40.28846153846155,5.086538461538453,-0.06857161560617964,0.0,0.0,0
SKU018,2026-05-11,7,568.0,0,0,0,0,No Promotion,5,2,2026,20,0.6631226582407952,-0.7485107481711012,0.49999999999999994,-0.8660254037844387,Home Decor,Clock,,3475.7,560.0,578.0,525.0,814.0,580.0,479.0,483.0,551.25,592.5,586.2307692307693,22.852789764052424,98.11363673967914,-34.98076923076928,6.269230769230717,-0.05967064689673285,0.0,0.0,0
SKU018,2026-05-18,7,533.0,0,0,0,0,No Promotion,5,2,2026,21,0.5680647467311558,-0.8229838658936564,0.49999999999999994,-0.8660254037844387,Home Decor,Clock,,3475.7,568.0,560.0,542.0,650.0,576.0,570.0,476.0,562.0,561.75,585.3076923076923,15.231546211727135,40.2802681222457,-23.307692307692264,-23.557692307692264,-0.039821264292285385,0.0,0.0,0
SKU018,2026-05-25,7,565.0,0,0,0,0,No Promotion,5,2,2026,22,0.46472317204376906,-0.8854560256532096,0.49999999999999994,-0.8660254037844387,Home Decor,Clock,,3475.7,533.0,568.0,578.0,527.0,564.0,648.0,480.0,559.75,547.125,582.0,19.2937813815742,19.584523773341395,-22.25,-34.875,-0.038230240549828154,0.0,0.0,0
SKU018,2026-06-01,7,656.0,0,0,0,0,No Promotion,6,2,2026,23,0.35460488704253584,-0.9350162426854147,1.2246467991473532e-16,-1.0,Home Decor,Clock,,3475.7,565.0,533.0,560.0,544.0,600.0,544.0,628.0,556.5,551.875,582.0769230769231,16.01041327802978,18.589071290104147,-25.576923076923094,-30.201923076923094,-0.04394079555966701,0.0,0.0,0
SKU018,2026-06-08,7,816.0,5,0,1,0,Summer Sale,6,2,2026,24,0.23931566428755768,-0.970941817426052,1.2246467991473532e-16,-1.0,Home Decor,Clock,,3475.7,656.0,565.0,568.0,525.0,561.0,528.0,775.0,580.5,565.875,586.3846153846154,52.766782480394916,40.76215857175101,-5.884615384615358,-20.50961538461536,-0.010035419126328216,580.5,0.7142857142857143,0
SKU018,2026-06-15,7,861.0,6,0,1,0,Summer Sale,6,2,2026,25,0.12053668025532308,-0.992708874098054,1.2246467991473532e-16,-1.0,Home Decor,Clock,,3475.7,816.0,656.0,533.0,542.0,814.0,783.0,727.0,642.5,602.25,606.0,126.86081612013477,94.06494716797694,36.5,-3.75,0.06023102310231021,642.5,0.8571428571428571,0
SKU018,2026-06-22,7,665.0,0,0,0,0,No Promotion,6,2,2026,26,-3.216245299353273e-16,-1.0,1.2246467991473532e-16,-1.0,Home Decor,Clock,,3475.7,861.0,816.0,565.0,578.0,650.0,843.0,606.0,724.5,642.125,609.6153846153846,138.0060385152282,126.79503989848004,114.88461538461536,32.50961538461536,0.1884542586750788,0.0,0.0,0
SKU019,2025-01-06,7,280.0,3,0,1,0,New Year Sale,1,1,2025,2,0.23931566428755774,0.970941817426052,0.49999999999999994,0.8660254037844387,Small Appliances,Toaster,2121.15,3034.18,,,,,,,,,,,,,,,,,0.42857142857142855,0
SKU019,2025-01-13,7,305.0,3,0,1,0,New Year Sale,1,1,2025,3,0.3546048870425356,0.9350162426854148,0.49999999999999994,0.8660254037844387,Small Appliances,Toaster,2121.15,3034.18,280.0,,,,,,,,,,,,,,,,0.42857142857142855,0
SKU019,2025-01-20,7,255.0,0,1,0,1,No Promotion,1,1,2025,4,0.4647231720437685,0.8854560256532099,0.49999999999999994,0.8660254037844387,Small Appliances,Toaster,2121.15,3034.18,305.0,280.0,,,,,,,,,,,,,,,0.0,0
SKU019,2025-01-27,7,269.0,0,0,0,0,No Promotion,1,1,2025,5,0.5680647467311558,0.8229838658936564,0.49999999999999994,0.8660254037844387,Small Appliances,Toaster,2121.15,3034.18,255.0,305.0,,,,,,,,,,,,,,,0.0,0
SKU019,2025-02-03,7,262.0,0,0,0,0,No Promotion,2,1,2025,6,0.6631226582407952,0.7485107481711011,0.8660254037844386,0.5000000000000001,Small Appliances,Toaster,2121.15,3034.18,269.0,255.0,280.0,,,,,277.25,,,21.140403654298247,,,,,0.0,0.0,0
SKU019,2025-02-10,7,272.0,0,0,0,0,No Promotion,2,1,2025,7,0.7485107481711011,0.6631226582407953,0.8660254037844386,0.5000000000000001,Small Appliances,Toaster,2121.15,3034.18,262.0,269.0,305.0,,,,,272.75,,,22.246722605064022,,,,,0.0,0.0,0
SKU019,2025-02-17,7,266.0,0,0,0,0,No Promotion,2,1,2025,8,0.8229838658936564,0.5680647467311559,0.8660254037844386,0.5000000000000001,Small Appliances,Toaster,2121.15,3034.18,272.0,262.0,255.0,,,,,264.5,,,7.593857166596335,,,,,0.0,0.0,0
SKU019,2025-02-24,7,238.0,0,0,0,0,No Promotion,2,1,2025,9,0.8854560256532099,0.4647231720437686,0.8660254037844386,0.5000000000000001,Small Appliances,Toaster,2121.15,3034.18,266.0,272.0,269.0,,,,,267.25,,,4.272001872658742,,,,,0.0,0.0,0
SKU019,2025-03-03,7,243.0,0,0,0,0,No Promotion,3,1,2025,10,0.9350162426854148,0.35460488704253557,1.0,6.123233995736766e-17,Small Appliances,Toaster,2121.15,3034.18,238.0,266.0,262.0,280.0,,,,259.5,268.375,,14.910846164230025,19.41234879437019,,,,0.0,0.0,0
SKU019,2025-03-10,7,255.0,0,0,0,0,No Promotion,3,1,2025,11,0.970941817426052,0.23931566428755804,1.0,6.123233995736766e-17,Small Appliances,Toaster,2121.15,3034.18,243.0,238.0,272.0,305.0,,,,254.75,263.75,,16.760568804985905,20.617260452626304,,,,0.0,0.0,0
SKU019,2025-03-17,7,302.0,4,0,1,0,Spring Sale,3,1,2025,12,0.992708874098054,0.120536680255323,1.0,6.123233995736766e-17,Small Appliances,Toaster,2121.15,3034.18,255.0,243.0,266.0,255.0,,,,250.5,257.5,,12.556538801224908,12.177262183500616,,,,250.5,0.5714285714285714,0
SKU019,2025-03-24,7,268.0,4,0,1,0,Spring Sale,3,1,2025,13,1.0,-1.6081226496766366e-16,1.0,6.123233995736766e-17,Small Appliances,Toaster,2121.15,3034.18,302.0,255.0,238.0,269.0,,,,259.5,263.375,,29.2175746198528,19.76965568021572,,,,259.5,0.5714285714285714,0
SKU019,2025-03-31,7,232.0,0,0,0,0,No Promotion,3,1,2025,14,0.992708874098054,-0.12053668025532288,1.0,6.123233995736766e-17,Small Appliances,Toaster,2121.15,3034.18,268.0,302.0,243.0,262.0,,,,267.0,263.25,,25.468935326524086,19.73213477698606,,,,0.0,0.0,0
SKU019,2025-04-07,7,247.0,0,0,0,0,No Promotion,4,2,2025,15,0.9709418174260521,-0.2393156642875575,0.8660254037844387,-0.4999999999999998,Small Appliances,Toaster,2121.15,3034.18,232.0,268.0,255.0,272.0,280.0,,,264.25,259.5,265.15384615384613,29.238958029770256,22.64004038360861,-0.903846153846132,-5.653846153846132,-0.0034087612416593416,0.0,0.0,0
SKU019,2025-04-14,7,274.0,0,0,0,0,No Promotion,4,2,2025,16,0.9350162426854148,-0.35460488704253545,0.8660254037844387,-0.4999999999999998,Small Appliances,Toaster,2121.15,3034.18,247.0,232.0,302.0,266.0,305.0,,,262.25,256.375,262.61538461538464,30.335622624235025,22.392202086568314,-0.3653846153846416,-6.240384615384642,-0.0013913298183949596,0.0,0.0,0
SKU019,2025-04-21,7,236.0,0,0,0,0,No Promotion,4,2,2025,17,0.8854560256532099,-0.4647231720437685,0.8660254037844387,-0.4999999999999998,Small Appliances,Toaster,2121.15,3034.18,274.0,247.0,268.0,238.0,255.0,,,255.25,257.375,260.2307692307692,19.3455421221531,23.05234726195392,-4.980769230769226,-2.8557692307692264,-0.01913981673071241,0.0,0.0,0
SKU019,2025-04-28,7,254.0,0,0,0,0,No Promotion,4,2,2025,18,0.8229838658936565,-0.5680647467311557,0.8660254037844387,-0.4999999999999998,Small Appliances,Toaster,2121.15,3034.18,236.0,274.0,232.0,243.0,269.0,,,247.25,257.125,258.7692307692308,18.927493230747697,23.30197723063738,-11.519230769230774,-1.6442307692307736,-0.0445154577883472,0.0,0.0,0
SKU019,2025-05-05,7,292.0,0,0,0,0,No Promotion,5,2,2025,19,0.7485107481711013,-0.663122658240795,0.49999999999999994,-0.8660254037844387,Small Appliances,Toaster,2121.15,3034.18,254.0,236.0,247.0,255.0,262.0,,,252.75,258.5,257.61538461538464,15.986973864159944,22.66526606317,-4.865384615384642,0.8846153846153584,-0.01888623469692452,0.0,0.0,0
SKU019,2025-05-12,7,219.0,0,0,0,0,No Promotion,5,2,2025,20,0.6631226582407952,-0.7485107481711012,0.49999999999999994,-0.8660254037844387,Small Appliances,Toaster,2121.15,3034.18,292.0,254.0,274.0,302.0,272.0,,,264.0,263.125,259.9230769230769,24.276188608044162,25.452687200260126,4.076923076923094,3.2019230769230944,0.015685113939035267,0.0,0.0,0
SKU019,2025-05-19,7,228.0,0,0,0,0,No Promotion,5,2,2025,21,0.5680647467311558,-0.8229838658936564,0.49999999999999994,-0.8660254037844387,Small Appliances,Toaster,2121.15,3034.18,219.0,292.0,236.0,268.0,266.0,,,250.25,252.75,255.84615384615384,31.287643993542673,24.229556920658464,-5.59615384615384,-3.0961538461538396,-0.021873120865904983,0.0,0.0,0
SKU019,2025-05-26,7,245.0,0,0,0,0,No Promotion,5,2,2025,22,0.46472317204376906,-0.8854560256532096,0.49999999999999994,-0.8660254037844387,Small Appliances,Toaster,2121.15,3034.18,228.0,219.0,254.0,232.0,238.0,,,248.25,247.75,252.92307692307693,32.72486312678277,24.754508968786155,-4.673076923076934,-5.173076923076934,-0.01847627737226276,0.0,0.0,0
SKU019,2025-06-02,7,264.0,0,0,0,0,No Promotion,6,2,2025,23,0.35460488704253584,-0.9350162426854147,1.2246467991473532e-16,-1.0,Small Appliances,Toaster,2121.15,3034.18,245.0,228.0,292.0,247.0,243.0,,,246.0,249.375,253.46153846153845,32.506409624359726,23.98772007268957,-7.461538461538453,-4.086538461538453,-0.029438543247344406,0.0,0.0,0
SKU019,2025-06-09,7,344.0,6,0,1,0,Summer Sale,6,2,2025,24,0.23931566428755768,-0.970941817426052,1.2246467991473532e-16,-1.0,Small Appliances,Toaster,2121.15,3034.18,264.0,245.0,219.0,274.0,255.0,,,239.0,251.5,255.07692307692307,19.849433241279208,24.494897427831777,-16.076923076923066,-3.576923076923066,-0.06302774427020508,239.0,0.8571428571428571,0
SKU019,2025-06-16,7,294.0,5,0,1,0,Summer Sale,6,2,2025,25,0.12053668025532308,-0.992708874098054,1.2246467991473532e-16,-1.0,Small Appliances,Toaster,2121.15,3034.18,344.0,264.0,228.0,236.0,302.0,,,270.25,260.25,261.9230769230769,51.31845022341705,40.773766075750224,8.326923076923094,-1.6730769230769056,0.03179148311306901,270.25,0.7142857142857143,0
SKU019,2025-06-23,7,283.0,0,0,0,0,No Promotion,6,2,2025,26,-3.216245299353273e-16,-1.0,1.2246467991473532e-16,-1.0,Small Appliances,Toaster,2121.15,3034.18,294.0,344.0,245.0,254.0,268.0,,,286.75,267.5,261.3076923076923,43.16924059250213,41.001742123266624,25.44230769230768,6.192307692307679,0.09736532234324402,0.0,0.0,0
SKU019,2025-06-30,7,243.0,0,0,0,0,No Promotion,6,2,2025,27,-0.12053668025532283,-0.992708874098054,1.2246467991473532e-16,-1.0,Small Appliances,Toaster,2121.15,3034.18,283.0,294.0,264.0,292.0,232.0,,,296.25,271.125,262.46153846153845,34.16016198244187,40.919563955224575,33.78846153846155,8.663461538461547,0.1287368112543963,0.0,0.0,0
SKU019,2025-07-07,7,296.0,0,0,0,0,No Promotion,7,3,2025,28,-0.23931566428755743,-0.9709418174260521,-0.4999999999999997,-0.8660254037844388,Small Appliances,Toaster,2121.15,3034.18,243.0,283.0,344.0,219.0,247.0,280.0,,291.0,265.0,263.3076923076923,41.57723736212721,41.015676445545964,27.69230769230768,1.6923076923076792,0.10517090271691498,0.0,0.0,0
SKU019,2025-07-14,7,233.0,0,0,0,0,No Promotion,7,3,2025,29,-0.3546048870425356,-0.9350162426854148,-0.4999999999999997,-0.8660254037844388,Small Appliances,Toaster,2121.15,3034.18,296.0,243.0,294.0,228.0,274.0,305.0,,279.0,274.625,267.0769230769231,24.671170759951107,37.56874650937551,11.923076923076906,7.548076923076906,0.044642857142856984,0.0,0.0,0
SKU019,2025-07-21,7,270.0,0,0,0,0,No Promotion,7,3,2025,30,-0.46472317204376806,-0.8854560256532101,-0.4999999999999997,-0.8660254037844388,Small Appliances,Toaster,2121.15,3034.18,233.0,296.0,283.0,245.0,236.0,255.0,,263.75,275.25,263.9230769230769,30.478134238608938,36.71414674793044,-0.1730769230769056,11.326923076923094,-0.0006557854852812239,0.0,0.0,0
SKU019,2025-07-28,7,316.0,0,0,0,0,No Promotion,7,3,2025,31,-0.5680647467311556,-0.8229838658936566,-0.4999999999999997,-0.8660254037844388,Small Appliances,Toaster,2121.15,3034.18,270.0,233.0,243.0,264.0,254.0,269.0,,260.5,278.375,266.53846153846155,28.36077102854104,34.784797582523645,-6.038461538461547,11.836538461538453,-0.022655122655122706,0.0,0.0,0
SKU019,2025-08-04,7,302.0,0,0,0,0,No Promotion,8,3,2025,32,-0.663122658240795,-0.7485107481711013,-0.8660254037844385,-0.5000000000000004,Small Appliances,Toaster,2121.15,3034.18,316.0,270.0,296.0,344.0,292.0,262.0,,278.75,284.875,271.3076923076923,35.845734288289684,36.52958683431438,7.442307692307679,13.56730769230768,0.02743124468386715,0.0,0.0,0
SKU019,2025-08-11,7,305.0,0,1,0,1,No Promotion,8,3,2025,33,-0.7485107481711011,-0.6631226582407952,-0.8660254037844385,-0.5000000000000004,Small Appliances,Toaster,2121.15,3034.18,302.0,316.0,233.0,294.0,219.0,272.0,,280.25,279.625,272.0769230769231,36.91770126465984,29.07594734975482,8.173076923076906,7.548076923076906,0.030039581566299045,0.0,0.0,0
SKU019,2025-08-18,7,313.0,0,0,0,0,No Promotion,8,3,2025,34,-0.8229838658936564,-0.5680647467311559,-0.8660254037844385,-0.5000000000000004,Small Appliances,Toaster,2121.15,3034.18,305.0,302.0,270.0,283.0,228.0,266.0,,298.25,281.0,278.6923076923077,19.77161264709246,30.09508740167215,19.55769230769232,2.307692307692321,0.07017664918575761,0.0,0.0,0
SKU019,2025-08-25,7,248.0,0,0,0,0,No Promotion,8,3,2025,35,-0.8854560256532096,-0.4647231720437691,-0.8660254037844385,-0.5000000000000004,Small Appliances,Toaster,2121.15,3034.18,313.0,305.0,316.0,243.0,245.0,238.0,,309.0,284.75,285.2307692307692,6.582805886043804,32.17696602939971,23.769230769230774,-0.4807692307692264,0.08333333333333326,0.0,0.0,0
SKU019,2025-09-01,7,254.0,0,0,0,0,No Promotion,9,3,2025,36,-0.9350162426854147,-0.3546048870425359,-1.0,-1.8369701987210297e-16,Small Appliances,Toaster,2121.15,3034.18,248.0,313.0,302.0,296.0,264.0,243.0,,292.0,285.375,285.46153846153845,29.698484809834994,31.28640736349071,6.538461538461547,-0.0865384615384528,0.02290487739153879,0.0,0.0,0
SKU019,2025-09-08,7,197.0,0,0,0,0,No Promotion,9,3,2025,37,-0.970941817426052,-0.23931566428755774,-1.0,-1.8369701987210297e-16,Small Appliances,Toaster,2121.15,3034.18,254.0,248.0,305.0,233.0,344.0,255.0,,280.0,280.125,284.6923076923077,33.734255586866006,32.7389566986226,-4.692307692307679,-4.567307692307679,-0.016482031883274795,0.0,0.0,0
SKU019,2025-09-15,7,297.0,0,0,0,0,No Promotion,9,3,2025,38,-0.992708874098054,-0.12053668025532357,-1.0,-1.8369701987210297e-16,Small Appliances,Toaster,2121.15,3034.18,197.0,254.0,313.0,270.0,294.0,302.0,,253.0,275.625,273.38461538461536,47.47630988187688,41.45544079404501,-20.38461538461536,2.2403846153846416,-0.07456387169386602,0.0,0.0,0
SKU019,2025-09-22,7,234.0,0,0,0,0,No Promotion,9,3,2025,39,-1.0,-1.8369701987210297e-16,-1.0,-1.8369701987210297e-16,Small Appliances,Toaster,2121.15,3034.18,297.0,197.0,248.0,316.0,283.0,268.0,,249.0,279.0,273.61538461538464,40.96339829652809,42.027202075390576,-24.61538461538464,5.384615384615358,-0.08996345234748393,0.0,0.0,0
SKU019,2025-09-29,7,321.0,5,1,1,1,Festive Sale,9,3,2025,40,-0.992708874098054,0.1205366802553232,-1.0,-1.8369701987210297e-16,Small Appliances,Toaster,2121.15,3034.18,234.0,297.0,254.0,302.0,243.0,232.0,,245.5,268.75,269.84615384615387,41.669333248005465,41.71245103597452,-24.346153846153868,-1.096153846153868,-0.09022234891676173,245.5,0.7142857142857143,1
SKU019,2025-10-06,7,313.0,5,0,1,0,Festive Sale,10,4,2025,41,-0.9709418174260521,0.23931566428755738,-0.8660254037844386,0.5000000000000001,Small Appliances,Toaster,2121.15,3034.18,321.0,234.0,197.0,305.0,296.0,247.0,,262.25,271.125,275.84615384615387,56.905623623680654,44.33456407171014,-13.596153846153868,-4.721153846153868,-0.04928890128276642,262.25,0.7142857142857143,0
SKU019,2025-10-13,7,219.0,0,0,0,0,No Promotion,10,4,2025,42,-0.9350162426854148,0.35460488704253557,-0.8660254037844386,0.5000000000000001,Small Appliances,Toaster,2121.15,3034.18,313.0,321.0,297.0,313.0,233.0,274.0,,291.25,272.125,277.15384615384613,39.44933459514876,45.28777034539394,14.096153846153868,-5.028846153846132,0.05086039411601462,0.0,0.0,0
SKU019,2025-10-20,7,277.0,0,0,0,0,No Promotion,10,4,2025,43,-0.8854560256532101,0.464723172043768,-0.8660254037844386,0.5000000000000001,Small Appliances,Toaster,2121.15,3034.18,219.0,313.0,234.0,248.0,270.0,236.0,,271.75,260.375,276.0769230769231,52.70910737244562,45.36183890200471,-4.326923076923094,-15.701923076923094,-0.015672889384229616,0.0,0.0,0
SKU019,2025-10-27,7,270.0,0,1,0,1,No Promotion,10,4,2025,44,-0.822983865893657,0.5680647467311548,-0.8660254037844386,0.5000000000000001,Small Appliances,Toaster,2121.15,3034.18,277.0,219.0,321.0,254.0,316.0,254.0,,282.5,264.0,276.61538461538464,46.45786621588786,45.3903702814343,5.884615384615358,-12.615384615384642,0.021273637374860765,0.0,0.0,0
SKU019,2025-11-03,7,264.0,0,0,0,0,No Promotion,11,4,2025,45,-0.7485107481711011,0.6631226582407952,-0.5000000000000004,0.8660254037844384,Small Appliances,Toaster,2121.15,3034.18,270.0,277.0,313.0,197.0,302.0,292.0,,269.75,266.0,273.0769230769231,38.72445394493426,45.23904760902276,-3.3269230769230944,-7.076923076923094,-0.012183098591549313,0.0,0.0,0
SKU019,2025-11-10,7,276.0,0,0,0,0,No Promotion,11,4,2025,46,-0.6631226582407955,0.7485107481711007,-0.5000000000000004,0.8660254037844384,Small Appliances,Toaster,2121.15,3034.18,264.0,270.0,219.0,297.0,305.0,219.0,,257.5,274.375,270.15384615384613,26.210684844162348,35.872542225416446,-12.653846153846132,4.221153846153868,-0.046839407744874606,0.0,0.0,0
SKU019,2025-11-17,7,308.0,4,0,1,0,Black Friday,11,4,2025,47,-0.5680647467311559,0.8229838658936564,-0.5000000000000004,0.8660254037844384,Small Appliances,Toaster,2121.15,3034.18,276.0,264.0,277.0,234.0,313.0,228.0,,271.75,271.75,267.9230769230769,6.0207972893963095,34.73059581571105,3.8269230769230944,3.8269230769230944,0.014283663508469768,271.75,0.5714285714285714,0
SKU019,2025-11-24,7,328.0,7,0,1,0,Black Friday,11,4,2025,48,-0.4647231720437684,0.88545602565321,-0.5000000000000004,0.8660254037844384,Small Appliances,Toaster,2121.15,3034.18,308.0,276.0,270.0,321.0,248.0,245.0,,279.5,281.0,267.53846153846155,19.621416870348636,33.05406826052473,11.961538461538453,13.461538461538453,0.04470960322024142,279.5,1.0,0
SKU019,2025-12-01,7,298.0,0,0,0,0,No Promotion,12,4,2025,49,-0.35460488704253595,0.9350162426854147,-2.4492935982947064e-16,1.0,Small Appliances,Toaster,2121.15,3034.18,328.0,308.0,264.0,313.0,254.0,264.0,,294.0,281.875,273.6923076923077,29.30301463444791,34.33214861571335,20.30769230769232,8.18269230769232,0.07419898819561555,0.0,0.0,0
SKU019,2025-12-08,7,285.0,0,0,0,0,No Promotion,12,4,2025,50,-0.2393156642875578,0.970941817426052,-2.4492935982947064e-16,1.0,Small Appliances,Toaster,2121.15,3034.18,298.0,328.0,276.0,219.0,197.0,344.0,,302.5,280.0,277.0769230769231,21.625602111078162,32.763219796420664,25.423076923076906,2.9230769230769056,0.09175458078845078,0.0,0.0,0
SKU019,2025-12-15,7,397.0,7,0,1,0,Year End Sale,12,4,2025,51,-0.12053668025532363,0.992708874098054,-2.4492935982947064e-16,1.0,Small Appliances,Toaster,2121.15,3034.18,285.0,298.0,308.0,277.0,297.0,294.0,,304.75,288.25,283.84615384615387,18.13605984404188,21.625051610177877,20.903846153846132,4.403846153846132,0.0736449864498645,304.75,1.0,0
SKU019,2025-12-22,7,373.0,7,1,1,1,Year End Sale,12,4,2025,52,6.432490598706546e-16,1.0,-2.4492935982947064e-16,1.0,Small Appliances,Toaster,2121.15,3034.18,397.0,285.0,328.0,270.0,234.0,283.0,,327.0,303.25,291.53846153846155,50.01999600159922,43.38120066836061,35.46153846153845,11.711538461538453,0.12163588390501312,327.0,1.0,1
SKU019,2025-12-29,7,326.0,3,0,1,0,Year End Sale,12,4,2025,1,0.12053668025532305,0.992708874098054,-2.4492935982947064e-16,1.0,Small Appliances,Toaster,2121.15,3034.18,373.0,397.0,298.0,264.0,321.0,243.0,,338.25,316.125,302.2307692307692,55.12032293083923,47.218148750544756,36.019230769230774,13.894230769230774,0.1191779078645967,338.25,0.42857142857142855,0
SKU019,2026-01-05,7,284.0,0,0,0,0,No Promotion,1,1,2026,2,0.23931566428755774,0.970941817426052,0.49999999999999994,0.8660254037844387,Small Appliances,Toaster,2121.15,3034.18,326.0,373.0,285.0,276.0,313.0,296.0,280.0,345.25,323.875,302.61538461538464,49.82887382498894,42.26933200999785,42.63461538461536,21.25961538461536,0.14088713777325856,0.0,0.0,0
SKU019,2026-01-12,7,298.0,0,0,0,0,No Promotion,1,1,2026,3,0.3546048870425356,0.9350162426854148,0.49999999999999994,0.8660254037844387,Small Appliances,Toaster,2121.15,3034.18,284.0,326.0,397.0,308.0,219.0,233.0,305.0,345.0,324.875,300.38461538461536,50.23279141490481,41.052014044902315,44.61538461538464,24.49038461538464,0.14852752880921916,0.0,0.0,0
SKU019,2026-01-19,7,267.0,0,0,0,0,No Promotion,1,1,2026,4,0.4647231720437685,0.8854560256532099,0.49999999999999994,0.8660254037844387,Small Appliances,Toaster,2121.15,3034.18,298.0,284.0,373.0,328.0,277.0,270.0,255.0,320.25,323.625,306.46153846153845,39.263002092725095,41.784951152982615,13.788461538461547,17.163461538461547,0.044992469879518104,0.0,0.0,0
SKU019,2026-01-26,7,305.0,0,1,0,1,No Promotion,1,1,2026,5,0.5680647467311558,0.8229838658936564,0.49999999999999994,0.8660254037844387,Small Appliances,Toaster,2121.15,3034.18,267.0,298.0,326.0,298.0,270.0,316.0,269.0,293.75,316.0,305.6923076923077,24.958298553119945,46.20451431253382,-11.94230769230768,10.30769230769232,-0.03906643180674374,0.0,0.0,0
SKU019,2026-02-02,7,305.0,0,0,0,0,No Promotion,2,1,2026,6,0.6631226582407952,0.7485107481711011,0.8660254037844386,0.5000000000000001,Small Appliances,Toaster,2121.15,3034.18,305.0,267.0,284.0,285.0,264.0,302.0,262.0,288.5,316.875,308.38461538461536,16.782927833565545,45.88008438153904,-19.88461538461536,8.490384615384642,-0.0644799201795958,0.0,0.0,0
SKU019,2026-02-09,7,272.0,0,0,0,0,No Promotion,2,1,2026,7,0.7485107481711011,0.6631226582407953,0.8660254037844386,0.5000000000000001,Small Appliances,Toaster,2121.15,3034.18,305.0,305.0,298.0,397.0,276.0,305.0,272.0,293.75,319.375,311.53846153846155,18.1360598440419,44.41665549897117,-17.788461538461547,7.836538461538453,-0.0570987654320988,0.0,0.0,0
SKU019,2026-02-16,7,272.0,0,0,0,0,No Promotion,2,1,2026,8,0.8229838658936564,0.5680647467311559,0.8660254037844386,0.5000000000000001,Small Appliances,Toaster,2121.15,3034.18,272.0,305.0,267.0,373.0,308.0,313.0,266.0,287.25,303.75,311.2307692307692,20.597329924046036,33.96531844606873,-23.980769230769226,-7.480769230769226,-0.07705140879881367,0.0,0.0,0
SKU019,2026-02-23,7,256.0,0,0,0,0,No Promotion,2,1,2026,9,0.8854560256532099,0.4647231720437686,0.8660254037844386,0.5000000000000001,Small Appliances,Toaster,2121.15,3034.18,272.0,272.0,305.0,326.0,328.0,248.0,238.0,288.5,291.125,308.46153846153845,19.05255888325771,20.74634219050948,-19.961538461538453,-17.336538461538453,-0.06471321695760601,0.0,0.0,0
SKU019,2026-03-02,7,335.0,0,0,0,0,No Promotion,3,1,2026,10,0.9350162426854148,0.35460488704253557,1.0,6.123233995736766e-17,Small Appliances,Toaster,2121.15,3034.18,256.0,272.0,305.0,284.0,298.0,254.0,243.0,276.25,282.375,302.9230769230769,20.597329924046036,18.585228389388007,-26.673076923076906,-20.548076923076906,-0.08805231081767384,0.0,0.0,0
SKU019,2026-03-09,7,262.0,1,0,1,0,Spring Sale,3,1,2026,11,0.970941817426052,0.23931566428755804,1.0,6.123233995736766e-17,Small Appliances,Toaster,2121.15,3034.18,335.0,256.0,272.0,298.0,285.0,197.0,255.0,283.75,288.75,305.7692307692308,34.98928407384184,26.347946517979068,-22.019230769230774,-17.019230769230774,-0.07201257861635224,283.75,0.14285714285714285,0
SKU019,2026-03-16,7,317.0,7,0,1,0,Spring Sale,3,1,2026,12,0.992708874098054,0.120536680255323,1.0,6.123233995736766e-17,Small Appliances,Toaster,2121.15,3034.18,262.0,335.0,272.0,267.0,397.0,297.0,302.0,281.25,284.25,304.0,36.43601697954011,27.58752305973532,-22.75,-19.75,-0.07483552631578949,281.25,1.0,0
SKU019,2026-03-23,7,319.0,3,0,1,0,Spring Sale,3,1,2026,13,1.0,-1.6081226496766366e-16,1.0,6.123233995736766e-17,Small Appliances,Toaster,2121.15,3034.18,317.0,262.0,256.0,305.0,373.0,234.0,268.0,292.5,290.5,297.84615384615387,39.45039078809405,28.760091396636014,-5.346153846153868,-7.346153846153868,-0.017949380165289353,292.5,0.42857142857142855,0
SKU019,2026-03-30,7,319.0,0,0,0,0,No Promotion,3,1,2026,14,0.992708874098054,-0.12053668025532288,1.0,6.123233995736766e-17,Small Appliances,Toaster,2121.15,3034.18,319.0,317.0,335.0,305.0,326.0,321.0,232.0,308.25,292.25,293.6923076923077,31.868218232799514,30.160286091860215,14.55769230769232,-1.4423076923076792,0.04956783656364583,0.0,0.0,0
SKU019,2026-04-06,7,271.0,0,0,0,0,No Promotion,4,2,2026,15,0.9709418174260521,-0.2393156642875575,0.8660254037844387,-0.4999999999999998,Small Appliances,Toaster,2121.15,3034.18,319.0,319.0,262.0,272.0,284.0,313.0,247.0,304.25,294.0,293.15384615384613,28.182441342083937,31.386985473964472,11.096153846153868,0.846153846153868,0.03785095775387037,0.0,0.0,0
SKU019,2026-04-13,7,293.0,0,0,0,0,No Promotion,4,2,2026,16,0.9350162426854148,-0.35460488704253545,0.8660254037844387,-0.4999999999999998,Small Appliances,Toaster,2121.15,3034.18,271.0,319.0,317.0,272.0,298.0,219.0,274.0,306.5,293.875,292.15384615384613,23.685438564654063,31.488943637863926,14.346153846153868,1.721153846153868,0.049104791995787433,0.0,0.0,0
SKU019,2026-04-20,7,287.0,0,0,0,0,No Promotion,4,2,2026,17,0.8854560256532099,-0.4647231720437685,0.8660254037844387,-0.4999999999999998,Small Appliances,Toaster,2121.15,3034.18,293.0,271.0,319.0,256.0,267.0,277.0,236.0,300.5,296.5,291.7692307692308,23.173260452512977,30.25605016238192,8.730769230769226,4.730769230769226,0.029923543369364536,0.0,0.0,0
SKU019,2026-04-27,7,281.0,0,0,0,0,No Promotion,4,2,2026,18,0.8229838658936565,-0.5680647467311557,0.8660254037844387,-0.4999999999999998,Small Appliances,Toaster,2121.15,3034.18,287.0,293.0,319.0,335.0,305.0,270.0,254.0,292.5,300.375,293.3076923076923,19.958289839896985,26.016135103321655,-0.8076923076923208,7.067307692307679,-0.0027537372147915518,0.0,0.0,0
SKU019,2026-05-04,7,275.0,0,0,0,0,No Promotion,5,2,2026,19,0.7485107481711013,-0.663122658240795,0.49999999999999994,-0.8660254037844387,Small Appliances,Toaster,2121.15,3034.18,281.0,287.0,271.0,262.0,305.0,264.0,292.0,283.0,293.625,291.46153846153845,9.380831519646966,22.519436049777084,-8.461538461538453,2.163461538461547,-0.029031406703615703,0.0,0.0,0
SKU019,2026-05-11,7,278.0,0,0,0,0,No Promotion,5,2,2026,20,0.6631226582407952,-0.7485107481711012,0.49999999999999994,-0.8660254037844387,Small Appliances,Toaster,2121.15,3034.18,275.0,281.0,293.0,317.0,272.0,276.0,219.0,284.0,295.25,289.15384615384613,7.745966692414964,20.267849276272855,-5.153846153846132,6.096153846153868,-0.017823889332269194,0.0,0.0,0
SKU019,2026-05-18,7,273.0,0,0,0,0,No Promotion,5,2,2026,21,0.5680647467311558,-0.8229838658936564,0.49999999999999994,-0.8660254037844387,Small Appliances,Toaster,2121.15,3034.18,278.0,275.0,287.0,319.0,272.0,308.0,228.0,280.25,290.375,289.61538461538464,5.123475382979995,18.935510857343438,-9.365384615384642,0.7596153846153584,-0.03233731739707846,0.0,0.0,0
SKU019,2026-05-25,7,286.0,0,0,0,0,No Promotion,5,2,2026,22,0.46472317204376906,-0.8854560256532096,0.49999999999999994,-0.8660254037844387,Small Appliances,Toaster,2121.15,3034.18,273.0,278.0,281.0,319.0,256.0,328.0,245.0,276.75,284.625,289.6923076923077,3.500000000000287,15.711119810958271,-12.94230769230768,-5.067307692307679,-0.044676048858204975,0.0,0.0,0
SKU019,2026-06-01,7,307.0,0,0,0,0,No Promotion,6,2,2026,23,0.35460488704253584,-0.9350162426854147,1.2246467991473532e-16,-1.0,Small Appliances,Toaster,2121.15,3034.18,286.0,273.0,275.0,271.0,335.0,298.0,264.0,278.0,280.5,292.0,5.71547606649426,7.67184090405573,-14.0,-11.5,-0.047945205479452024,0.0,0.0,0
SKU019,2026-06-08,7,424.0,5,0,1,0,Summer Sale,6,2,2026,24,0.23931566428755768,-0.970941817426052,1.2246467991473532e-16,-1.0,Small Appliances,Toaster,2121.15,3034.18,307.0,286.0,278.0,293.0,262.0,285.0,344.0,286.0,285.0,289.84615384615387,14.988884770611477,11.096975134821967,-3.846153846153868,-4.846153846153868,-0.013269639065817462,286.0,0.7142857142857143,0
SKU019,2026-06-15,7,422.0,6,0,1,0,Summer Sale,6,2,2026,25,0.12053668025532308,-0.992708874098054,1.2246467991473532e-16,-1.0,Small Appliances,Toaster,2121.15,3034.18,424.0,307.0,273.0,287.0,317.0,397.0,294.0,322.5,301.375,302.3076923076923,69.10137480542627,50.672442496601924,20.19230769230768,-0.9326923076923208,0.06679389312977091,322.5,0.8571428571428571,0
SKU019,2026-06-22,7,315.0,0,0,0,0,No Promotion,6,2,2026,26,-3.216245299353273e-16,-1.0,1.2246467991473532e-16,-1.0,Small Appliances,Toaster,2121.15,3034.18,422.0,424.0,286.0,281.0,319.0,373.0,283.0,359.75,318.25,310.38461538461536,73.5408049996735,65.50845092701508,49.36538461538464,7.865384615384642,0.1590458488228006,0.0,0.0,0
SKU020,2025-02-10,7,698.0,0,0,0,0,No Promotion,2,1,2025,7,0.7485107481711011,0.6631226582407953,0.8660254037844386,0.5000000000000001,Office,Organizer,3507.73,4670.21,,,,,,,,,,,,,,,,,0.0,0
SKU020,2025-02-17,7,639.0,0,0,0,0,No Promotion,2,1,2025,8,0.8229838658936564,0.5680647467311559,0.8660254037844386,0.5000000000000001,Office,Organizer,3507.73,4670.21,698.0,,,,,,,,,,,,,,,,0.0,0
SKU020,2025-02-24,7,689.0,0,0,0,0,No Promotion,2,1,2025,9,0.8854560256532099,0.4647231720437686,0.8660254037844386,0.5000000000000001,Office,Organizer,3507.73,4670.21,639.0,698.0,,,,,,,,,,,,,,,0.0,0
SKU020,2025-03-03,7,635.0,0,0,0,0,No Promotion,3,1,2025,10,0.9350162426854148,0.35460488704253557,1.0,6.123233995736766e-17,Office,Organizer,3507.73,4670.21,689.0,639.0,,,,,,,,,,,,,,,0.0,0
SKU020,2025-03-10,7,585.0,0,0,0,0,No Promotion,3,1,2025,11,0.970941817426052,0.23931566428755804,1.0,6.123233995736766e-17,Office,Organizer,3507.73,4670.21,635.0,689.0,698.0,,,,,665.25,,,32.86715685908959,,,,,0.0,0.0,0
SKU020,2025-03-17,7,710.0,4,0,1,0,Spring Sale,3,1,2025,12,0.992708874098054,0.120536680255323,1.0,6.123233995736766e-17,Office,Organizer,3507.73,4670.21,585.0,635.0,639.0,,,,,637.0,,,42.48921431767519,,,,,637.0,0.5714285714285714,0
SKU020,2025-03-24,7,754.0,4,0,1,0,Spring Sale,3,1,2025,13,1.0,-1.6081226496766366e-16,1.0,6.123233995736766e-17,Office,Organizer,3507.73,4670.21,710.0,585.0,689.0,,,,,654.75,,,56.21610089645137,,,,,654.75,0.5714285714285714,0
SKU020,2025-03-31,7,604.0,0,0,0,0,No Promotion,3,1,2025,14,0.992708874098054,-0.12053668025532288,1.0,6.123233995736766e-17,Office,Organizer,3507.73,4670.21,754.0,710.0,635.0,,,,,671.0,,,75.5027593314752,,,,,0.0,0.0,0
SKU020,2025-04-07,7,663.0,0,0,0,0,No Promotion,4,2,2025,15,0.9709418174260521,-0.2393156642875575,0.8660254037844387,-0.4999999999999998,Office,Organizer,3507.73,4670.21,604.0,754.0,585.0,698.0,,,,663.25,664.25,,81.7613396824359,57.69810593573612,,,,0.0,0.0,0
SKU020,2025-04-14,7,595.0,0,0,0,0,No Promotion,4,2,2025,16,0.9350162426854148,-0.35460488704253545,0.8660254037844387,-0.4999999999999998,Office,Organizer,3507.73,4670.21,663.0,604.0,710.0,639.0,,,,682.75,659.875,,64.3188671127428,56.077592927758836,,,,0.0,0.0,0
SKU020,2025-04-21,7,621.0,0,0,0,0,No Promotion,4,2,2025,17,0.8854560256532099,-0.4647231720437685,0.8660254037844387,-0.4999999999999998,Office,Organizer,3507.73,4670.21,595.0,663.0,754.0,689.0,,,,654.0,654.375,,73.17103251970686,60.407987882398466,,,,0.0,0.0,0
SKU020,2025-04-28,7,633.0,0,0,0,0,No Promotion,4,2,2025,18,0.8229838658936565,-0.5680647467311557,0.8660254037844387,-0.4999999999999998,Office,Organizer,3507.73,4670.21,621.0,595.0,604.0,635.0,,,,620.75,645.875,,30.159299284521364,59.61887884123379,,,,0.0,0.0,0
SKU020,2025-05-05,7,675.0,0,0,0,0,No Promotion,5,2,2025,19,0.7485107481711013,-0.663122658240795,0.49999999999999994,-0.8660254037844387,Office,Organizer,3507.73,4670.21,633.0,621.0,663.0,585.0,,,,628.0,645.625,,28.21347195933172,59.67516233744153,,,,0.0,0.0,0
SKU020,2025-05-12,7,586.0,0,0,0,0,No Promotion,5,2,2025,20,0.6631226582407952,-0.7485107481711012,0.49999999999999994,-0.8660254037844387,Office,Organizer,3507.73,4670.21,675.0,633.0,595.0,710.0,698.0,,,631.0,656.875,653.9230769230769,33.34666400106609,54.90625127042846,-22.923076923076906,2.9519230769230944,-0.035054699447123805,0.0,0.0,0
SKU020,2025-05-19,7,642.0,0,0,0,0,No Promotion,5,2,2025,21,0.5680647467311558,-0.8229838658936564,0.49999999999999994,-0.8660254037844387,Office,Organizer,3507.73,4670.21,586.0,675.0,621.0,754.0,639.0,,,628.75,641.375,645.3076923076923,36.71852393547427,55.26801580868062,-16.557692307692264,-3.932692307692264,-0.02565860054833702,0.0,0.0,0
SKU020,2025-05-26,7,674.0,0,0,0,0,No Promotion,5,2,2025,22,0.46472317204376906,-0.8854560256532096,0.49999999999999994,-0.8660254037844387,Office,Organizer,3507.73,4670.21,642.0,586.0,633.0,604.0,689.0,,,634.0,627.375,645.5384615384615,36.742346141747625,31.914786094043798,-11.538461538461547,-18.163461538461547,-0.017874165872259318,0.0,0.0,0
SKU020,2025-06-02,7,670.0,0,0,0,0,No Promotion,6,2,2025,23,0.35460488704253584,-0.9350162426854147,1.2246467991473532e-16,-1.0,Office,Organizer,3507.73,4670.21,674.0,642.0,675.0,663.0,635.0,,,644.25,636.125,644.3846153846154,41.748253456482026,34.11090106444818,-0.13461538461535838,-8.259615384615358,-0.00020890533603912242,0.0,0.0,0
SKU020,2025-06-09,7,1031.0,6,0,1,0,Summer Sale,6,2,2025,24,0.23931566428755768,-0.970941817426052,1.2246467991473532e-16,-1.0,Office,Organizer,3507.73,4670.21,670.0,674.0,586.0,595.0,585.0,,,643.0,637.0,647.0769230769231,40.57914078275516,34.97754381640557,-4.076923076923094,-10.076923076923094,-0.006300523062292007,643.0,0.8571428571428571,0
SKU020,2025-06-16,7,807.0,5,0,1,0,Summer Sale,6,2,2025,25,0.12053668025532308,-0.992708874098054,1.2246467991473532e-16,-1.0,Office,Organizer,3507.73,4670.21,1031.0,670.0,642.0,621.0,710.0,,,754.25,691.5,681.3846153846154,185.04841708770888,140.54689100591509,72.86538461538464,10.115384615384642,0.10693723188078574,754.25,0.7142857142857143,0
SKU020,2025-06-23,7,685.0,0,0,0,0,No Promotion,6,2,2025,26,-3.216245299353273e-16,-1.0,1.2246467991473532e-16,-1.0,Office,Organizer,3507.73,4670.21,807.0,1031.0,674.0,633.0,754.0,,,795.5,714.75,688.8461538461538,169.4156624006962,142.58806802414128,106.65384615384619,25.90384615384619,0.15482970407593522,0.0,0.0,0
SKU020,2025-06-30,7,695.0,0,0,0,0,No Promotion,6,2,2025,27,-0.12053668025532283,-0.992708874098054,1.2246467991473532e-16,-1.0,Office,Organizer,3507.73,4670.21,685.0,807.0,670.0,675.0,604.0,,,798.25,721.25,683.5384615384615,166.85597581946732,139.48041337150428,114.71153846153845,37.71153846153845,0.16782016655413012,0.0,0.0,0
SKU020,2025-07-07,7,681.0,0,0,0,0,No Promotion,7,3,2025,28,-0.23931566428755743,-0.9709418174260521,-0.4999999999999997,-0.8660254037844388,Office,Organizer,3507.73,4670.21,695.0,685.0,1031.0,586.0,663.0,,,804.5,723.75,690.5384615384615,160.80941100155383,138.71012940661544,113.96153846153845,33.21153846153845,0.1650328617578256,0.0,0.0,0
SKU020,2025-07-14,7,754.0,0,0,0,0,No Promotion,7,3,2025,29,-0.3546048870425356,-0.9350162426854148,-0.4999999999999997,-0.8660254037844388,Office,Organizer,3507.73,4670.21,681.0,695.0,807.0,642.0,595.0,,,717.0,735.625,691.9230769230769,60.288196744194146,128.95618026512506,25.076923076923094,43.701923076923094,0.03624235686492505,0.0,0.0,0
SKU020,2025-07-21,7,749.0,0,0,0,0,No Promotion,7,3,2025,30,-0.46472317204376806,-0.8854560256532101,-0.4999999999999997,-0.8660254037844388,Office,Organizer,3507.73,4670.21,754.0,681.0,685.0,674.0,621.0,,,703.75,749.625,704.1538461538462,34.01347772084856,123.29515979377061,-0.4038461538461888,45.47115384615381,-0.0005735197727769759,0.0,0.0,0
SKU020,2025-07-28,7,697.0,0,0,0,0,No Promotion,7,3,2025,31,-0.5680647467311556,-0.8229838658936566,-0.4999999999999997,-0.8660254037844388,Office,Organizer,3507.73,4670.21,749.0,754.0,695.0,670.0,633.0,,,719.75,759.0,714.0,37.16068711241306,119.51688464098164,5.75,45.0,0.008053221288515378,0.0,0.0,0
SKU020,2025-08-04,7,670.0,0,0,0,0,No Promotion,8,3,2025,32,-0.663122658240795,-0.7485107481711013,-0.8660254037844385,-0.5000000000000004,Office,Organizer,3507.73,4670.21,697.0,749.0,681.0,1031.0,675.0,,,720.25,762.375,718.9230769230769,36.72760088362241,116.99931318479732,1.3269230769230944,43.451923076923094,0.0018457093943933245,0.0,0.0,0
SKU020,2025-08-11,7,842.0,0,1,0,1,No Promotion,8,3,2025,33,-0.7485107481711011,-0.6631226582407952,-0.8660254037844385,-0.5000000000000004,Office,Organizer,3507.73,4670.21,670.0,697.0,754.0,807.0,586.0,698.0,,717.5,717.25,718.5384615384615,40.82891132518715,47.66774890546318,-1.0384615384615472,-1.2884615384615472,-0.0014452414088427235,0.0,0.0,0
SKU020,2025-08-18,7,779.0,0,0,0,0,No Promotion,8,3,2025,34,-0.8229838658936564,-0.5680647467311559,-0.8660254037844385,-0.5000000000000004,Office,Organizer,3507.73,4670.21,842.0,670.0,749.0,685.0,642.0,639.0,,739.5,721.625,738.2307692307693,75.79138033664071,57.644074159572426,1.2692307692307168,-16.605769230769283,0.0017192872772739953,0.0,0.0,0
SKU020,2025-08-25,7,716.0,0,0,0,0,No Promotion,8,3,2025,35,-0.8854560256532096,-0.4647231720437691,-0.8660254037844385,-0.5000000000000004,Office,Organizer,3507.73,4670.21,779.0,842.0,697.0,695.0,674.0,689.0,,747.0,733.375,748.7692307692307,78.48142030654981,58.683016525835036,-1.7692307692307168,-15.394230769230717,-0.002362851859461612,0.0,0.0,0
SKU020,2025-09-01,7,620.0,0,0,0,0,No Promotion,9,3,2025,36,-0.9350162426854147,-0.3546048870425359,-1.0,-1.8369701987210297e-16,Office,Organizer,3507.73,4670.21,716.0,779.0,670.0,681.0,670.0,635.0,,751.75,736.0,752.0,74.94164396382024,57.17142143214062,-0.25,-16.0,-0.0003324468085106336,0.0,0.0,0
SKU020,2025-09-08,7,710.0,0,0,0,0,No Promotion,9,3,2025,37,-0.970941817426052,-0.23931566428755774,-1.0,-1.8369701987210297e-16,Office,Organizer,3507.73,4670.21,620.0,716.0,842.0,754.0,1031.0,585.0,,739.25,728.375,748.1538461538462,94.69028461251975,68.50013034398444,-8.903846153846189,-19.77884615384619,-0.011901089862225045,0.0,0.0,0
SKU020,2025-09-15,7,663.0,0,0,0,0,No Promotion,9,3,2025,38,-0.992708874098054,-0.12053668025532357,-1.0,-1.8369701987210297e-16,Office,Organizer,3507.73,4670.21,710.0,620.0,779.0,749.0,807.0,710.0,,706.25,722.875,723.4615384615385,65.4236195880356,67.91262769176288,-17.211538461538453,-0.5865384615384528,-0.023790536948431695,0.0,0.0,0
SKU020,2025-09-22,7,668.0,0,0,0,0,No Promotion,9,3,2025,39,-1.0,-1.8369701987210297e-16,-1.0,-1.8369701987210297e-16,Office,Organizer,3507.73,4670.21,663.0,710.0,716.0,697.0,685.0,754.0,,677.25,712.125,712.3846153846154,44.92493739561576,69.9621070907061,-35.13461538461536,-0.2596153846153584,-0.04931972789115646,0.0,0.0,0
SKU020,2025-09-29,7,841.0,5,1,1,1,Festive Sale,9,3,2025,40,-0.992708874098054,0.1205366802553232,-1.0,-1.8369701987210297e-16,Office,Organizer,3507.73,4670.21,668.0,663.0,620.0,670.0,695.0,604.0,,665.25,708.5,711.0769230769231,36.80013586931433,71.59010306699423,-45.826923076923094,-2.5769230769230944,-0.06444720900043277,665.25,0.7142857142857143,1
SKU020,2025-10-06,7,754.0,5,0,1,0,Festive Sale,10,4,2025,41,-0.9709418174260521,0.23931566428755738,-0.8660254037844386,0.5000000000000001,Office,Organizer,3507.73,4670.21,841.0,668.0,710.0,842.0,681.0,663.0,,720.5,729.875,722.3076923076923,83.05219242540596,83.06183153014901,-1.807692307692264,7.567307692307736,-0.0025026624068157366,720.5,0.7142857142857143,0
SKU020,2025-10-13,7,649.0,0,0,0,0,No Promotion,10,4,2025,42,-0.9350162426854148,0.35460488704253557,-0.8660254037844386,0.5000000000000001,Office,Organizer,3507.73,4670.21,754.0,841.0,663.0,779.0,754.0,595.0,,731.5,718.875,727.9230769230769,84.10509298887114,71.05015833902131,3.5769230769230944,-9.048076923076906,0.004913875092465325,0.0,0.0,0
SKU020,2025-10-20,7,649.0,0,0,0,0,No Promotion,10,4,2025,43,-0.8854560256532101,0.464723172043768,-0.8660254037844386,0.5000000000000001,Office,Organizer,3507.73,4670.21,649.0,754.0,668.0,716.0,749.0,621.0,,728.0,702.625,719.8461538461538,88.10221336606699,70.19551776492366,8.153846153846189,-17.22115384615381,0.011327206668091616,0.0,0.0,0
SKU020,2025-10-27,7,595.0,0,1,0,1,No Promotion,10,4,2025,44,-0.822983865893657,0.5680647467311548,-0.8660254037844386,0.5000000000000001,Office,Organizer,3507.73,4670.21,649.0,649.0,841.0,620.0,697.0,633.0,,723.25,694.25,712.1538461538462,92.8022090254321,72.33602145542703,11.096153846153811,-17.90384615384619,0.015581119032188395,0.0,0.0,0
SKU020,2025-11-03,7,609.0,0,0,0,0,No Promotion,11,4,2025,45,-0.7485107481711011,0.6631226582407952,-0.5000000000000004,0.8660254037844384,Office,Organizer,3507.73,4670.21,595.0,649.0,754.0,710.0,670.0,675.0,,661.75,691.125,704.3076923076923,66.56012319700132,76.42631839135746,-42.557692307692264,-13.182692307692264,-0.060424858016601024,0.0,0.0,0
SKU020,2025-11-10,7,654.0,0,0,0,0,No Promotion,11,4,2025,46,-0.6631226582407955,0.7485107481711007,-0.5000000000000004,0.8660254037844384,Office,Organizer,3507.73,4670.21,609.0,595.0,649.0,663.0,842.0,586.0,,625.5,678.5,699.6153846153846,27.730849247723963,81.06434833777776,-74.11538461538464,-21.11538461538464,-0.10593732820230894,0.0,0.0,0
SKU020,2025-11-17,7,727.0,4,0,1,0,Black Friday,11,4,2025,47,-0.5680647467311559,0.8229838658936564,-0.5000000000000004,0.8660254037844384,Office,Organizer,3507.73,4670.21,654.0,609.0,649.0,668.0,779.0,642.0,,626.75,677.375,685.1538461538462,29.216148502725783,81.3720511864222,-58.40384615384619,-7.778846153846189,-0.08524194453800382,626.75,0.5714285714285714,0
SKU020,2025-11-24,7,755.0,7,0,1,0,Black Friday,11,4,2025,48,-0.4647231720437684,0.88545602565321,-0.5000000000000004,0.8660254037844384,Office,Organizer,3507.73,4670.21,727.0,654.0,595.0,841.0,716.0,674.0,,646.25,684.75,681.1538461538462,59.42712624158538,83.05720919944277,-34.90384615384619,3.596153846153811,-0.05124223602484479,646.25,1.0,0
SKU020,2025-12-01,7,695.0,0,0,0,0,No Promotion,12,4,2025,49,-0.35460488704253595,0.9350162426854147,-2.4492935982947064e-16,1.0,Office,Organizer,3507.73,4670.21,755.0,727.0,609.0,754.0,620.0,670.0,,686.25,674.0,684.1538461538462,66.82003192656119,63.116672010763416,2.096153846153811,-10.153846153846189,0.0030638632786148534,0.0,0.0,0
SKU020,2025-12-08,7,698.0,0,0,0,0,No Promotion,12,4,2025,50,-0.2393156642875578,0.970941817426052,-2.4492935982947064e-16,1.0,Office,Organizer,3507.73,4670.21,695.0,755.0,654.0,649.0,710.0,1031.0,,707.75,666.625,689.9230769230769,43.41562698691172,55.40999780854406,17.826923076923094,-23.298076923076906,0.025839001003456374,0.0,0.0,0
SKU020,2025-12-15,7,976.0,7,0,1,0,Year End Sale,12,4,2025,51,-0.12053668025532363,0.992708874098054,-2.4492935982947064e-16,1.0,Office,Organizer,3507.73,4670.21,698.0,695.0,727.0,649.0,663.0,807.0,,718.75,672.75,689.0,28.146935890074975,55.88955946456242,29.75,-16.25,0.04317851959361385,718.75,1.0,0
SKU020,2025-12-22,7,1054.0,7,1,1,1,Year End Sale,12,4,2025,52,6.432490598706546e-16,1.0,-2.4492935982947064e-16,1.0,Office,Organizer,3507.73,4670.21,976.0,698.0,755.0,595.0,668.0,685.0,,781.0,713.625,713.0769230769231,132.8984574778804,119.46061813716807,67.9230769230769,0.5480769230769056,0.09525350593311765,781.0,1.0,1
SKU020,2025-12-29,7,899.0,3,0,1,0,Year End Sale,12,4,2025,1,0.12053668025532305,0.992708874098054,-2.4492935982947064e-16,1.0,Office,Organizer,3507.73,4670.21,1054.0,976.0,695.0,609.0,841.0,695.0,,855.75,771.0,742.7692307692307,186.62685587378178,158.26921007303622,112.98076923076928,28.230769230769283,0.1521074979287491,855.75,0.42857142857142855,0
SKU020,2026-01-05,7,700.0,0,0,0,0,No Promotion,1,1,2026,2,0.23931566428755774,0.970941817426052,0.49999999999999994,0.8660254037844387,Office,Organizer,3507.73,4670.21,899.0,1054.0,698.0,654.0,754.0,681.0,,906.75,807.25,747.2307692307693,152.87767441105754,148.79108076187137,159.51923076923072,60.01923076923072,0.21348054354539836,0.0,0.0,0
SKU020,2026-01-12,7,729.0,0,0,0,0,No Promotion,1,1,2026,3,0.3546048870425356,0.9350162426854148,0.49999999999999994,0.8660254037844387,Office,Organizer,3507.73,4670.21,700.0,899.0,976.0,727.0,649.0,754.0,,907.25,813.0,743.0769230769231,151.967924247191,142.79055591019622,164.1730769230769,69.9230769230769,0.22093685300207033,0.0,0.0,0
SKU020,2026-01-19,7,737.0,0,0,0,0,No Promotion,1,1,2026,4,0.4647231720437685,0.8854560256532099,0.49999999999999994,0.8660254037844387,Office,Organizer,3507.73,4670.21,729.0,700.0,1054.0,755.0,649.0,749.0,,845.5,813.25,749.2307692307693,164.39484987878012,142.62012480712534,96.26923076923072,64.01923076923072,0.12849075975359336,0.0,0.0,0
SKU020,2026-01-26,7,768.0,0,1,0,1,No Promotion,1,1,2026,5,0.5680647467311558,0.8229838658936564,0.49999999999999994,0.8660254037844387,Office,Organizer,3507.73,4670.21,737.0,729.0,899.0,695.0,595.0,697.0,,766.25,811.0,756.0,89.91616465723311,143.80741089586255,10.25,55.0,0.013558201058201158,0.0,0.0,0
SKU020,2026-02-02,7,734.0,0,0,0,0,No Promotion,2,1,2026,6,0.6631226582407952,0.7485107481711011,0.8660254037844386,0.5000000000000001,Office,Organizer,3507.73,4670.21,768.0,737.0,700.0,698.0,609.0,670.0,,733.5,820.125,769.3076923076923,27.958302285129133,137.57640734203983,-35.807692307692264,50.817307692307736,-0.046545345465453414,0.0,0.0,0
SKU020,2026-02-09,7,660.0,0,0,0,0,No Promotion,2,1,2026,7,0.7485107481711011,0.6631226582407953,0.8660254037844386,0.5000000000000001,Office,Organizer,3507.73,4670.21,734.0,768.0,729.0,976.0,654.0,842.0,698.0,742.0,824.625,778.9230769230769,17.64464035715446,133.54072412563895,-36.923076923076906,45.701923076923094,-0.04740272565672521,0.0,0.0,0
SKU020,2026-02-16,7,788.0,0,0,0,0,No Promotion,2,1,2026,8,0.8229838658936564,0.5680647467311559,0.8660254037844386,0.5000000000000001,Office,Organizer,3507.73,4670.21,660.0,734.0,737.0,1054.0,727.0,779.0,639.0,724.75,785.125,779.3846153846154,45.82121051798309,129.02761332366035,-54.63461538461536,5.740384615384642,-0.07009968416896961,0.0,0.0,0
SKU020,2026-02-23,7,819.0,0,0,0,0,No Promotion,2,1,2026,9,0.8854560256532099,0.4647231720437686,0.8660254037844386,0.5000000000000001,Office,Organizer,3507.73,4670.21,788.0,660.0,768.0,899.0,755.0,716.0,689.0,737.5,751.875,784.0769230769231,56.27018156478016,71.12049634247508,-46.576923076923094,-32.201923076923094,-0.059403512214264764,0.0,0.0,0
SKU020,2026-03-02,7,718.0,0,0,0,0,No Promotion,3,1,2026,10,0.9350162426854148,0.35460488704253557,1.0,6.123233995736766e-17,Office,Organizer,3507.73,4670.21,819.0,788.0,734.0,700.0,695.0,620.0,635.0,750.25,741.875,789.0,69.66766346974272,49.95265615703402,-38.75,-47.125,-0.049112801013941665,0.0,0.0,0
SKU020,2026-03-09,7,766.0,1,0,1,0,Spring Sale,3,1,2026,11,0.970941817426052,0.23931566428755804,1.0,6.123233995736766e-17,Office,Organizer,3507.73,4670.21,718.0,819.0,660.0,729.0,698.0,710.0,585.0,746.25,744.125,790.7692307692307,71.35065988949687,48.170641622109684,-44.51923076923072,-46.64423076923072,-0.05629863813229563,746.25,0.14285714285714285,0
SKU020,2026-03-16,7,1003.0,7,0,1,0,Spring Sale,3,1,2026,12,0.992708874098054,0.120536680255323,1.0,6.123233995736766e-17,Office,Organizer,3507.73,4670.21,766.0,718.0,788.0,737.0,976.0,663.0,710.0,772.75,748.75,796.0,42.48431082960694,48.287087892550204,-23.25,-47.25,-0.029208542713567875,772.75,1.0,0
SKU020,2026-03-23,7,845.0,3,0,1,0,Spring Sale,3,1,2026,13,1.0,-1.6081226496766366e-16,1.0,6.123233995736766e-17,Office,Organizer,3507.73,4670.21,1003.0,766.0,819.0,768.0,1054.0,668.0,754.0,826.5,782.0,798.0769230769231,124.68760964907457,101.40583246116994,28.423076923076906,-16.076923076923094,0.03561445783132533,826.5,0.42857142857142855,0
SKU020,2026-03-30,7,665.0,0,0,0,0,No Promotion,3,1,2026,14,0.992708874098054,-0.12053668025532288,1.0,6.123233995736766e-17,Office,Organizer,3507.73,4670.21,845.0,1003.0,718.0,734.0,899.0,841.0,604.0,833.0,791.625,782.0,124.84390253432481,103.51940811820201,51.0,9.625,0.0652173913043479,0.0,0.0,0
SKU020,2026-04-06,7,648.0,0,0,0,0,No Promotion,4,2,2026,15,0.9709418174260521,-0.2393156642875575,0.8660254037844387,-0.4999999999999998,Office,Organizer,3507.73,4670.21,665.0,845.0,766.0,660.0,700.0,754.0,663.0,819.75,783.0,764.0,142.65897564939027,111.56804458010627,55.75,19.0,0.07297120418848158,0.0,0.0,0
SKU020,2026-04-13,7,676.0,0,0,0,0,No Promotion,4,2,2026,16,0.9350162426854148,-0.35460488704253545,0.8660254037844387,-0.4999999999999998,Office,Organizer,3507.73,4670.21,648.0,665.0,1003.0,788.0,729.0,649.0,595.0,790.25,781.5,760.0,167.51392976903938,113.52155239047283,30.25,21.5,0.03980263157894748,0.0,0.0,0
SKU020,2026-04-20,7,752.0,0,0,0,0,No Promotion,4,2,2026,17,0.8854560256532099,-0.4647231720437685,0.8660254037844387,-0.4999999999999998,Office,Organizer,3507.73,4670.21,676.0,648.0,845.0,819.0,737.0,649.0,621.0,708.5,767.5,755.9230769230769,91.7260413768449,119.36139600868812,-47.423076923076906,11.576923076923094,-0.06273532105423829,0.0,0.0,0
SKU020,2026-04-27,7,618.0,0,0,0,0,No Promotion,4,2,2026,18,0.8229838658936565,-0.5680647467311557,0.8660254037844387,-0.4999999999999998,Office,Organizer,3507.73,4670.21,752.0,676.0,665.0,718.0,768.0,595.0,633.0,685.25,759.125,757.0769230769231,45.966473289416754,117.56874888458125,-71.8269230769231,2.0480769230769056,-0.09487400934769363,0.0,0.0,0
SKU020,2026-05-04,7,727.0,0,0,0,0,No Promotion,5,2,2026,19,0.7485107481711013,-0.663122658240795,0.49999999999999994,-0.8660254037844387,Office,Organizer,3507.73,4670.21,618.0,752.0,648.0,766.0,734.0,609.0,675.0,673.5,746.625,745.5384615384615,57.44272509784563,127.46533142107984,-72.03846153846155,1.0865384615384528,-0.09662608336772593,0.0,0.0,0
SKU020,2026-05-11,7,744.0,0,0,0,0,No Promotion,5,2,2026,20,0.6631226582407952,-0.7485107481711012,0.49999999999999994,-0.8660254037844387,Office,Organizer,3507.73,4670.21,727.0,618.0,676.0,1003.0,660.0,654.0,586.0,693.25,741.75,745.0,59.30359741758222,127.36421340840946,-51.75,-3.25,-0.06946308724832218,0.0,0.0,0
SKU020,2026-05-18,7,692.0,0,0,0,0,No Promotion,5,2,2026,21,0.5680647467311558,-0.8229838658936564,0.49999999999999994,-0.8660254037844387,Office,Organizer,3507.73,4670.21,744.0,727.0,752.0,845.0,788.0,727.0,642.0,710.25,709.375,751.4615384615385,62.3772127196035,72.62415477747653,-41.21153846153845,-42.08653846153845,-0.05484184665779501,0.0,0.0,0
SKU020,2026-05-25,7,806.0,0,0,0,0,No Promotion,5,2,2026,22,0.46472317204376906,-0.8854560256532096,0.49999999999999994,-0.8660254037844387,Office,Organizer,3507.73,4670.21,692.0,744.0,618.0,665.0,819.0,755.0,674.0,695.25,690.25,744.0769230769231,55.86516505539623,47.66175465866597,-48.826923076923094,-53.826923076923094,-0.06562080016540894,0.0,0.0,0
SKU020,2026-06-01,7,851.0,0,0,0,0,No Promotion,6,2,2026,23,0.35460488704253584,-0.9350162426854147,1.2246467991473532e-16,-1.0,Office,Organizer,3507.73,4670.21,806.0,692.0,727.0,648.0,718.0,695.0,670.0,742.25,707.875,743.0769230769231,47.696086492150116,61.15188935289392,-0.8269230769230944,-35.201923076923094,-0.001112836438923459,0.0,0.0,0
SKU020,2026-06-08,7,991.0,5,0,1,0,Summer Sale,6,2,2026,24,0.23931566428755768,-0.970941817426052,1.2246467991473532e-16,-1.0,Office,Organizer,3507.73,4670.21,851.0,806.0,744.0,676.0,766.0,698.0,1031.0,773.25,733.25,753.3076923076923,69.70114776673334,73.60657967484008,19.942307692307736,-20.057692307692264,0.026472990911875938,773.25,0.7142857142857143,0
SKU020,2026-06-15,7,1002.0,6,0,1,0,Summer Sale,6,2,2026,25,0.12053668025532308,-0.992708874098054,1.2246467991473532e-16,-1.0,Office,Organizer,3507.73,4670.21,991.0,851.0,692.0,752.0,1003.0,976.0,807.0,835.0,772.625,770.6153846153846,123.66891282775958,112.55466925644879,64.38461538461536,2.0096153846153584,0.08354961070073874,835.0,0.8571428571428571,0
SKU020,2026-06-22,7,834.0,0,0,0,0,No Promotion,6,2,2026,26,-3.216245299353273e-16,-1.0,1.2246467991473532e-16,-1.0,Office,Organizer,3507.73,4670.21,1002.0,991.0,806.0,618.0,845.0,1054.0,685.0,912.5,803.875,770.5384615384615,98.82138769854765,137.8689206663862,141.96153846153845,33.33653846153845,0.18423679744434462,0.0,0.0,0
SKU021,2025-02-24,7,485.0,0,0,0,0,No Promotion,2,1,2025,9,0.8854560256532099,0.4647231720437686,0.8660254037844386,0.5000000000000001,Furniture,Chair,334.6,637.85,,,,,,,,,,,,,,,,,0.0,0
SKU021,2025-03-03,7,569.0,0,0,0,0,No Promotion,3,1,2025,10,0.9350162426854148,0.35460488704253557,1.0,6.123233995736766e-17,Furniture,Chair,334.6,637.85,485.0,,,,,,,,,,,,,,,,0.0,0
SKU021,2025-03-10,7,527.0,0,0,0,0,No Promotion,3,1,2025,11,0.970941817426052,0.23931566428755804,1.0,6.123233995736766e-17,Furniture,Chair,334.6,637.85,569.0,485.0,,,,,,,,,,,,,,,0.0,0
SKU021,2025-03-17,7,504.0,4,0,1,0,Spring Sale,3,1,2025,12,0.992708874098054,0.120536680255323,1.0,6.123233995736766e-17,Furniture,Chair,334.6,637.85,527.0,569.0,,,,,,,,,,,,,,,0.5714285714285714,0
SKU021,2025-03-24,7,658.0,4,0,1,0,Spring Sale,3,1,2025,13,1.0,-1.6081226496766366e-16,1.0,6.123233995736766e-17,Furniture,Chair,334.6,637.85,504.0,527.0,485.0,,,,,521.25,,,36.16973873281365,,,,,521.25,0.5714285714285714,0
SKU021,2025-03-31,7,465.0,0,0,0,0,No Promotion,3,1,2025,14,0.992708874098054,-0.12053668025532288,1.0,6.123233995736766e-17,Furniture,Chair,334.6,637.85,658.0,504.0,569.0,,,,,564.5,,,67.8945260434644,,,,,0.0,0.0,0
SKU021,2025-04-07,7,492.0,0,0,0,0,No Promotion,4,2,2025,15,0.9709418174260521,-0.2393156642875575,0.8660254037844387,-0.4999999999999998,Furniture,Chair,334.6,637.85,465.0,658.0,527.0,,,,,538.5,,,83.6759622990179,,,,,0.0,0.0,0
SKU021,2025-04-14,7,529.0,0,0,0,0,No Promotion,4,2,2025,16,0.9350162426854148,-0.35460488704253545,0.8660254037844387,-0.4999999999999998,Furniture,Chair,334.6,637.85,492.0,465.0,504.0,,,,,529.75,,,87.0416566937923,,,,,0.0,0.0,0
SKU021,2025-04-21,7,484.0,0,0,0,0,No Promotion,4,2,2025,17,0.8854560256532099,-0.4647231720437685,0.8660254037844387,-0.4999999999999998,Furniture,Chair,334.6,637.85,529.0,492.0,658.0,485.0,,,,536.0,528.625,,85.45954208473933,61.26042185387142,,,,0.0,0.0,0
SKU021,2025-04-28,7,549.0,0,0,0,0,No Promotion,4,2,2025,18,0.8229838658936565,-0.5680647467311557,0.8660254037844387,-0.4999999999999998,Furniture,Chair,334.6,637.85,484.0,529.0,465.0,569.0,,,,492.5,528.5,,26.839026311200843,61.36308802063805,,,,0.0,0.0,0
SKU021,2025-05-05,7,486.0,0,0,0,0,No Promotion,5,2,2025,19,0.7485107481711013,-0.663122658240795,0.49999999999999994,-0.8660254037844387,Furniture,Chair,334.6,637.85,549.0,484.0,492.0,527.0,,,,513.5,526.0,,30.730007050655402,59.86651818838308,,,,0.0,0.0,0
SKU021,2025-05-12,7,506.0,0,0,0,0,No Promotion,5,2,2025,20,0.6631226582407952,-0.7485107481711012,0.49999999999999994,-0.8660254037844387,Furniture,Chair,334.6,637.85,486.0,549.0,529.0,504.0,,,,512.0,520.875,,32.23869310833382,61.50130660632925,,,,0.0,0.0,0
SKU021,2025-05-19,7,530.0,0,0,0,0,No Promotion,5,2,2025,21,0.5680647467311558,-0.8229838658936564,0.49999999999999994,-0.8660254037844387,Furniture,Chair,334.6,637.85,506.0,486.0,484.0,658.0,,,,506.25,521.125,,30.18139603574798,61.42693104122051,,,,0.0,0.0,0
SKU021,2025-05-26,7,527.0,0,0,0,0,No Promotion,5,2,2025,22,0.46472317204376906,-0.8854560256532096,0.49999999999999994,-0.8660254037844387,Furniture,Chair,334.6,637.85,530.0,506.0,549.0,465.0,485.0,,,517.75,505.125,521.8461538461538,27.524231748285565,28.557898582153754,-4.096153846153811,-16.72115384615381,-0.007849351415094241,0.0,0.0,0
SKU021,2025-06-02,7,593.0,0,0,0,0,No Promotion,6,2,2025,23,0.35460488704253584,-0.9350162426854147,1.2246467991473532e-16,-1.0,Furniture,Chair,334.6,637.85,527.0,530.0,486.0,492.0,569.0,,,512.25,512.875,525.0769230769231,20.49999999999994,24.192309876133425,-12.826923076923094,-12.201923076923094,-0.024428655142103795,0.0,0.0,0
SKU021,2025-06-09,7,836.0,6,0,1,0,Summer Sale,6,2,2025,24,0.23931566428755768,-0.970941817426052,1.2246467991473532e-16,-1.0,Furniture,Chair,334.6,637.85,593.0,527.0,506.0,529.0,527.0,,,539.0,525.5,526.9230769230769,37.54996671103714,35.468295701936434,12.076923076923094,-1.4230769230769056,0.022919708029197183,539.0,0.8571428571428571,0
SKU021,2025-06-16,7,678.0,5,0,1,0,Summer Sale,6,2,2025,25,0.12053668025532308,-0.992708874098054,1.2246467991473532e-16,-1.0,Furniture,Chair,334.6,637.85,836.0,593.0,530.0,484.0,504.0,,,621.5,563.875,550.6923076923077,146.20191517213445,115.5254301009089,70.80769230769226,13.182692307692264,0.12857941053219712,621.5,0.7142857142857143,0
SKU021,2025-06-23,7,599.0,0,0,0,0,No Promotion,6,2,2025,26,-3.216245299353273e-16,-1.0,1.2246467991473532e-16,-1.0,Furniture,Chair,334.6,637.85,678.0,836.0,527.0,549.0,658.0,,,658.5,588.125,564.0769230769231,133.50280895921253,116.7187553786573,94.4230769230769,24.048076923076906,0.16739397245329335,0.0,0.0,0
SKU021,2025-06-30,7,651.0,0,0,0,0,No Promotion,6,2,2025,27,-0.12053668025532283,-0.992708874098054,1.2246467991473532e-16,-1.0,Furniture,Chair,334.6,637.85,599.0,678.0,593.0,486.0,465.0,,,676.5,594.375,559.5384615384615,113.16801668316008,115.65828671441692,116.96153846153845,34.83653846153845,0.20903216937036007,0.0,0.0,0
SKU021,2025-07-07,7,644.0,0,0,0,0,No Promotion,7,3,2025,28,-0.23931566428755743,-0.9709418174260521,-0.4999999999999997,-0.8660254037844388,Furniture,Chair,334.6,637.85,651.0,599.0,836.0,506.0,492.0,,,691.0,615.0,573.8461538461538,102.07513572527509,108.0317413673274,117.15384615384619,41.15384615384619,0.20415549597855231,0.0,0.0,0
SKU021,2025-07-14,7,672.0,0,0,0,0,No Promotion,7,3,2025,29,-0.3546048870425356,-0.9350162426854148,-0.4999999999999997,-0.8660254037844388,Furniture,Chair,334.6,637.85,644.0,651.0,678.0,530.0,529.0,,,643.0,632.25,585.5384615384615,32.79227551319562,98.76053289215703,57.46153846153845,46.71153846153845,0.0981345244351024,0.0,0.0,0
SKU021,2025-07-21,7,566.0,0,0,0,0,No Promotion,7,3,2025,30,-0.46472317204376806,-0.8854560256532101,-0.4999999999999997,-0.8660254037844388,Furniture,Chair,334.6,637.85,672.0,644.0,599.0,527.0,484.0,,,641.5,650.0,596.5384615384615,30.730007050655374,90.14274394378204,44.96153846153845,53.46153846153845,0.07537072856221783,0.0,0.0,0
SKU021,2025-07-28,7,528.0,0,0,0,0,No Promotion,7,3,2025,31,-0.5680647467311556,-0.8229838658936566,-0.4999999999999997,-0.8660254037844388,Furniture,Chair,334.6,637.85,566.0,672.0,651.0,593.0,549.0,,,633.25,654.875,602.8461538461538,46.385162857678196,83.33827366308246,30.40384615384619,52.02884615384619,0.05043383947939262,0.0,0.0,0
SKU021,2025-08-04,7,653.0,0,0,0,0,No Promotion,8,3,2025,32,-0.663122658240795,-0.7485107481711013,-0.8660254037844385,-0.5000000000000004,Furniture,Chair,334.6,637.85,528.0,566.0,644.0,836.0,486.0,,,602.5,646.75,601.2307692307693,66.92035066654485,92.85741758201101,1.2692307692307168,45.51923076923072,0.002111054247696975,0.0,0.0,0
SKU021,2025-08-11,7,633.0,0,1,0,1,No Promotion,8,3,2025,33,-0.7485107481711011,-0.6631226582407952,-0.8660254037844385,-0.5000000000000004,Furniture,Chair,334.6,637.85,653.0,528.0,672.0,678.0,506.0,,,604.75,623.875,614.0769230769231,68.90270918718167,53.97734313050751,-9.326923076923094,9.798076923076906,-0.015188525616936066,0.0,0.0,0
SKU021,2025-08-18,7,607.0,0,0,0,0,No Promotion,8,3,2025,34,-0.8229838658936564,-0.5680647467311559,-0.8660254037844385,-0.5000000000000004,Furniture,Chair,334.6,637.85,633.0,653.0,566.0,599.0,530.0,,,595.0,618.25,623.8461538461538,58.132033624614664,49.7069986449161,-28.84615384615381,-5.596153846153811,-0.046239210850801404,0.0,0.0,0
SKU021,2025-08-25,7,583.0,0,0,0,0,No Promotion,8,3,2025,35,-0.8854560256532096,-0.4647231720437691,-0.8660254037844385,-0.5000000000000004,Furniture,Chair,334.6,637.85,607.0,633.0,528.0,651.0,527.0,485.0,,605.25,619.25,629.7692307692307,54.83535963834525,49.34354784858595,-24.519230769230717,-10.519230769230717,-0.03893367533895187,0.0,0.0,0
SKU021,2025-09-01,7,471.0,0,0,0,0,No Promotion,9,3,2025,36,-0.9350162426854147,-0.3546048870425359,-1.0,-1.8369701987210297e-16,Furniture,Chair,334.6,637.85,583.0,607.0,653.0,644.0,593.0,569.0,,619.0,610.75,634.0769230769231,30.50682983639342,48.948223373566385,-15.076923076923094,-23.326923076923094,-0.023777750818876675,0.0,0.0,0
SKU021,2025-09-08,7,534.0,0,0,0,0,No Promotion,9,3,2025,37,-0.970941817426052,-0.23931566428755774,-1.0,-1.8369701987210297e-16,Furniture,Chair,334.6,637.85,471.0,583.0,633.0,672.0,836.0,527.0,,573.5,589.125,624.6923076923077,71.31853429041661,67.03397326302952,-51.192307692307736,-35.567307692307736,-0.08194803595616307,0.0,0.0,0
SKU021,2025-09-15,7,519.0,0,0,0,0,No Promotion,9,3,2025,38,-0.992708874098054,-0.12053668025532357,-1.0,-1.8369701987210297e-16,Furniture,Chair,334.6,637.85,534.0,471.0,607.0,566.0,678.0,504.0,,548.75,571.875,601.4615384615385,60.07980803342607,60.05339885706473,-52.71153846153845,-29.586538461538453,-0.0876390842818775,0.0,0.0,0
SKU021,2025-09-22,7,544.0,0,0,0,0,No Promotion,9,3,2025,39,-1.0,-1.8369701987210297e-16,-1.0,-1.8369701987210297e-16,Furniture,Chair,334.6,637.85,519.0,534.0,583.0,528.0,599.0,658.0,,526.75,566.0,589.2307692307693,46.13296001775732,62.93988061180735,-62.48076923076928,-23.230769230769283,-0.10603785900783302,0.0,0.0,0
SKU021,2025-09-29,7,626.0,5,1,1,1,Festive Sale,9,3,2025,40,-0.992708874098054,0.1205366802553232,-1.0,-1.8369701987210297e-16,Furniture,Chair,334.6,637.85,544.0,519.0,471.0,653.0,651.0,465.0,,517.0,568.0,585.0,32.34192325759239,61.80383714393691,-68.0,-17.0,-0.11623931623931627,517.0,0.7142857142857143,1
SKU021,2025-10-06,7,719.0,5,0,1,0,Festive Sale,10,4,2025,41,-0.9709418174260521,0.23931566428755738,-0.8660254037844386,0.5000000000000001,Furniture,Chair,334.6,637.85,626.0,544.0,534.0,633.0,644.0,492.0,,555.75,564.625,583.0769230769231,47.947019372080476,57.053702772037425,-27.326923076923094,-18.451923076923094,-0.0468667546174143,555.75,0.7142857142857143,0
SKU021,2025-10-13,7,530.0,0,0,0,0,No Promotion,10,4,2025,42,-0.9350162426854148,0.35460488704253557,-0.8660254037844386,0.5000000000000001,Furniture,Chair,334.6,637.85,719.0,626.0,519.0,607.0,672.0,529.0,,602.0,575.375,588.8461538461538,90.40280231644736,76.5486539958177,13.153846153846189,-13.471153846153811,0.02233834095362508,0.0,0.0,0
SKU021,2025-10-20,7,523.0,0,0,0,0,No Promotion,10,4,2025,43,-0.8854560256532101,0.464723172043768,-0.8660254037844386,0.5000000000000001,Furniture,Chair,334.6,637.85,530.0,719.0,544.0,583.0,566.0,484.0,,604.75,565.75,577.9230769230769,87.14499411899683,76.84446257585137,26.826923076923094,-12.173076923076906,0.046419539464927384,0.0,0.0,0
SKU021,2025-10-27,7,570.0,0,1,0,1,No Promotion,10,4,2025,44,-0.822983865893657,0.5680647467311548,-0.8660254037844386,0.5000000000000001,Furniture,Chair,334.6,637.85,523.0,530.0,626.0,471.0,528.0,549.0,,599.5,558.25,574.6153846153846,92.49324299644809,77.84187268339025,24.88461538461536,-16.36538461538464,0.043306559571619774,0.0,0.0,0
SKU021,2025-11-03,7,572.0,0,0,0,0,No Promotion,11,4,2025,45,-0.7485107481711011,0.6631226582407952,-0.5000000000000004,0.8660254037844384,Furniture,Chair,334.6,637.85,570.0,523.0,719.0,534.0,653.0,486.0,,585.5,570.625,577.8461538461538,91.37651047543159,69.40139459282186,7.653846153846189,-7.221153846153811,0.013245473908413352,0.0,0.0,0
SKU021,2025-11-10,7,532.0,0,0,0,0,No Promotion,11,4,2025,46,-0.6631226582407955,0.7485107481711007,-0.5000000000000004,0.8660254037844384,Furniture,Chair,334.6,637.85,572.0,570.0,530.0,519.0,633.0,506.0,,548.75,575.375,571.6153846153846,25.86342333618385,67.8189554201899,-22.86538461538464,3.7596153846153584,-0.04000134571390124,0.0,0.0,0
SKU021,2025-11-17,7,679.0,4,0,1,0,Black Friday,11,4,2025,47,-0.5680647467311559,0.8229838658936564,-0.5000000000000004,0.8660254037844384,Furniture,Chair,334.6,637.85,532.0,572.0,523.0,544.0,607.0,530.0,,549.25,577.0,563.8461538461538,25.39520952200748,66.41643514328999,-14.596153846153811,13.153846153846189,-0.02588676671214185,549.25,0.5714285714285714,0
SKU021,2025-11-24,7,755.0,7,0,1,0,Black Friday,11,4,2025,48,-0.4647231720437684,0.88545602565321,-0.5000000000000004,0.8660254037844384,Furniture,Chair,334.6,637.85,679.0,532.0,570.0,626.0,583.0,527.0,,588.25,593.875,569.3846153846154,63.23698812140454,73.59626834484,18.86538461538464,24.49038461538464,0.0331329370440423,588.25,1.0,0
SKU021,2025-12-01,7,580.0,0,0,0,0,No Promotion,12,4,2025,49,-0.35460488704253595,0.9350162426854147,-2.4492935982947064e-16,1.0,Furniture,Chair,334.6,637.85,755.0,679.0,572.0,719.0,471.0,593.0,,634.5,610.0,582.6153846153846,101.5102622069972,93.16958424599419,51.88461538461536,27.38461538461536,0.0890546606812781,0.0,0.0,0
SKU021,2025-12-08,7,565.0,0,0,0,0,No Promotion,12,4,2025,50,-0.2393156642875578,0.970941817426052,-2.4492935982947064e-16,1.0,Furniture,Chair,334.6,637.85,580.0,755.0,532.0,530.0,534.0,836.0,,636.5,592.625,591.0,99.93497886125753,82.26080041984925,45.5,1.625,0.0769881556683587,0.0,0.0,0
SKU021,2025-12-15,7,856.0,7,0,1,0,Year End Sale,12,4,2025,51,-0.12053668025532363,0.992708874098054,-2.4492935982947064e-16,1.0,Furniture,Chair,334.6,637.85,565.0,580.0,679.0,523.0,519.0,678.0,,644.75,597.0,593.3846153846154,89.22023313128021,79.33293317225998,51.36538461538464,3.6153846153846416,0.08656339123671253,644.75,1.0,0
SKU021,2025-12-22,7,815.0,7,1,1,1,Year End Sale,12,4,2025,52,6.432490598706546e-16,1.0,-2.4492935982947064e-16,1.0,Furniture,Chair,334.6,637.85,856.0,565.0,755.0,570.0,544.0,599.0,,689.0,638.625,619.3076923076923,140.83323471396938,114.5175438836462,69.69230769230774,19.317307692307736,0.11253260464538584,689.0,1.0,1
SKU021,2025-12-29,7,776.0,3,0,1,0,Year End Sale,12,4,2025,1,0.12053668025532305,0.992708874098054,-2.4492935982947064e-16,1.0,Furniture,Chair,334.6,637.85,815.0,856.0,580.0,572.0,626.0,651.0,,704.0,669.25,640.1538461538462,152.88557812952794,125.75230756190052,63.84615384615381,29.09615384615381,0.09973564047104055,704.0,0.42857142857142855,0
SKU021,2026-01-05,7,598.0,0,0,0,0,No Promotion,1,1,2026,2,0.23931566428755774,0.970941817426052,0.49999999999999994,0.8660254037844387,Furniture,Chair,334.6,637.85,776.0,815.0,565.0,532.0,719.0,644.0,,753.0,694.75,651.6923076923077,129.51962528255447,123.88445077110002,101.30769230769226,43.057692307692264,0.15545325779036823,0.0,0.0,0
SKU021,2026-01-12,7,638.0,0,0,0,0,No Promotion,1,1,2026,3,0.3546048870425356,0.9350162426854148,0.49999999999999994,0.8660254037844387,Furniture,Chair,334.6,637.85,598.0,776.0,856.0,679.0,530.0,672.0,,761.25,703.0,642.3846153846154,113.62914825577688,113.2380551884264,118.86538461538464,60.61538461538464,0.18503772003352892,0.0,0.0,0
SKU021,2026-01-19,7,578.0,0,0,0,0,No Promotion,1,1,2026,4,0.4647231720437685,0.8854560256532099,0.49999999999999994,0.8660254037844387,Furniture,Chair,334.6,637.85,638.0,598.0,815.0,755.0,523.0,566.0,,706.75,697.875,650.6923076923077,104.98690394520635,115.3868493373485,56.057692307692264,47.182692307692264,0.08615084525357597,0.0,0.0,0
SKU021,2026-01-26,7,691.0,0,1,0,1,No Promotion,1,1,2026,5,0.5680647467311558,0.8229838658936564,0.49999999999999994,0.8660254037844387,Furniture,Chair,334.6,637.85,578.0,638.0,776.0,580.0,570.0,528.0,,647.5,675.75,654.9230769230769,89.22443611477733,119.75540548491793,-7.423076923076906,20.826923076923094,-0.011334272962179925,0.0,0.0,0
SKU021,2026-02-02,7,635.0,0,0,0,0,No Promotion,2,1,2026,6,0.6631226582407952,0.7485107481711011,0.8660254037844386,0.5000000000000001,Furniture,Chair,334.6,637.85,691.0,578.0,598.0,565.0,572.0,653.0,,626.25,689.625,664.2307692307693,49.855624891613935,113.33507526672513,-37.98076923076928,25.394230769230717,-0.05718008106543149,0.0,0.0,0
SKU021,2026-02-09,7,650.0,0,0,0,0,No Promotion,2,1,2026,7,0.7485107481711011,0.6631226582407953,0.8660254037844386,0.5000000000000001,Furniture,Chair,334.6,637.85,635.0,691.0,638.0,856.0,532.0,633.0,,635.5,698.375,669.0769230769231,46.16275555033497,104.71312852605564,-33.576923076923094,29.298076923076906,-0.050183950333410055,0.0,0.0,0
SKU021,2026-02-16,7,574.0,0,0,0,0,No Promotion,2,1,2026,8,0.8229838658936564,0.5680647467311559,0.8660254037844386,0.5000000000000001,Furniture,Chair,334.6,637.85,650.0,635.0,578.0,815.0,679.0,607.0,,638.5,672.625,678.1538461538462,46.765371804359496,83.61807306352563,-39.65384615384619,-5.528846153846189,-0.05847323049001818,0.0,0.0,0
SKU021,2026-02-23,7,589.0,0,0,0,0,No Promotion,2,1,2026,9,0.8854560256532099,0.4647231720437686,0.8660254037844386,0.5000000000000001,Furniture,Chair,334.6,637.85,574.0,650.0,691.0,776.0,755.0,583.0,485.0,637.5,642.5,670.0769230769231,48.50085909892026,66.69761186557885,-32.576923076923094,-27.576923076923094,-0.04861669153943293,0.0,0.0,0
SKU021,2026-03-02,7,590.0,0,0,0,0,No Promotion,3,1,2026,10,0.9350162426854148,0.35460488704253557,1.0,6.123233995736766e-17,Furniture,Chair,334.6,637.85,589.0,574.0,635.0,598.0,580.0,471.0,569.0,612.0,619.125,657.3076923076923,36.2675244996583,41.072888172821806,-45.307692307692264,-38.182692307692264,-0.06892919836161493,0.0,0.0,0
SKU021,2026-03-09,7,698.0,1,0,1,0,Spring Sale,3,1,2026,11,0.970941817426052,0.23931566428755804,1.0,6.123233995736766e-17,Furniture,Chair,334.6,637.85,590.0,589.0,650.0,638.0,565.0,534.0,527.0,600.75,618.125,658.0769230769231,33.63901504701521,41.75245929454743,-57.326923076923094,-39.951923076923094,-0.08711279953243722,600.75,0.14285714285714285,0
SKU021,2026-03-16,7,735.0,7,0,1,0,Spring Sale,3,1,2026,12,0.992708874098054,0.120536680255323,1.0,6.123233995736766e-17,Furniture,Chair,334.6,637.85,698.0,590.0,574.0,578.0,856.0,519.0,504.0,612.75,625.625,668.3076923076923,57.30255957052281,50.338674424910344,-55.557692307692264,-42.682692307692264,-0.083131906077348,612.75,1.0,0
SKU021,2026-03-23,7,632.0,3,0,1,0,Spring Sale,3,1,2026,13,1.0,-1.6081226496766366e-16,1.0,6.123233995736766e-17,Furniture,Chair,334.6,637.85,735.0,698.0,589.0,691.0,815.0,544.0,658.0,653.0,645.25,659.0,74.8643217204741,58.98123188172394,-6.0,-13.75,-0.009104704097116834,653.0,0.42857142857142855,0
SKU021,2026-03-30,7,582.0,0,0,0,0,No Promotion,3,1,2026,14,0.992708874098054,-0.12053668025532288,1.0,6.123233995736766e-17,Furniture,Chair,334.6,637.85,632.0,735.0,590.0,635.0,776.0,626.0,465.0,663.75,637.875,644.9230769230769,65.05574532660418,56.05975765708773,18.826923076923094,-7.048076923076906,0.029192509541984712,0.0,0.0,0
SKU021,2026-04-06,7,570.0,0,0,0,0,No Promotion,4,2,2026,15,0.9709418174260521,-0.2393156642875575,0.8660254037844387,-0.4999999999999998,Furniture,Chair,334.6,637.85,582.0,632.0,698.0,650.0,598.0,719.0,492.0,661.75,631.25,630.0,68.12916653925333,59.47568530800736,31.75,1.25,0.05039682539682544,0.0,0.0,0
SKU021,2026-04-13,7,597.0,0,0,0,0,No Promotion,4,2,2026,16,0.9350162426854148,-0.35460488704253545,0.8660254037844387,-0.4999999999999998,Furniture,Chair,334.6,637.85,570.0,582.0,735.0,574.0,638.0,530.0,529.0,629.75,621.25,627.8461538461538,75.1282237245097,62.520282423272015,1.9038461538461888,-6.596153846153811,0.0030323450134770447,0.0,0.0,0
SKU021,2026-04-20,7,594.0,0,0,0,0,No Promotion,4,2,2026,17,0.8854560256532099,-0.4647231720437685,0.8660254037844387,-0.4999999999999998,Furniture,Chair,334.6,637.85,597.0,570.0,632.0,589.0,578.0,523.0,484.0,595.25,624.125,624.6923076923077,26.87470930075301,60.534376302111966,-29.442307692307736,-0.567307692307736,-0.04713089520994962,0.0,0.0,0
SKU021,2026-04-27,7,575.0,0,0,0,0,No Promotion,4,2,2026,18,0.8229838658936565,-0.5680647467311557,0.8660254037844387,-0.4999999999999998,Furniture,Chair,334.6,637.85,594.0,597.0,582.0,590.0,691.0,570.0,549.0,585.75,624.75,625.9230769230769,12.338962679252274,60.14446892987852,-40.173076923076906,-1.1730769230769056,-0.06418213100651338,0.0,0.0,0
SKU021,2026-05-04,7,620.0,0,0,0,0,No Promotion,5,2,2026,19,0.7485107481711013,-0.663122658240795,0.49999999999999994,-0.8660254037844387,Furniture,Chair,334.6,637.85,575.0,594.0,570.0,698.0,635.0,572.0,486.0,584.0,622.875,617.0,13.490737563231317,61.5987882533877,-33.0,5.875,-0.05348460291734203,0.0,0.0,0
SKU021,2026-05-11,7,576.0,0,0,0,0,No Promotion,5,2,2026,20,0.6631226582407952,-0.7485107481711012,0.49999999999999994,-0.8660254037844387,Furniture,Chair,334.6,637.85,620.0,575.0,597.0,735.0,650.0,532.0,506.0,596.5,613.125,615.8461538461538,18.448125469361763,53.67211965789512,-19.34615384615381,-2.721153846153811,-0.031413939545340885,0.0,0.0,0
SKU021,2026-05-18,7,616.0,0,0,0,0,No Promotion,5,2,2026,21,0.5680647467311558,-0.8229838658936564,0.49999999999999994,-0.8660254037844387,Furniture,Chair,334.6,637.85,576.0,620.0,594.0,632.0,574.0,679.0,530.0,591.25,593.25,610.1538461538462,21.061418122560372,22.45471633564483,-18.90384615384619,-16.90384615384619,-0.030982097831568356,0.0,0.0,0
SKU021,2026-05-25,7,557.0,0,0,0,0,No Promotion,5,2,2026,22,0.46472317204376906,-0.8854560256532096,0.49999999999999994,-0.8660254037844387,Furniture,Chair,334.6,637.85,616.0,576.0,575.0,582.0,589.0,755.0,527.0,596.75,591.25,613.3846153846154,24.595053703268213,18.94918015565365,-16.63461538461536,-22.13461538461536,-0.02711938801103586,0.0,0.0,0
SKU021,2026-06-01,7,638.0,0,0,0,0,No Promotion,6,2,2026,23,0.35460488704253584,-0.9350162426854147,1.2246467991473532e-16,-1.0,Furniture,Chair,334.6,637.85,557.0,616.0,620.0,570.0,590.0,580.0,593.0,592.25,588.125,610.9230769230769,30.77201109233271,22.433632277071126,-18.673076923076906,-22.798076923076906,-0.03056534877864514,0.0,0.0,0
SKU021,2026-06-08,7,833.0,5,0,1,0,Summer Sale,6,2,2026,24,0.23931566428755768,-0.970941817426052,1.2246467991473532e-16,-1.0,Furniture,Chair,334.6,637.85,638.0,557.0,576.0,597.0,698.0,565.0,836.0,596.75,596.625,614.6153846153846,36.89060404312523,27.00231471559406,-17.86538461538464,-17.99038461538464,-0.02906758448060076,596.75,0.7142857142857143,0
SKU021,2026-06-15,7,899.0,6,0,1,0,Summer Sale,6,2,2026,25,0.12053668025532308,-0.992708874098054,1.2246467991473532e-16,-1.0,Furniture,Chair,334.6,637.85,833.0,638.0,616.0,594.0,735.0,856.0,678.0,661.0,626.125,625.0,119.65784554303151,87.84310282706147,36.0,1.125,0.057600000000000096,661.0,0.8571428571428571,0
SKU021,2026-06-22,7,716.0,0,0,0,0,No Promotion,6,2,2026,26,-3.216245299353273e-16,-1.0,1.2246467991473532e-16,-1.0,Furniture,Chair,334.6,637.85,899.0,833.0,557.0,575.0,632.0,815.0,599.0,731.75,664.25,637.6153846153846,160.78012936927246,128.6276464395248,94.13461538461536,26.63461538461536,0.1476354204367234,0.0,0.0,0
SKU022,2025-01-06,7,444.0,3,0,1,0,New Year Sale,1,1,2025,2,0.23931566428755774,0.970941817426052,0.49999999999999994,0.8660254037844387,Home Decor,Clock,3424.8,6190.98,,,,,,,,,,,,,,,,,0.42857142857142855,0
SKU022,2025-01-13,7,434.0,3,0,1,0,New Year Sale,1,1,2025,3,0.3546048870425356,0.9350162426854148,0.49999999999999994,0.8660254037844387,Home Decor,Clock,3424.8,6190.98,444.0,,,,,,,,,,,,,,,,0.42857142857142855,0
SKU022,2025-01-20,7,375.0,0,1,0,1,No Promotion,1,1,2025,4,0.4647231720437685,0.8854560256532099,0.49999999999999994,0.8660254037844387,Home Decor,Clock,3424.8,6190.98,434.0,444.0,,,,,,,,,,,,,,,0.0,0
SKU022,2025-01-27,7,360.0,0,0,0,0,No Promotion,1,1,2025,5,0.5680647467311558,0.8229838658936564,0.49999999999999994,0.8660254037844387,Home Decor,Clock,3424.8,6190.98,375.0,434.0,,,,,,,,,,,,,,,0.0,0
SKU022,2025-02-03,7,390.0,0,0,0,0,No Promotion,2,1,2025,6,0.6631226582407952,0.7485107481711011,0.8660254037844386,0.5000000000000001,Home Decor,Clock,3424.8,6190.98,360.0,375.0,444.0,,,,,403.25,,,41.93149174546502,,,,,0.0,0.0,0
SKU022,2025-02-10,7,364.0,0,0,0,0,No Promotion,2,1,2025,7,0.7485107481711011,0.6631226582407953,0.8660254037844386,0.5000000000000001,Home Decor,Clock,3424.8,6190.98,390.0,360.0,434.0,,,,,389.75,,,31.94135250736889,,,,,0.0,0.0,0
SKU022,2025-02-17,7,393.0,0,0,0,0,No Promotion,2,1,2025,8,0.8229838658936564,0.5680647467311559,0.8660254037844386,0.5000000000000001,Home Decor,Clock,3424.8,6190.98,364.0,390.0,375.0,,,,,372.25,,,13.425721582097585,,,,,0.0,0.0,0
SKU022,2025-02-24,7,352.0,0,0,0,0,No Promotion,2,1,2025,9,0.8854560256532099,0.4647231720437686,0.8660254037844386,0.5000000000000001,Home Decor,Clock,3424.8,6190.98,393.0,364.0,360.0,,,,,376.75,,,17.15371679840847,,,,,0.0,0.0,0
SKU022,2025-03-03,7,335.0,0,0,0,0,No Promotion,3,1,2025,10,0.9350162426854148,0.35460488704253557,1.0,6.123233995736766e-17,Home Decor,Clock,3424.8,6190.98,352.0,393.0,390.0,444.0,,,,374.75,389.0,,19.989580619245974,34.012602706307895,,,,0.0,0.0,0
SKU022,2025-03-10,7,346.0,0,0,0,0,No Promotion,3,1,2025,11,0.970941817426052,0.23931566428755804,1.0,6.123233995736766e-17,Home Decor,Clock,3424.8,6190.98,335.0,352.0,364.0,434.0,,,,361.0,375.375,,24.426761280748373,30.48155179776779,,,,0.0,0.0,0
SKU022,2025-03-17,7,472.0,4,0,1,0,Spring Sale,3,1,2025,12,0.992708874098054,0.120536680255323,1.0,6.123233995736766e-17,Home Decor,Clock,3424.8,6190.98,346.0,335.0,393.0,375.0,,,,356.5,364.375,,25.33114025595113,20.57000243072423,,,,356.5,0.5714285714285714,0
SKU022,2025-03-24,7,418.0,4,0,1,0,Spring Sale,3,1,2025,13,1.0,-1.6081226496766366e-16,1.0,6.123233995736766e-17,Home Decor,Clock,3424.8,6190.98,472.0,346.0,352.0,360.0,,,,376.25,376.5,,64.22032388582295,43.51682761546718,,,,376.25,0.5714285714285714,0
SKU022,2025-03-31,7,296.0,0,0,0,0,No Promotion,3,1,2025,14,0.992708874098054,-0.12053668025532288,1.0,6.123233995736766e-17,Home Decor,Clock,3424.8,6190.98,418.0,472.0,335.0,390.0,,,,392.75,383.75,,64.39138141086897,45.17505632852842,,,,0.0,0.0,0
SKU022,2025-04-07,7,333.0,0,0,0,0,No Promotion,4,2,2025,15,0.9709418174260521,-0.2393156642875575,0.8660254037844387,-0.4999999999999998,Home Decor,Clock,3424.8,6190.98,296.0,418.0,346.0,364.0,444.0,,,383.0,372.0,383.0,77.6401957751267,54.56581870941343,0.0,-11.0,0.0,0.0,0.0,0
SKU022,2025-04-14,7,336.0,0,0,0,0,No Promotion,4,2,2025,16,0.9350162426854148,-0.35460488704253545,0.8660254037844387,-0.4999999999999998,Home Decor,Clock,3424.8,6190.98,333.0,296.0,472.0,393.0,434.0,,,379.75,368.125,374.46153846153845,79.94320900906261,56.28863752379973,5.288461538461547,-6.336538461538453,0.014122843056696865,0.0,0.0,0
SKU022,2025-04-21,7,355.0,0,0,0,0,No Promotion,4,2,2025,17,0.8854560256532099,-0.4647231720437685,0.8660254037844387,-0.4999999999999998,Home Decor,Clock,3424.8,6190.98,336.0,333.0,418.0,352.0,375.0,,,345.75,361.0,366.9230769230769,51.48705338885368,56.297678206375195,-21.173076923076906,-5.923076923076906,-0.057704402515723174,0.0,0.0,0
SKU022,2025-04-28,7,333.0,0,0,0,0,No Promotion,4,2,2025,18,0.8229838658936565,-0.5680647467311557,0.8660254037844387,-0.4999999999999998,Home Decor,Clock,3424.8,6190.98,355.0,336.0,296.0,335.0,360.0,,,330.0,361.375,365.38461538461536,24.671170759951167,56.23912593305737,-35.38461538461536,-4.009615384615358,-0.09684210526315784,0.0,0.0,0
SKU022,2025-05-05,7,365.0,0,0,0,0,No Promotion,5,2,2025,19,0.7485107481711013,-0.663122658240795,0.49999999999999994,-0.8660254037844387,Home Decor,Clock,3424.8,6190.98,333.0,355.0,333.0,346.0,390.0,,,339.25,361.125,363.3076923076923,10.59481005020868,56.37739541949163,-24.05769230769232,-2.182692307692321,-0.06621850518738093,0.0,0.0,0
SKU022,2025-05-12,7,372.0,0,0,0,0,No Promotion,5,2,2025,20,0.6631226582407952,-0.7485107481711012,0.49999999999999994,-0.8660254037844387,Home Decor,Clock,3424.8,6190.98,365.0,333.0,336.0,472.0,364.0,,,347.25,363.5,361.38461538461536,15.326991442115107,56.04844843016239,-14.134615384615358,2.1153846153846416,-0.03911238825031926,0.0,0.0,0
SKU022,2025-05-19,7,343.0,0,0,0,0,No Promotion,5,2,2025,21,0.5680647467311558,-0.8229838658936564,0.49999999999999994,-0.8660254037844387,Home Decor,Clock,3424.8,6190.98,372.0,365.0,355.0,418.0,393.0,,,356.25,351.0,362.0,16.997548842897018,35.93645184806887,-5.75,-11.0,-0.015883977900552515,0.0,0.0,0
SKU022,2025-05-26,7,347.0,0,0,0,0,No Promotion,5,2,2025,22,0.46472317204376906,-0.8854560256532096,0.49999999999999994,-0.8660254037844387,Home Decor,Clock,3424.8,6190.98,343.0,372.0,333.0,296.0,352.0,,,353.25,341.625,358.15384615384613,18.300728582946356,23.639781845742295,-4.903846153846132,-16.528846153846132,-0.013692010309278246,0.0,0.0,0
SKU022,2025-06-02,7,388.0,0,0,0,0,No Promotion,6,2,2025,23,0.35460488704253584,-0.9350162426854147,1.2246467991473532e-16,-1.0,Home Decor,Clock,3424.8,6190.98,347.0,343.0,365.0,333.0,335.0,,,356.75,348.0,357.7692307692308,13.961255912942423,14.80347449563305,-1.0192307692307736,-9.769230769230774,-0.0028488497097398646,0.0,0.0,0
SKU022,2025-06-09,7,499.0,6,0,1,0,Summer Sale,6,2,2025,24,0.23931566428755768,-0.970941817426052,1.2246467991473532e-16,-1.0,Home Decor,Clock,3424.8,6190.98,388.0,347.0,372.0,336.0,346.0,,,362.5,354.875,361.84615384615387,21.299452262128003,19.01456208879322,0.653846153846132,-6.971153846153868,0.0018069727891156795,362.5,0.8571428571428571,0
SKU022,2025-06-16,7,540.0,5,0,1,0,Summer Sale,6,2,2025,25,0.12053668025532308,-0.992708874098054,1.2246467991473532e-16,-1.0,Home Decor,Clock,3424.8,6190.98,499.0,388.0,343.0,355.0,472.0,,,394.25,375.25,373.61538461538464,72.7341047927312,52.9494367972206,20.63461538461536,1.6346153846153584,0.055229565575457995,394.25,0.7142857142857143,0
SKU022,2025-06-23,7,418.0,0,0,0,0,No Promotion,6,2,2025,26,-3.216245299353273e-16,-1.0,1.2246467991473532e-16,-1.0,Home Decor,Clock,3424.8,6190.98,540.0,499.0,347.0,333.0,418.0,,,443.5,398.375,378.84615384615387,90.89371082020291,77.53328778199538,64.65384615384613,19.528846153846132,0.17065989847715723,0.0,0.0,0
SKU022,2025-06-30,7,371.0,0,0,0,0,No Promotion,6,2,2025,27,-0.12053668025532283,-0.992708874098054,1.2246467991473532e-16,-1.0,Home Decor,Clock,3424.8,6190.98,418.0,540.0,388.0,365.0,296.0,,,461.25,409.0,378.84615384615387,70.38643335188965,72.98532142052362,82.40384615384613,30.153846153846132,0.21751269035532994,0.0,0.0,0
SKU022,2025-07-07,7,405.0,0,0,0,0,No Promotion,7,3,2025,28,-0.23931566428755743,-0.9709418174260521,-0.4999999999999997,-0.8660254037844388,Home Decor,Clock,3424.8,6190.98,371.0,418.0,499.0,372.0,333.0,444.0,,457.0,409.75,384.61538461538464,76.52886165798282,72.49778321734101,72.38461538461536,25.13461538461536,0.18819999999999992,0.0,0.0,0
SKU022,2025-07-14,7,439.0,0,0,0,0,No Promotion,7,3,2025,29,-0.3546048870425356,-0.9350162426854148,-0.4999999999999997,-0.8660254037844388,Home Decor,Clock,3424.8,6190.98,405.0,371.0,540.0,343.0,336.0,434.0,,433.5,413.875,390.15384615384613,73.71340900180014,70.96566070995183,43.34615384615387,23.721153846153868,0.11110015772870674,0.0,0.0,0
SKU022,2025-07-21,7,393.0,0,0,0,0,No Promotion,7,3,2025,30,-0.46472317204376806,-0.8854560256532101,-0.4999999999999997,-0.8660254037844388,Home Decor,Clock,3424.8,6190.98,439.0,405.0,418.0,347.0,355.0,375.0,,408.25,425.875,398.0769230769231,28.51169350751848,65.14694927623243,10.173076923076906,27.798076923076906,0.025555555555555554,0.0,0.0,0
SKU022,2025-07-28,7,388.0,0,0,0,0,No Promotion,7,3,2025,31,-0.5680647467311556,-0.8229838658936566,-0.4999999999999997,-0.8660254037844388,Home Decor,Clock,3424.8,6190.98,393.0,439.0,371.0,388.0,333.0,360.0,,402.0,431.625,401.0,28.40187787218781,58.92352792269947,1.0,30.625,0.0024937655860348684,0.0,0.0,0
SKU022,2025-08-04,7,390.0,0,0,0,0,No Promotion,8,3,2025,32,-0.663122658240795,-0.7485107481711013,-0.8660254037844385,-0.5000000000000004,Home Decor,Clock,3424.8,6190.98,388.0,393.0,405.0,499.0,365.0,390.0,,406.25,431.625,405.2307692307692,22.96918225216863,58.92352792269947,1.0192307692307736,26.394230769230774,0.0025151860288534778,0.0,0.0,0
SKU022,2025-08-11,7,428.0,0,1,0,1,No Promotion,8,3,2025,33,-0.7485107481711011,-0.6631226582407952,-0.8660254037844385,-0.5000000000000004,Home Decor,Clock,3424.8,6190.98,390.0,388.0,439.0,540.0,372.0,364.0,,402.5,418.0,407.15384615384613,24.419937209856588,53.46828165236979,-4.653846153846132,10.846153846153868,-0.011430190818061514,0.0,0.0,0
SKU022,2025-08-18,7,390.0,0,0,0,0,No Promotion,8,3,2025,34,-0.8229838658936564,-0.5680647467311559,-0.8660254037844385,-0.5000000000000004,Home Decor,Clock,3424.8,6190.98,428.0,390.0,393.0,418.0,343.0,393.0,,399.75,404.0,411.46153846153845,18.94509611130732,22.8660696853907,-11.711538461538453,-7.461538461538453,-0.028463264161525448,0.0,0.0,0
SKU022,2025-08-25,7,460.0,0,0,0,0,No Promotion,8,3,2025,35,-0.8854560256532096,-0.4647231720437691,-0.8660254037844385,-0.5000000000000004,Home Decor,Clock,3424.8,6190.98,390.0,428.0,388.0,371.0,347.0,352.0,,399.0,400.5,415.0769230769231,19.356308187944098,22.557862107414866,-16.076923076923094,-14.576923076923094,-0.03873239436619724,0.0,0.0,0
SKU022,2025-09-01,7,336.0,0,0,0,0,No Promotion,9,3,2025,36,-0.9350162426854147,-0.3546048870425359,-1.0,-1.8369701987210297e-16,Home Decor,Clock,3424.8,6190.98,460.0,390.0,390.0,405.0,388.0,335.0,,417.0,411.625,423.7692307692308,33.80335289089932,27.36492802318848,-6.769230769230774,-12.144230769230774,-0.015973860954801244,0.0,0.0,0
SKU022,2025-09-08,7,387.0,0,0,0,0,No Promotion,9,3,2025,37,-0.970941817426052,-0.23931566428755774,-1.0,-1.8369701987210297e-16,Home Decor,Clock,3424.8,6190.98,336.0,460.0,428.0,439.0,499.0,346.0,,403.5,403.0,419.7692307692308,53.326041168144776,38.40014880923548,-16.269230769230774,-16.769230769230774,-0.038757559098405725,0.0,0.0,0
SKU022,2025-09-15,7,388.0,0,0,0,0,No Promotion,9,3,2025,38,-0.992708874098054,-0.12053668025532357,-1.0,-1.8369701987210297e-16,Home Decor,Clock,3424.8,6190.98,387.0,336.0,390.0,393.0,540.0,472.0,,393.25,396.5,411.15384615384613,50.93378053904898,35.74512953836209,-17.903846153846132,-14.653846153846132,-0.04354536950420951,0.0,0.0,0
SKU022,2025-09-22,7,331.0,0,0,0,0,No Promotion,9,3,2025,39,-1.0,-1.8369701987210297e-16,-1.0,-1.8369701987210297e-16,Home Decor,Clock,3424.8,6190.98,388.0,387.0,460.0,388.0,418.0,418.0,,392.75,395.875,399.46153846153845,50.986109219407375,35.85860127939022,-6.711538461538453,-3.586538461538453,-0.01680146350856926,0.0,0.0,0
SKU022,2025-09-29,7,455.0,5,1,1,1,Festive Sale,9,3,2025,40,-0.992708874098054,0.1205366802553232,-1.0,-1.8369701987210297e-16,Home Decor,Clock,3424.8,6190.98,331.0,388.0,336.0,390.0,371.0,296.0,,360.5,388.75,392.7692307692308,31.24633311819704,42.663969408791374,-32.269230769230774,-4.019230769230774,-0.08215824520172343,360.5,0.7142857142857143,1
SKU022,2025-10-06,7,406.0,5,0,1,0,Festive Sale,10,4,2025,41,-0.9709418174260521,0.23931566428755738,-0.8660254037844386,0.5000000000000001,Home Decor,Clock,3424.8,6190.98,455.0,331.0,387.0,428.0,405.0,333.0,,390.25,396.875,399.2307692307692,50.723925978444036,48.6985992758372,-8.980769230769226,-2.3557692307692264,-0.02249518304431597,390.25,0.7142857142857143,0
SKU022,2025-10-13,7,380.0,0,0,0,0,No Promotion,10,4,2025,42,-0.9350162426854148,0.35460488704253557,-0.8660254037844386,0.5000000000000001,Home Decor,Clock,3424.8,6190.98,406.0,455.0,388.0,390.0,439.0,336.0,,395.0,394.125,399.3076923076923,51.205468457968465,47.29070431158448,-4.307692307692321,-5.182692307692321,-0.010787902138316374,0.0,0.0,0
SKU022,2025-10-20,7,383.0,0,0,0,0,No Promotion,10,4,2025,43,-0.8854560256532101,0.464723172043768,-0.8660254037844386,0.5000000000000001,Home Decor,Clock,3424.8,6190.98,380.0,406.0,331.0,460.0,393.0,355.0,,393.0,392.875,394.7692307692308,51.72362451852477,47.54678147436931,-1.7692307692307736,-1.8942307692307736,-0.004481683554169891,0.0,0.0,0
SKU022,2025-10-27,7,381.0,0,1,0,1,No Promotion,10,4,2025,44,-0.822983865893657,0.5680647467311548,-0.8660254037844386,0.5000000000000001,Home Decor,Clock,3424.8,6190.98,383.0,380.0,455.0,336.0,388.0,333.0,,406.0,383.25,394.0,34.66987164671948,39.0521629179669,12.0,-10.75,0.030456852791878264,0.0,0.0,0
SKU022,2025-11-03,7,371.0,0,0,0,0,No Promotion,11,4,2025,45,-0.7485107481711011,0.6631226582407952,-0.5000000000000004,0.8660254037844384,Home Decor,Clock,3424.8,6190.98,381.0,383.0,406.0,387.0,390.0,365.0,,387.5,388.875,393.46153846153845,12.396235987858182,34.2154413762475,-5.961538461538453,-4.586538461538453,-0.015151515151515138,0.0,0.0,0
SKU022,2025-11-10,7,375.0,0,0,0,0,No Promotion,11,4,2025,46,-0.6631226582407955,0.7485107481711007,-0.5000000000000004,0.8660254037844384,Home Decor,Clock,3424.8,6190.98,371.0,381.0,380.0,388.0,428.0,372.0,,378.75,386.875,392.0,5.315072906367651,34.803273655546505,-13.25,-5.125,-0.03380102040816324,0.0,0.0,0
SKU022,2025-11-17,7,423.0,4,0,1,0,Black Friday,11,4,2025,47,-0.5680647467311559,0.8229838658936564,-0.5000000000000004,0.8660254037844384,Home Decor,Clock,3424.8,6190.98,375.0,371.0,383.0,331.0,390.0,343.0,,377.5,385.25,387.9230769230769,5.507570547286414,35.0458882854221,-10.423076923076906,-2.6730769230769056,-0.026868927225857542,377.5,0.5714285714285714,0
SKU022,2025-11-24,7,482.0,7,0,1,0,Black Friday,11,4,2025,48,-0.4647231720437684,0.88545602565321,-0.5000000000000004,0.8660254037844384,Home Decor,Clock,3424.8,6190.98,423.0,375.0,381.0,455.0,460.0,347.0,,387.5,396.75,390.46153846153845,24.020824298928694,29.329409910775333,-2.961538461538453,6.288461538461547,-0.007584712371946356,387.5,1.0,0
SKU022,2025-12-01,7,429.0,0,0,0,0,No Promotion,12,4,2025,49,-0.35460488704253595,0.9350162426854147,-2.4492935982947064e-16,1.0,Home Decor,Clock,3424.8,6190.98,482.0,423.0,371.0,406.0,336.0,388.0,,412.75,400.125,392.15384615384613,51.861192941672066,37.425879128905294,20.596153846153868,7.971153846153868,0.052520596312279455,0.0,0.0,0
SKU022,2025-12-08,7,445.0,0,0,0,0,No Promotion,12,4,2025,50,-0.2393156642875578,0.970941817426052,-2.4492935982947064e-16,1.0,Home Decor,Clock,3424.8,6190.98,429.0,482.0,375.0,380.0,387.0,499.0,,427.25,403.0,399.3076923076923,43.774992861221605,38.799852724315485,27.94230769230768,3.692307692307679,0.06997688306684635,0.0,0.0,0
SKU022,2025-12-15,7,521.0,7,0,1,0,Year End Sale,12,4,2025,51,-0.12053668025532363,0.992708874098054,-2.4492935982947064e-16,1.0,Home Decor,Clock,3424.8,6190.98,445.0,429.0,423.0,383.0,388.0,540.0,,444.75,411.125,403.7692307692308,26.512575632455416,40.08005382089345,40.980769230769226,7.355769230769226,0.10149552295675357,444.75,1.0,0
SKU022,2025-12-22,7,573.0,7,1,1,1,Year End Sale,12,4,2025,52,6.432490598706546e-16,1.0,-2.4492935982947064e-16,1.0,Home Decor,Clock,3424.8,6190.98,521.0,445.0,482.0,381.0,331.0,418.0,,469.25,428.375,414.0,41.02336732481463,53.64682789184411,55.25,14.375,0.13345410628019327,469.25,1.0,1
SKU022,2025-12-29,7,463.0,3,0,1,0,Year End Sale,12,4,2025,1,0.12053668025532305,0.992708874098054,-2.4492935982947064e-16,1.0,Home Decor,Clock,3424.8,6190.98,573.0,521.0,429.0,371.0,455.0,371.0,,492.0,452.375,432.61538461538464,67.28050733062786,69.90797522457649,59.38461538461536,19.75961538461536,0.13726884779516357,492.0,0.42857142857142855,0
SKU022,2026-01-05,7,426.0,0,0,0,0,No Promotion,1,1,2026,2,0.23931566428755774,0.970941817426052,0.49999999999999994,0.8660254037844387,Home Decor,Clock,3424.8,6190.98,463.0,573.0,445.0,375.0,406.0,405.0,444.0,500.5,463.875,433.2307692307692,58.20366540576864,61.69380033682477,67.26923076923077,30.644230769230774,0.1552734375,0.0,0.0,0
SKU022,2026-01-12,7,434.0,0,0,0,0,No Promotion,1,1,2026,3,0.3546048870425356,0.9350162426854148,0.49999999999999994,0.8660254037844387,Home Decor,Clock,3424.8,6190.98,426.0,463.0,521.0,423.0,380.0,439.0,434.0,495.75,470.25,434.7692307692308,64.6600082482725,53.25611970200501,60.980769230769226,35.480769230769226,0.1402600849256901,0.0,0.0,0
SKU022,2026-01-19,7,447.0,0,0,0,0,No Promotion,1,1,2026,4,0.4647231720437685,0.8854560256532099,0.49999999999999994,0.8660254037844387,Home Decor,Clock,3424.8,6190.98,434.0,426.0,573.0,482.0,383.0,393.0,375.0,474.0,471.625,438.9230769230769,67.88716128007319,51.98883808775001,35.076923076923094,32.701923076923094,0.07991587802313349,0.0,0.0,0
SKU022,2026-01-26,7,411.0,0,1,0,1,No Promotion,1,1,2026,5,0.5680647467311558,0.8229838658936564,0.49999999999999994,0.8660254037844387,Home Decor,Clock,3424.8,6190.98,447.0,434.0,463.0,429.0,381.0,388.0,360.0,442.5,467.25,443.84615384615387,16.17611407806796,52.461550546226576,-1.346153846153868,23.403846153846132,-0.003032928942807711,0.0,0.0,0
SKU022,2026-02-02,7,405.0,0,0,0,0,No Promotion,2,1,2026,6,0.6631226582407952,0.7485107481711011,0.8660254037844386,0.5000000000000001,Home Decor,Clock,3424.8,6190.98,411.0,447.0,426.0,445.0,371.0,390.0,390.0,429.5,465.0,446.15384615384613,15.066519173319433,54.67566708718397,-16.653846153846132,18.846153846153868,-0.03732758620689647,0.0,0.0,0
SKU022,2026-02-09,7,409.0,0,0,0,0,No Promotion,2,1,2026,7,0.7485107481711011,0.6631226582407953,0.8660254037844386,0.5000000000000001,Home Decor,Clock,3424.8,6190.98,405.0,411.0,434.0,521.0,375.0,428.0,364.0,424.25,460.0,448.7692307692308,19.653244007033603,58.46366392897387,-24.519230769230774,11.230769230769226,-0.05463661295851907,0.0,0.0,0
SKU022,2026-02-16,7,466.0,0,0,0,0,No Promotion,2,1,2026,8,0.8229838658936564,0.5680647467311559,0.8660254037844386,0.5000000000000001,Home Decor,Clock,3424.8,6190.98,409.0,405.0,447.0,573.0,423.0,390.0,393.0,418.0,446.0,451.38461538461536,19.493588689617983,55.08175741568164,-33.38461538461536,-5.384615384615358,-0.0739604635310156,0.0,0.0,0
SKU022,2026-02-23,7,371.0,0,0,0,0,No Promotion,2,1,2026,9,0.8854560256532099,0.4647231720437686,0.8660254037844386,0.5000000000000001,Home Decor,Clock,3424.8,6190.98,466.0,409.0,411.0,463.0,482.0,460.0,352.0,422.75,432.625,454.6923076923077,28.941032001871243,24.136146573729853,-31.94230769230768,-22.06730769230768,-0.07025038064625277,0.0,0.0,0
SKU022,2026-03-02,7,411.0,0,0,0,0,No Promotion,3,1,2026,10,0.9350162426854148,0.35460488704253557,1.0,6.123233995736766e-17,Home Decor,Clock,3424.8,6190.98,371.0,466.0,405.0,426.0,429.0,336.0,335.0,412.75,421.125,446.15384615384613,39.38167932766033,29.019390069400146,-33.40384615384613,-25.028846153846132,-0.0748706896551724,0.0,0.0,0
SKU022,2026-03-09,7,410.0,1,0,1,0,Spring Sale,3,1,2026,11,0.970941817426052,0.23931566428755804,1.0,6.123233995736766e-17,Home Decor,Clock,3424.8,6190.98,411.0,371.0,409.0,434.0,445.0,387.0,346.0,414.25,419.25,444.7692307692308,39.10136400007894,29.143732479851355,-30.519230769230774,-25.519230769230774,-0.06861812521618815,414.25,0.14285714285714285,0
SKU022,2026-03-16,7,541.0,7,0,1,0,Spring Sale,3,1,2026,12,0.992708874098054,0.120536680255323,1.0,6.123233995736766e-17,Home Decor,Clock,3424.8,6190.98,410.0,411.0,466.0,447.0,521.0,388.0,472.0,414.5,416.25,442.0769230769231,39.05978323885924,28.63938347301292,-27.576923076923094,-25.826923076923094,-0.06238037236819216,414.5,1.0,0
SKU022,2026-03-23,7,465.0,3,0,1,0,Spring Sale,3,1,2026,13,1.0,-1.6081226496766366e-16,1.0,6.123233995736766e-17,Home Decor,Clock,3424.8,6190.98,541.0,410.0,371.0,411.0,573.0,331.0,418.0,433.25,428.0,443.61538461538464,74.2086023764541,52.445890483158244,-10.365384615384642,-15.615384615384642,-0.023365701404543193,433.25,0.42857142857142855,0
SKU022,2026-03-30,7,418.0,0,0,0,0,No Promotion,3,1,2026,14,0.992708874098054,-0.12053668025532288,1.0,6.123233995736766e-17,Home Decor,Clock,3424.8,6190.98,465.0,541.0,411.0,405.0,463.0,455.0,296.0,456.75,434.75,435.3076923076923,61.76501167057827,53.411475492498,21.44230769230768,-0.5576923076923208,0.04925781940272134,0.0,0.0,0
SKU022,2026-04-06,7,429.0,0,0,0,0,No Promotion,4,2,2026,15,0.9709418174260521,-0.2393156642875575,0.8660254037844387,-0.4999999999999998,Home Decor,Clock,3424.8,6190.98,418.0,465.0,410.0,409.0,426.0,406.0,333.0,458.5,436.375,431.84615384615387,60.11378100458055,52.56815304236696,26.653846153846132,4.528846153846132,0.061720698254364104,0.0,0.0,0
SKU022,2026-04-13,7,415.0,0,0,0,0,No Promotion,4,2,2026,16,0.9350162426854148,-0.35460488704253545,0.8660254037844387,-0.4999999999999998,Home Decor,Clock,3424.8,6190.98,429.0,418.0,541.0,466.0,434.0,380.0,336.0,463.25,438.875,432.0769230769231,55.584020485507665,51.54592265986848,31.173076923076906,6.798076923076906,0.0721470535873241,0.0,0.0,0
SKU022,2026-04-20,7,360.0,0,0,0,0,No Promotion,4,2,2026,17,0.8854560256532099,-0.4647231720437685,0.8660254037844387,-0.4999999999999998,Home Decor,Clock,3424.8,6190.98,415.0,429.0,465.0,371.0,447.0,383.0,355.0,431.75,432.5,430.61538461538464,22.96918225216856,50.86115553993187,1.1346153846153584,1.8846153846153584,0.0026348695962843394,0.0,0.0,0
SKU022,2026-04-27,7,432.0,0,0,0,0,No Promotion,4,2,2026,18,0.8229838658936565,-0.5680647467311557,0.8660254037844387,-0.4999999999999998,Home Decor,Clock,3424.8,6190.98,360.0,415.0,418.0,411.0,411.0,381.0,333.0,405.5,431.125,423.9230769230769,30.924639582917305,52.870292765813744,-18.423076923076906,7.201923076923094,-0.043458537470513425,0.0,0.0,0
SKU022,2026-05-04,7,431.0,0,0,0,0,No Promotion,5,2,2026,19,0.7485107481711013,-0.663122658240795,0.49999999999999994,-0.8660254037844387,Home Decor,Clock,3424.8,6190.98,432.0,360.0,429.0,410.0,405.0,371.0,365.0,409.0,433.75,425.53846153846155,33.496268448888486,52.245984124551214,-16.538461538461547,8.211538461538453,-0.03886478669558935,0.0,0.0,0
SKU022,2026-05-11,7,389.0,0,0,0,0,No Promotion,5,2,2026,20,0.6631226582407952,-0.7485107481711012,0.49999999999999994,-0.8660254037844387,Home Decor,Clock,3424.8,6190.98,431.0,432.0,415.0,541.0,409.0,375.0,372.0,409.5,436.375,427.53846153846155,33.90673482756293,51.40299463205288,-18.038461538461547,8.836538461538453,-0.04219143576826201,0.0,0.0,0
SKU022,2026-05-18,7,364.0,0,0,0,0,No Promotion,5,2,2026,21,0.5680647467311558,-0.8229838658936564,0.49999999999999994,-0.8660254037844387,Home Decor,Clock,3424.8,6190.98,389.0,431.0,360.0,465.0,466.0,423.0,343.0,403.0,417.375,426.0,34.97618237219917,31.40945035221998,-23.0,-8.625,-0.0539906103286385,0.0,0.0,0
SKU022,2026-05-25,7,397.0,0,0,0,0,No Promotion,5,2,2026,22,0.46472317204376906,-0.8854560256532096,0.49999999999999994,-0.8660254037844387,Home Decor,Clock,3424.8,6190.98,364.0,389.0,432.0,418.0,371.0,482.0,347.0,404.0,404.75,418.15384615384613,33.35665850571171,29.788540462015643,-14.153846153846132,-13.403846153846132,-0.03384841795437821,0.0,0.0,0
SKU022,2026-06-01,7,461.0,0,0,0,0,No Promotion,6,2,2026,23,0.35460488704253584,-0.9350162426854147,1.2246467991473532e-16,-1.0,Home Decor,Clock,3424.8,6190.98,397.0,364.0,431.0,429.0,411.0,429.0,388.0,395.25,402.125,420.15384615384613,27.669176592976818,29.376557709458456,-24.903846153846132,-18.028846153846132,-0.05927316001464655,0.0,0.0,0
SKU022,2026-06-08,7,469.0,5,0,1,0,Summer Sale,6,2,2026,24,0.23931566428755768,-0.970941817426052,1.2246467991473532e-16,-1.0,Home Decor,Clock,3424.8,6190.98,461.0,397.0,389.0,415.0,410.0,445.0,499.0,402.75,406.125,424.0,41.298708615807065,35.16669487699162,-21.25,-17.875,-0.05011792452830188,402.75,0.7142857142857143,0
SKU022,2026-06-15,7,609.0,6,0,1,0,Summer Sale,6,2,2026,25,0.12053668025532308,-0.992708874098054,1.2246467991473532e-16,-1.0,Home Decor,Clock,3424.8,6190.98,469.0,461.0,364.0,360.0,541.0,521.0,540.0,422.75,412.875,428.53846153846155,50.71735403192879,41.69082632906189,-5.788461538461547,-15.663461538461547,-0.01350744929097114,422.75,0.8571428571428571,0
SKU022,2026-06-22,7,433.0,0,0,0,0,No Promotion,6,2,2026,26,-3.216245299353273e-16,-1.0,1.2246467991473532e-16,-1.0,Home Decor,Clock,3424.8,6190.98,609.0,469.0,397.0,432.0,465.0,573.0,418.0,484.0,444.0,433.7692307692308,89.34577027854576,75.67411333191443,50.230769230769226,10.230769230769226,0.11580067387834725,0.0,0.0,0
SKU023,2025-01-06,7,807.0,3,0,1,0,New Year Sale,1,1,2025,2,0.23931566428755774,0.970941817426052,0.49999999999999994,0.8660254037844387,Small Appliances,Toaster,2456.9,4088.42,,,,,,,,,,,,,,,,,0.42857142857142855,0
SKU023,2025-01-13,7,690.0,3,0,1,0,New Year Sale,1,1,2025,3,0.3546048870425356,0.9350162426854148,0.49999999999999994,0.8660254037844387,Small Appliances,Toaster,2456.9,4088.42,807.0,,,,,,,,,,,,,,,,0.42857142857142855,0
SKU023,2025-01-20,7,631.0,0,1,0,1,No Promotion,1,1,2025,4,0.4647231720437685,0.8854560256532099,0.49999999999999994,0.8660254037844387,Small Appliances,Toaster,2456.9,4088.42,690.0,807.0,,,,,,,,,,,,,,,0.0,0
SKU023,2025-01-27,7,596.0,0,0,0,0,No Promotion,1,1,2025,5,0.5680647467311558,0.8229838658936564,0.49999999999999994,0.8660254037844387,Small Appliances,Toaster,2456.9,4088.42,631.0,690.0,,,,,,,,,,,,,,,0.0,0
SKU023,2025-02-03,7,612.0,0,0,0,0,No Promotion,2,1,2025,6,0.6631226582407952,0.7485107481711011,0.8660254037844386,0.5000000000000001,Small Appliances,Toaster,2456.9,4088.42,596.0,631.0,807.0,,,,,681.0,,,92.5238707937939,,,,,0.0,0.0,0
SKU023,2025-02-10,7,666.0,0,0,0,0,No Promotion,2,1,2025,7,0.7485107481711011,0.6631226582407953,0.8660254037844386,0.5000000000000001,Small Appliances,Toaster,2456.9,4088.42,612.0,596.0,690.0,,,,,632.25,,,41.07209109196498,,,,,0.0,0.0,0
SKU023,2025-02-17,7,624.0,0,0,0,0,No Promotion,2,1,2025,8,0.8229838658936564,0.5680647467311559,0.8660254037844386,0.5000000000000001,Small Appliances,Toaster,2456.9,4088.42,666.0,612.0,631.0,,,,,626.25,,,30.11505714201235,,,,,0.0,0.0,0
SKU023,2025-02-24,7,625.0,0,0,0,0,No Promotion,2,1,2025,9,0.8854560256532099,0.4647231720437686,0.8660254037844386,0.5000000000000001,Small Appliances,Toaster,2456.9,4088.42,624.0,666.0,596.0,,,,,624.5,,,29.949958263743916,,,,,0.0,0.0,0
SKU023,2025-03-03,7,662.0,0,0,0,0,No Promotion,3,1,2025,10,0.9350162426854148,0.35460488704253557,1.0,6.123233995736766e-17,Small Appliances,Toaster,2456.9,4088.42,625.0,624.0,612.0,807.0,,,,631.75,656.375,,23.58495283014156,67.82527447156303,,,,0.0,0.0,0
SKU023,2025-03-10,7,608.0,0,0,0,0,No Promotion,3,1,2025,11,0.970941817426052,0.23931566428755804,1.0,6.123233995736766e-17,Small Appliances,Toaster,2456.9,4088.42,662.0,625.0,666.0,690.0,,,,644.25,638.25,,22.867371223353782,31.435875774571457,,,,0.0,0.0,0
SKU023,2025-03-17,7,768.0,4,0,1,0,Spring Sale,3,1,2025,12,0.992708874098054,0.120536680255323,1.0,6.123233995736766e-17,Small Appliances,Toaster,2456.9,4088.42,608.0,662.0,624.0,631.0,,,,629.75,628.0,,22.867371223353782,24.825102503025388,,,,629.75,0.5714285714285714,0
SKU023,2025-03-24,7,766.0,4,0,1,0,Spring Sale,3,1,2025,13,1.0,-1.6081226496766366e-16,1.0,6.123233995736766e-17,Small Appliances,Toaster,2456.9,4088.42,768.0,608.0,625.0,596.0,,,,665.75,645.125,,71.79774833980987,55.49629974794977,,,,665.75,0.5714285714285714,0
SKU023,2025-03-31,7,1213.0,0,0,0,0,No Promotion,3,1,2025,14,0.992708874098054,-0.12053668025532288,1.0,6.123233995736766e-17,Small Appliances,Toaster,2456.9,4088.42,766.0,768.0,662.0,612.0,,,,701.0,666.375,,79.3389353764384,65.62215980248487,,,,0.0,0.0,0
SKU023,2025-04-07,7,551.0,0,0,0,0,No Promotion,4,2,2025,15,0.9709418174260521,-0.2393156642875575,0.8660254037844387,-0.4999999999999998,Small Appliances,Toaster,2456.9,4088.42,1213.0,766.0,608.0,666.0,807.0,,,838.75,741.5,712.9230769230769,260.5166341458193,200.2983488984085,125.8269230769231,28.576923076923094,0.17649438929650407,0.0,0.0,0
SKU023,2025-04-14,7,594.0,0,0,0,0,No Promotion,4,2,2025,16,0.9350162426854148,-0.35460488704253545,0.8660254037844387,-0.4999999999999998,Small Appliances,Toaster,2456.9,4088.42,551.0,1213.0,768.0,624.0,690.0,,,824.5,727.125,693.2307692307693,278.297802123313,210.36460694979766,131.26923076923072,33.89423076923072,0.1893586329338659,0.0,0.0,0
SKU023,2025-04-21,7,596.0,0,0,0,0,No Promotion,4,2,2025,17,0.8854560256532099,-0.4647231720437685,0.8660254037844387,-0.4999999999999998,Small Appliances,Toaster,2456.9,4088.42,594.0,551.0,766.0,625.0,631.0,,,781.0,723.375,685.8461538461538,302.60975970161087,212.71976031523596,95.15384615384619,37.52884615384619,0.13873934499775697,0.0,0.0,0
SKU023,2025-04-28,7,628.0,0,0,0,0,No Promotion,4,2,2025,18,0.8229838658936565,-0.5680647467311557,0.8660254037844387,-0.4999999999999998,Small Appliances,Toaster,2456.9,4088.42,596.0,594.0,1213.0,662.0,596.0,,,738.5,719.75,683.1538461538462,317.01366952651534,214.87188874170715,55.34615384615381,36.59615384615381,0.08101565139060907,0.0,0.0,0
SKU023,2025-05-05,7,621.0,0,0,0,0,No Promotion,5,2,2025,19,0.7485107481711013,-0.663122658240795,0.49999999999999994,-0.8660254037844387,Small Appliances,Toaster,2456.9,4088.42,628.0,596.0,551.0,608.0,612.0,,,592.25,715.5,685.6153846153846,31.605642956071513,216.50734068716602,-93.36538461538464,29.88461538461536,-0.13617749354874908,0.0,0.0,0
SKU023,2025-05-12,7,630.0,0,0,0,0,No Promotion,5,2,2025,20,0.6631226582407952,-0.7485107481711012,0.49999999999999994,-0.8660254037844387,Small Appliances,Toaster,2456.9,4088.42,621.0,628.0,594.0,768.0,666.0,,,609.75,717.125,686.3076923076923,17.289206652321347,215.63225143086288,-76.55769230769226,30.817307692307736,-0.11155010087424344,0.0,0.0,0
SKU023,2025-05-19,7,613.0,0,0,0,0,No Promotion,5,2,2025,21,0.5680647467311558,-0.8229838658936564,0.49999999999999994,-0.8660254037844387,Small Appliances,Toaster,2456.9,4088.42,630.0,621.0,596.0,766.0,624.0,,,618.75,699.875,683.5384615384615,15.64981363041339,216.4990514660845,-64.78846153846155,16.336538461538453,-0.09478392977717764,0.0,0.0,0
SKU023,2025-05-26,7,673.0,0,0,0,0,No Promotion,5,2,2025,22,0.46472317204376906,-0.8854560256532096,0.49999999999999994,-0.8660254037844387,Small Appliances,Toaster,2456.9,4088.42,613.0,630.0,628.0,1213.0,625.0,,,623.0,680.75,682.6923076923077,7.702813338861279,216.58106367560657,-59.692307692307736,-1.942307692307736,-0.08743661971830996,0.0,0.0,0
SKU023,2025-06-02,7,700.0,0,0,0,0,No Promotion,6,2,2025,23,0.35460488704253584,-0.9350162426854147,1.2246467991473532e-16,-1.0,Small Appliances,Toaster,2456.9,4088.42,673.0,613.0,621.0,551.0,662.0,,,634.25,613.25,686.3846153846154,26.750389405265466,35.19638780167243,-52.13461538461536,-73.13461538461536,-0.07595539616720826,0.0,0.0,0
SKU023,2025-06-09,7,863.0,6,0,1,0,Summer Sale,6,2,2025,24,0.23931566428755768,-0.970941817426052,1.2246467991473532e-16,-1.0,Small Appliances,Toaster,2456.9,4088.42,700.0,673.0,630.0,594.0,608.0,,,654.0,631.875,689.3076923076923,39.72404813208249,36.93019476951466,-35.307692307692264,-57.432692307692264,-0.05122196183461658,654.0,0.8571428571428571,0
SKU023,2025-06-16,7,911.0,5,0,1,0,Summer Sale,6,2,2025,25,0.12053668025532308,-0.992708874098054,1.2246467991473532e-16,-1.0,Small Appliances,Toaster,2456.9,4088.42,863.0,700.0,613.0,596.0,768.0,,,712.25,665.5,708.9230769230769,106.87492690055983,86.59099260315706,3.3269230769230944,-43.423076923076906,0.004692925347222321,712.25,0.7142857142857143,0
SKU023,2025-06-23,7,656.0,0,0,0,0,No Promotion,6,2,2025,26,-3.216245299353273e-16,-1.0,1.2246467991473532e-16,-1.0,Small Appliances,Toaster,2456.9,4088.42,911.0,863.0,673.0,628.0,766.0,,,786.75,704.875,719.9230769230769,117.92193745581581,116.816629809287,66.8269230769231,-15.048076923076906,0.09282508815044355,0.0,0.0,0
SKU023,2025-06-30,7,605.0,0,0,0,0,No Promotion,6,2,2025,27,-0.12053668025532283,-0.992708874098054,1.2246467991473532e-16,-1.0,Small Appliances,Toaster,2456.9,4088.42,656.0,911.0,700.0,621.0,1213.0,,,782.5,708.375,711.4615384615385,123.55970216862778,114.58239393554317,71.03846153846155,-3.086538461538453,0.0998486322845713,0.0,0.0,0
SKU023,2025-07-07,7,727.0,0,0,0,0,No Promotion,7,3,2025,28,-0.23931566428755743,-0.9709418174260521,-0.4999999999999997,-0.8660254037844388,Small Appliances,Toaster,2456.9,4088.42,605.0,656.0,863.0,630.0,551.0,807.0,,758.75,706.375,664.6923076923077,150.8252299849067,116.44978991577688,94.05769230769226,41.682692307692264,0.14150561277629903,0.0,0.0,0
SKU023,2025-07-14,7,701.0,0,0,0,0,No Promotion,7,3,2025,29,-0.3546048870425356,-0.9350162426854148,-0.4999999999999997,-0.8660254037844388,Small Appliances,Toaster,2456.9,4088.42,727.0,605.0,911.0,613.0,594.0,690.0,,724.75,718.5,678.2307692307693,133.86653801454642,112.33877335986894,46.51923076923072,40.26923076923072,0.06858908925938523,0.0,0.0,0
SKU023,2025-07-21,7,733.0,0,0,0,0,No Promotion,7,3,2025,30,-0.46472317204376806,-0.8854560256532101,-0.4999999999999997,-0.8660254037844388,Small Appliances,Toaster,2456.9,4088.42,701.0,727.0,656.0,673.0,596.0,631.0,,672.25,729.5,686.4615384615385,53.57471418495853,104.57259952505996,-14.211538461538453,43.03846153846155,-0.020702599731062254,0.0,0.0,0
SKU023,2025-07-28,7,706.0,0,0,0,0,No Promotion,7,3,2025,31,-0.5680647467311556,-0.8229838658936566,-0.4999999999999997,-0.8660254037844388,Small Appliances,Toaster,2456.9,4088.42,733.0,701.0,605.0,700.0,628.0,596.0,,691.5,737.0,697.0,59.31554040328159,102.06300575064965,-5.5,40.0,-0.007890961262553842,0.0,0.0,0
SKU023,2025-08-04,7,726.0,0,0,0,0,No Promotion,8,3,2025,32,-0.663122658240795,-0.7485107481711013,-0.8660254037844385,-0.5000000000000004,Small Appliances,Toaster,2456.9,4088.42,706.0,733.0,727.0,863.0,621.0,612.0,,716.75,737.75,703.0,15.628499608087685,101.77390908984763,13.75,34.75,0.019559032716927494,0.0,0.0,0
SKU023,2025-08-11,7,700.0,0,1,0,1,No Promotion,8,3,2025,33,-0.7485107481711011,-0.6631226582407952,-0.8660254037844385,-0.5000000000000004,Small Appliances,Toaster,2456.9,4088.42,726.0,706.0,701.0,911.0,630.0,666.0,,716.5,720.625,711.0769230769231,15.416441439796136,88.32559489913281,5.423076923076906,9.548076923076906,0.007626568585028082,0.0,0.0,0
SKU023,2025-08-18,7,700.0,0,0,0,0,No Promotion,8,3,2025,34,-0.8229838658936564,-0.5680647467311559,-0.8660254037844385,-0.5000000000000004,Small Appliances,Toaster,2456.9,4088.42,700.0,726.0,733.0,656.0,613.0,624.0,,716.25,694.25,716.4615384615385,15.755951256588633,43.4700225114142,-0.2115384615384528,-22.211538461538453,-0.0002952544556581449,0.0,0.0,0
SKU023,2025-08-25,7,735.0,0,0,0,0,No Promotion,8,3,2025,35,-0.8854560256532096,-0.4647231720437691,-0.8660254037844385,-0.5000000000000004,Small Appliances,Toaster,2456.9,4088.42,700.0,700.0,706.0,605.0,673.0,625.0,,708.0,699.75,723.1538461538462,12.328828005937815,40.62986234637911,-15.153846153846189,-23.40384615384619,-0.02095521753005003,0.0,0.0,0
SKU023,2025-09-01,7,652.0,0,0,0,0,No Promotion,9,3,2025,36,-0.9350162426854147,-0.3546048870425359,-1.0,-1.8369701987210297e-16,Small Appliances,Toaster,2456.9,4088.42,735.0,700.0,726.0,727.0,700.0,662.0,,715.25,716.0,727.9230769230769,17.98842220244261,15.620499351813308,-12.673076923076906,-11.923076923076906,-0.017409912289971463,0.0,0.0,0
SKU023,2025-09-08,7,604.0,0,0,0,0,No Promotion,9,3,2025,37,-0.970941817426052,-0.23931566428755774,-1.0,-1.8369701987210297e-16,Small Appliances,Toaster,2456.9,4088.42,652.0,735.0,700.0,701.0,863.0,608.0,,696.75,706.625,724.2307692307693,34.09178786746151,26.67228363462181,-27.480769230769283,-17.605769230769283,-0.03794476898566124,0.0,0.0,0
SKU023,2025-09-15,7,616.0,0,0,0,0,No Promotion,9,3,2025,38,-0.992708874098054,-0.12053668025532357,-1.0,-1.8369701987210297e-16,Small Appliances,Toaster,2456.9,4088.42,604.0,652.0,700.0,733.0,911.0,768.0,,672.75,694.5,704.3076923076923,57.08108268069199,45.204298152151104,-31.557692307692264,-9.807692307692264,-0.04480668414154643,0.0,0.0,0
SKU023,2025-09-22,7,624.0,0,0,0,0,No Promotion,9,3,2025,39,-1.0,-1.8369701987210297e-16,-1.0,-1.8369701987210297e-16,Small Appliances,Toaster,2456.9,4088.42,616.0,604.0,735.0,706.0,656.0,766.0,,651.75,679.875,681.6153846153846,59.12909605262028,49.67447605590392,-29.86538461538464,-1.7403846153846416,-0.043815596433811166,0.0,0.0,0
SKU023,2025-09-29,7,764.0,5,1,1,1,Festive Sale,9,3,2025,40,-0.992708874098054,0.1205366802553232,-1.0,-1.8369701987210297e-16,Small Appliances,Toaster,2456.9,4088.42,624.0,616.0,652.0,726.0,605.0,1213.0,,624.0,669.625,679.1538461538462,20.396078054371007,51.922847984843266,-55.15384615384619,-9.528846153846189,-0.08120965001698954,624.0,0.7142857142857143,1
SKU023,2025-10-06,7,805.0,5,0,1,0,Festive Sale,10,4,2025,41,-0.9709418174260521,0.23931566428755738,-0.8660254037844386,0.5000000000000001,Small Appliances,Toaster,2456.9,4088.42,764.0,624.0,604.0,700.0,727.0,551.0,,652.0,674.375,691.3846153846154,75.11768544535076,59.063978628505645,-39.38461538461536,-17.00961538461536,-0.056964842011570926,652.0,0.7142857142857143,0
SKU023,2025-10-13,7,683.0,0,0,0,0,No Promotion,10,4,2025,42,-0.9350162426854148,0.35460488704253557,-0.8660254037844386,0.5000000000000001,Small Appliances,Toaster,2456.9,4088.42,805.0,764.0,616.0,700.0,701.0,594.0,,702.25,687.5,697.3846153846154,96.49309128982584,75.06949161562619,4.865384615384642,-9.884615384615358,0.0069766159276418716,0.0,0.0,0
SKU023,2025-10-20,7,592.0,0,0,0,0,No Promotion,10,4,2025,43,-0.8854560256532101,0.464723172043768,-0.8660254037844386,0.5000000000000001,Small Appliances,Toaster,2456.9,4088.42,683.0,805.0,624.0,735.0,733.0,596.0,,719.0,685.375,696.0,81.12130833921913,74.90553574812935,23.0,-10.625,0.03304597701149414,0.0,0.0,0
SKU023,2025-10-27,7,653.0,0,1,0,1,No Promotion,10,4,2025,44,-0.822983865893657,0.5680647467311548,-0.8660254037844386,0.5000000000000001,Small Appliances,Toaster,2456.9,4088.42,592.0,683.0,764.0,652.0,706.0,628.0,,711.0,667.5,685.1538461538462,94.14527780687318,78.35450575064955,25.84615384615381,-17.65384615384619,0.03772313910407532,0.0,0.0,0
SKU023,2025-11-03,7,583.0,0,0,0,0,No Promotion,11,4,2025,45,-0.7485107481711011,0.6631226582407952,-0.5000000000000004,0.8660254037844384,Small Appliances,Toaster,2456.9,4088.42,653.0,592.0,805.0,604.0,726.0,621.0,,683.25,667.625,681.0769230769231,89.56329233192206,78.32703875418757,2.1730769230769056,-13.451923076923094,0.0031906482945560644,0.0,0.0,0
SKU023,2025-11-10,7,637.0,0,0,0,0,No Promotion,11,4,2025,46,-0.6631226582407955,0.7485107481711007,-0.5000000000000004,0.8660254037844384,Small Appliances,Toaster,2456.9,4088.42,583.0,653.0,683.0,616.0,700.0,630.0,,627.75,665.0,670.0769230769231,48.203561417527304,81.06787279804497,-42.326923076923094,-5.076923076923094,-0.06316725978647686,0.0,0.0,0
SKU023,2025-11-17,7,802.0,4,0,1,0,Black Friday,11,4,2025,47,-0.5680647467311559,0.8229838658936564,-0.5000000000000004,0.8660254037844384,Small Appliances,Toaster,2456.9,4088.42,637.0,583.0,592.0,624.0,700.0,613.0,,616.25,667.625,665.2307692307693,34.033072150483186,79.58093364619444,-48.98076923076928,2.3942307692307168,-0.07362974098057362,616.25,0.5714285714285714,0
SKU023,2025-11-24,7,837.0,7,0,1,0,Black Friday,11,4,2025,48,-0.4647231720437684,0.88545602565321,-0.5000000000000004,0.8660254037844384,Small Appliances,Toaster,2456.9,4088.42,802.0,637.0,653.0,764.0,735.0,673.0,,668.75,689.875,673.0769230769231,93.74566656651385,89.86090441820149,-4.326923076923094,16.798076923076906,-0.00642857142857145,668.75,1.0,0
SKU023,2025-12-01,7,660.0,0,0,0,0,No Promotion,12,4,2025,49,-0.35460488704253595,0.9350162426854147,-2.4492935982947064e-16,1.0,Small Appliances,Toaster,2456.9,4088.42,837.0,802.0,583.0,805.0,652.0,700.0,,714.75,699.0,680.9230769230769,123.77499747525746,101.42555327501476,33.826923076923094,18.076923076923094,0.04967803886127431,0.0,0.0,0
SKU023,2025-12-08,7,751.0,0,0,0,0,No Promotion,12,4,2025,50,-0.2393156642875578,0.970941817426052,-2.4492935982947064e-16,1.0,Small Appliances,Toaster,2456.9,4088.42,660.0,837.0,637.0,683.0,604.0,863.0,,734.0,680.875,681.5384615384615,100.19647365717681,92.32464072886656,52.46153846153845,-0.6634615384615472,0.07697516930022563,0.0,0.0,0
SKU023,2025-12-15,7,1080.0,7,0,1,0,Year End Sale,12,4,2025,51,-0.12053668025532363,0.992708874098054,-2.4492935982947064e-16,1.0,Small Appliances,Toaster,2456.9,4088.42,751.0,660.0,802.0,592.0,616.0,911.0,,762.5,689.375,692.8461538461538,76.9177049406268,95.61968939501948,69.65384615384619,-3.471153846153811,0.10053291884090165,762.5,1.0,0
SKU023,2025-12-22,7,997.0,7,1,1,1,Year End Sale,12,4,2025,52,6.432490598706546e-16,1.0,-2.4492935982947064e-16,1.0,Small Appliances,Toaster,2456.9,4088.42,1080.0,751.0,837.0,653.0,624.0,656.0,,832.0,750.375,728.5384615384615,180.4383551244025,159.16742084089586,103.46153846153845,21.836538461538453,0.14201245908562976,832.0,1.0,1
SKU023,2025-12-29,7,924.0,3,0,1,0,Year End Sale,12,4,2025,1,0.12053668025532305,0.992708874098054,-2.4492935982947064e-16,1.0,Small Appliances,Toaster,2456.9,4088.42,997.0,1080.0,660.0,583.0,764.0,605.0,,872.0,793.375,757.2307692307693,198.72426458118628,174.8018776460122,114.76923076923072,36.14423076923072,0.15156440471353094,872.0,0.42857142857142855,0
SKU023,2026-01-05,7,724.0,0,0,0,0,No Promotion,1,1,2026,2,0.23931566428755774,0.970941817426052,0.49999999999999994,0.8660254037844387,Small Appliances,Toaster,2456.9,4088.42,924.0,997.0,751.0,637.0,805.0,727.0,807.0,938.0,836.0,769.5384615384615,140.01190425579293,156.82565387807477,168.46153846153845,66.46153846153845,0.21891243502598967,0.0,0.0,0
SKU023,2026-01-12,7,729.0,0,0,0,0,No Promotion,1,1,2026,3,0.3546048870425356,0.9350162426854148,0.49999999999999994,0.8660254037844387,Small Appliances,Toaster,2456.9,4088.42,724.0,924.0,1080.0,802.0,683.0,701.0,690.0,931.25,846.875,763.3076923076923,152.15644361423978,143.50553747404413,167.94230769230774,83.56730769230774,0.22001914743525153,0.0,0.0,0
SKU023,2026-01-19,7,797.0,0,0,0,0,No Promotion,1,1,2026,4,0.4647231720437685,0.8854560256532099,0.49999999999999994,0.8660254037844387,Small Appliances,Toaster,2456.9,4088.42,729.0,724.0,997.0,837.0,592.0,733.0,631.0,843.5,837.75,766.8461538461538,138.36304901718998,148.98298081132813,76.65384615384619,70.90384615384619,0.09995987561440467,0.0,0.0,0
SKU023,2026-01-26,7,814.0,0,1,0,1,No Promotion,1,1,2026,5,0.5680647467311558,0.8229838658936564,0.49999999999999994,0.8660254037844387,Small Appliances,Toaster,2456.9,4088.42,797.0,729.0,924.0,660.0,653.0,706.0,596.0,793.5,832.75,782.6153846153846,93.15399436774922,149.68132816086313,10.884615384615358,50.13461538461536,0.013908000786317931,0.0,0.0,0
SKU023,2026-02-02,7,672.0,0,0,0,0,No Promotion,2,1,2026,6,0.6631226582407952,0.7485107481711011,0.8660254037844386,0.5000000000000001,Small Appliances,Toaster,2456.9,4088.42,814.0,797.0,724.0,751.0,583.0,726.0,612.0,766.0,852.0,795.0,46.18080409289831,133.29666162361306,-29.0,57.0,-0.03647798742138364,0.0,0.0,0
SKU023,2026-02-09,7,780.0,0,0,0,0,No Promotion,2,1,2026,7,0.7485107481711011,0.6631226582407953,0.8660254037844386,0.5000000000000001,Small Appliances,Toaster,2456.9,4088.42,672.0,814.0,729.0,1080.0,637.0,700.0,666.0,753.0,842.125,801.8461538461538,65.30441536884511,144.3185341032616,-48.84615384615381,40.27884615384619,-0.06091711435149649,0.0,0.0,0
SKU023,2026-02-16,7,726.0,0,0,0,0,No Promotion,2,1,2026,8,0.8229838658936564,0.5680647467311559,0.8660254037844386,0.5000000000000001,Small Appliances,Toaster,2456.9,4088.42,780.0,672.0,797.0,997.0,802.0,700.0,624.0,765.75,804.625,812.8461538461538,64.02278240334962,108.11361418169575,-47.09615384615381,-8.221153846153811,-0.05793981262420744,0.0,0.0,0
SKU023,2026-02-23,7,728.0,0,0,0,0,No Promotion,2,1,2026,9,0.8854560256532099,0.4647231720437686,0.8660254037844386,0.5000000000000001,Small Appliances,Toaster,2456.9,4088.42,726.0,780.0,814.0,924.0,837.0,735.0,625.0,748.0,770.75,807.0,62.289646009589646,77.28749667868107,-59.0,-36.25,-0.07311028500619576,0.0,0.0,0
SKU023,2026-03-02,7,716.0,0,0,0,0,No Promotion,3,1,2026,10,0.9350162426854148,0.35460488704253557,1.0,6.123233995736766e-17,Small Appliances,Toaster,2456.9,4088.42,728.0,726.0,672.0,724.0,660.0,652.0,662.0,726.5,746.25,798.6153846153846,44.10215414239975,46.83329096761337,-72.11538461538464,-52.36538461538464,-0.09030052013099599,0.0,0.0,0
SKU023,2026-03-09,7,711.0,1,0,1,0,Spring Sale,3,1,2026,11,0.970941817426052,0.23931566428755804,1.0,6.123233995736766e-17,Small Appliances,Toaster,2456.9,4088.42,716.0,728.0,780.0,729.0,751.0,604.0,608.0,737.5,745.25,802.9230769230769,28.81550508551466,47.457499783640934,-65.4230769230769,-57.673076923076906,-0.08148112665261542,737.5,0.14285714285714285,0
SKU023,2026-03-16,7,934.0,7,0,1,0,Spring Sale,3,1,2026,12,0.992708874098054,0.120536680255323,1.0,6.123233995736766e-17,Small Appliances,Toaster,2456.9,4088.42,711.0,716.0,726.0,797.0,1080.0,616.0,768.0,720.25,743.0,799.8461538461538,8.098353742170179,48.74716108950046,-79.59615384615381,-56.84615384615381,-0.09951432967878437,720.25,1.0,0
SKU023,2026-03-23,7,809.0,3,0,1,0,Spring Sale,3,1,2026,13,1.0,-1.6081226496766366e-16,1.0,6.123233995736766e-17,Small Appliances,Toaster,2456.9,4088.42,934.0,711.0,728.0,814.0,997.0,624.0,766.0,772.25,760.125,788.6153846153846,108.0690365769338,82.68086235641228,-16.36538461538464,-28.49038461538464,-0.0207520483808038,772.25,0.42857142857142855,0
SKU023,2026-03-30,7,663.0,0,0,0,0,No Promotion,3,1,2026,14,0.992708874098054,-0.12053668025532288,1.0,6.123233995736766e-17,Small Appliances,Toaster,2456.9,4088.42,809.0,934.0,716.0,672.0,924.0,764.0,1213.0,792.5,759.5,774.1538461538462,104.5450461125091,82.23311811117044,18.34615384615381,-14.653846153846189,0.023698330683624702,0.0,0.0,0
SKU023,2026-04-06,7,686.0,0,0,0,0,No Promotion,4,2,2026,15,0.9709418174260521,-0.2393156642875575,0.8660254037844387,-0.4999999999999998,Small Appliances,Toaster,2456.9,4088.42,663.0,809.0,711.0,780.0,724.0,805.0,551.0,779.25,758.375,754.0769230769231,119.72851233798345,83.65052728038064,25.173076923076906,4.298076923076906,0.03338263796796892,0.0,0.0,0
SKU023,2026-04-13,7,675.0,0,0,0,0,No Promotion,4,2,2026,16,0.9350162426854148,-0.35460488704253545,0.8660254037844387,-0.4999999999999998,Small Appliances,Toaster,2456.9,4088.42,686.0,663.0,934.0,726.0,729.0,683.0,594.0,773.0,746.625,751.1538461538462,125.01466580632312,86.72441985969115,21.84615384615381,-4.528846153846189,0.02908346134152584,0.0,0.0,0
SKU023,2026-04-20,7,678.0,0,0,0,0,No Promotion,4,2,2026,17,0.8854560256532099,-0.4647231720437685,0.8660254037844387,-0.4999999999999998,Small Appliances,Toaster,2456.9,4088.42,675.0,686.0,809.0,728.0,797.0,592.0,596.0,708.25,740.25,747.0,67.82022805427097,90.25954638865468,-38.75,-6.75,-0.05187416331994643,0.0,0.0,0
SKU023,2026-04-27,7,717.0,0,0,0,0,No Promotion,4,2,2026,18,0.8229838658936565,-0.5680647467311557,0.8660254037844387,-0.4999999999999998,Small Appliances,Toaster,2456.9,4088.42,678.0,675.0,663.0,716.0,814.0,653.0,628.0,675.5,734.0,737.8461538461538,9.539392014168843,92.9208572618963,-62.34615384615381,-3.846153846153811,-0.08449749791492911,0.0,0.0,0
SKU023,2026-05-04,7,744.0,0,0,0,0,No Promotion,5,2,2026,19,0.7485107481711013,-0.663122658240795,0.49999999999999994,-0.8660254037844387,Small Appliances,Toaster,2456.9,4088.42,717.0,678.0,686.0,711.0,672.0,583.0,621.0,689.0,734.125,730.3846153846154,19.235384061671052,92.8938526337607,-41.38461538461536,3.7403846153846416,-0.05666140073723014,0.0,0.0,0
SKU023,2026-05-11,7,694.0,0,0,0,0,No Promotion,5,2,2026,20,0.6631226582407952,-0.7485107481711012,0.49999999999999994,-0.8660254037844387,Small Appliances,Toaster,2456.9,4088.42,744.0,717.0,675.0,934.0,780.0,637.0,630.0,703.5,738.25,735.9230769230769,33.090784215548425,92.45191800529146,-32.423076923076906,2.3269230769230944,-0.044057698338036966,0.0,0.0,0
SKU023,2026-05-18,7,685.0,0,0,0,0,No Promotion,5,2,2026,21,0.5680647467311558,-0.8229838658936564,0.49999999999999994,-0.8660254037844387,Small Appliances,Toaster,2456.9,4088.42,694.0,744.0,678.0,809.0,726.0,802.0,613.0,708.25,708.25,729.3076923076923,28.709754439910988,48.21306876771063,-21.057692307692264,-21.057692307692264,-0.02887353654677771,0.0,0.0,0
SKU023,2026-05-25,7,732.0,0,0,0,0,No Promotion,5,2,2026,22,0.46472317204376906,-0.8854560256532096,0.49999999999999994,-0.8660254037844387,Small Appliances,Toaster,2456.9,4088.42,685.0,694.0,717.0,663.0,728.0,837.0,673.0,710.0,692.75,726.1538461538462,26.369173922087928,26.020596237815596,-16.15384615384619,-33.40384615384619,-0.022245762711864403,0.0,0.0,0
SKU023,2026-06-01,7,787.0,0,0,0,0,No Promotion,6,2,2026,23,0.35460488704253584,-0.9350162426854147,1.2246467991473532e-16,-1.0,Small Appliances,Toaster,2456.9,4088.42,732.0,685.0,744.0,686.0,716.0,660.0,700.0,713.75,701.375,726.4615384615385,28.6632749931567,26.185805860645633,-12.711538461538453,-25.086538461538453,-0.017497882253282526,0.0,0.0,0
SKU023,2026-06-08,7,938.0,5,0,1,0,Summer Sale,6,2,2026,24,0.23931566428755768,-0.970941817426052,1.2246467991473532e-16,-1.0,Small Appliances,Toaster,2456.9,4088.42,787.0,732.0,694.0,675.0,711.0,751.0,863.0,724.5,714.0,731.9230769230769,46.37887450122081,38.950518060005976,-7.423076923076906,-17.923076923076906,-0.010141881240147144,724.5,0.7142857142857143,0
SKU023,2026-06-15,7,1000.0,6,0,1,0,Summer Sale,6,2,2026,25,0.12053668025532308,-0.992708874098054,1.2246467991473532e-16,-1.0,Small Appliances,Toaster,2456.9,4088.42,938.0,787.0,685.0,678.0,934.0,1080.0,911.0,785.5,746.875,749.3846153846154,109.88023783495674,85.04526105887044,36.11538461538464,-2.5096153846153584,0.04819338944775198,785.5,0.8571428571428571,0
SKU023,2026-06-22,7,805.0,0,0,0,0,No Promotion,6,2,2026,26,-3.216245299353273e-16,-1.0,1.2246467991473532e-16,-1.0,Small Appliances,Toaster,2456.9,4088.42,1000.0,938.0,732.0,717.0,809.0,997.0,656.0,864.25,787.125,754.4615384615385,125.5982351256046,117.71446992010551,109.78846153846155,32.66346153846155,0.1455189641109298,0.0,0.0,0
SKU024,2025-01-27,7,273.0,0,0,0,0,No Promotion,1,1,2025,5,0.5680647467311558,0.8229838658936564,0.49999999999999994,0.8660254037844387,Office,Organizer,957.05,1259.42,,,,,,,,,,,,,,,,,0.0,0
SKU024,2025-02-03,7,261.0,0,0,0,0,No Promotion,2,1,2025,6,0.6631226582407952,0.7485107481711011,0.8660254037844386,0.5000000000000001,Office,Organizer,957.05,1259.42,273.0,,,,,,,,,,,,,,,,0.0,0
SKU024,2025-02-10,7,314.0,0,0,0,0,No Promotion,2,1,2025,7,0.7485107481711011,0.6631226582407953,0.8660254037844386,0.5000000000000001,Office,Organizer,957.05,1259.42,261.0,273.0,,,,,,,,,,,,,,,0.0,0
SKU024,2025-02-17,7,284.0,0,0,0,0,No Promotion,2,1,2025,8,0.8229838658936564,0.5680647467311559,0.8660254037844386,0.5000000000000001,Office,Organizer,957.05,1259.42,314.0,261.0,,,,,,,,,,,,,,,0.0,0
SKU024,2025-02-24,7,308.0,0,0,0,0,No Promotion,2,1,2025,9,0.8854560256532099,0.4647231720437686,0.8660254037844386,0.5000000000000001,Office,Organizer,957.05,1259.42,284.0,314.0,273.0,,,,,283.0,,,22.70095445864189,,,,,0.0,0.0,0
SKU024,2025-03-03,7,322.0,0,0,0,0,No Promotion,3,1,2025,10,0.9350162426854148,0.35460488704253557,1.0,6.123233995736766e-17,Office,Organizer,957.05,1259.42,308.0,284.0,261.0,,,,,291.75,,,24.253865671269804,,,,,0.0,0.0,0
SKU024,2025-03-10,7,260.0,0,0,0,0,No Promotion,3,1,2025,11,0.970941817426052,0.23931566428755804,1.0,6.123233995736766e-17,Office,Organizer,957.05,1259.42,322.0,308.0,314.0,,,,,307.0,,,16.370705543744897,,,,,0.0,0.0,0
SKU024,2025-03-17,7,332.0,4,0,1,0,Spring Sale,3,1,2025,12,0.992708874098054,0.120536680255323,1.0,6.123233995736766e-17,Office,Organizer,957.05,1259.42,260.0,322.0,284.0,,,,,293.5,,,27.294688127912362,,,,,293.5,0.5714285714285714,0
SKU024,2025-03-24,7,323.0,4,0,1,0,Spring Sale,3,1,2025,13,1.0,-1.6081226496766366e-16,1.0,6.123233995736766e-17,Office,Organizer,957.05,1259.42,332.0,260.0,308.0,273.0,,,,305.5,294.25,,31.89043743820395,28.308252204209687,,,,305.5,0.5714285714285714,0
SKU024,2025-03-31,7,276.0,0,0,0,0,No Promotion,3,1,2025,14,0.992708874098054,-0.12053668025532288,1.0,6.123233995736766e-17,Office,Organizer,957.05,1259.42,323.0,332.0,322.0,261.0,,,,309.25,300.5,,33.13985515961106,28.465517987307276,,,,0.0,0.0,0
SKU024,2025-04-07,7,264.0,0,0,0,0,No Promotion,4,2,2025,15,0.9709418174260521,-0.2393156642875575,0.8660254037844387,-0.4999999999999998,Office,Organizer,957.05,1259.42,276.0,323.0,260.0,314.0,,,,297.75,302.375,,35.16034698349833,25.867450589495668,,,,0.0,0.0,0
SKU024,2025-04-14,7,299.0,0,0,0,0,No Promotion,4,2,2025,16,0.9350162426854148,-0.35460488704253545,0.8660254037844387,-0.4999999999999998,Office,Organizer,957.05,1259.42,264.0,276.0,332.0,284.0,,,,298.75,296.125,,33.75771516754849,28.557898582153612,,,,0.0,0.0,0
SKU024,2025-04-21,7,261.0,0,0,0,0,No Promotion,4,2,2025,17,0.8854560256532099,-0.4647231720437685,0.8660254037844387,-0.4999999999999998,Office,Organizer,957.05,1259.42,299.0,264.0,323.0,308.0,,,,290.5,298.0,,26.083200212652844,28.137417893514776,,,,0.0,0.0,0
SKU024,2025-04-28,7,290.0,0,0,0,0,No Promotion,4,2,2025,18,0.8229838658936565,-0.5680647467311557,0.8660254037844387,-0.4999999999999998,Office,Organizer,957.05,1259.42,261.0,299.0,276.0,322.0,273.0,,,275.0,292.125,290.53846153846155,17.262676501632075,30.554108912363507,-15.538461538461547,1.5865384615384528,-0.053481599152766734,0.0,0.0,0
SKU024,2025-05-05,7,274.0,0,0,0,0,No Promotion,5,2,2025,19,0.7485107481711013,-0.663122658240795,0.49999999999999994,-0.8660254037844387,Office,Organizer,957.05,1259.42,290.0,261.0,264.0,260.0,261.0,,,278.5,288.125,291.84615384615387,18.876793513023696,28.078652287560274,-13.346153846153868,-3.721153846153868,-0.04573010015814449,0.0,0.0,0
SKU024,2025-05-12,7,281.0,0,0,0,0,No Promotion,5,2,2025,20,0.6631226582407952,-0.7485107481711012,0.49999999999999994,-0.8660254037844387,Office,Organizer,957.05,1259.42,274.0,290.0,299.0,332.0,314.0,,,281.0,289.875,292.84615384615387,16.87206764645836,26.465273742882648,-11.846153846153868,-2.971153846153868,-0.040451799317047565,0.0,0.0,0
SKU024,2025-05-19,7,275.0,0,0,0,0,No Promotion,5,2,2025,21,0.5680647467311558,-0.8229838658936564,0.49999999999999994,-0.8660254037844387,Office,Organizer,957.05,1259.42,281.0,274.0,261.0,323.0,284.0,,,276.5,283.5,290.3076923076923,12.233832869001722,20.29074384329675,-13.80769230769232,-6.807692307692321,-0.04756226815050346,0.0,0.0,0
SKU024,2025-05-26,7,281.0,0,0,0,0,No Promotion,5,2,2025,22,0.46472317204376906,-0.8854560256532096,0.49999999999999994,-0.8660254037844387,Office,Organizer,957.05,1259.42,275.0,281.0,290.0,276.0,308.0,,,280.0,277.5,289.61538461538464,7.348469228349546,12.569805089976501,-9.615384615384642,-12.115384615384642,-0.03320053120849942,0.0,0.0,0
SKU024,2025-06-02,7,308.0,0,0,0,0,No Promotion,6,2,2025,23,0.35460488704253584,-0.9350162426854147,1.2246467991473532e-16,-1.0,Office,Organizer,957.05,1259.42,281.0,275.0,274.0,264.0,322.0,,,277.75,278.125,287.53846153846155,3.774917217635403,12.608812111263376,-9.788461538461547,-9.413461538461547,-0.03404226859283044,0.0,0.0,0
SKU024,2025-06-09,7,414.0,6,0,1,0,Summer Sale,6,2,2025,24,0.23931566428755768,-0.970941817426052,1.2246467991473532e-16,-1.0,Office,Organizer,957.05,1259.42,308.0,281.0,281.0,299.0,260.0,,,286.25,283.625,286.46153846153845,14.773286702694165,14.946929928440598,-0.2115384615384528,-2.836538461538453,-0.0007384532760472684,286.25,0.8571428571428571,0
SKU024,2025-06-16,7,399.0,5,0,1,0,Summer Sale,6,2,2025,25,0.12053668025532308,-0.992708874098054,1.2246467991473532e-16,-1.0,Office,Organizer,957.05,1259.42,414.0,308.0,275.0,261.0,332.0,,,319.5,298.0,298.3076923076923,64.61423991660043,48.8028102235341,21.19230769230768,-0.3076923076923208,0.07104177411036616,319.5,0.7142857142857143,0
SKU024,2025-06-23,7,313.0,0,0,0,0,No Promotion,6,2,2025,26,-3.216245299353273e-16,-1.0,1.2246467991473532e-16,-1.0,Office,Organizer,957.05,1259.42,399.0,414.0,281.0,290.0,323.0,,,350.5,315.25,303.46153846153845,65.88120622251337,57.47483921558321,47.03846153846155,11.788461538461547,0.15500633713561474,0.0,0.0,0
SKU024,2025-06-30,7,304.0,0,0,0,0,No Promotion,6,2,2025,27,-0.12053668025532283,-0.992708874098054,1.2246467991473532e-16,-1.0,Office,Organizer,957.05,1259.42,313.0,399.0,308.0,274.0,276.0,,,358.5,318.125,302.6923076923077,55.80023894811444,56.59994321047125,55.80769230769232,15.43269230769232,0.18437102922490478,0.0,0.0,0
SKU024,2025-07-07,7,307.0,0,0,0,0,No Promotion,7,3,2025,28,-0.23931566428755743,-0.9709418174260521,-0.4999999999999997,-0.8660254037844388,Office,Organizer,957.05,1259.42,304.0,313.0,414.0,281.0,264.0,,,357.5,321.875,304.84615384615387,57.02923227024307,54.20183839792047,52.65384615384613,17.028846153846132,0.1727226848347212,0.0,0.0,0
SKU024,2025-07-14,7,300.0,0,0,0,0,No Promotion,7,3,2025,29,-0.3546048870425356,-0.9350162426854148,-0.4999999999999997,-0.8660254037844388,Office,Organizer,957.05,1259.42,307.0,304.0,399.0,275.0,299.0,,,330.75,325.125,308.15384615384613,45.6535869346539,52.141120323324735,22.596153846153868,16.971153846153868,0.07332750873689475,0.0,0.0,0
SKU024,2025-07-21,7,300.0,0,0,0,0,No Promotion,7,3,2025,30,-0.46472317204376806,-0.8854560256532101,-0.4999999999999997,-0.8660254037844388,Office,Organizer,957.05,1259.42,300.0,307.0,313.0,281.0,261.0,,,306.0,328.25,308.2307692307692,5.477225575051771,49.38406336345475,-2.2307692307692264,20.019230769230774,-0.007237334664337403,0.0,0.0,0
SKU024,2025-07-28,7,324.0,0,0,0,0,No Promotion,7,3,2025,31,-0.5680647467311556,-0.8229838658936566,-0.4999999999999997,-0.8660254037844388,Office,Organizer,957.05,1259.42,300.0,300.0,304.0,308.0,290.0,273.0,,302.75,330.625,311.2307692307692,3.40342964277721,47.19545226275211,-8.480769230769226,19.394230769230774,-0.027249134948096887,0.0,0.0,0
SKU024,2025-08-04,7,327.0,0,0,0,0,No Promotion,8,3,2025,32,-0.663122658240795,-0.7485107481711013,-0.8660254037844385,-0.5000000000000004,Office,Organizer,957.05,1259.42,324.0,300.0,307.0,414.0,274.0,261.0,,307.75,332.625,313.84615384615387,11.324751652906185,46.432554774179096,-6.096153846153868,18.778846153846132,-0.019424019607843235,0.0,0.0,0
SKU024,2025-08-11,7,318.0,0,1,0,1,No Promotion,8,3,2025,33,-0.7485107481711011,-0.6631226582407952,-0.8660254037844385,-0.5000000000000004,Office,Organizer,957.05,1259.42,327.0,324.0,300.0,399.0,281.0,314.0,,312.75,321.75,317.9230769230769,14.773286702694204,32.85357123445094,-5.173076923076906,3.8269230769230944,-0.016271473505927836,0.0,0.0,0
SKU024,2025-08-18,7,326.0,0,0,0,0,No Promotion,8,3,2025,34,-0.8229838658936564,-0.5680647467311559,-0.8660254037844385,-0.5000000000000004,Office,Organizer,957.05,1259.42,318.0,327.0,300.0,313.0,275.0,284.0,,317.25,311.625,320.7692307692308,12.09338662244788,10.568653110563721,-3.5192307692307736,-9.144230769230774,-0.01097122302158271,0.0,0.0,0
SKU024,2025-08-25,7,343.0,0,0,0,0,No Promotion,8,3,2025,35,-0.8854560256532096,-0.4647231720437691,-0.8660254037844385,-0.5000000000000004,Office,Organizer,957.05,1259.42,326.0,318.0,324.0,304.0,281.0,308.0,,323.75,313.25,324.6923076923077,4.031128874149444,11.744299529072435,-0.9423076923076792,-11.44230769230768,-0.0029021558872305286,0.0,0.0,0
SKU024,2025-09-01,7,281.0,0,0,0,0,No Promotion,9,3,2025,36,-0.9350162426854147,-0.3546048870425359,-1.0,-1.8369701987210297e-16,Office,Organizer,957.05,1259.42,343.0,326.0,327.0,307.0,308.0,322.0,,328.5,318.125,329.46153846153845,10.4721853816034,14.999404750094003,-0.9615384615384528,-11.336538461538453,-0.002918515059537663,0.0,0.0,0
SKU024,2025-09-08,7,304.0,0,0,0,0,No Promotion,9,3,2025,37,-0.970941817426052,-0.23931566428755774,-1.0,-1.8369701987210297e-16,Office,Organizer,957.05,1259.42,281.0,343.0,318.0,300.0,414.0,260.0,,317.0,314.875,327.38461538461536,26.16613587572051,19.802146348312846,-10.384615384615358,-12.509615384615358,-0.03171992481203001,0.0,0.0,0
SKU024,2025-09-15,7,265.0,0,0,0,0,No Promotion,9,3,2025,38,-0.992708874098054,-0.12053668025532357,-1.0,-1.8369701987210297e-16,Office,Organizer,957.05,1259.42,304.0,281.0,326.0,300.0,399.0,332.0,,313.5,315.375,318.9230769230769,26.91344149924596,19.419706485938445,-5.423076923076906,-3.5480769230769056,-0.01700434153400865,0.0,0.0,0
SKU024,2025-09-22,7,264.0,0,0,0,0,No Promotion,9,3,2025,39,-1.0,-1.8369701987210297e-16,-1.0,-1.8369701987210297e-16,Office,Organizer,957.05,1259.42,265.0,304.0,343.0,324.0,313.0,323.0,,298.25,311.0,308.61538461538464,33.85631403446041,26.15339366124404,-10.365384615384642,2.3846153846153584,-0.03358673978065807,0.0,0.0,0
SKU024,2025-09-29,7,241.0,5,1,1,1,Festive Sale,9,3,2025,40,-0.992708874098054,0.1205366802553232,-1.0,-1.8369701987210297e-16,Office,Organizer,957.05,1259.42,264.0,265.0,281.0,327.0,304.0,276.0,,278.5,303.5,304.84615384615387,18.699376103674346,30.18514298695398,-26.346153846153868,-1.346153846153868,-0.0864244259399446,278.5,0.7142857142857143,1
SKU024,2025-10-06,7,317.0,5,0,1,0,Festive Sale,10,4,2025,41,-0.9709418174260521,0.23931566428755738,-0.8660254037844386,0.5000000000000001,Office,Organizer,957.05,1259.42,241.0,264.0,304.0,318.0,307.0,264.0,,268.5,292.75,300.0,26.13426869074397,35.4713163797777,-31.5,-7.25,-0.10499999999999998,268.5,0.7142857142857143,0
SKU024,2025-10-13,7,248.0,0,0,0,0,No Promotion,10,4,2025,42,-0.9350162426854148,0.35460488704253557,-0.8660254037844386,0.5000000000000001,Office,Organizer,957.05,1259.42,317.0,241.0,265.0,326.0,300.0,299.0,,271.75,292.625,300.7692307692308,32.139020935097996,35.37124538378597,-29.019230769230774,-8.144230769230774,-0.0964833759590793,0.0,0.0,0
SKU024,2025-10-20,7,293.0,0,0,0,0,No Promotion,10,4,2025,43,-0.8854560256532101,0.464723172043768,-0.8660254037844386,0.5000000000000001,Office,Organizer,957.05,1259.42,248.0,317.0,264.0,343.0,300.0,261.0,,267.5,282.875,296.7692307692308,34.37537878579183,35.60673090462372,-29.269230769230774,-13.894230769230774,-0.09862623120787972,0.0,0.0,0
SKU024,2025-10-27,7,285.0,0,1,0,1,No Promotion,10,4,2025,44,-0.822983865893657,0.5680647467311548,-0.8660254037844386,0.5000000000000001,Office,Organizer,957.05,1259.42,293.0,248.0,241.0,281.0,324.0,290.0,,274.75,276.625,296.2307692307692,36.39024594585753,26.85908997501058,-21.480769230769226,-19.605769230769226,-0.07251363282264345,0.0,0.0,0
SKU024,2025-11-03,7,249.0,0,0,0,0,No Promotion,11,4,2025,45,-0.7485107481711011,0.6631226582407952,-0.5000000000000004,0.8660254037844384,Office,Organizer,957.05,1259.42,285.0,293.0,317.0,304.0,327.0,274.0,,285.75,277.125,293.2307692307692,28.605069480775615,26.989085095380943,-7.480769230769226,-16.105769230769226,-0.025511542497376638,0.0,0.0,0
SKU024,2025-11-10,7,282.0,0,0,0,0,No Promotion,11,4,2025,46,-0.6631226582407955,0.7485107481711007,-0.5000000000000004,0.8660254037844384,Office,Organizer,957.05,1259.42,249.0,285.0,248.0,265.0,318.0,281.0,,268.75,270.25,287.2307692307692,23.613202521753237,26.15749004997011,-18.480769230769226,-16.980769230769226,-0.06434118907337971,0.0,0.0,0
SKU024,2025-11-17,7,348.0,4,0,1,0,Black Friday,11,4,2025,47,-0.5680647467311559,0.8229838658936564,-0.5000000000000004,0.8660254037844384,Office,Organizer,957.05,1259.42,282.0,249.0,293.0,264.0,326.0,275.0,,277.25,272.375,284.46153846153845,19.397164741270824,26.359804356525206,-7.211538461538453,-12.086538461538453,-0.025351541373715536,277.25,0.5714285714285714,0
SKU024,2025-11-24,7,314.0,7,0,1,0,Black Friday,11,4,2025,48,-0.4647231720437684,0.88545602565321,-0.5000000000000004,0.8660254037844384,Office,Organizer,957.05,1259.42,348.0,282.0,285.0,241.0,343.0,281.0,,291.0,282.875,286.15384615384613,41.352146256270665,37.092307635334386,4.846153846153868,-3.278846153846132,0.016935483870967882,291.0,1.0,0
SKU024,2025-12-01,7,298.0,0,0,0,0,No Promotion,12,4,2025,49,-0.35460488704253595,0.9350162426854147,-2.4492935982947064e-16,1.0,Office,Organizer,957.05,1259.42,314.0,348.0,249.0,317.0,281.0,308.0,,298.25,292.0,283.9230769230769,42.47646407129482,34.184374040947844,14.326923076923094,8.076923076923094,0.05046057978867524,0.0,0.0,0
SKU024,2025-12-08,7,332.0,0,0,0,0,No Promotion,12,4,2025,50,-0.2393156642875578,0.970941817426052,-2.4492935982947064e-16,1.0,Office,Organizer,957.05,1259.42,298.0,314.0,282.0,248.0,304.0,414.0,,310.5,289.625,285.2307692307692,28.2075639973867,32.8326383779486,25.269230769230774,4.394230769230774,0.08859223300970887,0.0,0.0,0
SKU024,2025-12-15,7,419.0,7,0,1,0,Year End Sale,12,4,2025,51,-0.12053668025532363,0.992708874098054,-2.4492935982947064e-16,1.0,Office,Organizer,957.05,1259.42,332.0,298.0,348.0,293.0,265.0,399.0,,323.0,300.125,287.38461538461536,21.694853460363966,30.999711980228835,35.61538461538464,12.740384615384642,0.12392933618843682,323.0,1.0,0
SKU024,2025-12-22,7,451.0,7,1,1,1,Year End Sale,12,4,2025,52,6.432490598706546e-16,1.0,-2.4492935982947064e-16,1.0,Office,Organizer,957.05,1259.42,419.0,332.0,314.0,285.0,264.0,313.0,,340.75,315.875,299.2307692307692,53.98379386445528,51.855396468035444,41.519230769230774,16.644230769230774,0.13875321336760926,340.75,1.0,1
SKU024,2025-12-29,7,385.0,3,0,1,0,Year End Sale,12,4,2025,1,0.12053668025532305,0.992708874098054,-2.4492935982947064e-16,1.0,Office,Organizer,957.05,1259.42,451.0,419.0,298.0,249.0,241.0,304.0,,375.0,336.625,313.61538461538464,71.85633815700137,68.33099589498165,61.38461538461536,23.00961538461536,0.19573215599705662,375.0,0.42857142857142855,0
SKU024,2026-01-05,7,296.0,0,0,0,0,No Promotion,1,1,2026,2,0.23931566428755774,0.970941817426052,0.49999999999999994,0.8660254037844387,Office,Organizer,957.05,1259.42,385.0,451.0,332.0,282.0,317.0,307.0,,396.75,353.625,324.6923076923077,50.887948802573405,59.80190512971018,72.05769230769232,28.93269230769232,0.22192608386638235,0.0,0.0,0
SKU024,2026-01-12,7,300.0,0,0,0,0,No Promotion,1,1,2026,3,0.3546048870425356,0.9350162426854148,0.49999999999999994,0.8660254037844387,Office,Organizer,957.05,1259.42,296.0,385.0,419.0,348.0,248.0,300.0,,387.75,355.375,323.0769230769231,66.83998304408321,57.56967827895911,64.6730769230769,32.298076923076906,0.20017857142857132,0.0,0.0,0
SKU024,2026-01-19,7,336.0,0,0,0,0,No Promotion,1,1,2026,4,0.4647231720437685,0.8854560256532099,0.49999999999999994,0.8660254037844387,Office,Organizer,957.05,1259.42,300.0,296.0,451.0,314.0,293.0,300.0,,358.0,349.375,327.0769230769231,74.35500431488565,60.85565474371066,30.923076923076906,22.298076923076906,0.09454374412041378,0.0,0.0,0
SKU024,2026-01-26,7,328.0,0,1,0,1,No Promotion,1,1,2026,5,0.5680647467311558,0.8229838658936564,0.49999999999999994,0.8660254037844387,Office,Organizer,957.05,1259.42,336.0,300.0,385.0,298.0,285.0,324.0,273.0,329.25,352.125,330.38461538461536,41.29063654954552,59.51095337354772,-1.1346153846153584,21.74038461538464,-0.003434225844004546,0.0,0.0,0
SKU024,2026-02-02,7,318.0,0,0,0,0,No Promotion,2,1,2026,6,0.6631226582407952,0.7485107481711011,0.8660254037844386,0.5000000000000001,Office,Organizer,957.05,1259.42,328.0,336.0,296.0,332.0,249.0,327.0,261.0,315.0,355.875,333.6923076923077,19.96663884249586,56.48119155966878,-18.69230769230768,22.18269230769232,-0.056016597510373356,0.0,0.0,0
SKU024,2026-02-09,7,328.0,0,0,0,0,No Promotion,2,1,2026,7,0.7485107481711011,0.6631226582407953,0.8660254037844386,0.5000000000000001,Office,Organizer,957.05,1259.42,318.0,328.0,300.0,419.0,282.0,318.0,314.0,320.5,354.125,339.0,15.524174696259958,57.5336857849382,-18.5,15.125,-0.054572271386430726,0.0,0.0,0
SKU024,2026-02-16,7,301.0,0,0,0,0,No Promotion,2,1,2026,8,0.8229838658936564,0.5680647467311559,0.8660254037844386,0.5000000000000001,Office,Organizer,957.05,1259.42,328.0,318.0,336.0,451.0,348.0,326.0,284.0,327.5,342.75,342.53846153846155,7.371114795831865,51.56064390598704,-15.038461538461547,0.2115384615384528,-0.0439029867505053,0.0,0.0,0
SKU024,2026-02-23,7,314.0,0,0,0,0,No Promotion,2,1,2026,9,0.8854560256532099,0.4647231720437686,0.8660254037844386,0.5000000000000001,Office,Organizer,957.05,1259.42,301.0,328.0,328.0,385.0,314.0,343.0,308.0,318.75,324.0,338.9230769230769,12.737739202856929,28.839457098119663,-20.173076923076906,-14.923076923076906,-0.05952110758057194,0.0,0.0,0
SKU024,2026-03-02,7,300.0,0,0,0,0,No Promotion,3,1,2026,10,0.9350162426854148,0.35460488704253557,1.0,6.123233995736766e-17,Office,Organizer,957.05,1259.42,314.0,301.0,318.0,296.0,298.0,281.0,322.0,315.25,315.125,338.9230769230769,11.17661248619925,14.98034426459262,-23.673076923076906,-23.798076923076906,-0.06984793463458916,0.0,0.0,0
SKU024,2026-03-09,7,308.0,1,0,1,0,Spring Sale,3,1,2026,11,0.970941817426052,0.23931566428755804,1.0,6.123233995736766e-17,Office,Organizer,957.05,1259.42,300.0,314.0,328.0,300.0,332.0,304.0,260.0,310.75,315.625,339.0769230769231,13.149778198382851,14.302222604496484,-28.326923076923094,-23.451923076923094,-0.08354128856624321,310.75,0.14285714285714285,0
SKU024,2026-03-16,7,298.0,7,0,1,0,Spring Sale,3,1,2026,12,0.992708874098054,0.120536680255323,1.0,6.123233995736766e-17,Office,Organizer,957.05,1259.42,308.0,300.0,301.0,336.0,419.0,265.0,332.0,305.75,316.625,337.2307692307692,6.551081335677716,13.298093311233925,-31.480769230769226,-20.605769230769226,-0.09335082116788318,305.75,1.0,0
SKU024,2026-03-23,7,338.0,3,0,1,0,Spring Sale,3,1,2026,13,1.0,-1.6081226496766366e-16,1.0,6.123233995736766e-17,Office,Organizer,957.05,1259.42,298.0,308.0,314.0,328.0,451.0,264.0,323.0,305.0,311.875,327.9230769230769,7.393691004272825,12.12361921445661,-22.923076923076906,-16.048076923076906,-0.06990382359840486,305.0,0.42857142857142855,0
SKU024,2026-03-30,7,302.0,0,0,0,0,No Promotion,3,1,2026,14,0.992708874098054,-0.12053668025532288,1.0,6.123233995736766e-17,Office,Organizer,957.05,1259.42,338.0,298.0,300.0,318.0,385.0,241.0,276.0,311.0,313.125,319.2307692307692,18.51125783588638,14.337139583214293,-8.230769230769226,-6.105769230769226,-0.025783132530120434,0.0,0.0,0
SKU024,2026-04-06,7,323.0,0,0,0,0,No Promotion,4,2,2026,15,0.9709418174260521,-0.2393156642875575,0.8660254037844387,-0.4999999999999998,Office,Organizer,957.05,1259.42,302.0,338.0,308.0,328.0,296.0,317.0,264.0,311.5,311.125,312.84615384615387,18.138357147217008,14.67200930830048,-1.346153846153868,-1.721153846153868,-0.004302925989673079,0.0,0.0,0
SKU024,2026-04-13,7,305.0,0,0,0,0,No Promotion,4,2,2026,16,0.9350162426854148,-0.35460488704253545,0.8660254037844387,-0.4999999999999998,Office,Organizer,957.05,1259.42,323.0,302.0,298.0,301.0,300.0,248.0,299.0,315.25,310.5,314.9230769230769,18.714967272212853,13.938641048743348,0.3269230769230944,-4.423076923076906,0.001038104543234164,0.0,0.0,0
SKU024,2026-04-20,7,309.0,0,0,0,0,No Promotion,4,2,2026,17,0.8854560256532099,-0.4647231720437685,0.8660254037844387,-0.4999999999999998,Office,Organizer,957.05,1259.42,305.0,323.0,338.0,314.0,336.0,293.0,261.0,317.0,311.0,315.3076923076923,16.79285562374661,13.617215994048497,1.6923076923076792,-4.307692307692321,0.005367162722615282,0.0,0.0,0
SKU024,2026-04-27,7,315.0,0,0,0,0,No Promotion,4,2,2026,18,0.8229838658936565,-0.5680647467311557,0.8660254037844387,-0.4999999999999998,Office,Organizer,957.05,1259.42,309.0,305.0,302.0,300.0,328.0,285.0,290.0,309.75,310.375,313.2307692307692,9.287087810503257,13.574529720872688,-3.4807692307692264,-2.8557692307692264,-0.01111247544204319,0.0,0.0,0
SKU024,2026-05-04,7,243.0,0,0,0,0,No Promotion,5,2,2026,19,0.7485107481711013,-0.663122658240795,0.49999999999999994,-0.8660254037844387,Office,Organizer,957.05,1259.42,315.0,309.0,323.0,308.0,318.0,249.0,274.0,313.0,312.25,312.2307692307692,7.831560082980375,12.958725686909583,0.7692307692307736,0.019230769230773603,0.00246366100024642,0.0,0.0,0
SKU024,2026-05-11,7,302.0,0,0,0,0,No Promotion,5,2,2026,20,0.6631226582407952,-0.7485107481711012,0.49999999999999994,-0.8660254037844387,Office,Organizer,957.05,1259.42,243.0,315.0,305.0,298.0,328.0,282.0,281.0,293.0,304.125,306.46153846153845,33.58571124749331,27.83850108854896,-13.461538461538453,-2.336538461538453,-0.04392570281124497,0.0,0.0,0
SKU024,2026-05-18,7,293.0,0,0,0,0,No Promotion,5,2,2026,21,0.5680647467311558,-0.8229838658936564,0.49999999999999994,-0.8660254037844387,Office,Organizer,957.05,1259.42,302.0,243.0,309.0,338.0,301.0,348.0,275.0,292.25,304.625,304.46153846153845,33.26033673912516,27.748552085778126,-12.211538461538453,0.1634615384615472,-0.0401086407276402,0.0,0.0,0
SKU024,2026-05-25,7,320.0,0,0,0,0,No Promotion,5,2,2026,22,0.46472317204376906,-0.8854560256532096,0.49999999999999994,-0.8660254037844387,Office,Organizer,957.05,1259.42,293.0,302.0,315.0,302.0,314.0,314.0,281.0,288.25,299.0,303.84615384615387,31.48941621137699,24.37211521390785,-15.596153846153868,-4.846153846153868,-0.05132911392405071,0.0,0.0,0
SKU024,2026-06-01,7,343.0,0,0,0,0,No Promotion,6,2,2026,23,0.35460488704253584,-0.9350162426854147,1.2246467991473532e-16,-1.0,Office,Organizer,957.05,1259.42,320.0,293.0,243.0,323.0,300.0,298.0,308.0,289.5,301.25,304.3076923076923,32.96968304366905,25.493696699940752,-14.80769230769232,-3.057692307692321,-0.04866026289180991,0.0,0.0,0
SKU024,2026-06-08,7,452.0,5,0,1,0,Summer Sale,6,2,2026,24,0.23931566428755768,-0.970941817426052,1.2246467991473532e-16,-1.0,Office,Organizer,957.05,1259.42,343.0,320.0,302.0,305.0,308.0,332.0,414.0,314.5,303.75,307.61538461538464,22.06807649071388,28.70913244447286,6.884615384615358,-3.8653846153846416,0.022380595148787208,314.5,0.7142857142857143,0
SKU024,2026-06-15,7,516.0,6,0,1,0,Summer Sale,6,2,2026,25,0.12053668025532308,-0.992708874098054,1.2246467991473532e-16,-1.0,Office,Organizer,957.05,1259.42,452.0,343.0,293.0,309.0,298.0,419.0,399.0,352.0,322.125,318.6923076923077,69.72804313904126,59.815042303038496,33.30769230769232,3.432692307692321,0.10451363746077735,352.0,0.8571428571428571,0
SKU024,2026-06-22,7,345.0,0,0,0,0,No Promotion,6,2,2026,26,-3.216245299353273e-16,-1.0,1.2246467991473532e-16,-1.0,Office,Organizer,957.05,1259.42,516.0,452.0,320.0,315.0,338.0,451.0,313.0,407.75,348.0,335.46153846153845,92.31964399122575,90.32006579777433,72.28846153846155,12.538461538461547,0.2154895666131622,0.0,0.0,0
SKU025,2025-01-06,7,497.0,3,0,1,0,New Year Sale,1,1,2025,2,0.23931566428755774,0.970941817426052,0.49999999999999994,0.8660254037844387,Furniture,Chair,2514.15,4175.17,,,,,,,,,,,,,,,,,0.42857142857142855,0
SKU025,2025-01-13,7,466.0,3,0,1,0,New Year Sale,1,1,2025,3,0.3546048870425356,0.9350162426854148,0.49999999999999994,0.8660254037844387,Furniture,Chair,2514.15,4175.17,497.0,,,,,,,,,,,,,,,,0.42857142857142855,0
SKU025,2025-01-20,7,446.0,0,1,0,1,No Promotion,1,1,2025,4,0.4647231720437685,0.8854560256532099,0.49999999999999994,0.8660254037844387,Furniture,Chair,2514.15,4175.17,466.0,497.0,,,,,,,,,,,,,,,0.0,0
SKU025,2025-01-27,7,387.0,0,0,0,0,No Promotion,1,1,2025,5,0.5680647467311558,0.8229838658936564,0.49999999999999994,0.8660254037844387,Furniture,Chair,2514.15,4175.17,446.0,466.0,,,,,,,,,,,,,,,0.0,0
SKU025,2025-02-03,7,434.0,0,0,0,0,No Promotion,2,1,2025,6,0.6631226582407952,0.7485107481711011,0.8660254037844386,0.5000000000000001,Furniture,Chair,2514.15,4175.17,387.0,446.0,497.0,,,,,449.0,,,46.35371254459202,,,,,0.0,0.0,0
SKU025,2025-02-10,7,390.0,0,0,0,0,No Promotion,2,1,2025,7,0.7485107481711011,0.6631226582407953,0.8660254037844386,0.5000000000000001,Furniture,Chair,2514.15,4175.17,434.0,387.0,466.0,,,,,433.25,,,33.53977737950369,,,,,0.0,0.0,0
SKU025,2025-02-17,7,465.0,0,0,0,0,No Promotion,2,1,2025,8,0.8229838658936564,0.5680647467311559,0.8660254037844386,0.5000000000000001,Furniture,Chair,2514.15,4175.17,390.0,434.0,446.0,,,,,414.25,,,30.15929928452141,,,,,0.0,0.0,0
SKU025,2025-02-24,7,369.0,0,0,0,0,No Promotion,2,1,2025,9,0.8854560256532099,0.4647231720437686,0.8660254037844386,0.5000000000000001,Furniture,Chair,2514.15,4175.17,465.0,390.0,387.0,,,,,419.0,,,37.44329045369811,,,,,0.0,0.0,0
SKU025,2025-03-03,7,386.0,0,0,0,0,No Promotion,3,1,2025,10,0.9350162426854148,0.35460488704253557,1.0,6.123233995736766e-17,Furniture,Chair,2514.15,4175.17,369.0,465.0,434.0,497.0,,,,414.5,431.75,,43.20879540093661,45.39902453325874,,,,0.0,0.0,0
SKU025,2025-03-10,7,407.0,0,0,0,0,No Promotion,3,1,2025,11,0.970941817426052,0.23931566428755804,1.0,6.123233995736766e-17,Furniture,Chair,2514.15,4175.17,386.0,369.0,390.0,466.0,,,,402.5,417.875,,42.64973622427225,39.138718498620854,,,,0.0,0.0,0
SKU025,2025-03-17,7,468.0,4,0,1,0,Spring Sale,3,1,2025,12,0.992708874098054,0.120536680255323,1.0,6.123233995736766e-17,Furniture,Chair,2514.15,4175.17,407.0,386.0,465.0,446.0,,,,406.75,410.5,,41.82802091102726,33.99579805967623,,,,406.75,0.5714285714285714,0
SKU025,2025-03-24,7,496.0,4,0,1,0,Spring Sale,3,1,2025,13,1.0,-1.6081226496766366e-16,1.0,6.123233995736766e-17,Furniture,Chair,2514.15,4175.17,468.0,407.0,369.0,387.0,,,,407.5,413.25,,43.22422160471295,37.938860589864106,,,,407.5,0.5714285714285714,0
SKU025,2025-03-31,7,373.0,0,0,0,0,No Promotion,3,1,2025,14,0.992708874098054,-0.12053668025532288,1.0,6.123233995736766e-17,Furniture,Chair,2514.15,4175.17,496.0,468.0,386.0,434.0,,,,439.25,426.875,,51.38984984086515,45.90187515621931,,,,0.0,0.0,0
SKU025,2025-04-07,7,410.0,0,0,0,0,No Promotion,4,2,2025,15,0.9709418174260521,-0.2393156642875575,0.8660254037844387,-0.4999999999999998,Furniture,Chair,2514.15,4175.17,373.0,496.0,407.0,390.0,497.0,,,436.0,419.25,429.53846153846155,56.0773275635231,49.47654566992902,6.461538461538453,-10.288461538461547,0.015042979942693435,0.0,0.0,0
SKU025,2025-04-14,7,460.0,0,0,0,0,No Promotion,4,2,2025,16,0.9350162426854148,-0.35460488704253545,0.8660254037844387,-0.4999999999999998,Furniture,Chair,2514.15,4175.17,410.0,373.0,468.0,465.0,466.0,,,436.75,421.75,422.84615384615387,55.578023234608374,48.27821158955367,13.903846153846132,-1.096153846153868,0.03288157176641793,0.0,0.0,0
SKU025,2025-04-21,7,422.0,0,0,0,0,No Promotion,4,2,2025,17,0.8854560256532099,-0.4647231720437685,0.8660254037844387,-0.4999999999999998,Furniture,Chair,2514.15,4175.17,460.0,410.0,496.0,369.0,446.0,,,434.75,421.125,422.38461538461536,54.205627014176315,47.66681235408972,12.365384615384642,-1.2596153846153584,0.02927517756328535,0.0,0.0,0
SKU025,2025-04-28,7,387.0,0,0,0,0,No Promotion,4,2,2025,18,0.8229838658936565,-0.5680647467311557,0.8660254037844387,-0.4999999999999998,Furniture,Chair,2514.15,4175.17,422.0,460.0,373.0,386.0,387.0,,,416.25,427.75,420.53846153846155,35.855032189824264,42.824392248210266,-4.288461538461547,7.211538461538453,-0.01019754892994329,0.0,0.0,0
SKU025,2025-05-05,7,394.0,0,0,0,0,No Promotion,5,2,2025,19,0.7485107481711013,-0.663122658240795,0.49999999999999994,-0.8660254037844387,Furniture,Chair,2514.15,4175.17,387.0,422.0,410.0,407.0,434.0,,,419.75,427.875,420.53846153846155,30.510927004381028,42.68635613401547,-0.7884615384615472,7.336538461538453,-0.0018748856777025535,0.0,0.0,0
SKU025,2025-05-12,7,394.0,0,0,0,0,No Promotion,5,2,2025,20,0.6631226582407952,-0.7485107481711012,0.49999999999999994,-0.8660254037844387,Furniture,Chair,2514.15,4175.17,394.0,387.0,460.0,468.0,390.0,,,415.75,426.25,417.46153846153845,33.149912015971736,43.826769379977286,-1.7115384615384528,8.788461538461547,-0.0040998710152938544,0.0,0.0,0
SKU025,2025-05-19,7,402.0,0,0,0,0,No Promotion,5,2,2025,21,0.5680647467311558,-0.8229838658936564,0.49999999999999994,-0.8660254037844387,Furniture,Chair,2514.15,4175.17,394.0,394.0,422.0,496.0,465.0,,,399.25,417.0,417.7692307692308,15.52149047825844,41.50387245271733,-18.519230769230774,-0.7692307692307736,-0.044328852881605596,0.0,0.0,0
SKU025,2025-05-26,7,415.0,0,0,0,0,No Promotion,5,2,2025,22,0.46472317204376906,-0.8854560256532096,0.49999999999999994,-0.8660254037844387,Furniture,Chair,2514.15,4175.17,402.0,394.0,387.0,373.0,369.0,,,394.25,405.25,412.9230769230769,6.13052471924991,26.558560632254583,-18.673076923076906,-7.673076923076906,-0.045221684053651234,0.0,0.0,0
SKU025,2025-06-02,7,476.0,0,0,0,0,No Promotion,6,2,2025,23,0.35460488704253584,-0.9350162426854147,1.2246467991473532e-16,-1.0,Furniture,Chair,2514.15,4175.17,415.0,402.0,394.0,410.0,386.0,,,401.25,410.5,416.46153846153845,9.912113800799542,23.213296682228123,-15.211538461538453,-5.961538461538453,-0.036525674178056855,0.0,0.0,0
SKU025,2025-06-09,7,551.0,6,0,1,0,Summer Sale,6,2,2025,24,0.23931566428755768,-0.970941817426052,1.2246467991473532e-16,-1.0,Furniture,Chair,2514.15,4175.17,476.0,415.0,394.0,460.0,407.0,,,421.75,418.75,423.38461538461536,37.18758753491099,32.77084941573184,-1.6346153846153584,-4.634615384615358,-0.0038608284883719923,421.75,0.8571428571428571,0
SKU025,2025-06-16,7,576.0,5,0,1,0,Summer Sale,6,2,2025,25,0.12053668025532308,-0.992708874098054,1.2246467991473532e-16,-1.0,Furniture,Chair,2514.15,4175.17,551.0,476.0,402.0,422.0,468.0,,,461.0,430.125,434.46153846153845,68.12243878977519,56.40526191259617,26.538461538461547,-4.336538461538453,0.06108356940509907,461.0,0.7142857142857143,0
SKU025,2025-06-23,7,488.0,0,0,0,0,No Promotion,6,2,2025,26,-3.216245299353273e-16,-1.0,1.2246467991473532e-16,-1.0,Furniture,Chair,2514.15,4175.17,576.0,551.0,415.0,387.0,496.0,,,504.5,449.375,442.7692307692308,73.25071103181638,76.08254445947883,61.730769230769226,6.605769230769226,0.1394197359277276,0.0,0.0,0
SKU025,2025-06-30,7,462.0,0,0,0,0,No Promotion,6,2,2025,27,-0.12053668025532283,-0.992708874098054,1.2246467991473532e-16,-1.0,Furniture,Chair,2514.15,4175.17,488.0,576.0,476.0,394.0,373.0,,,522.75,462.0,442.15384615384613,48.39679741470501,72.5514595698411,80.59615384615387,19.846153846153868,0.1822807933194155,0.0,0.0,0
SKU025,2025-07-07,7,491.0,0,0,0,0,No Promotion,7,3,2025,28,-0.23931566428755743,-0.9709418174260521,-0.4999999999999997,-0.8660254037844388,Furniture,Chair,2514.15,4175.17,462.0,488.0,551.0,394.0,410.0,497.0,,519.25,470.5,449.0,53.17502546622175,67.23519486527447,70.25,21.5,0.15645879732739432,0.0,0.0,0
SKU025,2025-07-14,7,520.0,0,0,0,0,No Promotion,7,3,2025,29,-0.3546048870425356,-0.9350162426854148,-0.4999999999999997,-0.8660254037844388,Furniture,Chair,2514.15,4175.17,491.0,462.0,576.0,402.0,460.0,466.0,,504.25,482.625,455.2307692307692,49.574018732934405,59.804293921327854,49.019230769230774,27.394230769230774,0.1076799594457587,0.0,0.0,0
SKU025,2025-07-21,7,509.0,0,0,0,0,No Promotion,7,3,2025,30,-0.46472317204376806,-0.8854560256532101,-0.4999999999999997,-0.8660254037844388,Furniture,Chair,2514.15,4175.17,520.0,491.0,488.0,415.0,422.0,446.0,,490.25,497.375,459.84615384615387,23.725864929790543,50.97881212537504,30.403846153846132,37.52884615384613,0.06611743057878883,0.0,0.0,0
SKU025,2025-07-28,7,441.0,0,0,0,0,No Promotion,7,3,2025,31,-0.5680647467311556,-0.8229838658936566,-0.4999999999999997,-0.8660254037844388,Furniture,Chair,2514.15,4175.17,509.0,520.0,462.0,476.0,387.0,387.0,,495.5,509.125,466.53846153846155,25.33114025595107,38.61323792246828,28.961538461538453,42.58653846153845,0.062077493816982576,0.0,0.0,0
SKU025,2025-08-04,7,521.0,0,0,0,0,No Promotion,8,3,2025,32,-0.663122658240795,-0.7485107481711013,-0.8660254037844385,-0.5000000000000004,Furniture,Chair,2514.15,4175.17,441.0,509.0,491.0,551.0,394.0,434.0,,490.25,504.75,470.6923076923077,34.94161797436783,44.4449900760158,19.55769230769232,34.05769230769232,0.041550907010949434,0.0,0.0,0
SKU025,2025-08-11,7,485.0,0,1,0,1,No Promotion,8,3,2025,33,-0.7485107481711011,-0.6631226582407952,-0.8660254037844385,-0.5000000000000004,Furniture,Chair,2514.15,4175.17,521.0,441.0,520.0,576.0,394.0,390.0,,497.75,501.0,480.46153846153845,38.22193959843829,41.126981063877906,17.288461538461547,20.538461538461547,0.0359830291386487,0.0,0.0,0
SKU025,2025-08-18,7,497.0,0,0,0,0,No Promotion,8,3,2025,34,-0.8229838658936564,-0.5680647467311559,-0.8660254037844385,-0.5000000000000004,Furniture,Chair,2514.15,4175.17,485.0,521.0,509.0,488.0,402.0,465.0,,489.0,489.625,487.46153846153845,35.327043465311355,27.866710811083742,1.5384615384615472,2.163461538461547,0.0031560675398454308,0.0,0.0,0
SKU025,2025-08-25,7,443.0,0,0,0,0,No Promotion,8,3,2025,35,-0.8854560256532096,-0.4647231720437691,-0.8660254037844385,-0.5000000000000004,Furniture,Chair,2514.15,4175.17,497.0,485.0,441.0,462.0,415.0,369.0,,486.0,490.75,494.7692307692308,33.52610922848039,27.97320146139873,-8.769230769230774,-4.019230769230774,-0.017723880597014907,0.0,0.0,0
SKU025,2025-09-01,7,398.0,0,0,0,0,No Promotion,9,3,2025,36,-0.9350162426854147,-0.3546048870425359,-1.0,-1.8369701987210297e-16,Furniture,Chair,2514.15,4175.17,443.0,497.0,521.0,491.0,476.0,386.0,,486.5,488.375,496.9230769230769,32.63433774416141,31.363935157620585,-10.423076923076906,-8.548076923076906,-0.020975232198142346,0.0,0.0,0
SKU025,2025-09-08,7,417.0,0,0,0,0,No Promotion,9,3,2025,37,-0.970941817426052,-0.23931566428755774,-1.0,-1.8369701987210297e-16,Furniture,Chair,2514.15,4175.17,398.0,443.0,485.0,520.0,551.0,407.0,,455.75,476.75,490.9230769230769,44.924937395615785,44.666222456924075,-35.173076923076906,-14.173076923076906,-0.07164681917894078,0.0,0.0,0
SKU025,2025-09-15,7,456.0,0,0,0,0,No Promotion,9,3,2025,38,-0.992708874098054,-0.12053668025532357,-1.0,-1.8369701987210297e-16,Furniture,Chair,2514.15,4175.17,417.0,398.0,497.0,509.0,576.0,468.0,,438.75,463.875,480.61538461538464,42.99127818523191,45.259371563088614,-41.86538461538464,-16.74038461538464,-0.08710787451984636,0.0,0.0,0
SKU025,2025-09-22,7,469.0,0,0,0,0,No Promotion,9,3,2025,39,-1.0,-1.8369701987210297e-16,-1.0,-1.8369701987210297e-16,Furniture,Chair,2514.15,4175.17,456.0,417.0,443.0,441.0,488.0,496.0,,428.5,457.25,471.38461538461536,26.006409466385985,41.42721672661929,-42.88461538461536,-14.134615384615358,-0.09097584856396856,0.0,0.0,0
SKU025,2025-09-29,7,435.0,5,1,1,1,Festive Sale,9,3,2025,40,-0.992708874098054,0.1205366802553232,-1.0,-1.8369701987210297e-16,Furniture,Chair,2514.15,4175.17,469.0,456.0,398.0,521.0,462.0,373.0,,435.0,460.75,469.9230769230769,33.11595788538607,41.039179885985604,-34.923076923076906,-9.173076923076906,-0.07431658209199543,435.0,0.7142857142857143,1
SKU025,2025-10-06,7,521.0,5,0,1,0,Festive Sale,10,4,2025,41,-0.9709418174260521,0.23931566428755738,-0.8660254037844386,0.5000000000000001,Furniture,Chair,2514.15,4175.17,435.0,469.0,417.0,485.0,491.0,410.0,,444.25,450.0,467.84615384615387,22.940139493908866,33.58996448771142,-23.596153846153868,-17.846153846153868,-0.050435711936862915,444.25,0.7142857142857143,0
SKU025,2025-10-13,7,406.0,0,0,0,0,No Promotion,10,4,2025,42,-0.9350162426854148,0.35460488704253557,-0.8660254037844386,0.5000000000000001,Furniture,Chair,2514.15,4175.17,521.0,435.0,456.0,497.0,520.0,460.0,,470.25,454.5,470.15384615384613,36.618529007411865,40.62370877068851,0.09615384615386802,-15.653846153846132,0.00020451570680624087,0.0,0.0,0
SKU025,2025-10-20,7,404.0,0,0,0,0,No Promotion,10,4,2025,43,-0.8854560256532101,0.464723172043768,-0.8660254037844386,0.5000000000000001,Furniture,Chair,2514.15,4175.17,406.0,521.0,469.0,443.0,509.0,422.0,,457.75,443.125,461.38461538461536,49.40563395673276,39.754379812615795,-3.6346153846153584,-18.25961538461536,-0.007877625875291727,0.0,0.0,0
SKU025,2025-10-27,7,462.0,0,1,0,1,No Promotion,10,4,2025,44,-0.822983865893657,0.5680647467311548,-0.8660254037844386,0.5000000000000001,Furniture,Chair,2514.15,4175.17,404.0,406.0,435.0,398.0,441.0,387.0,,441.5,438.25,453.3076923076923,54.86042896903618,42.09428193268739,-11.80769230769232,-15.05769230769232,-0.02604785338537252,0.0,0.0,0
SKU025,2025-11-03,7,418.0,0,0,0,0,No Promotion,11,4,2025,45,-0.7485107481711011,0.6631226582407952,-0.5000000000000004,0.8660254037844384,Furniture,Chair,2514.15,4175.17,462.0,404.0,521.0,417.0,521.0,394.0,,448.25,446.25,454.9230769230769,55.451931135594045,39.343723405755235,-6.673076923076906,-8.673076923076906,-0.014668583023334403,0.0,0.0,0
SKU025,2025-11-10,7,451.0,0,0,0,0,No Promotion,11,4,2025,46,-0.6631226582407955,0.7485107481711007,-0.5000000000000004,0.8660254037844384,Furniture,Chair,2514.15,4175.17,418.0,462.0,406.0,456.0,485.0,394.0,,422.5,446.375,447.0,27.04933763822442,39.23896569191687,-24.5,-0.625,-0.05480984340044748,0.0,0.0,0
SKU025,2025-11-17,7,512.0,4,0,1,0,Black Friday,11,4,2025,47,-0.5680647467311559,0.8229838658936564,-0.5000000000000004,0.8660254037844384,Furniture,Chair,2514.15,4175.17,451.0,418.0,404.0,469.0,497.0,402.0,,433.75,445.75,444.38461538461536,27.256497696268028,39.103342933455565,-10.634615384615358,1.3653846153846416,-0.023931106110437916,433.75,0.5714285714285714,0
SKU025,2025-11-24,7,566.0,7,0,1,0,Black Friday,11,4,2025,48,-0.4647231720437684,0.88545602565321,-0.5000000000000004,0.8660254037844384,Furniture,Chair,2514.15,4175.17,512.0,451.0,462.0,435.0,443.0,415.0,,460.75,451.125,445.53846153846155,38.94761438992976,45.2309549502803,15.211538461538453,5.586538461538453,0.03414191988950277,460.75,1.0,0
SKU025,2025-12-01,7,479.0,0,0,0,0,No Promotion,12,4,2025,49,-0.35460488704253595,0.9350162426854147,-2.4492935982947064e-16,1.0,Furniture,Chair,2514.15,4175.17,566.0,512.0,418.0,521.0,398.0,476.0,,486.75,467.5,455.0,65.63218214666743,59.89514647639299,31.75,12.5,0.06978021978021975,0.0,0.0,0
SKU025,2025-12-08,7,443.0,0,0,0,0,No Promotion,12,4,2025,50,-0.2393156642875578,0.970941817426052,-2.4492935982947064e-16,1.0,Furniture,Chair,2514.15,4175.17,479.0,566.0,451.0,406.0,417.0,551.0,,502.0,462.25,461.2307692307692,49.416596402423316,56.266584856632015,40.769230769230774,1.0192307692307736,0.08839226150767177,0.0,0.0,0
SKU025,2025-12-15,7,702.0,7,0,1,0,Year End Sale,12,4,2025,51,-0.12053668025532363,0.992708874098054,-2.4492935982947064e-16,1.0,Furniture,Chair,2514.15,4175.17,443.0,479.0,512.0,404.0,456.0,576.0,,500.0,466.875,463.2307692307692,52.2494019104525,52.36803141503139,36.769230769230774,3.6442307692307736,0.07937562271670551,500.0,1.0,0
SKU025,2025-12-22,7,632.0,7,1,1,1,Year End Sale,12,4,2025,52,6.432490598706546e-16,1.0,-2.4492935982947064e-16,1.0,Furniture,Chair,2514.15,4175.17,702.0,443.0,566.0,462.0,469.0,488.0,,547.5,504.125,482.15384615384613,115.21718621802911,92.13877344217565,65.34615384615387,21.971153846153868,0.13552967453733245,547.5,1.0,1
SKU025,2025-12-29,7,549.0,3,0,1,0,Year End Sale,12,4,2025,1,0.12053668025532305,0.992708874098054,-2.4492935982947064e-16,1.0,Furniture,Chair,2514.15,4175.17,632.0,702.0,479.0,418.0,435.0,462.0,,564.0,525.375,494.6923076923077,123.19902597017557,100.27952005697446,69.30769230769232,30.68269230769232,0.14010262789612815,564.0,0.42857142857142855,0
SKU025,2026-01-05,7,559.0,0,0,0,0,No Promotion,1,1,2026,2,0.23931566428755774,0.970941817426052,0.49999999999999994,0.8660254037844387,Furniture,Chair,2514.15,4175.17,549.0,632.0,443.0,451.0,521.0,491.0,497.0,581.5,541.75,503.46153846153845,111.5183094085152,90.45559289349823,78.03846153846155,38.28846153846155,0.15500381970970212,0.0,0.0,0
SKU025,2026-01-12,7,497.0,0,0,0,0,No Promotion,1,1,2026,3,0.3546048870425356,0.9350162426854148,0.49999999999999994,0.8660254037844387,Furniture,Chair,2514.15,4175.17,559.0,549.0,702.0,512.0,406.0,520.0,466.0,610.5,555.25,506.38461538461536,71.3418997971505,82.7038606803127,104.11538461538464,48.86538461538464,0.20560534710618272,0.0,0.0,0
SKU025,2026-01-19,7,438.0,0,0,0,0,No Promotion,1,1,2026,4,0.4647231720437685,0.8854560256532099,0.49999999999999994,0.8660254037844387,Furniture,Chair,2514.15,4175.17,497.0,559.0,632.0,566.0,404.0,509.0,446.0,559.25,553.375,513.3846153846154,55.59601304650058,83.98458617083087,45.86538461538464,39.99038461538464,0.08933922685046447,0.0,0.0,0
SKU025,2026-01-26,7,460.0,0,1,0,1,No Promotion,1,1,2026,5,0.5680647467311558,0.8229838658936564,0.49999999999999994,0.8660254037844387,Furniture,Chair,2514.15,4175.17,438.0,497.0,549.0,479.0,462.0,441.0,387.0,510.75,537.375,516.0,55.59601304650058,92.94996734034622,-5.25,21.375,-0.01017441860465118,0.0,0.0,0
SKU025,2026-02-02,7,556.0,0,0,0,0,No Promotion,2,1,2026,6,0.6631226582407952,0.7485107481711011,0.8660254037844386,0.5000000000000001,Furniture,Chair,2514.15,4175.17,460.0,438.0,559.0,443.0,418.0,521.0,434.0,488.5,535.0,515.8461538461538,52.930772398167996,94.87736445387955,-27.34615384615381,19.15384615384619,-0.05301222785565163,0.0,0.0,0
SKU025,2026-02-09,7,455.0,0,0,0,0,No Promotion,2,1,2026,7,0.7485107481711011,0.6631226582407953,0.8660254037844386,0.5000000000000001,Furniture,Chair,2514.15,4175.17,556.0,460.0,497.0,702.0,451.0,485.0,390.0,487.75,549.125,526.4615384615385,51.603455956618475,87.3358664663526,-38.71153846153845,22.663461538461547,-0.073531560490941,0.0,0.0,0
SKU025,2026-02-16,7,446.0,0,0,0,0,No Promotion,2,1,2026,8,0.8229838658936564,0.5680647467311559,0.8660254037844386,0.5000000000000001,Furniture,Chair,2514.15,4175.17,455.0,556.0,438.0,632.0,512.0,497.0,465.0,477.25,518.25,526.7692307692307,53.33776023294063,66.82118996674207,-49.51923076923072,-8.519230769230717,-0.09400554906542047,0.0,0.0,0
SKU025,2026-02-23,7,513.0,0,0,0,0,No Promotion,2,1,2026,9,0.8854560256532099,0.4647231720437686,0.8660254037844386,0.5000000000000001,Furniture,Chair,2514.15,4175.17,446.0,455.0,460.0,549.0,566.0,443.0,369.0,479.25,495.0,521.6923076923077,51.49352710130983,52.388657441963815,-42.442307692307736,-26.692307692307736,-0.08135505750516081,0.0,0.0,0
SKU025,2026-03-02,7,475.0,0,0,0,0,No Promotion,3,1,2026,10,0.9350162426854148,0.35460488704253557,1.0,6.123233995736766e-17,Furniture,Chair,2514.15,4175.17,513.0,446.0,556.0,559.0,479.0,398.0,386.0,492.5,490.5,517.6153846153846,51.70751073748052,48.48858481274596,-25.11538461538464,-27.11538461538464,-0.04852132560558775,0.0,0.0,0
SKU025,2026-03-09,7,477.0,1,0,1,0,Spring Sale,3,1,2026,11,0.970941817426052,0.23931566428755804,1.0,6.123233995736766e-17,Furniture,Chair,2514.15,4175.17,475.0,513.0,455.0,497.0,443.0,417.0,407.0,472.25,480.0,517.3076923076923,29.747548918636348,39.86405470022911,-45.057692307692264,-37.307692307692264,-0.08710037174721186,472.25,0.14285714285714285,0
SKU025,2026-03-16,7,638.0,7,0,1,0,Spring Sale,3,1,2026,12,0.992708874098054,0.120536680255323,1.0,6.123233995736766e-17,Furniture,Chair,2514.15,4175.17,477.0,475.0,446.0,438.0,702.0,456.0,468.0,477.75,477.5,519.9230769230769,27.43932700826794,39.26830783214375,-42.173076923076906,-42.423076923076906,-0.08111407012871719,477.75,1.0,0
SKU025,2026-03-23,7,584.0,3,0,1,0,Spring Sale,3,1,2026,13,1.0,-1.6081226496766366e-16,1.0,6.123233995736766e-17,Furniture,Chair,2514.15,4175.17,638.0,477.0,513.0,460.0,632.0,469.0,496.0,525.75,502.5,515.0,76.84345558775102,65.45882020673108,10.75,-12.5,0.020873786407767048,525.75,0.42857142857142855,0
SKU025,2026-03-30,7,464.0,0,0,0,0,No Promotion,3,1,2026,14,0.992708874098054,-0.12053668025532288,1.0,6.123233995736766e-17,Furniture,Chair,2514.15,4175.17,584.0,638.0,475.0,556.0,549.0,435.0,373.0,543.5,518.0,511.3076923076923,81.00411512180516,68.56488063974777,32.19230769230768,6.692307692307679,0.06296073416578896,0.0,0.0,0
SKU025,2026-04-06,7,469.0,0,0,0,0,No Promotion,4,2,2026,15,0.9709418174260521,-0.2393156642875575,0.8660254037844387,-0.4999999999999998,Furniture,Chair,2514.15,4175.17,464.0,584.0,477.0,455.0,559.0,521.0,410.0,540.75,506.5,504.7692307692308,84.22737084819873,68.99482382241233,35.980769230769226,1.7307692307692264,0.071281621456873,0.0,0.0,0
SKU025,2026-04-13,7,432.0,0,0,0,0,No Promotion,4,2,2026,16,0.9350162426854148,-0.35460488704253545,0.8660254037844387,-0.4999999999999998,Furniture,Chair,2514.15,4175.17,469.0,464.0,638.0,446.0,497.0,406.0,460.0,538.75,508.25,497.84615384615387,86.31483070712702,67.66672531078858,40.90384615384613,10.403846153846132,0.08216161928306542,0.0,0.0,0
SKU025,2026-04-20,7,492.0,0,0,0,0,No Promotion,4,2,2026,17,0.8854560256532099,-0.4647231720437685,0.8660254037844387,-0.4999999999999998,Furniture,Chair,2514.15,4175.17,432.0,469.0,584.0,513.0,438.0,404.0,422.0,487.25,506.5,492.84615384615387,66.55010643617832,69.6583499250859,-5.596153846153868,13.653846153846132,-0.011354768222257006,0.0,0.0,0
SKU025,2026-04-27,7,456.0,0,0,0,0,No Promotion,4,2,2026,18,0.8229838658936565,-0.5680647467311557,0.8660254037844387,-0.4999999999999998,Furniture,Chair,2514.15,4175.17,492.0,432.0,464.0,475.0,460.0,462.0,387.0,464.25,503.875,497.0,24.716728478232383,69.77399740795789,-32.75,6.875,-0.06589537223340036,0.0,0.0,0
SKU025,2026-05-04,7,480.0,0,0,0,0,No Promotion,5,2,2026,19,0.7485107481711013,-0.663122658240795,0.49999999999999994,-0.8660254037844387,Furniture,Chair,2514.15,4175.17,456.0,492.0,469.0,477.0,556.0,418.0,394.0,462.25,501.5,496.6923076923077,25.0649157189885,71.20593875714101,-34.44230769230768,4.807692307692321,-0.069343348304166,0.0,0.0,0
SKU025,2026-05-11,7,442.0,0,0,0,0,No Promotion,5,2,2026,20,0.6631226582407952,-0.7485107481711012,0.49999999999999994,-0.8660254037844387,Furniture,Chair,2514.15,4175.17,480.0,456.0,432.0,638.0,455.0,451.0,394.0,465.0,501.875,490.84615384615387,26.608269391300084,71.06624173463597,-25.846153846153868,11.028846153846132,-0.052656323460272714,0.0,0.0,0
SKU025,2026-05-18,7,488.0,0,0,0,0,No Promotion,5,2,2026,21,0.5680647467311558,-0.8229838658936564,0.49999999999999994,-0.8660254037844387,Furniture,Chair,2514.15,4175.17,442.0,480.0,492.0,584.0,446.0,512.0,402.0,467.5,477.375,489.84615384615387,22.649503305812182,47.21663599077888,-22.346153846153868,-12.471153846153868,-0.045618718592964846,0.0,0.0,0
SKU025,2026-05-25,7,472.0,0,0,0,0,No Promotion,5,2,2026,22,0.46472317204376906,-0.8854560256532096,0.49999999999999994,-0.8660254037844387,Furniture,Chair,2514.15,4175.17,488.0,442.0,456.0,464.0,513.0,566.0,415.0,466.5,465.375,493.0769230769231,21.252450839060035,21.37379904729824,-26.576923076923094,-27.701923076923094,-0.05390015600624032,0.0,0.0,0
SKU025,2026-06-01,7,526.0,0,0,0,0,No Promotion,6,2,2026,23,0.35460488704253584,-0.9350162426854147,1.2246467991473532e-16,-1.0,Furniture,Chair,2514.15,4175.17,472.0,488.0,480.0,469.0,475.0,479.0,476.0,470.5,466.375,489.9230769230769,20.09145755455944,21.487122389269114,-19.423076923076906,-23.548076923076906,-0.03964515622546705,0.0,0.0,0
SKU025,2026-06-08,7,630.0,5,0,1,0,Summer Sale,6,2,2026,24,0.23931566428755768,-0.970941817426052,1.2246467991473532e-16,-1.0,Furniture,Chair,2514.15,4175.17,526.0,472.0,442.0,432.0,477.0,443.0,551.0,482.0,473.5,493.84615384615387,34.98571136907176,30.17567610794214,-11.846153846153868,-20.346153846153868,-0.02398753894080996,482.0,0.7142857142857143,0
SKU025,2026-06-15,7,764.0,6,0,1,0,Summer Sale,6,2,2026,25,0.12053668025532308,-0.992708874098054,1.2246467991473532e-16,-1.0,Furniture,Chair,2514.15,4175.17,630.0,526.0,488.0,492.0,638.0,702.0,576.0,529.0,498.25,505.61538461538464,71.03989489481714,58.85029433110037,23.38461538461536,-7.365384615384642,0.046249809828084576,529.0,0.8571428571428571,0
SKU025,2026-06-22,7,481.0,0,0,0,0,No Promotion,6,2,2026,26,-3.216245299353273e-16,-1.0,1.2246467991473532e-16,-1.0,Furniture,Chair,2514.15,4175.17,764.0,630.0,472.0,456.0,584.0,632.0,488.0,598.0,532.25,515.3076923076923,128.63384728238003,110.56962899975227,82.69230769230774,16.942307692307736,0.16047171219585032,0.0,0.0,0
SKU026,2025-01-06,7,702.0,3,0,1,0,New Year Sale,1,1,2025,2,0.23931566428755774,0.970941817426052,0.49999999999999994,0.8660254037844387,Home Decor,Clock,3895.49,6741.37,,,,,,,,,,,,,,,,,0.42857142857142855,0
SKU026,2025-01-13,7,703.0,3,0,1,0,New Year Sale,1,1,2025,3,0.3546048870425356,0.9350162426854148,0.49999999999999994,0.8660254037844387,Home Decor,Clock,3895.49,6741.37,702.0,,,,,,,,,,,,,,,,0.42857142857142855,0
SKU026,2025-01-20,7,709.0,0,1,0,1,No Promotion,1,1,2025,4,0.4647231720437685,0.8854560256532099,0.49999999999999994,0.8660254037844387,Home Decor,Clock,3895.49,6741.37,703.0,702.0,,,,,,,,,,,,,,,0.0,0
SKU026,2025-01-27,7,637.0,0,0,0,0,No Promotion,1,1,2025,5,0.5680647467311558,0.8229838658936564,0.49999999999999994,0.8660254037844387,Home Decor,Clock,3895.49,6741.37,709.0,703.0,,,,,,,,,,,,,,,0.0,0
SKU026,2025-02-03,7,664.0,0,0,0,0,No Promotion,2,1,2025,6,0.6631226582407952,0.7485107481711011,0.8660254037844386,0.5000000000000001,Home Decor,Clock,3895.49,6741.37,637.0,709.0,702.0,,,,,687.75,,,33.97425495871836,,,,,0.0,0.0,0
SKU026,2025-02-10,7,631.0,0,0,0,0,No Promotion,2,1,2025,7,0.7485107481711011,0.6631226582407953,0.8660254037844386,0.5000000000000001,Home Decor,Clock,3895.49,6741.37,664.0,637.0,703.0,,,,,678.25,,,33.97425495871836,,,,,0.0,0.0,0
SKU026,2025-02-17,7,725.0,0,0,0,0,No Promotion,2,1,2025,8,0.8229838658936564,0.5680647467311559,0.8660254037844386,0.5000000000000001,Home Decor,Clock,3895.49,6741.37,631.0,664.0,709.0,,,,,660.25,,,35.528157846981024,,,,,0.0,0.0,0
SKU026,2025-02-24,7,589.0,0,0,0,0,No Promotion,2,1,2025,9,0.8854560256532099,0.4647231720437686,0.8660254037844386,0.5000000000000001,Home Decor,Clock,3895.49,6741.37,725.0,631.0,637.0,,,,,664.25,,,42.96801135728764,,,,,0.0,0.0,0
SKU026,2025-03-03,7,527.0,0,0,0,0,No Promotion,3,1,2025,10,0.9350162426854148,0.35460488704253557,1.0,6.123233995736766e-17,Home Decor,Clock,3895.49,6741.37,589.0,725.0,664.0,702.0,,,,652.25,670.0,,57.39555731936053,47.60852264638579,,,,0.0,0.0,0
SKU026,2025-03-10,7,633.0,0,0,0,0,No Promotion,3,1,2025,11,0.970941817426052,0.23931566428755804,1.0,6.123233995736766e-17,Home Decor,Clock,3895.49,6741.37,527.0,589.0,631.0,703.0,,,,618.0,648.125,,83.1464571303753,67.04249718328987,,,,0.0,0.0,0
SKU026,2025-03-17,7,716.0,4,0,1,0,Spring Sale,3,1,2025,12,0.992708874098054,0.120536680255323,1.0,6.123233995736766e-17,Home Decor,Clock,3895.49,6741.37,633.0,527.0,725.0,709.0,,,,618.5,639.375,,83.25663136751731,63.322163802032456,,,,618.5,0.5714285714285714,0
SKU026,2025-03-24,7,700.0,4,0,1,0,Spring Sale,3,1,2025,13,1.0,-1.6081226496766366e-16,1.0,6.123233995736766e-17,Home Decor,Clock,3895.49,6741.37,716.0,633.0,589.0,637.0,,,,616.25,640.25,,79.45386502031647,64.4598435351144,,,,616.25,0.5714285714285714,0
SKU026,2025-03-31,7,607.0,0,0,0,0,No Promotion,3,1,2025,14,0.992708874098054,-0.12053668025532288,1.0,6.123233995736766e-17,Home Decor,Clock,3895.49,6741.37,700.0,716.0,527.0,664.0,,,,644.0,648.125,,85.88752334691382,67.76943579941795,,,,0.0,0.0,0
SKU026,2025-04-07,7,599.0,0,0,0,0,No Promotion,4,2,2025,15,0.9709418174260521,-0.2393156642875575,0.8660254037844387,-0.4999999999999998,Home Decor,Clock,3895.49,6741.37,607.0,700.0,633.0,631.0,702.0,,,664.0,641.0,657.1538461538462,52.31315959361151,68.84973285558715,6.846153846153811,-16.15384615384619,0.010417885988528663,0.0,0.0,0
SKU026,2025-04-14,7,645.0,0,0,0,0,No Promotion,4,2,2025,16,0.9350162426854148,-0.35460488704253545,0.8660254037844387,-0.4999999999999998,Home Decor,Clock,3895.49,6741.37,599.0,607.0,716.0,725.0,703.0,,,655.5,637.0,649.2307692307693,61.060079702972345,70.42523898230156,6.269230769230717,-12.230769230769283,0.009656398104265218,0.0,0.0,0
SKU026,2025-04-21,7,572.0,0,0,0,0,No Promotion,4,2,2025,17,0.8854560256532099,-0.4647231720437685,0.8660254037844387,-0.4999999999999998,Home Decor,Clock,3895.49,6741.37,645.0,599.0,700.0,589.0,709.0,,,637.75,627.0,644.7692307692307,46.09681840069518,61.223244885302485,-7.019230769230717,-17.769230769230717,-0.010886423287998048,0.0,0.0,0
SKU026,2025-04-28,7,591.0,0,0,0,0,No Promotion,4,2,2025,18,0.8229838658936565,-0.5680647467311557,0.8660254037844387,-0.4999999999999998,Home Decor,Clock,3895.49,6741.37,572.0,645.0,607.0,527.0,637.0,,,605.75,624.875,634.2307692307693,30.148244835589836,62.999858276484595,-28.480769230769283,-9.355769230769283,-0.04490600363856889,0.0,0.0,0
SKU026,2025-05-05,7,632.0,0,0,0,0,No Promotion,5,2,2025,19,0.7485107481711013,-0.663122658240795,0.49999999999999994,-0.8660254037844387,Home Decor,Clock,3895.49,6741.37,591.0,572.0,599.0,633.0,664.0,,,601.75,632.875,630.6923076923077,30.977142110487467,51.87743109621812,-28.942307692307736,2.182692307692264,-0.045889742651542886,0.0,0.0,0
SKU026,2025-05-12,7,605.0,0,0,0,0,No Promotion,5,2,2025,20,0.6631226582407952,-0.7485107481711012,0.49999999999999994,-0.8660254037844387,Home Decor,Clock,3895.49,6741.37,632.0,591.0,645.0,716.0,631.0,,,610.0,632.75,628.2307692307693,34.224747381585395,51.878291633949786,-18.230769230769283,4.519230769230717,-0.029019223705154973,0.0,0.0,0
SKU026,2025-05-19,7,640.0,0,0,0,0,No Promotion,5,2,2025,21,0.5680647467311558,-0.8229838658936564,0.49999999999999994,-0.8660254037844387,Home Decor,Clock,3895.49,6741.37,605.0,632.0,572.0,700.0,725.0,,,600.0,618.875,626.2307692307693,25.258661880630243,39.890698880100594,-26.230769230769283,-7.355769230769283,-0.04188674609998777,0.0,0.0,0
SKU026,2025-05-26,7,620.0,0,0,0,0,No Promotion,5,2,2025,22,0.46472317204376906,-0.8854560256532096,0.49999999999999994,-0.8660254037844387,Home Decor,Clock,3895.49,6741.37,640.0,605.0,591.0,607.0,589.0,,,617.0,611.375,619.6923076923077,22.90560339014603,25.50595168639221,-2.692307692307736,-8.317307692307736,-0.004344587884806406,0.0,0.0,0
SKU026,2025-06-02,7,723.0,0,0,0,0,No Promotion,6,2,2025,23,0.35460488704253584,-0.9350162426854147,1.2246467991473532e-16,-1.0,Home Decor,Clock,3895.49,6741.37,620.0,640.0,632.0,599.0,527.0,,,624.25,613.0,622.0769230769231,15.239750654128269,25.60133925068323,2.1730769230769056,-9.076923076923094,0.003493260788920427,0.0,0.0,0
SKU026,2025-06-09,7,895.0,6,0,1,0,Summer Sale,6,2,2025,24,0.23931566428755768,-0.970941817426052,1.2246467991473532e-16,-1.0,Home Decor,Clock,3895.49,6741.37,723.0,620.0,605.0,645.0,633.0,,,647.0,628.5,637.1538461538462,52.656117086874815,45.62267606605923,9.846153846153811,-8.653846153846189,0.015453338162501495,647.0,0.8571428571428571,0
SKU026,2025-06-16,7,765.0,5,0,1,0,Summer Sale,6,2,2025,25,0.12053668025532308,-0.992708874098054,1.2246467991473532e-16,-1.0,Home Decor,Clock,3895.49,6741.37,895.0,723.0,640.0,572.0,716.0,,,719.5,659.75,657.3076923076923,125.21048944344348,105.2259473704086,62.192307692307736,2.442307692307736,0.09461673493270917,719.5,0.7142857142857143,0
SKU026,2025-06-23,7,719.0,0,0,0,0,No Promotion,6,2,2025,26,-3.216245299353273e-16,-1.0,1.2246467991473532e-16,-1.0,Home Decor,Clock,3895.49,6741.37,765.0,895.0,620.0,591.0,700.0,,,750.75,683.875,661.0769230769231,113.8372376099608,104.35439274757094,89.6730769230769,22.798076923076906,0.13564696299743995,0.0,0.0,0
SKU026,2025-06-30,7,683.0,0,0,0,0,No Promotion,6,2,2025,27,-0.12053668025532283,-0.992708874098054,1.2246467991473532e-16,-1.0,Home Decor,Clock,3895.49,6741.37,719.0,765.0,723.0,632.0,607.0,,,775.5,699.875,662.5384615384615,82.3387312670451,97.67941368140401,112.96153846153845,37.33653846153845,0.17049808429118762,0.0,0.0,0
SKU026,2025-07-07,7,660.0,0,0,0,0,No Promotion,7,3,2025,28,-0.23931566428755743,-0.9709418174260521,-0.4999999999999997,-0.8660254037844388,Home Decor,Clock,3895.49,6741.37,683.0,719.0,895.0,605.0,599.0,702.0,,765.5,706.25,668.3846153846154,92.62649009147799,94.21972799184438,97.11538461538464,37.86538461538464,0.14529865346990456,0.0,0.0,0
SKU026,2025-07-14,7,724.0,0,0,0,0,No Promotion,7,3,2025,29,-0.3546048870425356,-0.9350162426854148,-0.4999999999999997,-0.8660254037844388,Home Decor,Clock,3895.49,6741.37,660.0,683.0,765.0,640.0,645.0,703.0,,706.75,713.125,673.0769230769231,45.79938136408984,87.5466202333689,33.673076923076906,40.048076923076906,0.05002857142857131,0.0,0.0,0
SKU026,2025-07-21,7,656.0,0,0,0,0,No Promotion,7,3,2025,30,-0.46472317204376806,-0.8854560256532101,-0.4999999999999997,-0.8660254037844388,Home Decor,Clock,3895.49,6741.37,724.0,660.0,719.0,620.0,572.0,709.0,,696.5,723.625,679.1538461538462,30.42477060992692,82.41001586145774,17.34615384615381,44.47115384615381,0.025540831351228865,0.0,0.0,0
SKU026,2025-07-28,7,680.0,0,0,0,0,No Promotion,7,3,2025,31,-0.5680647467311556,-0.8229838658936566,-0.4999999999999997,-0.8660254037844388,Home Decor,Clock,3895.49,6741.37,656.0,724.0,683.0,723.0,591.0,637.0,,680.75,728.125,685.6153846153846,31.191612120354936,76.73039535561233,-4.865384615384642,42.50961538461536,-0.0070963760798833375,0.0,0.0,0
SKU026,2025-08-04,7,772.0,0,0,0,0,No Promotion,8,3,2025,32,-0.663122658240795,-0.7485107481711013,-0.8660254037844385,-0.5000000000000004,Home Decor,Clock,3895.49,6741.37,680.0,656.0,660.0,895.0,632.0,664.0,,680.0,722.75,692.4615384615385,31.155523854794563,78.62342435395993,-12.461538461538453,30.288461538461547,-0.017996000888691355,0.0,0.0,0
SKU026,2025-08-11,7,686.0,0,1,0,1,No Promotion,8,3,2025,33,-0.7485107481711011,-0.6631226582407952,-0.8660254037844385,-0.5000000000000004,Home Decor,Clock,3895.49,6741.37,772.0,680.0,724.0,765.0,605.0,631.0,,708.0,707.375,703.2307692307693,51.12077203381558,44.937853912772866,4.769230769230717,4.144230769230717,0.006781885801793841,0.0,0.0,0
SKU026,2025-08-18,7,706.0,0,0,0,0,No Promotion,8,3,2025,34,-0.8229838658936564,-0.5680647467311559,-0.8660254037844385,-0.5000000000000004,Home Decor,Clock,3895.49,6741.37,686.0,772.0,656.0,719.0,640.0,725.0,,698.5,697.5,709.4615384615385,50.68530358989681,38.715076428403755,-10.961538461538453,-11.961538461538453,-0.01545050417434668,0.0,0.0,0
SKU026,2025-08-25,7,611.0,0,0,0,0,No Promotion,8,3,2025,35,-0.8854560256532096,-0.4647231720437691,-0.8660254037844385,-0.5000000000000004,Home Decor,Clock,3895.49,6741.37,706.0,686.0,680.0,683.0,620.0,589.0,,711.0,695.875,714.5384615384615,42.15843134336643,37.94897890589418,-3.538461538461547,-18.663461538461547,-0.00495209387447515,0.0,0.0,0
SKU026,2025-09-01,7,560.0,0,0,0,0,No Promotion,9,3,2025,36,-0.9350162426854147,-0.3546048870425359,-1.0,-1.8369701987210297e-16,Home Decor,Clock,3895.49,6741.37,611.0,706.0,772.0,660.0,723.0,527.0,,693.75,686.875,713.8461538461538,66.2841107154146,48.50754727727577,-20.09615384615381,-26.97115384615381,-0.028151939655172376,0.0,0.0,0
SKU026,2025-09-08,7,616.0,0,0,0,0,No Promotion,9,3,2025,37,-0.970941817426052,-0.23931566428755774,-1.0,-1.8369701987210297e-16,Home Decor,Clock,3895.49,6741.37,560.0,611.0,686.0,724.0,895.0,633.0,,640.75,674.375,701.3076923076923,67.60362416320598,66.11232325152616,-60.557692307692264,-26.932692307692264,-0.08634967642864977,0.0,0.0,0
SKU026,2025-09-15,7,609.0,0,0,0,0,No Promotion,9,3,2025,38,-0.992708874098054,-0.12053668025532357,-1.0,-1.8369701987210297e-16,Home Decor,Clock,3895.49,6741.37,616.0,560.0,706.0,656.0,765.0,716.0,,623.25,660.875,679.8461538461538,60.69253111654958,65.555728746072,-56.59615384615381,-18.97115384615381,-0.0832484725050916,0.0,0.0,0
SKU026,2025-09-22,7,626.0,0,0,0,0,No Promotion,9,3,2025,39,-1.0,-1.8369701987210297e-16,-1.0,-1.8369701987210297e-16,Home Decor,Clock,3895.49,6741.37,609.0,616.0,611.0,680.0,719.0,700.0,,599.0,655.0,667.8461538461538,26.166135875720578,68.11125352790725,-68.84615384615381,-12.846153846153811,-0.10308684634876752,0.0,0.0,0
SKU026,2025-09-29,7,788.0,5,1,1,1,Festive Sale,9,3,2025,40,-0.992708874098054,0.1205366802553232,-1.0,-1.8369701987210297e-16,Home Decor,Clock,3895.49,6741.37,626.0,609.0,560.0,772.0,683.0,607.0,,602.75,648.25,660.6923076923077,29.341381471680428,67.9553424789293,-57.942307692307736,-12.442307692307736,-0.0876993829316568,602.75,0.7142857142857143,1
SKU026,2025-10-06,7,841.0,5,0,1,0,Festive Sale,10,4,2025,41,-0.9709418174260521,0.23931566428755738,-0.8660254037844386,0.5000000000000001,Home Decor,Clock,3895.49,6741.37,788.0,626.0,616.0,686.0,660.0,599.0,,659.75,650.25,668.7692307692307,85.78412829111613,72.21940775956874,-9.019230769230717,-18.519230769230717,-0.013486312399355826,659.75,0.7142857142857143,0
SKU026,2025-10-13,7,614.0,0,0,0,0,No Promotion,10,4,2025,42,-0.9350162426854148,0.35460488704253557,-0.8660254037844386,0.5000000000000001,Home Decor,Clock,3895.49,6741.37,841.0,788.0,609.0,706.0,724.0,645.0,,716.0,669.625,682.6923076923077,115.98563129399551,99.00496019320015,33.307692307692264,-13.067307692307736,0.0487887323943661,0.0,0.0,0
SKU026,2025-10-20,7,656.0,0,0,0,0,No Promotion,10,4,2025,43,-0.8854560256532101,0.464723172043768,-0.8660254037844386,0.5000000000000001,Home Decor,Clock,3895.49,6741.37,614.0,841.0,626.0,611.0,656.0,572.0,,717.25,658.125,674.2307692307693,114.46506017121557,99.51803497715521,43.01923076923072,-16.105769230769283,0.06380490587564158,0.0,0.0,0
SKU026,2025-10-27,7,701.0,0,1,0,1,No Promotion,10,4,2025,44,-0.822983865893657,0.5680647467311548,-0.8660254037844386,0.5000000000000001,Home Decor,Clock,3895.49,6741.37,656.0,614.0,788.0,560.0,680.0,591.0,,724.75,663.75,674.2307692307693,107.24854311364794,97.72958318017851,50.51923076923072,-10.480769230769283,0.07492869366799759,0.0,0.0,0
SKU026,2025-11-03,7,659.0,0,0,0,0,No Promotion,11,4,2025,45,-0.7485107481711011,0.6631226582407952,-0.5000000000000004,0.8660254037844384,Home Decor,Clock,3895.49,6741.37,701.0,656.0,841.0,616.0,772.0,632.0,,703.0,681.375,675.8461538461538,98.62048468751308,88.63720196073754,27.15384615384619,5.528846153846189,0.04017755520145694,0.0,0.0,0
SKU026,2025-11-10,7,658.0,0,0,0,0,No Promotion,11,4,2025,46,-0.6631226582407955,0.7485107481711007,-0.5000000000000004,0.8660254037844384,Home Decor,Clock,3895.49,6741.37,659.0,701.0,614.0,609.0,686.0,605.0,,657.5,686.75,667.1538461538462,35.538711287833735,85.34928236370827,-9.653846153846189,19.59615384615381,-0.014470194857604146,0.0,0.0,0
SKU026,2025-11-17,7,788.0,4,0,1,0,Black Friday,11,4,2025,47,-0.5680647467311559,0.8229838658936564,-0.5000000000000004,0.8660254037844384,Home Decor,Clock,3895.49,6741.37,658.0,659.0,656.0,626.0,706.0,640.0,,668.5,692.875,665.0,21.70253441421073,80.5985421704388,3.5,27.875,0.0052631578947368585,668.5,0.5714285714285714,0
SKU026,2025-11-24,7,835.0,7,0,1,0,Black Friday,11,4,2025,48,-0.4647231720437684,0.88545602565321,-0.5000000000000004,0.8660254037844384,Home Decor,Clock,3895.49,6741.37,788.0,658.0,701.0,788.0,611.0,620.0,,701.5,713.125,671.3076923076923,61.0491605183888,81.73902285409862,30.192307692307736,41.817307692307736,0.04497536381345246,701.5,1.0,0
SKU026,2025-12-01,7,686.0,0,0,0,0,No Promotion,12,4,2025,49,-0.35460488704253595,0.9350162426854147,-2.4492935982947064e-16,1.0,Home Decor,Clock,3895.49,6741.37,835.0,788.0,659.0,841.0,560.0,723.0,,735.0,719.0,688.5384615384615,90.39542761297906,89.23484265048684,46.46153846153845,30.461538461538453,0.0674784940230142,0.0,0.0,0
SKU026,2025-12-08,7,707.0,0,0,0,0,No Promotion,12,4,2025,50,-0.2393156642875578,0.970941817426052,-2.4492935982947064e-16,1.0,Home Decor,Clock,3895.49,6741.37,686.0,835.0,658.0,614.0,616.0,895.0,,741.75,699.625,698.2307692307693,83.57980218529676,74.58635934271092,43.51923076923072,1.3942307692307168,0.06232786162829118,0.0,0.0,0
SKU026,2025-12-15,7,935.0,7,0,1,0,Year End Sale,12,4,2025,51,-0.12053668025532363,0.992708874098054,-2.4492935982947064e-16,1.0,Home Decor,Clock,3895.49,6741.37,707.0,686.0,788.0,656.0,609.0,765.0,,754.0,711.25,705.2307692307693,69.64194138592063,66.09895179631391,48.76923076923072,6.019230769230717,0.06915357766143093,754.0,1.0,0
SKU026,2025-12-22,7,999.0,7,1,1,1,Year End Sale,12,4,2025,52,6.432490598706546e-16,1.0,-2.4492935982947064e-16,1.0,Home Decor,Clock,3895.49,6741.37,935.0,707.0,835.0,701.0,626.0,719.0,,790.75,746.125,730.3076923076923,116.55149076695676,98.46310041257661,60.442307692307736,15.817307692307736,0.08276279755635141,790.75,1.0,1
SKU026,2025-12-29,7,805.0,3,0,1,0,Year End Sale,12,4,2025,1,0.12053668025532305,0.992708874098054,-2.4492935982947064e-16,1.0,Home Decor,Clock,3895.49,6741.37,999.0,935.0,686.0,659.0,788.0,683.0,,831.75,783.375,759.0,158.57569170588536,130.20526377334258,72.75,24.375,0.0958498023715415,831.75,0.42857142857142855,0
SKU026,2026-01-05,7,710.0,0,0,0,0,No Promotion,1,1,2026,2,0.23931566428755774,0.970941817426052,0.49999999999999994,0.8660254037844387,Home Decor,Clock,3895.49,6741.37,805.0,999.0,707.0,658.0,841.0,660.0,702.0,861.5,801.625,760.3076923076923,130.85742877905966,120.12367139149316,101.19230769230774,41.317307692307736,0.13309388911371922,0.0,0.0,0
SKU026,2026-01-12,7,808.0,0,0,0,0,No Promotion,1,1,2026,3,0.3546048870425356,0.9350162426854148,0.49999999999999994,0.8660254037844387,Home Decor,Clock,3895.49,6741.37,710.0,805.0,935.0,788.0,614.0,724.0,703.0,862.25,808.125,750.2307692307693,129.68005500718553,112.40035269390523,112.01923076923072,57.89423076923072,0.14931303188762435,0.0,0.0,0
SKU026,2026-01-19,7,725.0,0,0,0,0,No Promotion,1,1,2026,4,0.4647231720437685,0.8854560256532099,0.49999999999999994,0.8660254037844387,Home Decor,Clock,3895.49,6741.37,808.0,710.0,999.0,835.0,656.0,656.0,709.0,830.5,810.625,765.1538461538462,121.20093508990213,112.11083482747905,65.34615384615381,45.47115384615381,0.08540263395998782,0.0,0.0,0
SKU026,2026-01-26,7,1441.0,0,1,0,1,No Promotion,1,1,2026,5,0.5680647467311558,0.8229838658936564,0.49999999999999994,0.8660254037844387,Home Decor,Clock,3895.49,6741.37,725.0,808.0,805.0,686.0,701.0,680.0,637.0,762.0,796.875,770.4615384615385,51.76227712662319,115.39180151615132,-8.461538461538453,26.413461538461547,-0.01098242811501593,0.0,0.0,0
SKU026,2026-02-02,7,711.0,0,0,0,0,No Promotion,2,1,2026,6,0.6631226582407952,0.7485107481711011,0.8660254037844386,0.5000000000000001,Home Decor,Clock,3895.49,6741.37,1441.0,725.0,710.0,707.0,659.0,772.0,664.0,921.0,891.25,827.3846153846154,349.3355597893426,246.27438240420264,93.61538461538464,63.86538461538464,0.11314615098549652,0.0,0.0,0
SKU026,2026-02-09,7,741.0,0,0,0,0,No Promotion,2,1,2026,7,0.7485107481711011,0.6631226582407953,0.8660254037844386,0.5000000000000001,Home Decor,Clock,3895.49,6741.37,711.0,1441.0,808.0,935.0,658.0,686.0,631.0,921.25,891.75,831.3846153846154,349.1345251714111,245.85056436786965,89.86538461538464,60.36538461538464,0.10809122871946708,0.0,0.0,0
SKU026,2026-02-16,7,732.0,0,0,0,0,No Promotion,2,1,2026,8,0.8229838658936564,0.5680647467311559,0.8660254037844386,0.5000000000000001,Home Decor,Clock,3895.49,6741.37,741.0,711.0,725.0,999.0,788.0,706.0,725.0,904.5,867.5,837.7692307692307,357.87660815798887,250.49893070772637,66.73076923076928,29.730769230769283,0.07965292443301819,0.0,0.0,0
SKU026,2026-02-23,7,717.0,0,0,0,0,No Promotion,2,1,2026,9,0.8854560256532099,0.4647231720437686,0.8660254037844386,0.5000000000000001,Home Decor,Clock,3895.49,6741.37,732.0,741.0,1441.0,805.0,835.0,611.0,589.0,906.25,834.125,833.4615384615385,356.72153004829977,248.25242769637293,72.78846153846155,0.6634615384615472,0.08733271804337805,0.0,0.0,0
SKU026,2026-03-02,7,703.0,0,0,0,0,No Promotion,3,1,2026,10,0.9350162426854148,0.35460488704253557,1.0,6.123233995736766e-17,Home Decor,Clock,3895.49,6741.37,717.0,732.0,711.0,710.0,686.0,560.0,527.0,725.25,823.125,824.3846153846154,13.720422734013656,251.65363810489328,-99.13461538461536,-1.2596153846153584,-0.1202528692731174,0.0,0.0,0
SKU026,2026-03-09,7,715.0,1,0,1,0,Spring Sale,3,1,2026,11,0.970941817426052,0.23931566428755804,1.0,6.123233995736766e-17,Home Decor,Clock,3895.49,6741.37,703.0,717.0,741.0,808.0,707.0,616.0,633.0,723.25,822.25,825.6923076923077,16.740669042784365,252.1149114420418,-102.44230769230774,-3.442307692307736,-0.12406838084591021,723.25,0.14285714285714285,0
SKU026,2026-03-16,7,937.0,7,0,1,0,Spring Sale,3,1,2026,12,0.992708874098054,0.120536680255323,1.0,6.123233995736766e-17,Home Decor,Clock,3895.49,6741.37,715.0,703.0,732.0,725.0,935.0,609.0,716.0,716.75,810.625,826.3076923076923,11.898879499069329,254.9935223266886,-109.55769230769226,-15.682692307692264,-0.13258704151927014,716.75,1.0,0
SKU026,2026-03-23,7,752.0,3,0,1,0,Spring Sale,3,1,2026,13,1.0,-1.6081226496766366e-16,1.0,6.123233995736766e-17,Home Decor,Clock,3895.49,6741.37,937.0,715.0,717.0,1441.0,999.0,626.0,700.0,768.0,837.125,826.4615384615385,112.83616441549243,255.83836275496856,-58.46153846153845,10.663461538461547,-0.07073715562174232,768.0,0.42857142857142855,0
SKU026,2026-03-30,7,673.0,0,0,0,0,No Promotion,3,1,2026,14,0.992708874098054,-0.12053668025532288,1.0,6.123233995736766e-17,Home Decor,Clock,3895.49,6741.37,752.0,937.0,703.0,711.0,805.0,788.0,607.0,776.75,751.0,807.4615384615385,108.84966697238923,76.91739539457724,-30.711538461538453,-56.46153846153845,-0.038034676574259296,0.0,0.0,0
SKU026,2026-04-06,7,696.0,0,0,0,0,No Promotion,4,2,2026,15,0.9709418174260521,-0.2393156642875575,0.8660254037844387,-0.4999999999999998,Home Decor,Clock,3895.49,6741.37,673.0,752.0,715.0,741.0,710.0,841.0,599.0,769.25,746.25,797.3076923076923,116.39695013186575,80.81504456826988,-28.057692307692264,-51.057692307692264,-0.03519054510371433,0.0,0.0,0
SKU026,2026-04-13,7,756.0,0,0,0,0,No Promotion,4,2,2026,16,0.9350162426854148,-0.35460488704253545,0.8660254037844387,-0.4999999999999998,Home Decor,Clock,3895.49,6741.37,696.0,673.0,937.0,732.0,808.0,614.0,645.0,764.5,740.625,796.2307692307693,119.68987704341043,82.77497465159048,-31.730769230769283,-55.60576923076928,-0.0398512221041446,0.0,0.0,0
SKU026,2026-04-20,7,774.0,0,0,0,0,No Promotion,4,2,2026,17,0.8854560256532099,-0.4647231720437685,0.8660254037844387,-0.4999999999999998,Home Decor,Clock,3895.49,6741.37,756.0,696.0,752.0,717.0,725.0,656.0,572.0,719.25,743.625,792.2307692307693,41.24217097421895,82.85260147652933,-72.98076923076928,-48.60576923076928,-0.09212059423244978,0.0,0.0,0
SKU026,2026-04-27,7,644.0,0,0,0,0,No Promotion,4,2,2026,18,0.8229838658936565,-0.5680647467311557,0.8660254037844387,-0.4999999999999998,Home Decor,Clock,3895.49,6741.37,774.0,756.0,673.0,703.0,1441.0,701.0,591.0,724.75,750.75,796.0,47.981767370534,82.68658554186071,-71.25,-45.25,-0.08951005025125625,0.0,0.0,0
SKU026,2026-05-04,7,652.0,0,0,0,0,No Promotion,5,2,2026,19,0.7485107481711013,-0.663122658240795,0.49999999999999994,-0.8660254037844387,Home Decor,Clock,3895.49,6741.37,644.0,774.0,696.0,715.0,711.0,659.0,632.0,717.5,743.375,734.6923076923077,59.27056605095012,89.87282681656352,-17.192307692307736,8.682692307692264,-0.023400691027117615,0.0,0.0,0
SKU026,2026-05-11,7,751.0,0,0,0,0,No Promotion,5,2,2026,20,0.6631226582407952,-0.7485107481711012,0.49999999999999994,-0.8660254037844387,Home Decor,Clock,3895.49,6741.37,652.0,644.0,756.0,937.0,741.0,658.0,605.0,706.5,735.5,730.1538461538462,68.02695544169758,95.31002045955094,-23.65384615384619,5.346153846153811,-0.03239570164348926,0.0,0.0,0
SKU026,2026-05-18,7,713.0,0,0,0,0,No Promotion,5,2,2026,21,0.5680647467311558,-0.8229838658936564,0.49999999999999994,-0.8660254037844387,Home Decor,Clock,3895.49,6741.37,751.0,652.0,774.0,752.0,732.0,788.0,640.0,705.25,712.25,730.9230769230769,66.84995636996862,51.96358615140321,-25.673076923076906,-18.673076923076906,-0.0351241843822353,0.0,0.0,0
SKU026,2026-05-25,7,750.0,0,0,0,0,No Promotion,5,2,2026,22,0.46472317204376906,-0.8854560256532096,0.49999999999999994,-0.8660254037844387,Home Decor,Clock,3895.49,6741.37,713.0,751.0,644.0,673.0,717.0,835.0,620.0,690.0,707.375,729.4615384615385,51.02287068887222,49.47131203319488,-39.46153846153845,-22.086538461538453,-0.054096804808604904,0.0,0.0,0
SKU026,2026-06-01,7,870.0,0,0,0,0,No Promotion,6,2,2026,23,0.35460488704253584,-0.9350162426854147,1.2246467991473532e-16,-1.0,Home Decor,Clock,3895.49,6741.37,750.0,713.0,652.0,696.0,703.0,686.0,723.0,716.5,717.0,732.0,46.49372717546645,49.318208749768395,-15.5,-15.0,-0.021174863387978138,0.0,0.0,0
SKU026,2026-06-08,7,957.0,5,0,1,0,Summer Sale,6,2,2026,24,0.23931566428755768,-0.970941817426052,1.2246467991473532e-16,-1.0,Home Decor,Clock,3895.49,6741.37,870.0,750.0,751.0,756.0,715.0,707.0,895.0,771.0,738.75,744.8461538461538,68.32764203941701,71.92208085341895,26.15384615384619,-6.096153846153811,0.03511308478777253,771.0,0.7142857142857143,0
SKU026,2026-06-15,7,1054.0,6,0,1,0,Summer Sale,6,2,2026,25,0.12053668025532308,-0.992708874098054,1.2246467991473532e-16,-1.0,Home Decor,Clock,3895.49,6741.37,957.0,870.0,713.0,774.0,937.0,935.0,765.0,822.5,763.875,763.4615384615385,111.94194924156021,105.89406768761218,59.03846153846155,0.4134615384615472,0.07732997481108317,822.5,0.8571428571428571,0
SKU026,2026-06-22,7,821.0,0,0,0,0,No Promotion,6,2,2026,26,-3.216245299353273e-16,-1.0,1.2246467991473532e-16,-1.0,Home Decor,Clock,3895.49,6741.37,1054.0,957.0,750.0,644.0,752.0,999.0,719.0,907.75,798.875,772.4615384615385,129.26039610027522,147.7279715268188,135.28846153846155,26.413461538461547,0.17513941445927106,0.0,0.0,0
SKU027,2025-01-06,7,273.0,3,0,1,0,New Year Sale,1,1,2025,2,0.23931566428755774,0.970941817426052,0.49999999999999994,0.8660254037844387,Small Appliances,Toaster,2928.27,4221.74,,,,,,,,,,,,,,,,,0.42857142857142855,0
SKU027,2025-01-13,7,245.0,3,0,1,0,New Year Sale,1,1,2025,3,0.3546048870425356,0.9350162426854148,0.49999999999999994,0.8660254037844387,Small Appliances,Toaster,2928.27,4221.74,273.0,,,,,,,,,,,,,,,,0.42857142857142855,0
SKU027,2025-01-20,7,254.0,0,1,0,1,No Promotion,1,1,2025,4,0.4647231720437685,0.8854560256532099,0.49999999999999994,0.8660254037844387,Small Appliances,Toaster,2928.27,4221.74,245.0,273.0,,,,,,,,,,,,,,,0.0,0
SKU027,2025-01-27,7,231.0,0,0,0,0,No Promotion,1,1,2025,5,0.5680647467311558,0.8229838658936564,0.49999999999999994,0.8660254037844387,Small Appliances,Toaster,2928.27,4221.74,254.0,245.0,,,,,,,,,,,,,,,0.0,0
SKU027,2025-02-03,7,254.0,0,0,0,0,No Promotion,2,1,2025,6,0.6631226582407952,0.7485107481711011,0.8660254037844386,0.5000000000000001,Small Appliances,Toaster,2928.27,4221.74,231.0,254.0,273.0,,,,,250.75,,,17.59498034478394,,,,,0.0,0.0,0
SKU027,2025-02-10,7,239.0,0,0,0,0,No Promotion,2,1,2025,7,0.7485107481711011,0.6631226582407953,0.8660254037844386,0.5000000000000001,Small Appliances,Toaster,2928.27,4221.74,254.0,231.0,245.0,,,,,246.0,,,10.86278049120021,,,,,0.0,0.0,0
SKU027,2025-02-17,7,202.0,0,0,0,0,No Promotion,2,1,2025,8,0.8229838658936564,0.5680647467311559,0.8660254037844386,0.5000000000000001,Small Appliances,Toaster,2928.27,4221.74,239.0,254.0,254.0,,,,,244.5,,,11.445523142259592,,,,,0.0,0.0,0
SKU027,2025-02-24,7,241.0,0,0,0,0,No Promotion,2,1,2025,9,0.8854560256532099,0.4647231720437686,0.8660254037844386,0.5000000000000001,Small Appliances,Toaster,2928.27,4221.74,202.0,239.0,231.0,,,,,231.5,,,21.855586623714007,,,,,0.0,0.0,0
SKU027,2025-03-03,7,214.0,0,0,0,0,No Promotion,3,1,2025,10,0.9350162426854148,0.35460488704253557,1.0,6.123233995736766e-17,Small Appliances,Toaster,2928.27,4221.74,241.0,202.0,254.0,273.0,,,,234.0,242.375,,22.345767682792495,20.66008919908832,,,,0.0,0.0,0
SKU027,2025-03-10,7,233.0,0,0,0,0,No Promotion,3,1,2025,11,0.970941817426052,0.23931566428755804,1.0,6.123233995736766e-17,Small Appliances,Toaster,2928.27,4221.74,214.0,241.0,239.0,245.0,,,,224.0,235.0,,19.131126469708995,18.593393604027366,,,,0.0,0.0,0
SKU027,2025-03-17,7,239.0,4,0,1,0,Spring Sale,3,1,2025,12,0.992708874098054,0.120536680255323,1.0,6.123233995736766e-17,Small Appliances,Toaster,2928.27,4221.74,233.0,214.0,202.0,254.0,,,,222.5,233.5,,17.748239349298853,18.15016725621479,,,,222.5,0.5714285714285714,0
SKU027,2025-03-24,7,266.0,4,0,1,0,Spring Sale,3,1,2025,13,1.0,-1.6081226496766366e-16,1.0,6.123233995736766e-17,Small Appliances,Toaster,2928.27,4221.74,239.0,233.0,241.0,231.0,,,,231.75,231.625,,12.311918344975059,16.42243674280491,,,,231.75,0.5714285714285714,0
SKU027,2025-03-31,7,234.0,0,0,0,0,No Promotion,3,1,2025,14,0.992708874098054,-0.12053668025532288,1.0,6.123233995736766e-17,Small Appliances,Toaster,2928.27,4221.74,266.0,239.0,214.0,254.0,,,,238.0,236.0,,21.494185260204677,20.410081542498272,,,,0.0,0.0,0
SKU027,2025-04-07,7,195.0,0,0,0,0,No Promotion,4,2,2025,15,0.9709418174260521,-0.2393156642875575,0.8660254037844387,-0.4999999999999998,Small Appliances,Toaster,2928.27,4221.74,234.0,266.0,233.0,239.0,273.0,,,243.0,233.5,240.3846153846154,15.556349186104049,19.07129480958977,2.615384615384613,-6.884615384615387,0.01088,0.0,0.0,0
SKU027,2025-04-14,7,235.0,0,0,0,0,No Promotion,4,2,2025,16,0.9350162426854148,-0.35460488704253545,0.8660254037844387,-0.4999999999999998,Small Appliances,Toaster,2928.27,4221.74,195.0,234.0,239.0,202.0,245.0,,,233.5,228.0,234.3846153846154,29.263173671584795,23.164011495667772,-0.8846153846153868,-6.384615384615387,-0.003774204135215009,0.0,0.0,0
SKU027,2025-04-21,7,201.0,0,0,0,0,No Promotion,4,2,2025,17,0.8854560256532099,-0.4647231720437685,0.8660254037844387,-0.4999999999999998,Small Appliances,Toaster,2928.27,4221.74,235.0,195.0,266.0,241.0,254.0,,,232.5,232.125,233.6153846153846,29.080348461919552,20.677368580856015,-1.1153846153846132,-1.4903846153846132,-0.004774448468883752,0.0,0.0,0
SKU027,2025-04-28,7,182.0,0,0,0,0,No Promotion,4,2,2025,18,0.8229838658936565,-0.5680647467311557,0.8660254037844387,-0.4999999999999998,Small Appliances,Toaster,2928.27,4221.74,201.0,235.0,234.0,214.0,231.0,,,216.25,227.125,229.53846153846155,21.219095173922952,22.937414849978193,-13.288461538461547,-2.413461538461547,-0.05789209115281502,0.0,0.0,0
SKU027,2025-05-05,7,220.0,0,0,0,0,No Promotion,5,2,2025,19,0.7485107481711013,-0.663122658240795,0.49999999999999994,-0.8660254037844387,Small Appliances,Toaster,2928.27,4221.74,182.0,201.0,195.0,233.0,254.0,,,203.25,223.125,225.76923076923077,22.60346581094738,27.823101911900476,-22.519230769230774,-2.6442307692307736,-0.09974446337308351,0.0,0.0,0
SKU027,2025-05-12,7,193.0,0,0,0,0,No Promotion,5,2,2025,20,0.6631226582407952,-0.7485107481711012,0.49999999999999994,-0.8660254037844387,Small Appliances,Toaster,2928.27,4221.74,220.0,182.0,235.0,239.0,239.0,,,209.5,221.5,223.15384615384616,23.014488190413164,27.542175450959363,-13.65384615384616,-1.6538461538461604,-0.06118579800068946,0.0,0.0,0
SKU027,2025-05-19,7,211.0,0,0,0,0,No Promotion,5,2,2025,21,0.5680647467311558,-0.8229838658936564,0.49999999999999994,-0.8660254037844387,Small Appliances,Toaster,2928.27,4221.74,193.0,220.0,201.0,266.0,202.0,,,199.0,215.75,219.6153846153846,16.020819787597237,28.161523903571492,-20.615384615384613,-3.865384615384613,-0.09387040280210157,0.0,0.0,0
SKU027,2025-05-26,7,230.0,0,0,0,0,No Promotion,5,2,2025,22,0.46472317204376906,-0.8854560256532096,0.49999999999999994,-0.8660254037844387,Small Appliances,Toaster,2928.27,4221.74,211.0,193.0,182.0,234.0,241.0,,,201.5,208.875,220.30769230769232,17.17556403731768,19.533396310641205,-18.80769230769232,-11.43269230769232,-0.08537011173184361,0.0,0.0,0
SKU027,2025-06-02,7,267.0,0,0,0,0,No Promotion,6,2,2025,23,0.35460488704253584,-0.9350162426854147,1.2246467991473532e-16,-1.0,Small Appliances,Toaster,2928.27,4221.74,230.0,211.0,220.0,195.0,214.0,,,213.5,208.375,219.46153846153845,15.716233645501726,18.83717828429422,-5.961538461538453,-11.086538461538453,-0.027164388363126513,0.0,0.0,0
SKU027,2025-06-09,7,303.0,6,0,1,0,Summer Sale,6,2,2025,24,0.23931566428755768,-0.970941817426052,1.2246467991473532e-16,-1.0,Small Appliances,Toaster,2928.27,4221.74,267.0,230.0,193.0,235.0,233.0,,,225.25,217.375,223.53846153846155,31.668859573193775,26.975848987037065,1.7115384615384528,-6.163461538461547,0.0076565726083963614,225.25,0.8571428571428571,0
SKU027,2025-06-16,7,291.0,5,0,1,0,Summer Sale,6,2,2025,25,0.12053668025532308,-0.992708874098054,1.2246467991473532e-16,-1.0,Small Appliances,Toaster,2928.27,4221.74,303.0,267.0,211.0,201.0,239.0,,,252.75,225.875,228.92307692307693,40.778875250142285,40.597105808173076,23.826923076923066,-3.048076923076934,0.10408266129032251,252.75,0.7142857142857143,0
SKU027,2025-06-23,7,270.0,0,0,0,0,No Promotion,6,2,2025,26,-3.216245299353273e-16,-1.0,1.2246467991473532e-16,-1.0,Small Appliances,Toaster,2928.27,4221.74,291.0,303.0,230.0,182.0,266.0,,,272.75,237.125,232.92307692307693,32.190837205639745,44.95533497658696,39.826923076923066,4.201923076923066,0.17098745046235142,0.0,0.0,0
SKU027,2025-06-30,7,269.0,0,0,0,0,No Promotion,6,2,2025,27,-0.12053668025532283,-0.992708874098054,1.2246467991473532e-16,-1.0,Small Appliances,Toaster,2928.27,4221.74,270.0,291.0,267.0,220.0,234.0,,,282.75,248.125,233.23076923076923,17.211914478058507,40.03725943239801,49.519230769230774,14.894230769230774,0.21231860158311355,0.0,0.0,0
SKU027,2025-07-07,7,261.0,0,0,0,0,No Promotion,7,3,2025,28,-0.23931566428755743,-0.9709418174260521,-0.4999999999999997,-0.8660254037844388,Small Appliances,Toaster,2928.27,4221.74,269.0,270.0,303.0,193.0,195.0,273.0,,283.25,254.25,235.92307692307693,16.62077013859466,38.850445851458936,47.326923076923066,18.326923076923066,0.20060319530485815,0.0,0.0,0
SKU027,2025-07-14,7,248.0,0,0,0,0,No Promotion,7,3,2025,29,-0.3546048870425356,-0.9350162426854148,-0.4999999999999997,-0.8660254037844388,Small Appliances,Toaster,2928.27,4221.74,261.0,269.0,291.0,211.0,235.0,245.0,,272.75,262.75,241.0,12.816005617976305,29.95591999684108,31.75,21.75,0.1317427385892116,0.0,0.0,0
SKU027,2025-07-21,7,249.0,0,0,0,0,No Promotion,7,3,2025,30,-0.46472317204376806,-0.8854560256532101,-0.4999999999999997,-0.8660254037844388,Small Appliances,Toaster,2928.27,4221.74,248.0,261.0,270.0,230.0,201.0,254.0,,262.0,267.375,242.0,10.165300454651291,22.83441950840254,20.0,25.375,0.0826446280991735,0.0,0.0,0
SKU027,2025-07-28,7,248.0,0,0,0,0,No Promotion,7,3,2025,31,-0.5680647467311556,-0.8229838658936566,-0.4999999999999997,-0.8660254037844388,Small Appliances,Toaster,2928.27,4221.74,249.0,248.0,269.0,267.0,182.0,231.0,,256.75,269.75,245.69230769230768,10.078855755160586,19.069422045328416,11.05769230769232,24.05769230769232,0.04500626174076405,0.0,0.0,0
SKU027,2025-08-04,7,234.0,0,0,0,0,No Promotion,8,3,2025,32,-0.663122658240795,-0.7485107481711013,-0.8660254037844385,-0.5000000000000004,Small Appliances,Toaster,2928.27,4221.74,248.0,249.0,261.0,303.0,220.0,254.0,,251.5,267.375,250.76923076923077,6.350852961085905,20.583887596161926,0.7307692307692264,16.605769230769226,0.0029141104294478914,0.0,0.0,0
SKU027,2025-08-11,7,263.0,0,1,0,1,No Promotion,8,3,2025,33,-0.7485107481711011,-0.6631226582407952,-0.8660254037844385,-0.5000000000000004,Small Appliances,Toaster,2928.27,4221.74,234.0,248.0,248.0,291.0,193.0,239.0,,244.75,258.75,251.84615384615384,7.182153808805104,17.7904468746572,-7.09615384615384,6.90384615384616,-0.02817654245571166,0.0,0.0,0
SKU027,2025-08-18,7,237.0,0,0,0,0,No Promotion,8,3,2025,34,-0.8229838658936564,-0.5680647467311559,-0.8660254037844385,-0.5000000000000004,Small Appliances,Toaster,2928.27,4221.74,263.0,234.0,249.0,270.0,211.0,202.0,,248.5,255.25,257.2307692307692,11.84623709594459,12.509996003196811,-8.730769230769226,-1.9807692307692264,-0.03394138755980858,0.0,0.0,0
SKU027,2025-08-25,7,243.0,0,0,0,0,No Promotion,8,3,2025,35,-0.8854560256532096,-0.4647231720437691,-0.8660254037844385,-0.5000000000000004,Small Appliances,Toaster,2928.27,4221.74,237.0,263.0,248.0,269.0,230.0,241.0,,245.5,251.125,259.2307692307692,13.127579111676827,12.39167347167329,-13.730769230769226,-8.105769230769226,-0.05296735905044514,0.0,0.0,0
SKU027,2025-09-01,7,252.0,0,0,0,0,No Promotion,9,3,2025,36,-0.9350162426854147,-0.3546048870425359,-1.0,-1.8369701987210297e-16,Small Appliances,Toaster,2928.27,4221.74,243.0,237.0,234.0,261.0,267.0,214.0,,244.25,247.875,260.2307692307692,13.047988350699903,10.260012531320676,-15.980769230769226,-12.355769230769226,-0.06140999113213119,0.0,0.0,0
SKU027,2025-09-08,7,204.0,0,0,0,0,No Promotion,9,3,2025,37,-0.970941817426052,-0.23931566428755774,-1.0,-1.8369701987210297e-16,Small Appliances,Toaster,2928.27,4221.74,252.0,243.0,263.0,248.0,303.0,233.0,,248.75,246.75,259.0769230769231,11.324751652906144,9.035643703846302,-10.326923076923094,-12.326923076923094,-0.03986045130641336,0.0,0.0,0
SKU027,2025-09-15,7,208.0,0,0,0,0,No Promotion,9,3,2025,38,-0.992708874098054,-0.12053668025532357,-1.0,-1.8369701987210297e-16,Small Appliances,Toaster,2928.27,4221.74,204.0,252.0,237.0,249.0,291.0,239.0,,234.0,241.25,251.46153846153845,20.92844953645636,17.547893646491357,-17.461538461538453,-10.211538461538453,-0.06944019577852556,0.0,0.0,0
SKU027,2025-09-22,7,224.0,0,0,0,0,No Promotion,9,3,2025,39,-1.0,-1.8369701987210297e-16,-1.0,-1.8369701987210297e-16,Small Appliances,Toaster,2928.27,4221.74,208.0,204.0,243.0,248.0,270.0,266.0,,226.75,236.125,245.07692307692307,24.295061226512694,20.67045856150408,-18.326923076923066,-8.951923076923066,-0.07478028876333953,0.0,0.0,0
SKU027,2025-09-29,7,257.0,5,1,1,1,Festive Sale,9,3,2025,40,-0.992708874098054,0.1205366802553232,-1.0,-1.8369701987210297e-16,Small Appliances,Toaster,2928.27,4221.74,224.0,208.0,252.0,234.0,269.0,234.0,,222.0,233.125,241.53846153846155,21.786846184490933,20.44111752606217,-19.538461538461547,-8.413461538461547,-0.08089171974522291,222.0,0.7142857142857143,1
SKU027,2025-10-06,7,261.0,5,0,1,0,Festive Sale,10,4,2025,41,-0.9709418174260521,0.23931566428755738,-0.8660254037844386,0.5000000000000001,Small Appliances,Toaster,2928.27,4221.74,257.0,224.0,204.0,263.0,261.0,195.0,,223.25,236.0,240.6153846153846,24.10221289978717,22.129489052264308,-17.365384615384613,-4.615384615384613,-0.07217071611253201,223.25,0.7142857142857143,0
SKU027,2025-10-13,7,203.0,0,0,0,0,No Promotion,10,4,2025,42,-0.9350162426854148,0.35460488704253557,-0.8660254037844386,0.5000000000000001,Small Appliances,Toaster,2928.27,4221.74,261.0,257.0,208.0,237.0,248.0,235.0,,237.5,235.75,240.6153846153846,25.722882160960644,21.7895781116963,-3.115384615384613,-4.865384615384613,-0.01294757033248084,0.0,0.0,0
SKU027,2025-10-20,7,206.0,0,0,0,0,No Promotion,10,4,2025,43,-0.8854560256532101,0.464723172043768,-0.8660254037844386,0.5000000000000001,Small Appliances,Toaster,2928.27,4221.74,203.0,261.0,224.0,243.0,249.0,201.0,,236.25,231.5,237.15384615384616,27.68122107133283,24.640269015229062,-0.9038461538461604,-5.65384615384616,-0.0038112228349010957,0.0,0.0,0
SKU027,2025-10-27,7,221.0,0,1,0,1,No Promotion,10,4,2025,44,-0.822983865893657,0.5680647467311548,-0.8660254037844386,0.5000000000000001,Small Appliances,Toaster,2928.27,4221.74,206.0,203.0,257.0,252.0,248.0,182.0,,231.75,226.875,233.84615384615384,31.53173005085513,25.62608882704165,-2.0961538461538396,-6.97115384615384,-0.008963815789473695,0.0,0.0,0
SKU027,2025-11-03,7,196.0,0,0,0,0,No Promotion,11,4,2025,45,-0.7485107481711011,0.6631226582407952,-0.5000000000000004,0.8660254037844384,Small Appliances,Toaster,2928.27,4221.74,221.0,206.0,261.0,204.0,234.0,220.0,,222.75,223.0,231.76923076923077,26.68801229016505,23.543273227945907,-9.019230769230774,-8.769230769230774,-0.038914702953866565,0.0,0.0,0
SKU027,2025-11-10,7,243.0,0,0,0,0,No Promotion,11,4,2025,46,-0.6631226582407955,0.7485107481711007,-0.5000000000000004,0.8660254037844384,Small Appliances,Toaster,2928.27,4221.74,196.0,221.0,203.0,208.0,263.0,193.0,,206.5,222.0,228.84615384615384,10.535653752852774,24.611263391266323,-22.34615384615384,-6.84615384615384,-0.09764705882352942,0.0,0.0,0
SKU027,2025-11-17,7,268.0,4,0,1,0,Black Friday,11,4,2025,47,-0.5680647467311559,0.8229838658936564,-0.5000000000000004,0.8660254037844384,Small Appliances,Toaster,2928.27,4221.74,243.0,196.0,206.0,224.0,237.0,211.0,,216.5,226.375,227.30769230769232,20.436894741292463,24.876480573310324,-10.80769230769232,-0.9326923076923208,-0.04754653130287656,216.5,0.5714285714285714,0
SKU027,2025-11-24,7,330.0,7,0,1,0,Black Friday,11,4,2025,48,-0.4647231720437684,0.88545602565321,-0.5000000000000004,0.8660254037844384,Small Appliances,Toaster,2928.27,4221.74,268.0,243.0,221.0,257.0,243.0,230.0,,232.0,231.875,229.69230769230768,30.73543015262138,28.826760880423993,2.307692307692321,2.182692307692321,0.010046885465505806,232.0,1.0,0
SKU027,2025-12-01,7,261.0,0,0,0,0,No Promotion,12,4,2025,49,-0.35460488704253595,0.9350162426854147,-2.4492935982947064e-16,1.0,Small Appliances,Toaster,2928.27,4221.74,330.0,268.0,196.0,261.0,252.0,267.0,,259.25,241.0,236.3846153846154,55.81741066489321,44.957122429520076,22.865384615384613,4.615384615384613,0.09672958021477385,0.0,0.0,0
SKU027,2025-12-08,7,256.0,0,0,0,0,No Promotion,12,4,2025,50,-0.2393156642875578,0.970941817426052,-2.4492935982947064e-16,1.0,Small Appliances,Toaster,2928.27,4221.74,261.0,330.0,243.0,203.0,204.0,303.0,,275.5,241.0,237.07692307692307,37.8285606387555,44.957122429520076,38.423076923076934,3.923076923076934,0.16207008436080472,0.0,0.0,0
SKU027,2025-12-15,7,326.0,7,0,1,0,Year End Sale,12,4,2025,51,-0.12053668025532363,0.992708874098054,-2.4492935982947064e-16,1.0,Small Appliances,Toaster,2928.27,4221.74,256.0,261.0,268.0,206.0,208.0,291.0,,278.75,247.625,241.07692307692307,34.51931826287036,42.38914112970781,37.673076923076934,6.548076923076934,0.1562699425654117,278.75,1.0,0
SKU027,2025-12-22,7,427.0,7,1,1,1,Year End Sale,12,4,2025,52,6.432490598706546e-16,1.0,-2.4492935982947064e-16,1.0,Small Appliances,Toaster,2928.27,4221.74,326.0,256.0,330.0,221.0,224.0,270.0,,293.25,262.625,250.15384615384616,40.2109023358923,46.580000306692014,43.09615384615384,12.47115384615384,0.17227859778597776,293.25,1.0,1
SKU027,2025-12-29,7,277.0,3,0,1,0,Year End Sale,12,4,2025,1,0.12053668025532305,0.992708874098054,-2.4492935982947064e-16,1.0,Small Appliances,Toaster,2928.27,4221.74,427.0,326.0,261.0,196.0,257.0,269.0,,317.5,288.375,265.7692307692308,79.65969286073522,70.88207006812694,51.730769230769226,22.605769230769226,0.19464544138929085,317.5,0.42857142857142855,0
SKU027,2026-01-05,7,286.0,0,0,0,0,No Promotion,1,1,2026,2,0.23931566428755774,0.970941817426052,0.49999999999999994,0.8660254037844387,Small Appliances,Toaster,2928.27,4221.74,277.0,427.0,256.0,243.0,261.0,261.0,273.0,321.5,298.5,267.3076923076923,76.20367445208927,60.881618150074075,54.19230769230768,31.19230769230768,0.20273381294964032,0.0,0.0,0
SKU027,2026-01-12,7,272.0,0,0,0,0,No Promotion,1,1,2026,3,0.3546048870425356,0.9350162426854148,0.49999999999999994,0.8660254037844387,Small Appliances,Toaster,2928.27,4221.74,286.0,277.0,326.0,268.0,203.0,248.0,245.0,329.0,303.875,269.2307692307692,68.71681017043794,57.0599621951705,59.769230769230774,34.644230769230774,0.22199999999999998,0.0,0.0,0
SKU027,2026-01-19,7,292.0,0,0,0,0,No Promotion,1,1,2026,4,0.4647231720437685,0.8854560256532099,0.49999999999999994,0.8660254037844387,Small Appliances,Toaster,2928.27,4221.74,272.0,286.0,427.0,330.0,206.0,249.0,254.0,315.5,304.375,274.53846153846155,74.55870170543477,56.717186863545045,40.96153846153845,29.836538461538453,0.1492014569907536,0.0,0.0,0
SKU027,2026-01-26,7,228.0,0,1,0,1,No Promotion,1,1,2026,5,0.5680647467311558,0.8229838658936564,0.49999999999999994,0.8660254037844387,Small Appliances,Toaster,2928.27,4221.74,292.0,272.0,277.0,261.0,221.0,248.0,231.0,281.75,299.625,281.15384615384613,8.958236433584553,55.84912711940985,0.596153846153868,18.471153846153868,0.0021203830369358467,0.0,0.0,0
SKU027,2026-02-02,7,280.0,0,0,0,0,No Promotion,2,1,2026,6,0.6631226582407952,0.7485107481711011,0.8660254037844386,0.5000000000000001,Small Appliances,Toaster,2928.27,4221.74,228.0,292.0,286.0,256.0,196.0,234.0,254.0,269.5,295.5,281.6923076923077,28.907899727698453,60.16168690644048,-12.19230769230768,13.80769230769232,-0.043282359366466405,0.0,0.0,0
SKU027,2026-02-09,7,289.0,0,0,0,0,No Promotion,2,1,2026,7,0.7485107481711011,0.6631226582407953,0.8660254037844386,0.5000000000000001,Small Appliances,Toaster,2928.27,4221.74,280.0,228.0,272.0,326.0,243.0,263.0,239.0,268.0,298.5,288.15384615384613,27.90459938194183,58.48565147599391,-20.153846153846132,10.346153846153868,-0.06994127068873457,0.0,0.0,0
SKU027,2026-02-16,7,283.0,0,0,0,0,No Promotion,2,1,2026,8,0.8229838658936564,0.5680647467311559,0.8660254037844386,0.5000000000000001,Small Appliances,Toaster,2928.27,4221.74,289.0,280.0,292.0,427.0,268.0,237.0,202.0,272.25,293.875,291.6923076923077,29.93743475984543,57.45417428574832,-19.44230769230768,2.182692307692321,-0.06665348101265822,0.0,0.0,0
SKU027,2026-02-23,7,262.0,0,0,0,0,No Promotion,2,1,2026,9,0.8854560256532099,0.4647231720437686,0.8660254037844386,0.5000000000000001,Small Appliances,Toaster,2928.27,4221.74,283.0,289.0,228.0,277.0,330.0,243.0,241.0,270.0,275.875,292.84615384615387,28.248893783651095,20.392137840704343,-22.846153846153868,-16.971153846153868,-0.07801418439716323,0.0,0.0,0
SKU027,2026-03-02,7,239.0,0,0,0,0,No Promotion,3,1,2026,10,0.9350162426854148,0.35460488704253557,1.0,6.123233995736766e-17,Small Appliances,Toaster,2928.27,4221.74,262.0,283.0,280.0,286.0,261.0,252.0,214.0,278.5,274.0,287.61538461538464,11.618950038622316,20.95573566217272,-9.115384615384642,-13.615384615384642,-0.03169296603369898,0.0,0.0,0
SKU027,2026-03-09,7,267.0,1,0,1,0,Spring Sale,3,1,2026,11,0.970941817426052,0.23931566428755804,1.0,6.123233995736766e-17,Small Appliances,Toaster,2928.27,4221.74,239.0,262.0,289.0,272.0,256.0,204.0,233.0,268.25,268.125,285.9230769230769,22.677080940897167,23.53985981266669,-17.673076923076906,-17.798076923076906,-0.06181059994619309,268.25,0.14285714285714285,0
SKU027,2026-03-16,7,319.0,7,0,1,0,Spring Sale,3,1,2026,12,0.992708874098054,0.120536680255323,1.0,6.123233995736766e-17,Small Appliances,Toaster,2928.27,4221.74,267.0,239.0,283.0,292.0,326.0,208.0,239.0,262.75,267.5,286.7692307692308,18.191115047370463,23.488599058144914,-24.019230769230774,-19.269230769230774,-0.08375804721030045,262.75,1.0,0
SKU027,2026-03-23,7,326.0,3,0,1,0,Spring Sale,3,1,2026,13,1.0,-1.6081226496766366e-16,1.0,6.123233995736766e-17,Small Appliances,Toaster,2928.27,4221.74,319.0,267.0,262.0,228.0,427.0,224.0,266.0,271.75,270.875,286.2307692307692,33.777457966322274,28.84162418648239,-14.480769230769226,-15.355769230769226,-0.05059123891427031,271.75,0.42857142857142855,0
SKU027,2026-03-30,7,279.0,0,0,0,0,No Promotion,3,1,2026,14,0.992708874098054,-0.12053668025532288,1.0,6.123233995736766e-17,Small Appliances,Toaster,2928.27,4221.74,326.0,319.0,239.0,280.0,277.0,257.0,234.0,287.75,283.125,278.46153846153845,41.82005101224373,28.84162418648239,9.288461538461547,4.663461538461547,0.03335635359116029,0.0,0.0,0
SKU027,2026-04-06,7,258.0,0,0,0,0,No Promotion,4,2,2026,15,0.9709418174260521,-0.2393156642875575,0.8660254037844387,-0.4999999999999998,Small Appliances,Toaster,2928.27,4221.74,279.0,326.0,267.0,289.0,286.0,261.0,195.0,297.75,283.0,278.61538461538464,29.136174537276986,28.859264419890245,19.13461538461536,4.384615384615358,0.06867752622860279,0.0,0.0,0
SKU027,2026-04-13,7,248.0,0,0,0,0,No Promotion,4,2,2026,16,0.9350162426854148,-0.35460488704253545,0.8660254037844387,-0.4999999999999998,Small Appliances,Toaster,2928.27,4221.74,258.0,279.0,319.0,283.0,272.0,203.0,235.0,295.5,279.125,276.46153846153845,32.46023207967971,29.997321308981675,19.038461538461547,2.663461538461547,0.06886477462437401,0.0,0.0,0
SKU027,2026-04-20,7,272.0,0,0,0,0,No Promotion,4,2,2026,17,0.8854560256532099,-0.4647231720437685,0.8660254037844387,-0.4999999999999998,Small Appliances,Toaster,2928.27,4221.74,248.0,258.0,326.0,262.0,292.0,206.0,201.0,277.75,274.75,274.61538461538464,34.663862066038384,31.846731162150473,3.1346153846153584,0.13461538461535838,0.011414565826330492,0.0,0.0,0
SKU027,2026-04-27,7,217.0,0,0,0,0,No Promotion,4,2,2026,18,0.8229838658936565,-0.5680647467311557,0.8660254037844387,-0.4999999999999998,Small Appliances,Toaster,2928.27,4221.74,272.0,248.0,279.0,239.0,228.0,221.0,182.0,264.25,276.0,273.0769230769231,13.91342277562696,31.46880541561301,-8.826923076923094,2.9230769230769056,-0.03232394366197189,0.0,0.0,0
SKU027,2026-05-04,7,247.0,0,0,0,0,No Promotion,5,2,2026,19,0.7485107481711013,-0.663122658240795,0.49999999999999994,-0.8660254037844387,Small Appliances,Toaster,2928.27,4221.74,217.0,272.0,258.0,267.0,280.0,196.0,220.0,248.75,273.25,272.2307692307692,23.343450187722212,35.82397441458922,-23.480769230769226,1.0192307692307736,-0.0862531788640859,0.0,0.0,0
SKU027,2026-05-11,7,243.0,0,0,0,0,No Promotion,5,2,2026,20,0.6631226582407952,-0.7485107481711012,0.49999999999999994,-0.8660254037844387,Small Appliances,Toaster,2928.27,4221.74,247.0,217.0,248.0,319.0,289.0,243.0,193.0,246.0,270.75,269.6923076923077,22.524061208701568,37.00096523837492,-23.69230769230768,1.0576923076923208,-0.08784940102681116,0.0,0.0,0
SKU027,2026-05-18,7,237.0,0,0,0,0,No Promotion,5,2,2026,21,0.5680647467311558,-0.8229838658936564,0.49999999999999994,-0.8660254037844387,Small Appliances,Toaster,2928.27,4221.74,243.0,247.0,272.0,326.0,283.0,268.0,211.0,244.75,261.25,266.15384615384613,22.51480994071831,32.30103934639167,-21.403846153846132,-4.903846153846132,-0.08041907514450863,0.0,0.0,0
SKU027,2026-05-25,7,258.0,0,0,0,0,No Promotion,5,2,2026,22,0.46472317204376906,-0.8854560256532096,0.49999999999999994,-0.8660254037844387,Small Appliances,Toaster,2928.27,4221.74,237.0,243.0,217.0,279.0,262.0,330.0,230.0,236.0,250.125,262.61538461538464,13.316656236958835,19.67186170287761,-26.61538461538464,-12.490384615384642,-0.10134739308728768,0.0,0.0,0
SKU027,2026-06-01,7,259.0,0,0,0,0,No Promotion,6,2,2026,23,0.35460488704253584,-0.9350162426854147,1.2246467991473532e-16,-1.0,Small Appliances,Toaster,2928.27,4221.74,258.0,237.0,247.0,258.0,239.0,261.0,267.0,246.25,247.5,262.3076923076923,8.845903006477135,16.39686381163004,-16.05769230769232,-14.80769230769232,-0.061217008797654016,0.0,0.0,0
SKU027,2026-06-08,7,378.0,5,0,1,0,Summer Sale,6,2,2026,24,0.23931566428755768,-0.970941817426052,1.2246467991473532e-16,-1.0,Small Appliances,Toaster,2928.27,4221.74,259.0,258.0,243.0,248.0,267.0,256.0,303.0,249.25,247.625,263.84615384615387,10.96585609973071,16.491881119421848,-14.596153846153868,-16.221153846153868,-0.05532069970845488,249.25,0.7142857142857143,0
SKU027,2026-06-15,7,346.0,6,0,1,0,Summer Sale,6,2,2026,25,0.12053668025532308,-0.992708874098054,1.2246467991473532e-16,-1.0,Small Appliances,Toaster,2928.27,4221.74,378.0,259.0,237.0,272.0,319.0,326.0,291.0,283.0,263.875,272.38461538461536,64.14047084329832,48.97357159004961,10.615384615384642,-8.509615384615358,0.03897204179610281,283.0,0.8571428571428571,0
SKU027,2026-06-22,7,269.0,0,0,0,0,No Promotion,6,2,2026,26,-3.216245299353273e-16,-1.0,1.2246467991473532e-16,-1.0,Small Appliances,Toaster,2928.27,4221.74,346.0,378.0,258.0,217.0,326.0,427.0,270.0,310.25,273.125,274.46153846153845,61.16848317012066,57.049946788506546,35.78846153846155,-1.3365384615384528,0.13039517937219736,0.0,0.0,0
SKU028,2025-01-06,7,531.0,3,0,1,0,New Year Sale,1,1,2025,2,0.23931566428755774,0.970941817426052,0.49999999999999994,0.8660254037844387,Office,Organizer,444.84,687.38,,,,,,,,,,,,,,,,,0.42857142857142855,0
SKU028,2025-01-13,7,536.0,3,0,1,0,New Year Sale,1,1,2025,3,0.3546048870425356,0.9350162426854148,0.49999999999999994,0.8660254037844387,Office,Organizer,444.84,687.38,531.0,,,,,,,,,,,,,,,,0.42857142857142855,0
SKU028,2025-01-20,7,505.0,0,1,0,1,No Promotion,1,1,2025,4,0.4647231720437685,0.8854560256532099,0.49999999999999994,0.8660254037844387,Office,Organizer,444.84,687.38,536.0,531.0,,,,,,,,,,,,,,,0.0,0
SKU028,2025-01-27,7,462.0,0,0,0,0,No Promotion,1,1,2025,5,0.5680647467311558,0.8229838658936564,0.49999999999999994,0.8660254037844387,Office,Organizer,444.84,687.38,505.0,536.0,,,,,,,,,,,,,,,0.0,0
SKU028,2025-02-03,7,431.0,0,0,0,0,No Promotion,2,1,2025,6,0.6631226582407952,0.7485107481711011,0.8660254037844386,0.5000000000000001,Office,Organizer,444.84,687.38,462.0,505.0,531.0,,,,,508.5,,,33.84769809996932,,,,,0.0,0.0,0
SKU028,2025-02-10,7,440.0,0,0,0,0,No Promotion,2,1,2025,7,0.7485107481711011,0.6631226582407953,0.8660254037844386,0.5000000000000001,Office,Organizer,444.84,687.38,431.0,462.0,536.0,,,,,483.5,,,46.32134137378436,,,,,0.0,0.0,0
SKU028,2025-02-17,7,394.0,0,0,0,0,No Promotion,2,1,2025,8,0.8229838658936564,0.5680647467311559,0.8660254037844386,0.5000000000000001,Office,Organizer,444.84,687.38,440.0,431.0,505.0,,,,,459.5,,,33.01009946465879,,,,,0.0,0.0,0
SKU028,2025-02-24,7,422.0,0,0,0,0,No Promotion,2,1,2025,9,0.8854560256532099,0.4647231720437686,0.8660254037844386,0.5000000000000001,Office,Organizer,444.84,687.38,394.0,440.0,462.0,,,,,431.75,,,28.335784207723385,,,,,0.0,0.0,0
SKU028,2025-03-03,7,392.0,0,0,0,0,No Promotion,3,1,2025,10,0.9350162426854148,0.35460488704253557,1.0,6.123233995736766e-17,Office,Organizer,444.84,687.38,422.0,394.0,431.0,531.0,,,,421.75,465.125,,19.90602923739437,53.01869616330774,,,,0.0,0.0,0
SKU028,2025-03-10,7,419.0,0,0,0,0,No Promotion,3,1,2025,11,0.970941817426052,0.23931566428755804,1.0,6.123233995736766e-17,Office,Organizer,444.84,687.38,392.0,422.0,440.0,536.0,,,,412.0,447.75,,23.151673805580444,51.08746002130632,,,,0.0,0.0,0
SKU028,2025-03-17,7,533.0,4,0,1,0,Spring Sale,3,1,2025,12,0.992708874098054,0.120536680255323,1.0,6.123233995736766e-17,Office,Organizer,444.84,687.38,419.0,392.0,394.0,505.0,,,,406.75,433.125,,15.945218719101968,37.026776025697174,,,,406.75,0.5714285714285714,0
SKU028,2025-03-24,7,538.0,4,0,1,0,Spring Sale,3,1,2025,13,1.0,-1.6081226496766366e-16,1.0,6.123233995736766e-17,Office,Organizer,444.84,687.38,533.0,419.0,422.0,462.0,,,,441.5,436.625,,62.473994589749104,45.21042073302507,,,,441.5,0.5714285714285714,0
SKU028,2025-03-31,7,398.0,0,0,0,0,No Promotion,3,1,2025,14,0.992708874098054,-0.12053668025532288,1.0,6.123233995736766e-17,Office,Organizer,444.84,687.38,538.0,533.0,392.0,431.0,,,,470.5,446.125,,75.88807547961669,57.593247372041304,,,,0.0,0.0,0
SKU028,2025-04-07,7,416.0,0,0,0,0,No Promotion,4,2,2025,15,0.9709418174260521,-0.2393156642875575,0.8660254037844387,-0.4999999999999998,Office,Organizer,444.84,687.38,398.0,538.0,419.0,440.0,531.0,,,472.0,442.0,461.61538461538464,73.85120175054702,59.964275078702364,10.384615384615358,-19.61538461538464,0.022496250624895797,0.0,0.0,0
SKU028,2025-04-14,7,373.0,0,0,0,0,No Promotion,4,2,2025,16,0.9350162426854148,-0.35460488704253545,0.8660254037844387,-0.4999999999999998,Office,Organizer,444.84,687.38,416.0,398.0,533.0,394.0,536.0,,,471.25,439.0,452.7692307692308,74.58049342824168,60.67477706121854,18.480769230769226,-13.769230769230774,0.04081719334012912,0.0,0.0,0
SKU028,2025-04-21,7,454.0,0,0,0,0,No Promotion,4,2,2025,17,0.8854560256532099,-0.4647231720437685,0.8660254037844387,-0.4999999999999998,Office,Organizer,444.84,687.38,373.0,416.0,538.0,422.0,505.0,,,431.25,436.375,440.2307692307692,73.31836968545697,63.297342530540504,-8.980769230769226,-3.8557692307692264,-0.02040013978682509,0.0,0.0,0
SKU028,2025-04-28,7,431.0,0,0,0,0,No Promotion,4,2,2025,18,0.8229838658936565,-0.5680647467311557,0.8660254037844387,-0.4999999999999998,Office,Organizer,444.84,687.38,454.0,373.0,398.0,392.0,462.0,,,410.25,440.375,436.3076923076923,34.082008939223854,63.27025367421882,-26.05769230769232,4.067307692307679,-0.05972320169252476,0.0,0.0,0
SKU028,2025-05-05,7,415.0,0,0,0,0,No Promotion,5,2,2025,19,0.7485107481711013,-0.663122658240795,0.49999999999999994,-0.8660254037844387,Office,Organizer,444.84,687.38,431.0,454.0,416.0,419.0,431.0,,,418.5,445.25,433.9230769230769,34.12232895529458,60.4500974830834,-15.423076923076906,11.326923076923094,-0.03554334337883347,0.0,0.0,0
SKU028,2025-05-12,7,374.0,0,0,0,0,No Promotion,5,2,2025,20,0.6631226582407952,-0.7485107481711012,0.49999999999999994,-0.8660254037844387,Office,Organizer,444.84,687.38,415.0,431.0,373.0,533.0,440.0,,,418.25,444.75,432.6923076923077,34.15040263305839,60.71420168061412,-14.44230769230768,12.05769230769232,-0.03337777777777773,0.0,0.0,0
SKU028,2025-05-19,7,399.0,0,0,0,0,No Promotion,5,2,2025,21,0.5680647467311558,-0.8229838658936564,0.49999999999999994,-0.8660254037844387,Office,Organizer,444.84,687.38,374.0,415.0,454.0,538.0,394.0,,,418.5,424.875,427.61538461538464,33.709543653590664,53.26601033626282,-9.115384615384642,-2.7403846153846416,-0.021316783594171662,0.0,0.0,0
SKU028,2025-05-26,7,464.0,0,0,0,0,No Promotion,5,2,2025,22,0.46472317204376906,-0.8854560256532096,0.49999999999999994,-0.8660254037844387,Office,Organizer,444.84,687.38,399.0,374.0,431.0,398.0,422.0,,,404.75,407.5,428.0,24.308777564218822,27.562915043846257,-23.25,-20.5,-0.054322429906542014,0.0,0.0,0
SKU028,2025-06-02,7,462.0,0,0,0,0,No Promotion,6,2,2025,23,0.35460488704253584,-0.9350162426854147,1.2246467991473532e-16,-1.0,Office,Organizer,444.84,687.38,464.0,399.0,415.0,416.0,392.0,,,413.0,415.75,431.2307692307692,37.956115010188654,33.5420844398709,-18.230769230769226,-15.480769230769226,-0.042276132714948234,0.0,0.0,0
SKU028,2025-06-09,7,696.0,6,0,1,0,Summer Sale,6,2,2025,24,0.23931566428755768,-0.970941817426052,1.2246467991473532e-16,-1.0,Office,Organizer,444.84,687.38,462.0,464.0,374.0,373.0,419.0,,,424.75,421.5,436.61538461538464,45.338541367509116,37.321001364608954,-11.865384615384642,-15.115384615384642,-0.02717582804792118,424.75,0.8571428571428571,0
SKU028,2025-06-16,7,485.0,5,0,1,0,Summer Sale,6,2,2025,25,0.12053668025532308,-0.992708874098054,1.2246467991473532e-16,-1.0,Office,Organizer,444.84,687.38,696.0,462.0,399.0,454.0,533.0,,,505.25,461.875,457.9230769230769,130.69908186364586,99.79040535041433,47.326923076923094,3.9519230769230944,0.10335125146984714,505.25,0.7142857142857143,0
SKU028,2025-06-23,7,521.0,0,0,0,0,No Promotion,6,2,2025,26,-3.216245299353273e-16,-1.0,1.2246467991473532e-16,-1.0,Office,Organizer,444.84,687.38,485.0,696.0,464.0,431.0,538.0,,,526.75,465.75,454.2307692307692,113.31188522539608,100.04249097258624,72.51923076923077,11.519230769230774,0.1596528365791703,0.0,0.0,0
SKU028,2025-06-30,7,480.0,0,0,0,0,No Promotion,6,2,2025,27,-0.12053668025532283,-0.992708874098054,1.2246467991473532e-16,-1.0,Office,Organizer,444.84,687.38,521.0,485.0,462.0,415.0,398.0,,,541.0,477.0,452.9230769230769,106.14769584561567,100.63512593239287,88.0769230769231,24.076923076923094,0.19446331521739135,0.0,0.0,0
SKU028,2025-07-07,7,525.0,0,0,0,0,No Promotion,7,3,2025,28,-0.23931566428755743,-0.9709418174260521,-0.4999999999999997,-0.8660254037844388,Office,Organizer,444.84,687.38,480.0,521.0,696.0,374.0,416.0,531.0,,545.5,485.125,459.2307692307692,101.98202455988671,97.48910195503906,86.26923076923077,25.894230769230774,0.18785594639866,0.0,0.0,0
SKU028,2025-07-14,7,462.0,0,0,0,0,No Promotion,7,3,2025,29,-0.3546048870425356,-0.9350162426854148,-0.4999999999999997,-0.8660254037844388,Office,Organizer,444.84,687.38,525.0,480.0,485.0,399.0,373.0,536.0,,502.75,504.0,467.61538461538464,23.528351691806527,86.94826047713663,35.13461538461536,36.38461538461536,0.07513571311070888,0.0,0.0,0
SKU028,2025-07-21,7,481.0,0,0,0,0,No Promotion,7,3,2025,30,-0.46472317204376806,-0.8854560256532101,-0.4999999999999997,-0.8660254037844388,Office,Organizer,444.84,687.38,462.0,525.0,521.0,464.0,454.0,505.0,,497.0,511.875,474.46153846153845,30.951575081084354,78.52467764976817,22.538461538461547,37.41346153846155,0.0475032425421531,0.0,0.0,0
SKU028,2025-07-28,7,474.0,0,0,0,0,No Promotion,7,3,2025,31,-0.5680647467311556,-0.8229838658936566,-0.4999999999999997,-0.8660254037844388,Office,Organizer,444.84,687.38,481.0,462.0,480.0,462.0,431.0,462.0,,487.0,514.0,476.53846153846155,26.79552201394856,77.26392616036468,10.461538461538453,37.46153846153845,0.02195318805488289,0.0,0.0,0
SKU028,2025-08-04,7,532.0,0,0,0,0,No Promotion,8,3,2025,32,-0.663122658240795,-0.7485107481711013,-0.8660254037844385,-0.5000000000000004,Office,Organizer,444.84,687.38,474.0,481.0,525.0,696.0,415.0,431.0,,485.5,515.5,479.84615384615387,27.477263328068204,76.21960752607279,5.653846153846132,35.65384615384613,0.011782622635460038,0.0,0.0,0
SKU028,2025-08-11,7,526.0,0,1,0,1,No Promotion,8,3,2025,33,-0.7485107481711011,-0.6631226582407952,-0.8660254037844385,-0.5000000000000004,Office,Organizer,444.84,687.38,532.0,474.0,462.0,485.0,374.0,440.0,,487.25,495.0,488.84615384615387,30.84774437999212,26.715431602620345,-1.596153846153868,6.153846153846132,-0.0032651455546813812,0.0,0.0,0
SKU028,2025-08-18,7,504.0,0,0,0,0,No Promotion,8,3,2025,34,-0.8229838658936564,-0.5680647467311559,-0.8660254037844385,-0.5000000000000004,Office,Organizer,444.84,687.38,526.0,532.0,481.0,521.0,399.0,394.0,,503.25,500.125,500.53846153846155,29.970819141291447,28.402401809907353,2.711538461538453,-0.4134615384615472,0.00541724296911017,0.0,0.0,0
SKU028,2025-08-25,7,549.0,0,0,0,0,No Promotion,8,3,2025,35,-0.8854560256532096,-0.4647231720437691,-0.8660254037844385,-0.5000000000000004,Office,Organizer,444.84,687.38,504.0,526.0,474.0,480.0,464.0,422.0,,509.0,498.0,508.61538461538464,26.25515822335365,27.229186022144905,0.3846153846153584,-10.615384615384642,0.0007562008469448323,0.0,0.0,0
SKU028,2025-09-01,7,452.0,0,0,0,0,No Promotion,9,3,2025,36,-0.9350162426854147,-0.3546048870425359,-1.0,-1.8369701987210297e-16,Office,Organizer,444.84,687.38,549.0,504.0,532.0,525.0,462.0,392.0,,527.75,506.625,515.1538461538462,18.58987179442977,31.332035180808617,12.596153846153811,-8.528846153846189,0.024451246826937334,0.0,0.0,0
SKU028,2025-09-08,7,467.0,0,0,0,0,No Promotion,9,3,2025,37,-0.970941817426052,-0.23931566428755774,-1.0,-1.8369701987210297e-16,Office,Organizer,444.84,687.38,452.0,549.0,526.0,462.0,696.0,419.0,,507.75,497.5,514.3846153846154,41.45981990634631,35.56081310335056,-6.634615384615358,-16.88461538461536,-0.012898160610139042,0.0,0.0,0
SKU028,2025-09-15,7,470.0,0,0,0,0,No Promotion,9,3,2025,38,-0.992708874098054,-0.12053668025532357,-1.0,-1.8369701987210297e-16,Office,Organizer,444.84,687.38,467.0,452.0,504.0,481.0,485.0,533.0,,493.0,498.125,496.7692307692308,43.258910450141215,34.88527114495662,-3.7692307692307736,1.3557692307692264,-0.007587488386497365,0.0,0.0,0
SKU028,2025-09-22,7,455.0,0,0,0,0,No Promotion,9,3,2025,39,-1.0,-1.8369701987210297e-16,-1.0,-1.8369701987210297e-16,Office,Organizer,444.84,687.38,470.0,467.0,549.0,474.0,521.0,538.0,,484.5,496.75,495.61538461538464,43.71498598878882,35.85984622706255,-11.115384615384642,1.1346153846153584,-0.02242744063324542,0.0,0.0,0
SKU028,2025-09-29,7,503.0,5,1,1,1,Festive Sale,9,3,2025,40,-0.992708874098054,0.1205366802553232,-1.0,-1.8369701987210297e-16,Office,Organizer,444.84,687.38,455.0,470.0,452.0,532.0,480.0,398.0,,461.0,494.375,490.53846153846155,8.831760866328018,38.13860998291065,-29.538461538461547,3.836538461538453,-0.06021640269719308,461.0,0.7142857142857143,1
SKU028,2025-10-06,7,551.0,5,0,1,0,Festive Sale,10,4,2025,41,-0.9709418174260521,0.23931566428755738,-0.8660254037844386,0.5000000000000001,Office,Organizer,444.84,687.38,503.0,455.0,467.0,526.0,525.0,416.0,,473.75,490.75,492.3076923076923,20.54872258803459,35.3260324892079,-18.55769230769232,-1.5576923076923208,-0.03769531250000002,473.75,0.7142857142857143,0
SKU028,2025-10-13,7,410.0,0,0,0,0,No Promotion,10,4,2025,42,-0.9350162426854148,0.35460488704253557,-0.8660254037844386,0.5000000000000001,Office,Organizer,444.84,687.38,551.0,503.0,470.0,504.0,462.0,373.0,,494.75,493.875,494.3076923076923,42.52352290203627,39.72202519653657,0.4423076923076792,-0.4326923076923208,0.0008948023653905235,0.0,0.0,0
SKU028,2025-10-20,7,410.0,0,0,0,0,No Promotion,10,4,2025,43,-0.8854560256532101,0.464723172043768,-0.8660254037844386,0.5000000000000001,Office,Organizer,444.84,687.38,410.0,551.0,455.0,549.0,481.0,454.0,,479.75,482.125,490.3076923076923,60.813238690272065,49.095933785658,-10.55769230769232,-8.18269230769232,-0.021532789457169743,0.0,0.0,0
SKU028,2025-10-27,7,414.0,0,1,0,1,No Promotion,10,4,2025,44,-0.822983865893657,0.5680647467311548,-0.8660254037844386,0.5000000000000001,Office,Organizer,444.84,687.38,410.0,410.0,503.0,452.0,474.0,431.0,,468.5,464.75,484.84615384615387,70.33491309442276,46.57942525560891,-16.346153846153868,-20.096153846153868,-0.03371410439473266,0.0,0.0,0
SKU028,2025-11-03,7,395.0,0,0,0,0,No Promotion,11,4,2025,45,-0.7485107481711011,0.6631226582407952,-0.5000000000000004,0.8660254037844384,Office,Organizer,444.84,687.38,414.0,410.0,551.0,467.0,532.0,415.0,,446.25,460.0,480.2307692307692,69.85878613317013,49.885583374071395,-33.980769230769226,-20.230769230769226,-0.07075925036040365,0.0,0.0,0
SKU028,2025-11-10,7,475.0,0,0,0,0,No Promotion,11,4,2025,46,-0.6631226582407955,0.7485107481711007,-0.5000000000000004,0.8660254037844384,Office,Organizer,444.84,687.38,395.0,414.0,410.0,470.0,526.0,374.0,,407.25,451.0,469.6923076923077,8.381527307120233,54.70440044979406,-62.44230769230768,-18.69230769230768,-0.13294300687848015,0.0,0.0,0
SKU028,2025-11-17,7,907.0,4,0,1,0,Black Friday,11,4,2025,47,-0.5680647467311559,0.8229838658936564,-0.5000000000000004,0.8660254037844384,Office,Organizer,444.84,687.38,475.0,395.0,410.0,455.0,504.0,399.0,,423.5,451.625,465.7692307692308,35.294003267788554,54.98035363395079,-42.269230769230774,-14.144230769230774,-0.09075144508670518,423.5,0.5714285714285714,0
SKU028,2025-11-24,7,604.0,7,0,1,0,Black Friday,11,4,2025,48,-0.4647231720437684,0.88545602565321,-0.5000000000000004,0.8660254037844384,Office,Organizer,444.84,687.38,907.0,475.0,414.0,503.0,549.0,464.0,,547.75,508.125,496.7692307692308,241.919235834331,170.28416376331484,50.980769230769226,11.355769230769226,0.10262465159492096,547.75,1.0,0
SKU028,2025-12-01,7,440.0,0,0,0,0,No Promotion,12,4,2025,49,-0.35460488704253595,0.9350162426854147,-2.4492935982947064e-16,1.0,Office,Organizer,444.84,687.38,604.0,907.0,395.0,551.0,452.0,462.0,,595.25,520.75,501.0,224.96277469839316,173.56246302535743,94.25,19.75,0.1881237524950099,0.0,0.0,0
SKU028,2025-12-08,7,454.0,0,0,0,0,No Promotion,12,4,2025,50,-0.2393156642875578,0.970941817426052,-2.4492935982947064e-16,1.0,Office,Organizer,444.84,687.38,440.0,604.0,475.0,410.0,467.0,696.0,,606.5,506.875,500.0769230769231,212.38408603282875,175.2275561336499,106.4230769230769,6.798076923076906,0.21281341332102754,0.0,0.0,0
SKU028,2025-12-15,7,613.0,7,0,1,0,Year End Sale,12,4,2025,51,-0.12053668025532363,0.992708874098054,-2.4492935982947064e-16,1.0,Office,Organizer,444.84,687.38,454.0,440.0,907.0,410.0,470.0,485.0,,601.25,512.375,499.0769230769231,216.9291358946511,172.4205303486632,102.1730769230769,13.298076923076906,0.2047241060419236,601.25,1.0,0
SKU028,2025-12-22,7,660.0,7,1,1,1,Year End Sale,12,4,2025,52,6.432490598706546e-16,1.0,-2.4492935982947064e-16,1.0,Office,Organizer,444.84,687.38,613.0,454.0,604.0,414.0,455.0,521.0,,527.75,537.75,510.0769230769231,93.48930420106889,170.1241143568844,17.673076923076906,27.673076923076906,0.034647866083546974,527.75,1.0,1
SKU028,2025-12-29,7,580.0,3,0,1,0,Year End Sale,12,4,2025,1,0.12053668025532305,0.992708874098054,-2.4492935982947064e-16,1.0,Office,Organizer,444.84,687.38,660.0,613.0,440.0,395.0,503.0,480.0,,541.75,568.5,525.8461538461538,111.2246225737209,166.75987869645726,15.903846153846189,42.65384615384619,0.030244294909303804,541.75,0.42857142857142855,0
SKU028,2026-01-05,7,545.0,0,0,0,0,No Promotion,1,1,2026,2,0.23931566428755774,0.970941817426052,0.49999999999999994,0.8660254037844387,Office,Organizer,444.84,687.38,580.0,660.0,454.0,475.0,551.0,525.0,531.0,576.75,591.625,531.7692307692307,88.17170748034768,151.381200474639,44.98076923076928,59.85576923076928,0.08458700998119495,0.0,0.0,0
SKU028,2026-01-12,7,463.0,0,0,0,0,No Promotion,1,1,2026,3,0.3546048870425356,0.9350162426854148,0.49999999999999994,0.8660254037844387,Office,Organizer,444.84,687.38,545.0,580.0,613.0,907.0,410.0,462.0,536.0,599.5,600.375,531.3076923076923,48.96597458099519,145.58938099031414,68.19230769230774,69.06730769230774,0.12834805270015925,0.0,0.0,0
SKU028,2026-01-19,7,495.0,0,0,0,0,No Promotion,1,1,2026,4,0.4647231720437685,0.8854560256532099,0.49999999999999994,0.8660254037844387,Office,Organizer,444.84,687.38,463.0,545.0,660.0,604.0,410.0,481.0,505.0,562.0,544.875,535.3846153846154,81.68639217560454,83.31084220298952,26.61538461538464,9.490384615384642,0.04971264367816097,0.0,0.0,0
SKU028,2026-01-26,7,525.0,0,1,0,1,No Promotion,1,1,2026,5,0.5680647467311558,0.8229838658936564,0.49999999999999994,0.8660254037844387,Office,Organizer,444.84,687.38,495.0,463.0,580.0,440.0,414.0,474.0,462.0,520.75,531.25,541.9230769230769,51.95109880134075,81.1449320660261,-21.173076923076906,-10.673076923076906,-0.03907026259758695,0.0,0.0,0
SKU028,2026-02-02,7,496.0,0,0,0,0,No Promotion,2,1,2026,6,0.6631226582407952,0.7485107481711011,0.8660254037844386,0.5000000000000001,Office,Organizer,444.84,687.38,525.0,495.0,545.0,454.0,395.0,532.0,431.0,507.0,541.875,550.4615384615385,35.81433604950213,72.60546516226283,-43.46153846153845,-8.586538461538453,-0.07895472330911124,0.0,0.0,0
SKU028,2026-02-09,7,465.0,0,0,0,0,No Promotion,2,1,2026,7,0.7485107481711011,0.6631226582407953,0.8660254037844386,0.5000000000000001,Office,Organizer,444.84,687.38,496.0,525.0,463.0,613.0,475.0,526.0,440.0,494.75,547.125,558.2307692307693,25.329495323305085,66.61496507113519,-63.48076923076928,-11.105769230769283,-0.11371778972027013,0.0,0.0,0
SKU028,2026-02-16,7,495.0,0,0,0,0,No Promotion,2,1,2026,8,0.8229838658936564,0.5680647467311559,0.8660254037844386,0.5000000000000001,Office,Organizer,444.84,687.38,465.0,496.0,495.0,660.0,907.0,504.0,394.0,495.25,528.625,557.4615384615385,24.50000000000002,66.25694033727434,-62.21153846153845,-28.836538461538453,-0.11159790258037805,0.0,0.0,0
SKU028,2026-02-23,7,546.0,0,0,0,0,No Promotion,2,1,2026,9,0.8854560256532099,0.4647231720437686,0.8660254037844386,0.5000000000000001,Office,Organizer,444.84,687.38,495.0,465.0,525.0,580.0,604.0,549.0,422.0,495.25,508.0,525.7692307692307,24.50000000000002,39.99642841197541,-30.519230769230717,-17.769230769230717,-0.05804681784930499,0.0,0.0,0
SKU028,2026-03-02,7,520.0,0,0,0,0,No Promotion,3,1,2026,10,0.9350162426854148,0.35460488704253557,1.0,6.123233995736766e-17,Office,Organizer,444.84,687.38,546.0,495.0,496.0,545.0,440.0,452.0,392.0,500.5,503.75,521.3076923076923,33.57082066318905,32.323145179355656,-20.807692307692264,-17.557692307692264,-0.03991441640844018,0.0,0.0,0
SKU028,2026-03-09,7,527.0,1,0,1,0,Spring Sale,3,1,2026,11,0.970941817426052,0.23931566428755804,1.0,6.123233995736766e-17,Office,Organizer,444.84,687.38,520.0,546.0,465.0,463.0,454.0,467.0,419.0,506.5,500.625,527.4615384615385,34.626579386361584,28.77964310311797,-20.961538461538453,-26.836538461538453,-0.039740411258567865,506.5,0.14285714285714285,0
SKU028,2026-03-16,7,606.0,7,0,1,0,Spring Sale,3,1,2026,12,0.992708874098054,0.120536680255323,1.0,6.123233995736766e-17,Office,Organizer,444.84,687.38,527.0,520.0,495.0,495.0,613.0,470.0,533.0,522.0,508.625,533.0769230769231,21.087120871912962,25.539535178676328,-11.076923076923094,-24.451923076923094,-0.020779220779220786,522.0,1.0,0
SKU028,2026-03-23,7,495.0,3,0,1,0,Spring Sale,3,1,2026,13,1.0,-1.6081226496766366e-16,1.0,6.123233995736766e-17,Office,Organizer,444.84,687.38,606.0,527.0,546.0,525.0,660.0,455.0,538.0,549.75,522.5,532.5384615384615,39.075781075580146,41.955759012151155,17.211538461538453,-10.038461538461547,0.03231980355337272,549.75,0.42857142857142855,0
SKU028,2026-03-30,7,432.0,0,0,0,0,No Promotion,3,1,2026,14,0.992708874098054,-0.12053668025532288,1.0,6.123233995736766e-17,Office,Organizer,444.84,687.38,495.0,606.0,520.0,496.0,580.0,503.0,398.0,537.0,518.75,519.8461538461538,48.00694394217015,43.027399908164696,17.15384615384619,-1.0961538461538112,0.03299792838117788,0.0,0.0,0
SKU028,2026-04-06,7,487.0,0,0,0,0,No Promotion,4,2,2026,15,0.9709418174260521,-0.2393156642875575,0.8660254037844387,-0.4999999999999998,Office,Organizer,444.84,687.38,432.0,495.0,527.0,465.0,545.0,551.0,416.0,515.0,510.75,508.46153846153845,72.37402849088892,52.71960871305032,6.538461538461547,2.288461538461547,0.012859304084720247,0.0,0.0,0
SKU028,2026-04-13,7,483.0,0,0,0,0,No Promotion,4,2,2026,16,0.9350162426854148,-0.35460488704253545,0.8660254037844387,-0.4999999999999998,Office,Organizer,444.84,687.38,487.0,432.0,606.0,495.0,463.0,410.0,373.0,505.0,513.5,504.0,72.92461861401813,50.5201515663374,1.0,9.5,0.001984126984126977,0.0,0.0,0
SKU028,2026-04-20,7,510.0,0,0,0,0,No Promotion,4,2,2026,17,0.8854560256532099,-0.4647231720437685,0.8660254037844387,-0.4999999999999998,Office,Organizer,444.84,687.38,483.0,487.0,495.0,546.0,495.0,410.0,454.0,474.25,512.0,505.53846153846155,28.605069480775594,51.31972608767777,-31.288461538461547,6.461538461538453,-0.061891357273280545,0.0,0.0,0
SKU028,2026-04-27,7,566.0,0,0,0,0,No Promotion,4,2,2026,18,0.8229838658936565,-0.5680647467311557,0.8660254037844387,-0.4999999999999998,Office,Organizer,444.84,687.38,510.0,483.0,432.0,520.0,525.0,414.0,431.0,478.0,507.5,506.6923076923077,32.893768406797044,49.45705207551284,-28.69230769230768,0.8076923076923208,-0.05662668893274625,0.0,0.0,0
SKU028,2026-05-04,7,508.0,0,0,0,0,No Promotion,5,2,2026,19,0.7485107481711013,-0.663122658240795,0.49999999999999994,-0.8660254037844387,Office,Organizer,444.84,687.38,566.0,510.0,487.0,527.0,496.0,395.0,415.0,511.5,513.25,509.84615384615387,38.23174945861969,53.617028211993464,1.653846153846132,3.403846153846132,0.003243814121907107,0.0,0.0,0
SKU028,2026-05-11,7,479.0,0,0,0,0,No Promotion,5,2,2026,20,0.6631226582407952,-0.7485107481711012,0.49999999999999994,-0.8660254037844387,Office,Organizer,444.84,687.38,508.0,566.0,483.0,606.0,465.0,475.0,374.0,516.75,510.875,510.7692307692308,35.055907728465215,53.341052268799935,5.980769230769226,0.1057692307692264,0.011709337349397497,0.0,0.0,0
SKU028,2026-05-18,7,431.0,0,0,0,0,No Promotion,5,2,2026,21,0.5680647467311558,-0.8229838658936564,0.49999999999999994,-0.8660254037844387,Office,Organizer,444.84,687.38,479.0,508.0,510.0,495.0,495.0,907.0,399.0,515.75,495.0,511.84615384615387,36.371921404658664,37.54616206370866,3.903846153846132,-16.846153846153868,0.007626991283438578,0.0,0.0,0
SKU028,2026-05-25,7,464.0,0,0,0,0,No Promotion,5,2,2026,22,0.46472317204376906,-0.8854560256532096,0.49999999999999994,-0.8660254037844387,Office,Organizer,444.84,687.38,431.0,479.0,566.0,432.0,546.0,604.0,464.0,496.0,487.0,506.9230769230769,56.444663166680336,43.83736175586157,-10.923076923076906,-19.923076923076906,-0.021547799696509884,0.0,0.0,0
SKU028,2026-06-01,7,541.0,0,0,0,0,No Promotion,6,2,2026,23,0.35460488704253584,-0.9350162426854147,1.2246467991473532e-16,-1.0,Office,Organizer,444.84,687.38,464.0,431.0,508.0,487.0,520.0,440.0,462.0,470.5,491.0,500.61538461538464,32.04684071792414,39.33010479082318,-30.11538461538464,-9.615384615384642,-0.06015673017824219,0.0,0.0,0
SKU028,2026-06-08,7,624.0,5,0,1,0,Summer Sale,6,2,2026,24,0.23931566428755768,-0.970941817426052,1.2246467991473532e-16,-1.0,Office,Organizer,444.84,687.38,541.0,464.0,479.0,483.0,527.0,454.0,696.0,478.75,497.75,502.2307692307692,46.08958667638494,43.007474433438276,-23.480769230769226,-4.480769230769226,-0.04675294838413235,478.75,0.7142857142857143,0
SKU028,2026-06-15,7,710.0,6,0,1,0,Summer Sale,6,2,2026,25,0.12053668025532308,-0.992708874098054,1.2246467991473532e-16,-1.0,Office,Organizer,444.84,687.38,624.0,541.0,431.0,510.0,606.0,613.0,485.0,515.0,515.375,509.6923076923077,86.05037284443726,61.160065168609506,5.307692307692321,5.682692307692321,0.010413522487171756,515.0,0.8571428571428571,0
SKU028,2026-06-22,7,525.0,0,0,0,0,No Promotion,6,2,2026,26,-3.216245299353273e-16,-1.0,1.2246467991473532e-16,-1.0,Office,Organizer,444.84,687.38,710.0,624.0,464.0,566.0,495.0,660.0,521.0,584.75,540.375,517.6923076923077,106.02318928737556,91.83360340466722,67.05769230769226,22.682692307692264,0.12953194650817235,0.0,0.0,0
SKU029,2025-05-12,7,161.0,0,0,0,0,No Promotion,5,2,2025,20,0.6631226582407952,-0.7485107481711012,0.49999999999999994,-0.8660254037844387,Furniture,Chair,2220.08,4428.57,,,,,,,,,,,,,,,,,0.0,0
SKU029,2025-05-19,7,169.0,0,0,0,0,No Promotion,5,2,2025,21,0.5680647467311558,-0.8229838658936564,0.49999999999999994,-0.8660254037844387,Furniture,Chair,2220.08,4428.57,161.0,,,,,,,,,,,,,,,,0.0,0
SKU029,2025-05-26,7,207.0,0,0,0,0,No Promotion,5,2,2025,22,0.46472317204376906,-0.8854560256532096,0.49999999999999994,-0.8660254037844387,Furniture,Chair,2220.08,4428.57,169.0,161.0,,,,,,,,,,,,,,,0.0,0
SKU029,2025-06-02,7,200.0,0,0,0,0,No Promotion,6,2,2025,23,0.35460488704253584,-0.9350162426854147,1.2246467991473532e-16,-1.0,Furniture,Chair,2220.08,4428.57,207.0,169.0,,,,,,,,,,,,,,,0.0,0
SKU029,2025-06-09,7,286.0,6,0,1,0,Summer Sale,6,2,2025,24,0.23931566428755768,-0.970941817426052,1.2246467991473532e-16,-1.0,Furniture,Chair,2220.08,4428.57,200.0,207.0,161.0,,,,,184.25,,,22.647663602823727,,,,,184.25,0.8571428571428571,0
SKU029,2025-06-16,7,256.0,5,0,1,0,Summer Sale,6,2,2025,25,0.12053668025532308,-0.992708874098054,1.2246467991473532e-16,-1.0,Furniture,Chair,2220.08,4428.57,286.0,200.0,169.0,,,,,215.5,,,49.816329317470455,,,,,215.5,0.7142857142857143,0
SKU029,2025-06-23,7,216.0,0,0,0,0,No Promotion,6,2,2025,26,-3.216245299353273e-16,-1.0,1.2246467991473532e-16,-1.0,Furniture,Chair,2220.08,4428.57,256.0,286.0,207.0,,,,,237.25,,,40.95017297480765,,,,,0.0,0.0,0
SKU029,2025-06-30,7,222.0,0,0,0,0,No Promotion,6,2,2025,27,-0.12053668025532283,-0.992708874098054,1.2246467991473532e-16,-1.0,Furniture,Chair,2220.08,4428.57,216.0,256.0,200.0,,,,,239.5,,,38.93156388673163,,,,,0.0,0.0,0
SKU029,2025-07-07,7,209.0,0,0,0,0,No Promotion,7,3,2025,28,-0.23931566428755743,-0.9709418174260521,-0.4999999999999997,-0.8660254037844388,Furniture,Chair,2220.08,4428.57,222.0,216.0,286.0,161.0,,,,245.0,214.625,,32.516662395352526,41.562130771721925,,,,0.0,0.0,0
SKU029,2025-07-14,7,211.0,0,0,0,0,No Promotion,7,3,2025,29,-0.3546048870425356,-0.9350162426854148,-0.4999999999999997,-0.8660254037844388,Furniture,Chair,2220.08,4428.57,209.0,222.0,256.0,169.0,,,,225.75,220.625,,20.85465575517052,35.77683807796803,,,,0.0,0.0,0
SKU029,2025-07-21,7,229.0,0,0,0,0,No Promotion,7,3,2025,30,-0.46472317204376806,-0.8854560256532101,-0.4999999999999997,-0.8660254037844388,Furniture,Chair,2220.08,4428.57,211.0,209.0,216.0,207.0,,,,214.5,225.875,,5.802298395176405,29.68134334657283,,,,0.0,0.0,0
SKU029,2025-07-28,7,200.0,0,0,0,0,No Promotion,7,3,2025,31,-0.5680647467311556,-0.8229838658936566,-0.4999999999999997,-0.8660254037844388,Furniture,Chair,2220.08,4428.57,229.0,211.0,222.0,200.0,,,,217.75,228.625,,9.429563439877091,28.685175364886412,,,,0.0,0.0,0
SKU029,2025-08-04,7,228.0,0,0,0,0,No Promotion,8,3,2025,32,-0.663122658240795,-0.7485107481711013,-0.8660254037844385,-0.5000000000000004,Furniture,Chair,2220.08,4428.57,200.0,229.0,209.0,286.0,,,,212.25,228.625,,12.148388096094617,28.685175364886412,,,,0.0,0.0,0
SKU029,2025-08-11,7,219.0,0,1,0,1,No Promotion,8,3,2025,33,-0.7485107481711011,-0.6631226582407952,-0.8660254037844385,-0.5000000000000004,Furniture,Chair,2220.08,4428.57,228.0,200.0,211.0,256.0,161.0,,,217.0,221.375,214.92307692307693,14.023789311975088,17.104197479816815,2.076923076923066,6.451923076923066,0.00966356478167496,0.0,0.0,0
SKU029,2025-08-18,7,212.0,0,0,0,0,No Promotion,8,3,2025,34,-0.8229838658936564,-0.5680647467311559,-0.8660254037844385,-0.5000000000000004,Furniture,Chair,2220.08,4428.57,219.0,228.0,229.0,216.0,169.0,,,219.0,216.75,219.3846153846154,13.441230102437304,9.881440033864372,-0.3846153846153868,-2.634615384615387,-0.001753155680224383,0.0,0.0,0
SKU029,2025-08-25,7,236.0,0,0,0,0,No Promotion,8,3,2025,35,-0.8854560256532096,-0.4647231720437691,-0.8660254037844385,-0.5000000000000004,Furniture,Chair,2220.08,4428.57,212.0,219.0,200.0,222.0,207.0,,,214.75,216.25,222.69230769230768,11.814539065631521,10.024968827881729,-7.942307692307679,-6.442307692307679,-0.03566493955094985,0.0,0.0,0
SKU029,2025-09-01,7,183.0,0,0,0,0,No Promotion,9,3,2025,36,-0.9350162426854147,-0.3546048870425359,-1.0,-1.8369701987210297e-16,Furniture,Chair,2220.08,4428.57,236.0,212.0,228.0,209.0,200.0,,,223.75,218.0,224.92307692307693,10.46820583162814,12.165525060596456,-1.173076923076934,-6.923076923076934,-0.005215458276333851,0.0,0.0,0
SKU029,2025-09-08,7,179.0,0,0,0,0,No Promotion,9,3,2025,37,-0.970941817426052,-0.23931566428755774,-1.0,-1.8369701987210297e-16,Furniture,Chair,2220.08,4428.57,183.0,236.0,219.0,211.0,286.0,,,212.5,214.75,223.6153846153846,22.0982653919563,17.301940436180654,-11.115384615384613,-8.865384615384613,-0.049707602339181256,0.0,0.0,0
SKU029,2025-09-15,7,192.0,0,0,0,0,No Promotion,9,3,2025,38,-0.992708874098054,-0.12053668025532357,-1.0,-1.8369701987210297e-16,Furniture,Chair,2220.08,4428.57,179.0,183.0,212.0,229.0,256.0,,,202.5,210.75,215.3846153846154,26.73948391424188,21.48587575927166,-12.884615384615387,-4.634615384615387,-0.05982142857142858,0.0,0.0,0
SKU029,2025-09-22,7,199.0,0,0,0,0,No Promotion,9,3,2025,39,-1.0,-1.8369701987210297e-16,-1.0,-1.8369701987210297e-16,Furniture,Chair,2220.08,4428.57,192.0,179.0,236.0,200.0,216.0,,,197.5,206.125,210.46153846153845,26.23610743485652,20.972345737048254,-12.961538461538453,-4.336538461538453,-0.061586257309941494,0.0,0.0,0
SKU029,2025-09-29,7,233.0,5,1,1,1,Festive Sale,9,3,2025,40,-0.992708874098054,0.1205366802553232,-1.0,-1.8369701987210297e-16,Furniture,Chair,2220.08,4428.57,199.0,192.0,183.0,228.0,222.0,,,188.25,206.0,209.15384615384616,8.995369179009101,21.016999921831996,-20.90384615384616,-3.1538461538461604,-0.09994483265906584,188.25,0.7142857142857143,1
SKU029,2025-10-06,7,282.0,5,0,1,0,Festive Sale,10,4,2025,41,-0.9709418174260521,0.23931566428755738,-0.8660254037844386,0.5000000000000001,Furniture,Chair,2220.08,4428.57,233.0,199.0,179.0,219.0,209.0,,,200.75,206.625,210.0,23.041628993338705,21.82356197193431,-9.25,-3.375,-0.044047619047619,200.75,0.7142857142857143,0
SKU029,2025-10-13,7,163.0,0,0,0,0,No Promotion,10,4,2025,42,-0.9350162426854148,0.35460488704253557,-0.8660254037844386,0.5000000000000001,Furniture,Chair,2220.08,4428.57,282.0,233.0,192.0,212.0,211.0,,,226.5,214.5,215.6153846153846,41.10555518012945,34.57083824761641,10.884615384615387,-1.1153846153846132,0.050481626828398074,0.0,0.0,0
SKU029,2025-10-20,7,167.0,0,0,0,0,No Promotion,10,4,2025,43,-0.8854560256532101,0.464723172043768,-0.8660254037844386,0.5000000000000001,Furniture,Chair,2220.08,4428.57,163.0,282.0,199.0,236.0,229.0,,,219.25,208.375,211.92307692307693,50.66474777068042,39.11863823221429,7.326923076923066,-3.548076923076934,0.03457350272232307,0.0,0.0,0
SKU029,2025-10-27,7,204.0,0,1,0,1,No Promotion,10,4,2025,44,-0.822983865893657,0.5680647467311548,-0.8660254037844386,0.5000000000000001,Furniture,Chair,2220.08,4428.57,167.0,163.0,233.0,183.0,200.0,,,211.25,199.75,207.15384615384616,57.051876977595285,39.75909599432203,4.09615384615384,-7.40384615384616,0.019773486817675323,0.0,0.0,0
SKU029,2025-11-03,7,192.0,0,0,0,0,No Promotion,11,4,2025,45,-0.7485107481711011,0.6631226582407952,-0.5000000000000004,0.8660254037844384,Furniture,Chair,2220.08,4428.57,204.0,167.0,282.0,179.0,228.0,,,204.0,202.375,207.46153846153845,55.17849822772152,39.18431719815613,-3.461538461538453,-5.086538461538453,-0.016685205784204626,0.0,0.0,0
SKU029,2025-11-10,7,190.0,0,0,0,0,No Promotion,11,4,2025,46,-0.6631226582407955,0.7485107481711007,-0.5000000000000004,0.8660254037844384,Furniture,Chair,2220.08,4428.57,192.0,204.0,163.0,192.0,219.0,161.0,,181.5,204.0,204.69230769230768,19.739976359323904,38.336852840501734,-23.19230769230768,-0.6923076923076792,-0.11330326944757607,0.0,0.0,0
SKU029,2025-11-17,7,206.0,4,0,1,0,Black Friday,11,4,2025,47,-0.5680647467311559,0.8229838658936564,-0.5000000000000004,0.8660254037844384,Furniture,Chair,2220.08,4428.57,190.0,192.0,167.0,199.0,212.0,169.0,,188.25,203.75,202.46153846153845,15.456929406148776,38.432686980894644,-14.211538461538453,1.2884615384615472,-0.07019376899696039,188.25,0.5714285714285714,0
SKU029,2025-11-24,7,222.0,7,0,1,0,Black Friday,11,4,2025,48,-0.4647231720437684,0.88545602565321,-0.5000000000000004,0.8660254037844384,Furniture,Chair,2220.08,4428.57,206.0,190.0,204.0,233.0,236.0,207.0,,198.0,204.625,202.0,8.16496580927726,38.38875393356013,-4.0,2.625,-0.01980198019801982,198.0,1.0,0
SKU029,2025-12-01,7,183.0,0,0,0,0,No Promotion,12,4,2025,49,-0.35460488704253595,0.9350162426854147,-2.4492935982947064e-16,1.0,Furniture,Chair,2220.08,4428.57,222.0,206.0,192.0,282.0,183.0,200.0,,202.5,203.25,200.92307692307693,14.82115605027714,37.41180104115354,1.576923076923066,2.326923076923066,0.00784839203675336,0.0,0.0,0
SKU029,2025-12-08,7,220.0,0,0,0,0,No Promotion,12,4,2025,50,-0.2393156642875578,0.970941817426052,-2.4492935982947064e-16,1.0,Furniture,Chair,2220.08,4428.57,183.0,222.0,190.0,163.0,179.0,286.0,,200.25,190.875,200.92307692307693,17.404501333467348,19.931579394088597,-0.673076923076934,-10.048076923076934,-0.0033499234303216996,0.0,0.0,0
SKU029,2025-12-15,7,284.0,7,0,1,0,Year End Sale,12,4,2025,51,-0.12053668025532363,0.992708874098054,-2.4492935982947064e-16,1.0,Furniture,Chair,2220.08,4428.57,220.0,183.0,206.0,167.0,192.0,256.0,,207.75,198.0,204.07692307692307,17.969882210706523,18.69300862431116,3.673076923076934,-6.076923076923066,0.017998492272898625,207.75,1.0,0
SKU029,2025-12-22,7,277.0,7,1,1,1,Year End Sale,12,4,2025,52,6.432490598706546e-16,1.0,-2.4492935982947064e-16,1.0,Furniture,Chair,2220.08,4428.57,284.0,220.0,222.0,204.0,199.0,216.0,,227.25,212.625,211.15384615384616,41.867847647886876,32.00418499419814,16.09615384615384,1.4711538461538396,0.07622950819672125,227.25,1.0,1
SKU029,2025-12-29,7,228.0,3,0,1,0,Year End Sale,12,4,2025,1,0.12053668025532305,0.992708874098054,-2.4492935982947064e-16,1.0,Furniture,Chair,2220.08,4428.57,277.0,284.0,183.0,192.0,233.0,222.0,,241.0,221.75,217.15384615384616,48.13176359397884,38.86515148561755,23.84615384615384,4.59615384615384,0.10981225646475368,241.0,0.42857142857142855,0
SKU029,2026-01-05,7,204.0,0,0,0,0,No Promotion,1,1,2026,2,0.23931566428755774,0.970941817426052,0.49999999999999994,0.8660254037844387,Furniture,Chair,2220.08,4428.57,228.0,277.0,220.0,190.0,282.0,209.0,,252.25,226.25,216.76923076923077,32.90769920044042,36.966200778549045,35.480769230769226,9.480769230769226,0.1636799148332151,0.0,0.0,0
SKU029,2026-01-12,7,184.0,0,0,0,0,No Promotion,1,1,2026,3,0.3546048870425356,0.9350162426854148,0.49999999999999994,0.8660254037844387,Furniture,Chair,2220.08,4428.57,204.0,228.0,284.0,206.0,163.0,211.0,,248.25,228.0,210.76923076923077,38.61239006674758,35.298725189445584,37.480769230769226,17.230769230769226,0.1778284671532846,0.0,0.0,0
SKU029,2026-01-19,7,209.0,0,0,0,0,No Promotion,1,1,2026,4,0.4647231720437685,0.8854560256532099,0.49999999999999994,0.8660254037844387,Furniture,Chair,2220.08,4428.57,184.0,204.0,277.0,222.0,167.0,229.0,,223.25,225.25,212.3846153846154,40.09467961380081,38.010336939912996,10.865384615384613,12.865384615384613,0.05115900036218757,0.0,0.0,0
SKU029,2026-01-26,7,235.0,0,1,0,1,No Promotion,1,1,2026,5,0.5680647467311558,0.8229838658936564,0.49999999999999994,0.8660254037844387,Furniture,Chair,2220.08,4428.57,209.0,184.0,228.0,183.0,204.0,200.0,,206.25,223.625,215.6153846153846,18.080837001274784,38.44453332864301,-9.365384615384613,8.009615384615387,-0.04343560470924013,0.0,0.0,0
SKU029,2026-02-02,7,219.0,0,0,0,0,No Promotion,2,1,2026,6,0.6631226582407952,0.7485107481711011,0.8660254037844386,0.5000000000000001,Furniture,Chair,2220.08,4428.57,235.0,209.0,204.0,220.0,192.0,228.0,,208.0,230.125,218.0,20.9920619917784,34.8196886012169,-10.0,12.125,-0.04587155963302747,0.0,0.0,0
SKU029,2026-02-09,7,258.0,0,0,0,0,No Promotion,2,1,2026,7,0.7485107481711011,0.6631226582407953,0.8660254037844386,0.5000000000000001,Furniture,Chair,2220.08,4428.57,219.0,235.0,184.0,284.0,190.0,219.0,,211.75,230.0,220.07692307692307,21.375609153113448,34.86299716645962,-8.326923076923066,9.923076923076934,-0.03783642083187688,0.0,0.0,0
SKU029,2026-02-16,7,211.0,0,0,0,0,No Promotion,2,1,2026,8,0.8229838658936564,0.5680647467311559,0.8660254037844386,0.5000000000000001,Furniture,Chair,2220.08,4428.57,258.0,219.0,209.0,277.0,206.0,212.0,,230.25,226.75,225.30769230769232,21.375609153113448,29.979755073811305,4.942307692307679,1.4423076923076792,0.021935814271082155,0.0,0.0,0
SKU029,2026-02-23,7,199.0,0,0,0,0,No Promotion,2,1,2026,9,0.8854560256532099,0.4647231720437686,0.8660254037844386,0.5000000000000001,Furniture,Chair,2220.08,4428.57,211.0,258.0,235.0,228.0,222.0,236.0,,230.75,218.5,225.69230769230768,20.7263921928862,22.26464205223803,5.057692307692321,-7.192307692307679,0.022409679618268674,0.0,0.0,0
SKU029,2026-03-02,7,199.0,0,0,0,0,No Promotion,3,1,2026,10,0.9350162426854148,0.35460488704253557,1.0,6.123233995736766e-17,Furniture,Chair,2220.08,4428.57,199.0,211.0,219.0,204.0,183.0,183.0,,221.75,214.875,223.92307692307693,25.52613040265473,22.850054704529708,-2.173076923076934,-9.048076923076934,-0.009704568876674702,0.0,0.0,0
SKU029,2026-03-09,7,249.0,1,0,1,0,Spring Sale,3,1,2026,11,0.970941817426052,0.23931566428755804,1.0,6.123233995736766e-17,Furniture,Chair,2220.08,4428.57,199.0,199.0,258.0,184.0,220.0,179.0,,216.75,214.25,225.15384615384616,28.075790282732928,23.254799811774657,-8.40384615384616,-10.90384615384616,-0.03732490604714733,216.75,0.14285714285714285,0
SKU029,2026-03-16,7,220.0,7,0,1,0,Spring Sale,3,1,2026,12,0.992708874098054,0.120536680255323,1.0,6.123233995736766e-17,Furniture,Chair,2220.08,4428.57,249.0,199.0,211.0,209.0,284.0,192.0,,214.5,222.375,227.3846153846154,23.68543856465404,22.51943604977709,-12.884615384615387,-5.009615384615387,-0.05666441136671174,214.5,1.0,0
SKU029,2026-03-23,7,234.0,3,0,1,0,Spring Sale,3,1,2026,13,1.0,-1.6081226496766366e-16,1.0,6.123233995736766e-17,Furniture,Chair,2220.08,4428.57,220.0,249.0,199.0,235.0,277.0,199.0,,216.75,223.75,222.46153846153845,23.669600757089267,21.91379213450483,-5.711538461538453,1.2884615384615472,-0.02567427385892107,216.75,0.42857142857142855,0
SKU029,2026-03-30,7,245.0,0,0,0,0,No Promotion,3,1,2026,14,0.992708874098054,-0.12053668025532288,1.0,6.123233995736766e-17,Furniture,Chair,2220.08,4428.57,234.0,220.0,199.0,219.0,228.0,233.0,,225.5,223.625,219.15384615384616,21.268129521265717,21.843191158802785,6.34615384615384,4.47115384615384,0.02895752895752901,0.0,0.0,0
SKU029,2026-04-06,7,248.0,0,0,0,0,No Promotion,4,2,2026,15,0.9709418174260521,-0.2393156642875575,0.8660254037844387,-0.4999999999999998,Furniture,Chair,2220.08,4428.57,245.0,234.0,249.0,258.0,204.0,282.0,,237.0,226.875,220.46153846153845,12.987173159185469,22.962313845578745,16.538461538461547,6.413461538461547,0.07501744591765536,0.0,0.0,0
SKU029,2026-04-13,7,175.0,0,0,0,0,No Promotion,4,2,2026,16,0.9350162426854148,-0.35460488704253545,0.8660254037844387,-0.4999999999999998,Furniture,Chair,2220.08,4428.57,248.0,245.0,220.0,211.0,184.0,163.0,,236.75,225.625,223.84615384615384,12.685293322058715,21.232976374363673,12.90384615384616,1.7788461538461604,0.05764604810996565,0.0,0.0,0
SKU029,2026-04-20,7,199.0,0,0,0,0,No Promotion,4,2,2026,17,0.8854560256532099,-0.4647231720437685,0.8660254037844387,-0.4999999999999998,Furniture,Chair,2220.08,4428.57,175.0,248.0,234.0,199.0,209.0,167.0,,225.5,221.125,223.15384615384616,34.20038986132567,27.62730274823906,2.3461538461538396,-2.0288461538461604,0.010513615994484526,0.0,0.0,0
SKU029,2026-04-27,7,196.0,0,0,0,0,No Promotion,4,2,2026,18,0.8229838658936565,-0.5680647467311557,0.8660254037844387,-0.4999999999999998,Furniture,Chair,2220.08,4428.57,199.0,175.0,245.0,199.0,235.0,204.0,,216.75,221.125,222.3846153846154,35.7432977400426,27.62730274823906,-5.634615384615387,-1.2596153846153868,-0.025337253545485994,0.0,0.0,0
SKU029,2026-05-04,7,224.0,0,0,0,0,No Promotion,5,2,2026,19,0.7485107481711013,-0.663122658240795,0.49999999999999994,-0.8660254037844387,Furniture,Chair,2220.08,4428.57,196.0,199.0,248.0,249.0,219.0,192.0,,204.5,220.75,219.3846153846154,30.9030742807249,27.98851805396533,-14.884615384615387,1.3653846153846132,-0.06784712482468447,0.0,0.0,0
SKU029,2026-05-11,7,201.0,0,0,0,0,No Promotion,5,2,2026,20,0.6631226582407952,-0.7485107481711012,0.49999999999999994,-0.8660254037844387,Furniture,Chair,2220.08,4428.57,224.0,196.0,175.0,220.0,258.0,190.0,161.0,198.5,217.625,219.76923076923077,20.074859899884753,25.68455622687355,-21.269230769230774,-2.1442307692307736,-0.09677983899194964,0.0,0.0,0
SKU029,2026-05-18,7,225.0,0,0,0,0,No Promotion,5,2,2026,21,0.5680647467311558,-0.8229838658936564,0.49999999999999994,-0.8660254037844387,Furniture,Chair,2220.08,4428.57,201.0,224.0,199.0,234.0,211.0,206.0,169.0,205.0,215.25,215.3846153846154,12.83225103661347,26.304535187464758,-10.384615384615387,-0.1346153846153868,-0.048214285714285765,0.0,0.0,0
SKU029,2026-05-25,7,240.0,0,0,0,0,No Promotion,5,2,2026,22,0.46472317204376906,-0.8854560256532096,0.49999999999999994,-0.8660254037844387,Furniture,Chair,2220.08,4428.57,225.0,201.0,196.0,245.0,199.0,222.0,207.0,211.5,214.125,216.46153846153845,15.154757228892434,25.57028129908402,-4.961538461538453,-2.336538461538453,-0.02292110874200426,0.0,0.0,0
SKU029,2026-06-01,7,209.0,0,0,0,0,No Promotion,6,2,2026,23,0.35460488704253584,-0.9350162426854147,1.2246467991473532e-16,-1.0,Furniture,Chair,2220.08,4428.57,240.0,225.0,224.0,248.0,199.0,183.0,200.0,222.5,213.5,219.6153846153846,16.09347693943111,24.755951665349954,2.884615384615387,-6.115384615384613,0.013134851138353776,0.0,0.0,0
SKU029,2026-06-08,7,308.0,5,0,1,0,Summer Sale,6,2,2026,24,0.23931566428755768,-0.970941817426052,1.2246467991473532e-16,-1.0,Furniture,Chair,2220.08,4428.57,209.0,240.0,201.0,175.0,249.0,220.0,286.0,218.75,208.625,220.3846153846154,17.327723451163482,20.458581852820878,-1.6346153846153868,-11.759615384615387,-0.007417102966841171,218.75,0.7142857142857143,0
SKU029,2026-06-15,7,305.0,6,0,1,0,Summer Sale,6,2,2026,25,0.12053668025532308,-0.992708874098054,1.2246467991473532e-16,-1.0,Furniture,Chair,2220.08,4428.57,308.0,209.0,225.0,199.0,220.0,284.0,256.0,245.5,225.25,224.92307692307693,43.54690957270486,36.76858130834765,20.576923076923066,0.326923076923066,0.09148426812585497,245.5,0.8571428571428571,0
SKU029,2026-06-22,7,245.0,0,0,0,0,No Promotion,6,2,2026,26,-3.216245299353273e-16,-1.0,1.2246467991473532e-16,-1.0,Furniture,Chair,2220.08,4428.57,305.0,308.0,240.0,196.0,234.0,277.0,216.0,265.5,238.5,231.46153846153845,49.02040391510459,44.28801837324145,34.03846153846155,7.038461538461547,0.1470588235294119,0.0,0.0,0
SKU030,2025-01-06,7,379.0,3,0,1,0,New Year Sale,1,1,2025,2,0.23931566428755774,0.970941817426052,0.49999999999999994,0.8660254037844387,Home Decor,Clock,1399.52,1795.19,,,,,,,,,,,,,,,,,0.42857142857142855,0
SKU030,2025-01-13,7,376.0,3,0,1,0,New Year Sale,1,1,2025,3,0.3546048870425356,0.9350162426854148,0.49999999999999994,0.8660254037844387,Home Decor,Clock,1399.52,1795.19,379.0,,,,,,,,,,,,,,,,0.42857142857142855,0
SKU030,2025-01-20,7,362.0,0,1,0,1,No Promotion,1,1,2025,4,0.4647231720437685,0.8854560256532099,0.49999999999999994,0.8660254037844387,Home Decor,Clock,1399.52,1795.19,376.0,379.0,,,,,,,,,,,,,,,0.0,0
SKU030,2025-01-27,7,337.0,0,0,0,0,No Promotion,1,1,2025,5,0.5680647467311558,0.8229838658936564,0.49999999999999994,0.8660254037844387,Home Decor,Clock,1399.52,1795.19,362.0,376.0,,,,,,,,,,,,,,,0.0,0
SKU030,2025-02-03,7,337.0,0,0,0,0,No Promotion,2,1,2025,6,0.6631226582407952,0.7485107481711011,0.8660254037844386,0.5000000000000001,Home Decor,Clock,1399.52,1795.19,337.0,362.0,379.0,,,,,363.5,,,19.15724406066801,,,,,0.0,0.0,0
SKU030,2025-02-10,7,292.0,0,0,0,0,No Promotion,2,1,2025,7,0.7485107481711011,0.6631226582407953,0.8660254037844386,0.5000000000000001,Home Decor,Clock,1399.52,1795.19,337.0,337.0,376.0,,,,,353.0,,,19.339079605813705,,,,,0.0,0.0,0
SKU030,2025-02-17,7,353.0,0,0,0,0,No Promotion,2,1,2025,8,0.8229838658936564,0.5680647467311559,0.8660254037844386,0.5000000000000001,Home Decor,Clock,1399.52,1795.19,292.0,337.0,362.0,,,,,332.0,,,29.154759474226488,,,,,0.0,0.0,0
SKU030,2025-02-24,7,365.0,0,0,0,0,No Promotion,2,1,2025,9,0.8854560256532099,0.4647231720437686,0.8660254037844386,0.5000000000000001,Home Decor,Clock,1399.52,1795.19,353.0,292.0,337.0,,,,,329.75,,,26.272609310839286,,,,,0.0,0.0,0
SKU030,2025-03-03,7,345.0,0,0,0,0,No Promotion,3,1,2025,10,0.9350162426854148,0.35460488704253557,1.0,6.123233995736766e-17,Home Decor,Clock,1399.52,1795.19,365.0,353.0,337.0,379.0,,,,336.75,350.125,,31.962217278113428,28.27637832942138,,,,0.0,0.0,0
SKU030,2025-03-10,7,281.0,0,0,0,0,No Promotion,3,1,2025,11,0.970941817426052,0.23931566428755804,1.0,6.123233995736766e-17,Home Decor,Clock,1399.52,1795.19,345.0,365.0,292.0,376.0,,,,338.75,345.875,,32.23223024655083,25.759533602698838,,,,0.0,0.0,0
SKU030,2025-03-17,7,377.0,4,0,1,0,Spring Sale,3,1,2025,12,0.992708874098054,0.120536680255323,1.0,6.123233995736766e-17,Home Decor,Clock,1399.52,1795.19,281.0,345.0,353.0,362.0,,,,336.0,334.0,,37.57658845611186,31.208973068654426,,,,336.0,0.5714285714285714,0
SKU030,2025-03-24,7,382.0,4,0,1,0,Spring Sale,3,1,2025,13,1.0,-1.6081226496766366e-16,1.0,6.123233995736766e-17,Home Decor,Clock,1399.52,1795.19,377.0,281.0,365.0,337.0,,,,342.0,335.875,,42.75511665286389,33.49813427640408,,,,342.0,0.5714285714285714,0
SKU030,2025-03-31,7,328.0,0,0,0,0,No Promotion,3,1,2025,14,0.992708874098054,-0.12053668025532288,1.0,6.123233995736766e-17,Home Decor,Clock,1399.52,1795.19,382.0,377.0,345.0,337.0,,,,346.25,341.5,,46.48566087157055,37.2788718406859,,,,0.0,0.0,0
SKU030,2025-04-07,7,347.0,0,0,0,0,No Promotion,4,2,2025,15,0.9709418174260521,-0.2393156642875575,0.8660254037844387,-0.4999999999999998,Home Decor,Clock,1399.52,1795.19,328.0,382.0,281.0,292.0,379.0,,,342.0,340.375,347.2307692307692,47.406047434196964,37.56874650937548,-5.230769230769226,-6.855769230769226,-0.015064244572441265,0.0,0.0,0
SKU030,2025-04-14,7,311.0,0,0,0,0,No Promotion,4,2,2025,16,0.9350162426854148,-0.35460488704253545,0.8660254037844387,-0.4999999999999998,Home Decor,Clock,1399.52,1795.19,347.0,328.0,377.0,353.0,376.0,,,358.5,347.25,344.7692307692308,25.54081700598735,32.08359616466243,13.730769230769226,2.4807692307692264,0.039825970548862166,0.0,0.0,0
SKU030,2025-04-21,7,331.0,0,0,0,0,No Promotion,4,2,2025,17,0.8854560256532099,-0.4647231720437685,0.8660254037844387,-0.4999999999999998,Home Decor,Clock,1399.52,1795.19,311.0,347.0,382.0,365.0,362.0,,,342.0,342.0,339.7692307692308,30.452148254816645,34.36360200644195,2.2307692307692264,2.2307692307692264,0.006565542223228471,0.0,0.0,0
SKU030,2025-04-28,7,288.0,0,0,0,0,No Promotion,4,2,2025,18,0.8229838658936565,-0.5680647467311557,0.8660254037844387,-0.4999999999999998,Home Decor,Clock,1399.52,1795.19,331.0,311.0,328.0,345.0,337.0,,,329.25,337.75,337.38461538461536,14.75070619778364,33.1953094793311,-8.134615384615358,0.3653846153846416,-0.024110807113542965,0.0,0.0,0
SKU030,2025-05-05,7,318.0,0,0,0,0,No Promotion,5,2,2025,19,0.7485107481711013,-0.663122658240795,0.49999999999999994,-0.8660254037844387,Home Decor,Clock,1399.52,1795.19,288.0,331.0,347.0,281.0,337.0,,,319.25,330.625,333.61538461538464,25.51306854666185,37.28246428090745,-14.365384615384642,-2.9903846153846416,-0.04305971869956193,0.0,0.0,0
SKU030,2025-05-12,7,346.0,0,0,0,0,No Promotion,5,2,2025,20,0.6631226582407952,-0.7485107481711012,0.49999999999999994,-0.8660254037844387,Home Decor,Clock,1399.52,1795.19,318.0,288.0,311.0,377.0,292.0,,,312.0,335.25,332.15384615384613,18.018509002319426,32.19472006401046,-20.153846153846132,3.096153846153868,-0.06067623899953678,0.0,0.0,0
SKU030,2025-05-19,7,284.0,0,0,0,0,No Promotion,5,2,2025,21,0.5680647467311558,-0.8229838658936564,0.49999999999999994,-0.8660254037844387,Home Decor,Clock,1399.52,1795.19,346.0,318.0,331.0,382.0,353.0,,,320.75,331.375,336.3076923076923,24.64920553148383,28.050655709168062,-15.55769230769232,-4.932692307692321,-0.046260292772186684,0.0,0.0,0
SKU030,2025-05-26,7,318.0,0,0,0,0,No Promotion,5,2,2025,22,0.46472317204376906,-0.8854560256532096,0.49999999999999994,-0.8660254037844387,Home Decor,Clock,1399.52,1795.19,284.0,346.0,288.0,328.0,365.0,,,309.0,319.125,331.0,28.95974217196462,23.871306745008344,-22.0,-11.875,-0.06646525679758308,0.0,0.0,0
SKU030,2025-06-02,7,369.0,0,0,0,0,No Promotion,6,2,2025,23,0.35460488704253584,-0.9350162426854147,1.2246467991473532e-16,-1.0,Home Decor,Clock,1399.52,1795.19,318.0,284.0,318.0,347.0,345.0,,,316.5,317.875,327.38461538461536,25.370586644117356,23.600469123666542,-10.884615384615358,-9.509615384615358,-0.033247180451127734,0.0,0.0,0
SKU030,2025-06-09,7,468.0,6,0,1,0,Summer Sale,6,2,2025,24,0.23931566428755768,-0.970941817426052,1.2246467991473532e-16,-1.0,Home Decor,Clock,1399.52,1795.19,369.0,318.0,346.0,311.0,281.0,,,329.25,320.625,329.2307692307692,36.67310549526268,28.294055407957458,0.019230769230773603,-8.605769230769226,5.841121495331336e-05,329.25,0.8571428571428571,0
SKU030,2025-06-16,7,509.0,5,0,1,0,Summer Sale,6,2,2025,25,0.12053668025532308,-0.992708874098054,1.2246467991473532e-16,-1.0,Home Decor,Clock,1399.52,1795.19,468.0,369.0,284.0,331.0,377.0,,,359.75,340.25,343.61538461538464,80.1763680893566,58.736092578827275,16.13461538461536,-3.3653846153846416,0.04695545108573973,359.75,0.7142857142857143,0
SKU030,2025-06-23,7,407.0,0,0,0,0,No Promotion,6,2,2025,26,-3.216245299353273e-16,-1.0,1.2246467991473532e-16,-1.0,Home Decor,Clock,1399.52,1795.19,509.0,468.0,318.0,288.0,382.0,,,416.0,362.5,353.7692307692308,87.87491109526086,83.30666239863412,62.230769230769226,8.730769230769226,0.17590780604479228,0.0,0.0,0
SKU030,2025-06-30,7,339.0,0,0,0,0,No Promotion,6,2,2025,27,-0.12053668025532283,-0.992708874098054,1.2246467991473532e-16,-1.0,Home Decor,Clock,1399.52,1795.19,407.0,509.0,369.0,318.0,328.0,,,438.25,377.375,355.6923076923077,62.350487835568146,78.59468811567358,82.55769230769232,21.68269230769232,0.2321042387543253,0.0,0.0,0
SKU030,2025-07-07,7,346.0,0,0,0,0,No Promotion,7,3,2025,28,-0.23931566428755743,-0.9709418174260521,-0.4999999999999997,-0.8660254037844388,Home Decor,Clock,1399.52,1795.19,339.0,407.0,468.0,346.0,347.0,379.0,,430.75,380.0,356.53846153846155,74.14568991744113,76.65507158694722,74.21153846153845,23.461538461538453,0.2081445523193095,0.0,0.0,0
SKU030,2025-07-14,7,376.0,0,0,0,0,No Promotion,7,3,2025,29,-0.3546048870425356,-0.9350162426854148,-0.4999999999999997,-0.8660254037844388,Home Decor,Clock,1399.52,1795.19,346.0,339.0,509.0,284.0,311.0,376.0,,400.25,380.0,356.46153846153845,78.66966802184095,76.65507158694722,43.78846153846155,23.538461538461547,0.12284203711696162,0.0,0.0,0
SKU030,2025-07-21,7,358.0,0,0,0,0,No Promotion,7,3,2025,30,-0.46472317204376806,-0.8854560256532101,-0.4999999999999997,-0.8660254037844388,Home Decor,Clock,1399.52,1795.19,376.0,346.0,407.0,318.0,331.0,362.0,,367.0,391.5,361.46153846153845,31.123410267299825,66.41213314275812,5.538461538461547,30.038461538461547,0.015322409023196482,0.0,0.0,0
SKU030,2025-07-28,7,414.0,0,0,0,0,No Promotion,7,3,2025,31,-0.5680647467311556,-0.8229838658936566,-0.4999999999999997,-0.8660254037844388,Home Decor,Clock,1399.52,1795.19,358.0,376.0,339.0,369.0,288.0,337.0,,354.75,396.5,363.53846153846155,16.19413474070158,61.40497885816289,-8.788461538461547,32.96153846153845,-0.024174777824799043,0.0,0.0,0
SKU030,2025-08-04,7,367.0,0,0,0,0,No Promotion,8,3,2025,32,-0.663122658240795,-0.7485107481711013,-0.8660254037844385,-0.5000000000000004,Home Decor,Clock,1399.52,1795.19,414.0,358.0,346.0,468.0,318.0,337.0,,373.5,402.125,373.2307692307692,29.681644159311624,60.58155659934799,0.2692307692307736,28.894230769230774,0.000721352019785737,0.0,0.0,0
SKU030,2025-08-11,7,381.0,0,1,0,1,No Promotion,8,3,2025,33,-0.7485107481711011,-0.6631226582407952,-0.8660254037844385,-0.5000000000000004,Home Decor,Clock,1399.52,1795.19,367.0,414.0,376.0,509.0,346.0,292.0,,378.75,389.5,377.0,24.622144504490215,55.175046119470686,1.75,12.5,0.004641909814323553,0.0,0.0,0
SKU030,2025-08-18,7,304.0,0,0,0,0,No Promotion,8,3,2025,34,-0.8229838658936564,-0.5680647467311559,-0.8660254037844385,-0.5000000000000004,Home Decor,Clock,1399.52,1795.19,381.0,367.0,358.0,407.0,284.0,353.0,,380.0,373.5,379.6923076923077,24.562844569254004,26.870057685088835,0.3076923076923208,-6.192307692307679,0.0008103727714749986,0.0,0.0,0
SKU030,2025-08-25,7,351.0,0,0,0,0,No Promotion,8,3,2025,35,-0.8854560256532096,-0.4647231720437691,-0.8660254037844385,-0.5000000000000004,Home Decor,Clock,1399.52,1795.19,304.0,381.0,414.0,339.0,318.0,365.0,,366.5,360.625,381.2307692307692,46.09049070397636,32.592450922611775,-14.730769230769226,-20.605769230769226,-0.03864003228410007,0.0,0.0,0
SKU030,2025-09-01,7,317.0,0,0,0,0,No Promotion,9,3,2025,36,-0.9350162426854147,-0.3546048870425359,-1.0,-1.8369701987210297e-16,Home Decor,Clock,1399.52,1795.19,351.0,304.0,367.0,346.0,369.0,345.0,,350.75,362.125,383.7692307692308,33.490048273081534,31.71947351391571,-33.019230769230774,-21.644230769230774,-0.08603928643014636,0.0,0.0,0
SKU030,2025-09-08,7,302.0,0,0,0,0,No Promotion,9,3,2025,37,-0.970941817426052,-0.23931566428755774,-1.0,-1.8369701987210297e-16,Home Decor,Clock,1399.52,1795.19,317.0,351.0,381.0,376.0,468.0,281.0,,338.25,358.5,379.7692307692308,34.71190957966249,35.282533112818626,-41.519230769230774,-21.269230769230774,-0.10932752683816083,0.0,0.0,0
SKU030,2025-09-15,7,328.0,0,0,0,0,No Promotion,9,3,2025,38,-0.992708874098054,-0.12053668025532357,-1.0,-1.8369701987210297e-16,Home Decor,Clock,1399.52,1795.19,302.0,317.0,304.0,358.0,509.0,377.0,,318.5,349.25,367.0,22.66421555374605,39.48869639348888,-48.5,-17.75,-0.13215258855585832,0.0,0.0,0
SKU030,2025-09-22,7,329.0,0,0,0,0,No Promotion,9,3,2025,39,-1.0,-1.8369701987210297e-16,-1.0,-1.8369701987210297e-16,Home Decor,Clock,1399.52,1795.19,328.0,302.0,351.0,414.0,407.0,382.0,,324.5,345.5,353.0769230769231,20.631690833924992,39.960694974651545,-28.576923076923094,-7.576923076923094,-0.08093681917211337,0.0,0.0,0
SKU030,2025-09-29,7,482.0,5,1,1,1,Festive Sale,9,3,2025,40,-0.992708874098054,0.1205366802553232,-1.0,-1.8369701987210297e-16,Home Decor,Clock,1399.52,1795.19,329.0,328.0,317.0,367.0,339.0,328.0,,319.0,334.875,347.0769230769231,12.569805089976455,28.920766142785897,-28.076923076923094,-12.201923076923094,-0.08089539007092206,319.0,0.7142857142857143,1
SKU030,2025-10-06,7,406.0,5,0,1,0,Festive Sale,10,4,2025,41,-0.9709418174260521,0.23931566428755738,-0.8660254037844386,0.5000000000000001,Home Decor,Clock,1399.52,1795.19,482.0,329.0,302.0,381.0,346.0,347.0,,360.25,349.25,358.0769230769231,82.12338278468562,59.540502421221035,2.1730769230769056,-8.826923076923094,0.006068743286788303,360.25,0.7142857142857143,0
SKU030,2025-10-13,7,317.0,0,0,0,0,No Promotion,10,4,2025,42,-0.9350162426854148,0.35460488704253557,-0.8660254037844386,0.5000000000000001,Home Decor,Clock,1399.52,1795.19,406.0,482.0,328.0,304.0,376.0,311.0,,386.25,352.375,362.6923076923077,73.54986970303435,62.04822433282956,23.55769230769232,-10.31730769230768,0.06495227995758213,0.0,0.0,0
SKU030,2025-10-20,7,322.0,0,0,0,0,No Promotion,10,4,2025,43,-0.8854560256532101,0.464723172043768,-0.8660254037844386,0.5000000000000001,Home Decor,Clock,1399.52,1795.19,317.0,406.0,329.0,351.0,358.0,331.0,,383.5,354.0,358.15384615384613,76.59634456029868,60.757127741760236,25.346153846153868,-4.153846153846132,0.0707689003436427,0.0,0.0,0
SKU030,2025-10-27,7,358.0,0,1,0,1,No Promotion,10,4,2025,44,-0.822983865893657,0.5680647467311548,-0.8660254037844386,0.5000000000000001,Home Decor,Clock,1399.52,1795.19,322.0,317.0,482.0,317.0,414.0,288.0,,381.75,350.375,355.38461538461536,78.31719691953569,61.817559918567746,26.36538461538464,-5.009615384615358,0.07418831168831175,0.0,0.0,0
SKU030,2025-11-03,7,319.0,0,0,0,0,No Promotion,11,4,2025,45,-0.7485107481711011,0.6631226582407952,-0.5000000000000004,0.8660254037844384,Home Decor,Clock,1399.52,1795.19,358.0,322.0,406.0,302.0,367.0,318.0,,350.75,355.5,351.0769230769231,41.11265012134338,60.33714799832213,-0.3269230769230944,4.423076923076906,-0.0009312007011393897,0.0,0.0,0
SKU030,2025-11-10,7,318.0,0,0,0,0,No Promotion,11,4,2025,46,-0.6631226582407955,0.7485107481711007,-0.5000000000000004,0.8660254037844384,Home Decor,Clock,1399.52,1795.19,319.0,358.0,317.0,328.0,381.0,346.0,,329.0,357.625,347.38461538461536,19.442222095223453,58.45373628532471,-18.38461538461536,10.240384615384642,-0.052922940655447226,0.0,0.0,0
SKU030,2025-11-17,7,387.0,4,0,1,0,Black Friday,11,4,2025,47,-0.5680647467311559,0.8229838658936564,-0.5000000000000004,0.8660254037844384,Home Decor,Clock,1399.52,1795.19,318.0,319.0,322.0,329.0,304.0,284.0,,329.25,356.375,342.53846153846155,19.24188140489373,59.27885072146004,-13.288461538461547,13.836538461538453,-0.038794071412530884,329.25,0.5714285714285714,0
SKU030,2025-11-24,7,406.0,7,0,1,0,Black Friday,11,4,2025,48,-0.4647231720437684,0.88545602565321,-0.5000000000000004,0.8660254037844384,Home Decor,Clock,1399.52,1795.19,387.0,318.0,358.0,482.0,351.0,318.0,,345.5,363.625,348.9230769230769,33.35166162777093,58.99863799880712,-3.4230769230769056,14.701923076923094,-0.009810405643738918,345.5,1.0,0
SKU030,2025-12-01,7,353.0,0,0,0,0,No Promotion,12,4,2025,49,-0.35460488704253595,0.9350162426854147,-2.4492935982947064e-16,1.0,Home Decor,Clock,1399.52,1795.19,406.0,387.0,319.0,406.0,317.0,369.0,,357.5,354.125,353.15384615384613,45.698285890537825,40.40310278042659,4.346153846153868,0.971153846153868,0.012306686996297111,0.0,0.0,0
SKU030,2025-12-08,7,385.0,0,0,0,0,No Promotion,12,4,2025,50,-0.2393156642875578,0.970941817426052,-2.4492935982947064e-16,1.0,Home Decor,Clock,1399.52,1795.19,353.0,406.0,318.0,317.0,302.0,468.0,,366.0,347.5,355.9230769230769,38.79003308411404,34.612136599753555,10.076923076923094,-8.423076923076906,0.028312081262156896,0.0,0.0,0
SKU030,2025-12-15,7,534.0,7,0,1,0,Year End Sale,12,4,2025,51,-0.12053668025532363,0.992708874098054,-2.4492935982947064e-16,1.0,Home Decor,Clock,1399.52,1795.19,385.0,353.0,387.0,322.0,328.0,509.0,,382.75,356.0,362.3076923076923,21.9753649950726,34.40099666330283,20.44230769230768,-6.307692307692321,0.05642250530785553,382.75,1.0,0
SKU030,2025-12-22,7,512.0,7,1,1,1,Year End Sale,12,4,2025,52,6.432490598706546e-16,1.0,-2.4492935982947064e-16,1.0,Home Decor,Clock,1399.52,1795.19,534.0,385.0,406.0,358.0,329.0,407.0,,419.5,382.5,378.15384615384613,79.3830376507895,68.86218120274731,41.34615384615387,4.346153846153868,0.10933685923515069,419.5,1.0,1
SKU030,2025-12-29,7,421.0,3,0,1,0,Year End Sale,12,4,2025,1,0.12053668025532305,0.992708874098054,-2.4492935982947064e-16,1.0,Home Decor,Clock,1399.52,1795.19,512.0,534.0,353.0,319.0,482.0,339.0,,446.0,401.75,392.2307692307692,90.31426613036649,81.4156004706715,53.769230769230774,9.519230769230774,0.13708570307903511,446.0,0.42857142857142855,0
SKU030,2026-01-05,7,346.0,0,0,0,0,No Promotion,1,1,2026,2,0.23931566428755774,0.970941817426052,0.49999999999999994,0.8660254037844387,Home Decor,Clock,1399.52,1795.19,421.0,512.0,385.0,318.0,406.0,346.0,379.0,463.0,414.5,387.53846153846155,71.39094246938237,74.27939533564191,75.46153846153845,26.961538461538453,0.19472012703453756,0.0,0.0,0
SKU030,2026-01-12,7,374.0,0,0,0,0,No Promotion,1,1,2026,3,0.3546048870425356,0.9350162426854148,0.49999999999999994,0.8660254037844387,Home Decor,Clock,1399.52,1795.19,346.0,421.0,534.0,387.0,317.0,376.0,376.0,453.25,418.0,382.9230769230769,86.63092211598965,69.59474528603852,70.3269230769231,35.076923076923094,0.1836580956207312,0.0,0.0,0
SKU030,2026-01-19,7,380.0,0,0,0,0,No Promotion,1,1,2026,4,0.4647231720437685,0.8854560256532099,0.49999999999999994,0.8660254037844387,Home Decor,Clock,1399.52,1795.19,374.0,346.0,512.0,406.0,322.0,358.0,362.0,413.25,416.375,387.3076923076923,72.74327002089835,70.56696414450205,25.94230769230768,29.06730769230768,0.06698113207547163,0.0,0.0,0
SKU030,2026-01-26,7,348.0,0,1,0,1,No Promotion,1,1,2026,5,0.5680647467311558,0.8229838658936564,0.49999999999999994,0.8660254037844387,Home Decor,Clock,1399.52,1795.19,380.0,374.0,421.0,353.0,358.0,414.0,337.0,380.25,413.125,391.7692307692308,30.944843404569486,71.70263493863295,-11.519230769230774,21.355769230769226,-0.029403102297270722,0.0,0.0,0
SKU030,2026-02-02,7,370.0,0,0,0,0,No Promotion,2,1,2026,6,0.6631226582407952,0.7485107481711011,0.8660254037844386,0.5000000000000001,Home Decor,Clock,1399.52,1795.19,348.0,380.0,346.0,385.0,319.0,367.0,337.0,362.0,412.5,391.0,17.51190071541811,72.32071428218698,-29.0,21.5,-0.07416879795396425,0.0,0.0,0
SKU030,2026-02-09,7,373.0,0,0,0,0,No Promotion,2,1,2026,7,0.7485107481711011,0.6631226582407953,0.8660254037844386,0.5000000000000001,Home Decor,Clock,1399.52,1795.19,370.0,348.0,374.0,534.0,318.0,381.0,292.0,368.0,410.625,394.9230769230769,13.952299690970715,73.32303769718537,-26.923076923076906,15.701923076923094,-0.06817296455005839,0.0,0.0,0
SKU030,2026-02-16,7,349.0,0,0,0,0,No Promotion,2,1,2026,8,0.8229838658936564,0.5680647467311559,0.8660254037844386,0.5000000000000001,Home Decor,Clock,1399.52,1795.19,373.0,370.0,380.0,512.0,387.0,304.0,353.0,367.75,390.5,399.15384615384613,13.817259737974876,54.23230455312464,-31.403846153846132,-8.653846153846132,-0.07867604548082474,0.0,0.0,0
SKU030,2026-02-23,7,433.0,0,0,0,0,No Promotion,2,1,2026,9,0.8854560256532099,0.4647231720437686,0.8660254037844386,0.5000000000000001,Home Decor,Clock,1399.52,1795.19,349.0,373.0,348.0,421.0,406.0,351.0,365.0,360.0,370.125,396.2307692307692,13.341664064126146,24.573141551586136,-36.230769230769226,-26.105769230769226,-0.09143855562026793,0.0,0.0,0
SKU030,2026-03-02,7,323.0,0,0,0,0,No Promotion,3,1,2026,10,0.9350162426854148,0.35460488704253557,1.0,6.123233995736766e-17,Home Decor,Clock,1399.52,1795.19,433.0,349.0,370.0,346.0,353.0,317.0,345.0,381.25,371.625,398.3076923076923,36.114401559488634,28.21821853241024,-17.05769230769232,-26.68269230769232,-0.04282541521823102,0.0,0.0,0
SKU030,2026-03-09,7,327.0,1,0,1,0,Spring Sale,3,1,2026,11,0.970941817426052,0.23931566428755804,1.0,6.123233995736766e-17,Home Decor,Clock,1399.52,1795.19,323.0,433.0,373.0,374.0,385.0,302.0,281.0,369.5,368.75,396.0,46.99999999999995,32.10585171406791,-26.5,-27.25,-0.06691919191919193,369.5,0.14285714285714285,0
SKU030,2026-03-16,7,454.0,7,0,1,0,Spring Sale,3,1,2026,12,0.992708874098054,0.120536680255323,1.0,6.123233995736766e-17,Home Decor,Clock,1399.52,1795.19,327.0,323.0,349.0,380.0,534.0,328.0,377.0,358.0,362.875,391.53846153846155,51.290025021115575,35.1626323571731,-33.53846153846155,-28.663461538461547,-0.08565815324165027,358.0,1.0,0
SKU030,2026-03-23,7,352.0,3,0,1,0,Spring Sale,3,1,2026,13,1.0,-1.6081226496766366e-16,1.0,6.123233995736766e-17,Home Decor,Clock,1399.52,1795.19,454.0,327.0,433.0,348.0,512.0,329.0,382.0,384.25,372.125,385.38461538461536,68.97040428087007,47.78056239578126,-1.1346153846153584,-13.259615384615358,-0.002944111776447045,384.25,0.42857142857142855,0
SKU030,2026-03-30,7,361.0,0,0,0,0,No Promotion,3,1,2026,14,0.992708874098054,-0.12053668025532288,1.0,6.123233995736766e-17,Home Decor,Clock,1399.52,1795.19,352.0,454.0,323.0,370.0,421.0,482.0,328.0,364.0,372.625,373.0769230769231,61.35687953821203,47.512216474141866,-9.076923076923094,-0.4519230769230944,-0.02432989690721654,0.0,0.0,0
SKU030,2026-04-06,7,320.0,0,0,0,0,No Promotion,4,2,2026,15,0.9709418174260521,-0.2393156642875575,0.8660254037844387,-0.4999999999999998,Home Decor,Clock,1399.52,1795.19,361.0,352.0,327.0,373.0,346.0,406.0,347.0,373.5,371.5,368.46153846153845,55.560777532356354,47.68947173418592,5.038461538461547,3.038461538461547,0.013674321503131637,0.0,0.0,0
SKU030,2026-04-13,7,354.0,0,0,0,0,No Promotion,4,2,2026,16,0.9350162426854148,-0.35460488704253545,0.8660254037844387,-0.4999999999999998,Home Decor,Clock,1399.52,1795.19,320.0,361.0,454.0,349.0,374.0,317.0,311.0,371.75,364.875,366.46153846153845,57.58689086936362,51.016628941664024,5.288461538461547,-1.5865384615384528,0.014431150293870765,0.0,0.0,0
SKU030,2026-04-20,7,342.0,0,0,0,0,No Promotion,4,2,2026,17,0.8854560256532099,-0.4647231720437685,0.8660254037844387,-0.4999999999999998,Home Decor,Clock,1399.52,1795.19,354.0,320.0,352.0,433.0,380.0,322.0,331.0,346.75,365.5,364.9230769230769,18.246004128758194,50.82462845061299,-18.173076923076906,0.5769230769230944,-0.049799747048903886,0.0,0.0,0
SKU030,2026-04-27,7,344.0,0,0,0,0,No Promotion,4,2,2026,18,0.8229838658936565,-0.5680647467311557,0.8660254037844387,-0.4999999999999998,Home Decor,Clock,1399.52,1795.19,342.0,354.0,361.0,323.0,348.0,358.0,288.0,344.25,354.125,362.0,17.969882210706366,43.16558649135742,-17.75,-7.875,-0.04903314917127077,0.0,0.0,0
SKU030,2026-05-04,7,333.0,0,0,0,0,No Promotion,5,2,2026,19,0.7485107481711013,-0.663122658240795,0.49999999999999994,-0.8660254037844387,Home Decor,Clock,1399.52,1795.19,344.0,342.0,320.0,327.0,370.0,319.0,318.0,340.0,356.75,361.6923076923077,14.329456840136258,41.61301307455227,-21.69230769230768,-4.942307692307679,-0.05997447894512975,0.0,0.0,0
SKU030,2026-05-11,7,339.0,0,0,0,0,No Promotion,5,2,2026,20,0.6631226582407952,-0.7485107481711012,0.49999999999999994,-0.8660254037844387,Home Decor,Clock,1399.52,1795.19,333.0,344.0,354.0,454.0,373.0,318.0,346.0,343.25,357.5,358.84615384615387,8.61684396980672,41.05049155787125,-15.596153846153868,-1.346153846153868,-0.043461950696677465,0.0,0.0,0
SKU030,2026-05-18,7,339.0,0,0,0,0,No Promotion,5,2,2026,21,0.5680647467311558,-0.8229838658936564,0.49999999999999994,-0.8660254037844387,Home Decor,Clock,1399.52,1795.19,339.0,333.0,342.0,352.0,349.0,387.0,284.0,339.5,343.125,356.2307692307692,4.795831523312144,12.944248584934199,-16.730769230769226,-13.105769230769226,-0.04696609803498164,0.0,0.0,0
SKU030,2026-05-25,7,385.0,0,0,0,0,No Promotion,5,2,2026,22,0.46472317204376906,-0.8854560256532096,0.49999999999999994,-0.8660254037844387,Home Decor,Clock,1399.52,1795.19,339.0,339.0,344.0,361.0,433.0,406.0,318.0,338.75,341.5,355.46153846153845,4.499999999999388,12.47855302966995,-16.711538461538453,-13.961538461538453,-0.047013633412681166,0.0,0.0,0
SKU030,2026-06-01,7,468.0,0,0,0,0,No Promotion,6,2,2026,23,0.35460488704253584,-0.9350162426854147,1.2246467991473532e-16,-1.0,Home Decor,Clock,1399.52,1795.19,385.0,339.0,333.0,320.0,323.0,353.0,369.0,349.0,344.5,351.7692307692308,24.166091947189027,19.011274850166444,-2.7692307692307736,-7.269230769230774,-0.00787229389897226,0.0,0.0,0
SKU030,2026-06-08,7,504.0,5,0,1,0,Summer Sale,6,2,2026,24,0.23931566428755768,-0.970941817426052,1.2246467991473532e-16,-1.0,Home Decor,Clock,1399.52,1795.19,468.0,385.0,339.0,354.0,327.0,385.0,468.0,382.75,363.0,362.9230769230769,60.82968025561202,45.4249773960161,19.826923076923094,0.07692307692309441,0.054631199660873264,382.75,0.7142857142857143,0
SKU030,2026-06-15,7,525.0,6,0,1,0,Summer Sale,6,2,2026,25,0.12053668025532308,-0.992708874098054,1.2246467991473532e-16,-1.0,Home Decor,Clock,1399.52,1795.19,504.0,468.0,339.0,342.0,454.0,534.0,509.0,424.0,381.75,376.53846153846155,75.4585979196539,67.00906122095944,47.46153846153845,5.211538461538453,0.126046986721144,424.0,0.8571428571428571,0
SKU030,2026-06-22,7,387.0,0,0,0,0,No Promotion,6,2,2026,26,-3.216245299353273e-16,-1.0,1.2246467991473532e-16,-1.0,Home Decor,Clock,1399.52,1795.19,525.0,504.0,385.0,344.0,352.0,512.0,407.0,470.5,404.625,382.0,61.66846844214632,81.22796404476202,88.5,22.625,0.23167539267015713,0.0,0.0,0
SKU031,2025-03-03,7,96.0,0,0,0,0,No Promotion,3,1,2025,10,0.9350162426854148,0.35460488704253557,1.0,6.123233995736766e-17,Small Appliances,Toaster,1679.89,2955.84,,,,,,,,,,,,,,,,,0.0,0
SKU031,2025-03-10,7,126.0,0,0,0,0,No Promotion,3,1,2025,11,0.970941817426052,0.23931566428755804,1.0,6.123233995736766e-17,Small Appliances,Toaster,1679.89,2955.84,96.0,,,,,,,,,,,,,,,,0.0,0
SKU031,2025-03-17,7,133.0,4,0,1,0,Spring Sale,3,1,2025,12,0.992708874098054,0.120536680255323,1.0,6.123233995736766e-17,Small Appliances,Toaster,1679.89,2955.84,126.0,96.0,,,,,,,,,,,,,,,0.5714285714285714,0
SKU031,2025-03-24,7,138.0,4,0,1,0,Spring Sale,3,1,2025,13,1.0,-1.6081226496766366e-16,1.0,6.123233995736766e-17,Small Appliances,Toaster,1679.89,2955.84,133.0,126.0,,,,,,,,,,,,,,,0.5714285714285714,0
SKU031,2025-03-31,7,116.0,0,0,0,0,No Promotion,3,1,2025,14,0.992708874098054,-0.12053668025532288,1.0,6.123233995736766e-17,Small Appliances,Toaster,1679.89,2955.84,138.0,133.0,96.0,,,,,123.25,,,18.821530224718714,,,,,0.0,0.0,0
SKU031,2025-04-07,7,99.0,0,0,0,0,No Promotion,4,2,2025,15,0.9709418174260521,-0.2393156642875575,0.8660254037844387,-0.4999999999999998,Small Appliances,Toaster,1679.89,2955.84,116.0,138.0,126.0,,,,,128.25,,,9.535023160258538,,,,,0.0,0.0,0
SKU031,2025-04-14,7,107.0,0,0,0,0,No Promotion,4,2,2025,16,0.9350162426854148,-0.35460488704253545,0.8660254037844387,-0.4999999999999998,Small Appliances,Toaster,1679.89,2955.84,99.0,116.0,133.0,,,,,121.5,,,17.710637105046974,,,,,0.0,0.0,0
SKU031,2025-04-21,7,119.0,0,0,0,0,No Promotion,4,2,2025,17,0.8854560256532099,-0.4647231720437685,0.8660254037844387,-0.4999999999999998,Small Appliances,Toaster,1679.89,2955.84,107.0,99.0,138.0,,,,,115.0,,,16.832508230603466,,,,,0.0,0.0,0
SKU031,2025-04-28,7,114.0,0,0,0,0,No Promotion,4,2,2025,18,0.8229838658936565,-0.5680647467311557,0.8660254037844387,-0.4999999999999998,Small Appliances,Toaster,1679.89,2955.84,119.0,107.0,116.0,96.0,,,,110.25,116.75,,9.06917857360853,15.341354009902219,,,,0.0,0.0,0
SKU031,2025-05-05,7,102.0,0,0,0,0,No Promotion,5,2,2025,19,0.7485107481711013,-0.663122658240795,0.49999999999999994,-0.8660254037844387,Small Appliances,Toaster,1679.89,2955.84,114.0,119.0,99.0,126.0,,,,109.75,119.0,,8.693867570496652,13.005493344846904,,,,0.0,0.0,0
SKU031,2025-05-12,7,133.0,0,0,0,0,No Promotion,5,2,2025,20,0.6631226582407952,-0.7485107481711012,0.49999999999999994,-0.8660254037844387,Small Appliances,Toaster,1679.89,2955.84,102.0,114.0,107.0,133.0,,,,110.5,116.0,,7.505553499465137,13.897584579446068,,,,0.0,0.0,0
SKU031,2025-05-19,7,125.0,0,0,0,0,No Promotion,5,2,2025,21,0.5680647467311558,-0.8229838658936564,0.49999999999999994,-0.8660254037844387,Small Appliances,Toaster,1679.89,2955.84,133.0,102.0,119.0,138.0,,,,117.0,116.0,,12.832251036613439,13.897584579446068,,,,0.0,0.0,0
SKU031,2025-05-26,7,142.0,0,0,0,0,No Promotion,5,2,2025,22,0.46472317204376906,-0.8854560256532096,0.49999999999999994,-0.8660254037844387,Small Appliances,Toaster,1679.89,2955.84,125.0,133.0,114.0,116.0,,,,118.5,114.375,,13.478377746103819,11.51319119221823,,,,0.0,0.0,0
SKU031,2025-06-02,7,167.0,0,0,0,0,No Promotion,6,2,2025,23,0.35460488704253584,-0.9350162426854147,1.2246467991473532e-16,-1.0,Small Appliances,Toaster,1679.89,2955.84,142.0,125.0,102.0,99.0,96.0,,,125.5,117.625,119.23076923076923,17.13670524536927,15.136875503220603,6.269230769230774,-1.6057692307692264,0.05258064516129046,0.0,0.0,0
SKU031,2025-06-09,7,169.0,6,0,1,0,Summer Sale,6,2,2025,24,0.23931566428755768,-0.970941817426052,1.2246467991473532e-16,-1.0,Small Appliances,Toaster,1679.89,2955.84,167.0,142.0,133.0,107.0,126.0,,,141.75,126.125,124.6923076923077,18.209429791548477,21.10137097780277,17.057692307692307,1.4326923076923066,0.1367982726711907,141.75,0.8571428571428571,0
SKU031,2025-06-16,7,155.0,5,0,1,0,Summer Sale,6,2,2025,25,0.12053668025532308,-0.992708874098054,1.2246467991473532e-16,-1.0,Small Appliances,Toaster,1679.89,2955.84,169.0,167.0,125.0,119.0,133.0,,,150.75,133.875,128.0,21.108844907605278,24.22771435478681,22.75,5.875,0.177734375,150.75,0.7142857142857143,0
SKU031,2025-06-23,7,124.0,0,0,0,0,No Promotion,6,2,2025,26,-3.216245299353273e-16,-1.0,1.2246467991473532e-16,-1.0,Small Appliances,Toaster,1679.89,2955.84,155.0,169.0,142.0,114.0,138.0,,,158.25,138.375,129.69230769230768,12.473304828045098,24.41274550019196,28.55769230769232,8.68269230769232,0.22019572953736666,0.0,0.0,0
SKU031,2025-06-30,7,165.0,0,0,0,0,No Promotion,6,2,2025,27,-0.12053668025532283,-0.992708874098054,1.2246467991473532e-16,-1.0,Small Appliances,Toaster,1679.89,2955.84,124.0,155.0,167.0,102.0,116.0,,,153.75,139.625,128.6153846153846,20.774583830568858,23.212912047269846,25.134615384615387,11.009615384615387,0.19542464114832536,0.0,0.0,0
SKU031,2025-07-07,7,127.0,0,0,0,0,No Promotion,7,3,2025,28,-0.23931566428755743,-0.9709418174260521,-0.4999999999999997,-0.8660254037844388,Small Appliances,Toaster,1679.89,2955.84,165.0,124.0,169.0,133.0,99.0,,,153.25,147.5,132.3846153846154,20.369503348551884,18.913336186783273,20.865384615384613,15.115384615384613,0.15761185357350382,0.0,0.0,0
SKU031,2025-07-14,7,138.0,0,0,0,0,No Promotion,7,3,2025,29,-0.3546048870425356,-0.9350162426854148,-0.4999999999999997,-0.8660254037844388,Small Appliances,Toaster,1679.89,2955.84,127.0,165.0,155.0,125.0,107.0,,,142.75,146.75,134.53846153846155,20.369503348551884,19.674130948314552,8.211538461538453,12.211538461538453,0.06103487707261279,0.0,0.0,0
SKU031,2025-07-21,7,121.0,0,0,0,0,No Promotion,7,3,2025,30,-0.46472317204376806,-0.8854560256532101,-0.4999999999999997,-0.8660254037844388,Small Appliances,Toaster,1679.89,2955.84,138.0,127.0,124.0,142.0,119.0,,,138.5,148.375,136.92307692307693,18.66369023889255,18.094494032321382,1.576923076923066,11.451923076923066,0.011516853932584281,0.0,0.0,0
SKU031,2025-07-28,7,148.0,0,0,0,0,No Promotion,7,3,2025,31,-0.5680647467311556,-0.8229838658936566,-0.4999999999999997,-0.8660254037844388,Small Appliances,Toaster,1679.89,2955.84,121.0,138.0,165.0,167.0,114.0,,,137.75,145.75,137.07692307692307,19.482898483884092,20.513062040702607,0.673076923076934,8.673076923076934,0.004910213243546568,0.0,0.0,0
SKU031,2025-08-04,7,149.0,0,0,0,0,No Promotion,8,3,2025,32,-0.663122658240795,-0.7485107481711013,-0.8660254037844385,-0.5000000000000004,Small Appliances,Toaster,1679.89,2955.84,148.0,121.0,127.0,169.0,102.0,,,133.5,143.375,139.69230769230768,11.958260743101384,18.72307590724802,-6.192307692307679,3.682692307692321,-0.044328193832599005,0.0,0.0,0
SKU031,2025-08-11,7,158.0,0,1,0,1,No Promotion,8,3,2025,33,-0.7485107481711011,-0.6631226582407952,-0.8660254037844385,-0.5000000000000004,Small Appliances,Toaster,1679.89,2955.84,149.0,148.0,138.0,155.0,133.0,,,139.0,140.875,143.30769230769232,12.987173159185426,15.941298566929856,-4.307692307692321,-2.432692307692321,-0.03005904455179831,0.0,0.0,0
SKU031,2025-08-18,7,151.0,0,0,0,0,No Promotion,8,3,2025,34,-0.8229838658936564,-0.5680647467311559,-0.8660254037844385,-0.5000000000000004,Small Appliances,Toaster,1679.89,2955.84,158.0,149.0,121.0,124.0,125.0,,,144.0,141.25,145.23076923076923,15.97915308560917,16.35105938027083,-1.2307692307692264,-3.9807692307692264,-0.008474576271186418,0.0,0.0,0
SKU031,2025-08-25,7,125.0,0,0,0,0,No Promotion,8,3,2025,35,-0.8854560256532096,-0.4647231720437691,-0.8660254037844385,-0.5000000000000004,Small Appliances,Toaster,1679.89,2955.84,151.0,158.0,148.0,165.0,142.0,,,151.5,144.625,147.23076923076923,4.509249752822868,15.01368423424824,4.269230769230774,-2.6057692307692264,0.028996865203761768,0.0,0.0,0
SKU031,2025-09-01,7,119.0,0,0,0,0,No Promotion,9,3,2025,36,-0.9350162426854147,-0.3546048870425359,-1.0,-1.8369701987210297e-16,Small Appliances,Toaster,1679.89,2955.84,125.0,151.0,149.0,127.0,167.0,96.0,,145.75,139.625,145.92307692307693,14.36140661634506,13.876367371490685,-0.173076923076934,-6.298076923076934,-0.0011860832894043938,0.0,0.0,0
SKU031,2025-09-08,7,127.0,0,0,0,0,No Promotion,9,3,2025,37,-0.970941817426052,-0.23931566428755774,-1.0,-1.8369701987210297e-16,Small Appliances,Toaster,1679.89,2955.84,119.0,125.0,158.0,138.0,169.0,126.0,,138.25,138.625,142.23076923076923,19.137659209004628,15.146310253184243,-3.9807692307692264,-3.6057692307692264,-0.027988101676581945,0.0,0.0,0
SKU031,2025-09-15,7,109.0,0,0,0,0,No Promotion,9,3,2025,38,-0.992708874098054,-0.12053668025532357,-1.0,-1.8369701987210297e-16,Small Appliances,Toaster,1679.89,2955.84,127.0,119.0,151.0,121.0,155.0,133.0,,130.5,137.25,139.0,14.083086782851723,15.700318468107577,-8.5,-1.75,-0.0611510791366906,0.0,0.0,0
SKU031,2025-09-22,7,120.0,0,0,0,0,No Promotion,9,3,2025,39,-1.0,-1.8369701987210297e-16,-1.0,-1.8369701987210297e-16,Small Appliances,Toaster,1679.89,2955.84,109.0,127.0,125.0,148.0,124.0,138.0,,120.0,135.75,135.46153846153845,8.082903768654734,17.894532285429694,-15.461538461538453,0.2884615384615472,-0.11413969335604768,0.0,0.0,0
SKU031,2025-09-29,7,138.0,5,1,1,1,Festive Sale,9,3,2025,40,-0.992708874098054,0.1205366802553232,-1.0,-1.8369701987210297e-16,Small Appliances,Toaster,1679.89,2955.84,120.0,109.0,119.0,149.0,165.0,116.0,,118.75,132.25,135.15384615384616,7.410578025138541,17.894532285429694,-16.40384615384616,-2.9038461538461604,-0.12137165623221402,118.75,0.7142857142857143,1
SKU031,2025-10-06,7,162.0,5,0,1,0,Festive Sale,10,4,2025,41,-0.9709418174260521,0.23931566428755738,-0.8660254037844386,0.5000000000000001,Small Appliances,Toaster,1679.89,2955.84,138.0,120.0,127.0,158.0,127.0,99.0,,123.5,130.875,133.07692307692307,12.179217270963388,16.81357869614403,-9.576923076923066,-2.201923076923066,-0.07196531791907512,123.5,0.7142857142857143,0
SKU031,2025-10-13,7,113.0,0,0,0,0,No Promotion,10,4,2025,42,-0.9350162426854148,0.35460488704253557,-0.8660254037844386,0.5000000000000001,Small Appliances,Toaster,1679.89,2955.84,162.0,138.0,109.0,151.0,138.0,107.0,,132.25,131.375,135.76923076923077,23.157072353818812,17.76784816941625,-3.5192307692307736,-4.394230769230774,-0.02592067988668556,0.0,0.0,0
SKU031,2025-10-20,7,141.0,0,0,0,0,No Promotion,10,4,2025,43,-0.8854560256532101,0.464723172043768,-0.8660254037844386,0.5000000000000001,Small Appliances,Toaster,1679.89,2955.84,113.0,162.0,120.0,125.0,121.0,119.0,,133.25,126.625,133.84615384615384,21.86892772862903,16.826318670463838,-0.5961538461538396,-7.22115384615384,-0.004454022988505724,0.0,0.0,0
SKU031,2025-10-27,7,112.0,0,1,0,1,No Promotion,10,4,2025,44,-0.822983865893657,0.5680647467311548,-0.8660254037844386,0.5000000000000001,Small Appliances,Toaster,1679.89,2955.84,141.0,113.0,138.0,119.0,148.0,114.0,,138.5,128.625,135.3846153846154,20.07485989988472,17.541277848874877,3.115384615384613,-6.759615384615387,0.02301136363636358,0.0,0.0,0
SKU031,2025-11-03,7,128.0,0,0,0,0,No Promotion,11,4,2025,45,-0.7485107481711011,0.6631226582407952,-0.5000000000000004,0.8660254037844384,Small Appliances,Toaster,1679.89,2955.84,112.0,141.0,162.0,127.0,149.0,102.0,,132.0,127.75,132.6153846153846,24.097026095903747,18.25024461675592,-0.6153846153846132,-4.865384615384613,-0.004640371229698403,0.0,0.0,0
SKU031,2025-11-10,7,119.0,0,0,0,0,No Promotion,11,4,2025,46,-0.6631226582407955,0.7485107481711007,-0.5000000000000004,0.8660254037844384,Small Appliances,Toaster,1679.89,2955.84,128.0,112.0,113.0,109.0,158.0,133.0,,123.5,127.875,131.0,13.771952173409048,18.247798301634713,-7.5,-3.125,-0.057251908396946605,0.0,0.0,0
SKU031,2025-11-17,7,365.0,4,0,1,0,Black Friday,11,4,2025,47,-0.5680647467311559,0.8229838658936564,-0.5000000000000004,0.8660254037844384,Small Appliances,Toaster,1679.89,2955.84,119.0,128.0,141.0,120.0,151.0,125.0,,125.0,129.125,128.0,12.516655570345707,17.0749398660309,-3.0,1.125,-0.0234375,125.0,0.5714285714285714,0
SKU031,2025-11-24,7,172.0,7,0,1,0,Black Friday,11,4,2025,48,-0.4647231720437684,0.88545602565321,-0.5000000000000004,0.8660254037844384,Small Appliances,Toaster,1679.89,2955.84,365.0,119.0,112.0,138.0,125.0,142.0,,181.0,159.75,144.46153846153845,122.84136111261547,84.59272174028075,36.53846153846155,15.288461538461547,0.25292864749733757,181.0,1.0,0
SKU031,2025-12-01,7,121.0,0,0,0,0,No Promotion,12,4,2025,49,-0.35460488704253595,0.9350162426854147,-2.4492935982947064e-16,1.0,Small Appliances,Toaster,1679.89,2955.84,172.0,365.0,128.0,162.0,119.0,167.0,,196.0,164.0,148.07692307692307,115.02173707608488,84.19704779351147,47.923076923076934,15.923076923076934,0.3236363636363637,0.0,0.0,0
SKU031,2025-12-08,7,149.0,0,0,0,0,No Promotion,12,4,2025,50,-0.2393156642875578,0.970941817426052,-2.4492935982947064e-16,1.0,Small Appliances,Toaster,1679.89,2955.84,121.0,172.0,119.0,113.0,127.0,169.0,,194.25,158.875,148.23076923076923,116.44562393380582,85.57275517693365,46.019230769230774,10.644230769230774,0.31045666839647135,0.0,0.0,0
SKU031,2025-12-15,7,168.0,7,0,1,0,Year End Sale,12,4,2025,51,-0.12053668025532363,0.992708874098054,-2.4492935982947064e-16,1.0,Small Appliances,Toaster,1679.89,2955.84,149.0,121.0,365.0,141.0,109.0,155.0,,201.75,163.375,149.92307692307693,110.8132813941241,83.7426969097263,51.826923076923066,13.451923076923066,0.3456900974858901,201.75,1.0,0
SKU031,2025-12-22,7,198.0,7,1,1,1,Year End Sale,12,4,2025,52,6.432490598706546e-16,1.0,-2.4492935982947064e-16,1.0,Small Appliances,Toaster,1679.89,2955.84,168.0,149.0,172.0,112.0,120.0,124.0,,152.5,166.75,154.46153846153845,23.27373340628155,83.25477249297568,-1.9615384615384528,12.288461538461547,-0.01269920318725093,152.5,1.0,1
SKU031,2025-12-29,7,165.0,3,0,1,0,Year End Sale,12,4,2025,1,0.12053668025532305,0.992708874098054,-2.4492935982947064e-16,1.0,Small Appliances,Toaster,1679.89,2955.84,198.0,168.0,121.0,128.0,138.0,165.0,,159.0,177.5,160.46153846153845,32.38312317653543,80.68811206473619,-1.4615384615384528,17.038461538461547,-0.00910834132310634,159.0,0.42857142857142855,0
SKU031,2026-01-05,7,121.0,0,0,0,0,No Promotion,1,1,2026,2,0.23931566428755774,0.970941817426052,0.49999999999999994,0.8660254037844387,Small Appliances,Toaster,1679.89,2955.84,165.0,198.0,149.0,119.0,162.0,127.0,,170.0,182.125,162.53846153846155,20.44504830026085,78.47554214075689,7.461538461538453,19.586538461538453,0.04590629436819671,0.0,0.0,0
SKU031,2026-01-12,7,118.0,0,0,0,0,No Promotion,1,1,2026,3,0.3546048870425356,0.9350162426854148,0.49999999999999994,0.8660254037844387,Small Appliances,Toaster,1679.89,2955.84,121.0,165.0,168.0,365.0,113.0,138.0,,163.0,182.375,159.3846153846154,31.717503054307397,78.24857369763542,3.615384615384613,22.990384615384613,0.022683397683397777,0.0,0.0,0
SKU031,2026-01-19,7,127.0,0,0,0,0,No Promotion,1,1,2026,4,0.4647231720437685,0.8854560256532099,0.49999999999999994,0.8660254037844387,Small Appliances,Toaster,1679.89,2955.84,118.0,121.0,198.0,172.0,141.0,121.0,,150.5,151.5,159.76923076923077,38.266608594613295,29.34036712205797,-9.269230769230774,-8.269230769230774,-0.058016369764082865,0.0,0.0,0
SKU031,2026-01-26,7,139.0,0,1,0,1,No Promotion,1,1,2026,5,0.5680647467311558,0.8229838658936564,0.49999999999999994,0.8660254037844387,Small Appliances,Toaster,1679.89,2955.84,127.0,118.0,165.0,121.0,112.0,148.0,,132.75,145.875,158.69230769230768,21.823152842795167,29.161802315455606,-25.94230769230768,-12.81730769230768,-0.16347552108579733,0.0,0.0,0
SKU031,2026-02-02,7,140.0,0,0,0,0,No Promotion,2,1,2026,6,0.6631226582407952,0.7485107481711011,0.8660254037844386,0.5000000000000001,Small Appliances,Toaster,1679.89,2955.84,139.0,127.0,121.0,149.0,128.0,149.0,,126.25,148.125,160.76923076923077,9.287087810503294,27.62213139598645,-34.519230769230774,-12.644230769230774,-0.21471291866028708,0.0,0.0,0
SKU031,2026-02-09,7,152.0,0,0,0,0,No Promotion,2,1,2026,7,0.7485107481711011,0.6631226582407953,0.8660254037844386,0.5000000000000001,Small Appliances,Toaster,1679.89,2955.84,140.0,139.0,118.0,168.0,119.0,158.0,,131.0,147.0,161.69230769230768,10.488088481701462,27.76431419749352,-30.69230769230768,-14.69230769230768,-0.1898192197906755,0.0,0.0,0
SKU031,2026-02-16,7,126.0,0,0,0,0,No Promotion,2,1,2026,8,0.8229838658936564,0.5680647467311559,0.8660254037844386,0.5000000000000001,Small Appliances,Toaster,1679.89,2955.84,152.0,140.0,127.0,198.0,365.0,151.0,,139.5,145.0,164.23076923076923,10.21436896402965,26.586785116992623,-24.730769230769226,-19.230769230769226,-0.15058548009367678,0.0,0.0,0
SKU031,2026-02-23,7,149.0,0,0,0,0,No Promotion,2,1,2026,9,0.8854560256532099,0.4647231720437686,0.8660254037844386,0.5000000000000001,Small Appliances,Toaster,1679.89,2955.84,126.0,152.0,139.0,165.0,172.0,125.0,,139.25,136.0,145.84615384615384,10.626225419529996,16.265651802845984,-6.59615384615384,-9.84615384615384,-0.045226793248945074,0.0,0.0,0
SKU031,2026-03-02,7,123.0,0,0,0,0,No Promotion,3,1,2026,10,0.9350162426854148,0.35460488704253557,1.0,6.123233995736766e-17,Small Appliances,Toaster,1679.89,2955.84,149.0,126.0,140.0,121.0,121.0,119.0,96.0,141.75,134.0,144.07692307692307,11.672617529928699,12.806248474865635,-2.326923076923066,-10.076923076923066,-0.016150560597971042,0.0,0.0,0
SKU031,2026-03-09,7,148.0,1,0,1,0,Spring Sale,3,1,2026,11,0.970941817426052,0.23931566428755804,1.0,6.123233995736766e-17,Small Appliances,Toaster,1679.89,2955.84,123.0,149.0,152.0,118.0,149.0,127.0,126.0,137.5,134.25,144.23076923076923,15.110702608857476,12.532814072323378,-6.730769230769226,-9.980769230769226,-0.046666666666666634,137.5,0.14285714285714285,0
SKU031,2026-03-16,7,144.0,7,0,1,0,Spring Sale,3,1,2026,12,0.992708874098054,0.120536680255323,1.0,6.123233995736766e-17,Small Appliances,Toaster,1679.89,2955.84,148.0,123.0,126.0,127.0,168.0,109.0,133.0,136.5,138.0,144.15384615384616,13.916417163432026,11.414276774536017,-7.65384615384616,-6.15384615384616,-0.053094983991462175,136.5,1.0,0
SKU031,2026-03-23,7,134.0,3,0,1,0,Spring Sale,3,1,2026,13,1.0,-1.6081226496766366e-16,1.0,6.123233995736766e-17,Small Appliances,Toaster,1679.89,2955.84,144.0,148.0,149.0,139.0,198.0,120.0,138.0,141.0,140.125,142.30769230769232,12.192894105447872,10.629305850202108,-1.3076923076923208,-2.182692307692321,-0.009189189189189317,141.0,0.42857142857142855,0
SKU031,2026-03-30,7,120.0,0,0,0,0,No Promotion,3,1,2026,14,0.992708874098054,-0.12053668025532288,1.0,6.123233995736766e-17,Small Appliances,Toaster,1679.89,2955.84,134.0,144.0,123.0,140.0,165.0,138.0,116.0,137.25,139.5,137.3846153846154,11.176612486199273,10.849621454884204,-0.1346153846153868,2.115384615384613,-0.0009798432250840428,0.0,0.0,0
SKU031,2026-04-06,7,126.0,0,0,0,0,No Promotion,4,2,2026,15,0.9709418174260521,-0.2393156642875575,0.8660254037844387,-0.4999999999999998,Small Appliances,Toaster,1679.89,2955.84,120.0,134.0,148.0,152.0,121.0,162.0,99.0,136.5,137.0,133.92307692307693,12.476644848141888,12.839670667783539,2.576923076923066,3.076923076923066,0.019241815048822497,0.0,0.0,0
SKU031,2026-04-13,7,146.0,0,0,0,0,No Promotion,4,2,2026,16,0.9350162426854148,-0.35460488704253545,0.8660254037844387,-0.4999999999999998,Small Appliances,Toaster,1679.89,2955.84,126.0,120.0,144.0,126.0,118.0,113.0,107.0,131.0,133.75,134.30769230769232,10.392304845413205,11.744299529072382,-3.307692307692321,-0.5576923076923208,-0.0246277205040093,0.0,0.0,0
SKU031,2026-04-20,7,127.0,0,0,0,0,No Promotion,4,2,2026,17,0.8854560256532099,-0.4647231720437685,0.8660254037844387,-0.4999999999999998,Small Appliances,Toaster,1679.89,2955.84,146.0,126.0,134.0,149.0,127.0,141.0,119.0,131.5,136.25,136.46153846153845,11.239810200058189,11.985109809378274,-4.961538461538453,-0.2115384615384528,-0.03635851183765493,0.0,0.0,0
SKU031,2026-04-27,7,137.0,0,0,0,0,No Promotion,4,2,2026,18,0.8229838658936565,-0.5680647467311557,0.8660254037844387,-0.4999999999999998,Small Appliances,Toaster,1679.89,2955.84,127.0,146.0,120.0,123.0,139.0,112.0,114.0,129.75,133.5,136.46153846153845,11.265729744080737,11.135528725659972,-6.711538461538453,-2.961538461538453,-0.04918263810597512,0.0,0.0,0
SKU031,2026-05-04,7,125.0,0,0,0,0,No Promotion,5,2,2026,19,0.7485107481711013,-0.663122658240795,0.49999999999999994,-0.8660254037844387,Small Appliances,Toaster,1679.89,2955.84,137.0,127.0,126.0,148.0,140.0,128.0,102.0,134.0,135.25,136.30769230769232,9.416297927883624,10.319883720275062,-2.307692307692321,-1.0576923076923208,-0.016930022573363512,0.0,0.0,0
SKU031,2026-05-11,7,126.0,0,0,0,0,No Promotion,5,2,2026,20,0.6631226582407952,-0.7485107481711012,0.49999999999999994,-0.8660254037844387,Small Appliances,Toaster,1679.89,2955.84,125.0,137.0,146.0,144.0,152.0,119.0,133.0,133.75,132.375,135.15384615384616,9.708243919473736,9.425459443140381,-1.4038461538461604,-2.7788461538461604,-0.01038702333523056,0.0,0.0,0
SKU031,2026-05-18,7,136.0,0,0,0,0,No Promotion,5,2,2026,21,0.5680647467311558,-0.8229838658936564,0.49999999999999994,-0.8660254037844387,Small Appliances,Toaster,1679.89,2955.84,126.0,125.0,127.0,134.0,126.0,365.0,125.0,128.75,130.125,133.15384615384616,5.56027577253731,8.339878382121052,-4.40384615384616,-3.0288461538461604,-0.03307336799537841,0.0,0.0,0
SKU031,2026-05-25,7,140.0,0,0,0,0,No Promotion,5,2,2026,22,0.46472317204376906,-0.8854560256532096,0.49999999999999994,-0.8660254037844387,Small Appliances,Toaster,1679.89,2955.84,136.0,126.0,137.0,120.0,149.0,172.0,142.0,131.0,130.375,133.92307692307693,6.377042156569562,8.501050355271152,-2.923076923076934,-3.548076923076934,-0.021826536473291247,0.0,0.0,0
SKU031,2026-06-01,7,152.0,0,0,0,0,No Promotion,6,2,2026,23,0.35460488704253584,-0.9350162426854147,1.2246467991473532e-16,-1.0,Small Appliances,Toaster,1679.89,2955.84,140.0,136.0,125.0,126.0,123.0,121.0,167.0,131.75,132.875,133.23076923076923,7.4105780251384825,7.936128959205572,-1.4807692307692264,-0.3557692307692264,-0.011114318706697435,0.0,0.0,0
SKU031,2026-06-08,7,196.0,5,0,1,0,Summer Sale,6,2,2026,24,0.23931566428755768,-0.970941817426052,1.2246467991473532e-16,-1.0,Small Appliances,Toaster,1679.89,2955.84,152.0,140.0,126.0,146.0,148.0,149.0,169.0,138.5,136.125,135.46153846153845,10.754843869934392,9.818895777311852,3.038461538461547,0.6634615384615472,0.022430437251561575,138.5,0.7142857142857143,0
SKU031,2026-06-15,7,213.0,6,0,1,0,Summer Sale,6,2,2026,25,0.12053668025532308,-0.992708874098054,1.2246467991473532e-16,-1.0,Small Appliances,Toaster,1679.89,2955.84,196.0,152.0,136.0,127.0,144.0,168.0,155.0,156.0,142.375,139.15384615384616,27.519689920733704,23.451698080461906,16.84615384615384,3.2211538461538396,0.12106135986733002,156.0,0.8571428571428571,0
SKU031,2026-06-22,7,166.0,0,0,0,0,No Promotion,6,2,2026,26,-3.216245299353273e-16,-1.0,1.2246467991473532e-16,-1.0,Small Appliances,Toaster,1679.89,2955.84,213.0,196.0,140.0,137.0,134.0,198.0,124.0,175.25,153.125,144.46153846153845,34.82695316370161,33.116407241296955,30.788461538461547,8.663461538461547,0.21312566560170398,0.0,0.0,0
SKU032,2025-01-06,7,200.0,3,0,1,0,New Year Sale,1,1,2025,2,0.23931566428755774,0.970941817426052,0.49999999999999994,0.8660254037844387,Office,Organizer,2918.05,5551.47,,,,,,,,,,,,,,,,,0.42857142857142855,0
SKU032,2025-01-13,7,193.0,3,0,1,0,New Year Sale,1,1,2025,3,0.3546048870425356,0.9350162426854148,0.49999999999999994,0.8660254037844387,Office,Organizer,2918.05,5551.47,200.0,,,,,,,,,,,,,,,,0.42857142857142855,0
SKU032,2025-01-20,7,180.0,0,1,0,1,No Promotion,1,1,2025,4,0.4647231720437685,0.8854560256532099,0.49999999999999994,0.8660254037844387,Office,Organizer,2918.05,5551.47,193.0,200.0,,,,,,,,,,,,,,,0.0,0
SKU032,2025-01-27,7,134.0,0,0,0,0,No Promotion,1,1,2025,5,0.5680647467311558,0.8229838658936564,0.49999999999999994,0.8660254037844387,Office,Organizer,2918.05,5551.47,180.0,193.0,,,,,,,,,,,,,,,0.0,0
SKU032,2025-02-03,7,163.0,0,0,0,0,No Promotion,2,1,2025,6,0.6631226582407952,0.7485107481711011,0.8660254037844386,0.5000000000000001,Office,Organizer,2918.05,5551.47,134.0,180.0,200.0,,,,,176.75,,,29.68024034044648,,,,,0.0,0.0,0
SKU032,2025-02-10,7,197.0,0,0,0,0,No Promotion,2,1,2025,7,0.7485107481711011,0.6631226582407953,0.8660254037844386,0.5000000000000001,Office,Organizer,2918.05,5551.47,163.0,134.0,193.0,,,,,167.5,,,25.48855952514121,,,,,0.0,0.0,0
SKU032,2025-02-17,7,173.0,0,0,0,0,No Promotion,2,1,2025,8,0.8229838658936564,0.5680647467311559,0.8660254037844386,0.5000000000000001,Office,Organizer,2918.05,5551.47,197.0,163.0,180.0,,,,,168.5,,,26.86385427794505,,,,,0.0,0.0,0
SKU032,2025-02-24,7,170.0,0,0,0,0,No Promotion,2,1,2025,9,0.8854560256532099,0.4647231720437686,0.8660254037844386,0.5000000000000001,Office,Organizer,2918.05,5551.47,173.0,197.0,134.0,,,,,166.75,,,26.081602711489953,,,,,0.0,0.0,0
SKU032,2025-03-03,7,148.0,0,0,0,0,No Promotion,3,1,2025,10,0.9350162426854148,0.35460488704253557,1.0,6.123233995736766e-17,Office,Organizer,2918.05,5551.47,170.0,173.0,163.0,200.0,,,,175.75,176.25,,14.77328670269416,21.710760992124225,,,,0.0,0.0,0
SKU032,2025-03-10,7,155.0,0,0,0,0,No Promotion,3,1,2025,11,0.970941817426052,0.23931566428755804,1.0,6.123233995736766e-17,Office,Organizer,2918.05,5551.47,148.0,170.0,197.0,193.0,,,,172.0,169.75,,20.049937655763422,21.365860619221497,,,,0.0,0.0,0
SKU032,2025-03-17,7,199.0,4,0,1,0,Spring Sale,3,1,2025,12,0.992708874098054,0.120536680255323,1.0,6.123233995736766e-17,Office,Organizer,2918.05,5551.47,155.0,148.0,173.0,180.0,,,,161.5,165.0,,11.958260743101397,19.61049281816825,,,,161.5,0.5714285714285714,0
SKU032,2025-03-24,7,201.0,4,0,1,0,Spring Sale,3,1,2025,13,1.0,-1.6081226496766366e-16,1.0,6.123233995736766e-17,Office,Organizer,2918.05,5551.47,199.0,155.0,170.0,134.0,,,,168.0,167.375,,22.612680808195506,22.60807377907282,,,,168.0,0.5714285714285714,0
SKU032,2025-03-31,7,175.0,0,0,0,0,No Promotion,3,1,2025,14,0.992708874098054,-0.12053668025532288,1.0,6.123233995736766e-17,Office,Organizer,2918.05,5551.47,201.0,199.0,148.0,163.0,,,,175.75,175.75,,28.158776015066184,20.817231873069556,,,,0.0,0.0,0
SKU032,2025-04-07,7,184.0,0,0,0,0,No Promotion,4,2,2025,15,0.9709418174260521,-0.2393156642875575,0.8660254037844387,-0.4999999999999998,Office,Organizer,2918.05,5551.47,175.0,201.0,155.0,197.0,200.0,,,182.5,177.25,176.0,21.80978373727412,20.19016733815887,6.5,1.25,0.03693181818181812,0.0,0.0,0
SKU032,2025-04-14,7,179.0,0,0,0,0,No Promotion,4,2,2025,16,0.9350162426854148,-0.35460488704253545,0.8660254037844387,-0.4999999999999998,Office,Organizer,2918.05,5551.47,184.0,175.0,199.0,173.0,193.0,,,189.75,175.625,174.76923076923077,12.419742348374225,18.85233975626671,14.980769230769226,0.8557692307692264,0.08571742957746475,0.0,0.0,0
SKU032,2025-04-21,7,145.0,0,0,0,0,No Promotion,4,2,2025,17,0.8854560256532099,-0.4647231720437685,0.8660254037844387,-0.4999999999999998,Office,Organizer,2918.05,5551.47,179.0,184.0,201.0,170.0,180.0,,,184.75,176.375,173.69230769230768,11.4418821295566,18.85233975626671,11.05769230769232,2.682692307692321,0.06366253321523474,0.0,0.0,0
SKU032,2025-04-28,7,177.0,0,0,0,0,No Promotion,4,2,2025,18,0.8229838658936565,-0.5680647467311557,0.8660254037844387,-0.4999999999999998,Office,Organizer,2918.05,5551.47,145.0,179.0,175.0,148.0,134.0,,,170.75,173.25,171.0,17.557049866079442,21.887700394774882,-0.25,2.25,-0.0014619883040936088,0.0,0.0,0
SKU032,2025-05-05,7,179.0,0,0,0,0,No Promotion,5,2,2025,19,0.7485107481711013,-0.663122658240795,0.49999999999999994,-0.8660254037844387,Office,Organizer,2918.05,5551.47,177.0,145.0,184.0,155.0,163.0,,,171.25,176.875,174.30769230769232,17.74589154330283,19.364455656102056,-3.057692307692321,2.567307692307679,-0.01754192409532218,0.0,0.0,0
SKU032,2025-05-12,7,175.0,0,0,0,0,No Promotion,5,2,2025,20,0.6631226582407952,-0.7485107481711012,0.49999999999999994,-0.8660254037844387,Office,Organizer,2918.05,5551.47,179.0,177.0,179.0,199.0,197.0,,,170.0,179.875,175.53846153846155,16.693312034065222,17.233169843564557,-5.538461538461547,4.336538461538453,-0.031551270815074584,0.0,0.0,0
SKU032,2025-05-19,7,141.0,0,0,0,0,No Promotion,5,2,2025,21,0.5680647467311558,-0.8229838658936564,0.49999999999999994,-0.8660254037844387,Office,Organizer,2918.05,5551.47,175.0,179.0,145.0,201.0,173.0,,,169.0,176.875,173.84615384615384,16.083117442419763,15.422038960989747,-4.84615384615384,3.0288461538461604,-0.027876106194690276,0.0,0.0,0
SKU032,2025-05-26,7,159.0,0,0,0,0,No Promotion,5,2,2025,22,0.46472317204376906,-0.8854560256532096,0.49999999999999994,-0.8660254037844387,Office,Organizer,2918.05,5551.47,141.0,175.0,177.0,175.0,170.0,,,168.0,169.375,171.3846153846154,18.073922282301282,16.56103430172334,-3.384615384615387,-2.009615384615387,-0.019748653500897717,0.0,0.0,0
SKU032,2025-06-02,7,177.0,0,0,0,0,No Promotion,6,2,2025,23,0.35460488704253584,-0.9350162426854147,1.2246467991473532e-16,-1.0,Office,Organizer,2918.05,5551.47,159.0,141.0,179.0,184.0,148.0,,,163.5,167.375,170.53846153846155,17.310882896798383,16.74973347335925,-7.038461538461547,-3.163461538461547,-0.04127198917456032,0.0,0.0,0
SKU032,2025-06-09,7,257.0,6,0,1,0,Summer Sale,6,2,2025,24,0.23931566428755768,-0.970941817426052,1.2246467991473532e-16,-1.0,Office,Organizer,2918.05,5551.47,177.0,159.0,175.0,179.0,155.0,,,163.0,166.5,172.76923076923077,16.733200530681515,15.919440047582432,-9.769230769230774,-6.269230769230774,-0.05654496883348181,163.0,0.8571428571428571,0
SKU032,2025-06-16,7,266.0,5,0,1,0,Summer Sale,6,2,2025,25,0.12053668025532308,-0.992708874098054,1.2246467991473532e-16,-1.0,Office,Organizer,2918.05,5551.47,257.0,177.0,141.0,145.0,199.0,,,183.5,176.25,180.6153846153846,51.15662224971465,35.9513560244951,2.884615384615387,-4.365384615384613,0.01597103918228271,183.5,0.7142857142857143,0
SKU032,2025-06-23,7,198.0,0,0,0,0,No Promotion,6,2,2025,26,-3.216245299353273e-16,-1.0,1.2246467991473532e-16,-1.0,Office,Organizer,2918.05,5551.47,266.0,257.0,159.0,177.0,201.0,,,214.75,191.375,185.76923076923077,54.60387654126155,45.191457789529835,28.980769230769226,5.605769230769226,0.1560041407867494,0.0,0.0,0
SKU032,2025-06-30,7,182.0,0,0,0,0,No Promotion,6,2,2025,27,-0.12053668025532283,-0.992708874098054,1.2246467991473532e-16,-1.0,Office,Organizer,2918.05,5551.47,198.0,266.0,177.0,179.0,175.0,,,224.5,194.0,185.53846153846155,43.730233629988,44.84576743844236,38.96153846153845,8.461538461538453,0.2099917081260365,0.0,0.0,0
SKU032,2025-07-07,7,190.0,0,0,0,0,No Promotion,7,3,2025,28,-0.23931566428755743,-0.9709418174260521,-0.4999999999999997,-0.8660254037844388,Office,Organizer,2918.05,5551.47,182.0,198.0,257.0,175.0,184.0,200.0,,225.75,194.375,186.07692307692307,41.955333391596355,44.71477065004039,39.673076923076934,8.298076923076934,0.21320793716411757,0.0,0.0,0
SKU032,2025-07-14,7,169.0,0,0,0,0,No Promotion,7,3,2025,29,-0.3546048870425356,-0.9350162426854148,-0.4999999999999997,-0.8660254037844388,Office,Organizer,2918.05,5551.47,190.0,182.0,266.0,141.0,179.0,193.0,,209.0,196.25,186.53846153846155,38.55731664245668,44.096485120698674,22.461538461538453,9.711538461538453,0.12041237113402059,0.0,0.0,0
SKU032,2025-07-21,7,188.0,0,0,0,0,No Promotion,7,3,2025,30,-0.46472317204376806,-0.8854560256532101,-0.4999999999999997,-0.8660254037844388,Office,Organizer,2918.05,5551.47,169.0,190.0,198.0,159.0,145.0,180.0,,184.75,199.75,185.76923076923077,12.365947867699695,40.006249511795026,-1.0192307692307736,13.980769230769226,-0.005486542443064235,0.0,0.0,0
SKU032,2025-07-28,7,173.0,0,0,0,0,No Promotion,7,3,2025,31,-0.5680647467311556,-0.8229838658936566,-0.4999999999999997,-0.8660254037844388,Office,Organizer,2918.05,5551.47,188.0,169.0,182.0,177.0,177.0,134.0,,182.25,203.375,189.07692307692307,9.464847243000458,36.98624261610177,-6.826923076923066,14.298076923076934,-0.03610659072416589,0.0,0.0,0
SKU032,2025-08-04,7,167.0,0,0,0,0,No Promotion,8,3,2025,32,-0.663122658240795,-0.7485107481711013,-0.8660254037844385,-0.5000000000000004,Office,Organizer,2918.05,5551.47,173.0,188.0,190.0,257.0,179.0,163.0,,180.0,202.875,188.76923076923077,10.551461194229612,37.4182442132177,-8.769230769230774,14.105769230769226,-0.04645476772616142,0.0,0.0,0
SKU032,2025-08-11,7,221.0,0,1,0,1,No Promotion,8,3,2025,33,-0.7485107481711011,-0.6631226582407952,-0.8660254037844385,-0.5000000000000004,Office,Organizer,2918.05,5551.47,167.0,173.0,169.0,266.0,175.0,197.0,,174.25,191.625,187.84615384615384,9.5,31.95057567109371,-13.59615384615384,3.7788461538461604,-0.0723791973791974,0.0,0.0,0
SKU032,2025-08-18,7,187.0,0,0,0,0,No Promotion,8,3,2025,34,-0.8229838658936564,-0.5680647467311559,-0.8660254037844385,-0.5000000000000004,Office,Organizer,2918.05,5551.47,221.0,167.0,188.0,198.0,141.0,173.0,,187.25,186.0,191.3846153846154,24.171263930543642,17.824541669122524,-4.134615384615387,-5.384615384615387,-0.021603697749196127,0.0,0.0,0
SKU032,2025-08-25,7,208.0,0,0,0,0,No Promotion,8,3,2025,35,-0.8854560256532096,-0.4647231720437691,-0.8660254037844385,-0.5000000000000004,Office,Organizer,2918.05,5551.47,187.0,221.0,173.0,182.0,159.0,170.0,,187.0,184.625,194.92307692307693,24.166091947189145,17.179202542609463,-7.923076923076934,-10.298076923076934,-0.04064719810576167,0.0,0.0,0
SKU032,2025-09-01,7,169.0,0,0,0,0,No Promotion,9,3,2025,36,-0.9350162426854147,-0.3546048870425359,-1.0,-1.8369701987210297e-16,Office,Organizer,2918.05,5551.47,208.0,187.0,167.0,190.0,177.0,148.0,,195.75,187.875,198.69230769230768,23.73991013743172,18.976959714348332,-2.942307692307679,-10.81730769230768,-0.014808362369337913,0.0,0.0,0
SKU032,2025-09-08,7,161.0,0,0,0,0,No Promotion,9,3,2025,37,-0.970941817426052,-0.23931566428755774,-1.0,-1.8369701987210297e-16,Office,Organizer,2918.05,5551.47,169.0,208.0,221.0,169.0,257.0,155.0,,196.25,185.25,198.07692307692307,22.940139493908923,20.062402647738868,-1.826923076923066,-12.826923076923066,-0.00922330097087376,0.0,0.0,0
SKU032,2025-09-15,7,171.0,0,0,0,0,No Promotion,9,3,2025,38,-0.992708874098054,-0.12053668025532357,-1.0,-1.8369701987210297e-16,Office,Organizer,2918.05,5551.47,161.0,169.0,187.0,188.0,266.0,199.0,,181.25,184.25,190.69230769230768,20.886598574205422,21.157572099436567,-9.44230769230768,-6.442307692307679,-0.04951593384429198,0.0,0.0,0
SKU032,2025-09-22,7,159.0,0,0,0,0,No Promotion,9,3,2025,39,-1.0,-1.8369701987210297e-16,-1.0,-1.8369701987210297e-16,Office,Organizer,2918.05,5551.47,171.0,161.0,208.0,173.0,198.0,201.0,,177.25,182.125,183.3846153846154,20.950338103874763,21.576690465142494,-6.134615384615387,-1.2596153846153868,-0.03345218120805371,0.0,0.0,0
SKU032,2025-09-29,7,207.0,5,1,1,1,Festive Sale,9,3,2025,40,-0.992708874098054,0.1205366802553232,-1.0,-1.8369701987210297e-16,Office,Organizer,2918.05,5551.47,159.0,171.0,169.0,167.0,182.0,175.0,,165.0,180.375,180.3846153846154,5.887840577551905,22.946755139421587,-15.384615384615387,-0.009615384615386802,-0.08528784648187637,165.0,0.7142857142857143,1
SKU032,2025-10-06,7,162.0,5,0,1,0,Festive Sale,10,4,2025,41,-0.9709418174260521,0.23931566428755738,-0.8660254037844386,0.5000000000000001,Office,Organizer,2918.05,5551.47,207.0,159.0,161.0,221.0,190.0,184.0,,174.5,185.375,182.30769230769232,22.29349680960796,23.95196085023997,-7.807692307692321,3.067307692307679,-0.042827004219409326,174.5,0.7142857142857143,0
SKU032,2025-10-13,7,158.0,0,0,0,0,No Promotion,10,4,2025,42,-0.9350162426854148,0.35460488704253557,-0.8660254037844386,0.5000000000000001,Office,Organizer,2918.05,5551.47,162.0,207.0,171.0,187.0,169.0,179.0,,174.75,178.0,180.15384615384616,22.096379793984358,20.206081121427626,-5.40384615384616,-2.1538461538461604,-0.029995730145175092,0.0,0.0,0
SKU032,2025-10-20,7,162.0,0,0,0,0,No Promotion,10,4,2025,43,-0.8854560256532101,0.464723172043768,-0.8660254037844386,0.5000000000000001,Office,Organizer,2918.05,5551.47,158.0,162.0,159.0,208.0,188.0,145.0,,171.5,174.375,179.30769230769232,23.727621035409346,20.948491251502706,-7.807692307692321,-4.932692307692321,-0.04354354354354362,0.0,0.0,0
SKU032,2025-10-27,7,193.0,0,1,0,1,No Promotion,10,4,2025,44,-0.822983865893657,0.5680647467311548,-0.8660254037844386,0.5000000000000001,Office,Organizer,2918.05,5551.47,162.0,158.0,207.0,169.0,173.0,177.0,,172.25,168.625,177.30769230769232,23.24327859833892,16.16820071268643,-5.057692307692321,-8.68269230769232,-0.028524945770065147,0.0,0.0,0
SKU032,2025-11-03,7,189.0,0,0,0,0,No Promotion,11,4,2025,45,-0.7485107481711011,0.6631226582407952,-0.5000000000000004,0.8660254037844384,Office,Organizer,2918.05,5551.47,193.0,162.0,162.0,161.0,167.0,179.0,,168.75,171.625,178.84615384615384,16.27626083185775,18.32981567984639,-10.09615384615384,-7.22115384615384,-0.056451612903225756,0.0,0.0,0
SKU032,2025-11-10,7,160.0,0,0,0,0,No Promotion,11,4,2025,46,-0.6631226582407955,0.7485107481711007,-0.5000000000000004,0.8660254037844384,Office,Organizer,2918.05,5551.47,189.0,193.0,158.0,171.0,221.0,175.0,,175.5,175.125,180.53846153846155,18.04623691151889,18.68106375068461,-5.038461538461547,-5.413461538461547,-0.027907967618236107,0.0,0.0,0
SKU032,2025-11-17,7,246.0,4,0,1,0,Black Friday,11,4,2025,47,-0.5680647467311559,0.8229838658936564,-0.5000000000000004,0.8660254037844384,Office,Organizer,2918.05,5551.47,160.0,189.0,162.0,159.0,187.0,141.0,,176.0,173.75,175.84615384615384,17.41646730348418,19.418327131126112,0.1538461538461604,-2.0961538461538396,0.0008748906386701893,176.0,0.5714285714285714,0
SKU032,2025-11-24,7,248.0,7,0,1,0,Black Friday,11,4,2025,48,-0.4647231720437684,0.88545602565321,-0.5000000000000004,0.8660254037844384,Office,Organizer,2918.05,5551.47,246.0,160.0,193.0,207.0,208.0,159.0,,197.0,184.625,180.3846153846154,35.82364210034113,30.928200261712146,16.615384615384613,4.240384615384613,0.09211087420042641,197.0,1.0,0
SKU032,2025-12-01,7,169.0,0,0,0,0,No Promotion,12,4,2025,49,-0.35460488704253595,0.9350162426854147,-2.4492935982947064e-16,1.0,Office,Organizer,2918.05,5551.47,248.0,246.0,189.0,162.0,169.0,177.0,,210.75,189.75,183.46153846153845,43.50766216043637,37.79928192817575,27.288461538461547,6.288461538461547,0.14874213836478,0.0,0.0,0
SKU032,2025-12-08,7,218.0,0,0,0,0,No Promotion,12,4,2025,50,-0.2393156642875578,0.970941817426052,-2.4492935982947064e-16,1.0,Office,Organizer,2918.05,5551.47,169.0,248.0,160.0,158.0,161.0,257.0,,205.75,190.625,183.46153846153845,47.77987721485549,37.14041887601315,22.288461538461547,7.163461538461547,0.12148846960167714,0.0,0.0,0
SKU032,2025-12-15,7,247.0,7,0,1,0,Year End Sale,12,4,2025,51,-0.12053668025532363,0.992708874098054,-2.4492935982947064e-16,1.0,Office,Organizer,2918.05,5551.47,218.0,169.0,246.0,162.0,171.0,266.0,,220.25,198.125,187.84615384615384,36.80919269240589,35.638813111550164,32.40384615384616,10.27884615384616,0.17250204750204756,220.25,1.0,0
SKU032,2025-12-22,7,280.0,7,1,1,1,Year End Sale,12,4,2025,52,6.432490598706546e-16,1.0,-2.4492935982947064e-16,1.0,Office,Organizer,2918.05,5551.47,247.0,218.0,248.0,193.0,159.0,198.0,,220.5,208.75,193.69230769230768,37.045017658699166,35.99900792283825,26.80769230769232,15.05769230769232,0.1384034948371724,220.5,1.0,1
SKU032,2025-12-29,7,193.0,3,0,1,0,Year End Sale,12,4,2025,1,0.12053668025532305,0.992708874098054,-2.4492935982947064e-16,1.0,Office,Organizer,2918.05,5551.47,280.0,247.0,169.0,189.0,207.0,182.0,,228.5,219.625,203.0,47.06378650300037,43.01806099103691,25.5,16.625,0.12561576354679804,228.5,0.42857142857142855,0
SKU032,2026-01-05,7,195.0,0,0,0,0,No Promotion,1,1,2026,2,0.23931566428755774,0.970941817426052,0.49999999999999994,0.8660254037844387,Office,Organizer,2918.05,5551.47,193.0,280.0,218.0,160.0,162.0,190.0,200.0,234.5,220.125,201.92307692307693,37.5099986670221,42.632775788453785,32.576923076923066,18.201923076923066,0.16133333333333333,0.0,0.0,0
SKU032,2026-01-12,7,180.0,0,0,0,0,No Promotion,1,1,2026,3,0.3546048870425356,0.9350162426854148,0.49999999999999994,0.8660254037844387,Office,Organizer,2918.05,5551.47,195.0,193.0,247.0,246.0,158.0,169.0,193.0,228.75,224.5,204.46153846153845,42.33497372149887,37.0057910525984,24.288461538461547,20.038461538461547,0.11879232505643356,0.0,0.0,0
SKU032,2026-01-19,7,186.0,0,0,0,0,No Promotion,1,1,2026,4,0.4647231720437685,0.8854560256532099,0.49999999999999994,0.8660254037844387,Office,Organizer,2918.05,5551.47,180.0,195.0,280.0,248.0,162.0,188.0,180.0,212.0,216.25,206.15384615384616,45.818482442496204,38.839412971876904,5.84615384615384,10.09615384615384,0.028358208955223896,0.0,0.0,0
SKU032,2026-01-26,7,211.0,0,1,0,1,No Promotion,1,1,2026,5,0.5680647467311558,0.8229838658936564,0.49999999999999994,0.8660254037844387,Office,Organizer,2918.05,5551.47,186.0,180.0,193.0,169.0,193.0,173.0,134.0,188.5,208.5,208.0,6.85565460040103,37.769980521194725,-19.5,0.5,-0.09375,0.0,0.0,0
SKU032,2026-02-02,7,200.0,0,0,0,0,No Promotion,2,1,2026,6,0.6631226582407952,0.7485107481711011,0.8660254037844386,0.5000000000000001,Office,Organizer,2918.05,5551.47,211.0,186.0,195.0,218.0,189.0,167.0,163.0,193.0,213.75,209.3846153846154,13.490737563232035,34.25013034386043,-16.384615384615387,4.365384615384613,-0.07825128581925056,0.0,0.0,0
SKU032,2026-02-09,7,212.0,0,0,0,0,No Promotion,2,1,2026,7,0.7485107481711011,0.6631226582407953,0.8660254037844386,0.5000000000000001,Office,Organizer,2918.05,5551.47,200.0,211.0,180.0,247.0,160.0,221.0,197.0,194.25,211.5,210.23076923076923,13.961255912942303,34.52121500924158,-15.980769230769226,1.2692307692307736,-0.07601536772777162,0.0,0.0,0
SKU032,2026-02-16,7,191.0,0,0,0,0,No Promotion,2,1,2026,8,0.8229838658936564,0.5680647467311559,0.8660254037844386,0.5000000000000001,Office,Organizer,2918.05,5551.47,212.0,200.0,186.0,280.0,246.0,187.0,173.0,202.25,207.125,214.23076923076923,12.120918557051128,31.461711423797116,-11.980769230769226,-7.105769230769226,-0.055924596050269226,0.0,0.0,0
SKU032,2026-02-23,7,228.0,0,0,0,0,No Promotion,2,1,2026,9,0.8854560256532099,0.4647231720437686,0.8660254037844386,0.5000000000000001,Office,Organizer,2918.05,5551.47,191.0,212.0,211.0,193.0,248.0,208.0,170.0,203.5,196.0,210.0,9.949874371066189,11.26308762538689,-6.5,-14.0,-0.030952380952380953,0.0,0.0,0
SKU032,2026-03-02,7,189.0,0,0,0,0,No Promotion,3,1,2026,10,0.9350162426854148,0.35460488704253557,1.0,6.123233995736766e-17,Office,Organizer,2918.05,5551.47,228.0,191.0,200.0,195.0,169.0,169.0,148.0,207.75,200.375,208.46153846153845,16.007810593582114,15.810823598318443,-0.7115384615384528,-8.086538461538453,-0.0034132841328412544,0.0,0.0,0
SKU032,2026-03-09,7,197.0,1,0,1,0,Spring Sale,3,1,2026,11,0.970941817426052,0.23931566428755804,1.0,6.123233995736766e-17,Office,Organizer,2918.05,5551.47,189.0,228.0,212.0,180.0,218.0,161.0,155.0,205.0,199.625,210.0,18.529256146249725,16.238732357281744,-5.0,-10.375,-0.023809523809523836,205.0,0.14285714285714285,0
SKU032,2026-03-16,7,262.0,7,0,1,0,Spring Sale,3,1,2026,12,0.992708874098054,0.120536680255323,1.0,6.123233995736766e-17,Office,Organizer,2918.05,5551.47,197.0,189.0,191.0,186.0,247.0,171.0,199.0,201.25,201.75,208.3846153846154,18.15443012967725,14.300349646075109,-7.134615384615387,-6.634615384615387,-0.0342377260981912,201.25,1.0,0
SKU032,2026-03-23,7,253.0,3,0,1,0,Spring Sale,3,1,2026,13,1.0,-1.6081226496766366e-16,1.0,6.123233995736766e-17,Office,Organizer,2918.05,5551.47,262.0,197.0,228.0,211.0,280.0,159.0,201.0,219.0,211.25,209.53846153846155,33.23652609203716,24.176434807473175,9.461538461538453,1.7115384615384528,0.04515418502202628,219.0,0.42857142857142855,0
SKU032,2026-03-30,7,181.0,0,0,0,0,No Promotion,3,1,2026,14,0.992708874098054,-0.12053668025532288,1.0,6.123233995736766e-17,Office,Organizer,2918.05,5551.47,253.0,262.0,189.0,200.0,193.0,207.0,175.0,225.25,216.5,207.46153846153845,37.56217068629909,28.319604517012603,17.788461538461547,9.038461538461547,0.08574341861327395,0.0,0.0,0
SKU032,2026-04-06,7,219.0,0,0,0,0,No Promotion,4,2,2026,15,0.9709418174260521,-0.2393156642875575,0.8660254037844387,-0.4999999999999998,Office,Organizer,2918.05,5551.47,181.0,253.0,197.0,212.0,195.0,162.0,184.0,223.25,214.125,206.53846153846155,40.252329125157466,30.605496705190543,16.711538461538453,7.586538461538453,0.08091247672253243,0.0,0.0,0
SKU032,2026-04-13,7,202.0,0,0,0,0,No Promotion,4,2,2026,16,0.9350162426854148,-0.35460488704253545,0.8660254037844387,-0.4999999999999998,Office,Organizer,2918.05,5551.47,219.0,181.0,262.0,191.0,180.0,158.0,179.0,228.75,215.0,208.3846153846154,36.82729965664059,30.636113143991178,20.365384615384613,6.615384615384613,0.09772978959025469,0.0,0.0,0
SKU032,2026-04-20,7,197.0,0,0,0,0,No Promotion,4,2,2026,17,0.8854560256532099,-0.4647231720437685,0.8660254037844387,-0.4999999999999998,Office,Organizer,2918.05,5551.47,202.0,219.0,253.0,228.0,186.0,162.0,145.0,213.75,216.375,210.07692307692307,30.4343555870664,29.635584305743958,3.673076923076934,6.298076923076934,0.01748443793482246,0.0,0.0,0
SKU032,2026-04-27,7,206.0,0,0,0,0,No Promotion,4,2,2026,18,0.8229838658936565,-0.5680647467311557,0.8660254037844387,-0.4999999999999998,Office,Organizer,2918.05,5551.47,197.0,202.0,181.0,189.0,211.0,193.0,177.0,199.75,212.5,210.92307692307693,15.649813630413185,29.923712527501863,-11.173076923076934,1.576923076923066,-0.052972283005105814,0.0,0.0,0
SKU032,2026-05-04,7,201.0,0,0,0,0,No Promotion,5,2,2026,19,0.7485107481711013,-0.663122658240795,0.49999999999999994,-0.8660254037844387,Office,Organizer,2918.05,5551.47,206.0,197.0,219.0,197.0,200.0,189.0,179.0,206.0,214.625,210.53846153846155,9.416297927883669,28.590395490194165,-4.538461538461547,4.086538461538453,-0.021556448666423145,0.0,0.0,0
SKU032,2026-05-11,7,204.0,0,0,0,0,No Promotion,5,2,2026,20,0.6631226582407952,-0.7485107481711012,0.49999999999999994,-0.8660254037844387,Office,Organizer,2918.05,5551.47,201.0,206.0,202.0,262.0,212.0,160.0,175.0,201.5,215.125,210.6153846153846,3.6968455021364153,28.2713257054362,-9.115384615384613,4.509615384615387,-0.043279766252739216,0.0,0.0,0
SKU032,2026-05-18,7,193.0,0,0,0,0,No Promotion,5,2,2026,21,0.5680647467311558,-0.8229838658936564,0.49999999999999994,-0.8660254037844387,Office,Organizer,2918.05,5551.47,204.0,201.0,197.0,253.0,191.0,246.0,141.0,202.0,207.875,210.0,3.9157800414901893,21.0471409663437,-8.0,-2.125,-0.03809523809523807,0.0,0.0,0
SKU032,2026-05-25,7,172.0,0,0,0,0,No Promotion,5,2,2026,22,0.46472317204376906,-0.8854560256532096,0.49999999999999994,-0.8660254037844387,Office,Organizer,2918.05,5551.47,193.0,204.0,206.0,181.0,228.0,248.0,159.0,201.0,200.375,210.15384615384616,5.715476066494044,10.927520957916974,-9.15384615384616,-9.77884615384616,-0.04355783308931194,0.0,0.0,0
SKU032,2026-06-01,7,190.0,0,0,0,0,No Promotion,6,2,2026,23,0.35460488704253584,-0.9350162426854147,1.2246467991473532e-16,-1.0,Office,Organizer,2918.05,5551.47,172.0,193.0,201.0,219.0,189.0,169.0,177.0,192.5,199.25,205.84615384615384,14.433756729740631,13.392428564571224,-13.34615384615384,-6.59615384615384,-0.06483557548579966,0.0,0.0,0
SKU032,2026-06-08,7,247.0,5,0,1,0,Summer Sale,6,2,2026,24,0.23931566428755768,-0.970941817426052,1.2246467991473532e-16,-1.0,Office,Organizer,2918.05,5551.47,190.0,172.0,204.0,202.0,197.0,218.0,257.0,189.75,195.625,205.92307692307693,13.27591804735174,10.992692377861125,-16.173076923076934,-10.298076923076934,-0.07853940978707519,189.75,0.7142857142857143,0
SKU032,2026-06-15,7,253.0,6,0,1,0,Summer Sale,6,2,2026,25,0.12053668025532308,-0.992708874098054,1.2246467991473532e-16,-1.0,Office,Organizer,2918.05,5551.47,247.0,190.0,193.0,197.0,262.0,247.0,266.0,200.5,201.25,209.76923076923077,32.35737937472687,21.352483963899182,-9.269230769230774,-8.519230769230774,-0.0441877521085442,200.5,0.8571428571428571,0
SKU032,2026-06-22,7,218.0,0,0,0,0,No Promotion,6,2,2026,26,-3.216245299353273e-16,-1.0,1.2246467991473532e-16,-1.0,Office,Organizer,2918.05,5551.47,253.0,247.0,172.0,206.0,253.0,280.0,198.0,215.5,208.25,209.07692307692307,40.58324777540604,27.92720128169974,6.423076923076934,-0.826923076923066,0.030721118469462905,0.0,0.0,0
SKU033,2025-05-19,7,116.0,0,0,0,0,No Promotion,5,2,2025,21,0.5680647467311558,-0.8229838658936564,0.49999999999999994,-0.8660254037844387,Furniture,Chair,2210.02,4290.53,,,,,,,,,,,,,,,,,0.0,0
SKU033,2025-05-26,7,128.0,0,0,0,0,No Promotion,5,2,2025,22,0.46472317204376906,-0.8854560256532096,0.49999999999999994,-0.8660254037844387,Furniture,Chair,2210.02,4290.53,116.0,,,,,,,,,,,,,,,,0.0,0
SKU033,2025-06-02,7,147.0,0,0,0,0,No Promotion,6,2,2025,23,0.35460488704253584,-0.9350162426854147,1.2246467991473532e-16,-1.0,Furniture,Chair,2210.02,4290.53,128.0,116.0,,,,,,,,,,,,,,,0.0,0
SKU033,2025-06-09,7,187.0,6,0,1,0,Summer Sale,6,2,2025,24,0.23931566428755768,-0.970941817426052,1.2246467991473532e-16,-1.0,Furniture,Chair,2210.02,4290.53,147.0,128.0,,,,,,,,,,,,,,,0.8571428571428571,0
SKU033,2025-06-16,7,210.0,5,0,1,0,Summer Sale,6,2,2025,25,0.12053668025532308,-0.992708874098054,1.2246467991473532e-16,-1.0,Furniture,Chair,2210.02,4290.53,187.0,147.0,116.0,,,,,144.5,,,31.075177661063606,,,,,144.5,0.7142857142857143,0
SKU033,2025-06-23,7,156.0,0,0,0,0,No Promotion,6,2,2025,26,-3.216245299353273e-16,-1.0,1.2246467991473532e-16,-1.0,Furniture,Chair,2210.02,4290.53,210.0,187.0,128.0,,,,,168.0,,,37.26481808176,,,,,0.0,0.0,0
SKU033,2025-06-30,7,142.0,0,0,0,0,No Promotion,6,2,2025,27,-0.12053668025532283,-0.992708874098054,1.2246467991473532e-16,-1.0,Furniture,Chair,2210.02,4290.53,156.0,210.0,147.0,,,,,175.0,,,28.948229652260256,,,,,0.0,0.0,0
SKU033,2025-07-07,7,153.0,0,0,0,0,No Promotion,7,3,2025,28,-0.23931566428755743,-0.9709418174260521,-0.4999999999999997,-0.8660254037844388,Furniture,Chair,2210.02,4290.53,142.0,156.0,187.0,,,,,173.75,,,30.619982582185337,,,,,0.0,0.0,0
SKU033,2025-07-14,7,121.0,0,0,0,0,No Promotion,7,3,2025,29,-0.3546048870425356,-0.9350162426854148,-0.4999999999999997,-0.8660254037844388,Furniture,Chair,2210.02,4290.53,153.0,142.0,210.0,116.0,,,,165.25,154.875,,30.434355587066406,30.55878410071784,,,,0.0,0.0,0
SKU033,2025-07-21,7,130.0,0,0,0,0,No Promotion,7,3,2025,30,-0.46472317204376806,-0.8854560256532101,-0.4999999999999997,-0.8660254037844388,Furniture,Chair,2210.02,4290.53,121.0,153.0,156.0,128.0,,,,143.0,155.5,,15.853495934125496,29.68886275067759,,,,0.0,0.0,0
SKU033,2025-07-28,7,149.0,0,0,0,0,No Promotion,7,3,2025,31,-0.5680647467311556,-0.8229838658936566,-0.4999999999999997,-0.8660254037844388,Furniture,Chair,2210.02,4290.53,130.0,121.0,142.0,147.0,,,,136.5,155.75,,13.96424004376895,29.43151857642221,,,,0.0,0.0,0
SKU033,2025-08-04,7,153.0,0,0,0,0,No Promotion,8,3,2025,32,-0.663122658240795,-0.7485107481711013,-0.8660254037844385,-0.5000000000000004,Furniture,Chair,2210.02,4290.53,149.0,130.0,153.0,187.0,,,,138.25,156.0,,15.261607604268525,29.35497037495159,,,,0.0,0.0,0
SKU033,2025-08-11,7,148.0,0,1,0,1,No Promotion,8,3,2025,33,-0.7485107481711011,-0.6631226582407952,-0.8660254037844385,-0.5000000000000004,Furniture,Chair,2210.02,4290.53,153.0,149.0,121.0,210.0,,,,138.25,151.75,,15.261607604268525,26.553181138451727,,,,0.0,0.0,0
SKU033,2025-08-18,7,154.0,0,0,0,0,No Promotion,8,3,2025,34,-0.8229838658936564,-0.5680647467311559,-0.8660254037844385,-0.5000000000000004,Furniture,Chair,2210.02,4290.53,148.0,153.0,130.0,156.0,116.0,,,145.0,144.0,149.23076923076923,10.230672835481883,12.398156544998356,-4.230769230769226,-5.230769230769226,-0.028350515463917536,0.0,0.0,0
SKU033,2025-08-25,7,148.0,0,0,0,0,No Promotion,8,3,2025,35,-0.8854560256532096,-0.4647231720437691,-0.8660254037844385,-0.5000000000000004,Furniture,Chair,2210.02,4290.53,154.0,148.0,149.0,142.0,128.0,,,151.0,143.75,152.15384615384616,2.9439202887759874,12.139075041251813,-1.1538461538461604,-8.40384615384616,-0.007583417593528874,0.0,0.0,0
SKU033,2025-09-01,7,123.0,0,0,0,0,No Promotion,9,3,2025,36,-0.9350162426854147,-0.3546048870425359,-1.0,-1.8369701987210297e-16,Furniture,Chair,2210.02,4290.53,148.0,154.0,153.0,153.0,147.0,,,150.75,144.5,153.69230769230768,3.20156211871646,12.200702555883522,-2.942307692307679,-9.19230769230768,-0.019144144144144115,0.0,0.0,0
SKU033,2025-09-08,7,108.0,0,0,0,0,No Promotion,9,3,2025,37,-0.970941817426052,-0.23931566428755774,-1.0,-1.8369701987210297e-16,Furniture,Chair,2210.02,4290.53,123.0,148.0,148.0,121.0,187.0,,,143.25,140.75,151.84615384615384,13.79311422413373,13.729530217745975,-8.59615384615384,-11.09615384615384,-0.056610942249240126,0.0,0.0,0
SKU033,2025-09-15,7,116.0,0,0,0,0,No Promotion,9,3,2025,38,-0.992708874098054,-0.12053668025532357,-1.0,-1.8369701987210297e-16,Furniture,Chair,2210.02,4290.53,108.0,123.0,154.0,130.0,210.0,,,133.25,139.125,145.76923076923077,21.530985424112234,16.822073084407364,-12.519230769230774,-6.644230769230774,-0.08588390501319265,0.0,0.0,0
SKU033,2025-09-22,7,139.0,0,0,0,0,No Promotion,9,3,2025,39,-1.0,-1.8369701987210297e-16,-1.0,-1.8369701987210297e-16,Furniture,Chair,2210.02,4290.53,116.0,108.0,148.0,149.0,156.0,,,123.75,137.375,138.53846153846155,17.289206652321173,18.54675558843494,-14.788461538461547,-1.1634615384615472,-0.10674625208217658,0.0,0.0,0
SKU033,2025-09-29,7,158.0,5,1,1,1,Festive Sale,9,3,2025,40,-0.992708874098054,0.1205366802553232,-1.0,-1.8369701987210297e-16,Furniture,Chair,2210.02,4290.53,139.0,116.0,123.0,153.0,142.0,,,121.5,136.125,137.23076923076923,13.178264933847199,17.979651196362433,-15.730769230769226,-1.1057692307692264,-0.11463004484304928,121.5,0.7142857142857143,1
SKU033,2025-10-06,7,161.0,5,0,1,0,Festive Sale,10,4,2025,41,-0.9709418174260521,0.23931566428755738,-0.8660254037844386,0.5000000000000001,Furniture,Chair,2210.02,4290.53,158.0,139.0,108.0,148.0,153.0,,,130.25,136.75,138.46153846153845,22.691775308835286,18.721645226849052,-8.211538461538453,-1.7115384615384528,-0.0593055555555555,130.25,0.7142857142857143,0
SKU033,2025-10-13,7,143.0,0,0,0,0,No Promotion,10,4,2025,42,-0.9350162426854148,0.35460488704253557,-0.8660254037844386,0.5000000000000001,Furniture,Chair,2210.02,4290.53,161.0,158.0,116.0,154.0,121.0,,,143.5,138.375,139.07692307692307,20.760539492026698,20.33250388628302,4.423076923076934,-0.701923076923066,0.03180309734513287,0.0,0.0,0
SKU033,2025-10-20,7,127.0,0,0,0,0,No Promotion,10,4,2025,43,-0.8854560256532101,0.464723172043768,-0.8660254037844386,0.5000000000000001,Furniture,Chair,2210.02,4290.53,143.0,161.0,139.0,148.0,130.0,,,150.25,137.0,140.76923076923077,10.874281585465782,19.478926341782067,9.480769230769226,-3.7692307692307736,0.06734972677595619,0.0,0.0,0
SKU033,2025-10-27,7,142.0,0,1,0,1,No Promotion,10,4,2025,44,-0.822983865893657,0.5680647467311548,-0.8660254037844386,0.5000000000000001,Furniture,Chair,2210.02,4290.53,127.0,143.0,158.0,123.0,149.0,,,147.25,134.375,140.53846153846155,15.628499608087791,19.197749124013765,6.711538461538453,-6.163461538461547,0.04775588396278052,0.0,0.0,0
SKU033,2025-11-03,7,126.0,0,0,0,0,No Promotion,11,4,2025,45,-0.7485107481711011,0.6631226582407952,-0.5000000000000004,0.8660254037844384,Furniture,Chair,2210.02,4290.53,142.0,127.0,161.0,108.0,153.0,,,143.25,136.75,140.0,13.913422775626906,18.75975936488982,3.25,-3.25,0.023214285714285632,0.0,0.0,0
SKU033,2025-11-10,7,117.0,0,0,0,0,No Promotion,11,4,2025,46,-0.6631226582407955,0.7485107481711007,-0.5000000000000004,0.8660254037844384,Furniture,Chair,2210.02,4290.53,126.0,142.0,143.0,116.0,148.0,,,134.5,139.0,137.92307692307693,9.255628917943229,15.638779638176004,-3.423076923076934,1.076923076923066,-0.024818739542666002,0.0,0.0,0
SKU033,2025-11-17,7,149.0,4,0,1,0,Black Friday,11,4,2025,47,-0.5680647467311559,0.8229838658936564,-0.5000000000000004,0.8660254037844384,Furniture,Chair,2210.02,4290.53,117.0,126.0,127.0,139.0,154.0,116.0,,128.0,139.125,135.53846153846155,10.36018017861338,15.431299362010959,-7.538461538461547,3.586538461538453,-0.055618615209988675,128.0,0.5714285714285714,0
SKU033,2025-11-24,7,192.0,7,0,1,0,Black Friday,11,4,2025,48,-0.4647231720437684,0.88545602565321,-0.5000000000000004,0.8660254037844384,Furniture,Chair,2210.02,4290.53,149.0,117.0,142.0,158.0,148.0,128.0,,133.5,140.375,135.15384615384616,14.617341299520472,15.819856419792721,-1.6538461538461604,5.22115384615384,-0.012236767216846967,133.5,1.0,0
SKU033,2025-12-01,7,139.0,0,0,0,0,No Promotion,12,4,2025,49,-0.35460488704253595,0.9350162426854147,-2.4492935982947064e-16,1.0,Furniture,Chair,2210.02,4290.53,192.0,149.0,126.0,161.0,123.0,147.0,,146.0,144.625,138.53846153846155,33.49626844888846,23.790379207930727,7.461538461538453,6.086538461538453,0.05385896724042194,0.0,0.0,0
SKU033,2025-12-08,7,165.0,0,0,0,0,No Promotion,12,4,2025,50,-0.2393156642875578,0.970941817426052,-2.4492935982947064e-16,1.0,Furniture,Chair,2210.02,4290.53,139.0,192.0,117.0,143.0,108.0,187.0,,149.25,141.875,139.76923076923077,31.478828864280626,22.88129304538035,9.480769230769226,2.1057692307692264,0.06783159053384691,0.0,0.0,0
SKU033,2025-12-15,7,202.0,7,0,1,0,Year End Sale,12,4,2025,51,-0.12053668025532363,0.992708874098054,-2.4492935982947064e-16,1.0,Furniture,Chair,2210.02,4290.53,165.0,139.0,149.0,127.0,116.0,210.0,,161.25,144.625,144.15384615384616,23.12826553519885,24.313062332828412,17.09615384615384,0.4711538461538396,0.11859658484525082,161.25,1.0,0
SKU033,2025-12-22,7,188.0,7,1,1,1,Year End Sale,12,4,2025,52,6.432490598706546e-16,1.0,-2.4492935982947064e-16,1.0,Furniture,Chair,2210.02,4290.53,202.0,165.0,192.0,142.0,139.0,156.0,,174.5,154.0,150.76923076923077,28.360771028541052,30.27493069474195,23.730769230769226,3.2307692307692264,0.15739795918367339,174.5,1.0,1
SKU033,2025-12-29,7,156.0,3,0,1,0,Year End Sale,12,4,2025,1,0.12053668025532305,0.992708874098054,-2.4492935982947064e-16,1.0,Furniture,Chair,2210.02,4290.53,188.0,202.0,139.0,126.0,158.0,142.0,,173.5,159.75,154.53846153846155,27.59830912694955,31.989953780165774,18.961538461538453,5.211538461538453,0.12269785963165747,173.5,0.42857142857142855,0
SKU033,2026-01-05,7,143.0,0,0,0,0,No Promotion,1,1,2026,2,0.23931566428755774,0.970941817426052,0.49999999999999994,0.8660254037844387,Furniture,Chair,2210.02,4290.53,156.0,188.0,165.0,117.0,161.0,153.0,,177.75,163.5,154.3846153846154,21.04558544366649,29.095900545805904,23.365384615384613,9.115384615384613,0.15134529147982057,0.0,0.0,0
SKU033,2026-01-12,7,148.0,0,0,0,0,No Promotion,1,1,2026,3,0.3546048870425356,0.9350162426854148,0.49999999999999994,0.8660254037844387,Furniture,Chair,2210.02,4290.53,143.0,156.0,202.0,149.0,143.0,121.0,,172.25,166.75,153.0,27.40285873164818,24.20005903180521,19.25,13.75,0.12581699346405228,0.0,0.0,0
SKU033,2026-01-19,7,134.0,0,0,0,0,No Promotion,1,1,2026,4,0.4647231720437685,0.8854560256532099,0.49999999999999994,0.8660254037844387,Furniture,Chair,2210.02,4290.53,148.0,143.0,188.0,192.0,127.0,130.0,,158.75,166.625,153.3846153846154,20.221688027132327,24.307185886364664,5.365384615384613,13.240384615384613,0.03497993981945835,0.0,0.0,0
SKU033,2026-01-26,7,177.0,0,1,0,1,No Promotion,1,1,2026,5,0.5680647467311558,0.8229838658936564,0.49999999999999994,0.8660254037844387,Furniture,Chair,2210.02,4290.53,134.0,148.0,156.0,139.0,142.0,149.0,,145.25,159.375,153.92307692307693,9.215023964519407,24.307185886364664,-8.673076923076934,5.451923076923066,-0.056346826586706755,0.0,0.0,0
SKU033,2026-02-02,7,163.0,0,0,0,0,No Promotion,2,1,2026,6,0.6631226582407952,0.7485107481711011,0.8660254037844386,0.5000000000000001,Furniture,Chair,2210.02,4290.53,177.0,134.0,143.0,165.0,126.0,153.0,,150.5,164.125,156.6153846153846,18.59211302317913,23.45474365666783,-6.115384615384613,7.509615384615387,-0.03904715127701375,0.0,0.0,0
SKU033,2026-02-09,7,139.0,0,0,0,0,No Promotion,2,1,2026,7,0.7485107481711011,0.6631226582407953,0.8660254037844386,0.5000000000000001,Furniture,Chair,2210.02,4290.53,163.0,177.0,148.0,202.0,117.0,148.0,,155.5,163.875,159.46153846153845,18.59211302317913,23.45474365666783,-3.961538461538453,4.413461538461547,-0.024843222383019725,0.0,0.0,0
SKU033,2026-02-16,7,141.0,0,0,0,0,No Promotion,2,1,2026,8,0.8229838658936564,0.5680647467311559,0.8660254037844386,0.5000000000000001,Furniture,Chair,2210.02,4290.53,139.0,163.0,134.0,188.0,149.0,154.0,,153.25,156.0,161.15384615384616,20.27107956342402,18.973665961010266,-7.90384615384616,-5.15384615384616,-0.049045346062052575,0.0,0.0,0
SKU033,2026-02-23,7,134.0,0,0,0,0,No Promotion,2,1,2026,9,0.8854560256532099,0.4647231720437686,0.8660254037844386,0.5000000000000001,Furniture,Chair,2210.02,4290.53,141.0,139.0,177.0,156.0,192.0,148.0,,155.0,150.125,160.53846153846155,18.257418583505547,14.367000879992801,-5.538461538461547,-10.413461538461547,-0.0344992812649737,0.0,0.0,0
SKU033,2026-03-02,7,134.0,0,0,0,0,No Promotion,3,1,2026,10,0.9350162426854148,0.35460488704253557,1.0,6.123233995736766e-17,Furniture,Chair,2210.02,4290.53,134.0,141.0,163.0,143.0,139.0,123.0,,144.25,147.375,156.07692307692307,12.841988423397172,15.16516214410985,-11.826923076923066,-8.701923076923066,-0.07577624445539666,0.0,0.0,0
SKU033,2026-03-09,7,159.0,1,0,1,0,Spring Sale,3,1,2026,11,0.970941817426052,0.23931566428755804,1.0,6.123233995736766e-17,Furniture,Chair,2210.02,4290.53,134.0,134.0,139.0,148.0,165.0,108.0,,137.0,146.25,155.69230769230768,3.5590260840104797,15.854246839794769,-18.69230769230768,-9.44230769230768,-0.12005928853754932,137.0,0.14285714285714285,0
SKU033,2026-03-16,7,195.0,7,0,1,0,Spring Sale,3,1,2026,12,0.992708874098054,0.120536680255323,1.0,6.123233995736766e-17,Furniture,Chair,2210.02,4290.53,159.0,134.0,141.0,134.0,202.0,116.0,,142.0,147.625,155.23076923076923,11.803954139750525,16.491881119421837,-13.230769230769226,-7.605769230769226,-0.0852329038652131,142.0,1.0,0
SKU033,2026-03-23,7,172.0,3,0,1,0,Spring Sale,3,1,2026,13,1.0,-1.6081226496766366e-16,1.0,6.123233995736766e-17,Furniture,Chair,2210.02,4290.53,195.0,159.0,134.0,177.0,188.0,139.0,,155.5,155.25,154.69230769230768,28.85018775213315,22.352692391362087,0.8076923076923208,0.5576923076923208,0.005221282943809191,155.5,0.42857142857142855,0
SKU033,2026-03-30,7,137.0,0,0,0,0,No Promotion,3,1,2026,14,0.992708874098054,-0.12053668025532288,1.0,6.123233995736766e-17,Furniture,Chair,2210.02,4290.53,172.0,195.0,134.0,163.0,156.0,158.0,,165.0,154.625,153.46153846153845,25.468935326524093,21.718573354882867,11.538461538461547,1.1634615384615472,0.07518796992481214,0.0,0.0,0
SKU033,2026-04-06,7,149.0,0,0,0,0,No Promotion,4,2,2026,15,0.9709418174260521,-0.2393156642875575,0.8660254037844387,-0.4999999999999998,Furniture,Chair,2210.02,4290.53,137.0,172.0,159.0,139.0,143.0,161.0,,165.75,151.375,152.0,24.267605293202436,22.225709051842244,13.75,-0.625,0.09046052631578938,0.0,0.0,0
SKU033,2026-04-13,7,135.0,0,0,0,0,No Promotion,4,2,2026,16,0.9350162426854148,-0.35460488704253545,0.8660254037844387,-0.4999999999999998,Furniture,Chair,2210.02,4290.53,149.0,137.0,195.0,141.0,148.0,143.0,,163.25,152.625,152.46153846153845,25.669372151781722,21.70541407114823,10.788461538461547,0.1634615384615472,0.07076185671039359,0.0,0.0,0
SKU033,2026-04-20,7,148.0,0,0,0,0,No Promotion,4,2,2026,17,0.8854560256532099,-0.4647231720437685,0.8660254037844387,-0.4999999999999998,Furniture,Chair,2210.02,4290.53,135.0,149.0,172.0,134.0,134.0,127.0,,148.25,151.875,151.46153846153845,16.997548842896933,22.26103257777076,-3.211538461538453,0.4134615384615472,-0.02120365667851698,0.0,0.0,0
SKU033,2026-04-27,7,109.0,0,0,0,0,No Promotion,4,2,2026,18,0.8229838658936565,-0.5680647467311557,0.8660254037844387,-0.4999999999999998,Furniture,Chair,2210.02,4290.53,148.0,135.0,137.0,134.0,177.0,142.0,,142.25,153.625,152.53846153846155,7.274384280931745,21.179083347221876,-10.288461538461547,1.0865384615384528,-0.06744831064044388,0.0,0.0,0
SKU033,2026-05-04,7,164.0,0,0,0,0,No Promotion,5,2,2026,19,0.7485107481711013,-0.663122658240795,0.49999999999999994,-0.8660254037844387,Furniture,Chair,2210.02,4290.53,109.0,148.0,149.0,159.0,163.0,126.0,,135.25,150.5,147.30769230769232,18.62569909202516,25.823577266853295,-12.05769230769232,3.192307692307679,-0.0818537859007834,0.0,0.0,0
SKU033,2026-05-11,7,128.0,0,0,0,0,No Promotion,5,2,2026,20,0.6631226582407952,-0.7485107481711012,0.49999999999999994,-0.8660254037844387,Furniture,Chair,2210.02,4290.53,164.0,109.0,135.0,195.0,139.0,117.0,,139.0,151.125,147.3846153846154,23.25224003546039,26.117522853440743,-8.384615384615387,3.740384615384613,-0.0568893528183716,0.0,0.0,0
SKU033,2026-05-18,7,144.0,0,0,0,0,No Promotion,5,2,2026,21,0.5680647467311558,-0.8229838658936564,0.49999999999999994,-0.8660254037844387,Furniture,Chair,2210.02,4290.53,128.0,164.0,148.0,172.0,141.0,149.0,116.0,137.25,142.75,146.53846153846155,23.907809045024045,20.08375320643884,-9.288461538461547,-3.788461538461547,-0.06338582677165361,0.0,0.0,0
SKU033,2026-05-25,7,133.0,0,0,0,0,No Promotion,5,2,2026,22,0.46472317204376906,-0.8854560256532096,0.49999999999999994,-0.8660254037844387,Furniture,Chair,2210.02,4290.53,144.0,128.0,109.0,137.0,134.0,192.0,128.0,136.25,139.25,146.76923076923077,23.386249521175195,16.351059380270822,-10.519230769230774,-7.519230769230774,-0.07167190775681342,0.0,0.0,0
SKU033,2026-06-01,7,177.0,0,0,0,0,No Promotion,6,2,2026,23,0.35460488704253584,-0.9350162426854147,1.2246467991473532e-16,-1.0,Furniture,Chair,2210.02,4290.53,133.0,144.0,164.0,149.0,134.0,139.0,147.0,142.25,138.75,146.69230769230768,15.966109941581477,16.490256863632265,-4.442307692307679,-7.942307692307679,-0.03028316727844771,0.0,0.0,0
SKU033,2026-06-08,7,166.0,5,0,1,0,Summer Sale,6,2,2026,24,0.23931566428755768,-0.970941817426052,1.2246467991473532e-16,-1.0,Furniture,Chair,2210.02,4290.53,177.0,133.0,128.0,135.0,159.0,165.0,187.0,145.5,142.25,150.0,22.037846234754134,21.258611700404405,-4.5,-7.75,-0.030000000000000027,145.5,0.7142857142857143,0
SKU033,2026-06-15,7,226.0,6,0,1,0,Summer Sale,6,2,2026,25,0.12053668025532308,-0.992708874098054,1.2246467991473532e-16,-1.0,Furniture,Chair,2210.02,4290.53,166.0,177.0,144.0,148.0,195.0,202.0,210.0,155.0,146.125,150.53846153846155,20.083160441856094,22.535289785451738,4.461538461538453,-4.413461538461547,0.02963719979560553,155.0,0.8571428571428571,0
SKU033,2026-06-22,7,159.0,0,0,0,0,No Promotion,6,2,2026,26,-3.216245299353273e-16,-1.0,1.2246467991473532e-16,-1.0,Furniture,Chair,2210.02,4290.53,226.0,166.0,133.0,109.0,172.0,188.0,156.0,175.5,155.875,152.92307692307693,38.50973902793942,36.195648909779194,22.576923076923066,2.951923076923066,0.14763581488933597,0.0,0.0,0
SKU034,2025-01-06,7,511.0,3,0,1,0,New Year Sale,1,1,2025,2,0.23931566428755774,0.970941817426052,0.49999999999999994,0.8660254037844387,Home Decor,Clock,1084.77,1369.57,,,,,,,,,,,,,,,,,0.42857142857142855,0
SKU034,2025-01-13,7,520.0,3,0,1,0,New Year Sale,1,1,2025,3,0.3546048870425356,0.9350162426854148,0.49999999999999994,0.8660254037844387,Home Decor,Clock,1084.77,1369.57,511.0,,,,,,,,,,,,,,,,0.42857142857142855,0
SKU034,2025-01-20,7,432.0,0,1,0,1,No Promotion,1,1,2025,4,0.4647231720437685,0.8854560256532099,0.49999999999999994,0.8660254037844387,Home Decor,Clock,1084.77,1369.57,520.0,511.0,,,,,,,,,,,,,,,0.0,0
SKU034,2025-01-27,7,449.0,0,0,0,0,No Promotion,1,1,2025,5,0.5680647467311558,0.8229838658936564,0.49999999999999994,0.8660254037844387,Home Decor,Clock,1084.77,1369.57,432.0,520.0,,,,,,,,,,,,,,,0.0,0
SKU034,2025-02-03,7,576.0,0,0,0,0,No Promotion,2,1,2025,6,0.6631226582407952,0.7485107481711011,0.8660254037844386,0.5000000000000001,Home Decor,Clock,1084.77,1369.57,449.0,432.0,511.0,,,,,478.0,,,44.00757510550504,,,,,0.0,0.0,0
SKU034,2025-02-10,7,439.0,0,0,0,0,No Promotion,2,1,2025,7,0.7485107481711011,0.6631226582407953,0.8660254037844386,0.5000000000000001,Home Decor,Clock,1084.77,1369.57,576.0,449.0,520.0,,,,,494.25,,,66.50501234242925,,,,,0.0,0.0,0
SKU034,2025-02-17,7,473.0,0,0,0,0,No Promotion,2,1,2025,8,0.8229838658936564,0.5680647467311559,0.8660254037844386,0.5000000000000001,Home Decor,Clock,1084.77,1369.57,439.0,576.0,432.0,,,,,474.0,,,68.35690650304963,,,,,0.0,0.0,0
SKU034,2025-02-24,7,463.0,0,0,0,0,No Promotion,2,1,2025,9,0.8854560256532099,0.4647231720437686,0.8660254037844386,0.5000000000000001,Home Decor,Clock,1084.77,1369.57,473.0,439.0,449.0,,,,,484.25,,,62.80857160186552,,,,,0.0,0.0,0
SKU034,2025-03-03,7,476.0,0,0,0,0,No Promotion,3,1,2025,10,0.9350162426854148,0.35460488704253557,1.0,6.123233995736766e-17,Home Decor,Clock,1084.77,1369.57,463.0,473.0,576.0,511.0,,,,487.75,482.875,,60.53855520795543,49.27310915412469,,,,0.0,0.0,0
SKU034,2025-03-10,7,430.0,0,0,0,0,No Promotion,3,1,2025,11,0.970941817426052,0.23931566428755804,1.0,6.123233995736766e-17,Home Decor,Clock,1084.77,1369.57,476.0,463.0,439.0,520.0,,,,462.75,478.5,,16.780444968275837,47.95533636326916,,,,0.0,0.0,0
SKU034,2025-03-17,7,568.0,4,0,1,0,Spring Sale,3,1,2025,12,0.992708874098054,0.120536680255323,1.0,6.123233995736766e-17,Home Decor,Clock,1084.77,1369.57,430.0,476.0,473.0,432.0,,,,460.5,467.25,,21.079215671683183,47.382184717163774,,,,460.5,0.5714285714285714,0
SKU034,2025-03-24,7,594.0,4,0,1,0,Spring Sale,3,1,2025,13,1.0,-1.6081226496766366e-16,1.0,6.123233995736766e-17,Home Decor,Clock,1084.77,1369.57,568.0,430.0,463.0,449.0,,,,484.25,484.25,,59.095262077428856,56.45668377488305,,,,484.25,0.5714285714285714,0
SKU034,2025-03-31,7,484.0,0,0,0,0,No Promotion,3,1,2025,14,0.992708874098054,-0.12053668025532288,1.0,6.123233995736766e-17,Home Decor,Clock,1084.77,1369.57,594.0,568.0,476.0,576.0,,,,517.0,502.375,,76.98484699385112,65.99337087920271,,,,0.0,0.0,0
SKU034,2025-04-07,7,453.0,0,0,0,0,No Promotion,4,2,2025,15,0.9709418174260521,-0.2393156642875575,0.8660254037844387,-0.4999999999999998,Home Decor,Clock,1084.77,1369.57,484.0,594.0,430.0,439.0,511.0,,,519.0,490.875,493.46153846153845,75.65712127751097,58.97320820266001,25.538461538461547,-2.586538461538453,0.05175370226032738,0.0,0.0,0
SKU034,2025-04-14,7,476.0,0,0,0,0,No Promotion,4,2,2025,16,0.9350162426854148,-0.35460488704253545,0.8660254037844387,-0.4999999999999998,Home Decor,Clock,1084.77,1369.57,453.0,484.0,568.0,473.0,520.0,,,524.75,492.625,489.0,67.01927583414593,57.40069063795562,35.75,3.625,0.07310838445807777,0.0,0.0,0
SKU034,2025-04-21,7,494.0,0,0,0,0,No Promotion,4,2,2025,17,0.8854560256532099,-0.4647231720437685,0.8660254037844387,-0.4999999999999998,Home Decor,Clock,1084.77,1369.57,476.0,453.0,594.0,463.0,432.0,,,501.75,493.0,485.61538461538464,62.888128185426766,57.26380058241731,16.13461538461536,7.384615384615358,0.03322509108189453,0.0,0.0,0
SKU034,2025-04-28,7,490.0,0,0,0,0,No Promotion,4,2,2025,18,0.8229838658936565,-0.5680647467311557,0.8660254037844387,-0.4999999999999998,Home Decor,Clock,1084.77,1369.57,494.0,476.0,484.0,476.0,449.0,,,476.75,496.875,490.38461538461536,17.46186320719151,55.97815262607879,-13.634615384615358,6.490384615384642,-0.027803921568627432,0.0,0.0,0
SKU034,2025-05-05,7,503.0,0,0,0,0,No Promotion,5,2,2025,19,0.7485107481711013,-0.663122658240795,0.49999999999999994,-0.8660254037844387,Home Decor,Clock,1084.77,1369.57,490.0,494.0,453.0,430.0,576.0,,,478.25,498.625,493.53846153846155,18.518009252256803,55.44865707506875,-15.288461538461547,5.086538461538453,-0.030977244389027492,0.0,0.0,0
SKU034,2025-05-12,7,487.0,0,0,0,0,No Promotion,5,2,2025,20,0.6631226582407952,-0.7485107481711012,0.49999999999999994,-0.8660254037844387,Home Decor,Clock,1084.77,1369.57,503.0,490.0,476.0,568.0,439.0,,,490.75,507.75,487.9230769230769,11.236102527122187,48.055771171183416,2.8269230769230944,19.826923076923094,0.005793788428188673,0.0,0.0,0
SKU034,2025-05-19,7,406.0,0,0,0,0,No Promotion,5,2,2025,21,0.5680647467311558,-0.8229838658936564,0.49999999999999994,-0.8660254037844387,Home Decor,Clock,1084.77,1369.57,487.0,503.0,494.0,594.0,473.0,,,493.5,497.625,491.61538461538464,6.9522178715381795,41.65483165252262,1.8846153846153584,6.009615384615358,0.00383351588170866,0.0,0.0,0
SKU034,2025-05-26,7,526.0,0,0,0,0,No Promotion,5,2,2025,22,0.46472317204376906,-0.8854560256532096,0.49999999999999994,-0.8660254037844387,Home Decor,Clock,1084.77,1369.57,406.0,487.0,490.0,484.0,463.0,,,471.5,474.125,486.46153846153845,44.2153819388683,31.247571334196742,-14.961538461538453,-12.336538461538453,-0.030755850727387735,0.0,0.0,0
SKU034,2025-06-02,7,554.0,0,0,0,0,No Promotion,6,2,2025,23,0.35460488704253584,-0.9350162426854147,1.2246467991473532e-16,-1.0,Home Decor,Clock,1084.77,1369.57,526.0,406.0,503.0,453.0,476.0,,,480.5,479.375,491.3076923076923,52.18237250259901,36.26859129171843,-10.80769230769232,-11.93269230769232,-0.021997808047596656,0.0,0.0,0
SKU034,2025-06-09,7,620.0,6,0,1,0,Summer Sale,6,2,2025,24,0.23931566428755768,-0.970941817426052,1.2246467991473532e-16,-1.0,Home Decor,Clock,1084.77,1369.57,554.0,526.0,487.0,476.0,430.0,,,493.25,492.0,497.3076923076923,64.32923130272894,42.77181982834692,-4.057692307692321,-5.307692307692321,-0.008159319412219701,493.25,0.8571428571428571,0
SKU034,2025-06-16,7,633.0,5,0,1,0,Summer Sale,6,2,2025,25,0.12053668025532308,-0.992708874098054,1.2246467991473532e-16,-1.0,Home Decor,Clock,1084.77,1369.57,620.0,554.0,406.0,494.0,568.0,,,526.5,510.0,511.9230769230769,89.47811650528489,61.34446068833646,14.576923076923094,-1.9230769230769056,0.028474830954169805,526.5,0.7142857142857143,0
SKU034,2025-06-23,7,524.0,0,0,0,0,No Promotion,6,2,2025,26,-3.216245299353273e-16,-1.0,1.2246467991473532e-16,-1.0,Home Decor,Clock,1084.77,1369.57,633.0,620.0,526.0,490.0,594.0,,,583.25,527.375,516.9230769230769,51.50647208523092,74.45024704938383,66.3269230769231,10.451923076923094,0.1283110119047619,0.0,0.0,0
SKU034,2025-06-30,7,522.0,0,0,0,0,No Promotion,6,2,2025,27,-0.12053668025532283,-0.992708874098054,1.2246467991473532e-16,-1.0,Home Decor,Clock,1084.77,1369.57,524.0,633.0,554.0,503.0,484.0,,,582.75,531.625,511.53846153846155,52.25179422756701,72.96758086398957,71.21153846153845,20.086538461538453,0.13921052631578945,0.0,0.0,0
SKU034,2025-07-07,7,493.0,0,0,0,0,No Promotion,7,3,2025,28,-0.23931566428755743,-0.9709418174260521,-0.4999999999999997,-0.8660254037844388,Home Decor,Clock,1084.77,1369.57,522.0,524.0,620.0,487.0,453.0,511.0,,574.75,534.0,514.4615384615385,59.996527677302616,72.20803279414278,60.28846153846155,19.538461538461547,0.1171875,0.0,0.0,0
SKU034,2025-07-14,7,559.0,0,0,0,0,No Promotion,7,3,2025,29,-0.3546048870425356,-0.9350162426854148,-0.4999999999999997,-0.8660254037844388,Home Decor,Clock,1084.77,1369.57,493.0,522.0,633.0,406.0,476.0,520.0,,543.0,534.75,517.5384615384615,61.64954717324914,71.67934550083847,25.461538461538453,17.211538461538453,0.04919738406658736,0.0,0.0,0
SKU034,2025-07-21,7,536.0,0,0,0,0,No Promotion,7,3,2025,30,-0.46472317204376806,-0.8854560256532101,-0.4999999999999997,-0.8660254037844388,Home Decor,Clock,1084.77,1369.57,559.0,493.0,524.0,526.0,494.0,432.0,,524.5,553.875,523.9230769230769,27.01234285778764,49.35422257228136,0.5769230769230944,29.951923076923094,0.001101159888415859,0.0,0.0,0
SKU034,2025-07-28,7,556.0,0,0,0,0,No Promotion,7,3,2025,31,-0.5680647467311556,-0.8229838658936566,-0.4999999999999997,-0.8660254037844388,Home Decor,Clock,1084.77,1369.57,536.0,559.0,522.0,554.0,490.0,449.0,,527.5,555.125,527.1538461538462,27.598309126949626,48.669255475828166,0.3461538461538112,27.97115384615381,0.0006566467240622931,0.0,0.0,0
SKU034,2025-08-04,7,520.0,0,0,0,0,No Promotion,8,3,2025,32,-0.663122658240795,-0.7485107481711013,-0.8660254037844385,-0.5000000000000004,Home Decor,Clock,1084.77,1369.57,556.0,536.0,493.0,620.0,503.0,576.0,,536.0,555.375,532.2307692307693,30.430248109405944,48.66778782139756,3.7692307692307168,23.144230769230717,0.007081948258418791,0.0,0.0,0
SKU034,2025-08-11,7,639.0,0,1,0,1,No Promotion,8,3,2025,33,-0.7485107481711011,-0.6631226582407952,-0.8660254037844385,-0.5000000000000004,Home Decor,Clock,1084.77,1369.57,520.0,556.0,559.0,633.0,487.0,439.0,,542.75,542.875,533.5384615384615,18.282505298782322,42.09661506582211,9.211538461538453,9.336538461538453,0.01726499423298722,0.0,0.0,0
SKU034,2025-08-18,7,514.0,0,0,0,0,No Promotion,8,3,2025,34,-0.8229838658936564,-0.5680647467311559,-0.8660254037844385,-0.5000000000000004,Home Decor,Clock,1084.77,1369.57,639.0,520.0,536.0,524.0,406.0,473.0,,562.75,543.625,545.2307692307693,52.923687198329915,43.944567354793705,17.519230769230717,-1.6057692307692832,0.03213177200902928,0.0,0.0,0
SKU034,2025-08-25,7,552.0,0,0,0,0,No Promotion,8,3,2025,35,-0.8854560256532096,-0.4647231720437691,-0.8660254037844385,-0.5000000000000004,Home Decor,Clock,1084.77,1369.57,514.0,639.0,556.0,522.0,526.0,463.0,,557.25,542.375,553.5384615384615,57.56952318718649,44.71796538944309,3.711538461538453,-11.163461538461547,0.0067051139521956404,0.0,0.0,0
SKU034,2025-09-01,7,475.0,0,0,0,0,No Promotion,9,3,2025,36,-0.9350162426854147,-0.3546048870425359,-1.0,-1.8369701987210297e-16,Home Decor,Clock,1084.77,1369.57,552.0,514.0,520.0,493.0,554.0,476.0,,556.25,546.125,555.5384615384615,57.63317910139381,44.01765068047785,0.7115384615384528,-9.413461538461547,0.001280808640265807,0.0,0.0,0
SKU034,2025-09-08,7,483.0,0,0,0,0,No Promotion,9,3,2025,37,-0.970941817426052,-0.23931566428755774,-1.0,-1.8369701987210297e-16,Home Decor,Clock,1084.77,1369.57,475.0,552.0,639.0,559.0,620.0,430.0,,545.0,543.875,549.4615384615385,70.10943826143051,47.44752740810482,-4.461538461538453,-5.586538461538453,-0.00811983760324797,0.0,0.0,0
SKU034,2025-09-15,7,446.0,0,0,0,0,No Promotion,9,3,2025,38,-0.992708874098054,-0.12053668025532357,-1.0,-1.8369701987210297e-16,Home Decor,Clock,1084.77,1369.57,483.0,475.0,514.0,536.0,633.0,568.0,,506.0,534.375,538.9230769230769,34.97618237219916,51.42800098889987,-32.923076923076906,-4.548076923076906,-0.061090493862403616,0.0,0.0,0
SKU034,2025-09-22,7,492.0,0,0,0,0,No Promotion,9,3,2025,39,-1.0,-1.8369701987210297e-16,-1.0,-1.8369701987210297e-16,Home Decor,Clock,1084.77,1369.57,446.0,483.0,552.0,556.0,524.0,594.0,,489.0,523.125,524.5384615384615,44.90731195102495,60.12947340055932,-35.53846153846155,-1.4134615384615472,-0.06775186977562697,0.0,0.0,0
SKU034,2025-09-29,7,573.0,5,1,1,1,Festive Sale,9,3,2025,40,-0.992708874098054,0.1205366802553232,-1.0,-1.8369701987210297e-16,Home Decor,Clock,1084.77,1369.57,492.0,446.0,475.0,520.0,522.0,484.0,,474.0,515.125,522.0769230769231,19.916492328386255,59.38358960424768,-48.076923076923094,-6.951923076923094,-0.09208781494032714,474.0,0.7142857142857143,1
SKU034,2025-10-06,7,513.0,5,0,1,0,Festive Sale,10,4,2025,41,-0.9709418174260521,0.23931566428755738,-0.8660254037844386,0.5000000000000001,Home Decor,Clock,1084.77,1369.57,573.0,492.0,483.0,639.0,493.0,453.0,,498.5,521.75,526.0,53.507008886687,62.85982137150202,-27.5,-4.25,-0.05228136882129275,498.5,0.7142857142857143,0
SKU034,2025-10-13,7,504.0,0,0,0,0,No Promotion,10,4,2025,42,-0.9350162426854148,0.35460488704253557,-0.8660254037844386,0.5000000000000001,Home Decor,Clock,1084.77,1369.57,513.0,573.0,446.0,514.0,559.0,476.0,,506.0,506.0,527.5384615384615,52.70673581241776,41.41083364117586,-21.538461538461547,-21.538461538461547,-0.04082822980460776,0.0,0.0,0
SKU034,2025-10-20,7,494.0,0,0,0,0,No Promotion,10,4,2025,43,-0.8854560256532101,0.464723172043768,-0.8660254037844386,0.5000000000000001,Home Decor,Clock,1084.77,1369.57,504.0,513.0,492.0,552.0,536.0,494.0,,520.5,504.75,523.3076923076923,36.04164258188022,41.28559070668602,-2.807692307692264,-18.557692307692264,-0.005365280023518992,0.0,0.0,0
SKU034,2025-10-27,7,480.0,0,1,0,1,No Promotion,10,4,2025,44,-0.822983865893657,0.5680647467311548,-0.8660254037844386,0.5000000000000001,Home Decor,Clock,1084.77,1369.57,494.0,504.0,573.0,475.0,556.0,490.0,,521.0,497.5,520.0769230769231,35.52463933666324,36.633318168028396,0.9230769230769056,-22.576923076923094,0.0017748853719863344,0.0,0.0,0
SKU034,2025-11-03,7,477.0,0,0,0,0,No Promotion,11,4,2025,45,-0.7485107481711011,0.6631226582407952,-0.5000000000000004,0.8660254037844384,Home Decor,Clock,1084.77,1369.57,480.0,494.0,513.0,483.0,520.0,503.0,,497.75,498.125,514.2307692307693,14.150971698084968,36.23509545809342,-16.480769230769283,-16.105769230769283,-0.03204936424831728,0.0,0.0,0
SKU034,2025-11-10,7,467.0,0,0,0,0,No Promotion,11,4,2025,46,-0.6631226582407955,0.7485107481711007,-0.5000000000000004,0.8660254037844384,Home Decor,Clock,1084.77,1369.57,477.0,480.0,504.0,446.0,639.0,487.0,,488.75,497.375,510.9230769230769,12.5797456254092,36.652567635647486,-22.173076923076906,-13.548076923076906,-0.0433980728696175,0.0,0.0,0
SKU034,2025-11-17,7,594.0,4,0,1,0,Black Friday,11,4,2025,47,-0.5680647467311559,0.8229838658936564,-0.5000000000000004,0.8660254037844384,Home Decor,Clock,1084.77,1369.57,467.0,477.0,494.0,492.0,514.0,406.0,,479.5,500.0,497.6923076923077,11.15048578911858,33.01947477301409,-18.19230769230768,2.307692307692321,-0.036553323029366314,479.5,0.5714285714285714,0
SKU034,2025-11-24,7,563.0,7,0,1,0,Black Friday,11,4,2025,48,-0.4647231720437684,0.88545602565321,-0.5000000000000004,0.8660254037844384,Home Decor,Clock,1084.77,1369.57,594.0,467.0,480.0,573.0,552.0,526.0,,504.5,512.75,503.84615384615387,59.92495306631455,46.45043441285406,0.653846153846132,8.903846153846132,0.001297709923664181,504.5,1.0,0
SKU034,2025-12-01,7,488.0,0,0,0,0,No Promotion,12,4,2025,49,-0.35460488704253595,0.9350162426854147,-2.4492935982947064e-16,1.0,Home Decor,Clock,1084.77,1369.57,563.0,594.0,477.0,513.0,475.0,554.0,,525.25,511.5,504.6923076923077,62.90932628262153,44.698993277254004,20.55769230769232,6.807692307692321,0.04073311995122708,0.0,0.0,0
SKU034,2025-12-08,7,540.0,0,0,0,0,No Promotion,12,4,2025,50,-0.2393156642875578,0.970941817426052,-2.4492935982947064e-16,1.0,Home Decor,Clock,1084.77,1369.57,488.0,563.0,467.0,504.0,483.0,620.0,,528.0,508.375,505.6923076923077,60.28266749240616,45.44678992278457,22.30769230769232,2.682692307692321,0.04411317310617591,0.0,0.0,0
SKU034,2025-12-15,7,750.0,7,0,1,0,Year End Sale,12,4,2025,51,-0.12053668025532363,0.992708874098054,-2.4492935982947064e-16,1.0,Home Decor,Clock,1084.77,1369.57,540.0,488.0,594.0,494.0,446.0,633.0,,546.25,512.875,510.0769230769231,44.69433222829641,46.71627890024753,36.173076923076906,2.7980769230769056,0.0709169054441261,546.25,1.0,0
SKU034,2025-12-22,7,762.0,7,1,1,1,Year End Sale,12,4,2025,52,6.432490598706546e-16,1.0,-2.4492935982947064e-16,1.0,Home Decor,Clock,1084.77,1369.57,750.0,540.0,563.0,480.0,492.0,524.0,,585.25,544.875,533.4615384615385,114.2260186355689,94.83585443129768,51.78846153846155,11.413461538461547,0.09708002883922129,585.25,1.0,1
SKU034,2025-12-29,7,578.0,3,0,1,0,Year End Sale,12,4,2025,1,0.12053668025532305,0.992708874098054,-2.4492935982947064e-16,1.0,Home Decor,Clock,1084.77,1369.57,762.0,750.0,488.0,477.0,573.0,522.0,,635.0,580.125,554.2307692307693,141.40721339450826,117.07804173773516,80.76923076923072,25.894230769230717,0.1457321304649548,635.0,0.42857142857142855,0
SKU034,2026-01-05,7,547.0,0,0,0,0,No Promotion,1,1,2026,2,0.23931566428755774,0.970941817426052,0.49999999999999994,0.8660254037844387,Home Decor,Clock,1084.77,1369.57,578.0,762.0,540.0,467.0,513.0,493.0,511.0,657.5,592.75,554.6153846153846,114.89560478973945,109.57417578973615,102.88461538461536,38.13461538461536,0.18550624133148408,0.0,0.0,0
SKU034,2026-01-12,7,556.0,0,0,0,0,No Promotion,1,1,2026,3,0.3546048870425356,0.9350162426854148,0.49999999999999994,0.8660254037844387,Home Decor,Clock,1084.77,1369.57,547.0,578.0,750.0,594.0,504.0,559.0,520.0,659.25,602.75,557.2307692307693,112.53851192665854,99.66049511072221,102.01923076923072,45.51923076923072,0.1830825510767531,0.0,0.0,0
SKU034,2026-01-19,7,525.0,0,0,0,0,No Promotion,1,1,2026,4,0.4647231720437685,0.8854560256532099,0.49999999999999994,0.8660254037844387,Home Decor,Clock,1084.77,1369.57,556.0,547.0,762.0,563.0,494.0,536.0,432.0,610.75,598.0,561.2307692307693,101.6706283381128,101.03323357051524,49.51923076923072,36.76923076923072,0.08823327850877183,0.0,0.0,0
SKU034,2026-01-26,7,590.0,0,1,0,1,No Promotion,1,1,2026,5,0.5680647467311558,0.8229838658936564,0.49999999999999994,0.8660254037844387,Home Decor,Clock,1084.77,1369.57,525.0,556.0,578.0,488.0,480.0,556.0,449.0,551.5,593.25,563.6153846153846,21.94690562850874,103.77000667685382,-12.115384615384642,29.63461538461536,-0.02149583731404403,0.0,0.0,0
SKU034,2026-02-02,7,564.0,0,0,0,0,No Promotion,2,1,2026,6,0.6631226582407952,0.7485107481711011,0.8660254037844386,0.5000000000000001,Home Decor,Clock,1084.77,1369.57,590.0,525.0,547.0,540.0,477.0,520.0,576.0,554.5,606.0,572.0769230769231,27.0123428577876,94.87585873882023,-17.576923076923094,33.923076923076906,-0.030724754605351623,0.0,0.0,0
SKU034,2026-02-09,7,490.0,0,0,0,0,No Promotion,2,1,2026,7,0.7485107481711011,0.6631226582407953,0.8660254037844386,0.5000000000000001,Home Decor,Clock,1084.77,1369.57,564.0,590.0,556.0,750.0,467.0,639.0,439.0,558.75,609.0,578.7692307692307,26.775299562594416,92.84857103293051,-20.019230769230717,30.230769230769283,-0.034589314194577225,0.0,0.0,0
SKU034,2026-02-16,7,574.0,0,0,0,0,No Promotion,2,1,2026,8,0.8229838658936564,0.5680647467311559,0.8660254037844386,0.5000000000000001,Home Decor,Clock,1084.77,1369.57,490.0,564.0,525.0,762.0,594.0,514.0,473.0,542.25,576.5,580.5384615384615,43.896658946515146,81.21927990675262,-38.28846153846155,-4.038461538461547,-0.06595335895057641,0.0,0.0,0
SKU034,2026-02-23,7,507.0,0,0,0,0,No Promotion,2,1,2026,9,0.8854560256532099,0.4647231720437686,0.8660254037844386,0.5000000000000001,Home Decor,Clock,1084.77,1369.57,574.0,490.0,590.0,578.0,563.0,552.0,463.0,554.5,553.0,579.0,44.313278672048945,32.41251962701187,-24.5,-26.0,-0.042314335060449015,0.0,0.0,0
SKU034,2026-03-02,7,464.0,0,0,0,0,No Promotion,3,1,2026,10,0.9350162426854148,0.35460488704253557,1.0,6.123233995736766e-17,Home Decor,Clock,1084.77,1369.57,507.0,574.0,564.0,547.0,488.0,475.0,476.0,533.75,544.125,574.6923076923077,41.49196709404525,34.2571681758515,-40.942307692307736,-30.567307692307736,-0.07124213626020615,0.0,0.0,0
SKU034,2026-03-09,7,534.0,1,0,1,0,Spring Sale,3,1,2026,11,0.970941817426052,0.23931566428755804,1.0,6.123233995736766e-17,Home Decor,Clock,1084.77,1369.57,464.0,507.0,490.0,556.0,540.0,483.0,430.0,508.75,533.75,572.8461538461538,46.95654019054925,44.34523649728345,-64.09615384615381,-39.09615384615381,-0.11189069423929099,508.75,0.14285714285714285,0
SKU034,2026-03-16,7,708.0,7,0,1,0,Spring Sale,3,1,2026,12,0.992708874098054,0.120536680255323,1.0,6.123233995736766e-17,Home Decor,Clock,1084.77,1369.57,534.0,464.0,574.0,525.0,750.0,446.0,568.0,519.75,531.0,572.3846153846154,46.248423396551225,43.44125754559665,-52.63461538461536,-41.38461538461536,-0.09195672624647222,519.75,1.0,0
SKU034,2026-03-23,7,650.0,3,0,1,0,Spring Sale,3,1,2026,13,1.0,-1.6081226496766366e-16,1.0,6.123233995736766e-17,Home Decor,Clock,1084.77,1369.57,708.0,534.0,507.0,590.0,762.0,492.0,594.0,553.25,553.875,569.1538461538462,107.11792567072983,75.89172268059654,-15.903846153846189,-15.278846153846189,-0.02794296526557649,553.25,0.42857142857142855,0
SKU034,2026-03-30,7,528.0,0,0,0,0,No Promotion,3,1,2026,14,0.992708874098054,-0.12053668025532288,1.0,6.123233995736766e-17,Home Decor,Clock,1084.77,1369.57,650.0,708.0,464.0,564.0,578.0,573.0,484.0,589.0,561.375,560.5384615384615,110.35095528962735,82.63679135660028,28.461538461538453,0.8365384615384528,0.0507753533690134,0.0,0.0,0
SKU034,2026-04-06,7,514.0,0,0,0,0,No Promotion,4,2,2026,15,0.9709418174260521,-0.2393156642875575,0.8660254037844387,-0.4999999999999998,Home Decor,Clock,1084.77,1369.57,528.0,650.0,534.0,490.0,547.0,513.0,453.0,605.0,556.875,556.6923076923077,88.70174744614674,83.44962124368382,48.307692307692264,0.18269230769226397,0.08677628851734132,0.0,0.0,0
SKU034,2026-04-13,7,543.0,0,0,0,0,No Promotion,4,2,2026,16,0.9350162426854148,-0.35460488704253545,0.8660254037844387,-0.4999999999999998,Home Decor,Clock,1084.77,1369.57,514.0,528.0,708.0,574.0,556.0,504.0,476.0,600.0,559.875,554.1538461538462,94.41751249988884,81.10035670169927,45.84615384615381,5.721153846153811,0.08273181565796772,0.0,0.0,0
SKU034,2026-04-20,7,526.0,0,0,0,0,No Promotion,4,2,2026,17,0.8854560256532099,-0.4647231720437685,0.8660254037844387,-0.4999999999999998,Home Decor,Clock,1084.77,1369.57,543.0,514.0,650.0,507.0,525.0,494.0,494.0,558.75,556.0,553.1538461538462,61.975129420330106,81.06963497071956,5.596153846153811,2.846153846153811,0.010116812682519738,0.0,0.0,0
SKU034,2026-04-27,7,487.0,0,0,0,0,No Promotion,4,2,2026,18,0.8229838658936565,-0.5680647467311557,0.8660254037844387,-0.4999999999999998,Home Decor,Clock,1084.77,1369.57,526.0,543.0,528.0,464.0,590.0,480.0,490.0,527.75,558.375,553.2307692307693,11.898879499067732,79.69573836966262,-25.480769230769283,5.144230769230717,-0.04605812013348176,0.0,0.0,0
SKU034,2026-05-04,7,490.0,0,0,0,0,No Promotion,5,2,2026,19,0.7485107481711013,-0.663122658240795,0.49999999999999994,-0.8660254037844387,Home Decor,Clock,1084.77,1369.57,487.0,526.0,514.0,534.0,564.0,477.0,503.0,517.5,561.25,545.3076923076923,23.558437978779505,76.14037787440475,-27.807692307692264,15.942307692307736,-0.050994498518831866,0.0,0.0,0
SKU034,2026-05-11,7,485.0,0,0,0,0,No Promotion,5,2,2026,20,0.6631226582407952,-0.7485107481711012,0.49999999999999994,-0.8660254037844387,Home Decor,Clock,1084.77,1369.57,490.0,487.0,543.0,708.0,490.0,467.0,487.0,511.5,555.75,539.6153846153846,27.47726332806818,79.88697372806516,-28.11538461538464,16.13461538461536,-0.05210263720598718,0.0,0.0,0
SKU034,2026-05-18,7,553.0,0,0,0,0,No Promotion,5,2,2026,21,0.5680647467311558,-0.8229838658936564,0.49999999999999994,-0.8660254037844387,Home Decor,Clock,1084.77,1369.57,485.0,490.0,526.0,650.0,574.0,594.0,406.0,497.0,527.875,539.2307692307693,19.44222209522359,53.82892875980881,-42.23076923076928,-11.355769230769283,-0.07831669044222545,0.0,0.0,0
SKU034,2026-05-25,7,544.0,0,0,0,0,No Promotion,5,2,2026,22,0.46472317204376906,-0.8854560256532096,0.49999999999999994,-0.8660254037844387,Home Decor,Clock,1084.77,1369.57,553.0,485.0,487.0,528.0,507.0,563.0,526.0,503.75,515.75,537.6153846153846,32.89756829919197,26.25017006747632,-33.86538461538464,-21.86538461538464,-0.06299184432679927,0.0,0.0,0
SKU034,2026-06-01,7,561.0,0,0,0,0,No Promotion,6,2,2026,23,0.35460488704253584,-0.9350162426854147,1.2246467991473532e-16,-1.0,Home Decor,Clock,1084.77,1369.57,544.0,553.0,490.0,514.0,464.0,488.0,554.0,518.0,517.75,540.4615384615385,35.468295701936405,27.87600094295144,-22.461538461538453,-22.711538461538453,-0.04155992029604327,0.0,0.0,0
SKU034,2026-06-08,7,761.0,5,0,1,0,Summer Sale,6,2,2026,24,0.23931566428755768,-0.970941817426052,1.2246467991473532e-16,-1.0,Home Decor,Clock,1084.77,1369.57,561.0,544.0,485.0,543.0,534.0,540.0,620.0,535.75,523.625,547.9230769230769,34.53862572058516,31.667637829719578,-12.173076923076906,-24.298076923076906,-0.02221676260002803,535.75,0.7142857142857143,0
SKU034,2026-06-15,7,760.0,6,0,1,0,Summer Sale,6,2,2026,25,0.12053668025532308,-0.992708874098054,1.2246467991473532e-16,-1.0,Home Decor,Clock,1084.77,1369.57,761.0,561.0,553.0,526.0,708.0,750.0,633.0,604.75,550.875,565.3846153846154,104.39787673447516,90.27804273465392,39.36538461538464,-14.509615384615358,0.06962585034013613,604.75,0.8571428571428571,0
SKU034,2026-06-22,7,621.0,0,0,0,0,No Promotion,6,2,2026,26,-3.216245299353273e-16,-1.0,1.2246467991473532e-16,-1.0,Home Decor,Clock,1084.77,1369.57,760.0,761.0,544.0,487.0,650.0,762.0,524.0,656.5,580.125,569.3846153846154,120.28992753621007,115.46234698562373,87.11538461538464,10.740384615384642,0.15299918940826807,0.0,0.0,0
SKU035,2025-01-06,7,478.0,3,0,1,0,New Year Sale,1,1,2025,2,0.23931566428755774,0.970941817426052,0.49999999999999994,0.8660254037844387,Small Appliances,Toaster,3695.09,5788.57,,,,,,,,,,,,,,,,,0.42857142857142855,0
SKU035,2025-01-13,7,529.0,3,0,1,0,New Year Sale,1,1,2025,3,0.3546048870425356,0.9350162426854148,0.49999999999999994,0.8660254037844387,Small Appliances,Toaster,3695.09,5788.57,478.0,,,,,,,,,,,,,,,,0.42857142857142855,0
SKU035,2025-01-20,7,463.0,0,1,0,1,No Promotion,1,1,2025,4,0.4647231720437685,0.8854560256532099,0.49999999999999994,0.8660254037844387,Small Appliances,Toaster,3695.09,5788.57,529.0,478.0,,,,,,,,,,,,,,,0.0,0
SKU035,2025-01-27,7,382.0,0,0,0,0,No Promotion,1,1,2025,5,0.5680647467311558,0.8229838658936564,0.49999999999999994,0.8660254037844387,Small Appliances,Toaster,3695.09,5788.57,463.0,529.0,,,,,,,,,,,,,,,0.0,0
SKU035,2025-02-03,7,409.0,0,0,0,0,No Promotion,2,1,2025,6,0.6631226582407952,0.7485107481711011,0.8660254037844386,0.5000000000000001,Small Appliances,Toaster,3695.09,5788.57,382.0,463.0,478.0,,,,,463.0,,,60.94259594077036,,,,,0.0,0.0,0
SKU035,2025-02-10,7,415.0,0,0,0,0,No Promotion,2,1,2025,7,0.7485107481711011,0.6631226582407953,0.8660254037844386,0.5000000000000001,Small Appliances,Toaster,3695.09,5788.57,409.0,382.0,529.0,,,,,445.75,,,64.9172550251472,,,,,0.0,0.0,0
SKU035,2025-02-17,7,404.0,0,0,0,0,No Promotion,2,1,2025,8,0.8229838658936564,0.5680647467311559,0.8660254037844386,0.5000000000000001,Small Appliances,Toaster,3695.09,5788.57,415.0,409.0,463.0,,,,,417.25,,,33.70830758136635,,,,,0.0,0.0,0
SKU035,2025-02-24,7,494.0,0,0,0,0,No Promotion,2,1,2025,9,0.8854560256532099,0.4647231720437686,0.8660254037844386,0.5000000000000001,Small Appliances,Toaster,3695.09,5788.57,404.0,415.0,382.0,,,,,402.5,,,14.38749456993816,,,,,0.0,0.0,0
SKU035,2025-03-03,7,453.0,0,0,0,0,No Promotion,3,1,2025,10,0.9350162426854148,0.35460488704253557,1.0,6.123233995736766e-17,Small Appliances,Toaster,3695.09,5788.57,494.0,404.0,409.0,478.0,,,,430.5,446.75,,42.571508469084506,51.674116206416976,,,,0.0,0.0,0
SKU035,2025-03-10,7,429.0,0,0,0,0,No Promotion,3,1,2025,11,0.970941817426052,0.23931566428755804,1.0,6.123233995736766e-17,Small Appliances,Toaster,3695.09,5788.57,453.0,494.0,415.0,529.0,,,,441.5,443.625,,40.81257976000374,50.25062188669907,,,,0.0,0.0,0
SKU035,2025-03-17,7,598.0,4,0,1,0,Spring Sale,3,1,2025,12,0.992708874098054,0.120536680255323,1.0,6.123233995736766e-17,Small Appliances,Toaster,3695.09,5788.57,429.0,453.0,404.0,463.0,,,,445.0,431.125,,38.30578720419845,36.54913522525924,,,,445.0,0.5714285714285714,0
SKU035,2025-03-24,7,477.0,4,0,1,0,Spring Sale,3,1,2025,13,1.0,-1.6081226496766366e-16,1.0,6.123233995736766e-17,Small Appliances,Toaster,3695.09,5788.57,598.0,429.0,494.0,382.0,,,,493.5,448.0,,74.65699342102297,69.59474528603846,,,,493.5,0.5714285714285714,0
SKU035,2025-03-31,7,405.0,0,0,0,0,No Promotion,3,1,2025,14,0.992708874098054,-0.12053668025532288,1.0,6.123233995736766e-17,Small Appliances,Toaster,3695.09,5788.57,477.0,598.0,453.0,409.0,,,,489.25,459.875,,75.1015978525091,64.65388619410282,,,,0.0,0.0,0
SKU035,2025-04-07,7,435.0,0,0,0,0,No Promotion,4,2,2025,15,0.9709418174260521,-0.2393156642875575,0.8660254037844387,-0.4999999999999998,Small Appliances,Toaster,3695.09,5788.57,405.0,477.0,429.0,415.0,478.0,,,477.25,459.375,456.61538461538464,85.88509765960565,65.11733914360181,20.63461538461536,2.7596153846153584,0.04519036388140152,0.0,0.0,0
SKU035,2025-04-14,7,417.0,0,0,0,0,No Promotion,4,2,2025,16,0.9350162426854148,-0.35460488704253545,0.8660254037844387,-0.4999999999999998,Small Appliances,Toaster,3695.09,5788.57,435.0,405.0,598.0,404.0,529.0,,,478.75,461.875,453.3076923076923,84.80713413386871,63.535001602041596,25.44230769230768,8.56730769230768,0.05612591209910067,0.0,0.0,0
SKU035,2025-04-21,7,338.0,0,0,0,0,No Promotion,4,2,2025,17,0.8854560256532099,-0.4647231720437685,0.8660254037844387,-0.4999999999999998,Small Appliances,Toaster,3695.09,5788.57,417.0,435.0,477.0,494.0,463.0,,,433.5,463.5,444.6923076923077,31.51190251317746,61.9907827249918,-11.19230769230768,18.80769230769232,-0.02516865594187856,0.0,0.0,0
SKU035,2025-04-28,7,405.0,0,0,0,0,No Promotion,4,2,2025,18,0.8229838658936565,-0.5680647467311557,0.8660254037844387,-0.4999999999999998,Small Appliances,Toaster,3695.09,5788.57,338.0,417.0,405.0,453.0,382.0,,,398.75,444.0,435.0769230769231,42.33497372149887,74.33322656409159,-36.326923076923094,8.923076923076906,-0.08349540311173975,0.0,0.0,0
SKU035,2025-05-05,7,413.0,0,0,0,0,No Promotion,5,2,2025,19,0.7485107481711013,-0.663122658240795,0.49999999999999994,-0.8660254037844387,Small Appliances,Toaster,3695.09,5788.57,405.0,338.0,435.0,429.0,409.0,,,398.75,438.0,436.84615384615387,42.33497372149887,75.43208866258443,-38.09615384615387,1.153846153846132,-0.0872072547983801,0.0,0.0,0
SKU035,2025-05-12,7,431.0,0,0,0,0,No Promotion,5,2,2025,20,0.6631226582407952,-0.7485107481711012,0.49999999999999994,-0.8660254037844387,Small Appliances,Toaster,3695.09,5788.57,413.0,405.0,417.0,598.0,415.0,,,393.25,436.0,437.15384615384613,37.16965608306503,75.91536640985709,-43.90384615384613,-1.153846153846132,-0.1004311103290515,0.0,0.0,0
SKU035,2025-05-19,7,418.0,0,0,0,0,No Promotion,5,2,2025,21,0.5680647467311558,-0.8229838658936564,0.49999999999999994,-0.8660254037844387,Small Appliances,Toaster,3695.09,5788.57,431.0,413.0,338.0,477.0,404.0,,,396.75,415.125,438.38461538461536,40.64787817340531,38.98145163316229,-41.63461538461536,-23.25961538461536,-0.09497280224600801,0.0,0.0,0
SKU035,2025-05-26,7,493.0,0,0,0,0,No Promotion,5,2,2025,22,0.46472317204376906,-0.8854560256532096,0.49999999999999994,-0.8660254037844387,Small Appliances,Toaster,3695.09,5788.57,418.0,431.0,405.0,405.0,494.0,,,416.75,407.75,439.46153846153845,10.90489186863708,30.193424071192325,-22.711538461538453,-31.711538461538453,-0.05168037808506909,0.0,0.0,0
SKU035,2025-06-02,7,512.0,0,0,0,0,No Promotion,6,2,2025,23,0.35460488704253584,-0.9350162426854147,1.2246467991473532e-16,-1.0,Small Appliances,Toaster,3695.09,5788.57,493.0,418.0,413.0,435.0,453.0,,,438.75,418.75,439.38461538461536,36.95379998502635,42.54997062278655,-0.6346153846153584,-20.63461538461536,-0.0014443277310923763,0.0,0.0,0
SKU035,2025-06-09,7,628.0,6,0,1,0,Summer Sale,6,2,2025,24,0.23931566428755768,-0.970941817426052,1.2246467991473532e-16,-1.0,Small Appliances,Toaster,3695.09,5788.57,512.0,493.0,431.0,417.0,429.0,,,463.5,428.375,443.9230769230769,46.00362304572689,53.93630502731902,19.576923076923094,-15.548076923076906,0.04409980939178659,463.5,0.8571428571428571,0
SKU035,2025-06-16,7,552.0,5,0,1,0,Summer Sale,6,2,2025,25,0.12053668025532308,-0.992708874098054,1.2246467991473532e-16,-1.0,Small Appliances,Toaster,3695.09,5788.57,628.0,512.0,418.0,338.0,598.0,,,512.75,454.75,459.2307692307692,86.89217456134931,88.25247871873061,53.519230769230774,-4.480769230769226,0.11654103852596309,512.75,0.7142857142857143,0
SKU035,2025-06-23,7,461.0,0,0,0,0,No Promotion,6,2,2025,26,-3.216245299353273e-16,-1.0,1.2246467991473532e-16,-1.0,Small Appliances,Toaster,3695.09,5788.57,552.0,628.0,493.0,405.0,477.0,,,546.25,481.5,455.6923076923077,59.790606843104264,79.84091324985847,90.55769230769232,25.80769230769232,0.19872552329507087,0.0,0.0,0
SKU035,2025-06-30,7,503.0,0,0,0,0,No Promotion,6,2,2025,27,-0.12053668025532283,-0.992708874098054,1.2246467991473532e-16,-1.0,Small Appliances,Toaster,3695.09,5788.57,461.0,552.0,512.0,413.0,405.0,,,538.25,488.5,454.46153846153845,70.47635537303746,74.44844812735472,83.78846153846155,34.03846153846155,0.18436865267434,0.0,0.0,0
SKU035,2025-07-07,7,472.0,0,0,0,0,No Promotion,7,3,2025,28,-0.23931566428755743,-0.9709418174260521,-0.4999999999999997,-0.8660254037844388,Small Appliances,Toaster,3695.09,5788.57,503.0,461.0,628.0,431.0,435.0,478.0,,536.0,499.75,462.0,71.72633175247893,67.92380184547133,74.0,37.75,0.1601731601731602,0.0,0.0,0
SKU035,2025-07-14,7,472.0,0,0,0,0,No Promotion,7,3,2025,29,-0.3546048870425356,-0.9350162426854148,-0.4999999999999997,-0.8660254037844388,Small Appliances,Toaster,3695.09,5788.57,472.0,503.0,552.0,418.0,417.0,529.0,,497.0,504.875,464.84615384615387,40.75127809856601,63.39093558455903,32.15384615384613,40.02884615384613,0.06917094158530523,0.0,0.0,0
SKU035,2025-07-21,7,468.0,0,0,0,0,No Promotion,7,3,2025,30,-0.46472317204376806,-0.8854560256532101,-0.4999999999999997,-0.8660254037844388,Small Appliances,Toaster,3695.09,5788.57,472.0,472.0,461.0,493.0,338.0,463.0,,477.0,511.625,469.0769230769231,18.092355660149202,55.15934709030346,7.923076923076906,42.548076923076906,0.016890783863561687,0.0,0.0,0
SKU035,2025-07-28,7,483.0,0,0,0,0,No Promotion,7,3,2025,31,-0.5680647467311556,-0.8229838658936566,-0.4999999999999997,-0.8660254037844388,Small Appliances,Toaster,3695.09,5788.57,468.0,472.0,503.0,512.0,405.0,382.0,,478.75,508.5,479.0769230769231,16.276260831857734,57.041338393434316,-0.3269230769230944,29.423076923076906,-0.00068240205523451,0.0,0.0,0
SKU035,2025-08-04,7,474.0,0,0,0,0,No Promotion,8,3,2025,32,-0.663122658240795,-0.7485107481711013,-0.8660254037844385,-0.5000000000000004,Small Appliances,Toaster,3695.09,5788.57,483.0,468.0,472.0,628.0,413.0,409.0,,473.75,504.875,485.0769230769231,6.448514040717675,57.70475964523451,-11.326923076923094,19.798076923076906,-0.02335077703774191,0.0,0.0,0
SKU035,2025-08-11,7,517.0,0,1,0,1,No Promotion,8,3,2025,33,-0.7485107481711011,-0.6631226582407952,-0.8660254037844385,-0.5000000000000004,Small Appliances,Toaster,3695.09,5788.57,474.0,483.0,472.0,552.0,431.0,415.0,,474.25,485.625,489.7692307692308,6.344288770224734,29.61147219768526,-15.519230769230774,-4.144230769230774,-0.031686822679440896,0.0,0.0,0
SKU035,2025-08-18,7,454.0,0,0,0,0,No Promotion,8,3,2025,34,-0.8229838658936564,-0.5680647467311559,-0.8660254037844385,-0.5000000000000004,Small Appliances,Toaster,3695.09,5788.57,517.0,474.0,468.0,461.0,418.0,404.0,,485.5,481.25,496.38461538461536,21.886068628239283,19.136726097070202,-10.884615384615358,-15.134615384615358,-0.021927785526111854,0.0,0.0,0
SKU035,2025-08-25,7,472.0,0,0,0,0,No Promotion,8,3,2025,35,-0.8854560256532096,-0.4647231720437691,-0.8660254037844385,-0.5000000000000004,Small Appliances,Toaster,3695.09,5788.57,454.0,517.0,483.0,503.0,493.0,494.0,,482.0,480.375,499.15384615384613,26.293218390553353,20.31844693165026,-17.153846153846132,-18.778846153846132,-0.03436584989983049,0.0,0.0,0
SKU035,2025-09-01,7,365.0,0,0,0,0,No Promotion,9,3,2025,36,-0.9350162426854147,-0.3546048870425359,-1.0,-1.8369701987210297e-16,Small Appliances,Toaster,3695.09,5788.57,472.0,454.0,474.0,472.0,512.0,453.0,,479.25,476.5,497.53846153846155,26.72545602978553,18.236541025409156,-18.288461538461547,-21.038461538461547,-0.036757884972170696,0.0,0.0,0
SKU035,2025-09-08,7,462.0,0,0,0,0,No Promotion,9,3,2025,37,-0.970941817426052,-0.23931566428755774,-1.0,-1.8369701987210297e-16,Small Appliances,Toaster,3695.09,5788.57,365.0,472.0,517.0,472.0,628.0,429.0,,452.0,463.125,486.2307692307692,63.76519426771944,43.603530328894955,-34.230769230769226,-23.105769230769226,-0.0704002531245056,0.0,0.0,0
SKU035,2025-09-15,7,399.0,0,0,0,0,No Promotion,9,3,2025,38,-0.992708874098054,-0.12053668025532357,-1.0,-1.8369701987210297e-16,Small Appliances,Toaster,3695.09,5788.57,462.0,365.0,454.0,468.0,552.0,598.0,,438.25,461.875,473.46153846153845,49.38538920234067,43.45584787213016,-35.21153846153845,-11.586538461538453,-0.07437043054427295,0.0,0.0,0
SKU035,2025-09-22,7,415.0,0,0,0,0,No Promotion,9,3,2025,39,-1.0,-1.8369701987210297e-16,-1.0,-1.8369701987210297e-16,Small Appliances,Toaster,3695.09,5788.57,399.0,462.0,472.0,483.0,461.0,477.0,,424.5,453.25,461.6923076923077,51.163137771902406,48.60849426063021,-37.19230769230768,-8.44230769230768,-0.08055648117294234,0.0,0.0,0
SKU035,2025-09-29,7,550.0,5,1,1,1,Festive Sale,9,3,2025,40,-0.992708874098054,0.1205366802553232,-1.0,-1.8369701987210297e-16,Small Appliances,Toaster,3695.09,5788.57,415.0,399.0,365.0,474.0,503.0,405.0,,410.25,444.75,458.15384615384613,40.31025510545258,48.60849426063022,-47.90384615384613,-13.403846153846132,-0.10455842847548691,410.25,0.7142857142857143,1
SKU035,2025-10-06,7,602.0,5,0,1,0,Festive Sale,10,4,2025,41,-0.9709418174260521,0.23931566428755738,-0.8660254037844386,0.5000000000000001,Small Appliances,Toaster,3695.09,5788.57,550.0,415.0,462.0,517.0,472.0,435.0,,456.5,454.25,461.7692307692308,67.82575715267272,60.99121716631483,-5.269230769230774,-7.519230769230774,-0.011410961186073654,456.5,0.7142857142857143,0
SKU035,2025-10-13,7,418.0,0,0,0,0,No Promotion,10,4,2025,42,-0.9350162426854148,0.35460488704253557,-0.8660254037844386,0.5000000000000001,Small Appliances,Toaster,3695.09,5788.57,602.0,550.0,399.0,454.0,472.0,417.0,,491.5,464.875,471.7692307692308,100.06831000205143,78.40269219138554,19.730769230769226,-6.894230769230774,0.04182292515897612,0.0,0.0,0
SKU035,2025-10-20,7,427.0,0,0,0,0,No Promotion,10,4,2025,43,-0.8854560256532101,0.464723172043768,-0.8660254037844386,0.5000000000000001,Small Appliances,Toaster,3695.09,5788.57,418.0,602.0,415.0,472.0,468.0,338.0,,496.25,460.375,467.61538461538464,94.51058141816713,80.1301396836065,28.63461538461536,-7.240384615384642,0.061235400559302544,0.0,0.0,0
SKU035,2025-10-27,7,413.0,0,1,0,1,No Promotion,10,4,2025,44,-0.822983865893657,0.5680647467311548,-0.8660254037844386,0.5000000000000001,Small Appliances,Toaster,3695.09,5788.57,427.0,418.0,550.0,365.0,483.0,405.0,,499.25,454.75,464.46153846153845,91.20444068136156,80.77437712542267,34.78846153846155,-9.711538461538453,0.07490062934746611,0.0,0.0,0
SKU035,2025-11-03,7,454.0,0,0,0,0,No Promotion,11,4,2025,45,-0.7485107481711011,0.6631226582407952,-0.5000000000000004,0.8660254037844384,Small Appliances,Toaster,3695.09,5788.57,413.0,427.0,602.0,462.0,474.0,413.0,,465.0,460.75,459.0769230769231,91.51684726504368,74.71039323375872,5.923076923076906,1.6730769230769056,0.012902144772117818,0.0,0.0,0
SKU035,2025-11-10,7,448.0,0,0,0,0,No Promotion,11,4,2025,46,-0.6631226582407955,0.7485107481711007,-0.5000000000000004,0.8660254037844384,Small Appliances,Toaster,3695.09,5788.57,454.0,413.0,418.0,399.0,517.0,431.0,,428.0,459.75,457.53846153846155,18.275666882497013,74.74480392833817,-29.538461538461547,2.211538461538453,-0.0645595158036315,0.0,0.0,0
SKU035,2025-11-17,7,524.0,4,0,1,0,Black Friday,11,4,2025,47,-0.5680647467311559,0.8229838658936564,-0.5000000000000004,0.8660254037844384,Small Appliances,Toaster,3695.09,5788.57,448.0,454.0,427.0,415.0,454.0,418.0,,435.5,465.875,452.2307692307692,18.94729532149637,70.96767372744944,-16.730769230769226,13.644230769230774,-0.03699608777002894,435.5,0.5714285714285714,0
SKU035,2025-11-24,7,588.0,7,0,1,0,Black Friday,11,4,2025,48,-0.4647231720437684,0.88545602565321,-0.5000000000000004,0.8660254037844384,Small Appliances,Toaster,3695.09,5788.57,524.0,448.0,413.0,550.0,472.0,493.0,,459.75,479.5,457.61538461538464,46.49283098858718,70.2648052522944,2.1346153846153584,21.88461538461536,0.004664649520927933,459.75,1.0,0
SKU035,2025-12-01,7,470.0,0,0,0,0,No Promotion,12,4,2025,49,-0.35460488704253595,0.9350162426854147,-2.4492935982947064e-16,1.0,Small Appliances,Toaster,3695.09,5788.57,588.0,524.0,454.0,602.0,365.0,512.0,,503.5,484.25,466.53846153846155,66.0580552746345,76.70118270647089,36.96153846153845,17.711538461538453,0.07922506183017308,0.0,0.0,0
SKU035,2025-12-08,7,478.0,0,0,0,0,No Promotion,12,4,2025,50,-0.2393156642875578,0.970941817426052,-2.4492935982947064e-16,1.0,Small Appliances,Toaster,3695.09,5788.57,470.0,588.0,448.0,418.0,462.0,628.0,,507.5,467.75,474.61538461538464,62.44731112439243,60.1682165741539,32.88461538461536,-6.865384615384642,0.06928687196110195,0.0,0.0,0
SKU035,2025-12-15,7,583.0,7,0,1,0,Year End Sale,12,4,2025,51,-0.12053668025532363,0.992708874098054,-2.4492935982947064e-16,1.0,Small Appliances,Toaster,3695.09,5788.57,478.0,470.0,524.0,427.0,399.0,552.0,,515.0,475.25,475.84615384615387,54.172563781555205,56.72175193748113,39.15384615384613,-0.596153846153868,0.08228257355318447,515.0,1.0,0
SKU035,2025-12-22,7,673.0,7,1,1,1,Year End Sale,12,4,2025,52,6.432490598706546e-16,1.0,-2.4492935982947064e-16,1.0,Small Appliances,Toaster,3695.09,5788.57,583.0,478.0,588.0,413.0,415.0,461.0,,529.75,494.75,490.0,64.48966325440587,64.0998105635712,39.75,4.75,0.08112244897959187,529.75,1.0,1
SKU035,2025-12-29,7,549.0,3,0,1,0,Year End Sale,12,4,2025,1,0.12053668025532305,0.992708874098054,-2.4492935982947064e-16,1.0,Small Appliances,Toaster,3695.09,5788.57,673.0,583.0,470.0,454.0,550.0,503.0,,551.0,527.25,509.84615384615387,96.26006440887103,80.53526290655891,41.15384615384613,17.403846153846132,0.08071816535908272,551.0,0.42857142857142855,0
SKU035,2026-01-05,7,530.0,0,0,0,0,No Promotion,1,1,2026,2,0.23931566428755774,0.970941817426052,0.49999999999999994,0.8660254037844387,Small Appliances,Toaster,3695.09,5788.57,549.0,673.0,478.0,448.0,602.0,472.0,478.0,570.75,539.125,509.7692307692308,80.99537023805743,75.00559502939947,60.980769230769226,29.355769230769226,0.11962426437301943,0.0,0.0,0
SKU035,2026-01-12,7,478.0,0,0,0,0,No Promotion,1,1,2026,3,0.3546048870425356,0.9350162426854148,0.49999999999999994,0.8660254037844387,Small Appliances,Toaster,3695.09,5788.57,530.0,549.0,583.0,524.0,418.0,472.0,529.0,583.75,549.375,504.2307692307692,63.41069836129126,65.8134539002908,79.51923076923077,45.144230769230774,0.15770404271548433,0.0,0.0,0
SKU035,2026-01-19,7,434.0,0,0,0,0,No Promotion,1,1,2026,4,0.4647231720437685,0.8854560256532099,0.49999999999999994,0.8660254037844387,Small Appliances,Toaster,3695.09,5788.57,478.0,530.0,673.0,588.0,427.0,468.0,463.0,557.5,543.625,508.84615384615387,82.64179733444007,70.20976224347795,48.65384615384613,34.77884615384613,0.09561602418745263,0.0,0.0,0
SKU035,2026-01-26,7,562.0,0,1,0,1,No Promotion,1,1,2026,5,0.5680647467311558,0.8229838658936564,0.49999999999999994,0.8660254037844387,Small Appliances,Toaster,3695.09,5788.57,434.0,478.0,549.0,470.0,413.0,483.0,382.0,497.75,524.375,509.38461538461536,52.028037313228204,77.0805469251854,-11.634615384615358,14.990384615384642,-0.022840531561461708,0.0,0.0,0
SKU035,2026-02-02,7,510.0,0,0,0,0,No Promotion,2,1,2026,6,0.6631226582407952,0.7485107481711011,0.8660254037844386,0.5000000000000001,Small Appliances,Toaster,3695.09,5788.57,562.0,434.0,530.0,478.0,454.0,474.0,409.0,501.0,535.875,520.8461538461538,56.50958620741558,74.63327006101228,-19.84615384615381,15.028846153846189,-0.03810367744793963,0.0,0.0,0
SKU035,2026-02-09,7,495.0,0,0,0,0,No Promotion,2,1,2026,7,0.7485107481711011,0.6631226582407953,0.8660254037844386,0.5000000000000001,Small Appliances,Toaster,3695.09,5788.57,510.0,562.0,478.0,583.0,448.0,517.0,415.0,496.0,539.875,525.1538461538462,53.913510984415275,71.89563368423102,-29.15384615384619,14.721153846153811,-0.0555148674381134,0.0,0.0,0
SKU035,2026-02-16,7,506.0,0,0,0,0,No Promotion,2,1,2026,8,0.8229838658936564,0.5680647467311559,0.8660254037844386,0.5000000000000001,Small Appliances,Toaster,3695.09,5788.57,495.0,510.0,434.0,673.0,524.0,454.0,404.0,500.25,528.875,528.7692307692307,52.67747779332897,71.08232149115153,-28.519230769230717,0.10576923076928324,-0.053935117835321456,0.0,0.0,0
SKU035,2026-02-23,7,523.0,0,0,0,0,No Promotion,2,1,2026,9,0.8854560256532099,0.4647231720437686,0.8660254037844386,0.5000000000000001,Small Appliances,Toaster,3695.09,5788.57,506.0,495.0,562.0,549.0,588.0,472.0,494.0,518.25,508.0,527.3846153846154,29.848227194703977,40.76763422127902,-9.134615384615358,-19.38461538461536,-0.017320595099183156,0.0,0.0,0
SKU035,2026-03-02,7,412.0,0,0,0,0,No Promotion,3,1,2026,10,0.9350162426854148,0.35460488704253557,1.0,6.123233995736766e-17,Small Appliances,Toaster,3695.09,5788.57,523.0,506.0,510.0,530.0,470.0,365.0,453.0,508.5,504.75,522.3846153846154,11.561430130683064,37.97273457928164,-13.884615384615358,-17.63461538461536,-0.026579296127227203,0.0,0.0,0
SKU035,2026-03-09,7,457.0,1,0,1,0,Spring Sale,3,1,2026,11,0.970941817426052,0.23931566428755804,1.0,6.123233995736766e-17,Small Appliances,Toaster,3695.09,5788.57,412.0,523.0,495.0,478.0,478.0,462.0,429.0,484.0,490.0,517.9230769230769,49.36260392915538,48.28191024745046,-33.923076923076906,-27.923076923076906,-0.06549829199465318,484.0,0.14285714285714285,0
SKU035,2026-03-16,7,663.0,7,0,1,0,Spring Sale,3,1,2026,12,0.992708874098054,0.120536680255323,1.0,6.123233995736766e-17,Small Appliances,Toaster,3695.09,5788.57,457.0,412.0,506.0,434.0,583.0,399.0,598.0,474.5,487.375,516.3076923076923,50.18964036531841,49.58092231032882,-41.807692307692264,-28.932692307692264,-0.08097437425506548,474.5,1.0,0
SKU035,2026-03-23,7,522.0,3,0,1,0,Spring Sale,3,1,2026,13,1.0,-1.6081226496766366e-16,1.0,6.123233995736766e-17,Small Appliances,Toaster,3695.09,5788.57,663.0,457.0,523.0,562.0,673.0,415.0,477.0,513.75,516.0,522.4615384615385,109.44519176281798,74.30439325600375,-8.711538461538453,-6.461538461538453,-0.016674028268551244,513.75,0.42857142857142855,0
SKU035,2026-03-30,7,493.0,0,0,0,0,No Promotion,3,1,2026,14,0.992708874098054,-0.12053668025532288,1.0,6.123233995736766e-17,Small Appliances,Toaster,3695.09,5788.57,522.0,663.0,412.0,510.0,549.0,550.0,405.0,513.5,511.0,510.84615384615387,109.41815815180465,72.07932138573844,2.653846153846132,0.15384615384613198,0.005195000752898693,0.0,0.0,0
SKU035,2026-04-06,7,478.0,0,0,0,0,No Promotion,4,2,2026,15,0.9709418174260521,-0.2393156642875575,0.8660254037844387,-0.4999999999999998,Small Appliances,Toaster,3695.09,5788.57,493.0,522.0,457.0,495.0,530.0,602.0,435.0,533.75,508.875,506.53846153846155,90.17529225532532,72.36304798918931,27.211538461538453,2.336538461538453,0.0537205770690965,0.0,0.0,0
SKU035,2026-04-13,7,444.0,0,0,0,0,No Promotion,4,2,2026,16,0.9350162426854148,-0.35460488704253545,0.8660254037844387,-0.4999999999999998,Small Appliances,Toaster,3695.09,5788.57,478.0,493.0,663.0,506.0,478.0,418.0,417.0,539.0,506.75,502.53846153846155,84.66010473259134,73.07481489151083,36.46153846153845,4.211538461538453,0.07255472217970294,0.0,0.0,0
SKU035,2026-04-20,7,503.0,0,0,0,0,No Promotion,4,2,2026,17,0.8854560256532099,-0.4647231720437685,0.8660254037844387,-0.4999999999999998,Small Appliances,Toaster,3695.09,5788.57,444.0,478.0,522.0,523.0,434.0,427.0,338.0,484.25,499.0,499.9230769230769,32.45894843234041,76.37875546062719,-15.673076923076906,-0.9230769230769056,-0.03135097707339585,0.0,0.0,0
SKU035,2026-04-27,7,443.0,0,0,0,0,No Promotion,4,2,2026,18,0.8229838658936565,-0.5680647467311557,0.8660254037844387,-0.4999999999999998,Small Appliances,Toaster,3695.09,5788.57,503.0,444.0,493.0,412.0,562.0,413.0,405.0,479.5,496.5,505.2307692307692,25.800516790689823,75.80614373895713,-25.730769230769226,-8.730769230769226,-0.05092874543239956,0.0,0.0,0
SKU035,2026-05-04,7,481.0,0,0,0,0,No Promotion,5,2,2026,19,0.7485107481711013,-0.663122658240795,0.49999999999999994,-0.8660254037844387,Small Appliances,Toaster,3695.09,5788.57,443.0,503.0,478.0,457.0,510.0,454.0,413.0,467.0,500.375,496.0769230769231,28.99425230397686,71.54207053994773,-29.076923076923094,4.298076923076906,-0.058613738564118556,0.0,0.0,0
SKU035,2026-05-11,7,515.0,0,0,0,0,No Promotion,5,2,2026,20,0.6631226582407952,-0.7485107481711012,0.49999999999999994,-0.8660254037844387,Small Appliances,Toaster,3695.09,5788.57,481.0,443.0,444.0,663.0,495.0,448.0,431.0,467.75,503.375,493.84615384615387,29.409465596414147,69.94883334062324,-26.096153846153868,9.528846153846132,-0.05284267912772589,0.0,0.0,0
SKU035,2026-05-18,7,913.0,0,0,0,0,No Promotion,5,2,2026,21,0.5680647467311558,-0.8229838658936564,0.49999999999999994,-0.8660254037844387,Small Appliances,Toaster,3695.09,5788.57,515.0,481.0,503.0,522.0,506.0,524.0,418.0,485.5,484.875,495.38461538461536,31.638584039112754,29.68134334657291,-9.884615384615358,-10.509615384615358,-0.019953416149068315,0.0,0.0,0
SKU035,2026-05-25,7,476.0,0,0,0,0,No Promotion,5,2,2026,22,0.46472317204376906,-0.8854560256532096,0.49999999999999994,-0.8660254037844387,Small Appliances,Toaster,3695.09,5788.57,913.0,515.0,443.0,493.0,523.0,588.0,493.0,588.0,533.75,526.6923076923077,218.65345488542667,155.36569762981784,61.307692307692264,7.057692307692264,0.11640134365415511,0.0,0.0,0
SKU035,2026-06-01,7,541.0,0,0,0,0,No Promotion,6,2,2026,23,0.35460488704253584,-0.9350162426854147,1.2246467991473532e-16,-1.0,Small Appliances,Toaster,3695.09,5788.57,476.0,913.0,481.0,478.0,412.0,470.0,512.0,596.25,531.625,523.0769230769231,211.87633972044478,156.11711492155035,73.1730769230769,8.548076923076906,0.13988970588235294,0.0,0.0,0
SKU035,2026-06-08,7,743.0,5,0,1,0,Summer Sale,6,2,2026,24,0.23931566428755768,-0.970941817426052,1.2246467991473532e-16,-1.0,Small Appliances,Toaster,3695.09,5788.57,541.0,476.0,515.0,444.0,457.0,478.0,628.0,611.25,539.5,533.0,202.9324600287823,154.60733673221512,78.25,6.5,0.1468105065666041,611.25,0.7142857142857143,0
SKU035,2026-06-15,7,712.0,6,0,1,0,Summer Sale,6,2,2026,25,0.12053668025532308,-0.992708874098054,1.2246467991473532e-16,-1.0,Small Appliances,Toaster,3695.09,5788.57,743.0,541.0,913.0,503.0,663.0,583.0,552.0,668.25,576.875,555.0,198.86574198019457,164.07353534315027,113.25,21.875,0.20405405405405408,668.25,0.8571428571428571,0
SKU035,2026-06-22,7,556.0,0,0,0,0,No Promotion,6,2,2026,26,-3.216245299353273e-16,-1.0,1.2246467991473532e-16,-1.0,Small Appliances,Toaster,3695.09,5788.57,712.0,743.0,476.0,443.0,522.0,673.0,461.0,618.0,603.0,558.7692307692307,129.81268556398223,167.23892233226425,59.23076923076928,44.23076923076928,0.10600220264317195,0.0,0.0,0
SKU036,2025-01-06,7,297.0,3,0,1,0,New Year Sale,1,1,2025,2,0.23931566428755774,0.970941817426052,0.49999999999999994,0.8660254037844387,Office,Organizer,1057.98,1693.76,,,,,,,,,,,,,,,,,0.42857142857142855,0
SKU036,2025-01-13,7,267.0,3,0,1,0,New Year Sale,1,1,2025,3,0.3546048870425356,0.9350162426854148,0.49999999999999994,0.8660254037844387,Office,Organizer,1057.98,1693.76,297.0,,,,,,,,,,,,,,,,0.42857142857142855,0
SKU036,2025-01-20,7,250.0,0,1,0,1,No Promotion,1,1,2025,4,0.4647231720437685,0.8854560256532099,0.49999999999999994,0.8660254037844387,Office,Organizer,1057.98,1693.76,267.0,297.0,,,,,,,,,,,,,,,0.0,0
SKU036,2025-01-27,7,232.0,0,0,0,0,No Promotion,1,1,2025,5,0.5680647467311558,0.8229838658936564,0.49999999999999994,0.8660254037844387,Office,Organizer,1057.98,1693.76,250.0,267.0,,,,,,,,,,,,,,,0.0,0
SKU036,2025-02-03,7,229.0,0,0,0,0,No Promotion,2,1,2025,6,0.6631226582407952,0.7485107481711011,0.8660254037844386,0.5000000000000001,Office,Organizer,1057.98,1693.76,232.0,250.0,297.0,,,,,261.5,,,27.646579052991946,,,,,0.0,0.0,0
SKU036,2025-02-10,7,246.0,0,0,0,0,No Promotion,2,1,2025,7,0.7485107481711011,0.6631226582407953,0.8660254037844386,0.5000000000000001,Office,Organizer,1057.98,1693.76,229.0,232.0,267.0,,,,,244.5,,,17.635192088548386,,,,,0.0,0.0,0
SKU036,2025-02-17,7,286.0,0,0,0,0,No Promotion,2,1,2025,8,0.8229838658936564,0.5680647467311559,0.8660254037844386,0.5000000000000001,Office,Organizer,1057.98,1693.76,246.0,229.0,250.0,,,,,239.25,,,10.307764064044129,,,,,0.0,0.0,0
SKU036,2025-02-24,7,267.0,0,0,0,0,No Promotion,2,1,2025,9,0.8854560256532099,0.4647231720437686,0.8660254037844386,0.5000000000000001,Office,Organizer,1057.98,1693.76,286.0,246.0,232.0,,,,,248.25,,,26.234519244689803,,,,,0.0,0.0,0
SKU036,2025-03-03,7,206.0,0,0,0,0,No Promotion,3,1,2025,10,0.9350162426854148,0.35460488704253557,1.0,6.123233995736766e-17,Office,Organizer,1057.98,1693.76,267.0,286.0,229.0,297.0,,,,257.0,259.25,,24.805913273518737,24.435045090431657,,,,0.0,0.0,0
SKU036,2025-03-10,7,238.0,0,0,0,0,No Promotion,3,1,2025,11,0.970941817426052,0.23931566428755804,1.0,6.123233995736766e-17,Office,Organizer,1057.98,1693.76,206.0,267.0,246.0,267.0,,,,251.25,247.875,,34.30621906690777,25.508751999488886,,,,0.0,0.0,0
SKU036,2025-03-17,7,265.0,4,0,1,0,Spring Sale,3,1,2025,12,0.992708874098054,0.120536680255323,1.0,6.123233995736766e-17,Office,Organizer,1057.98,1693.76,238.0,206.0,286.0,250.0,,,,249.25,244.25,,34.94161797436785,24.440890795082378,,,,249.25,0.5714285714285714,0
SKU036,2025-03-24,7,251.0,4,0,1,0,Spring Sale,3,1,2025,13,1.0,-1.6081226496766366e-16,1.0,6.123233995736766e-17,Office,Organizer,1057.98,1693.76,265.0,238.0,267.0,232.0,,,,244.0,246.125,,28.577380332470405,25.497548901806223,,,,244.0,0.5714285714285714,0
SKU036,2025-03-31,7,227.0,0,0,0,0,No Promotion,3,1,2025,14,0.992708874098054,-0.12053668025532288,1.0,6.123233995736766e-17,Office,Organizer,1057.98,1693.76,251.0,265.0,206.0,229.0,,,,240.0,248.5,,25.205819433879412,24.871096247882367,,,,0.0,0.0,0
SKU036,2025-04-07,7,271.0,0,0,0,0,No Promotion,4,2,2025,15,0.9709418174260521,-0.2393156642875575,0.8660254037844387,-0.4999999999999998,Office,Organizer,1057.98,1693.76,227.0,251.0,238.0,246.0,297.0,,,245.25,248.25,250.84615384615384,16.41899306697378,25.104069106706294,-5.59615384615384,-2.5961538461538396,-0.02230910763569449,0.0,0.0,0
SKU036,2025-04-14,7,237.0,0,0,0,0,No Promotion,4,2,2025,16,0.9350162426854148,-0.35460488704253545,0.8660254037844387,-0.4999999999999998,Office,Organizer,1057.98,1693.76,271.0,227.0,265.0,286.0,267.0,,,253.5,251.375,248.84615384615384,19.553345834749948,26.310983583721395,4.65384615384616,2.5288461538461604,0.01870170015455952,0.0,0.0,0
SKU036,2025-04-21,7,215.0,0,0,0,0,No Promotion,4,2,2025,17,0.8854560256532099,-0.4647231720437685,0.8660254037844387,-0.4999999999999998,Office,Organizer,1057.98,1693.76,237.0,271.0,251.0,267.0,250.0,,,246.5,245.25,246.53846153846155,19.07004632051706,22.530931120192452,-0.03846153846154721,-1.2884615384615472,-0.00015600624024969534,0.0,0.0,0
SKU036,2025-04-28,7,242.0,0,0,0,0,No Promotion,4,2,2025,18,0.8229838658936565,-0.5680647467311557,0.8660254037844387,-0.4999999999999998,Office,Organizer,1057.98,1693.76,215.0,237.0,227.0,206.0,232.0,,,237.5,238.75,243.84615384615384,24.076267706325797,22.85825890132491,-6.34615384615384,-5.09615384615384,-0.026025236593059886,0.0,0.0,0
SKU036,2025-05-05,7,224.0,0,0,0,0,No Promotion,5,2,2025,19,0.7485107481711013,-0.663122658240795,0.49999999999999994,-0.8660254037844387,Office,Organizer,1057.98,1693.76,242.0,215.0,271.0,238.0,229.0,,,241.25,243.25,244.6153846153846,23.041628993338694,18.64518321558833,-3.365384615384613,-1.3653846153846132,-0.013757861635220081,0.0,0.0,0
SKU036,2025-05-12,7,206.0,0,0,0,0,No Promotion,5,2,2025,20,0.6631226582407952,-0.7485107481711012,0.49999999999999994,-0.8660254037844387,Office,Organizer,1057.98,1693.76,224.0,242.0,237.0,265.0,246.0,,,229.5,241.5,244.23076923076923,12.288205727444499,19.827830369025673,-14.730769230769226,-2.7307692307692264,-0.060314960629921255,0.0,0.0,0
SKU036,2025-05-19,7,229.0,0,0,0,0,No Promotion,5,2,2025,21,0.5680647467311558,-0.8229838658936564,0.49999999999999994,-0.8660254037844387,Office,Organizer,1057.98,1693.76,206.0,224.0,215.0,251.0,286.0,,,221.75,234.125,241.15384615384616,15.37042614893939,20.787616505987394,-19.40384615384616,-7.02884615384616,-0.08046251993620412,0.0,0.0,0
SKU036,2025-05-26,7,235.0,0,0,0,0,No Promotion,5,2,2025,22,0.46472317204376906,-0.8854560256532096,0.49999999999999994,-0.8660254037844387,Office,Organizer,1057.98,1693.76,229.0,206.0,242.0,227.0,267.0,,,225.25,231.375,236.76923076923077,14.908051515875567,19.660965678942908,-11.519230769230774,-5.394230769230774,-0.04865172189733591,0.0,0.0,0
SKU036,2025-06-02,7,262.0,0,0,0,0,No Promotion,6,2,2025,23,0.35460488704253584,-0.9350162426854147,1.2246467991473532e-16,-1.0,Office,Organizer,1057.98,1693.76,235.0,229.0,224.0,271.0,206.0,,,223.5,232.375,234.30769230769232,12.503332889007359,19.610037517265766,-10.80769230769232,-1.9326923076923208,-0.04612606697307953,0.0,0.0,0
SKU036,2025-06-09,7,353.0,6,0,1,0,Summer Sale,6,2,2025,24,0.23931566428755768,-0.970941817426052,1.2246467991473532e-16,-1.0,Office,Organizer,1057.98,1693.76,262.0,235.0,206.0,237.0,238.0,,,233.0,231.25,238.6153846153846,23.02172886644267,17.185957723011608,-5.615384615384613,-7.365384615384613,-0.023533204384268203,233.0,0.8571428571428571,0
SKU036,2025-06-16,7,299.0,5,0,1,0,Summer Sale,6,2,2025,25,0.12053668025532308,-0.992708874098054,1.2246467991473532e-16,-1.0,Office,Organizer,1057.98,1693.76,353.0,262.0,229.0,215.0,265.0,,,269.75,245.75,247.46153846153845,57.325823151525704,46.56101987100982,22.288461538461547,-1.7115384615384528,0.09006838669567929,269.75,0.7142857142857143,0
SKU036,2025-06-23,7,273.0,0,0,0,0,No Promotion,6,2,2025,26,-3.216245299353273e-16,-1.0,1.2246467991473532e-16,-1.0,Office,Organizer,1057.98,1693.76,299.0,353.0,235.0,242.0,251.0,,,287.25,256.25,250.07692307692307,51.08408101682298,48.082518355724375,37.173076923076934,6.173076923076934,0.14864657028606598,0.0,0.0,0
SKU036,2025-06-30,7,245.0,0,0,0,0,No Promotion,6,2,2025,27,-0.12053668025532283,-0.992708874098054,1.2246467991473532e-16,-1.0,Office,Organizer,1057.98,1693.76,273.0,299.0,262.0,224.0,227.0,,,296.75,260.125,251.76923076923077,40.58222106620912,48.01915540400815,44.980769230769226,8.355769230769226,0.17865872288420404,0.0,0.0,0
SKU036,2025-07-07,7,241.0,0,0,0,0,No Promotion,7,3,2025,28,-0.23931566428755743,-0.9709418174260521,-0.4999999999999997,-0.8660254037844388,Office,Organizer,1057.98,1693.76,245.0,273.0,353.0,206.0,271.0,297.0,,292.5,262.75,253.15384615384616,45.96737973824482,46.305661486629106,39.34615384615384,9.59615384615384,0.15542388331814028,0.0,0.0,0
SKU036,2025-07-14,7,252.0,0,0,0,0,No Promotion,7,3,2025,29,-0.3546048870425356,-0.9350162426854148,-0.4999999999999997,-0.8660254037844388,Office,Organizer,1057.98,1693.76,241.0,245.0,299.0,229.0,237.0,267.0,,264.5,267.125,250.84615384615384,27.049337638224465,41.59133666659784,13.65384615384616,16.27884615384616,0.054431156087089816,0.0,0.0,0
SKU036,2025-07-21,7,265.0,0,0,0,0,No Promotion,7,3,2025,30,-0.46472317204376806,-0.8854560256532101,-0.4999999999999997,-0.8660254037844388,Office,Organizer,1057.98,1693.76,252.0,241.0,273.0,235.0,215.0,250.0,,252.75,270.0,252.0,14.244882121894399,39.31193929874958,0.75,18.0,0.0029761904761904656,0.0,0.0,0
SKU036,2025-07-28,7,281.0,0,0,0,0,No Promotion,7,3,2025,31,-0.5680647467311556,-0.8229838658936566,-0.4999999999999997,-0.8660254037844388,Office,Organizer,1057.98,1693.76,265.0,252.0,245.0,262.0,242.0,232.0,,250.75,273.75,255.84615384615384,10.53169818531972,36.85008238021418,-5.09615384615384,17.90384615384616,-0.019918821407095555,0.0,0.0,0
SKU036,2025-08-04,7,251.0,0,0,0,0,No Promotion,8,3,2025,32,-0.663122658240795,-0.7485107481711013,-0.8660254037844385,-0.5000000000000004,Office,Organizer,1057.98,1693.76,281.0,265.0,241.0,353.0,224.0,229.0,,259.75,276.125,258.84615384615387,17.23127002477376,36.5960087597385,0.903846153846132,17.278846153846132,0.003491827637444267,0.0,0.0,0
SKU036,2025-08-11,7,243.0,0,1,0,1,No Promotion,8,3,2025,33,-0.7485107481711011,-0.6631226582407952,-0.8660254037844385,-0.5000000000000004,Office,Organizer,1057.98,1693.76,251.0,281.0,252.0,299.0,206.0,246.0,,262.25,263.375,260.9230769230769,14.032699906527851,19.9852624272416,1.3269230769230944,2.4519230769230944,0.005085495283018826,0.0,0.0,0
SKU036,2025-08-18,7,267.0,0,0,0,0,No Promotion,8,3,2025,34,-0.8229838658936564,-0.5680647467311559,-0.8660254037844385,-0.5000000000000004,Office,Organizer,1057.98,1693.76,243.0,251.0,265.0,273.0,229.0,286.0,,260.0,256.375,263.7692307692308,16.693312034065222,14.879876151558346,-3.7692307692307736,-7.394230769230774,-0.014289880431612723,0.0,0.0,0
SKU036,2025-08-25,7,248.0,0,0,0,0,No Promotion,8,3,2025,35,-0.8854560256532096,-0.4647231720437691,-0.8660254037844385,-0.5000000000000004,Office,Organizer,1057.98,1693.76,267.0,243.0,281.0,245.0,235.0,267.0,,260.5,255.625,266.6923076923077,16.92138686199608,14.05029232029408,-6.192307692307679,-11.06730769230768,-0.0232189212575713,0.0,0.0,0
SKU036,2025-09-01,7,197.0,0,0,0,0,No Promotion,9,3,2025,36,-0.9350162426854147,-0.3546048870425359,-1.0,-1.8369701987210297e-16,Office,Organizer,1057.98,1693.76,248.0,267.0,251.0,241.0,262.0,206.0,,252.25,256.0,267.6923076923077,10.372238588334412,13.763305250868047,-15.44230769230768,-11.69230769230768,-0.05768678160919538,0.0,0.0,0
SKU036,2025-09-08,7,221.0,0,0,0,0,No Promotion,9,3,2025,37,-0.970941817426052,-0.23931566428755774,-1.0,-1.8369701987210297e-16,Office,Organizer,1057.98,1693.76,197.0,248.0,243.0,252.0,353.0,238.0,,238.75,250.5,262.6923076923077,29.691469032928186,24.899799195977483,-23.94230769230768,-12.19230769230768,-0.09114202049780373,0.0,0.0,0
SKU036,2025-09-15,7,232.0,0,0,0,0,No Promotion,9,3,2025,38,-0.992708874098054,-0.12053668025532357,-1.0,-1.8369701987210297e-16,Office,Organizer,1057.98,1693.76,221.0,197.0,267.0,265.0,299.0,265.0,,233.25,246.625,252.53846153846155,30.663496212923928,26.959957079236734,-19.288461538461547,-5.913461538461547,-0.07637831251903748,0.0,0.0,0
SKU036,2025-09-22,7,243.0,0,0,0,0,No Promotion,9,3,2025,39,-1.0,-1.8369701987210297e-16,-1.0,-1.8369701987210297e-16,Office,Organizer,1057.98,1693.76,232.0,221.0,248.0,281.0,273.0,251.0,,224.5,242.5,247.3846153846154,21.42428528562855,26.26241203153829,-22.884615384615387,-4.884615384615387,-0.09250621890547261,0.0,0.0,0
SKU036,2025-09-29,7,303.0,5,1,1,1,Festive Sale,9,3,2025,40,-0.992708874098054,0.1205366802553232,-1.0,-1.8369701987210297e-16,Office,Organizer,1057.98,1693.76,243.0,232.0,197.0,251.0,245.0,227.0,,223.25,237.75,245.07692307692307,19.670197423174653,21.265330604396617,-21.826923076923066,-7.326923076923066,-0.08906151914626492,223.25,0.7142857142857143,1
SKU036,2025-10-06,7,271.0,5,0,1,0,Festive Sale,10,4,2025,41,-0.9709418174260521,0.23931566428755738,-0.8660254037844386,0.5000000000000001,Office,Organizer,1057.98,1693.76,303.0,243.0,221.0,243.0,241.0,271.0,,249.75,244.25,249.53846153846155,36.6185290074119,31.417692922482864,0.2115384615384528,-5.288461538461547,0.0008477188655979795,249.75,0.7142857142857143,0
SKU036,2025-10-13,7,212.0,0,0,0,0,No Promotion,10,4,2025,42,-0.9350162426854148,0.35460488704253557,-0.8660254037844386,0.5000000000000001,Office,Organizer,1057.98,1693.76,271.0,303.0,232.0,267.0,252.0,237.0,,262.25,247.75,251.84615384615384,31.742453171318274,32.78828187891872,10.40384615384616,-4.09615384615384,0.04131032376298105,0.0,0.0,0
SKU036,2025-10-20,7,235.0,0,0,0,0,No Promotion,10,4,2025,43,-0.8854560256532101,0.464723172043768,-0.8660254037844386,0.5000000000000001,Office,Organizer,1057.98,1693.76,212.0,271.0,243.0,248.0,265.0,215.0,,257.25,240.875,248.76923076923077,38.87051153080786,33.921916640594326,8.480769230769226,-7.894230769230774,0.03409090909090917,0.0,0.0,0
SKU036,2025-10-27,7,232.0,0,1,0,1,No Promotion,10,4,2025,44,-0.822983865893657,0.5680647467311548,-0.8660254037844386,0.5000000000000001,Office,Organizer,1057.98,1693.76,235.0,212.0,303.0,197.0,281.0,242.0,,255.25,239.25,246.46153846153845,40.03644173333423,33.84312548889574,8.788461538461547,-7.211538461538453,0.03565855181023725,0.0,0.0,0
SKU036,2025-11-03,7,254.0,0,0,0,0,No Promotion,11,4,2025,45,-0.7485107481711011,0.6631226582407952,-0.5000000000000004,0.8660254037844384,Office,Organizer,1057.98,1693.76,232.0,235.0,271.0,221.0,251.0,224.0,,237.5,243.625,242.69230769230768,24.556058315617353,29.596995503887623,-5.192307692307679,0.9326923076923208,-0.021394611727416746,0.0,0.0,0
SKU036,2025-11-10,7,213.0,0,0,0,0,No Promotion,11,4,2025,46,-0.6631226582407955,0.7485107481711007,-0.5000000000000004,0.8660254037844384,Office,Organizer,1057.98,1693.76,254.0,232.0,212.0,232.0,243.0,206.0,,233.25,247.75,242.92307692307693,17.19253714067047,28.262797354220183,-9.673076923076934,4.826923076923066,-0.03981950601646611,0.0,0.0,0
SKU036,2025-11-17,7,279.0,4,0,1,0,Black Friday,11,4,2025,47,-0.5680647467311559,0.8229838658936564,-0.5000000000000004,0.8660254037844384,Office,Organizer,1057.98,1693.76,213.0,254.0,235.0,243.0,267.0,229.0,,233.5,245.375,240.6153846153846,16.78292783356548,30.48623811305218,-7.115384615384613,4.759615384615387,-0.02957161125319696,233.5,0.5714285714285714,0
SKU036,2025-11-24,7,298.0,7,0,1,0,Black Friday,11,4,2025,48,-0.4647231720437684,0.88545602565321,-0.5000000000000004,0.8660254037844384,Office,Organizer,1057.98,1693.76,279.0,213.0,232.0,303.0,248.0,235.0,,244.5,249.875,241.53846153846155,28.454642269174055,32.66469260313257,2.961538461538453,8.336538461538453,0.0122611464968152,244.5,1.0,0
SKU036,2025-12-01,7,256.0,0,0,0,0,No Promotion,12,4,2025,49,-0.35460488704253595,0.9350162426854147,-2.4492935982947064e-16,1.0,Office,Organizer,1057.98,1693.76,298.0,279.0,254.0,271.0,197.0,262.0,,261.0,249.25,245.3846153846154,36.72419729097788,31.53116372280425,15.615384615384613,3.865384615384613,0.06363636363636371,0.0,0.0,0
SKU036,2025-12-08,7,286.0,0,0,0,0,No Promotion,12,4,2025,50,-0.2393156642875578,0.970941817426052,-2.4492935982947064e-16,1.0,Office,Organizer,1057.98,1693.76,256.0,298.0,213.0,212.0,221.0,353.0,,261.5,247.375,249.92307692307693,36.610563138708116,30.481551797767796,11.576923076923066,-2.548076923076934,0.046321945213911864,0.0,0.0,0
SKU036,2025-12-15,7,400.0,7,0,1,0,Year End Sale,12,4,2025,51,-0.12053668025532363,0.992708874098054,-2.4492935982947064e-16,1.0,Office,Organizer,1057.98,1693.76,286.0,256.0,279.0,235.0,232.0,299.0,,279.75,256.625,254.92307692307693,17.67059704707229,29.422719598491046,24.826923076923066,1.701923076923066,0.09738986119493065,279.75,1.0,0
SKU036,2025-12-22,7,403.0,7,1,1,1,Year End Sale,12,4,2025,52,6.432490598706546e-16,1.0,-2.4492935982947064e-16,1.0,Office,Organizer,1057.98,1693.76,400.0,286.0,298.0,232.0,243.0,273.0,,310.0,277.25,267.84615384615387,62.545983084447556,57.00313274599161,42.15384615384613,9.403846153846132,0.15738081562320505,310.0,1.0,1
SKU036,2025-12-29,7,314.0,3,0,1,0,Year End Sale,12,4,2025,1,0.12053668025532305,0.992708874098054,-2.4492935982947064e-16,1.0,Office,Organizer,1057.98,1693.76,403.0,400.0,256.0,254.0,303.0,245.0,,336.25,298.625,280.15384615384613,76.34297610127601,68.5105570592695,56.09615384615387,18.471153846153868,0.20023338824821546,336.25,0.42857142857142855,0
SKU036,2026-01-05,7,257.0,0,0,0,0,No Promotion,1,1,2026,2,0.23931566428755774,0.970941817426052,0.49999999999999994,0.8660254037844387,Office,Organizer,1057.98,1693.76,314.0,403.0,286.0,213.0,271.0,241.0,297.0,350.75,306.125,281.0,59.71808771218315,66.17171925053347,69.75,25.125,0.24822064056939497,0.0,0.0,0
SKU036,2026-01-12,7,285.0,0,0,0,0,No Promotion,1,1,2026,3,0.3546048870425356,0.9350162426854148,0.49999999999999994,0.8660254037844387,Office,Organizer,1057.98,1693.76,257.0,314.0,400.0,279.0,212.0,252.0,267.0,343.5,311.625,279.9230769230769,70.91074201651914,58.736548612062116,63.576923076923094,31.701923076923094,0.22712283594394078,0.0,0.0,0
SKU036,2026-01-19,7,271.0,0,0,0,0,No Promotion,1,1,2026,4,0.4647231720437685,0.8854560256532099,0.49999999999999994,0.8660254037844387,Office,Organizer,1057.98,1693.76,285.0,257.0,403.0,298.0,235.0,265.0,250.0,314.75,312.375,285.53846153846155,63.26860727617345,58.2971146063728,29.211538461538453,26.836538461538453,0.10230334051724133,0.0,0.0,0
SKU036,2026-01-26,7,298.0,0,1,0,1,No Promotion,1,1,2026,5,0.5680647467311558,0.8229838658936564,0.49999999999999994,0.8660254037844387,Office,Organizer,1057.98,1693.76,271.0,285.0,314.0,256.0,232.0,281.0,232.0,281.75,309.0,288.3076923076923,24.349880218733446,60.00476171581238,-6.557692307692321,20.69230769230768,-0.022745464247598712,0.0,0.0,0
SKU036,2026-02-02,7,284.0,0,0,0,0,No Promotion,2,1,2026,6,0.6631226582407952,0.7485107481711011,0.8660254037844386,0.5000000000000001,Office,Organizer,1057.98,1693.76,298.0,271.0,257.0,286.0,254.0,251.0,229.0,277.75,314.25,293.38461538461536,17.689450716929183,56.43643706482029,-15.634615384615358,20.86538461538464,-0.053290508652333424,0.0,0.0,0
SKU036,2026-02-09,7,266.0,0,0,0,0,No Promotion,2,1,2026,7,0.7485107481711011,0.6631226582407953,0.8660254037844386,0.5000000000000001,Office,Organizer,1057.98,1693.76,284.0,298.0,285.0,400.0,213.0,243.0,246.0,284.5,314.0,295.6923076923077,11.030261405182845,56.5836927543111,-11.19230769230768,18.30769230769232,-0.037851196670135256,0.0,0.0,0
SKU036,2026-02-16,7,229.0,0,0,0,0,No Promotion,2,1,2026,8,0.8229838658936564,0.5680647467311559,0.8660254037844386,0.5000000000000001,Office,Organizer,1057.98,1693.76,266.0,284.0,271.0,403.0,279.0,267.0,286.0,279.75,297.25,299.7692307692308,14.33817747600206,46.40735779101039,-20.019230769230774,-2.5192307692307736,-0.06678214010777528,0.0,0.0,0
SKU036,2026-02-23,7,254.0,0,0,0,0,No Promotion,2,1,2026,9,0.8854560256532099,0.4647231720437686,0.8660254037844386,0.5000000000000001,Office,Organizer,1057.98,1693.76,229.0,266.0,298.0,314.0,298.0,248.0,267.0,269.25,275.5,295.9230769230769,29.85939271541424,26.09323940903355,-26.673076923076906,-20.423076923076906,-0.09013517026254214,0.0,0.0,0
SKU036,2026-03-02,7,270.0,0,0,0,0,No Promotion,3,1,2026,10,0.9350162426854148,0.35460488704253557,1.0,6.123233995736766e-17,Office,Organizer,1057.98,1693.76,254.0,229.0,284.0,257.0,256.0,197.0,206.0,258.25,268.0,292.53846153846155,23.070543990118654,21.699242909768593,-34.28846153846155,-24.538461538461547,-0.11721009729161191,0.0,0.0,0
SKU036,2026-03-09,7,283.0,1,0,1,0,Spring Sale,3,1,2026,11,0.970941817426052,0.23931566428755804,1.0,6.123233995736766e-17,Office,Organizer,1057.98,1693.76,270.0,254.0,266.0,285.0,286.0,221.0,238.0,254.75,269.625,293.61538461538464,18.46392879824515,21.23970338775943,-38.86538461538464,-23.99038461538464,-0.13236835210898623,254.75,0.14285714285714285,0
SKU036,2026-03-16,7,317.0,7,0,1,0,Spring Sale,3,1,2026,12,0.992708874098054,0.120536680255323,1.0,6.123233995736766e-17,Office,Organizer,1057.98,1693.76,283.0,270.0,229.0,271.0,400.0,232.0,265.0,259.0,269.375,293.38461538461536,23.252240035460378,21.043746950443143,-34.38461538461536,-24.00961538461536,-0.11719979024646032,259.0,1.0,0
SKU036,2026-03-23,7,282.0,3,0,1,0,Spring Sale,3,1,2026,13,1.0,-1.6081226496766366e-16,1.0,6.123233995736766e-17,Office,Organizer,1057.98,1693.76,317.0,283.0,254.0,298.0,403.0,243.0,251.0,281.0,275.125,287.0,26.77063067368168,26.994377721507625,-6.0,-11.875,-0.020905923344947785,281.0,0.42857142857142855,0
SKU036,2026-03-30,7,238.0,0,0,0,0,No Promotion,3,1,2026,14,0.992708874098054,-0.12053668025532288,1.0,6.123233995736766e-17,Office,Organizer,1057.98,1693.76,282.0,317.0,270.0,284.0,314.0,303.0,227.0,288.0,273.125,277.6923076923077,20.21550560007507,25.614937048526958,10.30769230769232,-4.567307692307679,0.03711911357340725,0.0,0.0,0
SKU036,2026-04-06,7,259.0,0,0,0,0,No Promotion,4,2,2026,15,0.9709418174260521,-0.2393156642875575,0.8660254037844387,-0.4999999999999998,Office,Organizer,1057.98,1693.76,238.0,282.0,283.0,266.0,257.0,271.0,271.0,280.0,267.375,271.84615384615387,32.383123176535435,27.88720904951638,8.153846153846132,-4.471153846153868,0.029994340690435717,0.0,0.0,0
SKU036,2026-04-13,7,231.0,0,0,0,0,No Promotion,4,2,2026,16,0.9350162426854148,-0.35460488704253545,0.8660254037844387,-0.4999999999999998,Office,Organizer,1057.98,1693.76,259.0,238.0,317.0,229.0,285.0,212.0,237.0,274.0,266.5,272.0,33.83292282181169,28.04588077724478,2.0,-5.5,0.007352941176470562,0.0,0.0,0
SKU036,2026-04-20,7,260.0,0,0,0,0,No Promotion,4,2,2026,17,0.8854560256532099,-0.4647231720437685,0.8660254037844387,-0.4999999999999998,Office,Organizer,1057.98,1693.76,231.0,259.0,282.0,254.0,271.0,235.0,215.0,252.5,266.75,267.84615384615387,22.98550267741242,27.670252205985705,-15.346153846153868,-1.096153846153868,-0.05729465824238955,0.0,0.0,0
SKU036,2026-04-27,7,273.0,0,0,0,0,No Promotion,4,2,2026,18,0.8229838658936565,-0.5680647467311557,0.8660254037844387,-0.4999999999999998,Office,Organizer,1057.98,1693.76,260.0,231.0,238.0,270.0,298.0,232.0,242.0,247.0,267.5,267.0,14.71960144387975,27.354811538113612,-20.0,0.5,-0.07490636704119846,0.0,0.0,0
SKU036,2026-05-04,7,276.0,0,0,0,0,No Promotion,5,2,2026,19,0.7485107481711013,-0.663122658240795,0.49999999999999994,-0.8660254037844387,Office,Organizer,1057.98,1693.76,273.0,260.0,259.0,283.0,284.0,254.0,224.0,255.75,267.875,265.0769230769231,17.689450716929194,27.41447740571705,-9.326923076923094,2.7980769230769056,-0.03518572257690078,0.0,0.0,0
SKU036,2026-05-11,7,227.0,0,0,0,0,No Promotion,5,2,2026,20,0.6631226582407952,-0.7485107481711012,0.49999999999999994,-0.8660254037844387,Office,Organizer,1057.98,1693.76,276.0,273.0,231.0,317.0,266.0,213.0,206.0,260.0,267.0,264.46153846153845,20.542638584174142,26.970883771737455,-4.461538461538453,2.538461538461547,-0.016870273414775983,0.0,0.0,0
SKU036,2026-05-18,7,259.0,0,0,0,0,No Promotion,5,2,2026,21,0.5680647467311558,-0.8229838658936564,0.49999999999999994,-0.8660254037844387,Office,Organizer,1057.98,1693.76,227.0,276.0,260.0,282.0,229.0,279.0,229.0,259.0,255.75,261.46153846153845,22.435091560618456,21.31230362289086,-2.461538461538453,-5.711538461538453,-0.009414533686378346,0.0,0.0,0
SKU036,2026-05-25,7,258.0,0,0,0,0,No Promotion,5,2,2026,22,0.46472317204376906,-0.8854560256532096,0.49999999999999994,-0.8660254037844387,Office,Organizer,1057.98,1693.76,259.0,227.0,273.0,238.0,254.0,298.0,235.0,258.75,252.875,263.7692307692308,22.4258035902098,18.650450013720512,-5.019230769230774,-10.894230769230774,-0.01902887139107612,0.0,0.0,0
SKU036,2026-06-01,7,309.0,0,0,0,0,No Promotion,6,2,2026,23,0.35460488704253584,-0.9350162426854147,1.2246467991473532e-16,-1.0,Office,Organizer,1057.98,1693.76,258.0,259.0,276.0,259.0,270.0,256.0,262.0,255.0,255.375,264.0769230769231,20.412414523193153,17.68726337549953,-9.076923076923094,-8.701923076923094,-0.034372269152344925,0.0,0.0,0
SKU036,2026-06-08,7,399.0,5,0,1,0,Summer Sale,6,2,2026,24,0.23931566428755768,-0.970941817426052,1.2246467991473532e-16,-1.0,Office,Organizer,1057.98,1693.76,309.0,258.0,227.0,231.0,283.0,286.0,353.0,263.25,261.625,267.0769230769231,33.92516273603808,26.02162562177852,-3.8269230769230944,-5.451923076923094,-0.014328917050691281,263.25,0.7142857142857143,0
SKU036,2026-06-15,7,341.0,6,0,1,0,Summer Sale,6,2,2026,25,0.12053668025532308,-0.992708874098054,1.2246467991473532e-16,-1.0,Office,Organizer,1057.98,1693.76,399.0,309.0,259.0,260.0,317.0,400.0,299.0,306.25,282.625,276.0,66.25896165802781,52.298422538351936,30.25,6.625,0.1096014492753623,306.25,0.8571428571428571,0
SKU036,2026-06-22,7,295.0,0,0,0,0,No Promotion,6,2,2026,26,-3.216245299353273e-16,-1.0,1.2246467991473532e-16,-1.0,Office,Organizer,1057.98,1693.76,341.0,399.0,258.0,273.0,282.0,403.0,273.0,326.75,292.75,277.84615384615387,59.06140872007712,55.060356493059984,48.90384615384613,14.903846153846132,0.17601052048726462,0.0,0.0,0
SKU037,2025-04-14,7,181.0,0,0,0,0,No Promotion,4,2,2025,16,0.9350162426854148,-0.35460488704253545,0.8660254037844387,-0.4999999999999998,Furniture,Chair,3572.71,5549.02,,,,,,,,,,,,,,,,,0.0,0
SKU037,2025-04-21,7,152.0,0,0,0,0,No Promotion,4,2,2025,17,0.8854560256532099,-0.4647231720437685,0.8660254037844387,-0.4999999999999998,Furniture,Chair,3572.71,5549.02,181.0,,,,,,,,,,,,,,,,0.0,0
SKU037,2025-04-28,7,169.0,0,0,0,0,No Promotion,4,2,2025,18,0.8229838658936565,-0.5680647467311557,0.8660254037844387,-0.4999999999999998,Furniture,Chair,3572.71,5549.02,152.0,181.0,,,,,,,,,,,,,,,0.0,0
SKU037,2025-05-05,7,154.0,0,0,0,0,No Promotion,5,2,2025,19,0.7485107481711013,-0.663122658240795,0.49999999999999994,-0.8660254037844387,Furniture,Chair,3572.71,5549.02,169.0,152.0,,,,,,,,,,,,,,,0.0,0
SKU037,2025-05-12,7,160.0,0,0,0,0,No Promotion,5,2,2025,20,0.6631226582407952,-0.7485107481711012,0.49999999999999994,-0.8660254037844387,Furniture,Chair,3572.71,5549.02,154.0,169.0,181.0,,,,,164.0,,,13.638181696985855,,,,,0.0,0.0,0
SKU037,2025-05-19,7,130.0,0,0,0,0,No Promotion,5,2,2025,21,0.5680647467311558,-0.8229838658936564,0.49999999999999994,-0.8660254037844387,Furniture,Chair,3572.71,5549.02,160.0,154.0,152.0,,,,,158.75,,,7.632168761236878,,,,,0.0,0.0,0
SKU037,2025-05-26,7,137.0,0,0,0,0,No Promotion,5,2,2025,22,0.46472317204376906,-0.8854560256532096,0.49999999999999994,-0.8660254037844387,Furniture,Chair,3572.71,5549.02,130.0,160.0,169.0,,,,,153.25,,,16.68082731761228,,,,,0.0,0.0,0
SKU037,2025-06-02,7,190.0,0,0,0,0,No Promotion,6,2,2025,23,0.35460488704253584,-0.9350162426854147,1.2246467991473532e-16,-1.0,Furniture,Chair,3572.71,5549.02,137.0,130.0,154.0,,,,,145.25,,,14.080127840328727,,,,,0.0,0.0,0
SKU037,2025-06-09,7,203.0,6,0,1,0,Summer Sale,6,2,2025,24,0.23931566428755768,-0.970941817426052,1.2246467991473532e-16,-1.0,Furniture,Chair,3572.71,5549.02,190.0,137.0,160.0,181.0,,,,154.25,159.125,,27.060118255469618,20.510885611582662,,,,154.25,0.8571428571428571,0
SKU037,2025-06-16,7,208.0,5,0,1,0,Summer Sale,6,2,2025,25,0.12053668025532308,-0.992708874098054,1.2246467991473532e-16,-1.0,Furniture,Chair,3572.71,5549.02,203.0,190.0,130.0,152.0,,,,165.0,161.875,,36.86913795213191,24.87360907812593,,,,165.0,0.7142857142857143,0
SKU037,2025-06-23,7,163.0,0,0,0,0,No Promotion,6,2,2025,26,-3.216245299353273e-16,-1.0,1.2246467991473532e-16,-1.0,Furniture,Chair,3572.71,5549.02,208.0,203.0,137.0,169.0,,,,184.5,168.875,,32.562759915789286,29.200966226675263,,,,0.0,0.0,0
SKU037,2025-06-30,7,175.0,0,0,0,0,No Promotion,6,2,2025,27,-0.12053668025532283,-0.992708874098054,1.2246467991473532e-16,-1.0,Furniture,Chair,3572.71,5549.02,163.0,208.0,190.0,154.0,,,,191.0,168.125,,20.14944167960988,29.27425734083008,,,,0.0,0.0,0
SKU037,2025-07-07,7,183.0,0,0,0,0,No Promotion,7,3,2025,28,-0.23931566428755743,-0.9709418174260521,-0.4999999999999997,-0.8660254037844388,Furniture,Chair,3572.71,5549.02,175.0,163.0,203.0,160.0,,,,187.25,170.75,,21.73131381210073,28.763816555824853,,,,0.0,0.0,0
SKU037,2025-07-14,7,180.0,0,0,0,0,No Promotion,7,3,2025,29,-0.3546048870425356,-0.9350162426854148,-0.4999999999999997,-0.8660254037844388,Furniture,Chair,3572.71,5549.02,183.0,175.0,208.0,130.0,181.0,,,182.25,173.625,169.6153846153846,19.03286631067428,28.685175364886426,12.634615384615387,4.009615384615387,0.07448979591836746,0.0,0.0,0
SKU037,2025-07-21,7,176.0,0,0,0,0,No Promotion,7,3,2025,30,-0.46472317204376806,-0.8854560256532101,-0.4999999999999997,-0.8660254037844388,Furniture,Chair,3572.71,5549.02,180.0,183.0,163.0,137.0,152.0,,,175.25,179.875,169.53846153846155,8.808140174482533,22.63017896526675,5.711538461538453,10.336538461538453,0.033688747731397406,0.0,0.0,0
SKU037,2025-07-28,7,175.0,0,0,0,0,No Promotion,7,3,2025,31,-0.5680647467311556,-0.8229838658936566,-0.4999999999999997,-0.8660254037844388,Furniture,Chair,3572.71,5549.02,176.0,180.0,175.0,190.0,169.0,,,178.5,184.75,171.3846153846154,3.6968455021364472,14.983324063771764,7.115384615384613,13.365384615384613,0.041517055655296176,0.0,0.0,0
SKU037,2025-08-04,7,178.0,0,0,0,0,No Promotion,8,3,2025,32,-0.663122658240795,-0.7485107481711013,-0.8660254037844385,-0.5000000000000004,Furniture,Chair,3572.71,5549.02,175.0,176.0,183.0,203.0,154.0,,,178.5,182.875,171.84615384615384,3.6968455021364472,15.169871456278129,6.65384615384616,11.02884615384616,0.03871978513876462,0.0,0.0,0
SKU037,2025-08-11,7,183.0,0,1,0,1,No Promotion,8,3,2025,33,-0.7485107481711011,-0.6631226582407952,-0.8660254037844385,-0.5000000000000004,Furniture,Chair,3572.71,5549.02,178.0,175.0,180.0,208.0,160.0,,,177.25,179.75,173.69230769230768,2.2173557826083035,12.825755338380729,3.557692307692321,6.057692307692321,0.020482728077945156,0.0,0.0,0
SKU037,2025-08-18,7,168.0,0,0,0,0,No Promotion,8,3,2025,34,-0.8229838658936564,-0.5680647467311559,-0.8660254037844385,-0.5000000000000004,Furniture,Chair,3572.71,5549.02,183.0,178.0,176.0,163.0,130.0,,,178.0,176.625,175.46153846153845,3.55902608401041,6.390562237728955,2.538461538461547,1.1634615384615472,0.014467338886453351,0.0,0.0,0
SKU037,2025-08-25,7,156.0,0,0,0,0,No Promotion,8,3,2025,35,-0.8854560256532096,-0.4647231720437691,-0.8660254037844385,-0.5000000000000004,Furniture,Chair,3572.71,5549.02,168.0,183.0,175.0,175.0,137.0,,,176.0,177.25,178.3846153846154,6.271629240742243,4.949747468305999,-2.384615384615387,-1.1346153846153868,-0.013367830961621419,0.0,0.0,0
SKU037,2025-09-01,7,157.0,0,0,0,0,No Promotion,9,3,2025,36,-0.9350162426854147,-0.3546048870425359,-1.0,-1.8369701987210297e-16,Furniture,Chair,3572.71,5549.02,156.0,168.0,178.0,183.0,190.0,,,171.25,174.875,179.84615384615384,11.926860441876556,9.046506823867828,-8.59615384615384,-4.97115384615384,-0.04779726261762185,0.0,0.0,0
SKU037,2025-09-08,7,150.0,0,0,0,0,No Promotion,9,3,2025,37,-0.970941817426052,-0.23931566428755774,-1.0,-1.8369701987210297e-16,Furniture,Chair,3572.71,5549.02,157.0,156.0,183.0,180.0,203.0,,,166.0,171.625,177.30769230769232,12.56980508997653,10.29476288494029,-11.30769230769232,-5.682692307692321,-0.06377440347071595,0.0,0.0,0
SKU037,2025-09-15,7,157.0,0,0,0,0,No Promotion,9,3,2025,38,-0.992708874098054,-0.12053668025532357,-1.0,-1.8369701987210297e-16,Furniture,Chair,3572.71,5549.02,150.0,157.0,168.0,176.0,208.0,,,157.75,167.875,173.23076923076923,7.499999999999996,12.111830108263144,-15.480769230769226,-5.355769230769226,-0.08936500888099463,0.0,0.0,0
SKU037,2025-09-22,7,160.0,0,0,0,0,No Promotion,9,3,2025,39,-1.0,-1.8369701987210297e-16,-1.0,-1.8369701987210297e-16,Furniture,Chair,3572.71,5549.02,157.0,150.0,156.0,175.0,163.0,,,155.0,165.5,169.30769230769232,3.366501646120687,12.153776602944724,-14.30769230769232,-3.807692307692321,-0.08450704225352124,0.0,0.0,0
SKU037,2025-09-29,7,179.0,5,1,1,1,Festive Sale,9,3,2025,40,-0.992708874098054,0.1205366802553232,-1.0,-1.8369701987210297e-16,Furniture,Chair,3572.71,5549.02,160.0,157.0,157.0,178.0,175.0,,,156.0,163.625,169.07692307692307,4.242640687119282,11.624327937562702,-13.076923076923066,-5.451923076923066,-0.07734303912647855,156.0,0.7142857142857143,1
SKU037,2025-10-06,7,208.0,5,0,1,0,Festive Sale,10,4,2025,41,-0.9709418174260521,0.23931566428755738,-0.8660254037844386,0.5000000000000001,Furniture,Chair,3572.71,5549.02,179.0,160.0,150.0,183.0,183.0,,,161.5,163.75,169.3846153846154,12.396235987858036,11.804962636838104,-7.884615384615387,-5.634615384615387,-0.04654859218891916,161.5,0.7142857142857143,0
SKU037,2025-10-13,7,158.0,0,0,0,0,No Promotion,10,4,2025,42,-0.9350162426854148,0.35460488704253557,-0.8660254037844386,0.5000000000000001,Furniture,Chair,3572.71,5549.02,208.0,179.0,157.0,168.0,180.0,181.0,,176.0,166.875,171.30769230769232,23.452078799117146,18.84096979608915,4.692307692307679,-4.432692307692321,0.02739110911540177,0.0,0.0,0
SKU037,2025-10-20,7,154.0,0,0,0,0,No Promotion,10,4,2025,43,-0.8854560256532101,0.464723172043768,-0.8660254037844386,0.5000000000000001,Furniture,Chair,3572.71,5549.02,158.0,208.0,160.0,156.0,176.0,152.0,,176.25,165.625,169.6153846153846,23.185843381971964,19.08580250193473,6.634615384615387,-3.990384615384613,0.03911564625850339,0.0,0.0,0
SKU037,2025-10-27,7,165.0,0,1,0,1,No Promotion,10,4,2025,44,-0.822983865893657,0.5680647467311548,-0.8660254037844386,0.5000000000000001,Furniture,Chair,3572.71,5549.02,154.0,158.0,179.0,157.0,175.0,169.0,,174.75,165.375,167.92307692307693,24.73021094397161,19.24234541688871,6.826923076923066,-2.548076923076934,0.04065506184150247,0.0,0.0,0
SKU037,2025-11-03,7,165.0,0,0,0,0,No Promotion,11,4,2025,45,-0.7485107481711011,0.6631226582407952,-0.5000000000000004,0.8660254037844384,Furniture,Chair,3572.71,5549.02,165.0,154.0,208.0,150.0,178.0,154.0,,171.25,166.375,167.15384615384616,24.91819950691997,18.95059365824725,4.09615384615384,-0.7788461538461604,0.024505292222733566,0.0,0.0,0
SKU037,2025-11-10,7,149.0,0,0,0,0,No Promotion,11,4,2025,46,-0.6631226582407955,0.7485107481711007,-0.5000000000000004,0.8660254037844384,Furniture,Chair,3572.71,5549.02,165.0,165.0,158.0,157.0,183.0,160.0,,160.5,168.25,166.15384615384616,5.446711546122724,17.806499615910745,-5.65384615384616,2.0961538461538396,-0.03402777777777777,0.0,0.0,0
SKU037,2025-11-17,7,174.0,4,0,1,0,Black Friday,11,4,2025,47,-0.5680647467311559,0.8229838658936564,-0.5000000000000004,0.8660254037844384,Furniture,Chair,3572.71,5549.02,149.0,165.0,154.0,160.0,168.0,130.0,,158.25,167.25,163.53846153846155,8.057087976847876,18.729274259450502,-5.288461538461547,3.711538461538453,-0.03233772342427099,158.25,0.5714285714285714,0
SKU037,2025-11-24,7,186.0,7,0,1,0,Black Friday,11,4,2025,48,-0.4647231720437684,0.88545602565321,-0.5000000000000004,0.8660254037844384,Furniture,Chair,3572.71,5549.02,174.0,149.0,165.0,179.0,156.0,137.0,,163.25,169.0,164.0,10.404326023342406,18.60875370049578,-0.75,5.0,-0.004573170731707266,163.25,1.0,0
SKU037,2025-12-01,7,176.0,0,0,0,0,No Promotion,12,4,2025,49,-0.35460488704253595,0.9350162426854147,-2.4492935982947064e-16,1.0,Furniture,Chair,3572.71,5549.02,186.0,174.0,165.0,208.0,157.0,190.0,,168.5,169.875,166.30769230769232,15.588457268119896,19.297945856637575,2.192307692307679,3.567307692307679,0.013182238667899915,0.0,0.0,0
SKU037,2025-12-08,7,175.0,0,0,0,0,No Promotion,12,4,2025,50,-0.2393156642875578,0.970941817426052,-2.4492935982947064e-16,1.0,Furniture,Chair,3572.71,5549.02,176.0,186.0,149.0,158.0,150.0,203.0,,171.25,165.875,167.76923076923077,15.734781006843832,12.3223084571961,3.4807692307692264,-1.8942307692307736,0.020747363594681323,0.0,0.0,0
SKU037,2025-12-15,7,238.0,7,0,1,0,Year End Sale,12,4,2025,51,-0.12053668025532363,0.992708874098054,-2.4492935982947064e-16,1.0,Furniture,Chair,3572.71,5549.02,175.0,176.0,174.0,154.0,157.0,208.0,,177.75,168.0,169.69230769230768,5.560275772537437,12.235778917350814,8.05769230769232,-1.6923076923076792,0.04748413417951047,177.75,1.0,0
SKU037,2025-12-22,7,252.0,7,1,1,1,Year End Sale,12,4,2025,52,6.432490598706546e-16,1.0,-2.4492935982947064e-16,1.0,Furniture,Chair,3572.71,5549.02,238.0,175.0,186.0,165.0,160.0,163.0,,193.75,178.5,175.92307692307693,29.91515780781821,26.376396374681043,17.826923076923066,2.576923076923066,0.1013336248360297,193.75,1.0,1
SKU037,2025-12-29,7,205.0,3,0,1,0,Year End Sale,12,4,2025,1,0.12053668025532305,0.992708874098054,-2.4492935982947064e-16,1.0,Furniture,Chair,3572.71,5549.02,252.0,238.0,176.0,165.0,179.0,175.0,,210.25,189.375,183.0,40.53290844075548,36.14232777703809,27.25,6.375,0.1489071038251366,210.25,0.42857142857142855,0
SKU037,2026-01-05,7,176.0,0,0,0,0,No Promotion,1,1,2026,2,0.23931566428755774,0.970941817426052,0.49999999999999994,0.8660254037844387,Furniture,Chair,3572.71,5549.02,205.0,252.0,175.0,149.0,208.0,183.0,,217.5,194.375,185.0,34.51086785347479,35.03849923400589,32.5,9.375,0.17567567567567566,0.0,0.0,0
SKU037,2026-01-12,7,170.0,0,0,0,0,No Promotion,1,1,2026,3,0.3546048870425356,0.9350162426854148,0.49999999999999994,0.8660254037844387,Furniture,Chair,3572.71,5549.02,176.0,205.0,238.0,174.0,158.0,180.0,,217.75,197.75,182.53846153846155,34.10156399150436,31.12532271777623,35.21153846153845,15.211538461538453,0.19289928360724806,0.0,0.0,0
SKU037,2026-01-19,7,178.0,0,0,0,0,No Promotion,1,1,2026,4,0.4647231720437685,0.8854560256532099,0.49999999999999994,0.8660254037844387,Furniture,Chair,3572.71,5549.02,170.0,176.0,252.0,186.0,154.0,176.0,,200.75,197.25,183.46153846153845,37.42882133686107,31.590007461673288,17.288461538461547,13.788461538461547,0.0942348008385745,0.0,0.0,0
SKU037,2026-01-26,7,179.0,0,1,0,1,No Promotion,1,1,2026,5,0.5680647467311558,0.8229838658936564,0.49999999999999994,0.8660254037844387,Furniture,Chair,3572.71,5549.02,178.0,170.0,205.0,176.0,165.0,175.0,,182.25,196.25,185.30769230769232,15.542951242712341,32.119197641641975,-3.057692307692321,10.94230769230768,-0.016500622665006293,0.0,0.0,0
SKU037,2026-02-02,7,187.0,0,0,0,0,No Promotion,2,1,2026,6,0.6631226582407952,0.7485107481711011,0.8660254037844386,0.5000000000000001,Furniture,Chair,3572.71,5549.02,179.0,178.0,176.0,175.0,165.0,178.0,,175.75,196.625,186.3846153846154,4.031128874149237,31.865509791712366,-10.634615384615387,10.240384615384613,-0.05705736690053653,0.0,0.0,0
SKU037,2026-02-09,7,173.0,0,0,0,0,No Promotion,2,1,2026,7,0.7485107481711011,0.6631226582407953,0.8660254037844386,0.5000000000000001,Furniture,Chair,3572.71,5549.02,187.0,179.0,170.0,238.0,149.0,183.0,,178.5,198.125,188.07692307692307,6.95221787153805,30.97204961159109,-9.576923076923066,10.048076923076934,-0.050920245398772934,0.0,0.0,0
SKU037,2026-02-16,7,190.0,0,0,0,0,No Promotion,2,1,2026,8,0.8229838658936564,0.5680647467311559,0.8660254037844386,0.5000000000000001,Furniture,Chair,3572.71,5549.02,173.0,187.0,178.0,252.0,174.0,168.0,,179.25,190.0,189.92307692307693,5.795112883571211,27.328687177710254,-10.673076923076934,0.07692307692306599,-0.05619684082624554,0.0,0.0,0
SKU037,2026-02-23,7,179.0,0,0,0,0,No Promotion,2,1,2026,9,0.8854560256532099,0.4647231720437686,0.8660254037844386,0.5000000000000001,Furniture,Chair,3572.71,5549.02,190.0,173.0,179.0,205.0,186.0,156.0,,182.25,182.25,191.15384615384616,7.71902411793959,11.360960723963004,-8.90384615384616,-8.90384615384616,-0.046579476861167035,0.0,0.0,0
SKU037,2026-03-02,7,172.0,0,0,0,0,No Promotion,3,1,2026,10,0.9350162426854148,0.35460488704253557,1.0,6.123233995736766e-17,Furniture,Chair,3572.71,5549.02,179.0,190.0,187.0,176.0,176.0,157.0,,182.25,179.0,190.6153846153846,7.71902411793959,6.676183683170333,-8.365384615384613,-11.615384615384613,-0.04388619854721554,0.0,0.0,0
SKU037,2026-03-09,7,194.0,1,0,1,0,Spring Sale,3,1,2026,11,0.970941817426052,0.23931566428755804,1.0,6.123233995736766e-17,Furniture,Chair,3572.71,5549.02,172.0,179.0,173.0,170.0,175.0,150.0,,178.5,178.5,190.30769230769232,8.266397845091477,7.071067811865559,-11.80769230769232,-11.80769230769232,-0.06204527081649158,178.5,0.14285714285714285,0
SKU037,2026-03-16,7,233.0,7,0,1,0,Spring Sale,3,1,2026,12,0.992708874098054,0.120536680255323,1.0,6.123233995736766e-17,Furniture,Chair,3572.71,5549.02,194.0,172.0,190.0,178.0,238.0,157.0,,183.75,181.5,191.76923076923077,10.078855755160552,7.982122882685224,-8.019230769230774,-10.269230769230774,-0.041817087845968715,183.75,1.0,0
SKU037,2026-03-23,7,182.0,3,0,1,0,Spring Sale,3,1,2026,13,1.0,-1.6081226496766366e-16,1.0,6.123233995736766e-17,Furniture,Chair,3572.71,5549.02,233.0,194.0,179.0,179.0,252.0,160.0,,194.5,188.375,191.3846153846154,27.258026340878015,19.66823036559943,3.115384615384613,-3.009615384615387,0.0162781350482315,194.5,0.42857142857142855,0
SKU037,2026-03-30,7,157.0,0,0,0,0,No Promotion,3,1,2026,14,0.992708874098054,-0.12053668025532288,1.0,6.123233995736766e-17,Furniture,Chair,3572.71,5549.02,182.0,233.0,172.0,187.0,205.0,179.0,,195.25,188.75,186.0,26.72545602978553,19.491756499314608,9.25,2.75,0.04973118279569899,0.0,0.0,0
SKU037,2026-04-06,7,166.0,0,0,0,0,No Promotion,4,2,2026,15,0.9709418174260521,-0.2393156642875575,0.8660254037844387,-0.4999999999999998,Furniture,Chair,3572.71,5549.02,157.0,182.0,194.0,173.0,176.0,208.0,,191.5,185.0,182.30769230769232,31.670175244226225,22.526175250773775,9.19230769230768,2.692307692307679,0.050421940928270015,0.0,0.0,0
SKU037,2026-04-13,7,192.0,0,0,0,0,No Promotion,4,2,2026,16,0.9350162426854148,-0.35460488704253545,0.8660254037844387,-0.4999999999999998,Furniture,Chair,3572.71,5549.02,166.0,157.0,233.0,190.0,170.0,158.0,181.0,184.5,184.125,181.53846153846155,33.94603560555095,23.185201561094374,2.961538461538453,2.586538461538453,0.01631355932203382,0.0,0.0,0
SKU037,2026-04-20,7,161.0,0,0,0,0,No Promotion,4,2,2026,17,0.8854560256532099,-0.4647231720437685,0.8660254037844387,-0.4999999999999998,Furniture,Chair,3572.71,5549.02,192.0,166.0,182.0,179.0,178.0,154.0,152.0,174.25,184.375,183.23076923076923,15.713582235335972,23.268234017340376,-8.980769230769226,1.1442307692307736,-0.04901343408900083,0.0,0.0,0
SKU037,2026-04-27,7,163.0,0,0,0,0,No Promotion,4,2,2026,18,0.8229838658936565,-0.5680647467311557,0.8660254037844387,-0.4999999999999998,Furniture,Chair,3572.71,5549.02,161.0,192.0,157.0,172.0,179.0,165.0,169.0,169.0,182.125,181.92307692307693,15.769168230019813,24.689138734037943,-12.923076923076934,0.201923076923066,-0.07103594080338271,0.0,0.0,0
SKU037,2026-05-04,7,175.0,0,0,0,0,No Promotion,5,2,2026,19,0.7485107481711013,-0.663122658240795,0.49999999999999994,-0.8660254037844387,Furniture,Chair,3572.71,5549.02,163.0,161.0,166.0,194.0,187.0,165.0,154.0,170.5,181.0,180.69230769230768,14.4798710859823,25.41090879355335,-10.19230769230768,0.3076923076923208,-0.056406981694338,0.0,0.0,0
SKU037,2026-05-11,7,150.0,0,0,0,0,No Promotion,5,2,2026,20,0.6631226582407952,-0.7485107481711012,0.49999999999999994,-0.8660254037844387,Furniture,Chair,3572.71,5549.02,175.0,163.0,192.0,233.0,173.0,149.0,160.0,172.75,178.625,179.76923076923077,14.244882121894383,24.905177316029253,-7.019230769230774,-1.1442307692307736,-0.03904578519469404,0.0,0.0,0
SKU037,2026-05-18,7,189.0,0,0,0,0,No Promotion,5,2,2026,21,0.5680647467311558,-0.8229838658936564,0.49999999999999994,-0.8660254037844387,Furniture,Chair,3572.71,5549.02,150.0,175.0,161.0,182.0,190.0,174.0,130.0,162.25,168.25,178.0,10.242883708539619,13.85382876422875,-15.75,-9.75,-0.0884831460674157,0.0,0.0,0
SKU037,2026-05-25,7,174.0,0,0,0,0,No Promotion,5,2,2026,22,0.46472317204376906,-0.8854560256532096,0.49999999999999994,-0.8660254037844387,Furniture,Chair,3572.71,5549.02,189.0,150.0,163.0,157.0,179.0,186.0,137.0,169.25,169.125,177.92307692307693,16.660832312142542,15.018441045214113,-8.673076923076934,-8.798076923076934,-0.048746217034154826,0.0,0.0,0
SKU037,2026-06-01,7,178.0,0,0,0,0,No Promotion,6,2,2026,23,0.35460488704253584,-0.9350162426854147,1.2246467991473532e-16,-1.0,Furniture,Chair,3572.71,5549.02,174.0,189.0,175.0,166.0,172.0,176.0,190.0,172.0,171.25,177.53846153846155,16.186414056238636,14.240284908867341,-5.538461538461547,-6.288461538461547,-0.03119584055459279,0.0,0.0,0
SKU037,2026-06-08,7,247.0,5,0,1,0,Summer Sale,6,2,2026,24,0.23931566428755768,-0.970941817426052,1.2246467991473532e-16,-1.0,Furniture,Chair,3572.71,5549.02,178.0,174.0,150.0,192.0,194.0,175.0,203.0,172.75,172.75,178.0,16.43928222277359,14.240284908867343,-5.25,-5.25,-0.0294943820224719,172.75,0.7142857142857143,0
SKU037,2026-06-15,7,251.0,6,0,1,0,Summer Sale,6,2,2026,25,0.12053668025532308,-0.992708874098054,1.2246467991473532e-16,-1.0,Furniture,Chair,3572.71,5549.02,247.0,178.0,189.0,161.0,233.0,238.0,208.0,197.0,179.625,182.07692307692307,33.931303148174734,29.72222593087058,14.923076923076934,-2.451923076923066,0.08196028728348126,197.0,0.8571428571428571,0
SKU037,2026-06-22,7,181.0,0,0,0,0,No Promotion,6,2,2026,26,-3.216245299353273e-16,-1.0,1.2246467991473532e-16,-1.0,Furniture,Chair,3572.71,5549.02,251.0,247.0,174.0,163.0,182.0,252.0,163.0,212.5,190.875,183.46153846153845,42.209793492348034,37.64282325832037,29.038461538461547,7.413461538461547,0.15828092243186598,0.0,0.0,0
SKU038,2025-01-06,7,615.0,3,0,1,0,New Year Sale,1,1,2025,2,0.23931566428755774,0.970941817426052,0.49999999999999994,0.8660254037844387,Home Decor,Clock,2090.8,3010.64,,,,,,,,,,,,,,,,,0.42857142857142855,0
SKU038,2025-01-13,7,541.0,3,0,1,0,New Year Sale,1,1,2025,3,0.3546048870425356,0.9350162426854148,0.49999999999999994,0.8660254037844387,Home Decor,Clock,2090.8,3010.64,615.0,,,,,,,,,,,,,,,,0.42857142857142855,0
SKU038,2025-01-20,7,494.0,0,1,0,1,No Promotion,1,1,2025,4,0.4647231720437685,0.8854560256532099,0.49999999999999994,0.8660254037844387,Home Decor,Clock,2090.8,3010.64,541.0,615.0,,,,,,,,,,,,,,,0.0,0
SKU038,2025-01-27,7,500.0,0,0,0,0,No Promotion,1,1,2025,5,0.5680647467311558,0.8229838658936564,0.49999999999999994,0.8660254037844387,Home Decor,Clock,2090.8,3010.64,494.0,541.0,,,,,,,,,,,,,,,0.0,0
SKU038,2025-02-03,7,530.0,0,0,0,0,No Promotion,2,1,2025,6,0.6631226582407952,0.7485107481711011,0.8660254037844386,0.5000000000000001,Home Decor,Clock,2090.8,3010.64,500.0,494.0,615.0,,,,,537.5,,,55.72850856309243,,,,,0.0,0.0,0
SKU038,2025-02-10,7,514.0,0,0,0,0,No Promotion,2,1,2025,7,0.7485107481711011,0.6631226582407953,0.8660254037844386,0.5000000000000001,Home Decor,Clock,2090.8,3010.64,530.0,500.0,541.0,,,,,516.25,,,22.808989455914094,,,,,0.0,0.0,0
SKU038,2025-02-17,7,614.0,0,0,0,0,No Promotion,2,1,2025,8,0.8229838658936564,0.5680647467311559,0.8660254037844386,0.5000000000000001,Home Decor,Clock,2090.8,3010.64,514.0,530.0,494.0,,,,,509.5,,,16.031219541881406,,,,,0.0,0.0,0
SKU038,2025-02-24,7,489.0,0,0,0,0,No Promotion,2,1,2025,9,0.8854560256532099,0.4647231720437686,0.8660254037844386,0.5000000000000001,Home Decor,Clock,2090.8,3010.64,614.0,514.0,500.0,,,,,539.5,,,51.156622249714665,,,,,0.0,0.0,0
SKU038,2025-03-03,7,496.0,0,0,0,0,No Promotion,3,1,2025,10,0.9350162426854148,0.35460488704253557,1.0,6.123233995736766e-17,Home Decor,Clock,2090.8,3010.64,489.0,614.0,530.0,615.0,,,,536.75,537.125,,54.19332677246035,50.890463602862624,,,,0.0,0.0,0
SKU038,2025-03-10,7,491.0,0,0,0,0,No Promotion,3,1,2025,11,0.970941817426052,0.23931566428755804,1.0,6.123233995736766e-17,Home Decor,Clock,2090.8,3010.64,496.0,489.0,514.0,541.0,,,,528.25,522.25,,58.12844971841815,41.37891112286893,,,,0.0,0.0,0
SKU038,2025-03-17,7,605.0,4,0,1,0,Spring Sale,3,1,2025,12,0.992708874098054,0.120536680255323,1.0,6.123233995736766e-17,Home Decor,Clock,2090.8,3010.64,491.0,496.0,614.0,494.0,,,,522.5,516.0,,61.07099693526108,41.91487973091588,,,,522.5,0.5714285714285714,0
SKU038,2025-03-24,7,591.0,4,0,1,0,Spring Sale,3,1,2025,13,1.0,-1.6081226496766366e-16,1.0,6.123233995736766e-17,Home Decor,Clock,2090.8,3010.64,605.0,491.0,489.0,500.0,,,,520.25,529.875,,56.57664417996765,50.98301537907363,,,,520.25,0.5714285714285714,0
SKU038,2025-03-31,7,458.0,0,0,0,0,No Promotion,3,1,2025,14,0.992708874098054,-0.12053668025532288,1.0,6.123233995736766e-17,Home Decor,Clock,2090.8,3010.64,591.0,605.0,496.0,530.0,,,,545.75,541.25,,60.63758460448989,53.45692524961437,,,,0.0,0.0,0
SKU038,2025-04-07,7,480.0,0,0,0,0,No Promotion,4,2,2025,15,0.9709418174260521,-0.2393156642875575,0.8660254037844387,-0.4999999999999998,Home Decor,Clock,2090.8,3010.64,458.0,591.0,491.0,514.0,615.0,,,536.25,532.25,533.6923076923077,72.78907885115736,61.13159108490004,2.557692307692264,-1.442307692307736,0.0047924473911789,0.0,0.0,0
SKU038,2025-04-14,7,444.0,0,0,0,0,No Promotion,4,2,2025,16,0.9350162426854148,-0.35460488704253545,0.8660254037844387,-0.4999999999999998,Home Decor,Clock,2090.8,3010.64,480.0,458.0,605.0,614.0,541.0,,,533.5,528.0,523.3076923076923,75.23518680333913,63.70916058823208,10.192307692307736,4.692307692307736,0.019476701455240386,0.0,0.0,0
SKU038,2025-04-21,7,484.0,0,0,0,0,No Promotion,4,2,2025,17,0.8854560256532099,-0.4647231720437685,0.8660254037844387,-0.4999999999999998,Home Decor,Clock,2090.8,3010.64,444.0,480.0,591.0,489.0,494.0,,,493.25,506.75,515.8461538461538,66.83000822983641,59.11187939589034,-22.59615384615381,-9.096153846153811,-0.04380405606919169,0.0,0.0,0
SKU038,2025-04-28,7,439.0,0,0,0,0,No Promotion,4,2,2025,18,0.8229838658936565,-0.5680647467311557,0.8660254037844387,-0.4999999999999998,Home Decor,Clock,2090.8,3010.64,484.0,444.0,458.0,496.0,500.0,,,466.5,506.125,515.0769230769231,18.859126879754267,59.35230769373191,-48.576923076923094,-8.951923076923094,-0.09431003584229392,0.0,0.0,0
SKU038,2025-05-05,7,533.0,0,0,0,0,No Promotion,5,2,2025,19,0.7485107481711013,-0.663122658240795,0.49999999999999994,-0.8660254037844387,Home Decor,Clock,2090.8,3010.64,439.0,484.0,480.0,491.0,530.0,,,461.75,499.0,510.38461538461536,23.52835169180656,63.98214036521663,-48.63461538461536,-11.384615384615358,-0.09529012810851545,0.0,0.0,0
SKU038,2025-05-12,7,489.0,0,0,0,0,No Promotion,5,2,2025,20,0.6631226582407952,-0.7485107481711012,0.49999999999999994,-0.8660254037844387,Home Decor,Clock,2090.8,3010.64,533.0,439.0,444.0,605.0,514.0,,,475.0,504.25,510.61538461538464,43.59663595584721,64.94778122241193,-35.61538461538464,-6.365384615384642,-0.0697499246761073,0.0,0.0,0
SKU038,2025-05-19,7,419.0,0,0,0,0,No Promotion,5,2,2025,21,0.5680647467311558,-0.8229838658936564,0.49999999999999994,-0.8660254037844387,Home Decor,Clock,2090.8,3010.64,489.0,533.0,484.0,591.0,614.0,,,486.25,489.75,508.6923076923077,38.43067351305035,50.60702943832434,-22.44230769230768,-18.94230769230768,-0.044117647058823484,0.0,0.0,0
SKU038,2025-05-26,7,474.0,0,0,0,0,No Promotion,5,2,2025,22,0.46472317204376906,-0.8854560256532096,0.49999999999999994,-0.8660254037844387,Home Decor,Clock,2090.8,3010.64,419.0,489.0,439.0,458.0,489.0,,,470.0,468.25,493.6923076923077,51.29002502111565,35.823974414589145,-23.69230769230768,-25.44230769230768,-0.04799002804612029,0.0,0.0,0
SKU038,2025-06-02,7,553.0,0,0,0,0,No Promotion,6,2,2025,23,0.35460488704253584,-0.9350162426854147,1.2246467991473532e-16,-1.0,Home Decor,Clock,2090.8,3010.64,474.0,419.0,533.0,480.0,496.0,,,478.75,470.25,492.53846153846155,47.04873359967658,35.61600763701618,-13.788461538461547,-22.288461538461547,-0.027994689989067623,0.0,0.0,0
SKU038,2025-06-09,7,743.0,6,0,1,0,Summer Sale,6,2,2025,24,0.23931566428755768,-0.970941817426052,1.2246467991473532e-16,-1.0,Home Decor,Clock,2090.8,3010.64,553.0,474.0,489.0,444.0,491.0,,,483.75,479.375,496.9230769230769,55.108226851048926,46.23831898822814,-13.173076923076906,-17.548076923076906,-0.026509287925696512,483.75,0.8571428571428571,0
SKU038,2025-06-16,7,729.0,5,0,1,0,Summer Sale,6,2,2025,25,0.12053668025532308,-0.992708874098054,1.2246467991473532e-16,-1.0,Home Decor,Clock,2090.8,3010.64,743.0,553.0,419.0,484.0,605.0,,,547.25,516.75,516.3076923076923,141.61538287441329,101.44491819983604,30.942307692307736,0.44230769230773603,0.05992997616209772,547.25,0.7142857142857143,0
SKU038,2025-06-23,7,621.0,0,0,0,0,No Promotion,6,2,2025,26,-3.216245299353273e-16,-1.0,1.2246467991473532e-16,-1.0,Home Decor,Clock,2090.8,3010.64,729.0,743.0,474.0,439.0,591.0,,,624.75,547.375,525.8461538461538,132.57042153763663,124.50580881457469,98.90384615384619,21.52884615384619,0.18808513750731426,0.0,0.0,0
SKU038,2025-06-30,7,528.0,0,0,0,0,No Promotion,6,2,2025,27,-0.12053668025532283,-0.992708874098054,1.2246467991473532e-16,-1.0,Home Decor,Clock,2090.8,3010.64,621.0,729.0,553.0,533.0,458.0,,,661.5,570.125,528.1538461538462,90.5740948984127,118.34988985449638,133.3461538461538,41.97115384615381,0.25247596854063503,0.0,0.0,0
SKU038,2025-07-07,7,561.0,0,0,0,0,No Promotion,7,3,2025,28,-0.23931566428755743,-0.9709418174260521,-0.4999999999999997,-0.8660254037844388,Home Decor,Clock,2090.8,3010.64,528.0,621.0,743.0,489.0,480.0,615.0,,655.25,569.5,533.5384615384615,100.8377409504993,118.58691809325825,121.71153846153845,35.96153846153845,0.22812139561707023,0.0,0.0,0
SKU038,2025-07-14,7,579.0,0,0,0,0,No Promotion,7,3,2025,29,-0.3546048870425356,-0.9350162426854148,-0.4999999999999997,-0.8660254037844388,Home Decor,Clock,2090.8,3010.64,561.0,528.0,729.0,419.0,444.0,541.0,,609.75,578.5,539.7692307692307,88.3303458614309,114.25785374694004,69.98076923076928,38.73076923076928,0.12964942283026937,0.0,0.0,0
SKU038,2025-07-21,7,553.0,0,0,0,0,No Promotion,7,3,2025,30,-0.46472317204376806,-0.8854560256532101,-0.4999999999999997,-0.8660254037844388,Home Decor,Clock,2090.8,3010.64,579.0,561.0,621.0,474.0,484.0,494.0,,572.25,598.5,550.1538461538462,38.75886995256702,94.67538524573622,22.09615384615381,48.34615384615381,0.040163590604026744,0.0,0.0,0
SKU038,2025-07-28,7,554.0,0,0,0,0,No Promotion,7,3,2025,31,-0.5680647467311556,-0.8229838658936566,-0.4999999999999997,-0.8660254037844388,Home Decor,Clock,2090.8,3010.64,553.0,579.0,528.0,553.0,439.0,500.0,,555.25,608.375,555.4615384615385,21.171915359740186,83.26710463493798,-0.2115384615384528,52.91346153846155,-0.00038083367954577785,0.0,0.0,0
SKU038,2025-08-04,7,537.0,0,0,0,0,No Promotion,8,3,2025,32,-0.663122658240795,-0.7485107481711013,-0.8660254037844385,-0.5000000000000004,Home Decor,Clock,2090.8,3010.64,554.0,553.0,561.0,743.0,533.0,530.0,,561.75,608.5,564.3076923076923,12.03813385316299,83.17279775091302,-2.557692307692264,44.192307692307736,-0.004532442748091503,0.0,0.0,0
SKU038,2025-08-11,7,628.0,0,1,0,1,No Promotion,8,3,2025,33,-0.7485107481711011,-0.6631226582407952,-0.8660254037844385,-0.5000000000000004,Home Decor,Clock,2090.8,3010.64,537.0,554.0,579.0,729.0,489.0,514.0,,555.75,582.75,564.6153846153846,17.346949779908538,65.61957460566602,-8.865384615384642,18.13461538461536,-0.015701634877384296,0.0,0.0,0
SKU038,2025-08-18,7,631.0,0,0,0,0,No Promotion,8,3,2025,34,-0.8229838658936564,-0.5680647467311559,-0.8660254037844385,-0.5000000000000004,Home Decor,Clock,2090.8,3010.64,628.0,537.0,553.0,621.0,419.0,614.0,,568.0,570.125,575.3076923076923,40.75127809856605,36.8876189062323,-7.307692307692264,-5.182692307692264,-0.012702232918839318,0.0,0.0,0
SKU038,2025-08-25,7,592.0,0,0,0,0,No Promotion,8,3,2025,35,-0.8854560256532096,-0.4647231720437691,-0.8660254037844385,-0.5000000000000004,Home Decor,Clock,2090.8,3010.64,631.0,628.0,554.0,528.0,474.0,489.0,,587.5,571.375,591.6153846153846,49.00680224893957,38.968622909060684,-4.115384615384642,-20.24038461538464,-0.006956182551033696,0.0,0.0,0
SKU038,2025-09-01,7,450.0,0,0,0,0,No Promotion,9,3,2025,36,-0.9350162426854147,-0.3546048870425359,-1.0,-1.8369701987210297e-16,Home Decor,Clock,2090.8,3010.64,592.0,631.0,537.0,561.0,553.0,496.0,,597.0,579.375,600.6923076923077,43.74928570845474,35.17684912390125,-3.692307692307736,-21.317307692307736,-0.006146753745678191,0.0,0.0,0
SKU038,2025-09-08,7,468.0,0,0,0,0,No Promotion,9,3,2025,37,-0.970941817426052,-0.23931566428755774,-1.0,-1.8369701987210297e-16,Home Decor,Clock,2090.8,3010.64,450.0,592.0,628.0,579.0,743.0,491.0,,575.25,565.5,592.7692307692307,85.359533738183,57.967971452222756,-17.519230769230717,-27.269230769230717,-0.029554892291720702,0.0,0.0,0
SKU038,2025-09-15,7,556.0,0,0,0,0,No Promotion,9,3,2025,38,-0.992708874098054,-0.12053668025532357,-1.0,-1.8369701987210297e-16,Home Decor,Clock,2090.8,3010.64,468.0,450.0,631.0,553.0,729.0,605.0,,535.25,551.625,571.6153846153846,89.77518216819911,66.87501668891646,-36.36538461538464,-19.99038461538464,-0.06361862468039303,0.0,0.0,0
SKU038,2025-09-22,7,540.0,0,0,0,0,No Promotion,9,3,2025,39,-1.0,-1.8369701987210297e-16,-1.0,-1.8369701987210297e-16,Home Decor,Clock,2090.8,3010.64,556.0,468.0,592.0,554.0,621.0,591.0,,516.5,552.0,558.3076923076923,68.39834305985295,66.89223743134495,-41.807692307692264,-6.307692307692264,-0.07488288784789188,0.0,0.0,0
SKU038,2025-09-29,7,603.0,5,1,1,1,Festive Sale,9,3,2025,40,-0.992708874098054,0.1205366802553232,-1.0,-1.8369701987210297e-16,Home Decor,Clock,2090.8,3010.64,540.0,556.0,450.0,537.0,528.0,458.0,,503.5,550.25,552.0769230769231,52.316345438113316,67.01545663928155,-48.576923076923094,-1.8269230769230944,-0.08798941061724963,503.5,0.7142857142857143,1
SKU038,2025-10-06,7,641.0,5,0,1,0,Festive Sale,10,4,2025,41,-0.9709418174260521,0.23931566428755738,-0.8660254037844386,0.5000000000000001,Home Decor,Clock,2090.8,3010.64,603.0,540.0,468.0,628.0,561.0,480.0,,541.75,558.5,557.8461538461538,55.966507841744054,69.17885721601856,-16.09615384615381,0.6538461538461888,-0.028854109211251977,541.75,0.7142857142857143,0
SKU038,2025-10-13,7,535.0,0,0,0,0,No Promotion,10,4,2025,42,-0.9350162426854148,0.35460488704253557,-0.8660254037844386,0.5000000000000001,Home Decor,Clock,2090.8,3010.64,641.0,603.0,556.0,631.0,579.0,444.0,,585.0,560.125,564.0,45.92022067310504,71.16868793828604,21.0,-3.875,0.037234042553191404,0.0,0.0,0
SKU038,2025-10-20,7,521.0,0,0,0,0,No Promotion,10,4,2025,43,-0.8854560256532101,0.464723172043768,-0.8660254037844386,0.5000000000000001,Home Decor,Clock,2090.8,3010.64,535.0,641.0,540.0,592.0,553.0,484.0,,579.75,548.125,560.6153846153846,51.23394057328271,65.36805139253534,19.13461538461536,-12.490384615384642,0.03413144895718978,0.0,0.0,0
SKU038,2025-10-27,7,493.0,0,1,0,1,No Promotion,10,4,2025,44,-0.822983865893657,0.5680647467311548,-0.8660254037844386,0.5000000000000001,Home Decor,Clock,2090.8,3010.64,521.0,535.0,603.0,450.0,554.0,439.0,,575.0,539.25,558.1538461538462,56.7332941637154,63.348807633383494,16.84615384615381,-18.90384615384619,0.030181918412348407,0.0,0.0,0
SKU038,2025-11-03,7,532.0,0,0,0,0,No Promotion,11,4,2025,45,-0.7485107481711011,0.6631226582407952,-0.5000000000000004,0.8660254037844384,Home Decor,Clock,2090.8,3010.64,493.0,521.0,641.0,468.0,537.0,533.0,,547.5,544.625,553.4615384615385,64.73278406907376,56.1043352030075,-5.961538461538453,-8.836538461538453,-0.010771369006254305,0.0,0.0,0
SKU038,2025-11-10,7,491.0,0,0,0,0,No Promotion,11,4,2025,46,-0.6631226582407955,0.7485107481711007,-0.5000000000000004,0.8660254037844384,Home Decor,Clock,2090.8,3010.64,532.0,493.0,535.0,556.0,628.0,489.0,,520.25,552.625,553.0769230769231,19.137659209004564,47.52424193428623,-32.826923076923094,-0.4519230769230944,-0.05935326842837274,0.0,0.0,0
SKU038,2025-11-17,7,582.0,4,0,1,0,Black Friday,11,4,2025,47,-0.5680647467311559,0.8229838658936564,-0.5000000000000004,0.8660254037844384,Home Decor,Clock,2090.8,3010.64,491.0,532.0,521.0,540.0,631.0,419.0,,509.25,544.5,542.5384615384615,20.43485584322363,52.19195340279954,-33.28846153846155,1.9615384615384528,-0.061356869417269255,509.25,0.5714285714285714,0
SKU038,2025-11-24,7,674.0,7,0,1,0,Black Friday,11,4,2025,48,-0.4647231720437684,0.88545602565321,-0.5000000000000004,0.8660254037844384,Home Decor,Clock,2090.8,3010.64,582.0,491.0,493.0,603.0,592.0,474.0,,524.5,549.75,538.7692307692307,42.72782075728488,53.763370430061386,-14.269230769230717,10.980769230769283,-0.02648486579097653,524.5,1.0,0
SKU038,2025-12-01,7,593.0,0,0,0,0,No Promotion,12,4,2025,49,-0.35460488704253595,0.9350162426854147,-2.4492935982947064e-16,1.0,Home Decor,Clock,2090.8,3010.64,674.0,582.0,532.0,641.0,450.0,553.0,,569.75,558.625,545.0769230769231,78.83474276400389,67.82948684542943,24.673076923076906,13.548076923076906,0.045265311882585424,0.0,0.0,0
SKU038,2025-12-08,7,503.0,0,0,0,0,No Promotion,12,4,2025,50,-0.2393156642875578,0.970941817426052,-2.4492935982947064e-16,1.0,Home Decor,Clock,2090.8,3010.64,593.0,674.0,491.0,535.0,468.0,743.0,,585.0,552.625,556.0769230769231,74.899933244296,61.31170361358424,28.923076923076906,-3.4519230769230944,0.052012726518190666,0.0,0.0,0
SKU038,2025-12-15,7,786.0,7,0,1,0,Year End Sale,12,4,2025,51,-0.12053668025532363,0.992708874098054,-2.4492935982947064e-16,1.0,Home Decor,Clock,2090.8,3010.64,503.0,593.0,582.0,521.0,556.0,729.0,,588.0,548.625,558.7692307692307,69.95712972957078,63.625999851812594,29.230769230769283,-10.144230769230717,0.052312775330396466,588.0,1.0,0
SKU038,2025-12-22,7,754.0,7,1,1,1,Year End Sale,12,4,2025,52,6.432490598706546e-16,1.0,-2.4492935982947064e-16,1.0,Home Decor,Clock,2090.8,3010.64,786.0,503.0,674.0,493.0,540.0,621.0,,639.0,581.75,576.4615384615385,120.3411816461846,103.60881098770372,62.53846153846155,5.288461538461547,0.10848678943154533,639.0,1.0,1
SKU038,2025-12-29,7,774.0,3,0,1,0,Year End Sale,12,4,2025,1,0.12053668025532305,0.992708874098054,-2.4492935982947064e-16,1.0,Home Decor,Clock,2090.8,3010.64,754.0,786.0,593.0,532.0,603.0,528.0,,659.0,614.375,592.9230769230769,133.97263402152942,112.3908200369204,66.0769230769231,21.451923076923094,0.1114426569797613,659.0,0.42857142857142855,0
SKU038,2026-01-05,7,571.0,0,0,0,0,No Promotion,1,1,2026,2,0.23931566428755774,0.970941817426052,0.49999999999999994,0.8660254037844387,Home Decor,Clock,2090.8,3010.64,774.0,754.0,503.0,491.0,641.0,561.0,615.0,704.25,644.625,606.0769230769231,134.81437856054768,119.40081059787062,98.1730769230769,38.548076923076906,0.1619812158903413,0.0,0.0,0
SKU038,2026-01-12,7,525.0,0,0,0,0,No Promotion,1,1,2026,3,0.3546048870425356,0.9350162426854148,0.49999999999999994,0.8660254037844387,Home Decor,Clock,2090.8,3010.64,571.0,774.0,786.0,582.0,535.0,579.0,541.0,721.25,654.625,600.6923076923077,101.03258550256608,107.44824335464959,120.55769230769226,53.932692307692264,0.2006979126648738,0.0,0.0,0
SKU038,2026-01-19,7,611.0,0,0,0,0,No Promotion,1,1,2026,4,0.4647231720437685,0.8854560256532099,0.49999999999999994,0.8660254037844387,Home Decor,Clock,2090.8,3010.64,525.0,571.0,754.0,674.0,521.0,553.0,494.0,656.0,647.5,599.9230769230769,126.37774065607172,114.60366486286553,56.076923076923094,47.576923076923094,0.09347352224644179,0.0,0.0,0
SKU038,2026-01-26,7,635.0,0,1,0,1,No Promotion,1,1,2026,5,0.5680647467311558,0.8229838658936564,0.49999999999999994,0.8660254037844387,Home Decor,Clock,2090.8,3010.64,611.0,525.0,774.0,593.0,493.0,554.0,500.0,620.25,639.625,606.8461538461538,108.35551055053295,114.68707424989094,13.403846153846189,32.77884615384619,0.022087717074407376,0.0,0.0,0
SKU038,2026-02-02,7,564.0,0,0,0,0,No Promotion,2,1,2026,6,0.6631226582407952,0.7485107481711011,0.8660254037844386,0.5000000000000001,Home Decor,Clock,2090.8,3010.64,635.0,611.0,571.0,503.0,532.0,537.0,530.0,585.5,644.875,617.7692307692307,48.204425799574246,113.19949204833031,-32.26923076923072,27.105769230769283,-0.05223508903000862,0.0,0.0,0
SKU038,2026-02-09,7,573.0,0,0,0,0,No Promotion,2,1,2026,7,0.7485107481711011,0.6631226582407953,0.8660254037844386,0.5000000000000001,Home Decor,Clock,2090.8,3010.64,564.0,635.0,525.0,786.0,491.0,628.0,514.0,583.75,652.5,620.2307692307693,49.02635345743477,103.95466044661694,-36.48076923076928,32.26923076923072,-0.058818057794865486,0.0,0.0,0
SKU038,2026-02-16,7,593.0,0,0,0,0,No Promotion,2,1,2026,8,0.8229838658936564,0.5680647467311559,0.8660254037844386,0.5000000000000001,Home Decor,Clock,2090.8,3010.64,573.0,564.0,611.0,754.0,582.0,631.0,614.0,595.75,625.875,626.5384615384615,33.1599658222581,91.39621358208915,-30.788461538461547,-0.6634615384615472,-0.04914057704112951,0.0,0.0,0
SKU038,2026-02-23,7,527.0,0,0,0,0,No Promotion,2,1,2026,9,0.8854560256532099,0.4647231720437686,0.8660254037844386,0.5000000000000001,Home Decor,Clock,2090.8,3010.64,593.0,573.0,635.0,774.0,674.0,592.0,489.0,591.25,605.75,627.3846153846154,31.58454263296091,75.49597907930499,-36.13461538461536,-21.63461538461536,-0.057595635115252564,0.0,0.0,0
SKU038,2026-03-02,7,516.0,0,0,0,0,No Promotion,3,1,2026,10,0.9350162426854148,0.35460488704253557,1.0,6.123233995736766e-17,Home Decor,Clock,2090.8,3010.64,527.0,593.0,564.0,571.0,593.0,450.0,496.0,564.25,574.875,616.0769230769231,27.63301165876286,38.10675793084472,-51.826923076923094,-41.201923076923094,-0.08412411037582723,0.0,0.0,0
SKU038,2026-03-09,7,570.0,1,0,1,0,Spring Sale,3,1,2026,11,0.970941817426052,0.23931566428755804,1.0,6.123233995736766e-17,Home Decor,Clock,2090.8,3010.64,516.0,527.0,573.0,525.0,503.0,468.0,491.0,552.25,568.0,610.1538461538462,36.709444742917654,43.4872723580458,-57.90384615384619,-42.15384615384619,-0.09490040342914785,552.25,0.14285714285714285,0
SKU038,2026-03-16,7,739.0,7,0,1,0,Spring Sale,3,1,2026,12,0.992708874098054,0.120536680255323,1.0,6.123233995736766e-17,Home Decor,Clock,2090.8,3010.64,570.0,516.0,593.0,611.0,786.0,556.0,605.0,551.5,573.625,615.3076923076923,36.17089069035106,39.892489447084046,-63.807692307692264,-41.682692307692264,-0.10370046255781962,551.5,1.0,0
SKU038,2026-03-23,7,547.0,3,0,1,0,Spring Sale,3,1,2026,13,1.0,-1.6081226496766366e-16,1.0,6.123233995736766e-17,Home Decor,Clock,2090.8,3010.64,739.0,570.0,527.0,635.0,754.0,540.0,591.0,588.0,589.625,611.6923076923077,103.32795684937673,70.75498468053578,-23.692307692307736,-22.067307692307736,-0.03873239436619724,588.0,0.42857142857142855,0
SKU038,2026-03-30,7,545.0,0,0,0,0,No Promotion,3,1,2026,14,0.992708874098054,-0.12053668025532288,1.0,6.123233995736766e-17,Home Decor,Clock,2090.8,3010.64,547.0,739.0,516.0,564.0,774.0,603.0,458.0,593.0,578.625,595.7692307692307,99.81649830230134,69.52273523305675,-2.7692307692307168,-17.144230769230717,-0.004648160103292387,0.0,0.0,0
SKU038,2026-04-06,7,504.0,0,0,0,0,No Promotion,4,2,2026,15,0.9709418174260521,-0.2393156642875575,0.8660254037844387,-0.4999999999999998,Home Decor,Clock,2090.8,3010.64,545.0,547.0,570.0,573.0,571.0,641.0,480.0,600.25,576.25,578.1538461538462,93.19290030182911,70.41255975625775,22.09615384615381,-1.9038461538461888,0.03821846726982425,0.0,0.0,0
SKU038,2026-04-13,7,518.0,0,0,0,0,No Promotion,4,2,2026,16,0.9350162426854148,-0.35460488704253545,0.8660254037844387,-0.4999999999999998,Home Decor,Clock,2090.8,3010.64,504.0,545.0,739.0,593.0,525.0,535.0,444.0,583.75,567.625,573.0,105.37986841264636,74.94748161212621,10.75,-5.375,0.0187609075043631,0.0,0.0,0
SKU038,2026-04-20,7,564.0,0,0,0,0,No Promotion,4,2,2026,17,0.8854560256532099,-0.4647231720437685,0.8660254037844387,-0.4999999999999998,Home Decor,Clock,2090.8,3010.64,518.0,504.0,547.0,527.0,611.0,521.0,484.0,528.5,558.25,572.4615384615385,21.015867021530703,76.00328940249887,-43.96153846153845,-14.211538461538453,-0.07679387261488846,0.0,0.0,0
SKU038,2026-04-27,7,575.0,0,0,0,0,No Promotion,4,2,2026,18,0.8229838658936565,-0.5680647467311557,0.8660254037844387,-0.4999999999999998,Home Decor,Clock,2090.8,3010.64,564.0,518.0,545.0,516.0,635.0,493.0,439.0,532.75,562.875,568.8461538461538,26.899504332484053,74.94843465438657,-36.09615384615381,-5.971153846153811,-0.06345503718728862,0.0,0.0,0
SKU038,2026-05-04,7,543.0,0,0,0,0,No Promotion,5,2,2026,19,0.7485107481711013,-0.663122658240795,0.49999999999999994,-0.8660254037844387,Home Decor,Clock,2090.8,3010.64,575.0,564.0,504.0,570.0,564.0,532.0,533.0,540.25,570.25,564.2307692307693,34.548275403170685,72.54112134309949,-23.980769230769283,6.019230769230717,-0.042501704158145914,0.0,0.0,0
SKU038,2026-05-11,7,606.0,0,0,0,0,No Promotion,5,2,2026,20,0.6631226582407952,-0.7485107481711012,0.49999999999999994,-0.8660254037844387,Home Decor,Clock,2090.8,3010.64,543.0,575.0,518.0,739.0,573.0,491.0,489.0,550.0,566.875,562.6153846153846,25.126347393390237,73.17969566172611,-12.615384615384642,4.259615384615358,-0.0224227508887066,0.0,0.0,0
SKU038,2026-05-18,7,530.0,0,0,0,0,No Promotion,5,2,2026,21,0.5680647467311558,-0.8229838658936564,0.49999999999999994,-0.8660254037844387,Home Decor,Clock,2090.8,3010.64,606.0,543.0,564.0,547.0,593.0,582.0,419.0,572.0,550.25,565.1538461538462,26.267851073127314,32.02565935531782,6.846153846153811,-14.903846153846189,0.012113787940656096,0.0,0.0,0
SKU038,2026-05-25,7,535.0,0,0,0,0,No Promotion,5,2,2026,22,0.46472317204376906,-0.8854560256532096,0.49999999999999994,-0.8660254037844387,Home Decor,Clock,2090.8,3010.64,530.0,606.0,575.0,545.0,527.0,674.0,474.0,563.5,548.125,560.3076923076923,34.063665882187856,32.826111122528204,3.192307692307736,-12.182692307692264,0.005697419000549209,0.0,0.0,0
SKU038,2026-06-01,7,606.0,0,0,0,0,No Promotion,6,2,2026,23,0.35460488704253584,-0.9350162426854147,1.2246467991473532e-16,-1.0,Home Decor,Clock,2090.8,3010.64,535.0,530.0,543.0,504.0,516.0,593.0,553.0,553.5,546.875,560.9230769230769,35.40715558565333,33.150899578399695,-7.423076923076906,-14.048076923076906,-0.013233680746023047,0.0,0.0,0
SKU038,2026-06-08,7,695.0,5,0,1,0,Summer Sale,6,2,2026,24,0.23931566428755768,-0.970941817426052,1.2246467991473532e-16,-1.0,Home Decor,Clock,2090.8,3010.64,606.0,535.0,606.0,518.0,570.0,503.0,743.0,569.25,559.625,567.8461538461538,42.48431082960699,33.91138662539681,1.4038461538461888,-8.221153846153811,0.002472229748035737,569.25,0.7142857142857143,0
SKU038,2026-06-15,7,810.0,6,0,1,0,Summer Sale,6,2,2026,25,0.12053668025532308,-0.992708874098054,1.2246467991473532e-16,-1.0,Home Decor,Clock,2090.8,3010.64,695.0,606.0,530.0,564.0,739.0,786.0,729.0,591.5,581.75,577.4615384615385,77.2377282593595,54.41572776846256,14.038461538461547,4.288461538461547,0.024310643399493737,591.5,0.8571428571428571,0
SKU038,2026-06-22,7,638.0,0,0,0,0,No Promotion,6,2,2026,26,-3.216245299353273e-16,-1.0,1.2246467991473532e-16,-1.0,Home Decor,Clock,2090.8,3010.64,810.0,695.0,535.0,575.0,547.0,754.0,621.0,661.5,612.5,582.9230769230769,118.68305130332074,96.32237538599222,78.5769230769231,29.576923076923094,0.13479809976247026,0.0,0.0,0
SKU039,2025-01-06,7,468.0,3,0,1,0,New Year Sale,1,1,2025,2,0.23931566428755774,0.970941817426052,0.49999999999999994,0.8660254037844387,Small Appliances,Toaster,2000.52,2600.37,,,,,,,,,,,,,,,,,0.42857142857142855,0
SKU039,2025-01-13,7,517.0,3,0,1,0,New Year Sale,1,1,2025,3,0.3546048870425356,0.9350162426854148,0.49999999999999994,0.8660254037844387,Small Appliances,Toaster,2000.52,2600.37,468.0,,,,,,,,,,,,,,,,0.42857142857142855,0
SKU039,2025-01-20,7,539.0,0,1,0,1,No Promotion,1,1,2025,4,0.4647231720437685,0.8854560256532099,0.49999999999999994,0.8660254037844387,Small Appliances,Toaster,2000.52,2600.37,517.0,468.0,,,,,,,,,,,,,,,0.0,0
SKU039,2025-01-27,7,471.0,0,0,0,0,No Promotion,1,1,2025,5,0.5680647467311558,0.8229838658936564,0.49999999999999994,0.8660254037844387,Small Appliances,Toaster,2000.52,2600.37,539.0,517.0,,,,,,,,,,,,,,,0.0,0
SKU039,2025-02-03,7,479.0,0,0,0,0,No Promotion,2,1,2025,6,0.6631226582407952,0.7485107481711011,0.8660254037844386,0.5000000000000001,Small Appliances,Toaster,2000.52,2600.37,471.0,539.0,468.0,,,,,498.75,,,34.97022543059548,,,,,0.0,0.0,0
SKU039,2025-02-10,7,451.0,0,0,0,0,No Promotion,2,1,2025,7,0.7485107481711011,0.6631226582407953,0.8660254037844386,0.5000000000000001,Small Appliances,Toaster,2000.52,2600.37,479.0,471.0,517.0,,,,,501.5,,,32.05724047179773,,,,,0.0,0.0,0
SKU039,2025-02-17,7,435.0,0,0,0,0,No Promotion,2,1,2025,8,0.8229838658936564,0.5680647467311559,0.8660254037844386,0.5000000000000001,Small Appliances,Toaster,2000.52,2600.37,451.0,479.0,539.0,,,,,485.0,,,37.876993896911436,,,,,0.0,0.0,0
SKU039,2025-02-24,7,458.0,0,0,0,0,No Promotion,2,1,2025,9,0.8854560256532099,0.4647231720437686,0.8660254037844386,0.5000000000000001,Small Appliances,Toaster,2000.52,2600.37,435.0,451.0,471.0,,,,,459.0,,,19.866219234335112,,,,,0.0,0.0,0
SKU039,2025-03-03,7,404.0,0,0,0,0,No Promotion,3,1,2025,10,0.9350162426854148,0.35460488704253557,1.0,6.123233995736766e-17,Small Appliances,Toaster,2000.52,2600.37,458.0,435.0,479.0,468.0,,,,455.75,477.25,,18.24600412875834,34.569805156688815,,,,0.0,0.0,0
SKU039,2025-03-10,7,422.0,0,0,0,0,No Promotion,3,1,2025,11,0.970941817426052,0.23931566428755804,1.0,6.123233995736766e-17,Small Appliances,Toaster,2000.52,2600.37,404.0,458.0,451.0,517.0,,,,437.0,469.25,,24.013884872437163,43.3152892835115,,,,0.0,0.0,0
SKU039,2025-03-17,7,422.0,4,0,1,0,Spring Sale,3,1,2025,12,0.992708874098054,0.120536680255323,1.0,6.123233995736766e-17,Small Appliances,Toaster,2000.52,2600.37,422.0,404.0,435.0,539.0,,,,429.75,457.375,,22.72113553500352,41.33119714141918,,,,429.75,0.5714285714285714,0
SKU039,2025-03-24,7,529.0,4,0,1,0,Spring Sale,3,1,2025,13,1.0,-1.6081226496766366e-16,1.0,6.123233995736766e-17,Small Appliances,Toaster,2000.52,2600.37,422.0,422.0,458.0,471.0,,,,426.5,442.75,,22.649503305812242,26.282802633770142,,,,426.5,0.5714285714285714,0
SKU039,2025-03-31,7,415.0,0,0,0,0,No Promotion,3,1,2025,14,0.992708874098054,-0.12053668025532288,1.0,6.123233995736766e-17,Small Appliances,Toaster,2000.52,2600.37,529.0,422.0,404.0,479.0,,,,444.25,450.0,,57.133615324080445,39.74202525574875,,,,0.0,0.0,0
SKU039,2025-04-07,7,420.0,0,0,0,0,No Promotion,4,2,2025,15,0.9709418174260521,-0.2393156642875575,0.8660254037844387,-0.4999999999999998,Small Appliances,Toaster,2000.52,2600.37,415.0,529.0,422.0,451.0,468.0,,,447.0,442.0,462.3076923076923,54.766169606184185,39.51130037271435,-15.30769230769232,-20.30769230769232,-0.03311148086522464,0.0,0.0,0
SKU039,2025-04-14,7,473.0,0,0,0,0,No Promotion,4,2,2025,16,0.9350162426854148,-0.35460488704253545,0.8660254037844387,-0.4999999999999998,Small Appliances,Toaster,2000.52,2600.37,420.0,415.0,422.0,435.0,517.0,,,446.5,438.125,458.61538461538464,55.07873152739327,40.01941493111277,-12.115384615384642,-20.49038461538464,-0.026417309627641772,0.0,0.0,0
SKU039,2025-04-21,7,380.0,0,0,0,0,No Promotion,4,2,2025,17,0.8854560256532099,-0.4647231720437685,0.8660254037844387,-0.4999999999999998,Small Appliances,Toaster,2000.52,2600.37,473.0,420.0,529.0,458.0,539.0,,,459.25,442.875,455.2307692307692,53.393975939862976,41.81058478423855,4.019230769230774,-12.355769230769226,0.008828996282527868,0.0,0.0,0
SKU039,2025-04-28,7,371.0,0,0,0,0,No Promotion,4,2,2025,18,0.8229838658936565,-0.5680647467311557,0.8660254037844387,-0.4999999999999998,Small Appliances,Toaster,2000.52,2600.37,380.0,473.0,415.0,404.0,471.0,,,422.0,433.125,443.0,38.37533930360311,46.59993102386067,-21.0,-9.875,-0.04740406320541757,0.0,0.0,0
SKU039,2025-05-05,7,411.0,0,0,0,0,No Promotion,5,2,2025,19,0.7485107481711013,-0.663122658240795,0.49999999999999994,-0.8660254037844387,Small Appliances,Toaster,2000.52,2600.37,371.0,380.0,420.0,422.0,479.0,,,411.0,429.0,435.3076923076923,46.497311750250674,50.81619539365098,-24.30769230769232,-6.307692307692321,-0.05584025446191909,0.0,0.0,0
SKU039,2025-05-12,7,379.0,0,0,0,0,No Promotion,5,2,2025,20,0.6631226582407952,-0.7485107481711012,0.49999999999999994,-0.8660254037844387,Small Appliances,Toaster,2000.52,2600.37,411.0,371.0,473.0,422.0,451.0,,,408.75,427.625,430.0769230769231,46.13296001775736,51.18017892002445,-21.326923076923094,-2.4519230769230944,-0.04958862457521018,0.0,0.0,0
SKU039,2025-05-19,7,365.0,0,0,0,0,No Promotion,5,2,2025,21,0.5680647467311558,-0.8229838658936564,0.49999999999999994,-0.8660254037844387,Small Appliances,Toaster,2000.52,2600.37,379.0,411.0,380.0,529.0,435.0,,,385.25,422.25,424.53846153846155,17.632829230349437,54.03371963082736,-39.28846153846155,-2.288461538461547,-0.09254393911940573,0.0,0.0,0
SKU039,2025-05-26,7,415.0,0,0,0,0,No Promotion,5,2,2025,22,0.46472317204376906,-0.8854560256532096,0.49999999999999994,-0.8660254037844387,Small Appliances,Toaster,2000.52,2600.37,365.0,379.0,371.0,415.0,458.0,,,381.5,401.75,419.15384615384613,20.48576741707924,35.77209606862391,-37.65384615384613,-17.403846153846132,-0.08983299688016144,0.0,0.0,0
SKU039,2025-06-02,7,462.0,0,0,0,0,No Promotion,6,2,2025,23,0.35460488704253584,-0.9350162426854147,1.2246467991473532e-16,-1.0,Small Appliances,Toaster,2000.52,2600.37,415.0,365.0,411.0,420.0,404.0,,,392.5,401.75,415.84615384615387,24.40628334398061,35.77209606862391,-23.346153846153868,-14.096153846153868,-0.05614132445431008,0.0,0.0,0
SKU039,2025-06-09,7,605.0,6,0,1,0,Summer Sale,6,2,2025,24,0.23931566428755768,-0.970941817426052,1.2246467991473532e-16,-1.0,Small Appliances,Toaster,2000.52,2600.37,462.0,415.0,379.0,473.0,422.0,,,405.25,407.0,420.3076923076923,43.30030792808137,41.46254764414336,-15.05769230769232,-13.30769230769232,-0.03582540263543199,405.25,0.8571428571428571,0
SKU039,2025-06-16,7,580.0,5,0,1,0,Summer Sale,6,2,2025,25,0.12053668025532308,-0.992708874098054,1.2246467991473532e-16,-1.0,Small Appliances,Toaster,2000.52,2600.37,605.0,462.0,365.0,380.0,422.0,,,461.75,423.5,434.38461538461536,103.38721713377659,79.91423974665413,27.36538461538464,-10.884615384615358,0.06299805206304243,461.75,0.7142857142857143,0
SKU039,2025-06-23,7,437.0,0,0,0,0,No Promotion,6,2,2025,26,-3.216245299353273e-16,-1.0,1.2246467991473532e-16,-1.0,Small Appliances,Toaster,2000.52,2600.37,580.0,605.0,415.0,371.0,529.0,,,515.5,448.5,446.53846153846155,91.52959448542677,94.34283983732644,68.96153846153845,1.9615384615384528,0.15443583118001714,0.0,0.0,0
SKU039,2025-06-30,7,442.0,0,0,0,0,No Promotion,6,2,2025,27,-0.12053668025532283,-0.992708874098054,1.2246467991473532e-16,-1.0,Small Appliances,Toaster,2000.52,2600.37,437.0,580.0,462.0,411.0,415.0,,,521.0,456.75,439.46153846153845,83.81328454765787,89.35123310365033,81.53846153846155,17.288461538461547,0.18554174689305092,0.0,0.0,0
SKU039,2025-07-07,7,502.0,0,0,0,0,No Promotion,7,3,2025,28,-0.23931566428755743,-0.9709418174260521,-0.4999999999999997,-0.8660254037844388,Small Appliances,Toaster,2000.52,2600.37,442.0,437.0,605.0,379.0,420.0,468.0,,516.0,460.625,441.53846153846155,88.94567630488473,87.74140169514375,74.46153846153845,19.086538461538453,0.1686411149825784,0.0,0.0,0
SKU039,2025-07-14,7,421.0,0,0,0,0,No Promotion,7,3,2025,29,-0.3546048870425356,-0.9350162426854148,-0.4999999999999997,-0.8660254037844388,Small Appliances,Toaster,2000.52,2600.37,502.0,442.0,580.0,365.0,473.0,517.0,,490.25,476.0,447.84615384615387,66.7251826524289,81.98257654613485,42.40384615384613,28.153846153846132,0.09468395740295432,0.0,0.0,0
SKU039,2025-07-21,7,462.0,0,0,0,0,No Promotion,7,3,2025,30,-0.46472317204376806,-0.8854560256532101,-0.4999999999999997,-0.8660254037844388,Small Appliances,Toaster,2000.52,2600.37,421.0,502.0,437.0,415.0,380.0,539.0,,450.5,483.0,443.84615384615387,35.482389998420324,73.05575170472794,6.653846153846132,39.15384615384613,0.014991334488734687,0.0,0.0,0
SKU039,2025-07-28,7,533.0,0,0,0,0,No Promotion,7,3,2025,31,-0.5680647467311556,-0.8229838658936566,-0.4999999999999997,-0.8660254037844388,Small Appliances,Toaster,2000.52,2600.37,462.0,421.0,442.0,462.0,371.0,471.0,,456.75,488.875,450.15384615384613,34.49999999999998,68.55745765414585,6.596153846153868,38.72115384615387,0.014653110047846862,0.0,0.0,0
SKU039,2025-08-04,7,528.0,0,0,0,0,No Promotion,8,3,2025,32,-0.663122658240795,-0.7485107481711013,-0.8660254037844385,-0.5000000000000004,Small Appliances,Toaster,2000.52,2600.37,533.0,462.0,502.0,605.0,411.0,479.0,,479.5,497.75,462.61538461538464,48.638119481191545,69.17421071881796,16.88461538461536,35.13461538461536,0.03649817093448604,0.0,0.0,0
SKU039,2025-08-11,7,516.0,0,1,0,1,No Promotion,8,3,2025,33,-0.7485107481711011,-0.6631226582407952,-0.8660254037844385,-0.5000000000000004,Small Appliances,Toaster,2000.52,2600.37,528.0,533.0,421.0,580.0,379.0,451.0,,486.0,488.125,471.61538461538464,54.080187376401206,56.273407827955744,14.384615384615358,16.50961538461536,0.030500733974881733,0.0,0.0,0
SKU039,2025-08-18,7,467.0,0,0,0,0,No Promotion,8,3,2025,34,-0.8229838658936564,-0.5680647467311559,-0.8660254037844385,-0.5000000000000004,Small Appliances,Toaster,2000.52,2600.37,516.0,528.0,462.0,437.0,365.0,435.0,,509.75,480.125,482.15384615384613,32.62284475639728,44.7067828027407,27.596153846153868,-2.028846153846132,0.05723516273133389,0.0,0.0,0
SKU039,2025-08-25,7,515.0,0,0,0,0,No Promotion,8,3,2025,35,-0.8854560256532096,-0.4647231720437691,-0.8660254037844385,-0.5000000000000004,Small Appliances,Toaster,2000.52,2600.37,467.0,516.0,533.0,442.0,415.0,458.0,,511.0,483.875,490.0,30.18829795356689,41.73192508653985,21.0,-6.125,0.04285714285714293,0.0,0.0,0
SKU039,2025-09-01,7,483.0,0,0,0,0,No Promotion,9,3,2025,36,-0.9350162426854147,-0.3546048870425359,-1.0,-1.8369701987210297e-16,Small Appliances,Toaster,2000.52,2600.37,515.0,467.0,528.0,502.0,462.0,404.0,,506.5,493.0,497.6923076923077,26.98765149718165,39.169959334746785,8.80769230769232,-4.692307692307679,0.017697063369397137,0.0,0.0,0
SKU039,2025-09-08,7,358.0,0,0,0,0,No Promotion,9,3,2025,37,-0.970941817426052,-0.23931566428755774,-1.0,-1.8369701987210297e-16,Small Appliances,Toaster,2000.52,2600.37,483.0,515.0,516.0,421.0,605.0,422.0,,495.25,490.625,499.3076923076923,24.28133714055572,39.122289956348084,-4.057692307692321,-8.68269230769232,-0.008126636881836458,0.0,0.0,0
SKU039,2025-09-15,7,420.0,0,0,0,0,No Promotion,9,3,2025,38,-0.992708874098054,-0.12053668025532357,-1.0,-1.8369701987210297e-16,Small Appliances,Toaster,2000.52,2600.37,358.0,483.0,467.0,462.0,580.0,422.0,,455.75,482.75,480.3076923076923,68.15362548439124,57.270660651232006,-24.55769230769232,2.442307692307679,-0.05112908392056381,0.0,0.0,0
SKU039,2025-09-22,7,446.0,0,0,0,0,No Promotion,9,3,2025,39,-1.0,-1.8369701987210297e-16,-1.0,-1.8369701987210297e-16,Small Appliances,Toaster,2000.52,2600.37,420.0,358.0,515.0,533.0,437.0,529.0,,444.0,477.5,468.0,69.60363975157236,61.23257769707702,-24.0,9.5,-0.05128205128205132,0.0,0.0,0
SKU039,2025-09-29,7,518.0,5,1,1,1,Festive Sale,9,3,2025,40,-0.992708874098054,0.1205366802553232,-1.0,-1.8369701987210297e-16,Small Appliances,Toaster,2000.52,2600.37,446.0,420.0,483.0,528.0,442.0,415.0,,426.75,466.625,468.6923076923077,52.62049664025096,57.584565144291446,-41.94230769230768,-2.067307692307679,-0.08948793697685864,426.75,0.7142857142857143,1
SKU039,2025-10-06,7,543.0,5,0,1,0,Festive Sale,10,4,2025,41,-0.9709418174260521,0.23931566428755738,-0.8660254037844386,0.5000000000000001,Small Appliances,Toaster,2000.52,2600.37,518.0,446.0,358.0,516.0,502.0,420.0,,435.5,465.375,474.53846153846155,66.23946457110492,56.15269361304053,-39.03846153846155,-9.163461538461547,-0.0822661695574648,435.5,0.7142857142857143,0
SKU039,2025-10-13,7,393.0,0,0,0,0,No Promotion,10,4,2025,42,-0.9350162426854148,0.35460488704253557,-0.8660254037844386,0.5000000000000001,Small Appliances,Toaster,2000.52,2600.37,543.0,518.0,420.0,467.0,421.0,473.0,,481.75,468.75,477.6923076923077,58.18576572782497,60.28918405722304,4.057692307692321,-8.94230769230768,0.008494363929146598,0.0,0.0,0
SKU039,2025-10-20,7,398.0,0,0,0,0,No Promotion,10,4,2025,43,-0.8854560256532101,0.464723172043768,-0.8660254037844386,0.5000000000000001,Small Appliances,Toaster,2000.52,2600.37,393.0,543.0,446.0,515.0,462.0,380.0,,475.0,459.5,475.53846153846155,68.40565278786053,66.00216446667274,-0.5384615384615472,-16.038461538461547,-0.0011323196376576972,0.0,0.0,0
SKU039,2025-10-27,7,454.0,0,1,0,1,No Promotion,10,4,2025,44,-0.822983865893657,0.5680647467311548,-0.8660254037844386,0.5000000000000001,Small Appliances,Toaster,2000.52,2600.37,398.0,393.0,518.0,483.0,533.0,371.0,,463.0,444.875,470.61538461538464,78.63417408056965,64.90088597238102,-7.615384615384642,-25.74038461538464,-0.016181758744687857,0.0,0.0,0
SKU039,2025-11-03,7,389.0,0,0,0,0,No Promotion,11,4,2025,45,-0.7485107481711011,0.6631226582407952,-0.5000000000000004,0.8660254037844384,Small Appliances,Toaster,2000.52,2600.37,454.0,398.0,543.0,358.0,528.0,411.0,,447.0,441.25,464.53846153846155,69.7184815286927,63.25628144980659,-17.538461538461547,-23.288461538461547,-0.037754595131644364,0.0,0.0,0
SKU039,2025-11-10,7,404.0,0,0,0,0,No Promotion,11,4,2025,46,-0.6631226582407955,0.7485107481711007,-0.5000000000000004,0.8660254037844384,Small Appliances,Toaster,2000.52,2600.37,389.0,454.0,393.0,420.0,516.0,379.0,,408.5,445.125,453.84615384615387,30.55595959328826,58.17323267620601,-45.34615384615387,-8.721153846153868,-0.0999152542372882,0.0,0.0,0
SKU039,2025-11-17,7,561.0,4,0,1,0,Black Friday,11,4,2025,47,-0.5680647467311559,0.8229838658936564,-0.5000000000000004,0.8660254037844384,Small Appliances,Toaster,2000.52,2600.37,404.0,389.0,398.0,446.0,467.0,365.0,,411.25,443.125,445.2307692307692,29.159046623646635,59.42206781034421,-33.980769230769226,-2.1057692307692264,-0.07632170006910854,411.25,0.5714285714285714,0
SKU039,2025-11-24,7,635.0,7,0,1,0,Black Friday,11,4,2025,48,-0.4647231720437684,0.88545602565321,-0.5000000000000004,0.8660254037844384,Small Appliances,Toaster,2000.52,2600.37,561.0,404.0,454.0,518.0,515.0,415.0,,452.0,457.5,452.46153846153845,77.7988860245869,72.65377779972236,-0.4615384615384528,5.038461538461547,-0.0010200612036721513,452.0,1.0,0
SKU039,2025-12-01,7,537.0,0,0,0,0,No Promotion,12,4,2025,49,-0.35460488704253595,0.9350162426854147,-2.4492935982947064e-16,1.0,Small Appliances,Toaster,2000.52,2600.37,635.0,561.0,389.0,543.0,483.0,462.0,,497.25,472.125,461.6923076923077,120.3505297038613,94.93221265724297,35.55769230769232,10.43269230769232,0.07701599466844389,0.0,0.0,0
SKU039,2025-12-08,7,526.0,0,0,0,0,No Promotion,12,4,2025,50,-0.2393156642875578,0.970941817426052,-2.4492935982947064e-16,1.0,Small Appliances,Toaster,2000.52,2600.37,537.0,635.0,404.0,393.0,358.0,605.0,,534.25,471.375,465.84615384615387,96.33059396335794,94.31397033313783,68.40384615384613,5.528846153846132,0.14683784676354028,0.0,0.0,0
SKU039,2025-12-15,7,714.0,7,0,1,0,Year End Sale,12,4,2025,51,-0.12053668025532363,0.992708874098054,-2.4492935982947064e-16,1.0,Small Appliances,Toaster,2000.52,2600.37,526.0,537.0,561.0,398.0,420.0,580.0,,564.75,488.0,478.7692307692308,49.06033700115264,90.15542135667718,85.98076923076923,9.230769230769226,0.17958708226221076,564.75,1.0,0
SKU039,2025-12-22,7,672.0,7,1,1,1,Year End Sale,12,4,2025,52,6.432490598706546e-16,1.0,-2.4492935982947064e-16,1.0,Small Appliances,Toaster,2000.52,2600.37,714.0,526.0,635.0,454.0,446.0,437.0,,603.0,527.5,501.38461538461536,88.75058685251983,111.73310035206988,101.61538461538464,26.11538461538464,0.2026695305308377,603.0,1.0,1
SKU039,2025-12-29,7,543.0,3,0,1,0,Year End Sale,12,4,2025,1,0.12053668025532305,0.992708874098054,-2.4492935982947064e-16,1.0,Small Appliances,Toaster,2000.52,2600.37,672.0,714.0,537.0,389.0,518.0,442.0,,612.25,554.75,518.7692307692307,94.91180116297446,117.67236597555825,93.48076923076928,35.98076923076928,0.18019721233689223,612.25,0.42857142857142855,0
SKU039,2026-01-05,7,495.0,0,0,0,0,No Promotion,1,1,2026,2,0.23931566428755774,0.970941817426052,0.49999999999999994,0.8660254037844387,Small Appliances,Toaster,2000.52,2600.37,543.0,672.0,526.0,404.0,543.0,502.0,468.0,613.75,574.0,520.6923076923077,93.36085903632207,97.56170208788754,93.05769230769226,53.307692307692264,0.17871916088048456,0.0,0.0,0
SKU039,2026-01-12,7,469.0,0,0,0,0,No Promotion,1,1,2026,3,0.3546048870425356,0.9350162426854148,0.49999999999999994,0.8660254037844387,Small Appliances,Toaster,2000.52,2600.37,495.0,543.0,714.0,561.0,393.0,421.0,517.0,606.0,585.375,517.0,103.77861051295686,78.3160948610547,89.0,68.375,0.17214700193423593,0.0,0.0,0
SKU039,2026-01-19,7,506.0,0,0,0,0,No Promotion,1,1,2026,4,0.4647231720437685,0.8854560256532099,0.49999999999999994,0.8660254037844387,Small Appliances,Toaster,2000.52,2600.37,469.0,495.0,672.0,635.0,398.0,462.0,539.0,544.75,573.875,522.8461538461538,90.20116407231117,88.49929378249301,21.90384615384619,51.02884615384619,0.04189348241871427,0.0,0.0,0
SKU039,2026-01-26,7,464.0,0,1,0,1,No Promotion,1,1,2026,5,0.5680647467311558,0.8229838658936564,0.49999999999999994,0.8660254037844387,Small Appliances,Toaster,2000.52,2600.37,506.0,469.0,543.0,537.0,454.0,533.0,471.0,503.25,557.75,531.1538461538462,30.706948182238268,87.517753301014,-27.90384615384619,26.59615384615381,-0.052534395365677056,0.0,0.0,0
SKU039,2026-02-02,7,473.0,0,0,0,0,No Promotion,2,1,2026,6,0.6631226582407952,0.7485107481711011,0.8660254037844386,0.5000000000000001,Small Appliances,Toaster,2000.52,2600.37,464.0,506.0,495.0,526.0,389.0,528.0,479.0,483.5,548.625,531.9230769230769,20.240223977680333,93.58561779003685,-48.423076923076906,16.701923076923094,-0.09103398409255237,0.0,0.0,0
SKU039,2026-02-09,7,554.0,0,0,0,0,No Promotion,2,1,2026,7,0.7485107481711011,0.6631226582407953,0.8660254037844386,0.5000000000000001,Small Appliances,Toaster,2000.52,2600.37,473.0,464.0,469.0,714.0,404.0,516.0,451.0,478.0,542.0,538.3846153846154,19.026297590440432,97.2213968218931,-60.38461538461536,3.6153846153846416,-0.11215887983997708,0.0,0.0,0
SKU039,2026-02-16,7,491.0,0,0,0,0,No Promotion,2,1,2026,8,0.8229838658936564,0.5680647467311559,0.8660254037844386,0.5000000000000001,Small Appliances,Toaster,2000.52,2600.37,554.0,473.0,506.0,672.0,561.0,467.0,435.0,499.25,522.0,549.9230769230769,40.72161588149468,69.20363326547864,-50.673076923076906,-27.923076923076906,-0.09214575465100006,0.0,0.0,0
SKU039,2026-02-23,7,502.0,0,0,0,0,No Promotion,2,1,2026,9,0.8854560256532099,0.4647231720437686,0.8660254037844386,0.5000000000000001,Small Appliances,Toaster,2000.52,2600.37,491.0,554.0,464.0,543.0,635.0,515.0,458.0,495.5,499.375,544.5384615384615,40.58324777540604,33.57268234740864,-49.03846153846155,-45.16346153846155,-0.09005509252719313,0.0,0.0,0
SKU039,2026-03-02,7,434.0,0,0,0,0,No Promotion,3,1,2026,10,0.9350162426854148,0.35460488704253557,1.0,6.123233995736766e-17,Small Appliances,Toaster,2000.52,2600.37,502.0,491.0,473.0,495.0,537.0,483.0,404.0,505.0,494.25,534.3076923076923,34.78505426185216,28.743943461437045,-29.307692307692264,-40.057692307692264,-0.054851713216239495,0.0,0.0,0
SKU039,2026-03-09,7,489.0,1,0,1,0,Spring Sale,3,1,2026,11,0.970941817426052,0.23931566428755804,1.0,6.123233995736766e-17,Small Appliances,Toaster,2000.52,2600.37,434.0,502.0,554.0,469.0,526.0,358.0,422.0,495.25,486.625,526.3846153846154,49.21635906891122,35.752872012509165,-31.13461538461536,-39.75961538461536,-0.05914803448779771,495.25,0.14285714285714285,0
SKU039,2026-03-16,7,561.0,7,0,1,0,Spring Sale,3,1,2026,12,0.992708874098054,0.120536680255323,1.0,6.123233995736766e-17,Small Appliances,Toaster,2000.52,2600.37,489.0,434.0,491.0,506.0,714.0,420.0,422.0,479.0,489.125,523.5384615384615,30.539591789456946,35.03646060075954,-44.53846153846155,-34.41346153846155,-0.08507199529826626,479.0,1.0,0
SKU039,2026-03-23,7,487.0,3,0,1,0,Spring Sale,3,1,2026,13,1.0,-1.6081226496766366e-16,1.0,6.123233995736766e-17,Small Appliances,Toaster,2000.52,2600.37,561.0,489.0,502.0,464.0,672.0,446.0,529.0,496.5,496.0,511.7692307692308,52.13124462994017,43.253406141680294,-15.269230769230774,-15.769230769230774,-0.029836164136479826,496.5,0.42857142857142855,0
SKU039,2026-03-30,7,502.0,0,0,0,0,No Promotion,3,1,2026,14,0.992708874098054,-0.12053668025532288,1.0,6.123233995736766e-17,Small Appliances,Toaster,2000.52,2600.37,487.0,561.0,434.0,473.0,543.0,518.0,415.0,492.75,498.875,497.53846153846155,52.14323222304757,41.553536896050524,-4.788461538461547,1.3365384615384528,-0.009624304267161432,0.0,0.0,0
SKU039,2026-04-06,7,437.0,0,0,0,0,No Promotion,4,2,2026,15,0.9709418174260521,-0.2393156642875575,0.8660254037844387,-0.4999999999999998,Small Appliances,Toaster,2000.52,2600.37,502.0,487.0,489.0,554.0,495.0,543.0,420.0,509.75,502.5,494.38461538461536,34.80780563800786,40.21726708055353,15.365384615384642,8.115384615384642,0.031079819511436124,0.0,0.0,0
SKU039,2026-04-13,7,481.0,0,0,0,0,No Promotion,4,2,2026,16,0.9350162426854148,-0.35460488704253545,0.8660254037844387,-0.4999999999999998,Small Appliances,Toaster,2000.52,2600.37,437.0,502.0,561.0,491.0,469.0,393.0,473.0,496.75,487.875,489.9230769230769,51.05797358558861,40.087181777435376,6.826923076923094,-2.0480769230769056,0.01393468362380279,0.0,0.0,0
SKU039,2026-04-20,7,479.0,0,0,0,0,No Promotion,4,2,2026,17,0.8854560256532099,-0.4647231720437685,0.8660254037844387,-0.4999999999999998,Small Appliances,Toaster,2000.52,2600.37,481.0,437.0,487.0,502.0,506.0,398.0,380.0,476.75,486.625,490.84615384615387,27.9329554469268,40.131702822439216,-14.096153846153868,-4.221153846153868,-0.0287180692681398,0.0,0.0,0
SKU039,2026-04-27,7,454.0,0,0,0,0,No Promotion,4,2,2026,18,0.8229838658936565,-0.5680647467311557,0.8660254037844387,-0.4999999999999998,Small Appliances,Toaster,2000.52,2600.37,479.0,481.0,502.0,434.0,464.0,454.0,371.0,474.75,483.75,488.7692307692308,27.232027712480964,39.69436807839194,-14.019230769230774,-5.019230769230774,-0.028682719546742175,0.0,0.0,0
SKU039,2026-05-04,7,452.0,0,0,0,0,No Promotion,5,2,2026,19,0.7485107481711013,-0.663122658240795,0.49999999999999994,-0.8660254037844387,Small Appliances,Toaster,2000.52,2600.37,454.0,479.0,437.0,489.0,473.0,389.0,411.0,462.75,486.25,488.0,21.10884490760523,36.62454290304723,-25.25,-1.75,-0.05174180327868849,0.0,0.0,0
SKU039,2026-05-11,7,458.0,0,0,0,0,No Promotion,5,2,2026,20,0.6631226582407952,-0.7485107481711012,0.49999999999999994,-0.8660254037844387,Small Appliances,Toaster,2000.52,2600.37,452.0,454.0,481.0,561.0,554.0,404.0,379.0,466.5,481.625,486.38461538461536,15.631165450257743,38.51507126159471,-19.88461538461536,-4.759615384615358,-0.040882492487743116,0.0,0.0,0
SKU039,2026-05-18,7,461.0,0,0,0,0,No Promotion,5,2,2026,21,0.5680647467311558,-0.8229838658936564,0.49999999999999994,-0.8660254037844387,Small Appliances,Toaster,2000.52,2600.37,458.0,452.0,479.0,487.0,491.0,561.0,365.0,460.75,468.75,479.0,12.419742348374147,21.763337454142032,-18.25,-10.25,-0.03810020876826725,0.0,0.0,0
SKU039,2026-05-25,7,485.0,0,0,0,0,No Promotion,5,2,2026,22,0.46472317204376906,-0.8854560256532096,0.49999999999999994,-0.8660254037844387,Small Appliances,Toaster,2000.52,2600.37,461.0,458.0,454.0,502.0,502.0,635.0,415.0,456.25,465.5,476.6923076923077,4.031128874149056,20.55654223286185,-20.44230769230768,-11.19230769230768,-0.04288365338066802,0.0,0.0,0
SKU039,2026-06-01,7,532.0,0,0,0,0,No Promotion,6,2,2026,23,0.35460488704253584,-0.9350162426854147,1.2246467991473532e-16,-1.0,Small Appliances,Toaster,2000.52,2600.37,485.0,461.0,452.0,437.0,434.0,537.0,462.0,464.0,463.375,475.38461538461536,14.491376746189378,16.77530072117095,-11.384615384615358,-12.009615384615358,-0.023948220064724857,0.0,0.0,0
SKU039,2026-06-08,7,712.0,5,0,1,0,Summer Sale,6,2,2026,24,0.23931566428755768,-0.970941817426052,1.2246467991473532e-16,-1.0,Small Appliances,Toaster,2000.52,2600.37,532.0,485.0,458.0,481.0,489.0,526.0,605.0,484.0,475.25,482.9230769230769,34.205262752974114,26.33710039360562,1.0769230769230944,-7.673076923076906,0.0022300095571838874,484.0,0.7142857142857143,0
SKU039,2026-06-15,7,675.0,6,0,1,0,Summer Sale,6,2,2026,25,0.12053668025532308,-0.992708874098054,1.2246467991473532e-16,-1.0,Small Appliances,Toaster,2000.52,2600.37,712.0,532.0,461.0,479.0,561.0,714.0,580.0,547.5,504.125,500.0769230769231,113.56202416888019,87.9958399990753,47.423076923076906,4.048076923076906,0.09483156437471152,547.5,0.8571428571428571,0
SKU039,2026-06-22,7,563.0,0,0,0,0,No Promotion,6,2,2026,26,-3.216245299353273e-16,-1.0,1.2246467991473532e-16,-1.0,Small Appliances,Toaster,2000.52,2600.37,675.0,712.0,485.0,454.0,487.0,672.0,437.0,601.0,528.625,508.84615384615387,109.56580975225191,105.53799248205766,92.15384615384613,19.778846153846132,0.18110355253212385,0.0,0.0,0
SKU040,2025-01-06,7,509.0,3,0,1,0,New Year Sale,1,1,2025,2,0.23931566428755774,0.970941817426052,0.49999999999999994,0.8660254037844387,Office,Organizer,854.63,1844.52,,,,,,,,,,,,,,,,,0.42857142857142855,0
SKU040,2025-01-13,7,517.0,3,0,1,0,New Year Sale,1,1,2025,3,0.3546048870425356,0.9350162426854148,0.49999999999999994,0.8660254037844387,Office,Organizer,854.63,1844.52,509.0,,,,,,,,,,,,,,,,0.42857142857142855,0
SKU040,2025-01-20,7,504.0,0,1,0,1,No Promotion,1,1,2025,4,0.4647231720437685,0.8854560256532099,0.49999999999999994,0.8660254037844387,Office,Organizer,854.63,1844.52,517.0,509.0,,,,,,,,,,,,,,,0.0,0
SKU040,2025-01-27,7,416.0,0,0,0,0,No Promotion,1,1,2025,5,0.5680647467311558,0.8229838658936564,0.49999999999999994,0.8660254037844387,Office,Organizer,854.63,1844.52,504.0,517.0,,,,,,,,,,,,,,,0.0,0
SKU040,2025-02-03,7,416.0,0,0,0,0,No Promotion,2,1,2025,6,0.6631226582407952,0.7485107481711011,0.8660254037844386,0.5000000000000001,Office,Organizer,854.63,1844.52,416.0,504.0,509.0,,,,,486.5,,,47.30398150966435,,,,,0.0,0.0,0
SKU040,2025-02-10,7,448.0,0,0,0,0,No Promotion,2,1,2025,7,0.7485107481711011,0.6631226582407953,0.8660254037844386,0.5000000000000001,Office,Organizer,854.63,1844.52,416.0,416.0,517.0,,,,,463.25,,,54.81712019676578,,,,,0.0,0.0,0
SKU040,2025-02-17,7,499.0,0,0,0,0,No Promotion,2,1,2025,8,0.8229838658936564,0.5680647467311559,0.8660254037844386,0.5000000000000001,Office,Organizer,854.63,1844.52,448.0,416.0,504.0,,,,,446.0,,,41.50501977672901,,,,,0.0,0.0,0
SKU040,2025-02-24,7,398.0,0,0,0,0,No Promotion,2,1,2025,9,0.8854560256532099,0.4647231720437686,0.8660254037844386,0.5000000000000001,Office,Organizer,854.63,1844.52,499.0,448.0,416.0,,,,,444.75,,,39.18651979103698,,,,,0.0,0.0,0
SKU040,2025-03-03,7,440.0,0,0,0,0,No Promotion,3,1,2025,10,0.9350162426854148,0.35460488704253557,1.0,6.123233995736766e-17,Office,Organizer,854.63,1844.52,398.0,499.0,416.0,509.0,,,,440.25,463.375,,44.289765559701635,49.10029822429071,,,,0.0,0.0,0
SKU040,2025-03-10,7,419.0,0,0,0,0,No Promotion,3,1,2025,11,0.970941817426052,0.23931566428755804,1.0,6.123233995736766e-17,Office,Organizer,854.63,1844.52,440.0,398.0,448.0,517.0,,,,446.25,454.75,,41.443736961491936,45.89662296945168,,,,0.0,0.0,0
SKU040,2025-03-17,7,497.0,4,0,1,0,Spring Sale,3,1,2025,12,0.992708874098054,0.120536680255323,1.0,6.123233995736766e-17,Office,Organizer,854.63,1844.52,419.0,440.0,499.0,504.0,,,,439.0,442.5,,43.520110293977886,39.54743986657037,,,,439.0,0.5714285714285714,0
SKU040,2025-03-24,7,513.0,4,0,1,0,Spring Sale,3,1,2025,13,1.0,-1.6081226496766366e-16,1.0,6.123233995736766e-17,Office,Organizer,854.63,1844.52,497.0,419.0,398.0,416.0,,,,438.5,441.625,,42.60281680828158,38.04109619871645,,,,438.5,0.5714285714285714,0
SKU040,2025-03-31,7,397.0,0,0,0,0,No Promotion,3,1,2025,14,0.992708874098054,-0.12053668025532288,1.0,6.123233995736766e-17,Office,Organizer,854.63,1844.52,513.0,497.0,440.0,416.0,,,,467.25,453.75,,44.90267252625393,43.73867200283324,,,,0.0,0.0,0
SKU040,2025-04-07,7,420.0,0,0,0,0,No Promotion,4,2,2025,15,0.9709418174260521,-0.2393156642875575,0.8660254037844387,-0.4999999999999998,Office,Organizer,854.63,1844.52,397.0,513.0,419.0,448.0,509.0,,,456.5,451.375,459.46153846153845,57.09349058050896,46.509407650495824,-2.961538461538453,-8.086538461538453,-0.006445672191528473,0.0,0.0,0
SKU040,2025-04-14,7,477.0,0,0,0,0,No Promotion,4,2,2025,16,0.9350162426854148,-0.35460488704253545,0.8660254037844387,-0.4999999999999998,Office,Organizer,854.63,1844.52,420.0,397.0,497.0,499.0,517.0,,,456.75,447.875,452.61538461538464,56.87632782332793,47.8343495827005,4.134615384615358,-4.740384615384642,0.009134942216179498,0.0,0.0,0
SKU040,2025-04-21,7,337.0,0,0,0,0,No Promotion,4,2,2025,17,0.8854560256532099,-0.4647231720437685,0.8660254037844387,-0.4999999999999998,Office,Organizer,854.63,1844.52,477.0,420.0,513.0,398.0,504.0,,,451.75,445.125,449.53846153846155,52.8984876910484,45.02519136153512,2.211538461538453,-4.413461538461547,0.004919575633127948,0.0,0.0,0
SKU040,2025-04-28,7,371.0,0,0,0,0,No Promotion,4,2,2025,18,0.8229838658936565,-0.5680647467311557,0.8660254037844387,-0.4999999999999998,Office,Organizer,854.63,1844.52,337.0,477.0,397.0,440.0,416.0,,,407.75,437.5,436.6923076923077,57.9273970875037,57.564870239706835,-28.94230769230768,0.8076923076923208,-0.06627620221948205,0.0,0.0,0
SKU040,2025-05-05,7,461.0,0,0,0,0,No Promotion,5,2,2025,19,0.7485107481711013,-0.663122658240795,0.49999999999999994,-0.8660254037844387,Office,Organizer,854.63,1844.52,371.0,337.0,420.0,419.0,416.0,,,401.25,428.875,433.2307692307692,60.917293658424,62.12530540310101,-31.980769230769226,-4.355769230769226,-0.07381924715909094,0.0,0.0,0
SKU040,2025-05-12,7,471.0,0,0,0,0,No Promotion,5,2,2025,20,0.6631226582407952,-0.7485107481711012,0.49999999999999994,-0.8660254037844387,Office,Organizer,854.63,1844.52,461.0,371.0,477.0,497.0,448.0,,,411.5,434.125,436.6923076923077,68.14445440875336,62.94087361507283,-25.19230769230768,-2.567307692307679,-0.05768892020433325,0.0,0.0,0
SKU040,2025-05-19,7,394.0,0,0,0,0,No Promotion,5,2,2025,21,0.5680647467311558,-0.8229838658936564,0.49999999999999994,-0.8660254037844387,Office,Organizer,854.63,1844.52,471.0,461.0,337.0,513.0,499.0,,,410.0,430.875,438.46153846153845,66.26210581219604,59.824594798938186,-28.461538461538453,-7.586538461538453,-0.06491228070175437,0.0,0.0,0
SKU040,2025-05-26,7,427.0,0,0,0,0,No Promotion,5,2,2025,22,0.46472317204376906,-0.8854560256532096,0.49999999999999994,-0.8660254037844387,Office,Organizer,854.63,1844.52,394.0,471.0,371.0,397.0,398.0,,,424.25,416.0,430.38461538461536,49.28404068932117,50.56537494033979,-6.134615384615358,-14.384615384615358,-0.014253798033958875,0.0,0.0,0
SKU040,2025-06-02,7,443.0,0,0,0,0,No Promotion,6,2,2025,23,0.35460488704253584,-0.9350162426854147,1.2246467991473532e-16,-1.0,Office,Organizer,854.63,1844.52,427.0,394.0,461.0,420.0,440.0,,,438.25,419.75,432.61538461538464,34.99880950356262,50.064957804835906,5.634615384615358,-12.865384615384642,0.0130245376955902,0.0,0.0,0
SKU040,2025-06-09,7,591.0,6,0,1,0,Summer Sale,6,2,2025,24,0.23931566428755768,-0.970941817426052,1.2246467991473532e-16,-1.0,Office,Organizer,854.63,1844.52,443.0,427.0,471.0,477.0,419.0,,,433.75,422.625,432.84615384615387,32.13902093509796,50.73724329467317,0.903846153846132,-10.221153846153868,0.0020881464368223135,433.75,0.8571428571428571,0
SKU040,2025-06-16,7,577.0,5,0,1,0,Summer Sale,6,2,2025,25,0.12053668025532308,-0.992708874098054,1.2246467991473532e-16,-1.0,Office,Organizer,854.63,1844.52,591.0,443.0,394.0,337.0,497.0,,,463.75,436.875,446.0769230769231,87.25202958479915,77.26473507179251,17.673076923076906,-9.201923076923094,0.03961889981031219,463.75,0.7142857142857143,0
SKU040,2025-06-23,7,501.0,0,0,0,0,No Promotion,6,2,2025,26,-3.216245299353273e-16,-1.0,1.2246467991473532e-16,-1.0,Office,Organizer,854.63,1844.52,577.0,591.0,427.0,371.0,513.0,,,509.5,466.875,452.2307692307692,86.46193767587368,79.50640135953115,57.269230769230774,14.644230769230774,0.12663718319442085,0.0,0.0,0
SKU040,2025-06-30,7,501.0,0,0,0,0,No Promotion,6,2,2025,27,-0.12053668025532283,-0.992708874098054,1.2246467991473532e-16,-1.0,Office,Organizer,854.63,1844.52,501.0,577.0,443.0,461.0,397.0,,,528.0,483.125,451.3076923076923,69.09896284798104,69.80470205202103,76.69230769230768,31.81730769230768,0.16993352650417592,0.0,0.0,0
SKU040,2025-07-07,7,426.0,0,0,0,0,No Promotion,7,3,2025,28,-0.23931566428755743,-0.9709418174260521,-0.4999999999999997,-0.8660254037844388,Office,Organizer,854.63,1844.52,501.0,501.0,591.0,471.0,420.0,509.0,,542.5,488.125,459.3076923076923,48.259714048054605,69.42506237457974,83.19230769230768,28.81730769230768,0.1811254396248534,0.0,0.0,0
SKU040,2025-07-14,7,488.0,0,0,0,0,No Promotion,7,3,2025,29,-0.3546048870425356,-0.9350162426854148,-0.4999999999999997,-0.8660254037844388,Office,Organizer,854.63,1844.52,426.0,501.0,577.0,394.0,477.0,517.0,,501.25,482.5,459.7692307692308,61.64616776410355,72.75398859954592,41.480769230769226,22.730769230769226,0.090220846578551,0.0,0.0,0
SKU040,2025-07-21,7,449.0,0,0,0,0,No Promotion,7,3,2025,30,-0.46472317204376806,-0.8854560256532101,-0.4999999999999997,-0.8660254037844388,Office,Organizer,854.63,1844.52,488.0,426.0,501.0,427.0,337.0,504.0,,479.0,494.25,460.61538461538464,35.86084215408221,63.40966577964052,18.38461538461536,33.63461538461536,0.03991315965263853,0.0,0.0,0
SKU040,2025-07-28,7,470.0,0,0,0,0,No Promotion,7,3,2025,31,-0.5680647467311556,-0.8229838658936566,-0.4999999999999997,-0.8660254037844388,Office,Organizer,854.63,1844.52,449.0,488.0,501.0,443.0,371.0,416.0,,466.0,497.0,469.2307692307692,34.63139231006073,60.48612591802709,-3.2307692307692264,27.769230769230774,-0.006885245901639303,0.0,0.0,0
SKU040,2025-08-04,7,459.0,0,0,0,0,No Promotion,8,3,2025,32,-0.663122658240795,-0.7485107481711013,-0.8660254037844385,-0.5000000000000004,Office,Organizer,854.63,1844.52,470.0,449.0,426.0,591.0,461.0,416.0,,458.25,500.375,476.84615384615387,26.76284738214527,57.73322267117955,-18.596153846153868,23.528846153846132,-0.03899822552024523,0.0,0.0,0
SKU040,2025-08-11,7,539.0,0,1,0,1,No Promotion,8,3,2025,33,-0.7485107481711011,-0.6631226582407952,-0.8660254037844385,-0.5000000000000004,Office,Organizer,854.63,1844.52,459.0,470.0,488.0,577.0,471.0,448.0,,466.5,483.875,476.6923076923077,16.703293088490067,45.752244285311924,-10.19230769230768,7.182692307692321,-0.02138131353880912,0.0,0.0,0
SKU040,2025-08-18,7,454.0,0,0,0,0,No Promotion,8,3,2025,34,-0.8229838658936564,-0.5680647467311559,-0.8660254037844385,-0.5000000000000004,Office,Organizer,854.63,1844.52,539.0,459.0,449.0,501.0,394.0,499.0,,479.25,479.125,481.9230769230769,40.74616546375867,35.53444003458376,-2.6730769230769056,-2.7980769230769056,-0.005546687948922546,0.0,0.0,0
SKU040,2025-08-25,7,511.0,0,0,0,0,No Promotion,8,3,2025,35,-0.8854560256532096,-0.4647231720437691,-0.8660254037844385,-0.5000000000000004,Office,Organizer,854.63,1844.52,454.0,539.0,470.0,501.0,427.0,398.0,,480.5,473.25,486.53846153846155,39.56850599487763,35.285569693168185,-6.038461538461547,-13.288461538461547,-0.012411067193675906,0.0,0.0,0
SKU040,2025-09-01,7,423.0,0,0,0,0,No Promotion,9,3,2025,36,-0.9350162426854147,-0.3546048870425359,-1.0,-1.8369701987210297e-16,Office,Organizer,854.63,1844.52,511.0,454.0,459.0,426.0,443.0,440.0,,490.75,474.5,493.0,41.21791681619374,36.56305707756319,-2.25,-18.5,-0.004563894523326617,0.0,0.0,0
SKU040,2025-09-08,7,392.0,0,0,0,0,No Promotion,9,3,2025,37,-0.970941817426052,-0.23931566428755774,-1.0,-1.8369701987210297e-16,Office,Organizer,854.63,1844.52,423.0,511.0,539.0,488.0,591.0,419.0,,481.75,474.125,491.46153846153845,52.77230965825417,37.14234202939513,-9.711538461538453,-17.336538461538453,-0.01976052590389732,0.0,0.0,0
SKU040,2025-09-15,7,420.0,0,0,0,0,No Promotion,9,3,2025,38,-0.992708874098054,-0.12053668025532357,-1.0,-1.8369701987210297e-16,Office,Organizer,854.63,1844.52,392.0,423.0,454.0,449.0,577.0,497.0,,445.0,462.125,476.15384615384613,50.76087732365022,46.37868198706323,-31.153846153846132,-14.028846153846132,-0.06542810985460412,0.0,0.0,0
SKU040,2025-09-22,7,411.0,0,0,0,0,No Promotion,9,3,2025,39,-1.0,-1.8369701987210297e-16,-1.0,-1.8369701987210297e-16,Office,Organizer,854.63,1844.52,420.0,392.0,511.0,470.0,501.0,513.0,,436.5,458.5,464.0769230769231,51.591342943042946,48.629796862182594,-27.576923076923094,-5.576923076923094,-0.05942317255096974,0.0,0.0,0
SKU040,2025-09-29,7,500.0,5,1,1,1,Festive Sale,9,3,2025,40,-0.992708874098054,0.1205366802553232,-1.0,-1.8369701987210297e-16,Office,Organizer,854.63,1844.52,411.0,420.0,423.0,459.0,501.0,397.0,,411.5,451.125,457.15384615384613,13.964240043768978,51.05022037170849,-45.65384615384613,-6.028846153846132,-0.09986538785125354,411.5,0.7142857142857143,1
SKU040,2025-10-06,7,516.0,5,0,1,0,Festive Sale,10,4,2025,41,-0.9709418174260521,0.23931566428755738,-0.8660254037844386,0.5000000000000001,Office,Organizer,854.63,1844.52,500.0,411.0,392.0,539.0,426.0,420.0,,430.75,456.25,457.0769230769231,47.6191488094163,53.930510844975316,-26.326923076923094,-0.8269230769230944,-0.05759845169976441,430.75,0.7142857142857143,0
SKU040,2025-10-13,7,485.0,0,0,0,0,No Promotion,10,4,2025,42,-0.9350162426854148,0.35460488704253557,-0.8660254037844386,0.5000000000000001,Office,Organizer,854.63,1844.52,516.0,500.0,420.0,454.0,488.0,477.0,,461.75,453.375,464.0,53.92819299772615,49.30354232420107,-2.25,-10.625,-0.004849137931034475,0.0,0.0,0
SKU040,2025-10-20,7,421.0,0,0,0,0,No Promotion,10,4,2025,43,-0.8854560256532101,0.464723172043768,-0.8660254037844386,0.5000000000000001,Office,Organizer,854.63,1844.52,485.0,516.0,411.0,511.0,449.0,337.0,,478.0,457.25,463.7692307692308,46.42556766840157,50.56184332082841,14.230769230769226,-6.519230769230774,0.030685022391773176,0.0,0.0,0
SKU040,2025-10-27,7,477.0,0,1,0,1,No Promotion,10,4,2025,44,-0.822983865893657,0.5680647467311548,-0.8660254037844386,0.5000000000000001,Office,Organizer,854.63,1844.52,421.0,485.0,500.0,423.0,470.0,371.0,,480.5,446.0,461.61538461538464,41.63732300072456,46.76384439775181,18.88461538461536,-15.615384615384642,0.04090984835860678,0.0,0.0,0
SKU040,2025-11-03,7,399.0,0,0,0,0,No Promotion,11,4,2025,45,-0.7485107481711011,0.6631226582407952,-0.5000000000000004,0.8660254037844384,Office,Organizer,854.63,1844.52,477.0,421.0,516.0,392.0,459.0,461.0,,474.75,452.75,462.15384615384613,39.584298233853616,46.86683262180196,12.596153846153868,-9.403846153846132,0.027255326231691024,0.0,0.0,0
SKU040,2025-11-10,7,403.0,0,0,0,0,No Promotion,11,4,2025,46,-0.6631226582407955,0.7485107481711007,-0.5000000000000004,0.8660254037844384,Office,Organizer,854.63,1844.52,399.0,477.0,485.0,420.0,539.0,471.0,,445.5,453.625,457.53846153846155,42.091170887332964,45.61934896510471,-12.038461538461547,-3.913461538461547,-0.02631136516476129,0.0,0.0,0
SKU040,2025-11-17,7,544.0,4,0,1,0,Black Friday,11,4,2025,47,-0.5680647467311559,0.8229838658936564,-0.5000000000000004,0.8660254037844384,Office,Organizer,854.63,1844.52,403.0,399.0,421.0,411.0,454.0,394.0,,425.0,451.5,447.0769230769231,35.96294389136313,47.755328797647586,-22.076923076923094,4.423076923076906,-0.04938059187887134,425.0,0.5714285714285714,0
SKU040,2025-11-24,7,578.0,7,0,1,0,Black Friday,11,4,2025,48,-0.4647231720437684,0.88545602565321,-0.5000000000000004,0.8660254037844384,Office,Organizer,854.63,1844.52,544.0,403.0,477.0,500.0,511.0,427.0,,455.75,468.125,454.0,68.9027091871817,54.338719423367245,1.75,14.125,0.0038546255506608507,455.75,1.0,0
SKU040,2025-12-01,7,474.0,0,0,0,0,No Promotion,12,4,2025,49,-0.35460488704253595,0.9350162426854147,-2.4492935982947064e-16,1.0,Office,Organizer,854.63,1844.52,578.0,544.0,399.0,516.0,423.0,443.0,,481.0,477.875,459.15384615384613,93.42733361638159,66.50980056674784,21.846153846153868,18.721153846153868,0.047579158988105164,0.0,0.0,0
SKU040,2025-12-08,7,523.0,0,0,0,0,No Promotion,12,4,2025,50,-0.2393156642875578,0.970941817426052,-2.4492935982947064e-16,1.0,Office,Organizer,854.63,1844.52,474.0,578.0,403.0,485.0,392.0,591.0,,499.75,472.625,463.0769230769231,77.68472608348868,64.70358236936013,36.673076923076906,9.548076923076906,0.07919435215946846,0.0,0.0,0
SKU040,2025-12-15,7,628.0,7,0,1,0,Year End Sale,12,4,2025,51,-0.12053668025532363,0.992708874098054,-2.4492935982947064e-16,1.0,Office,Organizer,854.63,1844.52,523.0,474.0,544.0,421.0,420.0,577.0,,529.75,477.375,473.15384615384613,43.530640549694034,67.09255334450847,56.59615384615387,4.221153846153868,0.11961469679726888,529.75,1.0,0
SKU040,2025-12-22,7,675.0,7,1,1,1,Year End Sale,12,4,2025,52,6.432490598706546e-16,1.0,-2.4492935982947064e-16,1.0,Office,Organizer,854.63,1844.52,628.0,523.0,578.0,477.0,411.0,501.0,,550.75,503.25,489.15384615384613,66.76014279992717,80.76730243642623,61.59615384615387,14.096153846153868,0.12592388740367988,550.75,1.0,1
SKU040,2025-12-29,7,556.0,3,0,1,0,Year End Sale,12,4,2025,1,0.12053668025532305,0.992708874098054,-2.4492935982947064e-16,1.0,Office,Organizer,854.63,1844.52,675.0,628.0,474.0,399.0,500.0,501.0,,575.0,528.0,509.46153846153845,92.58149563132653,99.69381697405885,65.53846153846155,18.538461538461547,0.1286426090895365,575.0,0.42857142857142855,0
SKU040,2026-01-05,7,523.0,0,0,0,0,No Promotion,1,1,2026,2,0.23931566428755774,0.970941817426052,0.49999999999999994,0.8660254037844387,Office,Organizer,854.63,1844.52,556.0,675.0,523.0,403.0,516.0,426.0,509.0,595.5,547.625,513.7692307692307,68.78226515607058,85.04946039973278,81.73076923076928,33.85576923076928,0.15908070070369829,0.0,0.0,0
SKU040,2026-01-12,7,475.0,0,0,0,0,No Promotion,1,1,2026,3,0.3546048870425356,0.9350162426854148,0.49999999999999994,0.8660254037844387,Office,Organizer,854.63,1844.52,523.0,556.0,628.0,544.0,485.0,488.0,517.0,595.5,562.625,514.3076923076923,68.78226515607058,63.834467850169204,81.19230769230774,48.317307692307736,0.15786718516302733,0.0,0.0,0
SKU040,2026-01-19,7,487.0,0,0,0,0,No Promotion,1,1,2026,4,0.4647231720437685,0.8854560256532099,0.49999999999999994,0.8660254037844387,Office,Organizer,854.63,1844.52,475.0,523.0,675.0,578.0,421.0,449.0,504.0,557.25,554.0,513.5384615384615,85.2540321627077,70.97283182417661,43.71153846153845,40.46153846153845,0.08511833433193527,0.0,0.0,0
SKU040,2026-01-26,7,528.0,0,1,0,1,No Promotion,1,1,2026,5,0.5680647467311558,0.8229838658936564,0.49999999999999994,0.8660254037844387,Office,Organizer,854.63,1844.52,487.0,475.0,556.0,474.0,477.0,470.0,416.0,510.25,542.625,518.6153846153846,36.69127961791467,73.81238281713209,-8.365384615384642,24.00961538461536,-0.01613022841886691,0.0,0.0,0
SKU040,2026-02-02,7,530.0,0,0,0,0,No Promotion,2,1,2026,6,0.6631226582407952,0.7485107481711011,0.8660254037844386,0.5000000000000001,Office,Organizer,854.63,1844.52,528.0,487.0,523.0,523.0,399.0,459.0,416.0,503.25,549.375,522.5384615384615,26.23451924468981,68.94912720881347,-19.288461538461547,26.836538461538453,-0.03691299867510678,0.0,0.0,0
SKU040,2026-02-09,7,528.0,0,0,0,0,No Promotion,2,1,2026,7,0.7485107481711011,0.6631226582407953,0.8660254037844386,0.5000000000000001,Office,Organizer,854.63,1844.52,530.0,528.0,475.0,628.0,403.0,539.0,448.0,505.0,550.25,532.6153846153846,28.1543365517049,68.61018250126683,-27.61538461538464,17.63461538461536,-0.05184864240323517,0.0,0.0,0
SKU040,2026-02-16,7,490.0,0,0,0,0,No Promotion,2,1,2026,8,0.8229838658936564,0.5680647467311559,0.8660254037844386,0.5000000000000001,Office,Organizer,854.63,1844.52,528.0,530.0,487.0,675.0,544.0,454.0,499.0,518.25,537.75,542.2307692307693,20.854655755170516,61.12224285338824,-23.980769230769283,-4.480769230769283,-0.04422613136615128,0.0,0.0,0
SKU040,2026-02-23,7,546.0,0,0,0,0,No Promotion,2,1,2026,9,0.8854560256532099,0.4647231720437686,0.8660254037844386,0.5000000000000001,Office,Organizer,854.63,1844.52,490.0,528.0,528.0,556.0,578.0,511.0,398.0,519.0,514.625,538.0769230769231,19.356308187943966,27.55740761185115,-19.076923076923094,-23.451923076923094,-0.03545389563974266,0.0,0.0,0
SKU040,2026-03-02,7,471.0,0,0,0,0,No Promotion,3,1,2026,10,0.9350162426854148,0.35460488704253557,1.0,6.123233995736766e-17,Office,Organizer,854.63,1844.52,546.0,490.0,530.0,523.0,474.0,423.0,440.0,523.5,513.375,535.6153846153846,23.74166520416516,25.5674877250665,-12.115384615384642,-22.24038461538464,-0.022619560534252514,0.0,0.0,0
SKU040,2026-03-09,7,439.0,1,0,1,0,Spring Sale,3,1,2026,11,0.970941817426052,0.23931566428755804,1.0,6.123233995736766e-17,Office,Organizer,854.63,1844.52,471.0,546.0,528.0,475.0,523.0,392.0,419.0,508.75,506.875,535.3846153846154,34.32564638866981,29.13239483069365,-26.63461538461536,-28.50961538461536,-0.04974856321839072,508.75,0.14285714285714285,0
SKU040,2026-03-16,7,605.0,7,0,1,0,Spring Sale,3,1,2026,12,0.992708874098054,0.120536680255323,1.0,6.123233995736766e-17,Office,Organizer,854.63,1844.52,439.0,471.0,490.0,487.0,628.0,420.0,497.0,486.5,502.375,528.9230769230769,44.90360044955564,36.58624839237509,-42.423076923076906,-26.548076923076906,-0.08020651541593948,486.5,1.0,0
SKU040,2026-03-23,7,507.0,3,0,1,0,Spring Sale,3,1,2026,13,1.0,-1.6081226496766366e-16,1.0,6.123233995736766e-17,Office,Organizer,854.63,1844.52,605.0,439.0,546.0,528.0,675.0,411.0,513.0,515.25,517.125,527.1538461538462,74.7724325314261,50.603324283800035,-11.903846153846189,-10.028846153846189,-0.02258135123303673,515.25,0.42857142857142855,0
SKU040,2026-03-30,7,454.0,0,0,0,0,No Promotion,3,1,2026,14,0.992708874098054,-0.12053668025532288,1.0,6.123233995736766e-17,Office,Organizer,854.63,1844.52,507.0,605.0,471.0,530.0,556.0,500.0,397.0,505.5,514.5,514.2307692307693,71.91430084946018,50.503182360831744,-8.730769230769283,0.26923076923071676,-0.016978309648466805,0.0,0.0,0
SKU040,2026-04-06,7,475.0,0,0,0,0,No Promotion,4,2,2026,15,0.9709418174260521,-0.2393156642875575,0.8660254037844387,-0.4999999999999998,Office,Organizer,854.63,1844.52,454.0,507.0,439.0,528.0,523.0,516.0,420.0,501.25,505.0,506.38461538461536,75.06608199890725,54.184868736576256,-5.134615384615358,-1.3846153846153584,-0.010139753911590388,0.0,0.0,0
SKU040,2026-04-13,7,416.0,0,0,0,0,No Promotion,4,2,2026,16,0.9350162426854148,-0.35460488704253545,0.8660254037844387,-0.4999999999999998,Office,Organizer,854.63,1844.52,475.0,454.0,605.0,490.0,475.0,485.0,477.0,510.25,498.375,502.6923076923077,66.82003192656127,54.21106239241476,7.557692307692321,-4.317307692307679,0.01503442999234883,0.0,0.0,0
SKU040,2026-04-20,7,446.0,0,0,0,0,No Promotion,4,2,2026,17,0.8854560256532099,-0.4647231720437685,0.8660254037844387,-0.4999999999999998,Office,Organizer,854.63,1844.52,416.0,475.0,507.0,546.0,487.0,421.0,337.0,463.0,489.125,498.15384615384613,38.16630276391294,61.64747127243513,-35.15384615384613,-9.028846153846132,-0.0705682520074119,0.0,0.0,0
SKU040,2026-04-27,7,491.0,0,0,0,0,No Promotion,4,2,2026,18,0.8229838658936565,-0.5680647467311557,0.8660254037844387,-0.4999999999999998,Office,Organizer,854.63,1844.52,446.0,416.0,454.0,471.0,528.0,477.0,371.0,447.75,476.625,495.0,24.445517653208633,58.5270084173599,-47.25,-18.375,-0.09545454545454546,0.0,0.0,0
SKU040,2026-05-04,7,503.0,0,0,0,0,No Promotion,5,2,2026,19,0.7485107481711013,-0.663122658240795,0.49999999999999994,-0.8660254037844387,Office,Organizer,854.63,1844.52,491.0,446.0,475.0,439.0,530.0,399.0,461.0,457.0,479.125,492.15384615384613,33.075670817082475,58.67936483247633,-35.15384615384613,-13.028846153846132,-0.0714285714285714,0.0,0.0,0
SKU040,2026-05-11,7,494.0,0,0,0,0,No Promotion,5,2,2026,20,0.6631226582407952,-0.7485107481711012,0.49999999999999994,-0.8660254037844387,Office,Organizer,854.63,1844.52,503.0,491.0,416.0,605.0,528.0,403.0,471.0,464.0,487.125,490.0769230769231,40.32369030731192,56.75873123519035,-26.076923076923094,-2.9519230769230944,-0.05320985716528026,0.0,0.0,0
SKU040,2026-05-18,7,469.0,0,0,0,0,No Promotion,5,2,2026,21,0.5680647467311558,-0.8229838658936564,0.49999999999999994,-0.8660254037844387,Office,Organizer,854.63,1844.52,494.0,503.0,446.0,507.0,490.0,544.0,394.0,483.5,473.25,487.46153846153845,25.51470164434617,31.98995378016583,-3.961538461538453,-14.211538461538453,-0.008126873915101807,0.0,0.0,0
SKU040,2026-05-25,7,498.0,0,0,0,0,No Promotion,5,2,2026,22,0.46472317204376906,-0.8854560256532096,0.49999999999999994,-0.8660254037844387,Office,Organizer,854.63,1844.52,469.0,494.0,491.0,454.0,546.0,578.0,427.0,489.25,468.5,485.84615384615387,14.430869689661854,28.93835813291029,3.403846153846132,-17.346153846153868,0.007006016466117648,0.0,0.0,0
SKU040,2026-06-01,7,509.0,0,0,0,0,No Promotion,6,2,2026,23,0.35460488704253584,-0.9350162426854147,1.2246467991473532e-16,-1.0,Office,Organizer,854.63,1844.52,498.0,469.0,503.0,475.0,471.0,474.0,443.0,491.0,474.0,482.15384615384613,15.121728296285047,29.952343099378062,8.846153846153868,-8.153846153846132,0.01834716017868554,0.0,0.0,0
SKU040,2026-06-08,7,703.0,5,0,1,0,Summer Sale,6,2,2026,24,0.23931566428755768,-0.970941817426052,1.2246467991473532e-16,-1.0,Office,Organizer,854.63,1844.52,509.0,498.0,494.0,416.0,439.0,523.0,591.0,492.5,478.25,485.0769230769231,16.90167644544966,32.424637898628035,7.423076923076906,-6.826923076923094,0.015302886140183825,492.5,0.7142857142857143,0
SKU040,2026-06-15,7,748.0,6,0,1,0,Summer Sale,6,2,2026,25,0.12053668025532308,-0.992708874098054,1.2246467991473532e-16,-1.0,Office,Organizer,854.63,1844.52,703.0,509.0,469.0,446.0,605.0,628.0,577.0,544.75,514.125,505.38461538461536,106.8406133764996,79.01254421202458,39.36538461538464,8.740384615384642,0.07789193302891939,544.75,0.8571428571428571,0
SKU040,2026-06-22,7,565.0,0,0,0,0,No Promotion,6,2,2026,26,-3.216245299353273e-16,-1.0,1.2246467991473532e-16,-1.0,Office,Organizer,854.63,1844.52,748.0,703.0,498.0,491.0,507.0,675.0,501.0,614.5,551.875,516.3846153846154,129.55951013594745,108.46781945417194,98.11538461538464,35.49038461538464,0.1900044689408611,0.0,0.0,0
