date,sku_id,on_hand_units,on_order_units,lead_time_days,reorder_point
2025-01-01,SKU001,284.0,125,6.0,255
2025-01-02,SKU001,215.0,128,6.0,255
2025-01-03,SKU001,166.0,186,6.0,255
2025-01-04,SKU001,92.0,62,6.0,255
2025-01-05,SKU001,49.0,112,6.0,255
2025-01-06,SKU001,50.0,0,6.0,255
2025-01-07,SKU001,4.0,64,6.0,255
2025-01-08,SKU001,0.0,127,6.0,255
2025-01-09,SKU001,0.0,43,6.0,255
2025-01-10,SKU001,0.0,49,6.0,255
2025-01-11,SKU001,0.0,65,6.0,255
2025-01-12,SKU001,51.0,0,6.0,255
2025-01-13,SKU001,8.0,187,6.0,255
2025-01-14,SKU001,0.0,139,6.0,255
2025-01-15,SKU001,0.0,135,6.0,255
2025-01-16,SKU001,0.0,87,6.0,255
2025-01-17,SKU001,0.0,39,6.0,255
2025-01-18,SKU001,101.0,0,6.0,255
2025-01-19,SKU001,35.0,30,6.0,255
2025-01-20,SKU001,0.0,149,6.0,255
2025-01-21,SKU001,0.0,85,6.0,255
2025-01-22,SKU001,0.0,105,6.0,255
2025-01-23,SKU001,0.0,112,6.0,255
2025-01-24,SKU001,4.0,0,6.0,255
2025-01-25,SKU001,0.0,137,6.0,255
2025-01-26,SKU001,0.0,71,6.0,255
2025-01-27,SKU001,0.0,49,6.0,255
2025-01-28,SKU001,0.0,85,6.0,255
2025-01-29,SKU001,0.0,165,6.0,255
2025-01-30,SKU001,54.0,0,6.0,255
2025-01-31,SKU001,0.0,187,6.0,255
2025-02-01,SKU001,0.0,30,6.0,255
2025-02-02,SKU001,0.0,27,6.0,255
2025-02-03,SKU001,0.0,176,6.0,255
2025-02-04,SKU001,0.0,56,6.0,255
2025-02-05,SKU001,0.0,61,6.0,255
2025-02-06,SKU001,108.0,0,6.0,255
2025-02-07,SKU001,27.0,54,6.0,255
2025-02-08,SKU001,0.0,128,6.0,255
2025-02-09,SKU001,0.0,31,6.0,255
2025-02-10,SKU001,0.0,172,6.0,255
2025-02-11,SKU001,0.0,121,6.0,255
2025-02-12,SKU001,54.0,0,6.0,255
2025-02-13,SKU001,4.0,85,6.0,255
2025-02-14,SKU001,0.0,77,6.0,255
2025-02-15,SKU001,0.0,69,6.0,255
2025-02-16,SKU001,0.0,189,6.0,255
2025-02-17,SKU001,0.0,76,6.0,255
2025-02-18,SKU001,28.0,0,6.0,255
2025-02-19,SKU001,0.0,101,6.0,255
2025-02-20,SKU001,0.0,67,6.0,255
2025-02-21,SKU001,0.0,70,6.0,255
2025-02-22,SKU001,0.0,69,6.0,255
2025-02-23,SKU001,0.0,47,6.0,255
2025-02-24,SKU001,124.0,0,6.0,255
2025-02-25,SKU001,69.0,55,6.0,255
2025-02-26,SKU001,24.0,27,6.0,255
2025-02-27,SKU001,0.0,156,6.0,255
2025-02-28,SKU001,0.0,100,6.0,255
2025-03-01,SKU001,0.0,84,6.0,255
2025-03-02,SKU001,0.0,114,6.0,255
2025-03-03,SKU001,0.0,118,6.0,255
2025-03-04,SKU001,0.0,89,6.0,255
2025-03-05,SKU001,0.0,168,6.0,255
2025-03-06,SKU001,123.0,0,6.0,255
2025-03-07,SKU001,59.0,86,6.0,255
2025-03-08,SKU001,9.0,61,6.0,255
2025-03-09,SKU001,0.0,106,6.0,255
2025-03-10,SKU001,0.0,50,6.0,255
2025-03-11,SKU001,0.0,72,6.0,255
2025-03-12,SKU001,30.0,0,6.0,255
2025-03-13,SKU001,0.0,89,6.0,255
2025-03-14,SKU001,0.0,54,6.0,255
2025-03-15,SKU001,0.0,110,6.0,255
2025-03-16,SKU001,0.0,128,6.0,255
2025-03-17,SKU001,0.0,128,6.0,255
2025-03-18,SKU001,126.0,0,6.0,255
2025-03-19,SKU001,80.0,37,6.0,255
2025-03-20,SKU001,21.0,50,6.0,255
2025-03-21,SKU001,0.0,98,6.0,255
2025-03-22,SKU001,0.0,106,6.0,255
2025-03-23,SKU001,0.0,59,6.0,255
2025-03-24,SKU001,23.0,0,6.0,255
2025-03-25,SKU001,0.0,51,6.0,255
2025-03-26,SKU001,0.0,116,6.0,255
2025-03-27,SKU001,0.0,105,6.0,255
2025-03-28,SKU001,0.0,141,6.0,255
2025-03-29,SKU001,0.0,131,6.0,255
2025-03-30,SKU001,23.0,0,6.0,255
2025-03-31,SKU001,0.0,153,6.0,255
2025-04-01,SKU001,0.0,50,6.0,255
2025-04-02,SKU001,0.0,131,6.0,255
2025-04-03,SKU001,0.0,129,6.0,255
2025-04-04,SKU001,0.0,64,6.0,255
2025-04-05,SKU001,0.0,57,6.0,255
2025-04-06,SKU001,5.0,0,6.0,255
2025-04-07,SKU001,0.0,129,6.0,255
2025-04-08,SKU001,0.0,86,6.0,255
2025-04-09,SKU001,0.0,193,6.0,255
2025-04-10,SKU001,0.0,132,6.0,255
2025-04-11,SKU001,0.0,25,6.0,255
2025-04-12,SKU001,21.0,0,6.0,255
2025-04-13,SKU001,0.0,26,6.0,255
2025-04-14,SKU001,0.0,130,6.0,255
2025-04-15,SKU001,0.0,180,6.0,255
2025-04-16,SKU001,0.0,150,6.0,255
2025-04-17,SKU001,0.0,69,6.0,255
2025-04-18,SKU001,2.0,0,6.0,255
2025-04-19,SKU001,0.0,173,6.0,255
2025-04-20,SKU001,0.0,44,6.0,255
2025-04-21,SKU001,0.0,144,6.0,255
2025-04-22,SKU001,0.0,65,6.0,255
2025-04-23,SKU001,0.0,75,6.0,255
2025-04-24,SKU001,0.0,0,6.0,255
2025-04-25,SKU001,0.0,53,6.0,255
2025-04-26,SKU001,0.0,30,6.0,255
2025-04-27,SKU001,0.0,112,6.0,255
2025-04-28,SKU001,0.0,100,6.0,255
2025-04-29,SKU001,0.0,114,6.0,255
2025-04-30,SKU001,0.0,0,6.0,255
2025-05-01,SKU001,0.0,161,6.0,255
2025-05-02,SKU001,0.0,45,6.0,255
2025-05-03,SKU001,0.0,165,6.0,255
2025-05-04,SKU001,0.0,78,6.0,255
2025-05-05,SKU001,0.0,99,6.0,255
2025-05-06,SKU001,99.0,0,6.0,255
2025-05-07,SKU001,49.0,127,6.0,255
2025-05-08,SKU001,0.0,120,6.0,255
2025-05-09,SKU001,0.0,92,6.0,255
2025-05-10,SKU001,0.0,105,6.0,255
2025-05-11,SKU001,0.0,35,6.0,255
2025-05-12,SKU001,12.0,0,6.0,255
2025-05-13,SKU001,0.0,148,6.0,255
2025-05-14,SKU001,0.0,138,6.0,255
2025-05-15,SKU001,0.0,81,6.0,255
2025-05-16,SKU001,0.0,158,6.0,255
2025-05-17,SKU001,0.0,161,6.0,255
2025-05-18,SKU001,64.0,0,6.0,255
2025-05-19,SKU001,18.0,190,6.0,255
2025-05-20,SKU001,0.0,69,6.0,255
2025-05-21,SKU001,0.0,74,6.0,255
2025-05-22,SKU001,0.0,25,6.0,255
2025-05-23,SKU001,0.0,49,6.0,255
2025-05-24,SKU001,111.0,0,6.0,255
2025-05-25,SKU001,64.0,131,6.0,255
2025-05-26,SKU001,19.0,56,6.0,255
2025-05-27,SKU001,0.0,139,6.0,255
2025-05-28,SKU001,0.0,52,6.0,255
2025-05-29,SKU001,0.0,93,6.0,255
2025-05-30,SKU001,140.0,0,6.0,255
2025-05-31,SKU001,91.0,77,6.0,255
2025-06-01,SKU001,25.0,139,6.0,255
2025-06-02,SKU001,0.0,25,6.0,255
2025-06-03,SKU001,0.0,75,6.0,255
2025-06-04,SKU001,0.0,76,6.0,255
2025-06-05,SKU001,0.0,166,6.0,255
2025-06-06,SKU001,0.0,0,6.0,255
2025-06-07,SKU001,0.0,78,6.0,255
2025-06-08,SKU001,0.0,51,6.0,255
2025-06-09,SKU001,0.0,105,6.0,255
2025-06-10,SKU001,0.0,70,6.0,255
2025-06-11,SKU001,0.0,54,6.0,255
2025-06-12,SKU001,40.0,0,6.0,255
2025-06-13,SKU001,0.0,104,6.0,255
2025-06-14,SKU001,0.0,76,6.0,255
2025-06-15,SKU001,0.0,188,6.0,255
2025-06-16,SKU001,0.0,48,6.0,255
2025-06-17,SKU001,0.0,145,6.0,255
2025-06-18,SKU001,40.0,0,6.0,255
2025-06-19,SKU001,0.0,89,6.0,255
2025-06-20,SKU001,0.0,138,6.0,255
2025-06-21,SKU001,0.0,50,6.0,255
2025-06-22,SKU001,0.0,182,6.0,255
2025-06-23,SKU001,0.0,165,6.0,255
2025-06-24,SKU001,80.0,0,6.0,255
2025-06-25,SKU001,20.0,186,6.0,255
2025-06-26,SKU001,0.0,183,6.0,255
2025-06-27,SKU001,0.0,58,6.0,255
2025-06-28,SKU001,0.0,174,6.0,255
2025-06-29,SKU001,0.0,158,6.0,255
2025-06-30,SKU001,35.0,0,6.0,255
2025-07-01,SKU001,0.0,114,6.0,255
2025-07-02,SKU001,0.0,119,6.0,255
2025-07-03,SKU001,0.0,112,6.0,255
2025-07-04,SKU001,0.0,96,6.0,255
2025-07-05,SKU001,0.0,129,6.0,255
2025-07-06,SKU001,116.0,0,6.0,255
2025-07-07,SKU001,66.0,186,6.0,255
2025-07-08,SKU001,6.0,137,6.0,255
2025-07-09,SKU001,0.0,184,6.0,255
2025-07-10,SKU001,0.0,187,6.0,255
2025-07-11,SKU001,0.0,134,6.0,255
2025-07-12,SKU001,24.0,0,6.0,255
2025-07-13,SKU001,0.0,112,6.0,255
2025-07-14,SKU001,0.0,177,6.0,255
2025-07-15,SKU001,0.0,45,6.0,255
2025-07-16,SKU001,0.0,150,6.0,255
2025-07-17,SKU001,0.0,184,6.0,255
2025-07-18,SKU001,91.0,0,6.0,255
2025-07-19,SKU001,9.0,185,6.0,255
2025-07-20,SKU001,0.0,146,6.0,255
2025-07-21,SKU001,0.0,191,6.0,255
2025-07-22,SKU001,0.0,187,6.0,255
2025-07-23,SKU001,0.0,130,6.0,255
2025-07-24,SKU001,66.0,0,6.0,255
2025-07-25,SKU001,20.0,176,6.0,255
2025-07-26,SKU001,0.0,155,6.0,255
2025-07-27,SKU001,0.0,125,6.0,255
2025-07-28,SKU001,0.0,145,6.0,255
2025-07-29,SKU001,0.0,36,6.0,255
2025-07-30,SKU001,129.0,0,6.0,255
2025-07-31,SKU001,72.0,96,6.0,255
2025-08-01,SKU001,5.0,39,6.0,255
2025-08-02,SKU001,0.0,88,6.0,255
2025-08-03,SKU001,0.0,111,6.0,255
2025-08-04,SKU001,0.0,193,6.0,255
2025-08-05,SKU001,0.0,126,6.0,255
2025-08-06,SKU001,0.0,0,6.0,255
2025-08-07,SKU001,0.0,36,6.0,255
2025-08-08,SKU001,0.0,93,6.0,255
2025-08-09,SKU001,0.0,170,6.0,255
2025-08-10,SKU001,0.0,85,6.0,255
2025-08-11,SKU001,0.0,191,6.0,255
2025-08-12,SKU001,0.0,0,6.0,255
2025-08-13,SKU001,0.0,117,6.0,255
2025-08-14,SKU001,0.0,190,6.0,255
2025-08-15,SKU001,0.0,106,6.0,255
2025-08-16,SKU001,0.0,110,6.0,255
2025-08-17,SKU001,0.0,78,6.0,255
2025-08-18,SKU001,118.0,0,6.0,255
2025-08-19,SKU001,64.0,182,6.0,255
2025-08-20,SKU001,0.0,96,6.0,255
2025-08-21,SKU001,0.0,179,6.0,255
2025-08-22,SKU001,0.0,47,6.0,255
2025-08-23,SKU001,0.0,138,6.0,255
2025-08-24,SKU001,30.0,0,6.0,255
2025-08-25,SKU001,0.0,42,6.0,255
2025-08-26,SKU001,0.0,129,6.0,255
2025-08-27,SKU001,0.0,116,6.0,255
2025-08-28,SKU001,0.0,120,6.0,255
2025-08-29,SKU001,0.0,149,6.0,255
2025-08-30,SKU001,40.0,0,6.0,255
2025-08-31,SKU001,0.0,88,6.0,255
2025-09-01,SKU001,0.0,150,6.0,255
2025-09-02,SKU001,0.0,147,6.0,255
2025-09-03,SKU001,0.0,113,6.0,255
2025-09-04,SKU001,0.0,129,6.0,255
2025-09-05,SKU001,0.0,110,6.0,255
2025-09-06,SKU001,82.0,0,6.0,255
2025-09-07,SKU001,19.0,92,6.0,255
2025-09-08,SKU001,0.0,162,6.0,255
2025-09-09,SKU001,0.0,144,6.0,255
2025-09-10,SKU001,0.0,145,6.0,255
2025-09-11,SKU001,0.0,190,6.0,255
2025-09-12,SKU001,60.0,0,6.0,255
2025-09-13,SKU001,0.0,185,6.0,255
2025-09-14,SKU001,0.0,91,6.0,255
2025-09-15,SKU001,0.0,178,6.0,255
2025-09-16,SKU001,0.0,120,6.0,255
2025-09-17,SKU001,0.0,121,6.0,255
2025-09-18,SKU001,117.0,0,6.0,255
2025-09-19,SKU001,66.0,186,6.0,255
2025-09-20,SKU001,4.0,58,6.0,255
2025-09-21,SKU001,0.0,46,6.0,255
2025-09-22,SKU001,0.0,156,6.0,255
2025-09-23,SKU001,0.0,85,6.0,255
2025-09-24,SKU001,0.0,0,6.0,255
2025-09-25,SKU001,0.0,63,6.0,255
2025-09-26,SKU001,0.0,83,6.0,255
2025-09-27,SKU001,0.0,155,6.0,255
2025-09-28,SKU001,0.0,36,6.0,255
2025-09-29,SKU001,0.0,110,6.0,255
2025-09-30,SKU001,0.0,0,6.0,255
2025-10-01,SKU001,0.0,142,6.0,255
2025-10-02,SKU001,0.0,187,6.0,255
2025-10-03,SKU001,0.0,84,6.0,255
2025-10-04,SKU001,0.0,180,6.0,255
2025-10-05,SKU001,0.0,174,6.0,255
2025-10-06,SKU001,15.0,0,6.0,255
2025-10-07,SKU001,0.0,59,6.0,255
2025-10-08,SKU001,0.0,80,6.0,255
2025-10-09,SKU001,0.0,179,6.0,255
2025-10-10,SKU001,0.0,96,6.0,255
2025-10-11,SKU001,0.0,108,6.0,255
2025-10-12,SKU001,0.0,0,6.0,255
2025-10-13,SKU001,0.0,62,6.0,255
2025-10-14,SKU001,0.0,181,6.0,255
2025-10-15,SKU001,0.0,179,6.0,255
2025-10-16,SKU001,0.0,74,6.0,255
2025-10-17,SKU001,0.0,143,6.0,255
2025-10-18,SKU001,88.0,0,6.0,255
2025-10-19,SKU001,33.0,95,6.0,255
2025-10-20,SKU001,0.0,145,6.0,255
2025-10-21,SKU001,0.0,176,6.0,255
2025-10-22,SKU001,0.0,155,6.0,255
2025-10-23,SKU001,0.0,117,6.0,255
2025-10-24,SKU001,66.0,0,6.0,255
2025-10-25,SKU001,0.0,166,6.0,255
2025-10-26,SKU001,0.0,151,6.0,255
2025-10-27,SKU001,0.0,183,6.0,255
2025-10-28,SKU001,0.0,166,6.0,255
2025-10-29,SKU001,0.0,33,6.0,255
2025-10-30,SKU001,80.0,0,6.0,255
2025-10-31,SKU001,11.0,46,6.0,255
2025-11-01,SKU001,0.0,165,6.0,255
2025-11-02,SKU001,0.0,41,6.0,255
2025-11-03,SKU001,0.0,73,6.0,255
2025-11-04,SKU001,0.0,77,6.0,255
2025-11-05,SKU001,0.0,182,6.0,255
2025-11-06,SKU001,151.0,0,6.0,255
2025-11-07,SKU001,81.0,115,6.0,255
2025-11-08,SKU001,30.0,112,6.0,255
2025-11-09,SKU001,0.0,115,6.0,255
2025-11-10,SKU001,0.0,132,6.0,255
2025-11-11,SKU001,0.0,35,6.0,255
2025-11-12,SKU001,28.0,0,6.0,255
2025-11-13,SKU001,0.0,128,6.0,255
2025-11-14,SKU001,0.0,64,6.0,255
2025-11-15,SKU001,0.0,127,6.0,255
2025-11-16,SKU001,0.0,177,6.0,255
2025-11-17,SKU001,0.0,154,6.0,255
2025-11-18,SKU001,50.0,0,6.0,255
2025-11-19,SKU001,5.0,71,6.0,255
2025-11-20,SKU001,0.0,94,6.0,255
2025-11-21,SKU001,0.0,38,6.0,255
2025-11-22,SKU001,0.0,48,6.0,255
2025-11-23,SKU001,0.0,193,6.0,255
2025-11-24,SKU001,114.0,0,6.0,255
2025-11-25,SKU001,49.0,129,6.0,255
2025-11-26,SKU001,0.0,131,6.0,255
2025-11-27,SKU001,0.0,71,6.0,255
2025-11-28,SKU001,0.0,90,6.0,255
2025-11-29,SKU001,0.0,59,6.0,255
2025-11-30,SKU001,110.0,0,6.0,255
2025-12-01,SKU001,59.0,162,6.0,255
2025-12-02,SKU001,0.0,74,6.0,255
2025-12-03,SKU001,0.0,85,6.0,255
2025-12-04,SKU001,0.0,26,6.0,255
2025-12-05,SKU001,,69,6.0,255
2025-12-06,SKU001,11.0,0,6.0,255
2025-12-07,SKU001,0.0,50,6.0,255
2025-12-08,SKU001,0.0,179,6.0,255
2025-12-09,SKU001,0.0,28,6.0,255
2025-12-10,SKU001,0.0,119,6.0,255
2025-12-11,SKU001,0.0,95,6.0,255
2025-12-12,SKU001,27.0,0,6.0,255
2025-12-13,SKU001,0.0,49,6.0,255
2025-12-14,SKU001,0.0,158,6.0,255
2025-12-15,SKU001,0.0,79,6.0,255
2025-12-16,SKU001,0.0,140,6.0,255
2025-12-17,SKU001,0.0,77,6.0,255
2025-12-18,SKU001,112.0,0,6.0,255
2025-12-19,SKU001,10.0,62,6.0,255
2025-12-20,SKU001,0.0,165,6.0,255
2025-12-21,SKU001,0.0,150,6.0,255
2025-12-22,SKU001,0.0,171,6.0,255
2025-12-23,SKU001,0.0,191,6.0,255
2025-12-24,SKU001,54.0,0,6.0,255
2025-12-25,SKU001,0.0,148,6.0,255
2025-12-26,SKU001,0.0,121,6.0,255
2025-12-27,SKU001,0.0,176,6.0,255
2025-12-28,SKU001,0.0,128,6.0,255
2025-12-29,SKU001,0.0,167,6.0,255
2025-12-30,SKU001,0.0,0,6.0,255
2025-12-31,SKU001,0.0,31,6.0,255
2026-01-01,SKU001,0.0,41,6.0,255
2026-01-02,SKU001,0.0,135,6.0,255
2026-01-03,SKU001,0.0,166,6.0,255
2026-01-04,SKU001,0.0,65,6.0,255
2026-01-05,SKU001,0.0,124,6.0,255
2026-01-06,SKU001,64.0,0,6.0,255
2026-01-07,SKU001,0.0,136,6.0,255
2026-01-08,SKU001,0.0,63,6.0,255
2026-01-09,SKU001,0.0,61,6.0,255
2026-01-10,SKU001,0.0,156,6.0,255
2026-01-11,SKU001,0.0,32,6.0,255
2026-01-12,SKU001,99.0,0,6.0,255
2026-01-13,SKU001,52.0,36,6.0,255
2026-01-14,SKU001,0.0,41,6.0,255
2026-01-15,SKU001,0.0,65,6.0,255
2026-01-16,SKU001,0.0,82,6.0,255
2026-01-17,SKU001,0.0,191,6.0,255
2026-01-18,SKU001,40.0,0,6.0,255
2026-01-19,SKU001,0.0,97,6.0,255
2026-01-20,SKU001,0.0,155,6.0,255
2026-01-21,SKU001,0.0,70,6.0,255
2026-01-22,SKU001,0.0,125,6.0,255
2026-01-23,SKU001,0.0,143,6.0,255
2026-01-24,SKU001,98.0,0,6.0,255
2026-01-25,SKU001,48.0,45,6.0,255
2026-01-26,SKU001,0.0,135,6.0,255
2026-01-27,SKU001,0.0,25,6.0,255
2026-01-28,SKU001,0.0,108,6.0,255
2026-01-29,SKU001,0.0,85,6.0,255
2026-01-30,SKU001,100.0,0,6.0,255
2026-01-31,SKU001,36.0,147,6.0,255
2026-02-01,SKU001,0.0,141,6.0,255
2026-02-02,SKU001,0.0,53,6.0,255
2026-02-03,SKU001,0.0,76,6.0,255
2026-02-04,SKU001,0.0,73,6.0,255
2026-02-05,SKU001,0.0,57,6.0,255
2026-02-06,SKU001,34.0,0,6.0,255
2026-02-07,SKU001,0.0,96,6.0,255
2026-02-08,SKU001,0.0,83,6.0,255
2026-02-09,SKU001,0.0,159,6.0,255
2026-02-10,SKU001,0.0,141,6.0,255
2026-02-11,SKU001,0.0,159,6.0,255
2026-02-12,SKU001,104.0,0,6.0,255
2026-02-13,SKU001,37.0,61,6.0,255
2026-02-14,SKU001,0.0,184,6.0,255
2026-02-15,SKU001,0.0,134,6.0,255
2026-02-16,SKU001,0.0,159,6.0,255
2026-02-17,SKU001,0.0,181,6.0,255
2026-02-18,SKU001,89.0,0,6.0,255
2026-02-19,SKU001,32.0,119,6.0,255
2026-02-20,SKU001,0.0,105,6.0,255
2026-02-21,SKU001,0.0,117,6.0,255
2026-02-22,SKU001,0.0,172,6.0,255
2026-02-23,SKU001,0.0,35,6.0,255
2026-02-24,SKU001,47.0,0,6.0,255
2026-02-25,SKU001,0.0,72,6.0,255
2026-02-26,SKU001,0.0,100,6.0,255
2026-02-27,SKU001,0.0,126,6.0,255
2026-02-28,SKU001,0.0,155,6.0,255
2026-03-01,SKU001,0.0,25,6.0,255
2026-03-02,SKU001,0.0,97,6.0,255
2026-03-03,SKU001,0.0,73,6.0,255
2026-03-04,SKU001,0.0,149,6.0,255
2026-03-05,SKU001,0.0,70,6.0,255
2026-03-06,SKU001,11.0,0,6.0,255
2026-03-07,SKU001,0.0,53,6.0,255
2026-03-08,SKU001,0.0,109,6.0,255
2026-03-09,SKU001,0.0,33,6.0,255
2026-03-10,SKU001,0.0,142,6.0,255
2026-03-11,SKU001,0.0,174,6.0,255
2026-03-12,SKU001,10.0,0,6.0,255
2026-03-13,SKU001,0.0,108,6.0,255
2026-03-14,SKU001,0.0,173,6.0,255
2026-03-15,SKU001,0.0,168,6.0,255
2026-03-16,SKU001,0.0,157,6.0,255
2026-03-17,SKU001,0.0,55,6.0,255
2026-03-18,SKU001,10.0,0,6.0,255
2026-03-19,SKU001,0.0,191,6.0,255
2026-03-20,SKU001,0.0,65,6.0,255
2026-03-21,SKU001,0.0,46,6.0,255
2026-03-22,SKU001,0.0,94,6.0,255
2026-03-23,SKU001,0.0,49,6.0,255
2026-03-24,SKU001,48.0,0,6.0,255
2026-03-25,SKU001,0.0,129,6.0,255
2026-03-26,SKU001,0.0,91,6.0,255
2026-03-27,SKU001,0.0,67,6.0,255
2026-03-28,SKU001,0.0,102,6.0,255
2026-03-29,SKU001,0.0,158,6.0,255
2026-03-30,SKU001,118.0,0,6.0,255
2026-03-31,SKU001,71.0,25,6.0,255
2026-04-01,SKU001,22.0,31,6.0,255
2026-04-02,SKU001,0.0,179,6.0,255
2026-04-03,SKU001,0.0,62,6.0,255
2026-04-04,SKU001,0.0,93,6.0,255
2026-04-05,SKU001,0.0,43,6.0,255
2026-04-06,SKU001,29.0,0,6.0,255
2026-04-07,SKU001,0.0,153,6.0,255
2026-04-08,SKU001,,33,6.0,255
2026-04-09,SKU001,0.0,100,6.0,255
2026-04-10,SKU001,0.0,128,6.0,255
2026-04-11,SKU001,0.0,72,6.0,255
2026-04-12,SKU001,108.0,0,6.0,255
2026-04-13,SKU001,54.0,24,6.0,255
2026-04-14,SKU001,0.0,96,6.0,255
2026-04-15,SKU001,0.0,168,6.0,255
2026-04-16,SKU001,0.0,44,6.0,255
2026-04-17,SKU001,0.0,56,6.0,255
2026-04-18,SKU001,96.0,0,6.0,255
2026-04-19,SKU001,40.0,77,6.0,255
2026-04-20,SKU001,0.0,66,6.0,255
2026-04-21,SKU001,0.0,112,6.0,255
2026-04-22,SKU001,0.0,131,6.0,255
2026-04-23,SKU001,0.0,145,6.0,255
2026-04-24,SKU001,31.0,0,6.0,255
2026-04-25,SKU001,0.0,124,6.0,255
2026-04-26,SKU001,0.0,180,6.0,255
2026-04-27,SKU001,0.0,185,6.0,255
2026-04-28,SKU001,0.0,131,6.0,255
2026-04-29,SKU001,0.0,115,6.0,255
2026-04-30,SKU001,100.0,0,6.0,255
2026-05-01,SKU001,41.0,178,6.0,255
2026-05-02,SKU001,0.0,62,6.0,255
2026-05-03,SKU001,0.0,87,6.0,255
2026-05-04,SKU001,0.0,28,6.0,255
2026-05-05,SKU001,0.0,188,6.0,255
2026-05-06,SKU001,98.0,0,6.0,255
2026-05-07,SKU001,28.0,37,6.0,255
2026-05-08,SKU001,0.0,171,6.0,255
2026-05-09,SKU001,0.0,144,6.0,255
2026-05-10,SKU001,0.0,170,6.0,255
2026-05-11,SKU001,0.0,168,6.0,255
2026-05-12,SKU001,12.0,0,6.0,255
2026-05-13,SKU001,0.0,73,6.0,255
2026-05-14,SKU001,0.0,81,6.0,255
2026-05-15,SKU001,0.0,142,6.0,255
2026-05-16,SKU001,0.0,136,6.0,255
2026-05-17,SKU001,,107,6.0,255
2026-05-18,SKU001,55.0,0,6.0,255
2026-05-19,SKU001,1.0,100,6.0,255
2026-05-20,SKU001,0.0,79,6.0,255
2026-05-21,SKU001,0.0,162,6.0,255
2026-05-22,SKU001,0.0,121,6.0,255
2026-05-23,SKU001,0.0,154,6.0,255
2026-05-24,SKU001,0.0,0,6.0,255
2026-05-25,SKU001,0.0,66,6.0,255
2026-05-26,SKU001,0.0,93,6.0,255
2026-05-27,SKU001,0.0,62,6.0,255
2026-05-28,SKU001,0.0,127,6.0,255
2026-05-29,SKU001,0.0,145,6.0,255
2026-05-30,SKU001,0.0,0,6.0,255
2026-05-31,SKU001,0.0,26,6.0,255
2026-06-01,SKU001,0.0,127,6.0,255
2026-06-02,SKU001,0.0,190,6.0,255
2026-06-03,SKU001,0.0,79,6.0,255
2026-06-04,SKU001,0.0,131,6.0,255
2026-06-05,SKU001,0.0,32,6.0,255
2026-06-06,SKU001,59.0,0,6.0,255
2026-06-07,SKU001,15.0,119,6.0,255
2026-06-08,SKU001,0.0,120,6.0,255
2026-06-09,SKU001,0.0,106,6.0,255
2026-06-10,SKU001,0.0,100,6.0,255
2026-06-11,SKU001,0.0,171,6.0,255
2026-06-12,SKU001,0.0,0,6.0,255
2026-06-13,SKU001,0.0,87,6.0,255
2026-06-14,SKU001,0.0,94,6.0,255
2026-06-15,SKU001,0.0,164,6.0,255
2026-06-16,SKU001,0.0,90,6.0,255
2026-06-17,SKU001,0.0,39,6.0,255
2026-06-18,SKU001,0.0,0,6.0,255
2026-06-19,SKU001,0.0,44,6.0,255
2026-06-20,SKU001,0.0,126,6.0,255
2026-06-21,SKU001,0.0,114,6.0,255
2026-06-22,SKU001,0.0,66,6.0,255
2026-06-23,SKU001,0.0,56,6.0,255
2026-06-24,SKU001,112.0,0,6.0,255
2026-06-25,SKU001,59.0,123,6.0,255
2026-06-26,SKU001,0.0,167,6.0,255
2026-06-27,SKU001,0.0,69,6.0,255
2026-06-28,SKU001,0.0,104,6.0,255
2026-06-29,SKU001,0.0,67,6.0,255
2026-06-30,SKU001,0.0,0,6.0,255
2025-01-01,SKU002,161.0,45,7.0,107
2025-01-02,SKU002,161.0,20,7.0,107
2025-01-03,SKU002,161.0,46,7.0,107
2025-01-04,SKU002,161.0,77,7.0,107
2025-01-05,SKU002,161.0,84,7.0,107
2025-01-06,SKU002,161.0,11,7.0,107
2025-01-07,SKU002,247.0,0,7.0,107
2025-01-08,SKU002,247.0,35,7.0,107
2025-01-09,SKU002,247.0,65,7.0,107
2025-01-10,SKU002,247.0,68,7.0,107
2025-01-11,SKU002,247.0,80,7.0,107
2025-01-12,SKU002,247.0,42,7.0,107
2025-01-13,SKU002,247.0,69,7.0,107
2025-01-14,SKU002,310.0,0,7.0,107
2025-01-15,SKU002,310.0,36,7.0,107
2025-01-16,SKU002,310.0,74,7.0,107
2025-01-17,SKU002,310.0,79,7.0,107
2025-01-18,SKU002,310.0,54,7.0,107
2025-01-19,SKU002,310.0,74,7.0,107
2025-01-20,SKU002,310.0,59,7.0,107
2025-01-21,SKU002,361.0,0,7.0,107
2025-01-22,SKU002,335.0,58,7.0,107
2025-01-23,SKU002,317.0,64,7.0,107
2025-01-24,SKU002,284.0,13,7.0,107
2025-01-25,SKU002,257.0,18,7.0,107
2025-01-26,SKU002,228.0,42,7.0,107
2025-01-27,SKU002,201.0,71,7.0,107
2025-01-28,SKU002,191.0,0,7.0,107
2025-01-29,SKU002,168.0,12,7.0,107
2025-01-30,SKU002,137.0,27,7.0,107
2025-01-31,SKU002,113.0,77,7.0,107
2025-02-01,SKU002,86.0,79,7.0,107
2025-02-02,SKU002,41.0,33,7.0,107
2025-02-03,SKU002,17.0,63,7.0,107
2025-02-04,SKU002,0.0,65,7.0,107
2025-02-05,SKU002,0.0,11,7.0,107
2025-02-06,SKU002,0.0,39,7.0,107
2025-02-07,SKU002,2.0,0,7.0,107
2025-02-08,SKU002,0.0,37,7.0,107
2025-02-09,SKU002,0.0,31,7.0,107
2025-02-10,SKU002,0.0,16,7.0,107
2025-02-11,SKU002,0.0,86,7.0,107
2025-02-12,SKU002,0.0,49,7.0,107
2025-02-13,SKU002,0.0,22,7.0,107
2025-02-14,SKU002,6.0,0,7.0,107
2025-02-15,SKU002,,13,7.0,107
2025-02-16,SKU002,0.0,34,7.0,107
2025-02-17,SKU002,0.0,15,7.0,107
2025-02-18,SKU002,0.0,30,7.0,107
2025-02-19,SKU002,0.0,44,7.0,107
2025-02-20,SKU002,0.0,62,7.0,107
2025-02-21,SKU002,50.0,0,7.0,107
2025-02-22,SKU002,24.0,15,7.0,107
2025-02-23,SKU002,0.0,29,7.0,107
2025-02-24,SKU002,0.0,21,7.0,107
2025-02-25,SKU002,0.0,37,7.0,107
2025-02-26,SKU002,0.0,24,7.0,107
2025-02-27,SKU002,0.0,29,7.0,107
2025-02-28,SKU002,57.0,0,7.0,107
2025-03-01,SKU002,35.0,60,7.0,107
2025-03-02,SKU002,21.0,77,7.0,107
2025-03-03,SKU002,8.0,52,7.0,107
2025-03-04,SKU002,0.0,74,7.0,107
2025-03-05,SKU002,0.0,37,7.0,107
2025-03-06,SKU002,0.0,29,7.0,107
2025-03-07,SKU002,32.0,0,7.0,107
2025-03-08,SKU002,11.0,83,7.0,107
2025-03-09,SKU002,0.0,75,7.0,107
2025-03-10,SKU002,0.0,29,7.0,107
2025-03-11,SKU002,0.0,84,7.0,107
2025-03-12,SKU002,0.0,51,7.0,107
2025-03-13,SKU002,0.0,43,7.0,107
2025-03-14,SKU002,7.0,0,7.0,107
2025-03-15,SKU002,0.0,59,7.0,107
2025-03-16,SKU002,0.0,55,7.0,107
2025-03-17,SKU002,0.0,74,7.0,107
2025-03-18,SKU002,0.0,81,7.0,107
2025-03-19,SKU002,0.0,68,7.0,107
2025-03-20,SKU002,0.0,25,7.0,107
2025-03-21,SKU002,0.0,0,7.0,107
2025-03-22,SKU002,0.0,52,7.0,107
2025-03-23,SKU002,0.0,22,7.0,107
2025-03-24,SKU002,0.0,58,7.0,107
2025-03-25,SKU002,0.0,23,7.0,107
2025-03-26,SKU002,0.0,28,7.0,107
2025-03-27,SKU002,0.0,17,7.0,107
2025-03-28,SKU002,48.0,0,7.0,107
2025-03-29,SKU002,14.0,56,7.0,107
2025-03-30,SKU002,0.0,37,7.0,107
2025-03-31,SKU002,0.0,41,7.0,107
2025-04-01,SKU002,0.0,21,7.0,107
2025-04-02,SKU002,0.0,76,7.0,107
2025-04-03,SKU002,0.0,34,7.0,107
2025-04-04,SKU002,0.0,16,7.0,107
2025-04-05,SKU002,0.0,38,7.0,107
2025-04-06,SKU002,0.0,29,7.0,107
2025-04-07,SKU002,15.0,0,7.0,107
2025-04-08,SKU002,0.0,77,7.0,107
2025-04-09,SKU002,0.0,68,7.0,107
2025-04-10,SKU002,0.0,29,7.0,107
2025-04-11,SKU002,0.0,35,7.0,107
2025-04-12,SKU002,0.0,44,7.0,107
2025-04-13,SKU002,0.0,23,7.0,107
2025-04-14,SKU002,17.0,0,7.0,107
2025-04-15,SKU002,0.0,34,7.0,107
2025-04-16,SKU002,0.0,25,7.0,107
2025-04-17,SKU002,0.0,32,7.0,107
2025-04-18,SKU002,0.0,43,7.0,107
2025-04-19,SKU002,0.0,76,7.0,107
2025-04-20,SKU002,0.0,63,7.0,107
2025-04-21,SKU002,0.0,0,7.0,107
2025-04-22,SKU002,0.0,50,7.0,107
2025-04-23,SKU002,0.0,29,7.0,107
2025-04-24,SKU002,0.0,11,7.0,107
2025-04-25,SKU002,0.0,54,7.0,107
2025-04-26,SKU002,0.0,26,7.0,107
2025-04-27,SKU002,0.0,60,7.0,107
2025-04-28,SKU002,0.0,0,7.0,107
2025-04-29,SKU002,0.0,29,7.0,107
2025-04-30,SKU002,0.0,56,7.0,107
2025-05-01,SKU002,0.0,56,7.0,107
2025-05-02,SKU002,0.0,76,7.0,107
2025-05-03,SKU002,0.0,26,7.0,107
2025-05-04,SKU002,0.0,86,7.0,107
2025-05-05,SKU002,0.0,39,7.0,107
2025-05-06,SKU002,0.0,85,7.0,107
2025-05-07,SKU002,0.0,0,7.0,107
2025-05-08,SKU002,0.0,84,7.0,107
2025-05-09,SKU002,0.0,85,7.0,107
2025-05-10,SKU002,0.0,33,7.0,107
2025-05-11,SKU002,0.0,26,7.0,107
2025-05-12,SKU002,0.0,57,7.0,107
2025-05-13,SKU002,0.0,21,7.0,107
2025-05-14,SKU002,0.0,0,7.0,107
2025-05-15,SKU002,0.0,86,7.0,107
2025-05-16,SKU002,0.0,69,7.0,107
2025-05-17,SKU002,0.0,72,7.0,107
2025-05-18,SKU002,0.0,78,7.0,107
2025-05-19,SKU002,0.0,64,7.0,107
2025-05-20,SKU002,0.0,66,7.0,107
2025-05-21,SKU002,50.0,0,7.0,107
2025-05-22,SKU002,30.0,41,7.0,107
2025-05-23,SKU002,18.0,18,7.0,107
2025-05-24,SKU002,0.0,57,7.0,107
2025-05-25,SKU002,0.0,72,7.0,107
2025-05-26,SKU002,0.0,29,7.0,107
2025-05-27,SKU002,0.0,25,7.0,107
2025-05-28,SKU002,54.0,0,7.0,107
2025-05-29,SKU002,35.0,21,7.0,107
2025-05-30,SKU002,2.0,53,7.0,107
2025-05-31,SKU002,0.0,68,7.0,107
2025-06-01,SKU002,0.0,18,7.0,107
2025-06-02,SKU002,0.0,54,7.0,107
2025-06-03,SKU002,0.0,63,7.0,107
2025-06-04,SKU002,0.0,14,7.0,107
2025-06-05,SKU002,0.0,43,7.0,107
2025-06-06,SKU002,0.0,47,7.0,107
2025-06-07,SKU002,24.0,0,7.0,107
2025-06-08,SKU002,0.0,14,7.0,107
2025-06-09,SKU002,0.0,79,7.0,107
2025-06-10,SKU002,0.0,77,7.0,107
2025-06-11,SKU002,0.0,76,7.0,107
2025-06-12,SKU002,0.0,50,7.0,107
2025-06-13,SKU002,0.0,71,7.0,107
2025-06-14,SKU002,30.0,0,7.0,107
2025-06-15,SKU002,0.0,85,7.0,107
2025-06-16,SKU002,0.0,73,7.0,107
2025-06-17,SKU002,0.0,20,7.0,107
2025-06-18,SKU002,0.0,21,7.0,107
2025-06-19,SKU002,0.0,50,7.0,107
2025-06-20,SKU002,0.0,65,7.0,107
2025-06-21,SKU002,47.0,0,7.0,107
2025-06-22,SKU002,22.0,11,7.0,107
2025-06-23,SKU002,4.0,44,7.0,107
2025-06-24,SKU002,0.0,43,7.0,107
2025-06-25,SKU002,0.0,64,7.0,107
2025-06-26,SKU002,0.0,53,7.0,107
2025-06-27,SKU002,0.0,72,7.0,107
2025-06-28,SKU002,31.0,0,7.0,107
2025-06-29,SKU002,9.0,47,7.0,107
2025-06-30,SKU002,0.0,29,7.0,107
2025-07-01,SKU002,0.0,60,7.0,107
2025-07-02,SKU002,0.0,28,7.0,107
2025-07-03,SKU002,0.0,60,7.0,107
2025-07-04,SKU002,0.0,22,7.0,107
2025-07-05,SKU002,0.0,27,7.0,107
2025-07-06,SKU002,0.0,44,7.0,107
2025-07-07,SKU002,26.0,0,7.0,107
2025-07-08,SKU002,3.0,84,7.0,107
2025-07-09,SKU002,0.0,57,7.0,107
2025-07-10,SKU002,0.0,43,7.0,107
2025-07-11,SKU002,0.0,74,7.0,107
2025-07-12,SKU002,0.0,21,7.0,107
2025-07-13,SKU002,0.0,12,7.0,107
2025-07-14,SKU002,11.0,0,7.0,107
2025-07-15,SKU002,0.0,51,7.0,107
2025-07-16,SKU002,0.0,59,7.0,107
2025-07-17,SKU002,0.0,72,7.0,107
2025-07-18,SKU002,0.0,57,7.0,107
2025-07-19,SKU002,0.0,19,7.0,107
2025-07-20,SKU002,0.0,71,7.0,107
2025-07-21,SKU002,0.0,0,7.0,107
2025-07-22,SKU002,0.0,65,7.0,107
2025-07-23,SKU002,0.0,51,7.0,107
2025-07-24,SKU002,0.0,49,7.0,107
2025-07-25,SKU002,0.0,68,7.0,107
2025-07-26,SKU002,0.0,14,7.0,107
2025-07-27,SKU002,0.0,42,7.0,107
2025-07-28,SKU002,64.0,0,7.0,107
2025-07-29,SKU002,37.0,12,7.0,107
2025-07-30,SKU002,17.0,78,7.0,107
2025-07-31,SKU002,0.0,60,7.0,107
2025-08-01,SKU002,0.0,80,7.0,107
2025-08-02,SKU002,0.0,14,7.0,107
2025-08-03,SKU002,0.0,73,7.0,107
2025-08-04,SKU002,0.0,51,7.0,107
2025-08-05,SKU002,0.0,30,7.0,107
2025-08-06,SKU002,0.0,47,7.0,107
2025-08-07,SKU002,58.0,0,7.0,107
2025-08-08,SKU002,29.0,44,7.0,107
2025-08-09,SKU002,0.0,21,7.0,107
2025-08-10,SKU002,0.0,16,7.0,107
2025-08-11,SKU002,0.0,12,7.0,107
2025-08-12,SKU002,0.0,27,7.0,107
2025-08-13,SKU002,0.0,53,7.0,107
2025-08-14,SKU002,16.0,0,7.0,107
2025-08-15,SKU002,0.0,78,7.0,107
2025-08-16,SKU002,0.0,71,7.0,107
2025-08-17,SKU002,0.0,46,7.0,107
2025-08-18,SKU002,0.0,28,7.0,107
2025-08-19,SKU002,0.0,42,7.0,107
2025-08-20,SKU002,0.0,60,7.0,107
2025-08-21,SKU002,0.0,0,7.0,107
2025-08-22,SKU002,0.0,79,7.0,107
2025-08-23,SKU002,0.0,61,7.0,107
2025-08-24,SKU002,0.0,85,7.0,107
2025-08-25,SKU002,0.0,62,7.0,107
2025-08-26,SKU002,0.0,38,7.0,107
2025-08-27,SKU002,0.0,44,7.0,107
2025-08-28,SKU002,0.0,0,7.0,107
2025-08-29,SKU002,0.0,15,7.0,107
2025-08-30,SKU002,0.0,18,7.0,107
2025-08-31,SKU002,0.0,41,7.0,107
2025-09-01,SKU002,0.0,33,7.0,107
2025-09-02,SKU002,0.0,41,7.0,107
2025-09-03,SKU002,0.0,42,7.0,107
2025-09-04,SKU002,0.0,38,7.0,107
2025-09-05,SKU002,0.0,50,7.0,107
2025-09-06,SKU002,0.0,82,7.0,107
2025-09-07,SKU002,22.0,0,7.0,107
2025-09-08,SKU002,8.0,74,7.0,107
2025-09-09,SKU002,0.0,70,7.0,107
2025-09-10,SKU002,0.0,43,7.0,107
2025-09-11,SKU002,0.0,29,7.0,107
2025-09-12,SKU002,0.0,13,7.0,107
2025-09-13,SKU002,0.0,15,7.0,107
2025-09-14,SKU002,2.0,0,7.0,107
2025-09-15,SKU002,0.0,78,7.0,107
2025-09-16,SKU002,0.0,19,7.0,107
2025-09-17,SKU002,0.0,74,7.0,107
2025-09-18,SKU002,0.0,46,7.0,107
2025-09-19,SKU002,0.0,60,7.0,107
2025-09-20,SKU002,0.0,22,7.0,107
2025-09-21,SKU002,50.0,0,7.0,107
2025-09-22,SKU002,28.0,17,7.0,107
2025-09-23,SKU002,0.0,51,7.0,107
2025-09-24,SKU002,0.0,18,7.0,107
2025-09-25,SKU002,0.0,76,7.0,107
2025-09-26,SKU002,0.0,56,7.0,107
2025-09-27,SKU002,0.0,52,7.0,107
2025-09-28,SKU002,5.0,0,7.0,107
2025-09-29,SKU002,0.0,50,7.0,107
2025-09-30,SKU002,0.0,12,7.0,107
2025-10-01,SKU002,0.0,48,7.0,107
2025-10-02,SKU002,0.0,27,7.0,107
2025-10-03,SKU002,0.0,79,7.0,107
2025-10-04,SKU002,0.0,31,7.0,107
2025-10-05,SKU002,0.0,50,7.0,107
2025-10-06,SKU002,0.0,11,7.0,107
2025-10-07,SKU002,32.0,0,7.0,107
2025-10-08,SKU002,0.0,23,7.0,107
2025-10-09,SKU002,0.0,87,7.0,107
2025-10-10,SKU002,0.0,33,7.0,107
2025-10-11,SKU002,0.0,62,7.0,107
2025-10-12,SKU002,0.0,84,7.0,107
2025-10-13,SKU002,0.0,69,7.0,107
2025-10-14,SKU002,20.0,0,7.0,107
2025-10-15,SKU002,1.0,81,7.0,107
2025-10-16,SKU002,0.0,27,7.0,107
2025-10-17,SKU002,0.0,59,7.0,107
2025-10-18,SKU002,0.0,68,7.0,107
2025-10-19,SKU002,0.0,38,7.0,107
2025-10-20,SKU002,0.0,74,7.0,107
2025-10-21,SKU002,19.0,0,7.0,107
2025-10-22,SKU002,1.0,77,7.0,107
2025-10-23,SKU002,0.0,27,7.0,107
2025-10-24,SKU002,0.0,79,7.0,107
2025-10-25,SKU002,0.0,52,7.0,107
2025-10-26,SKU002,0.0,43,7.0,107
2025-10-27,SKU002,0.0,29,7.0,107
2025-10-28,SKU002,0.0,0,7.0,107
2025-10-29,SKU002,0.0,33,7.0,107
2025-10-30,SKU002,0.0,41,7.0,107
2025-10-31,SKU002,0.0,57,7.0,107
2025-11-01,SKU002,0.0,66,7.0,107
2025-11-02,SKU002,0.0,14,7.0,107
2025-11-03,SKU002,0.0,84,7.0,107
2025-11-04,SKU002,0.0,30,7.0,107
2025-11-05,SKU002,0.0,63,7.0,107
2025-11-06,SKU002,0.0,73,7.0,107
2025-11-07,SKU002,27.0,0,7.0,107
2025-11-08,SKU002,10.0,44,7.0,107
2025-11-09,SKU002,0.0,14,7.0,107
2025-11-10,SKU002,0.0,42,7.0,107
2025-11-11,SKU002,0.0,83,7.0,107
2025-11-12,SKU002,0.0,39,7.0,107
2025-11-13,SKU002,0.0,80,7.0,107
2025-11-14,SKU002,28.0,0,7.0,107
2025-11-15,SKU002,0.0,79,7.0,107
2025-11-16,SKU002,0.0,26,7.0,107
2025-11-17,SKU002,0.0,62,7.0,107
2025-11-18,SKU002,0.0,18,7.0,107
2025-11-19,SKU002,0.0,48,7.0,107
2025-11-20,SKU002,0.0,66,,107
2025-11-21,SKU002,0.0,0,7.0,107
2025-11-22,SKU002,0.0,84,7.0,107
2025-11-23,SKU002,0.0,47,7.0,107
2025-11-24,SKU002,0.0,45,7.0,107
2025-11-25,SKU002,0.0,79,7.0,107
2025-11-26,SKU002,0.0,77,7.0,107
2025-11-27,SKU002,0.0,81,7.0,107
2025-11-28,SKU002,18.0,0,7.0,107
2025-11-29,SKU002,0.0,61,7.0,107
2025-11-30,SKU002,0.0,28,7.0,107
2025-12-01,SKU002,0.0,68,7.0,107
2025-12-02,SKU002,0.0,58,7.0,107
2025-12-03,SKU002,0.0,37,7.0,107
2025-12-04,SKU002,0.0,85,7.0,107
2025-12-05,SKU002,0.0,48,7.0,107
2025-12-06,SKU002,0.0,66,7.0,107
2025-12-07,SKU002,31.0,0,7.0,107
2025-12-08,SKU002,9.0,11,7.0,107
2025-12-09,SKU002,0.0,46,7.0,107
2025-12-10,SKU002,0.0,57,7.0,107
2025-12-11,SKU002,0.0,87,7.0,107
2025-12-12,SKU002,0.0,22,7.0,107
2025-12-13,SKU002,0.0,63,7.0,107
2025-12-14,SKU002,14.0,0,7.0,107
2025-12-15,SKU002,0.0,47,7.0,107
2025-12-16,SKU002,0.0,23,7.0,107
2025-12-17,SKU002,0.0,51,7.0,107
2025-12-18,SKU002,0.0,14,7.0,107
2025-12-19,SKU002,0.0,42,7.0,107
2025-12-20,SKU002,0.0,42,7.0,107
2025-12-21,SKU002,0.0,0,7.0,107
2025-12-22,SKU002,0.0,87,7.0,107
2025-12-23,SKU002,0.0,65,7.0,107
2025-12-24,SKU002,0.0,84,7.0,107
2025-12-25,SKU002,0.0,68,7.0,107
2025-12-26,SKU002,0.0,49,7.0,107
2025-12-27,SKU002,0.0,58,7.0,107
2025-12-28,SKU002,0.0,0,7.0,107
2025-12-29,SKU002,0.0,22,7.0,107
2025-12-30,SKU002,0.0,48,7.0,107
2025-12-31,SKU002,0.0,26,7.0,107
2026-01-01,SKU002,0.0,70,7.0,107
2026-01-02,SKU002,0.0,33,7.0,107
2026-01-03,SKU002,0.0,17,7.0,107
2026-01-04,SKU002,0.0,56,7.0,107
2026-01-05,SKU002,0.0,53,7.0,107
2026-01-06,SKU002,0.0,31,7.0,107
2026-01-07,SKU002,0.0,0,7.0,107
2026-01-08,SKU002,0.0,59,7.0,107
2026-01-09,SKU002,0.0,67,7.0,107
2026-01-10,SKU002,0.0,25,7.0,107
2026-01-11,SKU002,0.0,68,7.0,107
2026-01-12,SKU002,0.0,61,7.0,107
2026-01-13,SKU002,0.0,70,7.0,107
2026-01-14,SKU002,0.0,0,7.0,107
2026-01-15,SKU002,0.0,85,7.0,107
2026-01-16,SKU002,0.0,61,7.0,107
2026-01-17,SKU002,0.0,30,7.0,107
2026-01-18,SKU002,0.0,78,7.0,107
2026-01-19,SKU002,0.0,55,7.0,107
2026-01-20,SKU002,0.0,23,7.0,107
2026-01-21,SKU002,55.0,0,7.0,107
2026-01-22,SKU002,22.0,66,7.0,107
2026-01-23,SKU002,0.0,32,7.0,107
2026-01-24,SKU002,0.0,52,7.0,107
2026-01-25,SKU002,0.0,41,7.0,107
2026-01-26,SKU002,0.0,11,7.0,107
2026-01-27,SKU002,0.0,47,7.0,107
2026-01-28,SKU002,6.0,0,7.0,107
2026-01-29,SKU002,0.0,22,7.0,107
2026-01-30,SKU002,0.0,18,7.0,107
2026-01-31,SKU002,0.0,28,7.0,107
2026-02-01,SKU002,0.0,69,7.0,107
2026-02-02,SKU002,0.0,38,7.0,107
2026-02-03,SKU002,0.0,21,7.0,107
2026-02-04,SKU002,0.0,24,7.0,107
2026-02-05,SKU002,0.0,61,7.0,107
2026-02-06,SKU002,0.0,42,7.0,107
2026-02-07,SKU002,35.0,0,7.0,107
2026-02-08,SKU002,7.0,15,7.0,107
2026-02-09,SKU002,0.0,67,7.0,107
2026-02-10,SKU002,0.0,85,7.0,107
2026-02-11,SKU002,0.0,71,7.0,107
2026-02-12,SKU002,0.0,66,7.0,107
2026-02-13,SKU002,0.0,26,7.0,107
2026-02-14,SKU002,17.0,0,7.0,107
2026-02-15,SKU002,0.0,22,7.0,107
2026-02-16,SKU002,0.0,69,7.0,107
2026-02-17,SKU002,0.0,68,7.0,107
2026-02-18,SKU002,0.0,20,7.0,107
2026-02-19,SKU002,0.0,68,7.0,107
2026-02-20,SKU002,0.0,54,7.0,107
2026-02-21,SKU002,54.0,0,7.0,107
2026-02-22,SKU002,36.0,87,7.0,107
2026-02-23,SKU002,18.0,17,7.0,107
2026-02-24,SKU002,0.0,75,7.0,107
2026-02-25,SKU002,0.0,23,7.0,107
2026-02-26,SKU002,0.0,53,7.0,107
2026-02-27,SKU002,0.0,49,7.0,107
2026-02-28,SKU002,8.0,0,7.0,107
2026-03-01,SKU002,0.0,66,7.0,107
2026-03-02,SKU002,0.0,52,7.0,107
2026-03-03,SKU002,0.0,58,7.0,107
2026-03-04,SKU002,0.0,64,7.0,107
2026-03-05,SKU002,0.0,42,7.0,107
2026-03-06,SKU002,0.0,14,7.0,107
2026-03-07,SKU002,0.0,0,7.0,107
2026-03-08,SKU002,0.0,24,7.0,107
2026-03-09,SKU002,0.0,68,7.0,107
2026-03-10,SKU002,0.0,30,7.0,107
2026-03-11,SKU002,0.0,39,7.0,107
2026-03-12,SKU002,0.0,45,7.0,107
2026-03-13,SKU002,0.0,75,7.0,107
2026-03-14,SKU002,41.0,0,7.0,107
2026-03-15,SKU002,3.0,27,7.0,107
2026-03-16,SKU002,0.0,42,7.0,107
2026-03-17,SKU002,0.0,29,7.0,107
2026-03-18,SKU002,0.0,86,7.0,107
2026-03-19,SKU002,0.0,52,7.0,107
2026-03-20,SKU002,0.0,11,7.0,107
2026-03-21,SKU002,0.0,0,7.0,107
2026-03-22,SKU002,0.0,76,7.0,107
2026-03-23,SKU002,0.0,41,7.0,107
2026-03-24,SKU002,0.0,80,7.0,107
2026-03-25,SKU002,0.0,62,7.0,107
2026-03-26,SKU002,0.0,52,7.0,107
2026-03-27,SKU002,0.0,73,7.0,107
2026-03-28,SKU002,48.0,0,7.0,107
2026-03-29,SKU002,22.0,55,7.0,107
2026-03-30,SKU002,0.0,17,7.0,107
2026-03-31,SKU002,0.0,72,7.0,107
2026-04-01,SKU002,0.0,74,7.0,107
2026-04-02,SKU002,0.0,79,7.0,107
2026-04-03,SKU002,0.0,18,7.0,107
2026-04-04,SKU002,0.0,85,7.0,107
2026-04-05,SKU002,0.0,44,7.0,107
2026-04-06,SKU002,0.0,27,7.0,107
2026-04-07,SKU002,42.0,0,7.0,107
2026-04-08,SKU002,22.0,70,7.0,107
2026-04-09,SKU002,2.0,11,7.0,107
2026-04-10,SKU002,0.0,36,7.0,107
2026-04-11,SKU002,0.0,47,7.0,107
2026-04-12,SKU002,0.0,76,7.0,107
2026-04-13,SKU002,0.0,12,7.0,107
2026-04-14,SKU002,43.0,0,7.0,107
2026-04-15,SKU002,28.0,82,7.0,107
2026-04-16,SKU002,0.0,83,7.0,107
2026-04-17,SKU002,0.0,28,7.0,107
2026-04-18,SKU002,0.0,58,7.0,107
2026-04-19,SKU002,0.0,47,7.0,107
2026-04-20,SKU002,0.0,58,7.0,107
2026-04-21,SKU002,31.0,0,7.0,107
2026-04-22,SKU002,4.0,80,7.0,107
2026-04-23,SKU002,0.0,67,7.0,107
2026-04-24,SKU002,0.0,53,7.0,107
2026-04-25,SKU002,0.0,87,7.0,107
2026-04-26,SKU002,0.0,83,7.0,107
2026-04-27,SKU002,0.0,22,7.0,107
2026-04-28,SKU002,36.0,0,7.0,107
2026-04-29,SKU002,18.0,83,7.0,107
2026-04-30,SKU002,3.0,76,7.0,107
2026-05-01,SKU002,0.0,79,7.0,107
2026-05-02,SKU002,0.0,58,7.0,107
2026-05-03,SKU002,0.0,17,7.0,107
2026-05-04,SKU002,0.0,12,7.0,107
2026-05-05,SKU002,0.0,34,7.0,107
2026-05-06,SKU002,0.0,58,7.0,107
2026-05-07,SKU002,63.0,0,7.0,107
2026-05-08,SKU002,40.0,41,7.0,107
2026-05-09,SKU002,8.0,59,7.0,107
2026-05-10,SKU002,0.0,52,7.0,107
2026-05-11,SKU002,0.0,29,7.0,107
2026-05-12,SKU002,0.0,35,7.0,107
2026-05-13,SKU002,0.0,39,7.0,107
2026-05-14,SKU002,53.0,0,7.0,107
2026-05-15,SKU002,24.0,62,7.0,107
2026-05-16,SKU002,0.0,47,7.0,107
2026-05-17,SKU002,0.0,87,7.0,107
2026-05-18,SKU002,0.0,33,7.0,107
2026-05-19,SKU002,0.0,67,7.0,107
2026-05-20,SKU002,0.0,19,7.0,107
2026-05-21,SKU002,12.0,0,7.0,107
2026-05-22,SKU002,0.0,70,7.0,107
2026-05-23,SKU002,0.0,47,7.0,107
2026-05-24,SKU002,0.0,56,7.0,107
2026-05-25,SKU002,0.0,47,7.0,107
2026-05-26,SKU002,0.0,28,7.0,107
2026-05-27,SKU002,0.0,78,7.0,107
2026-05-28,SKU002,23.0,0,7.0,107
2026-05-29,SKU002,0.0,68,7.0,107
2026-05-30,SKU002,0.0,84,7.0,107
2026-05-31,SKU002,0.0,64,7.0,107
2026-06-01,SKU002,0.0,15,7.0,107
2026-06-02,SKU002,0.0,59,7.0,107
2026-06-03,SKU002,0.0,49,7.0,107
2026-06-04,SKU002,0.0,28,7.0,107
2026-06-05,SKU002,0.0,56,7.0,107
2026-06-06,SKU002,0.0,62,7.0,107
2026-06-07,SKU002,35.0,0,7.0,107
2026-06-08,SKU002,21.0,22,7.0,107
2026-06-09,SKU002,0.0,59,7.0,107
2026-06-10,SKU002,0.0,12,7.0,107
2026-06-11,SKU002,0.0,23,7.0,107
2026-06-12,SKU002,0.0,72,7.0,107
2026-06-13,SKU002,0.0,48,7.0,107
2026-06-14,SKU002,22.0,0,7.0,107
2026-06-15,SKU002,0.0,37,7.0,107
2026-06-16,SKU002,0.0,54,7.0,107
2026-06-17,SKU002,0.0,13,7.0,107
2026-06-18,SKU002,0.0,12,7.0,107
2026-06-19,SKU002,0.0,80,7.0,107
2026-06-20,SKU002,0.0,33,7.0,107
2026-06-21,SKU002,50.0,0,7.0,107
2026-06-22,SKU002,27.0,50,7.0,107
2026-06-23,SKU002,0.0,16,7.0,107
2026-06-24,SKU002,0.0,15,7.0,107
2026-06-25,SKU002,0.0,15,7.0,107
2026-06-26,SKU002,0.0,49,7.0,107
2026-06-27,SKU002,0.0,36,7.0,107
2026-06-28,SKU002,68.0,0,7.0,107
2026-06-29,SKU002,37.0,19,7.0,107
2026-06-30,SKU002,6.0,41,7.0,107
2025-01-01,SKU003,48.0,8,7.0,48
2025-01-02,SKU003,35.0,28,7.0,48
2025-01-03,SKU003,16.0,29,7.0,48
2025-01-04,SKU003,1.0,38,7.0,48
2025-01-05,SKU003,0.0,12,7.0,48
2025-01-06,SKU003,0.0,27,7.0,48
2025-01-07,SKU003,2.0,0,7.0,48
2025-01-08,SKU003,0.0,15,7.0,48
2025-01-09,SKU003,0.0,34,7.0,48
2025-01-10,SKU003,0.0,35,7.0,48
2025-01-11,SKU003,0.0,14,7.0,48
2025-01-12,SKU003,0.0,25,7.0,48
2025-01-13,SKU003,0.0,30,7.0,48
2025-01-14,SKU003,1.0,0,7.0,48
2025-01-15,SKU003,0.0,10,7.0,48
2025-01-16,SKU003,0.0,33,7.0,48
2025-01-17,SKU003,0.0,23,7.0,48
2025-01-18,SKU003,0.0,14,7.0,48
2025-01-19,SKU003,0.0,5,7.0,48
2025-01-20,SKU003,0.0,34,7.0,48
2025-01-21,SKU003,5.0,0,7.0,48
2025-01-22,SKU003,0.0,24,7.0,48
2025-01-23,SKU003,0.0,9,7.0,48
2025-01-24,SKU003,0.0,7,7.0,48
2025-01-25,SKU003,0.0,17,7.0,48
2025-01-26,SKU003,0.0,12,7.0,48
2025-01-27,SKU003,0.0,6,7.0,48
2025-01-28,SKU003,3.0,0,7.0,48
2025-01-29,SKU003,0.0,27,7.0,48
2025-01-30,SKU003,0.0,13,7.0,48
2025-01-31,SKU003,0.0,38,7.0,48
2025-02-01,SKU003,0.0,36,7.0,48
2025-02-02,SKU003,0.0,16,7.0,48
2025-02-03,SKU003,0.0,32,7.0,48
2025-02-04,SKU003,0.0,11,7.0,48
2025-02-05,SKU003,0.0,21,7.0,48
2025-02-06,SKU003,0.0,19,7.0,48
2025-02-07,SKU003,23.0,0,7.0,48
2025-02-08,SKU003,15.0,18,7.0,48
2025-02-09,SKU003,0.0,10,7.0,48
2025-02-10,SKU003,0.0,29,7.0,48
2025-02-11,SKU003,0.0,27,7.0,48
2025-02-12,SKU003,0.0,16,7.0,48
2025-02-13,SKU003,0.0,30,7.0,48
2025-02-14,SKU003,11.0,0,7.0,48
2025-02-15,SKU003,0.0,10,7.0,48
2025-02-16,SKU003,0.0,11,7.0,48
2025-02-17,SKU003,0.0,27,7.0,48
2025-02-18,SKU003,0.0,25,7.0,48
2025-02-19,SKU003,0.0,6,7.0,48
2025-02-20,SKU003,0.0,13,7.0,48
2025-02-21,SKU003,0.0,0,7.0,48
2025-02-22,SKU003,0.0,38,7.0,48
2025-02-23,SKU003,0.0,21,7.0,48
2025-02-24,SKU003,0.0,22,7.0,48
2025-02-25,SKU003,0.0,9,7.0,48
2025-02-26,SKU003,0.0,21,7.0,48
2025-02-27,SKU003,0.0,38,7.0,48
2025-02-28,SKU003,23.0,0,7.0,48
2025-03-01,SKU003,9.0,21,7.0,48
2025-03-02,SKU003,0.0,35,7.0,48
2025-03-03,SKU003,0.0,19,7.0,48
2025-03-04,SKU003,0.0,26,7.0,48
2025-03-05,SKU003,0.0,18,7.0,48
2025-03-06,SKU003,0.0,28,7.0,48
2025-03-07,SKU003,16.0,0,7.0,48
2025-03-08,SKU003,6.0,8,7.0,48
2025-03-09,SKU003,0.0,35,7.0,48
2025-03-10,SKU003,0.0,13,7.0,48
2025-03-11,SKU003,0.0,31,7.0,48
2025-03-12,SKU003,0.0,37,7.0,48
2025-03-13,SKU003,0.0,15,7.0,48
2025-03-14,SKU003,21.0,0,7.0,48
2025-03-15,SKU003,9.0,31,7.0,48
2025-03-16,SKU003,4.0,30,7.0,48
2025-03-17,SKU003,0.0,8,7.0,48
2025-03-18,SKU003,0.0,20,7.0,48
2025-03-19,SKU003,0.0,21,7.0,48
2025-03-20,SKU003,0.0,35,7.0,48
2025-03-21,SKU003,6.0,0,7.0,48
2025-03-22,SKU003,0.0,18,7.0,48
2025-03-23,SKU003,0.0,19,7.0,48
2025-03-24,SKU003,0.0,38,7.0,48
2025-03-25,SKU003,0.0,26,7.0,48
2025-03-26,SKU003,0.0,22,7.0,48
2025-03-27,SKU003,0.0,31,7.0,48
2025-03-28,SKU003,4.0,0,7.0,48
2025-03-29,SKU003,0.0,34,7.0,48
2025-03-30,SKU003,0.0,26,7.0,48
2025-03-31,SKU003,0.0,14,7.0,48
2025-04-01,SKU003,0.0,8,7.0,48
2025-04-02,SKU003,0.0,22,7.0,48
2025-04-03,SKU003,0.0,31,7.0,48
2025-04-04,SKU003,0.0,16,7.0,48
2025-04-05,SKU003,0.0,38,7.0,48
2025-04-06,SKU003,0.0,23,7.0,48
2025-04-07,SKU003,27.0,0,7.0,48
2025-04-08,SKU003,15.0,9,7.0,48
2025-04-09,SKU003,0.0,23,7.0,48
2025-04-10,SKU003,0.0,38,7.0,48
2025-04-11,SKU003,0.0,19,7.0,48
2025-04-12,SKU003,0.0,31,7.0,48
2025-04-13,SKU003,0.0,29,7.0,48
2025-04-14,SKU003,,0,7.0,48
2025-04-15,SKU003,0.0,33,7.0,48
2025-04-16,SKU003,0.0,20,7.0,48
2025-04-17,SKU003,0.0,18,7.0,48
2025-04-18,SKU003,0.0,27,7.0,48
2025-04-19,SKU003,0.0,12,7.0,48
2025-04-20,SKU003,0.0,36,7.0,48
2025-04-21,SKU003,0.0,0,7.0,48
2025-04-22,SKU003,0.0,35,7.0,48
2025-04-23,SKU003,0.0,23,7.0,48
2025-04-24,SKU003,0.0,28,7.0,48
2025-04-25,SKU003,0.0,38,7.0,48
2025-04-26,SKU003,0.0,38,7.0,48
2025-04-27,SKU003,0.0,34,7.0,48
2025-04-28,SKU003,25.0,0,7.0,48
2025-04-29,SKU003,8.0,24,7.0,48
2025-04-30,SKU003,0.0,12,7.0,48
2025-05-01,SKU003,0.0,20,7.0,48
2025-05-02,SKU003,0.0,24,7.0,48
2025-05-03,SKU003,0.0,13,7.0,48
2025-05-04,SKU003,0.0,25,7.0,48
2025-05-05,SKU003,0.0,24,7.0,48
2025-05-06,SKU003,0.0,29,7.0,48
2025-05-07,SKU003,14.0,0,7.0,48
2025-05-08,SKU003,4.0,34,7.0,48
2025-05-09,SKU003,0.0,19,7.0,48
2025-05-10,SKU003,0.0,24,7.0,48
2025-05-11,SKU003,0.0,25,7.0,48
2025-05-12,SKU003,0.0,16,7.0,48
2025-05-13,SKU003,0.0,27,7.0,48
2025-05-14,SKU003,4.0,0,7.0,48
2025-05-15,SKU003,1.0,31,7.0,48
2025-05-16,SKU003,0.0,36,7.0,48
2025-05-17,SKU003,0.0,13,7.0,48
2025-05-18,SKU003,0.0,25,7.0,48
2025-05-19,SKU003,0.0,34,7.0,48
2025-05-20,SKU003,0.0,25,7.0,48
2025-05-21,SKU003,13.0,0,7.0,48
2025-05-22,SKU003,5.0,28,7.0,48
2025-05-23,SKU003,-25.0,18,7.0,48
2025-05-24,SKU003,0.0,21,7.0,48
2025-05-25,SKU003,0.0,39,7.0,48
2025-05-26,SKU003,0.0,18,7.0,48
2025-05-27,SKU003,0.0,36,7.0,48
2025-05-28,SKU003,25.0,0,7.0,48
2025-05-29,SKU003,15.0,19,7.0,48
2025-05-30,SKU003,5.0,36,7.0,48
2025-05-31,SKU003,0.0,10,7.0,48
2025-06-01,SKU003,0.0,37,7.0,48
2025-06-02,SKU003,0.0,29,7.0,48
2025-06-03,SKU003,0.0,23,7.0,48
2025-06-04,SKU003,0.0,20,7.0,48
2025-06-05,SKU003,0.0,37,7.0,48
2025-06-06,SKU003,0.0,32,7.0,48
2025-06-07,SKU003,7.0,0,7.0,48
2025-06-08,SKU003,0.0,33,7.0,48
2025-06-09,SKU003,0.0,24,7.0,48
2025-06-10,SKU003,0.0,30,7.0,48
2025-06-11,SKU003,0.0,26,7.0,48
2025-06-12,SKU003,0.0,11,7.0,48
2025-06-13,SKU003,0.0,12,7.0,48
2025-06-14,SKU003,16.0,0,7.0,48
2025-06-15,SKU003,0.0,14,7.0,48
2025-06-16,SKU003,0.0,35,7.0,48
2025-06-17,SKU003,0.0,23,7.0,48
2025-06-18,SKU003,0.0,9,7.0,48
2025-06-19,SKU003,0.0,31,7.0,48
2025-06-20,SKU003,0.0,30,7.0,48
2025-06-21,SKU003,16.0,0,7.0,48
2025-06-22,SKU003,5.0,36,7.0,48
2025-06-23,SKU003,0.0,30,7.0,48
2025-06-24,SKU003,0.0,31,7.0,48
2025-06-25,SKU003,0.0,22,7.0,48
2025-06-26,SKU003,0.0,31,7.0,48
2025-06-27,SKU003,0.0,19,7.0,48
2025-06-28,SKU003,8.0,0,7.0,48
2025-06-29,SKU003,0.0,25,7.0,48
2025-06-30,SKU003,0.0,31,7.0,48
2025-07-01,SKU003,0.0,8,7.0,48
2025-07-02,SKU003,0.0,21,7.0,48
2025-07-03,SKU003,0.0,5,7.0,48
2025-07-04,SKU003,0.0,22,7.0,48
2025-07-05,SKU003,0.0,19,7.0,48
2025-07-06,SKU003,0.0,7,7.0,48
2025-07-07,SKU003,0.0,0,7.0,48
2025-07-08,SKU003,0.0,14,7.0,48
2025-07-09,SKU003,0.0,35,7.0,48
2025-07-10,SKU003,0.0,20,7.0,48
2025-07-11,SKU003,0.0,7,7.0,48
2025-07-12,SKU003,0.0,18,7.0,48
2025-07-13,SKU003,0.0,27,7.0,48
2025-07-14,SKU003,29.0,0,7.0,48
2025-07-15,SKU003,20.0,35,7.0,48
2025-07-16,SKU003,12.0,20,7.0,48
2025-07-17,SKU003,0.0,26,7.0,48
2025-07-18,SKU003,0.0,38,7.0,48
2025-07-19,SKU003,0.0,10,7.0,48
2025-07-20,SKU003,0.0,35,7.0,48
2025-07-21,SKU003,23.0,0,7.0,48
2025-07-22,SKU003,13.0,36,7.0,48
2025-07-23,SKU003,2.0,38,7.0,48
2025-07-24,SKU003,0.0,10,7.0,48
2025-07-25,SKU003,0.0,24,7.0,48
2025-07-26,SKU003,0.0,10,7.0,48
2025-07-27,SKU003,0.0,14,7.0,48
2025-07-28,SKU003,26.0,0,7.0,48
2025-07-29,SKU003,17.0,35,7.0,48
2025-07-30,SKU003,6.0,20,7.0,48
2025-07-31,SKU003,0.0,30,7.0,48
2025-08-01,SKU003,0.0,11,7.0,48
2025-08-02,SKU003,0.0,20,7.0,48
2025-08-03,SKU003,0.0,5,7.0,48
2025-08-04,SKU003,0.0,31,7.0,48
2025-08-05,SKU003,0.0,14,7.0,48
2025-08-06,SKU003,0.0,6,7.0,48
2025-08-07,SKU003,6.0,0,7.0,48
2025-08-08,SKU003,0.0,17,7.0,48
2025-08-09,SKU003,0.0,29,7.0,48
2025-08-10,SKU003,0.0,17,7.0,48
2025-08-11,SKU003,0.0,15,7.0,48
2025-08-12,SKU003,0.0,5,7.0,48
2025-08-13,SKU003,0.0,31,7.0,48
2025-08-14,SKU003,0.0,0,7.0,48
2025-08-15,SKU003,0.0,16,7.0,48
2025-08-16,SKU003,0.0,13,7.0,48
2025-08-17,SKU003,0.0,37,7.0,48
2025-08-18,SKU003,0.0,25,7.0,48
2025-08-19,SKU003,0.0,5,7.0,48
2025-08-20,SKU003,0.0,28,7.0,48
2025-08-21,SKU003,20.0,0,7.0,48
2025-08-22,SKU003,7.0,28,7.0,48
2025-08-23,SKU003,0.0,23,7.0,48
2025-08-24,SKU003,0.0,16,7.0,48
2025-08-25,SKU003,0.0,26,7.0,48
2025-08-26,SKU003,0.0,6,7.0,48
2025-08-27,SKU003,0.0,12,7.0,48
2025-08-28,SKU003,18.0,0,7.0,48
2025-08-29,SKU003,4.0,29,7.0,48
2025-08-30,SKU003,0.0,8,7.0,48
2025-08-31,SKU003,0.0,28,7.0,48
2025-09-01,SKU003,0.0,36,7.0,48
2025-09-02,SKU003,0.0,28,7.0,48
2025-09-03,SKU003,0.0,25,7.0,48
2025-09-04,SKU003,0.0,22,7.0,48
2025-09-05,SKU003,0.0,25,7.0,48
2025-09-06,SKU003,0.0,35,7.0,48
2025-09-07,SKU003,3.0,0,7.0,48
2025-09-08,SKU003,0.0,31,7.0,48
2025-09-09,SKU003,0.0,27,7.0,48
2025-09-10,SKU003,0.0,9,7.0,48
2025-09-11,SKU003,0.0,13,7.0,48
2025-09-12,SKU003,0.0,35,7.0,48
2025-09-13,SKU003,0.0,16,7.0,48
2025-09-14,SKU003,12.0,0,7.0,48
2025-09-15,SKU003,3.0,16,7.0,48
2025-09-16,SKU003,0.0,24,7.0,48
2025-09-17,SKU003,0.0,7,7.0,48
2025-09-18,SKU003,0.0,20,7.0,48
2025-09-19,SKU003,0.0,22,7.0,48
2025-09-20,SKU003,0.0,33,7.0,48
2025-09-21,SKU003,0.0,0,7.0,48
2025-09-22,SKU003,0.0,18,7.0,48
2025-09-23,SKU003,0.0,23,7.0,48
2025-09-24,SKU003,0.0,32,7.0,48
2025-09-25,SKU003,0.0,29,7.0,48
2025-09-26,SKU003,0.0,6,7.0,48
2025-09-27,SKU003,0.0,16,7.0,48
2025-09-28,SKU003,0.0,0,7.0,48
2025-09-29,SKU003,0.0,9,7.0,48
2025-09-30,SKU003,0.0,14,7.0,48
2025-10-01,SKU003,0.0,24,7.0,48
2025-10-02,SKU003,0.0,33,7.0,48
2025-10-03,SKU003,0.0,35,7.0,48
2025-10-04,SKU003,0.0,16,7.0,48
2025-10-05,SKU003,0.0,12,7.0,48
2025-10-06,SKU003,0.0,24,7.0,48
2025-10-07,SKU003,14.0,0,7.0,48
2025-10-08,SKU003,8.0,24,7.0,48
2025-10-09,SKU003,0.0,33,7.0,48
2025-10-10,SKU003,0.0,18,7.0,48
2025-10-11,SKU003,0.0,16,7.0,48
2025-10-12,SKU003,0.0,24,7.0,48
2025-10-13,SKU003,0.0,27,7.0,48
2025-10-14,SKU003,7.0,0,7.0,48
2025-10-15,SKU003,0.0,13,7.0,48
2025-10-16,SKU003,0.0,38,7.0,48
2025-10-17,SKU003,0.0,29,7.0,48
2025-10-18,SKU003,0.0,26,7.0,48
2025-10-19,SKU003,0.0,14,7.0,48
2025-10-20,SKU003,,36,7.0,48
2025-10-21,SKU003,13.0,0,7.0,48
2025-10-22,SKU003,8.0,14,7.0,48
2025-10-23,SKU003,2.0,17,7.0,48
2025-10-24,SKU003,0.0,17,7.0,48
2025-10-25,SKU003,0.0,6,7.0,48
2025-10-26,SKU003,0.0,19,7.0,48
2025-10-27,SKU003,0.0,13,7.0,48
2025-10-28,SKU003,9.0,0,7.0,48
2025-10-29,SKU003,0.0,24,7.0,48
2025-10-30,SKU003,0.0,16,7.0,48
2025-10-31,SKU003,0.0,5,7.0,48
2025-11-01,SKU003,0.0,36,7.0,48
2025-11-02,SKU003,0.0,8,7.0,48
2025-11-03,SKU003,0.0,17,7.0,48
2025-11-04,SKU003,0.0,30,7.0,48
2025-11-05,SKU003,0.0,35,7.0,48
2025-11-06,SKU003,0.0,27,7.0,48
2025-11-07,SKU003,3.0,0,7.0,48
2025-11-08,SKU003,0.0,27,7.0,48
2025-11-09,SKU003,0.0,18,7.0,48
2025-11-10,SKU003,0.0,30,7.0,48
2025-11-11,SKU003,0.0,18,7.0,48
2025-11-12,SKU003,0.0,7,7.0,48
2025-11-13,SKU003,0.0,23,7.0,48
2025-11-14,SKU003,0.0,0,7.0,48
2025-11-15,SKU003,0.0,26,7.0,48
2025-11-16,SKU003,0.0,15,7.0,48
2025-11-17,SKU003,0.0,35,7.0,48
2025-11-18,SKU003,0.0,22,7.0,48
2025-11-19,SKU003,0.0,6,7.0,48
2025-11-20,SKU003,0.0,26,7.0,48
2025-11-21,SKU003,23.0,0,7.0,48
2025-11-22,SKU003,11.0,6,7.0,48
2025-11-23,SKU003,0.0,30,7.0,48
2025-11-24,SKU003,0.0,31,7.0,48
2025-11-25,SKU003,0.0,28,7.0,48
2025-11-26,SKU003,0.0,21,7.0,48
2025-11-27,SKU003,0.0,27,7.0,48
2025-11-28,SKU003,6.0,0,7.0,48
2025-11-29,SKU003,0.0,17,7.0,48
2025-11-30,SKU003,0.0,6,7.0,48
2025-12-01,SKU003,0.0,22,7.0,48
2025-12-02,SKU003,,31,7.0,48
2025-12-03,SKU003,0.0,6,7.0,48
2025-12-04,SKU003,0.0,6,7.0,48
2025-12-05,SKU003,0.0,10,7.0,48
2025-12-06,SKU003,0.0,15,7.0,48
2025-12-07,SKU003,15.0,0,7.0,48
2025-12-08,SKU003,6.0,33,7.0,48
2025-12-09,SKU003,0.0,5,7.0,48
2025-12-10,SKU003,0.0,31,7.0,48
2025-12-11,SKU003,0.0,29,7.0,48
2025-12-12,SKU003,0.0,22,7.0,48
2025-12-13,SKU003,0.0,11,7.0,48
2025-12-14,SKU003,0.0,0,7.0,48
2025-12-15,SKU003,0.0,10,7.0,48
2025-12-16,SKU003,0.0,16,7.0,48
2025-12-17,SKU003,0.0,23,7.0,48
2025-12-18,SKU003,0.0,17,7.0,48
2025-12-19,SKU003,0.0,24,7.0,48
2025-12-20,SKU003,0.0,35,7.0,48
2025-12-21,SKU003,0.0,0,7.0,48
2025-12-22,SKU003,0.0,35,7.0,48
2025-12-23,SKU003,0.0,11,7.0,48
2025-12-24,SKU003,0.0,21,7.0,48
2025-12-25,SKU003,0.0,30,7.0,48
2025-12-26,SKU003,0.0,29,7.0,48
2025-12-27,SKU003,0.0,31,7.0,48
2025-12-28,SKU003,18.0,0,7.0,48
2025-12-29,SKU003,7.0,5,7.0,48
2025-12-30,SKU003,0.0,22,7.0,48
2025-12-31,SKU003,0.0,18,7.0,48
2026-01-01,SKU003,0.0,36,7.0,48
2026-01-02,SKU003,0.0,37,7.0,48
2026-01-03,SKU003,0.0,13,7.0,48
2026-01-04,SKU003,0.0,29,7.0,48
2026-01-05,SKU003,0.0,13,7.0,48
2026-01-06,SKU003,0.0,30,7.0,48
2026-01-07,SKU003,6.0,0,7.0,48
2026-01-08,SKU003,0.0,30,7.0,48
2026-01-09,SKU003,0.0,5,7.0,48
2026-01-10,SKU003,0.0,29,7.0,48
2026-01-11,SKU003,0.0,19,7.0,48
2026-01-12,SKU003,0.0,30,7.0,48
2026-01-13,SKU003,0.0,8,7.0,48
2026-01-14,SKU003,22.0,0,7.0,48
2026-01-15,SKU003,9.0,27,7.0,48
2026-01-16,SKU003,0.0,17,7.0,48
2026-01-17,SKU003,0.0,16,7.0,48
2026-01-18,SKU003,0.0,15,7.0,48
2026-01-19,SKU003,0.0,25,7.0,48
2026-01-20,SKU003,0.0,6,7.0,48
2026-01-21,SKU003,17.0,0,7.0,48
2026-01-22,SKU003,3.0,32,7.0,48
2026-01-23,SKU003,0.0,13,7.0,48
2026-01-24,SKU003,0.0,9,7.0,48
2026-01-25,SKU003,0.0,38,7.0,48
2026-01-26,SKU003,0.0,26,7.0,48
2026-01-27,SKU003,0.0,28,7.0,48
2026-01-28,SKU003,15.0,0,7.0,48
2026-01-29,SKU003,14.0,13,7.0,48
2026-01-30,SKU003,0.0,32,7.0,48
2026-01-31,SKU003,0.0,21,7.0,48
2026-02-01,SKU003,0.0,14,7.0,48
2026-02-02,SKU003,0.0,25,7.0,48
2026-02-03,SKU003,0.0,35,7.0,48
2026-02-04,SKU003,0.0,31,7.0,48
2026-02-05,SKU003,0.0,29,7.0,48
2026-02-06,SKU003,0.0,14,7.0,48
2026-02-07,SKU003,6.0,0,7.0,48
2026-02-08,SKU003,0.0,33,7.0,48
2026-02-09,SKU003,0.0,32,7.0,48
2026-02-10,SKU003,0.0,34,7.0,48
2026-02-11,SKU003,0.0,37,7.0,48
2026-02-12,SKU003,0.0,17,7.0,48
2026-02-13,SKU003,0.0,25,7.0,48
2026-02-14,SKU003,10.0,0,7.0,48
2026-02-15,SKU003,0.0,15,7.0,48
2026-02-16,SKU003,0.0,23,7.0,48
2026-02-17,SKU003,0.0,38,7.0,48
2026-02-18,SKU003,0.0,37,7.0,48
2026-02-19,SKU003,0.0,22,7.0,48
2026-02-20,SKU003,0.0,13,7.0,48
2026-02-21,SKU003,20.0,0,7.0,48
2026-02-22,SKU003,11.0,34,7.0,48
2026-02-23,SKU003,0.0,24,7.0,48
2026-02-24,SKU003,0.0,21,7.0,48
2026-02-25,SKU003,0.0,11,7.0,48
2026-02-26,SKU003,0.0,16,7.0,48
2026-02-27,SKU003,0.0,5,7.0,48
2026-02-28,SKU003,6.0,0,7.0,48
2026-03-01,SKU003,0.0,9,7.0,48
2026-03-02,SKU003,0.0,22,7.0,48
2026-03-03,SKU003,0.0,13,7.0,48
2026-03-04,SKU003,0.0,35,7.0,48
2026-03-05,SKU003,0.0,9,7.0,48
2026-03-06,SKU003,0.0,20,7.0,48
2026-03-07,SKU003,0.0,0,7.0,48
2026-03-08,SKU003,0.0,24,7.0,48
2026-03-09,SKU003,0.0,15,7.0,48
2026-03-10,SKU003,0.0,8,7.0,48
2026-03-11,SKU003,0.0,25,7.0,48
2026-03-12,SKU003,0.0,23,7.0,48
2026-03-13,SKU003,0.0,12,7.0,48
2026-03-14,SKU003,21.0,0,7.0,48
2026-03-15,SKU003,5.0,32,7.0,48
2026-03-16,SKU003,0.0,26,7.0,48
2026-03-17,SKU003,0.0,37,7.0,48
2026-03-18,SKU003,0.0,30,7.0,48
2026-03-19,SKU003,0.0,21,7.0,48
2026-03-20,SKU003,0.0,38,7.0,48
2026-03-21,SKU003,8.0,0,7.0,48
2026-03-22,SKU003,0.0,9,7.0,48
2026-03-23,SKU003,0.0,8,7.0,48
2026-03-24,SKU003,0.0,8,7.0,48
2026-03-25,SKU003,0.0,17,7.0,48
2026-03-26,SKU003,0.0,5,7.0,48
2026-03-27,SKU003,0.0,24,7.0,48
2026-03-28,SKU003,16.0,0,7.0,48
2026-03-29,SKU003,11.0,17,7.0,48
2026-03-30,SKU003,0.0,19,7.0,48
2026-03-31,SKU003,0.0,19,7.0,48
2026-04-01,SKU003,0.0,39,7.0,48
2026-04-02,SKU003,0.0,19,7.0,48
2026-04-03,SKU003,0.0,36,7.0,48
2026-04-04,SKU003,0.0,34,7.0,48
2026-04-05,SKU003,0.0,19,7.0,48
2026-04-06,SKU003,0.0,6,7.0,48
2026-04-07,SKU003,0.0,0,7.0,48
2026-04-08,SKU003,0.0,12,7.0,48
2026-04-09,SKU003,0.0,6,7.0,48
2026-04-10,SKU003,0.0,35,7.0,48
2026-04-11,SKU003,0.0,27,7.0,48
2026-04-12,SKU003,0.0,11,7.0,48
2026-04-13,SKU003,0.0,14,7.0,48
2026-04-14,SKU003,0.0,0,7.0,48
2026-04-15,SKU003,0.0,9,7.0,48
2026-04-16,SKU003,6.0,29,7.0,48
2026-04-17,SKU003,0.0,20,7.0,48
2026-04-18,SKU003,0.0,33,7.0,48
2026-04-19,SKU003,0.0,27,7.0,48
2026-04-20,SKU003,0.0,38,7.0,48
2026-04-21,SKU003,22.0,0,7.0,48
2026-04-22,SKU003,15.0,16,7.0,48
2026-04-23,SKU003,4.0,21,7.0,48
2026-04-24,SKU003,0.0,37,7.0,48
2026-04-25,SKU003,0.0,10,7.0,48
2026-04-26,SKU003,0.0,19,7.0,48
2026-04-27,SKU003,0.0,24,7.0,48
2026-04-28,SKU003,2.0,0,7.0,48
2026-04-29,SKU003,0.0,8,7.0,48
2026-04-30,SKU003,0.0,12,7.0,48
2026-05-01,SKU003,0.0,19,7.0,48
2026-05-02,SKU003,0.0,35,7.0,48
2026-05-03,SKU003,0.0,24,7.0,48
2026-05-04,SKU003,0.0,15,7.0,48
2026-05-05,SKU003,0.0,10,7.0,48
2026-05-06,SKU003,0.0,26,7.0,48
2026-05-07,SKU003,0.0,0,7.0,48
2026-05-08,SKU003,0.0,7,7.0,48
2026-05-09,SKU003,0.0,6,7.0,48
2026-05-10,SKU003,0.0,29,7.0,48
2026-05-11,SKU003,0.0,35,7.0,48
2026-05-12,SKU003,0.0,23,7.0,48
2026-05-13,SKU003,0.0,14,7.0,48
2026-05-14,SKU003,0.0,0,7.0,48
2026-05-15,SKU003,0.0,14,7.0,48
2026-05-16,SKU003,0.0,15,7.0,48
2026-05-17,SKU003,0.0,25,7.0,48
2026-05-18,SKU003,0.0,36,7.0,48
2026-05-19,SKU003,0.0,12,7.0,48
2026-05-20,SKU003,0.0,17,7.0,48
2026-05-21,SKU003,16.0,0,7.0,48
2026-05-22,SKU003,0.0,20,7.0,48
2026-05-23,SKU003,0.0,8,7.0,48
2026-05-24,SKU003,0.0,10,7.0,48
2026-05-25,SKU003,0.0,24,7.0,48
2026-05-26,SKU003,0.0,25,7.0,48
2026-05-27,SKU003,0.0,25,7.0,48
2026-05-28,SKU003,14.0,0,7.0,48
2026-05-29,SKU003,3.0,11,7.0,48
2026-05-30,SKU003,0.0,20,7.0,48
2026-05-31,SKU003,0.0,21,7.0,48
2026-06-01,SKU003,0.0,12,7.0,48
2026-06-02,SKU003,0.0,29,7.0,48
2026-06-03,SKU003,0.0,15,7.0,48
2026-06-04,SKU003,0.0,26,7.0,48
2026-06-05,SKU003,0.0,19,7.0,48
2026-06-06,SKU003,0.0,13,7.0,48
2026-06-07,SKU003,1.0,0,7.0,48
2026-06-08,SKU003,0.0,21,7.0,48
2026-06-09,SKU003,0.0,13,7.0,48
2026-06-10,SKU003,0.0,28,7.0,48
2026-06-11,SKU003,0.0,26,7.0,48
2026-06-12,SKU003,0.0,32,7.0,48
2026-06-13,SKU003,0.0,9,7.0,48
2026-06-14,SKU003,14.0,0,7.0,48
2026-06-15,SKU003,0.0,23,7.0,48
2026-06-16,SKU003,0.0,27,7.0,48
2026-06-17,SKU003,0.0,38,7.0,48
2026-06-18,SKU003,0.0,22,7.0,48
2026-06-19,SKU003,0.0,35,7.0,48
2026-06-20,SKU003,0.0,16,7.0,48
2026-06-21,SKU003,13.0,0,7.0,48
2026-06-22,SKU003,4.0,37,7.0,48
2026-06-23,SKU003,0.0,11,7.0,48
2026-06-24,SKU003,0.0,22,7.0,48
2026-06-25,SKU003,0.0,35,7.0,48
2026-06-26,SKU003,0.0,17,7.0,48
2026-06-27,SKU003,0.0,28,7.0,48
2026-06-28,SKU003,0.0,0,7.0,48
2026-06-29,SKU003,0.0,15,7.0,48
2026-06-30,SKU003,0.0,27,7.0,48
2025-01-01,SKU004,186.0,131,10.0,360
2025-01-02,SKU004,186.0,32,10.0,360
2025-01-03,SKU004,186.0,94,10.0,360
2025-01-04,SKU004,186.0,73,10.0,360
2025-01-05,SKU004,186.0,131,10.0,360
2025-01-06,SKU004,186.0,122,10.0,360
2025-01-07,SKU004,186.0,56,10.0,360
2025-01-08,SKU004,186.0,119,10.0,360
2025-01-09,SKU004,186.0,88,10.0,360
2025-01-10,SKU004,239.0,0,10.0,360
2025-01-11,SKU004,239.0,28,10.0,360
2025-01-12,SKU004,239.0,37,10.0,360
2025-01-13,SKU004,239.0,94,10.0,360
2025-01-14,SKU004,239.0,78,10.0,360
2025-01-15,SKU004,239.0,33,10.0,360
2025-01-16,SKU004,239.0,127,10.0,360
2025-01-17,SKU004,239.0,88,10.0,360
2025-01-18,SKU004,239.0,135,10.0,360
2025-01-19,SKU004,239.0,51,10.0,360
2025-01-20,SKU004,279.0,0,10.0,360
2025-01-21,SKU004,279.0,124,10.0,360
2025-01-22,SKU004,279.0,109,10.0,360
2025-01-23,SKU004,279.0,43,10.0,360
2025-01-24,SKU004,279.0,60,10.0,360
2025-01-25,SKU004,279.0,56,10.0,360
2025-01-26,SKU004,279.0,104,10.0,360
2025-01-27,SKU004,279.0,43,10.0,360
2025-01-28,SKU004,279.0,26,10.0,360
2025-01-29,SKU004,279.0,117,10.0,360
2025-01-30,SKU004,297.0,0,10.0,360
2025-01-31,SKU004,297.0,92,10.0,360
2025-02-01,SKU004,297.0,55,10.0,360
2025-02-02,SKU004,297.0,69,10.0,360
2025-02-03,SKU004,297.0,25,10.0,360
2025-02-04,SKU004,297.0,37,10.0,360
2025-02-05,SKU004,297.0,79,10.0,360
2025-02-06,SKU004,297.0,64,10.0,360
2025-02-07,SKU004,297.0,72,10.0,360
2025-02-08,SKU004,297.0,18,10.0,360
2025-02-09,SKU004,297.0,131,10.0,360
2025-02-10,SKU004,378.0,0,10.0,360
2025-02-11,SKU004,378.0,70,10.0,360
2025-02-12,SKU004,378.0,123,10.0,360
2025-02-13,SKU004,378.0,25,10.0,360
2025-02-14,SKU004,378.0,72,10.0,360
2025-02-15,SKU004,378.0,88,10.0,360
2025-02-16,SKU004,378.0,51,10.0,360
2025-02-17,SKU004,378.0,49,10.0,360
2025-02-18,SKU004,378.0,37,10.0,360
2025-02-19,SKU004,378.0,104,10.0,360
2025-02-20,SKU004,477.0,0,10.0,360
2025-02-21,SKU004,477.0,67,10.0,360
2025-02-22,SKU004,477.0,29,10.0,360
2025-02-23,SKU004,477.0,40,10.0,360
2025-02-24,SKU004,477.0,67,10.0,360
2025-02-25,SKU004,477.0,47,10.0,360
2025-02-26,SKU004,477.0,107,10.0,360
2025-02-27,SKU004,477.0,27,10.0,360
2025-02-28,SKU004,477.0,65,10.0,360
2025-03-01,SKU004,477.0,126,10.0,360
2025-03-02,SKU004,477.0,58,10.0,360
2025-03-03,SKU004,477.0,110,10.0,360
2025-03-04,SKU004,477.0,54,10.0,360
2025-03-05,SKU004,477.0,96,10.0,360
2025-03-06,SKU004,477.0,85,10.0,360
2025-03-07,SKU004,477.0,81,10.0,360
2025-03-08,SKU004,477.0,35,10.0,360
2025-03-09,SKU004,477.0,23,10.0,360
2025-03-10,SKU004,510.0,0,10.0,360
2025-03-11,SKU004,510.0,110,10.0,360
2025-03-12,SKU004,510.0,139,10.0,360
2025-03-13,SKU004,510.0,49,10.0,360
2025-03-14,SKU004,510.0,49,10.0,360
2025-03-15,SKU004,510.0,64,10.0,360
2025-03-16,SKU004,510.0,61,10.0,360
2025-03-17,SKU004,510.0,95,10.0,360
2025-03-18,SKU004,510.0,72,10.0,360
2025-03-19,SKU004,510.0,94,10.0,360
2025-03-20,SKU004,539.0,0,10.0,360
2025-03-21,SKU004,539.0,108,10.0,360
2025-03-22,SKU004,539.0,112,10.0,360
2025-03-23,SKU004,539.0,134,10.0,360
2025-03-24,SKU004,539.0,97,10.0,360
2025-03-25,SKU004,539.0,88,10.0,360
2025-03-26,SKU004,539.0,88,10.0,360
2025-03-27,SKU004,539.0,28,10.0,360
2025-03-28,SKU004,539.0,57,10.0,360
2025-03-29,SKU004,539.0,126,10.0,360
2025-03-30,SKU004,664.0,0,10.0,360
2025-03-31,SKU004,664.0,134,10.0,360
2025-04-01,SKU004,664.0,99,10.0,360
2025-04-02,SKU004,664.0,44,10.0,360
2025-04-03,SKU004,664.0,119,10.0,360
2025-04-04,SKU004,664.0,88,10.0,360
2025-04-05,SKU004,664.0,29,10.0,360
2025-04-06,SKU004,664.0,24,10.0,360
2025-04-07,SKU004,664.0,94,10.0,360
2025-04-08,SKU004,664.0,98,10.0,360
2025-04-09,SKU004,664.0,55,10.0,360
2025-04-10,SKU004,796.0,0,10.0,360
2025-04-11,SKU004,796.0,39,10.0,360
2025-04-12,SKU004,796.0,36,10.0,360
2025-04-13,SKU004,796.0,62,10.0,360
2025-04-14,SKU004,796.0,78,10.0,360
2025-04-15,SKU004,796.0,74,10.0,360
2025-04-16,SKU004,796.0,102,10.0,360
2025-04-17,SKU004,796.0,41,10.0,360
2025-04-18,SKU004,796.0,81,10.0,360
2025-04-19,SKU004,796.0,79,10.0,360
2025-04-20,SKU004,924.0,0,10.0,360
2025-04-21,SKU004,924.0,116,10.0,360
2025-04-22,SKU004,924.0,125,10.0,360
2025-04-23,SKU004,924.0,124,10.0,360
2025-04-24,SKU004,924.0,29,10.0,360
2025-04-25,SKU004,924.0,79,10.0,360
2025-04-26,SKU004,924.0,124,10.0,360
2025-04-27,SKU004,924.0,118,10.0,360
2025-04-28,SKU004,924.0,129,10.0,360
2025-04-29,SKU004,924.0,22,10.0,360
2025-04-30,SKU004,993.0,0,10.0,360
2025-05-01,SKU004,993.0,31,10.0,360
2025-05-02,SKU004,965.0,32,10.0,360
2025-05-03,SKU004,929.0,86,10.0,360
2025-05-04,SKU004,897.0,138,10.0,360
2025-05-05,SKU004,861.0,110,10.0,360
2025-05-06,SKU004,823.0,83,10.0,360
2025-05-07,SKU004,792.0,120,10.0,360
2025-05-08,SKU004,759.0,94,10.0,360
2025-05-09,SKU004,724.0,27,10.0,360
2025-05-10,SKU004,764.0,0,10.0,360
2025-05-11,SKU004,712.0,27,10.0,360
2025-05-12,SKU004,680.0,63,10.0,360
2025-05-13,SKU004,631.0,62,10.0,360
2025-05-14,SKU004,610.0,138,10.0,360
2025-05-15,SKU004,589.0,33,10.0,360
2025-05-16,SKU004,549.0,121,10.0,360
2025-05-17,SKU004,507.0,54,10.0,360
2025-05-18,SKU004,464.0,76,10.0,360
2025-05-19,SKU004,426.0,126,10.0,360
2025-05-20,SKU004,452.0,0,10.0,360
2025-05-21,SKU004,431.0,100,10.0,360
2025-05-22,SKU004,386.0,125,10.0,360
2025-05-23,SKU004,334.0,41,10.0,360
2025-05-24,SKU004,281.0,58,10.0,360
2025-05-25,SKU004,239.0,92,10.0,360
2025-05-26,SKU004,208.0,63,10.0,360
2025-05-27,SKU004,172.0,71,10.0,360
2025-05-28,SKU004,132.0,105,10.0,360
2025-05-29,SKU004,100.0,123,10.0,360
2025-05-30,SKU004,119.0,0,10.0,360
2025-05-31,SKU004,87.0,50,10.0,360
2025-06-01,SKU004,48.0,107,10.0,360
2025-06-02,SKU004,7.0,90,10.0,360
2025-06-03,SKU004,0.0,108,10.0,360
2025-06-04,SKU004,0.0,132,10.0,360
2025-06-05,SKU004,0.0,45,10.0,360
2025-06-06,SKU004,0.0,110,10.0,360
2025-06-07,SKU004,0.0,50,10.0,360
2025-06-08,SKU004,0.0,47,10.0,360
2025-06-09,SKU004,0.0,105,10.0,360
2025-06-10,SKU004,11.0,0,10.0,360
2025-06-11,SKU004,0.0,19,10.0,360
2025-06-12,SKU004,0.0,69,10.0,360
2025-06-13,SKU004,0.0,61,10.0,360
2025-06-14,SKU004,0.0,20,10.0,360
2025-06-15,SKU004,0.0,60,10.0,360
2025-06-16,SKU004,0.0,61,10.0,360
2025-06-17,SKU004,0.0,82,10.0,360
2025-06-18,SKU004,,77,10.0,360
2025-06-19,SKU004,0.0,37,10.0,360
2025-06-20,SKU004,50.0,0,10.0,360
2025-06-21,SKU004,7.0,129,10.0,360
2025-06-22,SKU004,0.0,115,10.0,360
2025-06-23,SKU004,0.0,36,10.0,360
2025-06-24,SKU004,0.0,85,10.0,360
2025-06-25,SKU004,0.0,40,10.0,360
2025-06-26,SKU004,0.0,66,10.0,360
2025-06-27,SKU004,0.0,125,10.0,360
2025-06-28,SKU004,0.0,31,10.0,360
2025-06-29,SKU004,0.0,132,10.0,360
2025-06-30,SKU004,16.0,0,10.0,360
2025-07-01,SKU004,0.0,93,10.0,360
2025-07-02,SKU004,0.0,78,10.0,360
2025-07-03,SKU004,0.0,85,10.0,360
2025-07-04,SKU004,0.0,94,10.0,360
2025-07-05,SKU004,0.0,28,10.0,360
2025-07-06,SKU004,0.0,42,10.0,360
2025-07-07,SKU004,0.0,109,10.0,360
2025-07-08,SKU004,0.0,109,10.0,360
2025-07-09,SKU004,0.0,85,10.0,360
2025-07-10,SKU004,90.0,0,10.0,360
2025-07-11,SKU004,40.0,22,10.0,360
2025-07-12,SKU004,0.0,128,10.0,360
2025-07-13,SKU004,0.0,70,10.0,360
2025-07-14,SKU004,0.0,129,10.0,360
2025-07-15,SKU004,0.0,74,10.0,360
2025-07-16,SKU004,0.0,112,10.0,360
2025-07-17,SKU004,0.0,138,10.0,360
2025-07-18,SKU004,0.0,124,10.0,360
2025-07-19,SKU004,0.0,28,10.0,360
2025-07-20,SKU004,65.0,0,10.0,360
2025-07-21,SKU004,24.0,74,10.0,360
2025-07-22,SKU004,0.0,52,10.0,360
2025-07-23,SKU004,0.0,104,10.0,360
2025-07-24,SKU004,0.0,70,10.0,360
2025-07-25,SKU004,0.0,89,10.0,360
2025-07-26,SKU004,0.0,113,10.0,360
2025-07-27,SKU004,0.0,118,10.0,360
2025-07-28,SKU004,0.0,74,10.0,360
2025-07-29,SKU004,0.0,71,10.0,360
2025-07-30,SKU004,29.0,0,10.0,360
2025-07-31,SKU004,0.0,100,10.0,360
2025-08-01,SKU004,0.0,133,10.0,360
2025-08-02,SKU004,0.0,50,10.0,360
2025-08-03,SKU004,0.0,52,10.0,360
2025-08-04,SKU004,0.0,97,10.0,360
2025-08-05,SKU004,0.0,72,10.0,360
2025-08-06,SKU004,0.0,23,10.0,360
2025-08-07,SKU004,0.0,26,10.0,360
2025-08-08,SKU004,0.0,91,10.0,360
2025-08-09,SKU004,0.0,63,10.0,360
2025-08-10,SKU004,56.0,0,10.0,360
2025-08-11,SKU004,20.0,109,10.0,360
2025-08-12,SKU004,0.0,59,10.0,360
2025-08-13,SKU004,0.0,88,10.0,360
2025-08-14,SKU004,0.0,69,10.0,360
2025-08-15,SKU004,0.0,130,10.0,360
2025-08-16,SKU004,0.0,135,10.0,360
2025-08-17,SKU004,0.0,100,10.0,360
2025-08-18,SKU004,0.0,64,10.0,360
2025-08-19,SKU004,0.0,133,10.0,360
2025-08-20,SKU004,16.0,0,10.0,360
2025-08-21,SKU004,0.0,82,10.0,360
2025-08-22,SKU004,0.0,132,10.0,360
2025-08-23,SKU004,0.0,92,10.0,360
2025-08-24,SKU004,0.0,66,10.0,360
2025-08-25,SKU004,0.0,21,10.0,360
2025-08-26,SKU004,0.0,114,10.0,360
2025-08-27,SKU004,0.0,28,10.0,360
2025-08-28,SKU004,0.0,28,10.0,360
2025-08-29,SKU004,0.0,45,10.0,360
2025-08-30,SKU004,22.0,0,10.0,360
2025-08-31,SKU004,0.0,127,10.0,360
2025-09-01,SKU004,0.0,18,10.0,360
2025-09-02,SKU004,0.0,100,10.0,360
2025-09-03,SKU004,0.0,81,10.0,360
2025-09-04,SKU004,0.0,93,10.0,360
2025-09-05,SKU004,0.0,102,10.0,360
2025-09-06,SKU004,0.0,98,10.0,360
2025-09-07,SKU004,0.0,119,10.0,360
2025-09-08,SKU004,0.0,30,10.0,360
2025-09-09,SKU004,0.0,44,10.0,360
2025-09-10,SKU004,78.0,0,10.0,360
2025-09-11,SKU004,11.0,26,10.0,360
2025-09-12,SKU004,0.0,137,10.0,360
2025-09-13,SKU004,0.0,73,10.0,360
2025-09-14,SKU004,0.0,60,10.0,360
2025-09-15,SKU004,0.0,71,10.0,360
2025-09-16,SKU004,0.0,52,10.0,360
2025-09-17,SKU004,0.0,118,10.0,360
2025-09-18,SKU004,0.0,93,10.0,360
2025-09-19,SKU004,0.0,52,10.0,360
2025-09-20,SKU004,67.0,0,10.0,360
2025-09-21,SKU004,39.0,104,10.0,360
2025-09-22,SKU004,4.0,89,10.0,360
2025-09-23,SKU004,0.0,71,10.0,360
2025-09-24,SKU004,0.0,121,10.0,360
2025-09-25,SKU004,0.0,42,10.0,360
2025-09-26,SKU004,0.0,128,10.0,360
2025-09-27,SKU004,0.0,90,10.0,360
2025-09-28,SKU004,0.0,133,10.0,360
2025-09-29,SKU004,0.0,132,10.0,360
2025-09-30,SKU004,0.0,0,10.0,360
2025-10-01,SKU004,0.0,58,10.0,360
2025-10-02,SKU004,0.0,97,10.0,360
2025-10-03,SKU004,0.0,33,10.0,360
2025-10-04,SKU004,0.0,84,10.0,360
2025-10-05,SKU004,0.0,59,10.0,360
2025-10-06,SKU004,0.0,140,10.0,360
2025-10-07,SKU004,0.0,42,10.0,360
2025-10-08,SKU004,0.0,31,10.0,360
2025-10-09,SKU004,0.0,73,10.0,360
2025-10-10,SKU004,3.0,0,10.0,360
2025-10-11,SKU004,0.0,116,10.0,360
2025-10-12,SKU004,0.0,19,10.0,360
2025-10-13,SKU004,0.0,97,10.0,360
2025-10-14,SKU004,0.0,67,10.0,360
2025-10-15,SKU004,0.0,131,10.0,360
2025-10-16,SKU004,0.0,129,10.0,360
2025-10-17,SKU004,0.0,115,10.0,360
2025-10-18,SKU004,0.0,70,10.0,360
2025-10-19,SKU004,0.0,69,10.0,360
2025-10-20,SKU004,0.0,0,10.0,360
2025-10-21,SKU004,0.0,131,10.0,360
2025-10-22,SKU004,0.0,137,10.0,360
2025-10-23,SKU004,0.0,43,10.0,360
2025-10-24,SKU004,0.0,75,10.0,360
2025-10-25,SKU004,0.0,88,10.0,360
2025-10-26,SKU004,0.0,83,10.0,360
2025-10-27,SKU004,0.0,76,10.0,360
2025-10-28,SKU004,0.0,91,10.0,360
2025-10-29,SKU004,0.0,114,10.0,360
2025-10-30,SKU004,33.0,0,10.0,360
2025-10-31,SKU004,0.0,26,10.0,360
2025-11-01,SKU004,0.0,51,10.0,360
2025-11-02,SKU004,0.0,32,10.0,360
2025-11-03,SKU004,0.0,91,10.0,360
2025-11-04,SKU004,0.0,79,10.0,360
2025-11-05,SKU004,0.0,35,10.0,360
2025-11-06,SKU004,0.0,59,10.0,360
2025-11-07,SKU004,0.0,129,10.0,360
2025-11-08,SKU004,0.0,124,10.0,360
2025-11-09,SKU004,0.0,89,10.0,360
2025-11-10,SKU004,0.0,0,10.0,360
2025-11-11,SKU004,0.0,114,10.0,360
2025-11-12,SKU004,0.0,23,10.0,360
2025-11-13,SKU004,0.0,129,10.0,360
2025-11-14,SKU004,0.0,88,10.0,360
2025-11-15,SKU004,0.0,48,10.0,360
2025-11-16,SKU004,0.0,29,10.0,360
2025-11-17,SKU004,0.0,107,10.0,360
2025-11-18,SKU004,0.0,33,10.0,360
2025-11-19,SKU004,0.0,74,10.0,360
2025-11-20,SKU004,0.0,0,10.0,360
2025-11-21,SKU004,0.0,129,10.0,360
2025-11-22,SKU004,0.0,112,10.0,360
2025-11-23,SKU004,0.0,36,10.0,360
2025-11-24,SKU004,0.0,95,10.0,360
2025-11-25,SKU004,0.0,76,10.0,360
2025-11-26,SKU004,0.0,28,10.0,360
2025-11-27,SKU004,0.0,74,10.0,360
2025-11-28,SKU004,0.0,62,10.0,360
2025-11-29,SKU004,0.0,45,10.0,360
2025-11-30,SKU004,72.0,0,10.0,360
2025-12-01,SKU004,34.0,45,10.0,360
2025-12-02,SKU004,0.0,99,10.0,360
2025-12-03,SKU004,0.0,136,10.0,360
2025-12-04,SKU004,0.0,20,10.0,360
2025-12-05,SKU004,0.0,34,10.0,360
2025-12-06,SKU004,0.0,103,10.0,360
2025-12-07,SKU004,0.0,84,10.0,360
2025-12-08,SKU004,0.0,117,10.0,360
2025-12-09,SKU004,0.0,76,10.0,360
2025-12-10,SKU004,87.0,0,10.0,360
2025-12-11,SKU004,41.0,43,10.0,360
2025-12-12,SKU004,0.0,77,10.0,360
2025-12-13,SKU004,0.0,122,10.0,360
2025-12-14,SKU004,0.0,34,10.0,360
2025-12-15,SKU004,0.0,88,10.0,360
2025-12-16,SKU004,0.0,67,10.0,360
2025-12-17,SKU004,0.0,89,10.0,360
2025-12-18,SKU004,0.0,36,10.0,360
2025-12-19,SKU004,0.0,88,10.0,360
2025-12-20,SKU004,38.0,0,10.0,360
2025-12-21,SKU004,0.0,89,10.0,360
2025-12-22,SKU004,0.0,39,10.0,360
2025-12-23,SKU004,0.0,65,10.0,360
2025-12-24,SKU004,0.0,73,10.0,360
2025-12-25,SKU004,0.0,98,10.0,360
2025-12-26,SKU004,0.0,133,10.0,360
2025-12-27,SKU004,0.0,27,10.0,360
2025-12-28,SKU004,0.0,133,10.0,360
2025-12-29,SKU004,0.0,122,10.0,360
2025-12-30,SKU004,0.0,0,10.0,360
2025-12-31,SKU004,0.0,86,10.0,360
2026-01-01,SKU004,0.0,49,10.0,360
2026-01-02,SKU004,0.0,78,10.0,360
2026-01-03,SKU004,0.0,117,10.0,360
2026-01-04,SKU004,0.0,18,10.0,360
2026-01-05,SKU004,0.0,126,10.0,360
2026-01-06,SKU004,0.0,82,10.0,360
2026-01-07,SKU004,0.0,92,10.0,360
2026-01-08,SKU004,0.0,75,10.0,360
2026-01-09,SKU004,0.0,47,10.0,360
2026-01-10,SKU004,30.0,0,10.0,360
2026-01-11,SKU004,0.0,79,10.0,360
2026-01-12,SKU004,0.0,69,10.0,360
2026-01-13,SKU004,0.0,89,10.0,360
2026-01-14,SKU004,0.0,21,10.0,360
2026-01-15,SKU004,0.0,105,10.0,360
2026-01-16,SKU004,0.0,84,10.0,360
2026-01-17,SKU004,0.0,129,10.0,360
2026-01-18,SKU004,0.0,78,10.0,360
2026-01-19,SKU004,0.0,22,10.0,360
2026-01-20,SKU004,84.0,0,10.0,360
2026-01-21,SKU004,39.0,133,10.0,360
2026-01-22,SKU004,0.0,92,10.0,360
2026-01-23,SKU004,0.0,64,10.0,360
2026-01-24,SKU004,0.0,84,10.0,360
2026-01-25,SKU004,0.0,124,10.0,360
2026-01-26,SKU004,0.0,27,10.0,360
2026-01-27,SKU004,0.0,24,10.0,360
2026-01-28,SKU004,0.0,119,10.0,360
2026-01-29,SKU004,0.0,38,10.0,360
2026-01-30,SKU004,53.0,0,10.0,360
2026-01-31,SKU004,1.0,129,10.0,360
2026-02-01,SKU004,0.0,47,10.0,360
2026-02-02,SKU004,0.0,132,10.0,360
2026-02-03,SKU004,0.0,116,10.0,360
2026-02-04,SKU004,0.0,101,10.0,360
2026-02-05,SKU004,0.0,82,10.0,360
2026-02-06,SKU004,0.0,44,10.0,360
2026-02-07,SKU004,0.0,88,10.0,360
2026-02-08,SKU004,0.0,23,10.0,360
2026-02-09,SKU004,0.0,67,10.0,360
2026-02-10,SKU004,49.0,0,10.0,360
2026-02-11,SKU004,4.0,126,10.0,360
2026-02-12,SKU004,0.0,41,10.0,360
2026-02-13,SKU004,0.0,22,10.0,360
2026-02-14,SKU004,0.0,17,10.0,360
2026-02-15,SKU004,0.0,117,10.0,360
2026-02-16,SKU004,0.0,61,10.0,360
2026-02-17,SKU004,0.0,31,10.0,360
2026-02-18,SKU004,0.0,116,10.0,360
2026-02-19,SKU004,0.0,29,10.0,360
2026-02-20,SKU004,35.0,0,10.0,360
2026-02-21,SKU004,0.0,96,10.0,360
2026-02-22,SKU004,0.0,128,10.0,360
2026-02-23,SKU004,0.0,70,10.0,360
2026-02-24,SKU004,0.0,100,10.0,360
2026-02-25,SKU004,0.0,19,10.0,360
2026-02-26,SKU004,0.0,81,10.0,360
2026-02-27,SKU004,0.0,71,10.0,360
2026-02-28,SKU004,0.0,53,10.0,360
2026-03-01,SKU004,0.0,130,10.0,360
2026-03-02,SKU004,0.0,98,10.0,360
2026-03-03,SKU004,0.0,86,10.0,360
2026-03-04,SKU004,0.0,33,10.0,360
2026-03-05,SKU004,0.0,101,10.0,360
2026-03-06,SKU004,0.0,73,10.0,360
2026-03-07,SKU004,0.0,103,10.0,360
2026-03-08,SKU004,0.0,107,10.0,360
2026-03-09,SKU004,0.0,118,10.0,360
2026-03-10,SKU004,38.0,0,10.0,360
2026-03-11,SKU004,0.0,125,10.0,360
2026-03-12,SKU004,0.0,62,10.0,360
2026-03-13,SKU004,0.0,98,10.0,360
2026-03-14,SKU004,0.0,61,10.0,360
2026-03-15,SKU004,0.0,127,10.0,360
2026-03-16,SKU004,0.0,69,10.0,360
2026-03-17,SKU004,0.0,43,10.0,360
2026-03-18,SKU004,0.0,138,10.0,360
2026-03-19,SKU004,0.0,54,10.0,360
2026-03-20,SKU004,68.0,0,10.0,360
2026-03-21,SKU004,15.0,120,10.0,360
2026-03-22,SKU004,0.0,83,10.0,360
2026-03-23,SKU004,0.0,52,10.0,360
2026-03-24,SKU004,0.0,26,10.0,360
2026-03-25,SKU004,0.0,48,10.0,360
2026-03-26,SKU004,0.0,126,10.0,360
2026-03-27,SKU004,0.0,52,10.0,360
2026-03-28,SKU004,0.0,46,10.0,360
2026-03-29,SKU004,0.0,24,10.0,360
2026-03-30,SKU004,39.0,0,10.0,360
2026-03-31,SKU004,0.0,84,10.0,360
2026-04-01,SKU004,0.0,101,10.0,360
2026-04-02,SKU004,0.0,123,10.0,360
2026-04-03,SKU004,0.0,30,10.0,360
2026-04-04,SKU004,0.0,63,10.0,360
2026-04-05,SKU004,0.0,92,10.0,360
2026-04-06,SKU004,0.0,40,10.0,360
2026-04-07,SKU004,0.0,50,10.0,360
2026-04-08,SKU004,0.0,115,10.0,360
2026-04-09,SKU004,0.0,21,10.0,360
2026-04-10,SKU004,78.0,0,10.0,360
2026-04-11,SKU004,29.0,113,10.0,360
2026-04-12,SKU004,0.0,57,10.0,360
2026-04-13,SKU004,0.0,60,10.0,360
2026-04-14,SKU004,0.0,47,10.0,360
2026-04-15,SKU004,0.0,18,10.0,360
2026-04-16,SKU004,0.0,104,10.0,360
2026-04-17,SKU004,0.0,115,10.0,360
2026-04-18,SKU004,0.0,40,10.0,360
2026-04-19,SKU004,0.0,66,10.0,360
2026-04-20,SKU004,44.0,0,10.0,360
2026-04-21,SKU004,16.0,28,10.0,360
2026-04-22,SKU004,0.0,53,10.0,360
2026-04-23,SKU004,0.0,53,10.0,360
2026-04-24,SKU004,0.0,122,10.0,360
2026-04-25,SKU004,0.0,30,10.0,360
2026-04-26,SKU004,0.0,46,10.0,360
2026-04-27,SKU004,0.0,73,10.0,360
2026-04-28,SKU004,0.0,34,10.0,360
2026-04-29,SKU004,0.0,42,10.0,360
2026-04-30,SKU004,96.0,0,10.0,360
2026-05-01,SKU004,58.0,124,10.0,360
2026-05-02,SKU004,13.0,33,10.0,360
2026-05-03,SKU004,0.0,50,10.0,360
2026-05-04,SKU004,0.0,124,10.0,360
2026-05-05,SKU004,0.0,60,10.0,360
2026-05-06,SKU004,0.0,71,10.0,360
2026-05-07,SKU004,0.0,39,10.0,360
2026-05-08,SKU004,0.0,84,10.0,360
2026-05-09,SKU004,0.0,35,10.0,360
2026-05-10,SKU004,40.0,0,10.0,360
2026-05-11,SKU004,6.0,130,10.0,360
2026-05-12,SKU004,0.0,76,10.0,360
2026-05-13,SKU004,0.0,118,10.0,360
2026-05-14,SKU004,0.0,87,10.0,360
2026-05-15,SKU004,0.0,62,10.0,360
2026-05-16,SKU004,0.0,133,10.0,360
2026-05-17,SKU004,0.0,139,10.0,360
2026-05-18,SKU004,0.0,57,10.0,360
2026-05-19,SKU004,0.0,138,,360
2026-05-20,SKU004,95.0,0,10.0,360
2026-05-21,SKU004,62.0,56,10.0,360
2026-05-22,SKU004,17.0,73,10.0,360
2026-05-23,SKU004,0.0,22,10.0,360
2026-05-24,SKU004,0.0,19,10.0,360
2026-05-25,SKU004,0.0,36,10.0,360
2026-05-26,SKU004,0.0,50,10.0,360
2026-05-27,SKU004,0.0,126,10.0,360
2026-05-28,SKU004,0.0,57,10.0,360
2026-05-29,SKU004,0.0,105,10.0,360
2026-05-30,SKU004,98.0,0,10.0,360
2026-05-31,SKU004,58.0,82,10.0,360
2026-06-01,SKU004,15.0,120,10.0,360
2026-06-02,SKU004,0.0,68,10.0,360
2026-06-03,SKU004,0.0,48,10.0,360
2026-06-04,SKU004,0.0,112,10.0,360
2026-06-05,SKU004,0.0,96,10.0,360
2026-06-06,SKU004,0.0,98,10.0,360
2026-06-07,SKU004,0.0,58,10.0,360
2026-06-08,SKU004,0.0,78,10.0,360
2026-06-09,SKU004,0.0,65,10.0,360
2026-06-10,SKU004,66.0,0,10.0,360
2026-06-11,SKU004,8.0,131,10.0,360
2026-06-12,SKU004,0.0,31,10.0,360
2026-06-13,SKU004,0.0,104,10.0,360
2026-06-14,SKU004,0.0,49,10.0,360
2026-06-15,SKU004,0.0,105,10.0,360
2026-06-16,SKU004,0.0,48,10.0,360
2026-06-17,SKU004,0.0,72,10.0,360
2026-06-18,SKU004,0.0,67,10.0,360
2026-06-19,SKU004,0.0,117,10.0,360
2026-06-20,SKU004,4.0,0,10.0,360
2026-06-21,SKU004,0.0,129,10.0,360
2026-06-22,SKU004,0.0,30,10.0,360
2026-06-23,SKU004,0.0,46,10.0,360
2026-06-24,SKU004,0.0,46,10.0,360
2026-06-25,SKU004,0.0,48,10.0,360
2026-06-26,SKU004,0.0,90,10.0,360
2026-06-27,SKU004,0.0,65,10.0,360
2026-06-28,SKU004,0.0,73,10.0,360
2026-06-29,SKU004,0.0,138,10.0,360
2026-06-30,SKU004,58.0,0,10.0,360
2025-01-01,SKU005,383.0,68,7.0,460
2025-01-02,SKU005,316.0,116,7.0,460
2025-01-03,SKU005,221.0,270,7.0,460
2025-01-04,SKU005,136.0,282,7.0,460
2025-01-05,SKU005,34.0,252,7.0,460
2025-01-06,SKU005,0.0,198,7.0,460
2025-01-07,SKU005,172.0,0,7.0,460
2025-01-08,SKU005,95.0,71,7.0,460
2025-01-09,SKU005,26.0,137,7.0,460
2025-01-10,SKU005,0.0,186,7.0,460
2025-01-11,SKU005,0.0,185,7.0,460
2025-01-12,SKU005,0.0,104,7.0,460
2025-01-13,SKU005,0.0,194,7.0,460
2025-01-14,SKU005,0.0,0,7.0,460
2025-01-15,SKU005,0.0,225,7.0,460
2025-01-16,SKU005,0.0,156,7.0,460
2025-01-17,SKU005,0.0,171,7.0,460
2025-01-18,SKU005,0.0,273,7.0,460
2025-01-19,SKU005,0.0,281,7.0,460
2025-01-20,SKU005,0.0,238,7.0,460
2025-01-21,SKU005,58.0,0,7.0,460
2025-01-22,SKU005,0.0,149,7.0,460
2025-01-23,SKU005,0.0,165,7.0,460
2025-01-24,SKU005,0.0,229,7.0,460
2025-01-25,SKU005,0.0,219,7.0,460
2025-01-26,SKU005,0.0,105,7.0,460
2025-01-27,SKU005,0.0,150,7.0,460
2025-01-28,SKU005,98.0,0,7.0,460
2025-01-29,SKU005,23.0,54,7.0,460
2025-01-30,SKU005,0.0,62,7.0,460
2025-01-31,SKU005,0.0,243,7.0,460
2025-02-01,SKU005,0.0,269,7.0,460
2025-02-02,SKU005,0.0,80,7.0,460
2025-02-03,SKU005,0.0,266,7.0,460
2025-02-04,SKU005,0.0,251,7.0,460
2025-02-05,SKU005,0.0,72,7.0,460
2025-02-06,SKU005,0.0,72,7.0,460
2025-02-07,SKU005,77.0,0,7.0,460
2025-02-08,SKU005,0.0,233,7.0,460
2025-02-09,SKU005,0.0,159,7.0,460
2025-02-10,SKU005,0.0,242,7.0,460
2025-02-11,SKU005,0.0,69,7.0,460
2025-02-12,SKU005,0.0,98,7.0,460
2025-02-13,SKU005,0.0,219,7.0,460
2025-02-14,SKU005,79.0,0,7.0,460
2025-02-15,SKU005,22.0,138,7.0,460
2025-02-16,SKU005,0.0,246,7.0,460
2025-02-17,SKU005,0.0,71,7.0,460
2025-02-18,SKU005,0.0,138,7.0,460
2025-02-19,SKU005,0.0,263,7.0,460
2025-02-20,SKU005,0.0,264,7.0,460
2025-02-21,SKU005,26.0,0,7.0,460
2025-02-22,SKU005,0.0,143,7.0,460
2025-02-23,SKU005,0.0,55,7.0,460
2025-02-24,SKU005,0.0,89,7.0,460
2025-02-25,SKU005,0.0,40,7.0,460
2025-02-26,SKU005,0.0,170,7.0,460
2025-02-27,SKU005,0.0,284,7.0,460
2025-02-28,SKU005,0.0,0,7.0,460
2025-03-01,SKU005,0.0,274,7.0,460
2025-03-02,SKU005,0.0,138,7.0,460
2025-03-03,SKU005,0.0,48,7.0,460
2025-03-04,SKU005,0.0,76,7.0,460
2025-03-05,SKU005,0.0,149,7.0,460
2025-03-06,SKU005,0.0,87,7.0,460
2025-03-07,SKU005,108.0,0,7.0,460
2025-03-08,SKU005,17.0,95,7.0,460
2025-03-09,SKU005,0.0,230,7.0,460
2025-03-10,SKU005,0.0,88,7.0,460
2025-03-11,SKU005,0.0,183,7.0,460
2025-03-12,SKU005,0.0,167,7.0,460
2025-03-13,SKU005,0.0,238,7.0,460
2025-03-14,SKU005,101.0,0,7.0,460
2025-03-15,SKU005,10.0,165,7.0,460
2025-03-16,SKU005,0.0,263,7.0,460
2025-03-17,SKU005,0.0,257,7.0,460
2025-03-18,SKU005,0.0,257,7.0,460
2025-03-19,SKU005,0.0,95,7.0,460
2025-03-20,SKU005,0.0,216,7.0,460
2025-03-21,SKU005,50.0,0,7.0,460
2025-03-22,SKU005,0.0,249,7.0,460
2025-03-23,SKU005,0.0,194,7.0,460
2025-03-24,SKU005,0.0,84,7.0,460
2025-03-25,SKU005,0.0,108,7.0,460
2025-03-26,SKU005,0.0,157,7.0,460
2025-03-27,SKU005,0.0,175,7.0,460
2025-03-28,SKU005,60.0,0,7.0,460
2025-03-29,SKU005,0.0,252,7.0,460
2025-03-30,SKU005,0.0,250,7.0,460
2025-03-31,SKU005,0.0,224,7.0,460
2025-04-01,SKU005,0.0,147,7.0,460
2025-04-02,SKU005,0.0,227,7.0,460
2025-04-03,SKU005,0.0,251,7.0,460
2025-04-04,SKU005,0.0,188,7.0,460
2025-04-05,SKU005,0.0,188,7.0,460
2025-04-06,SKU005,0.0,94,7.0,460
2025-04-07,SKU005,45.0,0,7.0,460
2025-04-08,SKU005,0.0,208,7.0,460
2025-04-09,SKU005,0.0,262,7.0,460
2025-04-10,SKU005,0.0,208,7.0,460
2025-04-11,SKU005,0.0,121,7.0,460
2025-04-12,SKU005,0.0,233,7.0,460
2025-04-13,SKU005,0.0,156,7.0,460
2025-04-14,SKU005,57.0,0,7.0,460
2025-04-15,SKU005,0.0,124,7.0,460
2025-04-16,SKU005,0.0,237,7.0,460
2025-04-17,SKU005,0.0,251,7.0,460
2025-04-18,SKU005,0.0,118,7.0,460
2025-04-19,SKU005,0.0,87,7.0,460
2025-04-20,SKU005,0.0,170,7.0,460
2025-04-21,SKU005,183.0,0,7.0,460
2025-04-22,SKU005,104.0,62,7.0,460
2025-04-23,SKU005,27.0,158,7.0,460
2025-04-24,SKU005,0.0,36,7.0,460
2025-04-25,SKU005,0.0,184,7.0,460
2025-04-26,SKU005,0.0,101,7.0,460
2025-04-27,SKU005,0.0,129,7.0,460
2025-04-28,SKU005,46.0,0,7.0,460
2025-04-29,SKU005,0.0,159,7.0,460
2025-04-30,SKU005,0.0,207,7.0,460
2025-05-01,SKU005,0.0,61,7.0,460
2025-05-02,SKU005,0.0,200,7.0,460
2025-05-03,SKU005,0.0,105,7.0,460
2025-05-04,SKU005,0.0,224,7.0,460
2025-05-05,SKU005,0.0,62,7.0,460
2025-05-06,SKU005,0.0,236,7.0,460
2025-05-07,SKU005,148.0,0,7.0,460
2025-05-08,SKU005,89.0,60,7.0,460
2025-05-09,SKU005,13.0,259,7.0,460
2025-05-10,SKU005,0.0,54,7.0,460
2025-05-11,SKU005,0.0,70,7.0,460
2025-05-12,SKU005,0.0,83,7.0,460
2025-05-13,SKU005,0.0,83,7.0,460
2025-05-14,SKU005,195.0,0,7.0,460
2025-05-15,SKU005,118.0,138,7.0,460
2025-05-16,SKU005,14.0,76,7.0,460
2025-05-17,SKU005,0.0,173,7.0,460
2025-05-18,SKU005,0.0,222,7.0,460
2025-05-19,SKU005,0.0,282,7.0,460
2025-05-20,SKU005,0.0,186,7.0,460
2025-05-21,SKU005,0.0,0,7.0,460
2025-05-22,SKU005,0.0,67,7.0,460
2025-05-23,SKU005,0.0,268,7.0,460
2025-05-24,SKU005,0.0,228,7.0,460
2025-05-25,SKU005,0.0,73,7.0,460
2025-05-26,SKU005,0.0,235,7.0,460
2025-05-27,SKU005,0.0,60,7.0,460
2025-05-28,SKU005,44.0,0,7.0,460
2025-05-29,SKU005,0.0,41,7.0,460
2025-05-30,SKU005,0.0,281,7.0,460
2025-05-31,SKU005,0.0,121,7.0,460
2025-06-01,SKU005,0.0,67,7.0,460
2025-06-02,SKU005,0.0,239,7.0,460
2025-06-03,SKU005,0.0,140,7.0,460
2025-06-04,SKU005,0.0,192,7.0,460
2025-06-05,SKU005,0.0,252,7.0,460
2025-06-06,SKU005,0.0,101,7.0,460
2025-06-07,SKU005,55.0,0,7.0,460
2025-06-08,SKU005,0.0,77,7.0,460
2025-06-09,SKU005,0.0,249,7.0,460
2025-06-10,SKU005,0.0,116,7.0,460
2025-06-11,SKU005,0.0,158,7.0,460
2025-06-12,SKU005,0.0,218,7.0,460
2025-06-13,SKU005,0.0,263,7.0,460
2025-06-14,SKU005,4.0,0,7.0,460
2025-06-15,SKU005,0.0,57,7.0,460
2025-06-16,SKU005,0.0,167,7.0,460
2025-06-17,SKU005,0.0,39,7.0,460
2025-06-18,SKU005,0.0,134,7.0,460
2025-06-19,SKU005,0.0,138,7.0,460
2025-06-20,SKU005,0.0,153,7.0,460
2025-06-21,SKU005,19.0,0,7.0,460
2025-06-22,SKU005,0.0,221,7.0,460
2025-06-23,SKU005,0.0,95,7.0,460
2025-06-24,SKU005,0.0,166,7.0,460
2025-06-25,SKU005,0.0,117,7.0,460
2025-06-26,SKU005,0.0,192,7.0,460
2025-06-27,SKU005,0.0,142,7.0,460
2025-06-28,SKU005,0.0,0,7.0,460
2025-06-29,SKU005,0.0,185,7.0,460
2025-06-30,SKU005,0.0,98,7.0,460
2025-07-01,SKU005,0.0,135,7.0,460
2025-07-02,SKU005,0.0,140,7.0,460
2025-07-03,SKU005,0.0,261,7.0,460
2025-07-04,SKU005,0.0,221,7.0,460
2025-07-05,SKU005,0.0,194,7.0,460
2025-07-06,SKU005,0.0,64,7.0,460
2025-07-07,SKU005,44.0,0,7.0,460
2025-07-08,SKU005,0.0,48,7.0,460
2025-07-09,SKU005,0.0,171,7.0,460
2025-07-10,SKU005,0.0,65,7.0,460
2025-07-11,SKU005,0.0,43,7.0,460
2025-07-12,SKU005,0.0,125,7.0,460
2025-07-13,SKU005,0.0,223,7.0,460
2025-07-14,SKU005,37.0,0,7.0,460
2025-07-15,SKU005,0.0,57,7.0,460
2025-07-16,SKU005,0.0,171,7.0,460
2025-07-17,SKU005,0.0,148,7.0,460
2025-07-18,SKU005,0.0,277,7.0,460
2025-07-19,SKU005,0.0,70,7.0,460
2025-07-20,SKU005,0.0,207,7.0,460
2025-07-21,SKU005,142.0,0,7.0,460
2025-07-22,SKU005,66.0,249,7.0,460
2025-07-23,SKU005,0.0,248,7.0,460
2025-07-24,SKU005,0.0,137,7.0,460
2025-07-25,SKU005,0.0,223,7.0,460
2025-07-26,SKU005,0.0,134,7.0,460
2025-07-27,SKU005,0.0,260,7.0,460
2025-07-28,SKU005,146.0,0,7.0,460
2025-07-29,SKU005,50.0,46,7.0,460
2025-07-30,SKU005,0.0,83,7.0,460
2025-07-31,SKU005,0.0,263,7.0,460
2025-08-01,SKU005,0.0,177,7.0,460
2025-08-02,SKU005,0.0,231,7.0,460
2025-08-03,SKU005,0.0,249,7.0,460
2025-08-04,SKU005,0.0,47,7.0,460
2025-08-05,SKU005,0.0,63,7.0,460
2025-08-06,SKU005,0.0,271,7.0,460
2025-08-07,SKU005,127.0,0,7.0,460
2025-08-08,SKU005,10.0,216,7.0,460
2025-08-09,SKU005,0.0,135,7.0,460
2025-08-10,SKU005,0.0,96,7.0,460
2025-08-11,SKU005,0.0,61,7.0,460
2025-08-12,SKU005,0.0,89,7.0,460
2025-08-13,SKU005,0.0,61,7.0,460
2025-08-14,SKU005,170.0,0,7.0,460
2025-08-15,SKU005,99.0,255,7.0,460
2025-08-16,SKU005,0.0,225,7.0,460
2025-08-17,SKU005,0.0,41,7.0,460
2025-08-18,SKU005,0.0,167,7.0,460
2025-08-19,SKU005,0.0,96,7.0,460
2025-08-20,SKU005,0.0,54,7.0,460
2025-08-21,SKU005,0.0,0,7.0,460
2025-08-22,SKU005,0.0,216,7.0,460
2025-08-23,SKU005,0.0,131,7.0,460
2025-08-24,SKU005,0.0,184,7.0,460
2025-08-25,SKU005,0.0,230,7.0,460
2025-08-26,SKU005,0.0,148,7.0,460
2025-08-27,SKU005,0.0,68,7.0,460
2025-08-28,SKU005,181.0,0,7.0,460
2025-08-29,SKU005,56.0,198,7.0,460
2025-08-30,SKU005,0.0,85,7.0,460
2025-08-31,SKU005,0.0,207,7.0,460
2025-09-01,SKU005,0.0,143,7.0,460
2025-09-02,SKU005,0.0,235,7.0,460
2025-09-03,SKU005,0.0,217,7.0,460
2025-09-04,SKU005,0.0,101,7.0,460
2025-09-05,SKU005,0.0,222,7.0,460
2025-09-06,SKU005,0.0,174,7.0,460
2025-09-07,SKU005,131.0,0,7.0,460
2025-09-08,SKU005,75.0,135,7.0,460
2025-09-09,SKU005,0.0,61,7.0,460
2025-09-10,SKU005,0.0,44,7.0,460
2025-09-11,SKU005,0.0,235,7.0,460
2025-09-12,SKU005,0.0,106,7.0,460
2025-09-13,SKU005,0.0,184,7.0,460
2025-09-14,SKU005,196.0,0,7.0,460
2025-09-15,SKU005,122.0,274,7.0,460
2025-09-16,SKU005,45.0,279,7.0,460
2025-09-17,SKU005,0.0,238,7.0,460
2025-09-18,SKU005,0.0,167,7.0,460
2025-09-19,SKU005,0.0,102,7.0,460
2025-09-20,SKU005,0.0,40,7.0,460
2025-09-21,SKU005,35.0,0,7.0,460
2025-09-22,SKU005,0.0,95,7.0,460
2025-09-23,SKU005,,168,7.0,460
2025-09-24,SKU005,0.0,193,7.0,460
2025-09-25,SKU005,0.0,282,7.0,460
2025-09-26,SKU005,0.0,134,7.0,460
2025-09-27,SKU005,0.0,271,7.0,460
2025-09-28,SKU005,,0,7.0,460
2025-09-29,SKU005,75.0,213,7.0,460
2025-09-30,SKU005,12.0,79,7.0,460
2025-10-01,SKU005,0.0,191,7.0,460
2025-10-02,SKU005,0.0,185,7.0,460
2025-10-03,SKU005,0.0,234,7.0,460
2025-10-04,SKU005,0.0,181,7.0,460
2025-10-05,SKU005,0.0,278,7.0,460
2025-10-06,SKU005,0.0,85,7.0,460
2025-10-07,SKU005,0.0,0,7.0,460
2025-10-08,SKU005,0.0,218,7.0,460
2025-10-09,SKU005,0.0,286,7.0,460
2025-10-10,SKU005,0.0,95,7.0,460
2025-10-11,SKU005,0.0,49,7.0,460
2025-10-12,SKU005,0.0,201,7.0,460
2025-10-13,SKU005,0.0,223,7.0,460
2025-10-14,SKU005,77.0,0,7.0,460
2025-10-15,SKU005,0.0,93,7.0,460
2025-10-16,SKU005,0.0,160,7.0,460
2025-10-17,SKU005,0.0,113,7.0,460
2025-10-18,SKU005,0.0,90,7.0,460
2025-10-19,SKU005,0.0,161,7.0,460
2025-10-20,SKU005,0.0,47,7.0,460
2025-10-21,SKU005,135.0,0,7.0,460
2025-10-22,SKU005,60.0,228,7.0,460
2025-10-23,SKU005,0.0,283,7.0,460
2025-10-24,SKU005,0.0,256,7.0,460
2025-10-25,SKU005,0.0,110,7.0,460
2025-10-26,SKU005,0.0,112,7.0,460
2025-10-27,SKU005,0.0,147,7.0,460
2025-10-28,SKU005,135.0,0,7.0,460
2025-10-29,SKU005,65.0,46,7.0,460
2025-10-30,SKU005,0.0,277,7.0,460
2025-10-31,SKU005,0.0,212,7.0,460
2025-11-01,SKU005,0.0,249,7.0,460
2025-11-02,SKU005,0.0,209,7.0,460
2025-11-03,SKU005,0.0,267,,460
2025-11-04,SKU005,0.0,241,7.0,460
2025-11-05,SKU005,0.0,145,7.0,460
2025-11-06,SKU005,0.0,214,7.0,460
2025-11-07,SKU005,175.0,0,7.0,460
2025-11-08,SKU005,101.0,273,7.0,460
2025-11-09,SKU005,22.0,262,7.0,460
2025-11-10,SKU005,0.0,224,7.0,460
2025-11-11,SKU005,0.0,195,7.0,460
2025-11-12,SKU005,0.0,174,7.0,460
2025-11-13,SKU005,0.0,83,7.0,460
2025-11-14,SKU005,37.0,0,7.0,460
2025-11-15,SKU005,0.0,69,7.0,460
2025-11-16,SKU005,0.0,74,7.0,460
2025-11-17,SKU005,0.0,75,7.0,460
2025-11-18,SKU005,0.0,154,7.0,460
2025-11-19,SKU005,0.0,57,7.0,460
2025-11-20,SKU005,0.0,252,7.0,460
2025-11-21,SKU005,107.0,0,7.0,460
2025-11-22,SKU005,2.0,205,7.0,460
2025-11-23,SKU005,0.0,166,7.0,460
2025-11-24,SKU005,0.0,275,7.0,460
2025-11-25,SKU005,0.0,116,7.0,460
2025-11-26,SKU005,0.0,187,7.0,460
2025-11-27,SKU005,0.0,236,7.0,460
2025-11-28,SKU005,120.0,0,7.0,460
2025-11-29,SKU005,13.0,248,7.0,460
2025-11-30,SKU005,0.0,94,7.0,460
2025-12-01,SKU005,0.0,237,7.0,460
2025-12-02,SKU005,0.0,44,7.0,460
2025-12-03,SKU005,0.0,174,7.0,460
2025-12-04,SKU005,0.0,38,7.0,460
2025-12-05,SKU005,0.0,123,7.0,460
2025-12-06,SKU005,0.0,181,7.0,460
2025-12-07,SKU005,131.0,0,7.0,460
2025-12-08,SKU005,49.0,161,7.0,460
2025-12-09,SKU005,0.0,274,7.0,460
2025-12-10,SKU005,0.0,164,7.0,460
2025-12-11,SKU005,0.0,53,7.0,460
2025-12-12,SKU005,0.0,81,7.0,460
2025-12-13,SKU005,0.0,248,7.0,460
2025-12-14,SKU005,196.0,0,7.0,460
2025-12-15,SKU005,108.0,204,7.0,460
2025-12-16,SKU005,0.0,223,7.0,460
2025-12-17,SKU005,0.0,191,7.0,460
2025-12-18,SKU005,0.0,196,7.0,460
2025-12-19,SKU005,0.0,265,7.0,460
2025-12-20,SKU005,0.0,145,7.0,460
2025-12-21,SKU005,98.0,0,7.0,460
2025-12-22,SKU005,0.0,205,7.0,460
2025-12-23,SKU005,0.0,135,7.0,460
2025-12-24,SKU005,0.0,148,7.0,460
2025-12-25,SKU005,0.0,116,7.0,460
2025-12-26,SKU005,0.0,275,7.0,460
2025-12-27,SKU005,0.0,69,7.0,460
2025-12-28,SKU005,0.0,0,7.0,460
2025-12-29,SKU005,0.0,230,7.0,460
2025-12-30,SKU005,0.0,122,7.0,460
2025-12-31,SKU005,0.0,210,7.0,460
2026-01-01,SKU005,0.0,218,7.0,460
2026-01-02,SKU005,0.0,174,7.0,460
2026-01-03,SKU005,0.0,138,7.0,460
2026-01-04,SKU005,0.0,212,7.0,460
2026-01-05,SKU005,0.0,38,7.0,460
2026-01-06,SKU005,0.0,214,7.0,460
2026-01-07,SKU005,75.0,0,7.0,460
2026-01-08,SKU005,4.0,248,7.0,460
2026-01-09,SKU005,0.0,222,7.0,460
2026-01-10,SKU005,0.0,177,7.0,460
2026-01-11,SKU005,0.0,232,7.0,460
2026-01-12,SKU005,0.0,78,7.0,460
2026-01-13,SKU005,0.0,135,7.0,460
2026-01-14,SKU005,93.0,0,7.0,460
2026-01-15,SKU005,0.0,229,7.0,460
2026-01-16,SKU005,0.0,85,7.0,460
2026-01-17,SKU005,0.0,213,7.0,460
2026-01-18,SKU005,0.0,105,7.0,460
2026-01-19,SKU005,0.0,85,7.0,460
2026-01-20,SKU005,0.0,136,7.0,460
2026-01-21,SKU005,18.0,0,7.0,460
2026-01-22,SKU005,0.0,145,7.0,460
2026-01-23,SKU005,0.0,172,7.0,460
2026-01-24,SKU005,0.0,129,7.0,460
2026-01-25,SKU005,0.0,272,7.0,460
2026-01-26,SKU005,0.0,205,7.0,460
2026-01-27,SKU005,0.0,137,7.0,460
2026-01-28,SKU005,196.0,0,7.0,460
2026-01-29,SKU005,104.0,115,7.0,460
2026-01-30,SKU005,0.0,196,7.0,460
2026-01-31,SKU005,0.0,154,7.0,460
2026-02-01,SKU005,0.0,255,7.0,460
2026-02-02,SKU005,0.0,146,7.0,460
2026-02-03,SKU005,0.0,45,7.0,460
2026-02-04,SKU005,0.0,113,7.0,460
2026-02-05,SKU005,0.0,115,7.0,460
2026-02-06,SKU005,0.0,135,7.0,460
2026-02-07,SKU005,127.0,0,7.0,460
2026-02-08,SKU005,23.0,214,7.0,460
2026-02-09,SKU005,0.0,63,7.0,460
2026-02-10,SKU005,0.0,50,7.0,460
2026-02-11,SKU005,0.0,83,7.0,460
2026-02-12,SKU005,0.0,148,7.0,460
2026-02-13,SKU005,0.0,180,7.0,460
2026-02-14,SKU005,65.0,0,7.0,460
2026-02-15,SKU005,0.0,240,7.0,460
2026-02-16,SKU005,0.0,163,7.0,460
2026-02-17,SKU005,0.0,222,7.0,460
2026-02-18,SKU005,0.0,284,7.0,460
2026-02-19,SKU005,0.0,201,7.0,460
2026-02-20,SKU005,0.0,191,7.0,460
2026-02-21,SKU005,104.0,0,7.0,460
2026-02-22,SKU005,23.0,162,7.0,460
2026-02-23,SKU005,0.0,266,7.0,460
2026-02-24,SKU005,0.0,195,7.0,460
2026-02-25,SKU005,0.0,262,7.0,460
2026-02-26,SKU005,0.0,158,7.0,460
2026-02-27,SKU005,0.0,93,7.0,460
2026-02-28,SKU005,122.0,0,7.0,460
2026-03-01,SKU005,46.0,81,7.0,460
2026-03-02,SKU005,0.0,278,7.0,460
2026-03-03,SKU005,0.0,266,7.0,460
2026-03-04,SKU005,0.0,131,7.0,460
2026-03-05,SKU005,0.0,253,7.0,460
2026-03-06,SKU005,0.0,264,7.0,460
2026-03-07,SKU005,23.0,0,7.0,460
2026-03-08,SKU005,0.0,259,7.0,460
2026-03-09,SKU005,0.0,204,7.0,460
2026-03-10,SKU005,0.0,115,7.0,460
2026-03-11,SKU005,0.0,152,7.0,460
2026-03-12,SKU005,0.0,266,7.0,460
2026-03-13,SKU005,0.0,196,7.0,460
2026-03-14,SKU005,79.0,0,7.0,460
2026-03-15,SKU005,0.0,218,7.0,460
2026-03-16,SKU005,0.0,223,7.0,460
2026-03-17,SKU005,0.0,120,7.0,460
2026-03-18,SKU005,0.0,249,7.0,460
2026-03-19,SKU005,0.0,183,7.0,460
2026-03-20,SKU005,0.0,280,7.0,460
2026-03-21,SKU005,58.0,0,7.0,460
2026-03-22,SKU005,0.0,84,7.0,460
2026-03-23,SKU005,0.0,53,7.0,460
2026-03-24,SKU005,0.0,208,7.0,460
2026-03-25,SKU005,0.0,177,7.0,460
2026-03-26,SKU005,0.0,254,7.0,460
2026-03-27,SKU005,0.0,249,7.0,460
2026-03-28,SKU005,57.0,0,7.0,460
2026-03-29,SKU005,0.0,285,7.0,460
2026-03-30,SKU005,0.0,249,7.0,460
2026-03-31,SKU005,0.0,53,7.0,460
2026-04-01,SKU005,0.0,120,7.0,460
2026-04-02,SKU005,0.0,199,7.0,460
2026-04-03,SKU005,0.0,47,7.0,460
2026-04-04,SKU005,0.0,108,7.0,460
2026-04-05,SKU005,0.0,174,7.0,460
2026-04-06,SKU005,0.0,276,7.0,460
2026-04-07,SKU005,187.0,0,7.0,460
2026-04-08,SKU005,97.0,44,7.0,460
2026-04-09,SKU005,13.0,235,7.0,460
2026-04-10,SKU005,0.0,73,7.0,460
2026-04-11,SKU005,0.0,267,7.0,460
2026-04-12,SKU005,0.0,203,7.0,460
2026-04-13,SKU005,0.0,72,7.0,460
2026-04-14,SKU005,184.0,0,7.0,460
2026-04-15,SKU005,126.0,63,7.0,460
2026-04-16,SKU005,53.0,85,7.0,460
2026-04-17,SKU005,0.0,54,7.0,460
2026-04-18,SKU005,0.0,129,7.0,460
2026-04-19,SKU005,0.0,79,7.0,460
2026-04-20,SKU005,0.0,285,7.0,460
2026-04-21,SKU005,86.0,0,7.0,460
2026-04-22,SKU005,7.0,231,7.0,460
2026-04-23,SKU005,0.0,110,7.0,460
2026-04-24,SKU005,0.0,102,7.0,460
2026-04-25,SKU005,0.0,159,7.0,460
2026-04-26,SKU005,0.0,231,7.0,460
2026-04-27,SKU005,0.0,194,7.0,460
2026-04-28,SKU005,92.0,0,7.0,460
2026-04-29,SKU005,0.0,71,7.0,460
2026-04-30,SKU005,0.0,160,7.0,460
2026-05-01,SKU005,0.0,197,7.0,460
2026-05-02,SKU005,0.0,52,7.0,460
2026-05-03,SKU005,0.0,193,7.0,460
2026-05-04,SKU005,0.0,277,7.0,460
2026-05-05,SKU005,0.0,87,7.0,460
2026-05-06,SKU005,0.0,93,7.0,460
2026-05-07,SKU005,71.0,0,7.0,460
2026-05-08,SKU005,0.0,216,7.0,460
2026-05-09,SKU005,0.0,157,7.0,460
2026-05-10,SKU005,0.0,73,7.0,460
2026-05-11,SKU005,0.0,218,7.0,460
2026-05-12,SKU005,0.0,169,7.0,460
2026-05-13,SKU005,0.0,228,7.0,460
2026-05-14,SKU005,25.0,0,7.0,460
2026-05-15,SKU005,0.0,283,7.0,460
2026-05-16,SKU005,0.0,76,7.0,460
2026-05-17,SKU005,0.0,278,7.0,460
2026-05-18,SKU005,0.0,58,7.0,460
2026-05-19,SKU005,0.0,102,7.0,460
2026-05-20,SKU005,0.0,71,7.0,460
2026-05-21,SKU005,145.0,0,7.0,460
2026-05-22,SKU005,38.0,210,7.0,460
2026-05-23,SKU005,0.0,164,7.0,460
2026-05-24,SKU005,0.0,272,7.0,460
2026-05-25,SKU005,0.0,80,7.0,460
2026-05-26,SKU005,0.0,127,7.0,460
2026-05-27,SKU005,0.0,38,7.0,460
2026-05-28,SKU005,70.0,0,7.0,460
2026-05-29,SKU005,0.0,48,7.0,460
2026-05-30,SKU005,0.0,89,7.0,460
2026-05-31,SKU005,0.0,85,7.0,460
2026-06-01,SKU005,0.0,178,7.0,460
2026-06-02,SKU005,0.0,108,7.0,460
2026-06-03,SKU005,0.0,56,7.0,460
2026-06-04,SKU005,0.0,204,7.0,460
2026-06-05,SKU005,0.0,77,7.0,460
2026-06-06,SKU005,0.0,93,7.0,460
2026-06-07,SKU005,84.0,0,7.0,460
2026-06-08,SKU005,7.0,281,7.0,460
2026-06-09,SKU005,0.0,242,7.0,460
2026-06-10,SKU005,0.0,241,7.0,460
2026-06-11,SKU005,0.0,200,7.0,460
2026-06-12,SKU005,0.0,110,7.0,460
2026-06-13,SKU005,0.0,183,7.0,460
2026-06-14,SKU005,84.0,0,7.0,460
2026-06-15,SKU005,0.0,81,7.0,460
2026-06-16,SKU005,0.0,276,7.0,460
2026-06-17,SKU005,0.0,240,7.0,460
2026-06-18,SKU005,0.0,180,7.0,460
2026-06-19,SKU005,0.0,158,7.0,460
2026-06-20,SKU005,0.0,224,7.0,460
2026-06-21,SKU005,197.0,0,7.0,460
2026-06-22,SKU005,122.0,99,7.0,460
2026-06-23,SKU005,30.0,58,7.0,460
2026-06-24,SKU005,0.0,196,7.0,460
2026-06-25,SKU005,0.0,123,7.0,460
2026-06-26,SKU005,0.0,108,7.0,460
2026-06-27,SKU005,0.0,145,7.0,460
2026-06-28,SKU005,90.0,0,7.0,460
2026-06-29,SKU005,34.0,83,7.0,460
2026-06-30,SKU005,0.0,153,7.0,460
2025-01-01,SKU006,0.0,13,14.0,129
2025-01-02,SKU006,0.0,6,14.0,129
2025-01-03,SKU006,0.0,7,14.0,129
2025-01-04,SKU006,0.0,28,14.0,129
2025-01-05,SKU006,0.0,45,14.0,129
2025-01-06,SKU006,0.0,18,14.0,129
2025-01-07,SKU006,0.0,39,14.0,129
2025-01-08,SKU006,0.0,21,14.0,129
2025-01-09,SKU006,0.0,32,14.0,129
2025-01-10,SKU006,0.0,24,14.0,129
2025-01-11,SKU006,0.0,44,14.0,129
2025-01-12,SKU006,0.0,31,14.0,129
2025-01-13,SKU006,0.0,28,14.0,129
2025-01-14,SKU006,0.0,0,14.0,129
2025-01-15,SKU006,0.0,38,14.0,129
2025-01-16,SKU006,0.0,45,14.0,129
2025-01-17,SKU006,0.0,16,14.0,129
2025-01-18,SKU006,0.0,10,14.0,129
2025-01-19,SKU006,0.0,44,14.0,129
2025-01-20,SKU006,0.0,33,,129
2025-01-21,SKU006,0.0,8,14.0,129
2025-01-22,SKU006,0.0,13,14.0,129
2025-01-23,SKU006,0.0,36,14.0,129
2025-01-24,SKU006,0.0,42,14.0,129
2025-01-25,SKU006,0.0,8,14.0,129
2025-01-26,SKU006,0.0,10,14.0,129
2025-01-27,SKU006,0.0,10,14.0,129
2025-01-28,SKU006,31.0,0,14.0,129
2025-01-29,SKU006,19.0,42,14.0,129
2025-01-30,SKU006,5.0,30,14.0,129
2025-01-31,SKU006,0.0,22,14.0,129
2025-02-01,SKU006,0.0,28,14.0,129
2025-02-02,SKU006,0.0,31,14.0,129
2025-02-03,SKU006,0.0,39,14.0,129
2025-02-04,SKU006,0.0,32,14.0,129
2025-02-05,SKU006,0.0,32,14.0,129
2025-02-06,SKU006,0.0,44,14.0,129
2025-02-07,SKU006,0.0,12,14.0,129
2025-02-08,SKU006,0.0,35,14.0,129
2025-02-09,SKU006,0.0,43,14.0,129
2025-02-10,SKU006,0.0,12,14.0,129
2025-02-11,SKU006,0.0,20,14.0,129
2025-02-12,SKU006,0.0,20,14.0,129
2025-02-13,SKU006,0.0,39,14.0,129
2025-02-14,SKU006,12.0,0,14.0,129
2025-02-15,SKU006,0.0,30,14.0,129
2025-02-16,SKU006,0.0,29,14.0,129
2025-02-17,SKU006,0.0,23,14.0,129
2025-02-18,SKU006,0.0,12,14.0,129
2025-02-19,SKU006,0.0,7,14.0,129
2025-02-20,SKU006,0.0,16,14.0,129
2025-02-21,SKU006,0.0,44,14.0,129
2025-02-22,SKU006,0.0,38,14.0,129
2025-02-23,SKU006,0.0,14,14.0,129
2025-02-24,SKU006,0.0,17,14.0,129
2025-02-25,SKU006,0.0,26,14.0,129
2025-02-26,SKU006,0.0,32,14.0,129
2025-02-27,SKU006,0.0,8,14.0,129
2025-02-28,SKU006,0.0,0,14.0,129
2025-03-01,SKU006,0.0,31,14.0,129
2025-03-02,SKU006,0.0,29,14.0,129
2025-03-03,SKU006,0.0,27,14.0,129
2025-03-04,SKU006,0.0,18,14.0,129
2025-03-05,SKU006,0.0,25,14.0,129
2025-03-06,SKU006,0.0,32,14.0,129
2025-03-07,SKU006,0.0,14,14.0,129
2025-03-08,SKU006,0.0,6,14.0,129
2025-03-09,SKU006,0.0,25,14.0,129
2025-03-10,SKU006,0.0,33,14.0,129
2025-03-11,SKU006,0.0,13,14.0,129
2025-03-12,SKU006,0.0,20,14.0,129
2025-03-13,SKU006,0.0,18,14.0,129
2025-03-14,SKU006,29.0,0,14.0,129
2025-03-15,SKU006,15.0,44,14.0,129
2025-03-16,SKU006,3.0,25,14.0,129
2025-03-17,SKU006,0.0,21,14.0,129
2025-03-18,SKU006,0.0,30,14.0,129
2025-03-19,SKU006,0.0,44,14.0,129
2025-03-20,SKU006,0.0,35,14.0,129
2025-03-21,SKU006,0.0,8,14.0,129
2025-03-22,SKU006,0.0,22,14.0,129
2025-03-23,SKU006,0.0,13,14.0,129
2025-03-24,SKU006,0.0,11,14.0,129
2025-03-25,SKU006,0.0,32,14.0,129
2025-03-26,SKU006,0.0,35,14.0,129
2025-03-27,SKU006,0.0,25,14.0,129
2025-03-28,SKU006,11.0,0,14.0,129
2025-03-29,SKU006,0.0,20,14.0,129
2025-03-30,SKU006,0.0,43,14.0,129
2025-03-31,SKU006,0.0,16,14.0,129
2025-04-01,SKU006,0.0,14,14.0,129
2025-04-02,SKU006,0.0,43,14.0,129
2025-04-03,SKU006,0.0,28,14.0,129
2025-04-04,SKU006,0.0,10,14.0,129
2025-04-05,SKU006,0.0,37,14.0,129
2025-04-06,SKU006,0.0,30,14.0,129
2025-04-07,SKU006,0.0,37,14.0,129
2025-04-08,SKU006,0.0,29,14.0,129
2025-04-09,SKU006,0.0,40,14.0,129
2025-04-10,SKU006,0.0,35,14.0,129
2025-04-11,SKU006,0.0,32,14.0,129
2025-04-12,SKU006,0.0,39,14.0,129
2025-04-13,SKU006,0.0,16,14.0,129
2025-04-14,SKU006,0.0,0,14.0,129
2025-04-15,SKU006,0.0,7,14.0,129
2025-04-16,SKU006,0.0,13,14.0,129
2025-04-17,SKU006,0.0,24,14.0,129
2025-04-18,SKU006,0.0,6,14.0,129
2025-04-19,SKU006,0.0,32,14.0,129
2025-04-20,SKU006,0.0,43,14.0,129
2025-04-21,SKU006,0.0,22,14.0,129
2025-04-22,SKU006,0.0,27,14.0,129
2025-04-23,SKU006,0.0,43,14.0,129
2025-04-24,SKU006,0.0,10,14.0,129
2025-04-25,SKU006,0.0,21,14.0,129
2025-04-26,SKU006,0.0,45,14.0,129
2025-04-27,SKU006,0.0,11,14.0,129
2025-04-28,SKU006,29.0,0,14.0,129
2025-04-29,SKU006,22.0,21,14.0,129
2025-04-30,SKU006,14.0,26,14.0,129
2025-05-01,SKU006,0.0,38,14.0,129
2025-05-02,SKU006,0.0,45,14.0,129
2025-05-03,SKU006,0.0,6,14.0,129
2025-05-04,SKU006,0.0,19,14.0,129
2025-05-05,SKU006,0.0,17,14.0,129
2025-05-06,SKU006,0.0,24,14.0,129
2025-05-07,SKU006,0.0,11,14.0,129
2025-05-08,SKU006,0.0,18,14.0,129
2025-05-09,SKU006,0.0,30,14.0,129
2025-05-10,SKU006,0.0,37,14.0,129
2025-05-11,SKU006,0.0,44,14.0,129
2025-05-12,SKU006,0.0,16,14.0,129
2025-05-13,SKU006,0.0,44,14.0,129
2025-05-14,SKU006,4.0,0,14.0,129
2025-05-15,SKU006,0.0,42,14.0,129
2025-05-16,SKU006,0.0,35,14.0,129
2025-05-17,SKU006,0.0,22,14.0,129
2025-05-18,SKU006,0.0,44,14.0,129
2025-05-19,SKU006,0.0,6,14.0,129
2025-05-20,SKU006,0.0,37,14.0,129
2025-05-21,SKU006,0.0,32,14.0,129
2025-05-22,SKU006,0.0,9,14.0,129
2025-05-23,SKU006,0.0,17,14.0,129
2025-05-24,SKU006,0.0,23,14.0,129
2025-05-25,SKU006,0.0,15,14.0,129
2025-05-26,SKU006,0.0,42,14.0,129
2025-05-27,SKU006,0.0,11,14.0,129
2025-05-28,SKU006,22.0,0,14.0,129
2025-05-29,SKU006,9.0,27,14.0,129
2025-05-30,SKU006,0.0,27,14.0,129
2025-05-31,SKU006,0.0,11,14.0,129
2025-06-01,SKU006,0.0,25,14.0,129
2025-06-02,SKU006,0.0,42,14.0,129
2025-06-03,SKU006,0.0,14,14.0,129
2025-06-04,SKU006,0.0,8,14.0,129
2025-06-05,SKU006,0.0,43,14.0,129
2025-06-06,SKU006,0.0,42,14.0,129
2025-06-07,SKU006,0.0,27,14.0,129
2025-06-08,SKU006,0.0,41,14.0,129
2025-06-09,SKU006,0.0,44,14.0,129
2025-06-10,SKU006,0.0,12,14.0,129
2025-06-11,SKU006,0.0,14,14.0,129
2025-06-12,SKU006,0.0,27,14.0,129
2025-06-13,SKU006,0.0,33,14.0,129
2025-06-14,SKU006,21.0,0,14.0,129
2025-06-15,SKU006,6.0,25,14.0,129
2025-06-16,SKU006,0.0,6,14.0,129
2025-06-17,SKU006,0.0,8,14.0,129
2025-06-18,SKU006,0.0,39,14.0,129
2025-06-19,SKU006,0.0,28,14.0,129
2025-06-20,SKU006,0.0,7,14.0,129
2025-06-21,SKU006,0.0,33,14.0,129
2025-06-22,SKU006,0.0,30,14.0,129
2025-06-23,SKU006,0.0,22,14.0,129
2025-06-24,SKU006,0.0,40,14.0,129
2025-06-25,SKU006,0.0,17,14.0,129
2025-06-26,SKU006,0.0,35,14.0,129
2025-06-27,SKU006,0.0,18,14.0,129
2025-06-28,SKU006,13.0,0,14.0,129
2025-06-29,SKU006,0.0,45,14.0,129
2025-06-30,SKU006,0.0,30,14.0,129
2025-07-01,SKU006,0.0,28,14.0,129
2025-07-02,SKU006,0.0,28,14.0,129
2025-07-03,SKU006,0.0,33,14.0,129
2025-07-04,SKU006,0.0,37,14.0,129
2025-07-05,SKU006,0.0,37,14.0,129
2025-07-06,SKU006,0.0,36,14.0,129
2025-07-07,SKU006,0.0,19,14.0,129
2025-07-08,SKU006,0.0,15,14.0,129
2025-07-09,SKU006,0.0,21,14.0,129
2025-07-10,SKU006,0.0,26,14.0,129
2025-07-11,SKU006,0.0,38,14.0,129
2025-07-12,SKU006,0.0,26,14.0,129
2025-07-13,SKU006,0.0,20,14.0,129
2025-07-14,SKU006,12.0,0,14.0,129
2025-07-15,SKU006,2.0,8,14.0,129
2025-07-16,SKU006,0.0,27,14.0,129
2025-07-17,SKU006,0.0,26,14.0,129
2025-07-18,SKU006,0.0,29,14.0,129
2025-07-19,SKU006,0.0,40,14.0,129
2025-07-20,SKU006,0.0,28,14.0,129
2025-07-21,SKU006,0.0,28,14.0,129
2025-07-22,SKU006,0.0,32,14.0,129
2025-07-23,SKU006,0.0,44,14.0,129
2025-07-24,SKU006,0.0,34,14.0,129
2025-07-25,SKU006,0.0,13,14.0,129
2025-07-26,SKU006,0.0,23,14.0,129
2025-07-27,SKU006,0.0,11,14.0,129
2025-07-28,SKU006,0.0,0,14.0,129
2025-07-29,SKU006,0.0,38,14.0,129
2025-07-30,SKU006,0.0,19,14.0,129
2025-07-31,SKU006,,16,14.0,129
2025-08-01,SKU006,0.0,25,14.0,129
2025-08-02,SKU006,0.0,13,14.0,129
2025-08-03,SKU006,0.0,7,14.0,129
2025-08-04,SKU006,0.0,32,14.0,129
2025-08-05,SKU006,0.0,14,14.0,129
2025-08-06,SKU006,0.0,6,14.0,129
2025-08-07,SKU006,0.0,35,14.0,129
2025-08-08,SKU006,0.0,43,14.0,129
2025-08-09,SKU006,0.0,10,14.0,129
2025-08-10,SKU006,0.0,24,14.0,129
2025-08-11,SKU006,0.0,14,14.0,129
2025-08-12,SKU006,0.0,7,14.0,129
2025-08-13,SKU006,0.0,21,14.0,129
2025-08-14,SKU006,26.0,0,14.0,129
2025-08-15,SKU006,12.0,18,14.0,129
2025-08-16,SKU006,0.0,9,14.0,129
2025-08-17,SKU006,0.0,29,14.0,129
2025-08-18,SKU006,0.0,39,14.0,129
2025-08-19,SKU006,0.0,19,14.0,129
2025-08-20,SKU006,0.0,23,14.0,129
2025-08-21,SKU006,0.0,12,14.0,129
2025-08-22,SKU006,0.0,45,14.0,129
2025-08-23,SKU006,0.0,44,14.0,129
2025-08-24,SKU006,0.0,37,14.0,129
2025-08-25,SKU006,0.0,8,14.0,129
2025-08-26,SKU006,0.0,17,14.0,129
2025-08-27,SKU006,0.0,13,14.0,129
2025-08-28,SKU006,0.0,0,14.0,129
2025-08-29,SKU006,0.0,22,14.0,129
2025-08-30,SKU006,0.0,22,14.0,129
2025-08-31,SKU006,0.0,44,14.0,129
2025-09-01,SKU006,0.0,34,14.0,129
2025-09-02,SKU006,0.0,8,14.0,129
2025-09-03,SKU006,0.0,7,14.0,129
2025-09-04,SKU006,0.0,43,14.0,129
2025-09-05,SKU006,0.0,37,14.0,129
2025-09-06,SKU006,0.0,7,14.0,129
2025-09-07,SKU006,0.0,39,14.0,129
2025-09-08,SKU006,0.0,25,14.0,129
2025-09-09,SKU006,0.0,35,14.0,129
2025-09-10,SKU006,0.0,29,14.0,129
2025-09-11,SKU006,0.0,32,14.0,129
2025-09-12,SKU006,0.0,18,14.0,129
2025-09-13,SKU006,0.0,26,14.0,129
2025-09-14,SKU006,0.0,0,14.0,129
2025-09-15,SKU006,0.0,21,14.0,129
2025-09-16,SKU006,0.0,9,14.0,129
2025-09-17,SKU006,0.0,32,14.0,129
2025-09-18,SKU006,0.0,8,14.0,129
2025-09-19,SKU006,0.0,17,14.0,129
2025-09-20,SKU006,0.0,9,14.0,129
2025-09-21,SKU006,0.0,32,14.0,129
2025-09-22,SKU006,0.0,24,14.0,129
2025-09-23,SKU006,0.0,20,14.0,129
2025-09-24,SKU006,0.0,24,14.0,129
2025-09-25,SKU006,0.0,12,14.0,129
2025-09-26,SKU006,0.0,41,14.0,129
2025-09-27,SKU006,0.0,19,14.0,129
2025-09-28,SKU006,16.0,0,14.0,129
2025-09-29,SKU006,11.0,43,14.0,129
2025-09-30,SKU006,1.0,10,14.0,129
2025-10-01,SKU006,0.0,32,14.0,129
2025-10-02,SKU006,0.0,6,14.0,129
2025-10-03,SKU006,0.0,43,14.0,129
2025-10-04,SKU006,0.0,19,14.0,129
2025-10-05,SKU006,0.0,17,14.0,129
2025-10-06,SKU006,0.0,17,14.0,129
2025-10-07,SKU006,0.0,45,14.0,129
2025-10-08,SKU006,0.0,17,14.0,129
2025-10-09,SKU006,0.0,42,14.0,129
2025-10-10,SKU006,0.0,41,14.0,129
2025-10-11,SKU006,0.0,39,14.0,129
2025-10-12,SKU006,0.0,12,14.0,129
2025-10-13,SKU006,0.0,32,14.0,129
2025-10-14,SKU006,8.0,0,14.0,129
2025-10-15,SKU006,1.0,24,14.0,129
2025-10-16,SKU006,0.0,11,14.0,129
2025-10-17,SKU006,0.0,44,14.0,129
2025-10-18,SKU006,0.0,16,14.0,129
2025-10-19,SKU006,0.0,39,14.0,129
2025-10-20,SKU006,0.0,8,14.0,129
2025-10-21,SKU006,0.0,37,14.0,129
2025-10-22,SKU006,0.0,37,14.0,129
2025-10-23,SKU006,0.0,16,14.0,129
2025-10-24,SKU006,0.0,28,14.0,129
2025-10-25,SKU006,0.0,17,14.0,129
2025-10-26,SKU006,0.0,14,14.0,129
2025-10-27,SKU006,0.0,30,14.0,129
2025-10-28,SKU006,19.0,0,14.0,129
2025-10-29,SKU006,4.0,34,14.0,129
2025-10-30,SKU006,0.0,39,14.0,129
2025-10-31,SKU006,0.0,34,14.0,129
2025-11-01,SKU006,0.0,20,14.0,129
2025-11-02,SKU006,0.0,44,14.0,129
2025-11-03,SKU006,0.0,43,14.0,129
2025-11-04,SKU006,0.0,23,14.0,129
2025-11-05,SKU006,0.0,44,14.0,129
2025-11-06,SKU006,0.0,44,14.0,129
2025-11-07,SKU006,0.0,35,14.0,129
2025-11-08,SKU006,0.0,37,14.0,129
2025-11-09,SKU006,0.0,10,14.0,129
2025-11-10,SKU006,0.0,16,14.0,129
2025-11-11,SKU006,0.0,10,14.0,129
2025-11-12,SKU006,0.0,11,14.0,129
2025-11-13,SKU006,0.0,36,14.0,129
2025-11-14,SKU006,0.0,0,14.0,129
2025-11-15,SKU006,0.0,20,14.0,129
2025-11-16,SKU006,0.0,23,14.0,129
2025-11-17,SKU006,0.0,8,14.0,129
2025-11-18,SKU006,0.0,40,14.0,129
2025-11-19,SKU006,0.0,39,14.0,129
2025-11-20,SKU006,0.0,6,14.0,129
2025-11-21,SKU006,0.0,29,14.0,129
2025-11-22,SKU006,0.0,29,14.0,129
2025-11-23,SKU006,0.0,30,14.0,129
2025-11-24,SKU006,0.0,16,14.0,129
2025-11-25,SKU006,0.0,12,14.0,129
2025-11-26,SKU006,0.0,9,14.0,129
2025-11-27,SKU006,0.0,34,14.0,129
2025-11-28,SKU006,11.0,0,14.0,129
2025-11-29,SKU006,0.0,30,14.0,129
2025-11-30,SKU006,0.0,27,14.0,129
2025-12-01,SKU006,0.0,31,14.0,129
2025-12-02,SKU006,0.0,33,14.0,129
2025-12-03,SKU006,0.0,14,14.0,129
2025-12-04,SKU006,0.0,33,14.0,129
2025-12-05,SKU006,0.0,16,14.0,129
2025-12-06,SKU006,0.0,6,14.0,129
2025-12-07,SKU006,0.0,38,14.0,129
2025-12-08,SKU006,0.0,35,14.0,129
2025-12-09,SKU006,0.0,35,14.0,129
2025-12-10,SKU006,0.0,20,14.0,129
2025-12-11,SKU006,0.0,36,14.0,129
2025-12-12,SKU006,0.0,17,14.0,129
2025-12-13,SKU006,0.0,17,14.0,129
2025-12-14,SKU006,11.0,0,14.0,129
2025-12-15,SKU006,4.0,34,14.0,129
2025-12-16,SKU006,0.0,15,14.0,129
2025-12-17,SKU006,0.0,8,14.0,129
2025-12-18,SKU006,0.0,16,14.0,129
2025-12-19,SKU006,0.0,24,14.0,129
2025-12-20,SKU006,0.0,18,14.0,129
2025-12-21,SKU006,0.0,34,14.0,129
2025-12-22,SKU006,0.0,8,14.0,129
2025-12-23,SKU006,0.0,31,14.0,129
2025-12-24,SKU006,0.0,18,14.0,129
2025-12-25,SKU006,0.0,13,14.0,129
2025-12-26,SKU006,0.0,15,14.0,129
2025-12-27,SKU006,0.0,13,14.0,129
2025-12-28,SKU006,20.0,0,14.0,129
2025-12-29,SKU006,10.0,17,14.0,129
2025-12-30,SKU006,0.0,38,14.0,129
2025-12-31,SKU006,0.0,17,14.0,129
2026-01-01,SKU006,0.0,5,14.0,129
2026-01-02,SKU006,0.0,5,14.0,129
2026-01-03,SKU006,0.0,20,14.0,129
2026-01-04,SKU006,0.0,39,14.0,129
2026-01-05,SKU006,0.0,29,14.0,129
2026-01-06,SKU006,0.0,32,14.0,129
2026-01-07,SKU006,0.0,22,14.0,129
2026-01-08,SKU006,0.0,16,14.0,129
2026-01-09,SKU006,0.0,31,14.0,129
2026-01-10,SKU006,0.0,28,14.0,129
2026-01-11,SKU006,0.0,7,14.0,129
2026-01-12,SKU006,0.0,27,14.0,129
2026-01-13,SKU006,0.0,30,14.0,129
2026-01-14,SKU006,12.0,0,14.0,129
2026-01-15,SKU006,1.0,19,14.0,129
2026-01-16,SKU006,0.0,37,14.0,129
2026-01-17,SKU006,0.0,20,14.0,129
2026-01-18,SKU006,0.0,17,14.0,129
2026-01-19,SKU006,0.0,37,14.0,129
2026-01-20,SKU006,0.0,45,14.0,129
2026-01-21,SKU006,0.0,13,14.0,129
2026-01-22,SKU006,0.0,20,14.0,129
2026-01-23,SKU006,0.0,5,14.0,129
2026-01-24,SKU006,0.0,25,14.0,129
2026-01-25,SKU006,0.0,17,14.0,129
2026-01-26,SKU006,0.0,38,14.0,129
2026-01-27,SKU006,0.0,42,14.0,129
2026-01-28,SKU006,0.0,0,14.0,129
2026-01-29,SKU006,0.0,40,14.0,129
2026-01-30,SKU006,0.0,14,14.0,129
2026-01-31,SKU006,0.0,18,14.0,129
2026-02-01,SKU006,0.0,41,14.0,129
2026-02-02,SKU006,0.0,20,14.0,129
2026-02-03,SKU006,0.0,6,14.0,129
2026-02-04,SKU006,0.0,7,14.0,129
2026-02-05,SKU006,0.0,19,14.0,129
2026-02-06,SKU006,0.0,41,14.0,129
2026-02-07,SKU006,0.0,9,14.0,129
2026-02-08,SKU006,0.0,13,14.0,129
2026-02-09,SKU006,0.0,44,14.0,129
2026-02-10,SKU006,0.0,22,14.0,129
2026-02-11,SKU006,0.0,40,14.0,129
2026-02-12,SKU006,0.0,21,14.0,129
2026-02-13,SKU006,0.0,26,14.0,129
2026-02-14,SKU006,29.0,0,14.0,129
2026-02-15,SKU006,17.0,43,14.0,129
2026-02-16,SKU006,6.0,12,14.0,129
2026-02-17,SKU006,0.0,32,14.0,129
2026-02-18,SKU006,0.0,22,14.0,129
2026-02-19,SKU006,0.0,11,14.0,129
2026-02-20,SKU006,0.0,6,14.0,129
2026-02-21,SKU006,0.0,25,14.0,129
2026-02-22,SKU006,0.0,9,14.0,129
2026-02-23,SKU006,0.0,43,14.0,129
2026-02-24,SKU006,0.0,15,14.0,129
2026-02-25,SKU006,0.0,23,14.0,129
2026-02-26,SKU006,0.0,34,14.0,129
2026-02-27,SKU006,0.0,25,14.0,129
2026-02-28,SKU006,4.0,0,14.0,129
2026-03-01,SKU006,0.0,30,14.0,129
2026-03-02,SKU006,0.0,13,14.0,129
2026-03-03,SKU006,0.0,25,14.0,129
2026-03-04,SKU006,0.0,44,14.0,129
2026-03-05,SKU006,0.0,37,14.0,129
2026-03-06,SKU006,0.0,19,14.0,129
2026-03-07,SKU006,0.0,42,14.0,129
2026-03-08,SKU006,0.0,40,14.0,129
2026-03-09,SKU006,0.0,16,14.0,129
2026-03-10,SKU006,0.0,43,14.0,129
2026-03-11,SKU006,0.0,25,14.0,129
2026-03-12,SKU006,0.0,42,14.0,129
2026-03-13,SKU006,0.0,27,14.0,129
2026-03-14,SKU006,0.0,0,14.0,129
2026-03-15,SKU006,0.0,11,14.0,129
2026-03-16,SKU006,0.0,25,14.0,129
2026-03-17,SKU006,0.0,6,14.0,129
2026-03-18,SKU006,0.0,36,14.0,129
2026-03-19,SKU006,0.0,17,14.0,129
2026-03-20,SKU006,0.0,6,14.0,129
2026-03-21,SKU006,0.0,31,14.0,129
2026-03-22,SKU006,0.0,29,14.0,129
2026-03-23,SKU006,0.0,10,14.0,129
2026-03-24,SKU006,0.0,12,14.0,129
2026-03-25,SKU006,0.0,35,14.0,129
2026-03-26,SKU006,0.0,11,14.0,129
2026-03-27,SKU006,0.0,5,14.0,129
2026-03-28,SKU006,35.0,0,14.0,129
2026-03-29,SKU006,23.0,17,14.0,129
2026-03-30,SKU006,10.0,41,14.0,129
2026-03-31,SKU006,1.0,22,14.0,129
2026-04-01,SKU006,0.0,44,14.0,129
2026-04-02,SKU006,0.0,22,14.0,129
2026-04-03,SKU006,0.0,35,14.0,129
2026-04-04,SKU006,0.0,44,14.0,129
2026-04-05,SKU006,0.0,16,14.0,129
2026-04-06,SKU006,0.0,6,14.0,129
2026-04-07,SKU006,0.0,23,14.0,129
2026-04-08,SKU006,0.0,36,14.0,129
2026-04-09,SKU006,0.0,28,14.0,129
2026-04-10,SKU006,0.0,39,14.0,129
2026-04-11,SKU006,0.0,16,14.0,129
2026-04-12,SKU006,0.0,8,14.0,129
2026-04-13,SKU006,0.0,14,14.0,129
2026-04-14,SKU006,1.0,0,14.0,129
2026-04-15,SKU006,0.0,19,14.0,129
2026-04-16,SKU006,0.0,18,14.0,129
2026-04-17,SKU006,0.0,15,14.0,129
2026-04-18,SKU006,0.0,10,14.0,129
2026-04-19,SKU006,0.0,26,14.0,129
2026-04-20,SKU006,0.0,34,14.0,129
2026-04-21,SKU006,0.0,41,14.0,129
2026-04-22,SKU006,0.0,16,14.0,129
2026-04-23,SKU006,0.0,32,14.0,129
2026-04-24,SKU006,0.0,26,14.0,129
2026-04-25,SKU006,0.0,41,14.0,129
2026-04-26,SKU006,0.0,33,14.0,129
2026-04-27,SKU006,0.0,13,14.0,129
2026-04-28,SKU006,0.0,0,14.0,129
2026-04-29,SKU006,0.0,30,14.0,129
2026-04-30,SKU006,0.0,35,14.0,129
2026-05-01,SKU006,0.0,8,14.0,129
2026-05-02,SKU006,0.0,31,14.0,129
2026-05-03,SKU006,0.0,12,14.0,129
2026-05-04,SKU006,0.0,43,14.0,129
2026-05-05,SKU006,0.0,44,14.0,129
2026-05-06,SKU006,0.0,40,14.0,129
2026-05-07,SKU006,0.0,40,14.0,129
2026-05-08,SKU006,0.0,44,14.0,129
2026-05-09,SKU006,0.0,17,14.0,129
2026-05-10,SKU006,0.0,26,14.0,129
2026-05-11,SKU006,0.0,11,14.0,129
2026-05-12,SKU006,0.0,23,14.0,129
2026-05-13,SKU006,0.0,9,14.0,129
2026-05-14,SKU006,19.0,0,14.0,129
2026-05-15,SKU006,5.0,8,14.0,129
2026-05-16,SKU006,0.0,40,14.0,129
2026-05-17,SKU006,0.0,39,14.0,129
2026-05-18,SKU006,0.0,44,14.0,129
2026-05-19,SKU006,0.0,6,14.0,129
2026-05-20,SKU006,0.0,38,14.0,129
2026-05-21,SKU006,0.0,17,14.0,129
2026-05-22,SKU006,0.0,13,14.0,129
2026-05-23,SKU006,0.0,35,14.0,129
2026-05-24,SKU006,0.0,10,14.0,129
2026-05-25,SKU006,0.0,40,14.0,129
2026-05-26,SKU006,0.0,40,14.0,129
2026-05-27,SKU006,0.0,27,14.0,129
2026-05-28,SKU006,11.0,0,14.0,129
2026-05-29,SKU006,0.0,41,14.0,129
2026-05-30,SKU006,0.0,34,14.0,129
2026-05-31,SKU006,0.0,6,14.0,129
2026-06-01,SKU006,0.0,22,14.0,129
2026-06-02,SKU006,0.0,22,14.0,129
2026-06-03,SKU006,0.0,39,14.0,129
2026-06-04,SKU006,0.0,40,14.0,129
2026-06-05,SKU006,0.0,27,14.0,129
2026-06-06,SKU006,0.0,10,14.0,129
2026-06-07,SKU006,0.0,30,14.0,129
2026-06-08,SKU006,0.0,24,14.0,129
2026-06-09,SKU006,0.0,22,14.0,129
2026-06-10,SKU006,0.0,45,14.0,129
2026-06-11,SKU006,0.0,45,14.0,129
2026-06-12,SKU006,0.0,22,14.0,129
2026-06-13,SKU006,0.0,43,14.0,129
2026-06-14,SKU006,0.0,0,14.0,129
2026-06-15,SKU006,0.0,13,14.0,129
2026-06-16,SKU006,0.0,31,14.0,129
2026-06-17,SKU006,0.0,25,14.0,129
2026-06-18,SKU006,0.0,35,14.0,129
2026-06-19,SKU006,0.0,10,14.0,129
2026-06-20,SKU006,0.0,24,14.0,129
2026-06-21,SKU006,0.0,32,14.0,129
2026-06-22,SKU006,0.0,25,14.0,129
2026-06-23,SKU006,0.0,17,14.0,129
2026-06-24,SKU006,0.0,25,14.0,129
2026-06-25,SKU006,0.0,29,14.0,129
2026-06-26,SKU006,0.0,27,14.0,129
2026-06-27,SKU006,0.0,28,14.0,129
2026-06-28,SKU006,13.0,0,14.0,129
2026-06-29,SKU006,0.0,18,14.0,129
2026-06-30,SKU006,0.0,8,14.0,129
2025-01-01,SKU007,303.0,253,8.0,417
2025-01-02,SKU007,212.0,234,8.0,417
2025-01-03,SKU007,138.0,171,8.0,417
2025-01-04,SKU007,49.0,197,8.0,417
2025-01-05,SKU007,0.0,282,8.0,417
2025-01-06,SKU007,0.0,280,8.0,417
2025-01-07,SKU007,0.0,287,8.0,417
2025-01-08,SKU007,0.0,0,8.0,417
2025-01-09,SKU007,0.0,196,8.0,417
2025-01-10,SKU007,0.0,224,8.0,417
2025-01-11,SKU007,0.0,62,8.0,417
2025-01-12,SKU007,0.0,127,8.0,417
2025-01-13,SKU007,0.0,77,8.0,417
2025-01-14,SKU007,0.0,133,8.0,417
2025-01-15,SKU007,0.0,147,8.0,417
2025-01-16,SKU007,26.0,0,8.0,417
2025-01-17,SKU007,0.0,161,8.0,417
2025-01-18,SKU007,0.0,83,8.0,417
2025-01-19,SKU007,0.0,269,8.0,417
2025-01-20,SKU007,0.0,78,8.0,417
2025-01-21,SKU007,0.0,165,8.0,417
2025-01-22,SKU007,0.0,123,8.0,417
2025-01-23,SKU007,0.0,142,8.0,417
2025-01-24,SKU007,24.0,0,8.0,417
2025-01-25,SKU007,0.0,283,8.0,417
2025-01-26,SKU007,0.0,203,8.0,417
2025-01-27,SKU007,0.0,48,8.0,417
2025-01-28,SKU007,0.0,247,8.0,417
2025-01-29,SKU007,0.0,173,8.0,417
2025-01-30,SKU007,0.0,65,8.0,417
2025-01-31,SKU007,0.0,155,8.0,417
2025-02-01,SKU007,0.0,69,8.0,417
2025-02-02,SKU007,0.0,176,8.0,417
2025-02-03,SKU007,0.0,129,8.0,417
2025-02-04,SKU007,0.0,52,8.0,417
2025-02-05,SKU007,0.0,201,8.0,417
2025-02-06,SKU007,0.0,95,8.0,417
2025-02-07,SKU007,0.0,229,8.0,417
2025-02-08,SKU007,197.0,0,8.0,417
2025-02-09,SKU007,110.0,97,8.0,417
2025-02-10,SKU007,22.0,113,8.0,417
2025-02-11,SKU007,0.0,47,8.0,417
2025-02-12,SKU007,0.0,157,8.0,417
2025-02-13,SKU007,0.0,248,8.0,417
2025-02-14,SKU007,0.0,63,8.0,417
2025-02-15,SKU007,0.0,78,8.0,417
2025-02-16,SKU007,137.0,0,8.0,417
2025-02-17,SKU007,73.0,197,8.0,417
2025-02-18,SKU007,0.0,86,8.0,417
2025-02-19,SKU007,0.0,79,8.0,417
2025-02-20,SKU007,0.0,53,8.0,417
2025-02-21,SKU007,0.0,40,8.0,417
2025-02-22,SKU007,0.0,142,8.0,417
2025-02-23,SKU007,0.0,63,8.0,417
2025-02-24,SKU007,30.0,0,8.0,417
2025-02-25,SKU007,0.0,256,8.0,417
2025-02-26,SKU007,0.0,48,8.0,417
2025-02-27,SKU007,0.0,237,8.0,417
2025-02-28,SKU007,,132,8.0,417
2025-03-01,SKU007,0.0,140,8.0,417
2025-03-02,SKU007,0.0,281,8.0,417
2025-03-03,SKU007,0.0,179,8.0,417
2025-03-04,SKU007,0.0,45,8.0,417
2025-03-05,SKU007,0.0,236,8.0,417
2025-03-06,SKU007,0.0,176,8.0,417
2025-03-07,SKU007,0.0,232,8.0,417
2025-03-08,SKU007,0.0,0,8.0,417
2025-03-09,SKU007,0.0,102,8.0,417
2025-03-10,SKU007,0.0,266,8.0,417
2025-03-11,SKU007,0.0,144,8.0,417
2025-03-12,SKU007,0.0,165,8.0,417
2025-03-13,SKU007,0.0,198,8.0,417
2025-03-14,SKU007,0.0,169,8.0,417
2025-03-15,SKU007,0.0,225,8.0,417
2025-03-16,SKU007,5.0,0,8.0,417
2025-03-17,SKU007,0.0,268,8.0,417
2025-03-18,SKU007,0.0,49,8.0,417
2025-03-19,SKU007,0.0,162,8.0,417
2025-03-20,SKU007,0.0,288,8.0,417
2025-03-21,SKU007,0.0,202,8.0,417
2025-03-22,SKU007,0.0,157,8.0,417
2025-03-23,SKU007,0.0,276,8.0,417
2025-03-24,SKU007,0.0,0,8.0,417
2025-03-25,SKU007,0.0,142,8.0,417
2025-03-26,SKU007,0.0,264,8.0,417
2025-03-27,SKU007,0.0,207,8.0,417
2025-03-28,SKU007,0.0,129,8.0,417
2025-03-29,SKU007,0.0,283,8.0,417
2025-03-30,SKU007,0.0,227,8.0,417
2025-03-31,SKU007,0.0,283,8.0,417
2025-04-01,SKU007,0.0,183,8.0,417
2025-04-02,SKU007,0.0,38,8.0,417
2025-04-03,SKU007,0.0,281,8.0,417
2025-04-04,SKU007,0.0,244,8.0,417
2025-04-05,SKU007,0.0,175,8.0,417
2025-04-06,SKU007,0.0,76,8.0,417
2025-04-07,SKU007,0.0,258,8.0,417
2025-04-08,SKU007,130.0,0,8.0,417
2025-04-09,SKU007,56.0,36,8.0,417
2025-04-10,SKU007,0.0,160,8.0,417
2025-04-11,SKU007,0.0,284,8.0,417
2025-04-12,SKU007,0.0,184,8.0,417
2025-04-13,SKU007,0.0,215,8.0,417
2025-04-14,SKU007,0.0,202,8.0,417
2025-04-15,SKU007,0.0,167,8.0,417
2025-04-16,SKU007,155.0,0,,417
2025-04-17,SKU007,66.0,85,8.0,417
2025-04-18,SKU007,0.0,121,8.0,417
2025-04-19,SKU007,0.0,260,8.0,417
2025-04-20,SKU007,0.0,104,8.0,417
2025-04-21,SKU007,0.0,141,8.0,417
2025-04-22,SKU007,0.0,62,8.0,417
2025-04-23,SKU007,0.0,271,8.0,417
2025-04-24,SKU007,58.0,0,8.0,417
2025-04-25,SKU007,0.0,182,8.0,417
2025-04-26,SKU007,0.0,136,8.0,417
2025-04-27,SKU007,0.0,123,8.0,417
2025-04-28,SKU007,0.0,78,8.0,417
2025-04-29,SKU007,0.0,287,8.0,417
2025-04-30,SKU007,0.0,109,8.0,417
2025-05-01,SKU007,0.0,136,8.0,417
2025-05-02,SKU007,0.0,84,8.0,417
2025-05-03,SKU007,0.0,194,8.0,417
2025-05-04,SKU007,0.0,57,8.0,417
2025-05-05,SKU007,0.0,203,8.0,417
2025-05-06,SKU007,0.0,163,8.0,417
2025-05-07,SKU007,0.0,199,8.0,417
2025-05-08,SKU007,0.0,0,8.0,417
2025-05-09,SKU007,0.0,206,8.0,417
2025-05-10,SKU007,0.0,47,8.0,417
2025-05-11,SKU007,0.0,267,8.0,417
2025-05-12,SKU007,0.0,236,8.0,417
2025-05-13,SKU007,0.0,67,8.0,417
2025-05-14,SKU007,0.0,176,8.0,417
2025-05-15,SKU007,0.0,277,8.0,417
2025-05-16,SKU007,14.0,0,8.0,417
2025-05-17,SKU007,0.0,54,8.0,417
2025-05-18,SKU007,0.0,142,8.0,417
2025-05-19,SKU007,0.0,71,8.0,417
2025-05-20,SKU007,0.0,232,8.0,417
2025-05-21,SKU007,0.0,266,8.0,417
2025-05-22,SKU007,0.0,149,8.0,417
2025-05-23,SKU007,0.0,288,8.0,417
2025-05-24,SKU007,0.0,0,8.0,417
2025-05-25,SKU007,0.0,267,8.0,417
2025-05-26,SKU007,0.0,117,8.0,417
2025-05-27,SKU007,0.0,263,8.0,417
2025-05-28,SKU007,0.0,264,8.0,417
2025-05-29,SKU007,0.0,124,8.0,417
2025-05-30,SKU007,0.0,41,8.0,417
2025-05-31,SKU007,0.0,112,8.0,417
2025-06-01,SKU007,0.0,146,8.0,417
2025-06-02,SKU007,0.0,284,8.0,417
2025-06-03,SKU007,0.0,210,8.0,417
2025-06-04,SKU007,0.0,196,8.0,417
2025-06-05,SKU007,0.0,199,8.0,417
2025-06-06,SKU007,0.0,136,8.0,417
2025-06-07,SKU007,0.0,210,8.0,417
2025-06-08,SKU007,30.0,0,8.0,417
2025-06-09,SKU007,0.0,226,8.0,417
2025-06-10,SKU007,0.0,200,8.0,417
2025-06-11,SKU007,0.0,224,8.0,417
2025-06-12,SKU007,0.0,74,8.0,417
2025-06-13,SKU007,0.0,175,8.0,417
2025-06-14,SKU007,0.0,84,8.0,417
2025-06-15,SKU007,0.0,114,8.0,417
2025-06-16,SKU007,127.0,0,8.0,417
2025-06-17,SKU007,3.0,141,8.0,417
2025-06-18,SKU007,0.0,48,8.0,417
2025-06-19,SKU007,0.0,261,8.0,417
2025-06-20,SKU007,0.0,63,8.0,417
2025-06-21,SKU007,0.0,161,8.0,417
2025-06-22,SKU007,0.0,156,8.0,417
2025-06-23,SKU007,0.0,136,8.0,417
2025-06-24,SKU007,0.0,0,8.0,417
2025-06-25,SKU007,0.0,100,8.0,417
2025-06-26,SKU007,0.0,75,8.0,417
2025-06-27,SKU007,0.0,77,8.0,417
2025-06-28,SKU007,0.0,68,8.0,417
2025-06-29,SKU007,0.0,244,8.0,417
2025-06-30,SKU007,0.0,61,8.0,417
2025-07-01,SKU007,0.0,120,8.0,417
2025-07-02,SKU007,0.0,182,8.0,417
2025-07-03,SKU007,0.0,46,8.0,417
2025-07-04,SKU007,0.0,168,8.0,417
2025-07-05,SKU007,0.0,153,8.0,417
2025-07-06,SKU007,0.0,252,8.0,417
2025-07-07,SKU007,0.0,65,8.0,417
2025-07-08,SKU007,0.0,0,8.0,417
2025-07-09,SKU007,0.0,73,8.0,417
2025-07-10,SKU007,0.0,156,8.0,417
2025-07-11,SKU007,0.0,62,8.0,417
2025-07-12,SKU007,0.0,191,8.0,417
2025-07-13,SKU007,0.0,236,8.0,417
2025-07-14,SKU007,0.0,176,8.0,417
2025-07-15,SKU007,0.0,126,8.0,417
2025-07-16,SKU007,45.0,0,8.0,417
2025-07-17,SKU007,0.0,97,8.0,417
2025-07-18,SKU007,0.0,251,8.0,417
2025-07-19,SKU007,0.0,117,8.0,417
2025-07-20,SKU007,0.0,253,8.0,417
2025-07-21,SKU007,0.0,280,8.0,417
2025-07-22,SKU007,0.0,100,8.0,417
2025-07-23,SKU007,0.0,252,8.0,417
2025-07-24,SKU007,162.0,0,8.0,417
2025-07-25,SKU007,74.0,190,8.0,417
2025-07-26,SKU007,0.0,246,8.0,417
2025-07-27,SKU007,0.0,143,8.0,417
2025-07-28,SKU007,0.0,188,8.0,417
2025-07-29,SKU007,0.0,138,8.0,417
2025-07-30,SKU007,0.0,288,8.0,417
2025-07-31,SKU007,0.0,170,8.0,417
2025-08-01,SKU007,0.0,96,8.0,417
2025-08-02,SKU007,0.0,205,8.0,417
2025-08-03,SKU007,0.0,227,8.0,417
2025-08-04,SKU007,0.0,253,8.0,417
2025-08-05,SKU007,0.0,39,8.0,417
2025-08-06,SKU007,0.0,224,8.0,417
2025-08-07,SKU007,0.0,170,8.0,417
2025-08-08,SKU007,125.0,0,8.0,417
2025-08-09,SKU007,32.0,169,8.0,417
2025-08-10,SKU007,0.0,119,8.0,417
2025-08-11,SKU007,0.0,44,8.0,417
2025-08-12,SKU007,0.0,117,8.0,417
2025-08-13,SKU007,0.0,201,8.0,417
2025-08-14,SKU007,0.0,38,8.0,417
2025-08-15,SKU007,0.0,268,8.0,417
2025-08-16,SKU007,52.0,0,8.0,417
2025-08-17,SKU007,0.0,51,8.0,417
2025-08-18,SKU007,0.0,258,8.0,417
2025-08-19,SKU007,0.0,81,8.0,417
2025-08-20,SKU007,0.0,50,8.0,417
2025-08-21,SKU007,0.0,55,8.0,417
2025-08-22,SKU007,0.0,169,8.0,417
2025-08-23,SKU007,0.0,108,8.0,417
2025-08-24,SKU007,160.0,0,8.0,417
2025-08-25,SKU007,74.0,173,8.0,417
2025-08-26,SKU007,0.0,106,8.0,417
2025-08-27,SKU007,0.0,183,8.0,417
2025-08-28,SKU007,0.0,274,8.0,417
2025-08-29,SKU007,0.0,253,8.0,417
2025-08-30,SKU007,0.0,70,8.0,417
2025-08-31,SKU007,0.0,256,8.0,417
2025-09-01,SKU007,0.0,128,8.0,417
2025-09-02,SKU007,0.0,133,8.0,417
2025-09-03,SKU007,0.0,163,8.0,417
2025-09-04,SKU007,0.0,230,8.0,417
2025-09-05,SKU007,0.0,142,8.0,417
2025-09-06,SKU007,0.0,203,8.0,417
2025-09-07,SKU007,0.0,79,8.0,417
2025-09-08,SKU007,44.0,0,8.0,417
2025-09-09,SKU007,0.0,275,8.0,417
2025-09-10,SKU007,0.0,142,8.0,417
2025-09-11,SKU007,0.0,219,8.0,417
2025-09-12,SKU007,0.0,56,8.0,417
2025-09-13,SKU007,0.0,43,8.0,417
2025-09-14,SKU007,0.0,49,8.0,417
2025-09-15,SKU007,0.0,213,8.0,417
2025-09-16,SKU007,0.0,0,8.0,417
2025-09-17,SKU007,0.0,188,8.0,417
2025-09-18,SKU007,0.0,99,8.0,417
2025-09-19,SKU007,0.0,71,8.0,417
2025-09-20,SKU007,0.0,211,8.0,417
2025-09-21,SKU007,0.0,173,8.0,417
2025-09-22,SKU007,0.0,261,8.0,417
2025-09-23,SKU007,0.0,219,8.0,417
2025-09-24,SKU007,46.0,0,8.0,417
2025-09-25,SKU007,0.0,68,8.0,417
2025-09-26,SKU007,0.0,197,8.0,417
2025-09-27,SKU007,0.0,123,8.0,417
2025-09-28,SKU007,0.0,77,8.0,417
2025-09-29,SKU007,0.0,180,8.0,417
2025-09-30,SKU007,0.0,203,8.0,417
2025-10-01,SKU007,0.0,108,8.0,417
2025-10-02,SKU007,0.0,218,8.0,417
2025-10-03,SKU007,0.0,53,8.0,417
2025-10-04,SKU007,0.0,220,8.0,417
2025-10-05,SKU007,0.0,62,8.0,417
2025-10-06,SKU007,0.0,210,8.0,417
2025-10-07,SKU007,0.0,146,8.0,417
2025-10-08,SKU007,0.0,0,8.0,417
2025-10-09,SKU007,0.0,41,8.0,417
2025-10-10,SKU007,0.0,249,8.0,417
2025-10-11,SKU007,0.0,258,8.0,417
2025-10-12,SKU007,0.0,129,8.0,417
2025-10-13,SKU007,0.0,202,8.0,417
2025-10-14,SKU007,0.0,255,8.0,417
2025-10-15,SKU007,0.0,58,8.0,417
2025-10-16,SKU007,96.0,0,8.0,417
2025-10-17,SKU007,14.0,143,8.0,417
2025-10-18,SKU007,0.0,90,8.0,417
2025-10-19,SKU007,0.0,99,8.0,417
2025-10-20,SKU007,0.0,268,8.0,417
2025-10-21,SKU007,0.0,211,8.0,417
2025-10-22,SKU007,0.0,193,8.0,417
2025-10-23,SKU007,0.0,199,8.0,417
2025-10-24,SKU007,43.0,0,8.0,417
2025-10-25,SKU007,0.0,235,8.0,417
2025-10-26,SKU007,0.0,224,8.0,417
2025-10-27,SKU007,0.0,146,8.0,417
2025-10-28,SKU007,0.0,73,8.0,417
2025-10-29,SKU007,0.0,60,8.0,417
2025-10-30,SKU007,0.0,236,8.0,417
2025-10-31,SKU007,0.0,213,8.0,417
2025-11-01,SKU007,0.0,149,8.0,417
2025-11-02,SKU007,0.0,70,8.0,417
2025-11-03,SKU007,0.0,231,8.0,417
2025-11-04,SKU007,0.0,126,8.0,417
2025-11-05,SKU007,0.0,232,8.0,417
2025-11-06,SKU007,0.0,212,8.0,417
2025-11-07,SKU007,0.0,271,8.0,417
2025-11-08,SKU007,0.0,0,8.0,417
2025-11-09,SKU007,0.0,198,8.0,417
2025-11-10,SKU007,0.0,236,8.0,417
2025-11-11,SKU007,0.0,109,8.0,417
2025-11-12,SKU007,0.0,222,8.0,417
2025-11-13,SKU007,0.0,111,8.0,417
2025-11-14,SKU007,0.0,196,8.0,417
2025-11-15,SKU007,0.0,208,8.0,417
2025-11-16,SKU007,153.0,0,8.0,417
2025-11-17,SKU007,93.0,276,8.0,417
2025-11-18,SKU007,12.0,287,8.0,417
2025-11-19,SKU007,0.0,211,8.0,417
2025-11-20,SKU007,0.0,182,8.0,417
2025-11-21,SKU007,0.0,208,8.0,417
2025-11-22,SKU007,0.0,224,8.0,417
2025-11-23,SKU007,0.0,242,8.0,417
2025-11-24,SKU007,0.0,0,8.0,417
2025-11-25,SKU007,0.0,215,8.0,417
2025-11-26,SKU007,0.0,84,8.0,417
2025-11-27,SKU007,0.0,62,8.0,417
2025-11-28,SKU007,0.0,236,8.0,417
2025-11-29,SKU007,0.0,182,8.0,417
2025-11-30,SKU007,0.0,156,8.0,417
2025-12-01,SKU007,0.0,136,8.0,417
2025-12-02,SKU007,0.0,100,8.0,417
2025-12-03,SKU007,0.0,184,8.0,417
2025-12-04,SKU007,0.0,57,8.0,417
2025-12-05,SKU007,0.0,212,8.0,417
2025-12-06,SKU007,0.0,159,8.0,417
2025-12-07,SKU007,0.0,195,8.0,417
2025-12-08,SKU007,0.0,0,8.0,417
2025-12-09,SKU007,0.0,130,8.0,417
2025-12-10,SKU007,0.0,137,8.0,417
2025-12-11,SKU007,0.0,182,8.0,417
2025-12-12,SKU007,0.0,263,8.0,417
2025-12-13,SKU007,0.0,217,8.0,417
2025-12-14,SKU007,0.0,239,8.0,417
2025-12-15,SKU007,0.0,227,8.0,417
2025-12-16,SKU007,0.0,0,8.0,417
2025-12-17,SKU007,0.0,165,8.0,417
2025-12-18,SKU007,0.0,221,8.0,417
2025-12-19,SKU007,0.0,171,8.0,417
2025-12-20,SKU007,0.0,275,8.0,417
2025-12-21,SKU007,0.0,166,8.0,417
2025-12-22,SKU007,0.0,174,8.0,417
2025-12-23,SKU007,0.0,66,8.0,417
2025-12-24,SKU007,0.0,0,8.0,417
2025-12-25,SKU007,0.0,50,8.0,417
2025-12-26,SKU007,0.0,73,8.0,417
2025-12-27,SKU007,0.0,205,8.0,417
2025-12-28,SKU007,0.0,81,8.0,417
2025-12-29,SKU007,0.0,63,8.0,417
2025-12-30,SKU007,0.0,190,8.0,417
2025-12-31,SKU007,0.0,252,8.0,417
2026-01-01,SKU007,0.0,44,8.0,417
2026-01-02,SKU007,0.0,163,8.0,417
2026-01-03,SKU007,0.0,84,8.0,417
2026-01-04,SKU007,0.0,267,8.0,417
2026-01-05,SKU007,0.0,141,8.0,417
2026-01-06,SKU007,0.0,199,8.0,417
2026-01-07,SKU007,0.0,145,8.0,417
2026-01-08,SKU007,154.0,0,8.0,417
2026-01-09,SKU007,40.0,160,8.0,417
2026-01-10,SKU007,0.0,275,8.0,417
2026-01-11,SKU007,0.0,126,8.0,417
2026-01-12,SKU007,0.0,218,8.0,417
2026-01-13,SKU007,0.0,58,8.0,417
2026-01-14,SKU007,0.0,77,8.0,417
2026-01-15,SKU007,0.0,169,8.0,417
2026-01-16,SKU007,17.0,0,8.0,417
2026-01-17,SKU007,0.0,50,8.0,417
2026-01-18,SKU007,0.0,98,8.0,417
2026-01-19,SKU007,0.0,104,8.0,417
2026-01-20,SKU007,0.0,193,8.0,417
2026-01-21,SKU007,0.0,78,8.0,417
2026-01-22,SKU007,0.0,270,8.0,417
2026-01-23,SKU007,0.0,108,8.0,417
2026-01-24,SKU007,186.0,0,8.0,417
2026-01-25,SKU007,80.0,143,8.0,417
2026-01-26,SKU007,0.0,221,8.0,417
2026-01-27,SKU007,0.0,207,8.0,417
2026-01-28,SKU007,0.0,107,8.0,417
2026-01-29,SKU007,0.0,148,8.0,417
2026-01-30,SKU007,0.0,94,8.0,417
2026-01-31,SKU007,0.0,259,8.0,417
2026-02-01,SKU007,0.0,260,8.0,417
2026-02-02,SKU007,0.0,126,8.0,417
2026-02-03,SKU007,0.0,139,8.0,417
2026-02-04,SKU007,0.0,112,8.0,417
2026-02-05,SKU007,0.0,111,8.0,417
2026-02-06,SKU007,0.0,58,,417
2026-02-07,SKU007,0.0,197,8.0,417
2026-02-08,SKU007,131.0,0,8.0,417
2026-02-09,SKU007,61.0,122,8.0,417
2026-02-10,SKU007,0.0,162,8.0,417
2026-02-11,SKU007,0.0,41,8.0,417
2026-02-12,SKU007,0.0,195,8.0,417
2026-02-13,SKU007,0.0,118,8.0,417
2026-02-14,SKU007,0.0,73,8.0,417
2026-02-15,SKU007,0.0,38,8.0,417
2026-02-16,SKU007,72.0,0,8.0,417
2026-02-17,SKU007,0.0,205,8.0,417
2026-02-18,SKU007,0.0,96,8.0,417
2026-02-19,SKU007,0.0,78,8.0,417
2026-02-20,SKU007,0.0,190,8.0,417
2026-02-21,SKU007,0.0,186,8.0,417
2026-02-22,SKU007,0.0,113,8.0,417
2026-02-23,SKU007,0.0,251,8.0,417
2026-02-24,SKU007,79.0,0,8.0,417
2026-02-25,SKU007,9.0,242,8.0,417
2026-02-26,SKU007,0.0,269,8.0,417
2026-02-27,SKU007,0.0,206,8.0,417
2026-02-28,SKU007,0.0,109,8.0,417
2026-03-01,SKU007,0.0,207,8.0,417
2026-03-02,SKU007,0.0,142,8.0,417
2026-03-03,SKU007,0.0,81,8.0,417
2026-03-04,SKU007,0.0,80,8.0,417
2026-03-05,SKU007,0.0,74,8.0,417
2026-03-06,SKU007,0.0,153,8.0,417
2026-03-07,SKU007,0.0,186,8.0,417
2026-03-08,SKU007,191.0,0,8.0,417
2026-03-09,SKU007,120.0,206,8.0,417
2026-03-10,SKU007,33.0,94,8.0,417
2026-03-11,SKU007,0.0,247,8.0,417
2026-03-12,SKU007,0.0,284,8.0,417
2026-03-13,SKU007,0.0,140,8.0,417
2026-03-14,SKU007,0.0,258,8.0,417
2026-03-15,SKU007,0.0,224,8.0,417
2026-03-16,SKU007,47.0,0,8.0,417
2026-03-17,SKU007,0.0,37,8.0,417
2026-03-18,SKU007,0.0,212,8.0,417
2026-03-19,SKU007,0.0,279,8.0,417
2026-03-20,SKU007,0.0,70,8.0,417
2026-03-21,SKU007,0.0,267,8.0,417
2026-03-22,SKU007,0.0,88,8.0,417
2026-03-23,SKU007,0.0,172,8.0,417
2026-03-24,SKU007,74.0,0,8.0,417
2026-03-25,SKU007,0.0,91,8.0,417
2026-03-26,SKU007,0.0,42,8.0,417
2026-03-27,SKU007,0.0,79,8.0,417
2026-03-28,SKU007,0.0,134,8.0,417
2026-03-29,SKU007,0.0,83,8.0,417
2026-03-30,SKU007,0.0,205,8.0,417
2026-03-31,SKU007,0.0,159,8.0,417
2026-04-01,SKU007,0.0,125,8.0,417
2026-04-02,SKU007,0.0,94,8.0,417
2026-04-03,SKU007,0.0,203,8.0,417
2026-04-04,SKU007,0.0,261,8.0,417
2026-04-05,SKU007,0.0,200,8.0,417
2026-04-06,SKU007,0.0,139,8.0,417
2026-04-07,SKU007,0.0,43,8.0,417
2026-04-08,SKU007,145.0,0,8.0,417
2026-04-09,SKU007,81.0,168,8.0,417
2026-04-10,SKU007,5.0,52,8.0,417
2026-04-11,SKU007,0.0,219,8.0,417
2026-04-12,SKU007,0.0,94,8.0,417
2026-04-13,SKU007,0.0,111,8.0,417
2026-04-14,SKU007,0.0,200,8.0,417
2026-04-15,SKU007,0.0,83,8.0,417
2026-04-16,SKU007,42.0,0,8.0,417
2026-04-17,SKU007,0.0,212,8.0,417
2026-04-18,SKU007,0.0,115,8.0,417
2026-04-19,SKU007,0.0,59,8.0,417
2026-04-20,SKU007,0.0,61,8.0,417
2026-04-21,SKU007,0.0,172,8.0,417
2026-04-22,SKU007,0.0,288,8.0,417
2026-04-23,SKU007,0.0,168,8.0,417
2026-04-24,SKU007,198.0,0,8.0,417
2026-04-25,SKU007,78.0,265,8.0,417
2026-04-26,SKU007,19.0,257,8.0,417
2026-04-27,SKU007,0.0,149,8.0,417
2026-04-28,SKU007,0.0,178,8.0,417
2026-04-29,SKU007,0.0,196,8.0,417
2026-04-30,SKU007,0.0,38,8.0,417
2026-05-01,SKU007,0.0,47,8.0,417
2026-05-02,SKU007,0.0,278,8.0,417
2026-05-03,SKU007,0.0,147,8.0,417
2026-05-04,SKU007,0.0,247,8.0,417
2026-05-05,SKU007,0.0,67,8.0,417
2026-05-06,SKU007,0.0,101,8.0,417
2026-05-07,SKU007,0.0,49,8.0,417
2026-05-08,SKU007,918.0,0,8.0,417
2026-05-09,SKU007,312.0,101,8.0,417
2026-05-10,SKU007,0.0,235,8.0,417
2026-05-11,SKU007,0.0,232,8.0,417
2026-05-12,SKU007,0.0,62,8.0,417
2026-05-13,SKU007,0.0,108,8.0,417
2026-05-14,SKU007,0.0,171,8.0,417
2026-05-15,SKU007,0.0,239,8.0,417
2026-05-16,SKU007,154.0,0,8.0,417
2026-05-17,SKU007,51.0,172,8.0,417
2026-05-18,SKU007,0.0,211,8.0,417
2026-05-19,SKU007,0.0,273,8.0,417
2026-05-20,SKU007,0.0,139,8.0,417
2026-05-21,SKU007,0.0,69,8.0,417
2026-05-22,SKU007,0.0,70,8.0,417
2026-05-23,SKU007,0.0,130,8.0,417
2026-05-24,SKU007,0.0,0,8.0,417
2026-05-25,SKU007,0.0,258,8.0,417
2026-05-26,SKU007,0.0,172,8.0,417
2026-05-27,SKU007,0.0,230,8.0,417
2026-05-28,SKU007,0.0,287,8.0,417
2026-05-29,SKU007,0.0,138,8.0,417
2026-05-30,SKU007,0.0,238,8.0,417
2026-05-31,SKU007,0.0,221,8.0,417
2026-06-01,SKU007,0.0,100,8.0,417
2026-06-02,SKU007,0.0,65,8.0,417
2026-06-03,SKU007,0.0,38,8.0,417
2026-06-04,SKU007,0.0,244,8.0,417
2026-06-05,SKU007,0.0,283,8.0,417
2026-06-06,SKU007,0.0,133,8.0,417
2026-06-07,SKU007,0.0,170,8.0,417
2026-06-08,SKU007,0.0,0,8.0,417
2026-06-09,SKU007,0.0,232,8.0,417
2026-06-10,SKU007,0.0,41,8.0,417
2026-06-11,SKU007,0.0,70,8.0,417
2026-06-12,SKU007,0.0,273,8.0,417
2026-06-13,SKU007,0.0,113,8.0,417
2026-06-14,SKU007,0.0,172,8.0,417
2026-06-15,SKU007,0.0,148,8.0,417
2026-06-16,SKU007,0.0,0,8.0,417
2026-06-17,SKU007,0.0,214,8.0,417
2026-06-18,SKU007,0.0,264,8.0,417
2026-06-19,SKU007,0.0,179,8.0,417
2026-06-20,SKU007,0.0,103,8.0,417
2026-06-21,SKU007,0.0,250,8.0,417
2026-06-22,SKU007,0.0,110,8.0,417
2026-06-23,SKU007,0.0,242,8.0,417
2026-06-24,SKU007,162.0,0,8.0,417
2026-06-25,SKU007,64.0,251,8.0,417
2026-06-26,SKU007,0.0,218,8.0,417
2026-06-27,SKU007,0.0,278,8.0,417
2026-06-28,SKU007,0.0,262,8.0,417
2026-06-29,SKU007,0.0,271,8.0,417
2026-06-30,SKU007,0.0,144,8.0,417
2025-01-01,SKU008,169.0,222,2.0,209
2025-01-02,SKU008,97.0,255,2.0,209
2025-01-03,SKU008,166.0,0,2.0,209
2025-01-04,SKU008,67.0,129,2.0,209
2025-01-05,SKU008,0.0,89,2.0,209
2025-01-06,SKU008,0.0,0,2.0,209
2025-01-07,SKU008,0.0,342,2.0,209
2025-01-08,SKU008,0.0,177,2.0,209
2025-01-09,SKU008,36.0,0,2.0,209
2025-01-10,SKU008,0.0,100,2.0,209
2025-01-11,SKU008,0.0,114,2.0,209
2025-01-12,SKU008,70.0,0,2.0,209
2025-01-13,SKU008,0.0,118,2.0,209
2025-01-14,SKU008,0.0,126,2.0,209
2025-01-15,SKU008,222.0,0,2.0,209
2025-01-16,SKU008,120.0,225,2.0,209
2025-01-17,SKU008,17.0,75,2.0,209
2025-01-18,SKU008,189.0,0,2.0,209
2025-01-19,SKU008,65.0,67,2.0,209
2025-01-20,SKU008,0.0,141,2.0,209
2025-01-21,SKU008,43.0,0,2.0,209
2025-01-22,SKU008,0.0,256,2.0,209
2025-01-23,SKU008,0.0,66,2.0,209
2025-01-24,SKU008,119.0,0,2.0,209
2025-01-25,SKU008,7.0,205,2.0,209
2025-01-26,SKU008,0.0,146,2.0,209
2025-01-27,SKU008,104.0,0,2.0,209
2025-01-28,SKU008,8.0,186,2.0,209
2025-01-29,SKU008,0.0,342,2.0,209
2025-01-30,SKU008,171.0,0,2.0,209
2025-01-31,SKU008,87.0,134,2.0,209
2025-02-01,SKU008,0.0,287,2.0,209
2025-02-02,SKU008,0.0,181,2.0,209
2025-02-03,SKU008,0.0,0,2.0,209
2025-02-04,SKU008,0.0,86,2.0,209
2025-02-05,SKU008,0.0,217,2.0,209
2025-02-06,SKU008,2.0,0,2.0,209
2025-02-07,SKU008,0.0,298,2.0,209
2025-02-08,SKU008,0.0,93,2.0,209
2025-02-09,SKU008,68.0,0,2.0,209
2025-02-10,SKU008,5.0,214,2.0,209
2025-02-11,SKU008,0.0,349,2.0,209
2025-02-12,SKU008,0.0,0,2.0,209
2025-02-13,SKU008,0.0,237,2.0,209
2025-02-14,SKU008,0.0,196,2.0,209
2025-02-15,SKU008,64.0,0,2.0,209
2025-02-16,SKU008,0.0,116,2.0,209
2025-02-17,SKU008,0.0,46,2.0,209
2025-02-18,SKU008,193.0,0,2.0,209
2025-02-19,SKU008,97.0,274,2.0,209
2025-02-20,SKU008,0.0,77,2.0,209
2025-02-21,SKU008,81.0,0,2.0,209
2025-02-22,SKU008,0.0,146,2.0,209
2025-02-23,SKU008,0.0,76,2.0,209
2025-02-24,SKU008,101.0,0,2.0,209
2025-02-25,SKU008,0.0,45,2.0,209
2025-02-26,SKU008,0.0,187,2.0,209
2025-02-27,SKU008,7.0,0,2.0,209
2025-02-28,SKU008,0.0,151,2.0,209
2025-03-01,SKU008,0.0,158,2.0,209
2025-03-02,SKU008,0.0,65,2.0,209
2025-03-03,SKU008,175.0,0,2.0,209
2025-03-04,SKU008,104.0,200,2.0,209
2025-03-05,SKU008,5.0,245,2.0,209
2025-03-06,SKU008,207.0,0,2.0,209
2025-03-07,SKU008,113.0,142,2.0,209
2025-03-08,SKU008,27.0,198,2.0,209
2025-03-09,SKU008,237.0,0,2.0,209
2025-03-10,SKU008,144.0,152,2.0,209
2025-03-11,SKU008,41.0,213,2.0,209
2025-03-12,SKU008,167.0,0,2.0,209
2025-03-13,SKU008,91.0,122,2.0,209
2025-03-14,SKU008,0.0,206,2.0,209
2025-03-15,SKU008,6.0,0,2.0,209
2025-03-16,SKU008,0.0,89,2.0,209
2025-03-17,SKU008,0.0,287,2.0,209
2025-03-18,SKU008,227.0,0,2.0,209
2025-03-19,SKU008,140.0,289,2.0,209
2025-03-20,SKU008,35.0,232,2.0,209
2025-03-21,SKU008,0.0,0,2.0,209
2025-03-22,SKU008,0.0,206,2.0,209
2025-03-23,SKU008,0.0,335,2.0,209
2025-03-24,SKU008,233.0,0,2.0,209
2025-03-25,SKU008,97.0,290,2.0,209
2025-03-26,SKU008,0.0,256,2.0,209
2025-03-27,SKU008,86.0,0,2.0,209
2025-03-28,SKU008,0.0,178,2.0,209
2025-03-29,SKU008,0.0,224,2.0,209
2025-03-30,SKU008,102.0,0,2.0,209
2025-03-31,SKU008,23.0,170,2.0,209
2025-04-01,SKU008,0.0,226,2.0,209
2025-04-02,SKU008,0.0,324,2.0,209
2025-04-03,SKU008,31.0,0,2.0,209
2025-04-04,SKU008,0.0,85,2.0,209
2025-04-05,SKU008,0.0,91,2.0,209
2025-04-06,SKU008,179.0,0,2.0,209
2025-04-07,SKU008,109.0,310,2.0,209
2025-04-08,SKU008,38.0,278,2.0,209
2025-04-09,SKU008,117.0,0,2.0,209
2025-04-10,SKU008,11.0,216,2.0,209
2025-04-11,SKU008,0.0,57,2.0,209
2025-04-12,SKU008,83.0,0,2.0,209
2025-04-13,SKU008,0.0,271,2.0,209
2025-04-14,SKU008,0.0,286,2.0,209
2025-04-15,SKU008,179.0,0,2.0,209
2025-04-16,SKU008,98.0,298,2.0,209
2025-04-17,SKU008,12.0,149,2.0,209
2025-04-18,SKU008,0.0,0,2.0,209
2025-04-19,SKU008,0.0,201,2.0,209
2025-04-20,SKU008,0.0,347,2.0,209
2025-04-21,SKU008,258.0,0,2.0,209
2025-04-22,SKU008,167.0,311,2.0,209
2025-04-23,SKU008,75.0,229,2.0,209
2025-04-24,SKU008,355.0,0,2.0,209
2025-04-25,SKU008,250.0,214,2.0,209
2025-04-26,SKU008,159.0,177,2.0,209
2025-04-27,SKU008,329.0,0,2.0,209
2025-04-28,SKU008,209.0,213,2.0,209
2025-04-29,SKU008,123.0,257,2.0,209
2025-04-30,SKU008,201.0,0,2.0,209
2025-05-01,SKU008,102.0,341,2.0,209
2025-05-02,SKU008,0.0,332,2.0,209
2025-05-03,SKU008,188.0,0,2.0,209
2025-05-04,SKU008,84.0,54,2.0,209
2025-05-05,SKU008,7.0,124,2.0,209
2025-05-06,SKU008,251.0,0,2.0,209
2025-05-07,SKU008,167.0,292,2.0,209
2025-05-08,SKU008,86.0,121,2.0,209
2025-05-09,SKU008,191.0,0,2.0,209
2025-05-10,SKU008,89.0,51,2.0,209
2025-05-11,SKU008,0.0,297,2.0,209
2025-05-12,SKU008,123.0,0,2.0,209
2025-05-13,SKU008,18.0,193,2.0,209
2025-05-14,SKU008,0.0,86,2.0,209
2025-05-15,SKU008,0.0,0,2.0,209
2025-05-16,SKU008,0.0,332,2.0,209
2025-05-17,SKU008,0.0,267,2.0,209
2025-05-18,SKU008,46.0,0,2.0,209
2025-05-19,SKU008,0.0,51,2.0,209
2025-05-20,SKU008,0.0,238,2.0,209
2025-05-21,SKU008,221.0,0,2.0,209
2025-05-22,SKU008,143.0,187,2.0,209
2025-05-23,SKU008,48.0,247,2.0,209
2025-05-24,SKU008,290.0,0,2.0,209
2025-05-25,SKU008,193.0,191,2.0,209
2025-05-26,SKU008,98.0,292,2.0,209
2025-05-27,SKU008,163.0,0,2.0,209
2025-05-28,SKU008,53.0,47,2.0,209
2025-05-29,SKU008,0.0,304,2.0,209
2025-05-30,SKU008,253.0,0,2.0,209
2025-05-31,SKU008,150.0,61,2.0,209
2025-06-01,SKU008,58.0,242,2.0,209
2025-06-02,SKU008,0.0,260,2.0,209
2025-06-03,SKU008,204.0,0,2.0,209
2025-06-04,SKU008,85.0,250,2.0,209
2025-06-05,SKU008,0.0,295,2.0,209
2025-06-06,SKU008,113.0,0,2.0,209
2025-06-07,SKU008,0.0,160,2.0,209
2025-06-08,SKU008,0.0,84,2.0,209
2025-06-09,SKU008,206.0,0,2.0,209
2025-06-10,SKU008,72.0,335,2.0,209
2025-06-11,SKU008,0.0,51,2.0,209
2025-06-12,SKU008,136.0,0,2.0,209
2025-06-13,SKU008,0.0,73,2.0,209
2025-06-14,SKU008,0.0,260,2.0,209
2025-06-15,SKU008,0.0,0,2.0,209
2025-06-16,SKU008,0.0,343,2.0,209
2025-06-17,SKU008,0.0,271,2.0,209
2025-06-18,SKU008,106.0,0,2.0,209
2025-06-19,SKU008,0.0,110,2.0,209
2025-06-20,SKU008,0.0,116,2.0,209
2025-06-21,SKU008,101.0,0,2.0,209
2025-06-22,SKU008,0.0,92,2.0,209
2025-06-23,SKU008,0.0,140,2.0,209
2025-06-24,SKU008,249.0,0,2.0,209
2025-06-25,SKU008,136.0,182,2.0,209
2025-06-26,SKU008,42.0,148,2.0,209
2025-06-27,SKU008,241.0,0,2.0,209
2025-06-28,SKU008,142.0,248,2.0,209
2025-06-29,SKU008,54.0,181,2.0,209
2025-06-30,SKU008,234.0,0,2.0,209
2025-07-01,SKU008,132.0,108,2.0,209
2025-07-02,SKU008,34.0,76,2.0,209
2025-07-03,SKU008,52.0,0,2.0,209
2025-07-04,SKU008,0.0,140,2.0,209
2025-07-05,SKU008,0.0,319,2.0,209
2025-07-06,SKU008,267.0,0,2.0,209
2025-07-07,SKU008,153.0,60,2.0,209
2025-07-08,SKU008,61.0,316,2.0,209
2025-07-09,SKU008,225.0,0,2.0,209
2025-07-10,SKU008,123.0,101,2.0,209
2025-07-11,SKU008,3.0,188,2.0,209
2025-07-12,SKU008,99.0,0,2.0,209
2025-07-13,SKU008,8.0,106,2.0,209
2025-07-14,SKU008,0.0,160,2.0,209
2025-07-15,SKU008,6.0,0,2.0,209
2025-07-16,SKU008,0.0,215,2.0,209
2025-07-17,SKU008,0.0,147,2.0,209
2025-07-18,SKU008,67.0,0,2.0,209
2025-07-19,SKU008,0.0,195,2.0,209
2025-07-20,SKU008,0.0,204,2.0,209
2025-07-21,SKU008,10.0,0,2.0,209
2025-07-22,SKU008,0.0,47,2.0,209
2025-07-23,SKU008,0.0,219,2.0,209
2025-07-24,SKU008,29.0,0,2.0,209
2025-07-25,SKU008,0.0,63,2.0,209
2025-07-26,SKU008,0.0,158,2.0,209
2025-07-27,SKU008,224.0,0,2.0,209
2025-07-28,SKU008,138.0,232,2.0,209
2025-07-29,SKU008,51.0,265,2.0,209
2025-07-30,SKU008,254.0,0,2.0,209
2025-07-31,SKU008,168.0,250,2.0,209
2025-08-01,SKU008,29.0,178,2.0,209
2025-08-02,SKU008,0.0,309,2.0,209
2025-08-03,SKU008,37.0,0,2.0,209
2025-08-04,SKU008,0.0,121,2.0,209
2025-08-05,SKU008,0.0,123,2.0,209
2025-08-06,SKU008,61.0,0,2.0,209
2025-08-07,SKU008,0.0,281,2.0,209
2025-08-08,SKU008,0.0,76,2.0,209
2025-08-09,SKU008,60.0,0,2.0,209
2025-08-10,SKU008,0.0,227,2.0,209
2025-08-11,SKU008,0.0,328,2.0,209
2025-08-12,SKU008,48.0,0,2.0,209
2025-08-13,SKU008,0.0,189,2.0,209
2025-08-14,SKU008,0.0,254,2.0,209
2025-08-15,SKU008,0.0,0,2.0,209
2025-08-16,SKU008,0.0,168,2.0,209
2025-08-17,SKU008,0.0,53,2.0,209
2025-08-18,SKU008,0.0,0,2.0,209
2025-08-19,SKU008,0.0,173,2.0,209
2025-08-20,SKU008,0.0,293,,209
2025-08-21,SKU008,43.0,0,2.0,209
2025-08-22,SKU008,0.0,213,2.0,209
2025-08-23,SKU008,0.0,188,2.0,209
2025-08-24,SKU008,101.0,0,2.0,209
2025-08-25,SKU008,0.0,231,2.0,209
2025-08-26,SKU008,0.0,334,2.0,209
2025-08-27,SKU008,97.0,0,2.0,209
2025-08-28,SKU008,0.0,303,2.0,209
2025-08-29,SKU008,0.0,146,2.0,209
2025-08-30,SKU008,23.0,0,2.0,209
2025-08-31,SKU008,0.0,68,2.0,209
2025-09-01,SKU008,0.0,222,2.0,209
2025-09-02,SKU008,0.0,269,2.0,209
2025-09-03,SKU008,167.0,0,2.0,209
2025-09-04,SKU008,86.0,304,2.0,209
2025-09-05,SKU008,0.0,108,2.0,209
2025-09-06,SKU008,109.0,0,2.0,209
2025-09-07,SKU008,28.0,195,2.0,209
2025-09-08,SKU008,0.0,140,2.0,209
2025-09-09,SKU008,106.0,0,2.0,209
2025-09-10,SKU008,17.0,264,2.0,209
2025-09-11,SKU008,0.0,316,2.0,209
2025-09-12,SKU008,107.0,0,2.0,209
2025-09-13,SKU008,0.0,246,2.0,209
2025-09-14,SKU008,0.0,329,2.0,209
2025-09-15,SKU008,199.0,0,2.0,209
2025-09-16,SKU008,124.0,111,2.0,209
2025-09-17,SKU008,57.0,278,2.0,209
2025-09-18,SKU008,65.0,0,2.0,209
2025-09-19,SKU008,0.0,84,2.0,209
2025-09-20,SKU008,0.0,334,2.0,209
2025-09-21,SKU008,0.0,0,2.0,209
2025-09-22,SKU008,0.0,297,2.0,209
2025-09-23,SKU008,0.0,250,2.0,209
2025-09-24,SKU008,196.0,0,2.0,209
2025-09-25,SKU008,107.0,215,2.0,209
2025-09-26,SKU008,0.0,275,2.0,209
2025-09-27,SKU008,214.0,0,2.0,209
2025-09-28,SKU008,100.0,270,2.0,209
2025-09-29,SKU008,11.0,141,2.0,209
2025-09-30,SKU008,240.0,0,2.0,209
2025-10-01,SKU008,132.0,190,2.0,209
2025-10-02,SKU008,0.0,92,2.0,209
2025-10-03,SKU008,199.0,0,2.0,209
2025-10-04,SKU008,63.0,170,2.0,209
2025-10-05,SKU008,0.0,119,2.0,209
2025-10-06,SKU008,129.0,0,2.0,209
2025-10-07,SKU008,0.0,348,2.0,209
2025-10-08,SKU008,0.0,302,2.0,209
2025-10-09,SKU008,0.0,0,2.0,209
2025-10-10,SKU008,0.0,261,2.0,209
2025-10-11,SKU008,0.0,121,2.0,209
2025-10-12,SKU008,97.0,0,2.0,209
2025-10-13,SKU008,22.0,86,2.0,209
2025-10-14,SKU008,0.0,132,2.0,209
2025-10-15,SKU008,241.0,0,2.0,209
2025-10-16,SKU008,151.0,183,2.0,209
2025-10-17,SKU008,61.0,270,2.0,209
2025-10-18,SKU008,127.0,0,2.0,209
2025-10-19,SKU008,23.0,44,2.0,209
2025-10-20,SKU008,0.0,244,2.0,209
2025-10-21,SKU008,68.0,0,2.0,209
2025-10-22,SKU008,0.0,123,2.0,209
2025-10-23,SKU008,0.0,103,2.0,209
2025-10-24,SKU008,105.0,0,2.0,209
2025-10-25,SKU008,5.0,318,2.0,209
2025-10-26,SKU008,0.0,148,2.0,209
2025-10-27,SKU008,94.0,0,2.0,209
2025-10-28,SKU008,0.0,59,2.0,209
2025-10-29,SKU008,0.0,264,2.0,209
2025-10-30,SKU008,168.0,0,2.0,209
2025-10-31,SKU008,52.0,159,2.0,209
2025-11-01,SKU008,0.0,178,2.0,209
2025-11-02,SKU008,0.0,64,2.0,209
2025-11-03,SKU008,242.0,0,2.0,209
2025-11-04,SKU008,160.0,212,2.0,209
2025-11-05,SKU008,70.0,86,2.0,209
2025-11-06,SKU008,235.0,0,2.0,209
2025-11-07,SKU008,123.0,282,2.0,209
2025-11-08,SKU008,20.0,105,2.0,209
2025-11-09,SKU008,112.0,0,2.0,209
2025-11-10,SKU008,26.0,179,2.0,209
2025-11-11,SKU008,0.0,157,2.0,209
2025-11-12,SKU008,229.0,0,2.0,209
2025-11-13,SKU008,154.0,260,2.0,209
2025-11-14,SKU008,32.0,314,2.0,209
2025-11-15,SKU008,129.0,0,2.0,209
2025-11-16,SKU008,23.0,291,2.0,209
2025-11-17,SKU008,0.0,116,2.0,209
2025-11-18,SKU008,0.0,0,2.0,209
2025-11-19,SKU008,0.0,194,2.0,209
2025-11-20,SKU008,0.0,194,2.0,209
2025-11-21,SKU008,0.0,0,2.0,209
2025-11-22,SKU008,0.0,223,2.0,209
2025-11-23,SKU008,0.0,48,2.0,209
2025-11-24,SKU008,10.0,0,2.0,209
2025-11-25,SKU008,0.0,139,2.0,209
2025-11-26,SKU008,0.0,300,2.0,209
2025-11-27,SKU008,0.0,0,2.0,209
2025-11-28,SKU008,0.0,163,2.0,209
2025-11-29,SKU008,0.0,241,2.0,209
2025-11-30,SKU008,0.0,0,2.0,209
2025-12-01,SKU008,0.0,66,2.0,209
2025-12-02,SKU008,0.0,45,2.0,209
2025-12-03,SKU008,218.0,0,2.0,209
2025-12-04,SKU008,90.0,55,2.0,209
2025-12-05,SKU008,0.0,243,2.0,209
2025-12-06,SKU008,0.0,0,2.0,209
2025-12-07,SKU008,0.0,296,2.0,209
2025-12-08,SKU008,0.0,248,2.0,209
2025-12-09,SKU008,242.0,0,2.0,209
2025-12-10,SKU008,154.0,330,2.0,209
2025-12-11,SKU008,54.0,339,2.0,209
2025-12-12,SKU008,0.0,0,2.0,209
2025-12-13,SKU008,0.0,222,2.0,209
2025-12-14,SKU008,0.0,272,2.0,209
2025-12-15,SKU008,0.0,0,2.0,209
2025-12-16,SKU008,0.0,107,2.0,209
2025-12-17,SKU008,0.0,168,2.0,209
2025-12-18,SKU008,160.0,0,2.0,209
2025-12-19,SKU008,3.0,293,2.0,209
2025-12-20,SKU008,0.0,293,2.0,209
2025-12-21,SKU008,10.0,0,2.0,209
2025-12-22,SKU008,0.0,278,2.0,209
2025-12-23,SKU008,0.0,72,2.0,209
2025-12-24,SKU008,219.0,0,2.0,209
2025-12-25,SKU008,55.0,195,2.0,209
2025-12-26,SKU008,0.0,263,2.0,209
2025-12-27,SKU008,191.0,0,2.0,209
2025-12-28,SKU008,48.0,170,2.0,209
2025-12-29,SKU008,0.0,136,2.0,209
2025-12-30,SKU008,0.0,0,2.0,209
2025-12-31,SKU008,0.0,72,2.0,209
2026-01-01,SKU008,0.0,250,2.0,209
2026-01-02,SKU008,0.0,348,2.0,209
2026-01-03,SKU008,197.0,0,2.0,209
2026-01-04,SKU008,86.0,339,2.0,209
2026-01-05,SKU008,0.0,108,2.0,209
2026-01-06,SKU008,0.0,0,2.0,209
2026-01-07,SKU008,0.0,128,2.0,209
2026-01-08,SKU008,0.0,230,2.0,209
2026-01-09,SKU008,138.0,0,2.0,209
2026-01-10,SKU008,8.0,283,2.0,209
2026-01-11,SKU008,0.0,58,2.0,209
2026-01-12,SKU008,145.0,0,2.0,209
2026-01-13,SKU008,25.0,124,2.0,209
2026-01-14,SKU008,0.0,124,2.0,209
2026-01-15,SKU008,191.0,0,2.0,209
2026-01-16,SKU008,60.0,317,2.0,209
2026-01-17,SKU008,0.0,226,2.0,209
2026-01-18,SKU008,0.0,0,2.0,209
2026-01-19,SKU008,0.0,144,2.0,209
2026-01-20,SKU008,0.0,331,2.0,209
2026-01-21,SKU008,116.0,0,2.0,209
2026-01-22,SKU008,25.0,299,2.0,209
2026-01-23,SKU008,0.0,190,2.0,209
2026-01-24,SKU008,81.0,0,2.0,209
2026-01-25,SKU008,0.0,213,2.0,209
2026-01-26,SKU008,0.0,301,2.0,209
2026-01-27,SKU008,216.0,0,2.0,209
2026-01-28,SKU008,99.0,207,2.0,209
2026-01-29,SKU008,0.0,336,2.0,209
2026-01-30,SKU008,146.0,0,2.0,209
2026-01-31,SKU008,40.0,281,2.0,209
2026-02-01,SKU008,0.0,332,2.0,209
2026-02-02,SKU008,0.0,86,2.0,209
2026-02-03,SKU008,0.0,0,2.0,209
2026-02-04,SKU008,0.0,80,2.0,209
2026-02-05,SKU008,0.0,217,2.0,209
2026-02-06,SKU008,225.0,0,2.0,209
2026-02-07,SKU008,118.0,59,2.0,209
2026-02-08,SKU008,14.0,199,2.0,209
2026-02-09,SKU008,183.0,0,2.0,209
2026-02-10,SKU008,62.0,230,2.0,209
2026-02-11,SKU008,0.0,132,2.0,209
2026-02-12,SKU008,11.0,0,2.0,209
2026-02-13,SKU008,0.0,50,2.0,209
2026-02-14,SKU008,0.0,92,2.0,209
2026-02-15,SKU008,0.0,0,2.0,209
2026-02-16,SKU008,0.0,193,2.0,209
2026-02-17,SKU008,0.0,246,2.0,209
2026-02-18,SKU008,144.0,0,2.0,209
2026-02-19,SKU008,38.0,263,2.0,209
2026-02-20,SKU008,0.0,69,2.0,209
2026-02-21,SKU008,112.0,0,2.0,209
2026-02-22,SKU008,0.0,106,2.0,209
2026-02-23,SKU008,0.0,241,2.0,209
2026-02-24,SKU008,192.0,0,2.0,209
2026-02-25,SKU008,104.0,238,2.0,209
2026-02-26,SKU008,1.0,164,2.0,209
2026-02-27,SKU008,49.0,0,2.0,209
2026-02-28,SKU008,0.0,214,2.0,209
2026-03-01,SKU008,0.0,316,2.0,209
2026-03-02,SKU008,0.0,244,2.0,209
2026-03-03,SKU008,0.0,0,2.0,209
2026-03-04,SKU008,0.0,284,2.0,209
2026-03-05,SKU008,0.0,59,2.0,209
2026-03-06,SKU008,28.0,0,2.0,209
2026-03-07,SKU008,0.0,159,2.0,209
2026-03-08,SKU008,0.0,234,2.0,209
2026-03-09,SKU008,182.0,0,2.0,209
2026-03-10,SKU008,61.0,128,2.0,209
2026-03-11,SKU008,0.0,238,2.0,209
2026-03-12,SKU008,113.0,0,2.0,209
2026-03-13,SKU008,0.0,230,2.0,209
2026-03-14,SKU008,0.0,49,2.0,209
2026-03-15,SKU008,68.0,0,2.0,209
2026-03-16,SKU008,0.0,330,2.0,209
2026-03-17,SKU008,0.0,119,2.0,209
2026-03-18,SKU008,107.0,0,2.0,209
2026-03-19,SKU008,0.0,264,2.0,209
2026-03-20,SKU008,0.0,345,2.0,209
2026-03-21,SKU008,24.0,0,2.0,209
2026-03-22,SKU008,0.0,304,2.0,209
2026-03-23,SKU008,0.0,128,2.0,209
2026-03-24,SKU008,40.0,0,2.0,209
2026-03-25,SKU008,0.0,191,2.0,209
2026-03-26,SKU008,0.0,258,2.0,209
2026-03-27,SKU008,14.0,0,2.0,209
2026-03-28,SKU008,0.0,146,2.0,209
2026-03-29,SKU008,0.0,342,2.0,209
2026-03-30,SKU008,142.0,0,2.0,209
2026-03-31,SKU008,35.0,212,2.0,209
2026-04-01,SKU008,0.0,60,2.0,209
2026-04-02,SKU008,0.0,349,2.0,209
2026-04-03,SKU008,169.0,0,2.0,209
2026-04-04,SKU008,47.0,342,2.0,209
2026-04-05,SKU008,0.0,146,2.0,209
2026-04-06,SKU008,17.0,0,2.0,209
2026-04-07,SKU008,0.0,272,2.0,209
2026-04-08,SKU008,0.0,269,2.0,209
2026-04-09,SKU008,216.0,0,2.0,209
2026-04-10,SKU008,86.0,45,2.0,209
2026-04-11,SKU008,0.0,223,2.0,209
2026-04-12,SKU008,0.0,0,2.0,209
2026-04-13,SKU008,0.0,190,2.0,209
2026-04-14,SKU008,0.0,349,2.0,209
2026-04-15,SKU008,147.0,0,2.0,209
2026-04-16,SKU008,54.0,124,2.0,209
2026-04-17,SKU008,0.0,235,2.0,209
2026-04-18,SKU008,83.0,0,2.0,209
2026-04-19,SKU008,0.0,182,2.0,209
2026-04-20,SKU008,0.0,63,2.0,209
2026-04-21,SKU008,152.0,0,2.0,209
2026-04-22,SKU008,37.0,231,2.0,209
2026-04-23,SKU008,0.0,71,2.0,209
2026-04-24,SKU008,0.0,0,2.0,209
2026-04-25,SKU008,0.0,184,2.0,209
2026-04-26,SKU008,0.0,208,2.0,209
2026-04-27,SKU008,21.0,0,2.0,209
2026-04-28,SKU008,0.0,298,2.0,209
2026-04-29,SKU008,0.0,260,2.0,209
2026-04-30,SKU008,31.0,0,2.0,209
2026-05-01,SKU008,0.0,289,2.0,209
2026-05-02,SKU008,0.0,223,2.0,209
2026-05-03,SKU008,45.0,0,2.0,209
2026-05-04,SKU008,0.0,297,2.0,209
2026-05-05,SKU008,0.0,200,2.0,209
2026-05-06,SKU008,39.0,0,2.0,209
2026-05-07,SKU008,0.0,48,2.0,209
2026-05-08,SKU008,0.0,295,2.0,209
2026-05-09,SKU008,0.0,0,2.0,209
2026-05-10,SKU008,0.0,132,2.0,209
2026-05-11,SKU008,0.0,299,2.0,209
2026-05-12,SKU008,0.0,0,2.0,209
2026-05-13,SKU008,0.0,335,2.0,209
2026-05-14,SKU008,0.0,145,2.0,209
2026-05-15,SKU008,9.0,0,2.0,209
2026-05-16,SKU008,0.0,257,2.0,209
2026-05-17,SKU008,0.0,154,2.0,209
2026-05-18,SKU008,39.0,0,2.0,209
2026-05-19,SKU008,0.0,92,2.0,209
2026-05-20,SKU008,0.0,145,2.0,209
2026-05-21,SKU008,256.0,0,2.0,209
2026-05-22,SKU008,135.0,83,2.0,209
2026-05-23,SKU008,39.0,330,2.0,209
2026-05-24,SKU008,130.0,0,2.0,209
2026-05-25,SKU008,21.0,250,2.0,209
2026-05-26,SKU008,0.0,287,2.0,209
2026-05-27,SKU008,0.0,0,2.0,209
2026-05-28,SKU008,0.0,342,2.0,209
2026-05-29,SKU008,0.0,276,2.0,209
2026-05-30,SKU008,173.0,0,2.0,209
2026-05-31,SKU008,79.0,174,2.0,209
2026-06-01,SKU008,0.0,226,2.0,209
2026-06-02,SKU008,,215,2.0,209
2026-06-03,SKU008,0.0,0,2.0,209
2026-06-04,SKU008,0.0,103,2.0,209
2026-06-05,SKU008,0.0,279,2.0,209
2026-06-06,SKU008,92.0,0,2.0,209
2026-06-07,SKU008,0.0,100,2.0,209
2026-06-08,SKU008,0.0,306,2.0,209
2026-06-09,SKU008,1.0,0,2.0,209
2026-06-10,SKU008,0.0,326,2.0,209
2026-06-11,SKU008,0.0,274,2.0,209
2026-06-12,SKU008,70.0,0,2.0,209
2026-06-13,SKU008,0.0,198,2.0,209
2026-06-14,SKU008,0.0,197,2.0,209
2026-06-15,SKU008,0.0,0,2.0,209
2026-06-16,SKU008,0.0,329,2.0,209
2026-06-17,SKU008,0.0,162,2.0,209
2026-06-18,SKU008,43.0,0,2.0,209
2026-06-19,SKU008,0.0,65,2.0,209
2026-06-20,SKU008,0.0,104,2.0,209
2026-06-21,SKU008,180.0,0,2.0,209
2026-06-22,SKU008,50.0,177,2.0,209
2026-06-23,SKU008,0.0,161,2.0,209
2026-06-24,SKU008,21.0,0,2.0,209
2026-06-25,SKU008,0.0,337,2.0,209
2026-06-26,SKU008,0.0,250,2.0,209
2026-06-27,SKU008,62.0,0,2.0,209
2026-06-28,SKU008,0.0,336,2.0,209
2026-06-29,SKU008,0.0,219,2.0,209
2026-06-30,SKU008,216.0,0,2.0,209
2025-01-01,SKU009,47.0,35,5.0,57
2025-01-02,SKU009,25.0,16,5.0,57
2025-01-03,SKU009,1.0,40,5.0,57
2025-01-04,SKU009,0.0,45,5.0,57
2025-01-05,SKU009,5.0,0,5.0,57
2025-01-06,SKU009,0.0,27,5.0,57
2025-01-07,SKU009,0.0,55,5.0,57
2025-01-08,SKU009,0.0,37,5.0,57
2025-01-09,SKU009,0.0,43,5.0,57
2025-01-10,SKU009,30.0,0,5.0,57
2025-01-11,SKU009,0.0,18,5.0,57
2025-01-12,SKU009,0.0,44,,57
2025-01-13,SKU009,0.0,53,5.0,57
2025-01-14,SKU009,0.0,56,5.0,57
2025-01-15,SKU009,0.0,0,5.0,57
2025-01-16,SKU009,0.0,18,5.0,57
2025-01-17,SKU009,0.0,7,5.0,57
2025-01-18,SKU009,0.0,27,5.0,57
2025-01-19,SKU009,0.0,22,5.0,57
2025-01-20,SKU009,19.0,0,5.0,57
2025-01-21,SKU009,5.0,20,5.0,57
2025-01-22,SKU009,0.0,43,5.0,57
2025-01-23,SKU009,0.0,57,5.0,57
2025-01-24,SKU009,0.0,12,5.0,57
2025-01-25,SKU009,5.0,0,5.0,57
2025-01-26,SKU009,0.0,17,5.0,57
2025-01-27,SKU009,0.0,58,5.0,57
2025-01-28,SKU009,0.0,37,5.0,57
2025-01-29,SKU009,0.0,23,5.0,57
2025-01-30,SKU009,15.0,0,5.0,57
2025-01-31,SKU009,0.0,49,5.0,57
2025-02-01,SKU009,0.0,46,5.0,57
2025-02-02,SKU009,0.0,29,5.0,57
2025-02-03,SKU009,0.0,22,5.0,57
2025-02-04,SKU009,0.0,56,5.0,57
2025-02-05,SKU009,29.0,0,5.0,57
2025-02-06,SKU009,17.0,7,5.0,57
2025-02-07,SKU009,0.0,33,5.0,57
2025-02-08,SKU009,0.0,9,5.0,57
2025-02-09,SKU009,0.0,35,5.0,57
2025-02-10,SKU009,44.0,0,5.0,57
2025-02-11,SKU009,36.0,8,5.0,57
2025-02-12,SKU009,17.0,23,5.0,57
2025-02-13,SKU009,8.0,33,5.0,57
2025-02-14,SKU009,0.0,20,5.0,57
2025-02-15,SKU009,0.0,0,5.0,57
2025-02-16,SKU009,0.0,21,5.0,57
2025-02-17,SKU009,0.0,27,5.0,57
2025-02-18,SKU009,0.0,23,5.0,57
2025-02-19,SKU009,0.0,58,5.0,57
2025-02-20,SKU009,40.0,0,5.0,57
2025-02-21,SKU009,19.0,40,5.0,57
2025-02-22,SKU009,0.0,10,5.0,57
2025-02-23,SKU009,0.0,11,5.0,57
2025-02-24,SKU009,0.0,43,5.0,57
2025-02-25,SKU009,30.0,0,5.0,57
2025-02-26,SKU009,15.0,16,5.0,57
2025-02-27,SKU009,0.0,53,5.0,57
2025-02-28,SKU009,0.0,44,5.0,57
2025-03-01,SKU009,0.0,17,5.0,57
2025-03-02,SKU009,0.0,54,5.0,57
2025-03-03,SKU009,0.0,45,5.0,57
2025-03-04,SKU009,0.0,54,5.0,57
2025-03-05,SKU009,38.0,0,5.0,57
2025-03-06,SKU009,28.0,7,5.0,57
2025-03-07,SKU009,12.0,35,5.0,57
2025-03-08,SKU009,0.0,12,5.0,57
2025-03-09,SKU009,0.0,25,5.0,57
2025-03-10,SKU009,6.0,0,5.0,57
2025-03-11,SKU009,0.0,33,5.0,57
2025-03-12,SKU009,0.0,51,5.0,57
2025-03-13,SKU009,0.0,14,5.0,57
2025-03-14,SKU009,0.0,31,5.0,57
2025-03-15,SKU009,42.0,0,5.0,57
2025-03-16,SKU009,23.0,31,5.0,57
2025-03-17,SKU009,14.0,21,5.0,57
2025-03-18,SKU009,0.0,36,5.0,57
2025-03-19,SKU009,0.0,8,5.0,57
2025-03-20,SKU009,14.0,0,5.0,57
2025-03-21,SKU009,0.0,34,5.0,57
2025-03-22,SKU009,0.0,18,5.0,57
2025-03-23,SKU009,0.0,20,5.0,57
2025-03-24,SKU009,0.0,12,5.0,57
2025-03-25,SKU009,38.0,0,5.0,57
2025-03-26,SKU009,24.0,9,5.0,57
2025-03-27,SKU009,4.0,53,5.0,57
2025-03-28,SKU009,0.0,57,5.0,57
2025-03-29,SKU009,0.0,37,5.0,57
2025-03-30,SKU009,39.0,0,5.0,57
2025-03-31,SKU009,26.0,34,5.0,57
2025-04-01,SKU009,4.0,9,5.0,57
2025-04-02,SKU009,0.0,20,5.0,57
2025-04-03,SKU009,0.0,57,5.0,57
2025-04-04,SKU009,0.0,49,5.0,57
2025-04-05,SKU009,39.0,0,5.0,57
2025-04-06,SKU009,17.0,29,5.0,57
2025-04-07,SKU009,10.0,19,5.0,57
2025-04-08,SKU009,2.0,21,5.0,57
2025-04-09,SKU009,0.0,50,5.0,57
2025-04-10,SKU009,5.0,0,5.0,57
2025-04-11,SKU009,0.0,38,5.0,57
2025-04-12,SKU009,0.0,53,5.0,57
2025-04-13,SKU009,0.0,49,5.0,57
2025-04-14,SKU009,0.0,29,5.0,57
2025-04-15,SKU009,16.0,0,5.0,57
2025-04-16,SKU009,1.0,38,5.0,57
2025-04-17,SKU009,0.0,30,5.0,57
2025-04-18,SKU009,0.0,21,5.0,57
2025-04-19,SKU009,0.0,13,5.0,57
2025-04-20,SKU009,8.0,0,5.0,57
2025-04-21,SKU009,1.0,14,5.0,57
2025-04-22,SKU009,0.0,10,5.0,57
2025-04-23,SKU009,0.0,53,5.0,57
2025-04-24,SKU009,0.0,41,5.0,57
2025-04-25,SKU009,43.0,0,5.0,57
2025-04-26,SKU009,22.0,46,5.0,57
2025-04-27,SKU009,3.0,45,5.0,57
2025-04-28,SKU009,0.0,32,5.0,57
2025-04-29,SKU009,0.0,39,5.0,57
2025-04-30,SKU009,1.0,0,5.0,57
2025-05-01,SKU009,0.0,41,5.0,57
2025-05-02,SKU009,0.0,40,5.0,57
2025-05-03,SKU009,0.0,32,5.0,57
2025-05-04,SKU009,0.0,41,5.0,57
2025-05-05,SKU009,35.0,0,5.0,57
2025-05-06,SKU009,21.0,28,5.0,57
2025-05-07,SKU009,13.0,24,5.0,57
2025-05-08,SKU009,0.0,22,5.0,57
2025-05-09,SKU009,0.0,52,5.0,57
2025-05-10,SKU009,28.0,0,5.0,57
2025-05-11,SKU009,8.0,49,5.0,57
2025-05-12,SKU009,0.0,43,5.0,57
2025-05-13,SKU009,0.0,50,5.0,57
2025-05-14,SKU009,0.0,46,5.0,57
2025-05-15,SKU009,12.0,0,5.0,57
2025-05-16,SKU009,0.0,21,5.0,57
2025-05-17,SKU009,0.0,52,5.0,57
2025-05-18,SKU009,0.0,51,5.0,57
2025-05-19,SKU009,0.0,22,5.0,57
2025-05-20,SKU009,8.0,0,5.0,57
2025-05-21,SKU009,0.0,57,5.0,57
2025-05-22,SKU009,0.0,37,5.0,57
2025-05-23,SKU009,0.0,46,5.0,57
2025-05-24,SKU009,0.0,9,5.0,57
2025-05-25,SKU009,13.0,0,5.0,57
2025-05-26,SKU009,1.0,28,5.0,57
2025-05-27,SKU009,0.0,21,5.0,57
2025-05-28,SKU009,0.0,23,5.0,57
2025-05-29,SKU009,0.0,51,5.0,57
2025-05-30,SKU009,0.0,0,5.0,57
2025-05-31,SKU009,0.0,43,5.0,57
2025-06-01,SKU009,0.0,33,5.0,57
2025-06-02,SKU009,0.0,26,5.0,57
2025-06-03,SKU009,0.0,53,5.0,57
2025-06-04,SKU009,0.0,46,5.0,57
2025-06-05,SKU009,20.0,0,5.0,57
2025-06-06,SKU009,3.0,29,5.0,57
2025-06-07,SKU009,0.0,54,5.0,57
2025-06-08,SKU009,0.0,55,5.0,57
2025-06-09,SKU009,0.0,45,5.0,57
2025-06-10,SKU009,0.0,0,5.0,57
2025-06-11,SKU009,0.0,58,5.0,57
2025-06-12,SKU009,0.0,9,5.0,57
2025-06-13,SKU009,0.0,51,5.0,57
2025-06-14,SKU009,0.0,22,5.0,57
2025-06-15,SKU009,5.0,0,5.0,57
2025-06-16,SKU009,0.0,11,5.0,57
2025-06-17,SKU009,0.0,31,5.0,57
2025-06-18,SKU009,0.0,19,5.0,57
2025-06-19,SKU009,0.0,23,5.0,57
2025-06-20,SKU009,10.0,0,5.0,57
2025-06-21,SKU009,0.0,57,5.0,57
2025-06-22,SKU009,0.0,19,5.0,57
2025-06-23,SKU009,0.0,25,5.0,57
2025-06-24,SKU009,0.0,19,5.0,57
2025-06-25,SKU009,20.0,0,5.0,57
2025-06-26,SKU009,9.0,21,5.0,57
2025-06-27,SKU009,0.0,17,5.0,57
2025-06-28,SKU009,0.0,41,5.0,57
2025-06-29,SKU009,0.0,16,5.0,57
2025-06-30,SKU009,11.0,0,5.0,57
2025-07-01,SKU009,0.0,10,5.0,57
2025-07-02,SKU009,0.0,44,5.0,57
2025-07-03,SKU009,0.0,7,5.0,57
2025-07-04,SKU009,0.0,42,5.0,57
2025-07-05,SKU009,0.0,0,5.0,57
2025-07-06,SKU009,0.0,43,5.0,57
2025-07-07,SKU009,0.0,11,5.0,57
2025-07-08,SKU009,0.0,23,5.0,57
2025-07-09,SKU009,0.0,44,5.0,57
2025-07-10,SKU009,24.0,0,5.0,57
2025-07-11,SKU009,6.0,22,5.0,57
2025-07-12,SKU009,0.0,31,5.0,57
2025-07-13,SKU009,0.0,24,5.0,57
2025-07-14,SKU009,0.0,8,5.0,57
2025-07-15,SKU009,17.0,0,5.0,57
2025-07-16,SKU009,0.0,58,5.0,57
2025-07-17,SKU009,0.0,33,5.0,57
2025-07-18,SKU009,0.0,26,5.0,57
2025-07-19,SKU009,0.0,32,5.0,57
2025-07-20,SKU009,28.0,0,5.0,57
2025-07-21,SKU009,11.0,12,5.0,57
2025-07-22,SKU009,0.0,30,5.0,57
2025-07-23,SKU009,0.0,16,5.0,57
2025-07-24,SKU009,0.0,40,5.0,57
2025-07-25,SKU009,45.0,0,5.0,57
2025-07-26,SKU009,30.0,19,5.0,57
2025-07-27,SKU009,14.0,27,5.0,57
2025-07-28,SKU009,0.0,21,5.0,57
2025-07-29,SKU009,0.0,27,5.0,57
2025-07-30,SKU009,20.0,0,5.0,57
2025-07-31,SKU009,1.0,47,5.0,57
2025-08-01,SKU009,0.0,36,5.0,57
2025-08-02,SKU009,0.0,33,5.0,57
2025-08-03,SKU009,0.0,8,5.0,57
2025-08-04,SKU009,0.0,9,5.0,57
2025-08-05,SKU009,40.0,0,5.0,57
2025-08-06,SKU009,20.0,50,5.0,57
2025-08-07,SKU009,2.0,14,5.0,57
2025-08-08,SKU009,0.0,52,5.0,57
2025-08-09,SKU009,0.0,58,5.0,57
2025-08-10,SKU009,33.0,0,5.0,57
2025-08-11,SKU009,23.0,31,5.0,57
2025-08-12,SKU009,10.0,18,5.0,57
2025-08-13,SKU009,0.0,53,5.0,57
2025-08-14,SKU009,0.0,25,5.0,57
2025-08-15,SKU009,7.0,0,5.0,57
2025-08-16,SKU009,0.0,37,5.0,57
2025-08-17,SKU009,0.0,54,5.0,57
2025-08-18,SKU009,0.0,52,5.0,57
2025-08-19,SKU009,0.0,49,5.0,57
2025-08-20,SKU009,0.0,0,5.0,57
2025-08-21,SKU009,0.0,46,5.0,57
2025-08-22,SKU009,0.0,53,5.0,57
2025-08-23,SKU009,0.0,50,5.0,57
2025-08-24,SKU009,0.0,39,5.0,57
2025-08-25,SKU009,16.0,0,5.0,57
2025-08-26,SKU009,0.0,51,5.0,57
2025-08-27,SKU009,0.0,34,5.0,57
2025-08-28,SKU009,0.0,20,5.0,57
2025-08-29,SKU009,0.0,30,5.0,57
2025-08-30,SKU009,23.0,0,5.0,57
2025-08-31,SKU009,7.0,8,5.0,57
2025-09-01,SKU009,0.0,28,5.0,57
2025-09-02,SKU009,0.0,51,5.0,57
2025-09-03,SKU009,0.0,35,5.0,57
2025-09-04,SKU009,0.0,27,5.0,57
2025-09-05,SKU009,27.0,0,5.0,57
2025-09-06,SKU009,10.0,39,5.0,57
2025-09-07,SKU009,0.0,36,5.0,57
2025-09-08,SKU009,0.0,19,5.0,57
2025-09-09,SKU009,0.0,55,5.0,57
2025-09-10,SKU009,2.0,0,5.0,57
2025-09-11,SKU009,0.0,43,5.0,57
2025-09-12,SKU009,0.0,42,5.0,57
2025-09-13,SKU009,0.0,14,5.0,57
2025-09-14,SKU009,0.0,12,5.0,57
2025-09-15,SKU009,13.0,0,5.0,57
2025-09-16,SKU009,0.0,11,,57
2025-09-17,SKU009,0.0,56,5.0,57
2025-09-18,SKU009,0.0,51,5.0,57
2025-09-19,SKU009,0.0,56,5.0,57
2025-09-20,SKU009,47.0,0,5.0,57
2025-09-21,SKU009,26.0,18,5.0,57
2025-09-22,SKU009,12.0,47,5.0,57
2025-09-23,SKU009,0.0,31,5.0,57
2025-09-24,SKU009,0.0,9,5.0,57
2025-09-25,SKU009,16.0,0,5.0,57
2025-09-26,SKU009,0.0,11,5.0,57
2025-09-27,SKU009,0.0,58,5.0,57
2025-09-28,SKU009,0.0,50,5.0,57
2025-09-29,SKU009,0.0,50,5.0,57
2025-09-30,SKU009,0.0,0,5.0,57
2025-10-01,SKU009,0.0,7,5.0,57
2025-10-02,SKU009,0.0,21,5.0,57
2025-10-03,SKU009,0.0,50,5.0,57
2025-10-04,SKU009,0.0,37,5.0,57
2025-10-05,SKU009,18.0,0,5.0,57
2025-10-06,SKU009,0.0,14,5.0,57
2025-10-07,SKU009,0.0,31,5.0,57
2025-10-08,SKU009,0.0,31,5.0,57
2025-10-09,SKU009,0.0,58,5.0,57
2025-10-10,SKU009,11.0,0,5.0,57
2025-10-11,SKU009,0.0,14,5.0,57
2025-10-12,SKU009,0.0,31,5.0,57
2025-10-13,SKU009,0.0,47,5.0,57
2025-10-14,SKU009,0.0,47,5.0,57
2025-10-15,SKU009,14.0,0,5.0,57
2025-10-16,SKU009,0.0,50,5.0,57
2025-10-17,SKU009,0.0,31,5.0,57
2025-10-18,SKU009,0.0,9,5.0,57
2025-10-19,SKU009,0.0,49,5.0,57
2025-10-20,SKU009,45.0,0,5.0,57
2025-10-21,SKU009,0.0,21,5.0,57
2025-10-22,SKU009,0.0,41,5.0,57
2025-10-23,SKU009,0.0,28,5.0,57
2025-10-24,SKU009,0.0,28,5.0,57
2025-10-25,SKU009,38.0,0,5.0,57
2025-10-26,SKU009,25.0,57,5.0,57
2025-10-27,SKU009,12.0,13,5.0,57
2025-10-28,SKU009,0.0,45,5.0,57
2025-10-29,SKU009,0.0,16,5.0,57
2025-10-30,SKU009,21.0,0,5.0,57
2025-10-31,SKU009,2.0,48,5.0,57
2025-11-01,SKU009,0.0,18,5.0,57
2025-11-02,SKU009,0.0,24,5.0,57
2025-11-03,SKU009,0.0,56,5.0,57
2025-11-04,SKU009,0.0,29,5.0,57
2025-11-05,SKU009,1.0,0,5.0,57
2025-11-06,SKU009,0.0,28,5.0,57
2025-11-07,SKU009,0.0,30,5.0,57
2025-11-08,SKU009,0.0,47,5.0,57
2025-11-09,SKU009,0.0,25,5.0,57
2025-11-10,SKU009,3.0,0,5.0,57
2025-11-11,SKU009,0.0,47,5.0,57
2025-11-12,SKU009,0.0,26,5.0,57
2025-11-13,SKU009,0.0,9,5.0,57
2025-11-14,SKU009,0.0,50,5.0,57
2025-11-15,SKU009,34.0,0,5.0,57
2025-11-16,SKU009,20.0,57,5.0,57
2025-11-17,SKU009,5.0,39,5.0,57
2025-11-18,SKU009,0.0,21,5.0,57
2025-11-19,SKU009,0.0,52,5.0,57
2025-11-20,SKU009,0.0,0,5.0,57
2025-11-21,SKU009,0.0,46,5.0,57
2025-11-22,SKU009,0.0,52,5.0,57
2025-11-23,SKU009,0.0,55,5.0,57
2025-11-24,SKU009,0.0,36,5.0,57
2025-11-25,SKU009,32.0,0,5.0,57
2025-11-26,SKU009,3.0,9,5.0,57
2025-11-27,SKU009,0.0,9,5.0,57
2025-11-28,SKU009,0.0,46,5.0,57
2025-11-29,SKU009,0.0,59,5.0,57
2025-11-30,SKU009,0.0,0,5.0,57
2025-12-01,SKU009,0.0,26,5.0,57
2025-12-02,SKU009,0.0,58,5.0,57
2025-12-03,SKU009,0.0,52,5.0,57
2025-12-04,SKU009,0.0,28,5.0,57
2025-12-05,SKU009,23.0,0,5.0,57
2025-12-06,SKU009,0.0,30,5.0,57
2025-12-07,SKU009,0.0,24,5.0,57
2025-12-08,SKU009,0.0,37,5.0,57
2025-12-09,SKU009,0.0,21,5.0,57
2025-12-10,SKU009,18.0,0,5.0,57
2025-12-11,SKU009,0.0,22,5.0,57
2025-12-12,SKU009,0.0,33,5.0,57
2025-12-13,SKU009,0.0,47,5.0,57
2025-12-14,SKU009,0.0,52,5.0,57
2025-12-15,SKU009,0.0,0,5.0,57
2025-12-16,SKU009,0.0,44,5.0,57
2025-12-17,SKU009,0.0,53,5.0,57
2025-12-18,SKU009,0.0,45,5.0,57
2025-12-19,SKU009,0.0,19,5.0,57
2025-12-20,SKU009,13.0,0,5.0,57
2025-12-21,SKU009,0.0,49,5.0,57
2025-12-22,SKU009,0.0,16,5.0,57
2025-12-23,SKU009,0.0,54,5.0,57
2025-12-24,SKU009,0.0,21,5.0,57
2025-12-25,SKU009,37.0,0,5.0,57
2025-12-26,SKU009,3.0,33,5.0,57
2025-12-27,SKU009,0.0,14,5.0,57
2025-12-28,SKU009,0.0,43,5.0,57
2025-12-29,SKU009,0.0,36,5.0,57
2025-12-30,SKU009,13.0,0,5.0,57
2025-12-31,SKU009,0.0,22,5.0,57
2026-01-01,SKU009,0.0,10,5.0,57
2026-01-02,SKU009,0.0,16,5.0,57
2026-01-03,SKU009,0.0,32,5.0,57
2026-01-04,SKU009,0.0,9,5.0,57
2026-01-05,SKU009,23.0,0,5.0,57
2026-01-06,SKU009,5.0,33,5.0,57
2026-01-07,SKU009,0.0,18,5.0,57
2026-01-08,SKU009,0.0,48,5.0,57
2026-01-09,SKU009,0.0,41,5.0,57
2026-01-10,SKU009,8.0,0,5.0,57
2026-01-11,SKU009,0.0,44,5.0,57
2026-01-12,SKU009,0.0,38,5.0,57
2026-01-13,SKU009,0.0,7,5.0,57
2026-01-14,SKU009,0.0,35,5.0,57
2026-01-15,SKU009,4.0,0,5.0,57
2026-01-16,SKU009,0.0,47,5.0,57
2026-01-17,SKU009,0.0,41,5.0,57
2026-01-18,SKU009,0.0,38,5.0,57
2026-01-19,SKU009,0.0,35,5.0,57
2026-01-20,SKU009,6.0,0,5.0,57
2026-01-21,SKU009,0.0,41,5.0,57
2026-01-22,SKU009,0.0,48,5.0,57
2026-01-23,SKU009,0.0,27,5.0,57
2026-01-24,SKU009,0.0,25,5.0,57
2026-01-25,SKU009,35.0,0,5.0,57
2026-01-26,SKU009,16.0,48,5.0,57
2026-01-27,SKU009,0.0,10,5.0,57
2026-01-28,SKU009,0.0,21,5.0,57
2026-01-29,SKU009,0.0,51,5.0,57
2026-01-30,SKU009,29.0,0,5.0,57
2026-01-31,SKU009,3.0,17,5.0,57
2026-02-01,SKU009,0.0,32,5.0,57
2026-02-02,SKU009,0.0,17,5.0,57
2026-02-03,SKU009,0.0,37,5.0,57
2026-02-04,SKU009,0.0,11,5.0,57
2026-02-05,SKU009,0.0,0,5.0,57
2026-02-06,SKU009,0.0,11,5.0,57
2026-02-07,SKU009,0.0,55,5.0,57
2026-02-08,SKU009,0.0,16,5.0,57
2026-02-09,SKU009,0.0,34,5.0,57
2026-02-10,SKU009,0.0,0,5.0,57
2026-02-11,SKU009,0.0,14,5.0,57
2026-02-12,SKU009,0.0,7,5.0,57
2026-02-13,SKU009,0.0,11,5.0,57
2026-02-14,SKU009,0.0,34,5.0,57
2026-02-15,SKU009,17.0,0,5.0,57
2026-02-16,SKU009,0.0,20,5.0,57
2026-02-17,SKU009,0.0,55,5.0,57
2026-02-18,SKU009,0.0,30,5.0,57
2026-02-19,SKU009,0.0,49,5.0,57
2026-02-20,SKU009,7.0,0,5.0,57
2026-02-21,SKU009,0.0,20,5.0,57
2026-02-22,SKU009,0.0,15,5.0,57
2026-02-23,SKU009,0.0,16,5.0,57
2026-02-24,SKU009,0.0,42,5.0,57
2026-02-25,SKU009,22.0,0,5.0,57
2026-02-26,SKU009,9.0,16,5.0,57
2026-02-27,SKU009,0.0,58,5.0,57
2026-02-28,SKU009,0.0,54,5.0,57
2026-03-01,SKU009,0.0,19,5.0,57
2026-03-02,SKU009,0.0,23,5.0,57
2026-03-03,SKU009,0.0,57,5.0,57
2026-03-04,SKU009,0.0,59,5.0,57
2026-03-05,SKU009,12.0,0,5.0,57
2026-03-06,SKU009,0.0,50,5.0,57
2026-03-07,SKU009,0.0,55,5.0,57
2026-03-08,SKU009,0.0,52,5.0,57
2026-03-09,SKU009,0.0,42,5.0,57
2026-03-10,SKU009,19.0,0,5.0,57
2026-03-11,SKU009,7.0,33,5.0,57
2026-03-12,SKU009,0.0,44,5.0,57
2026-03-13,SKU009,0.0,20,5.0,57
2026-03-14,SKU009,0.0,44,5.0,57
2026-03-15,SKU009,15.0,0,5.0,57
2026-03-16,SKU009,0.0,37,5.0,57
2026-03-17,SKU009,0.0,50,5.0,57
2026-03-18,SKU009,0.0,56,5.0,57
2026-03-19,SKU009,0.0,23,5.0,57
2026-03-20,SKU009,17.0,0,5.0,57
2026-03-21,SKU009,0.0,38,5.0,57
2026-03-22,SKU009,0.0,22,5.0,57
2026-03-23,SKU009,0.0,40,5.0,57
2026-03-24,SKU009,0.0,41,5.0,57
2026-03-25,SKU009,13.0,0,5.0,57
2026-03-26,SKU009,0.0,28,5.0,57
2026-03-27,SKU009,0.0,49,5.0,57
2026-03-28,SKU009,0.0,20,5.0,57
2026-03-29,SKU009,0.0,31,5.0,57
2026-03-30,SKU009,26.0,0,5.0,57
2026-03-31,SKU009,0.0,38,5.0,57
2026-04-01,SKU009,0.0,9,5.0,57
2026-04-02,SKU009,0.0,25,5.0,57
2026-04-03,SKU009,0.0,23,5.0,57
2026-04-04,SKU009,0.0,57,5.0,57
2026-04-05,SKU009,43.0,0,5.0,57
2026-04-06,SKU009,29.0,26,5.0,57
2026-04-07,SKU009,12.0,48,5.0,57
2026-04-08,SKU009,0.0,35,5.0,57
2026-04-09,SKU009,0.0,27,5.0,57
2026-04-10,SKU009,27.0,0,5.0,57
2026-04-11,SKU009,14.0,56,5.0,57
2026-04-12,SKU009,0.0,25,5.0,57
2026-04-13,SKU009,0.0,16,5.0,57
2026-04-14,SKU009,0.0,56,5.0,57
2026-04-15,SKU009,19.0,0,5.0,57
2026-04-16,SKU009,0.0,18,5.0,57
2026-04-17,SKU009,0.0,7,5.0,57
2026-04-18,SKU009,0.0,41,5.0,57
2026-04-19,SKU009,0.0,39,5.0,57
2026-04-20,SKU009,0.0,0,5.0,57
2026-04-21,SKU009,0.0,40,5.0,57
2026-04-22,SKU009,0.0,15,5.0,57
2026-04-23,SKU009,0.0,28,5.0,57
2026-04-24,SKU009,0.0,23,5.0,57
2026-04-25,SKU009,33.0,0,5.0,57
2026-04-26,SKU009,21.0,22,5.0,57
2026-04-27,SKU009,5.0,21,5.0,57
2026-04-28,SKU009,0.0,46,5.0,57
2026-04-29,SKU009,0.0,8,5.0,57
2026-04-30,SKU009,24.0,0,5.0,57
2026-05-01,SKU009,10.0,9,5.0,57
2026-05-02,SKU009,0.0,10,5.0,57
2026-05-03,SKU009,0.0,32,5.0,57
2026-05-04,SKU009,0.0,56,5.0,57
2026-05-05,SKU009,0.0,0,5.0,57
2026-05-06,SKU009,0.0,23,5.0,57
2026-05-07,SKU009,0.0,42,5.0,57
2026-05-08,SKU009,0.0,53,5.0,57
2026-05-09,SKU009,0.0,33,5.0,57
2026-05-10,SKU009,11.0,0,5.0,57
2026-05-11,SKU009,0.0,23,5.0,57
2026-05-12,SKU009,0.0,26,5.0,57
2026-05-13,SKU009,0.0,14,5.0,57
2026-05-14,SKU009,0.0,13,5.0,57
2026-05-15,SKU009,31.0,0,5.0,57
2026-05-16,SKU009,12.0,32,5.0,57
2026-05-17,SKU009,0.0,47,5.0,57
2026-05-18,SKU009,0.0,40,5.0,57
2026-05-19,SKU009,0.0,7,5.0,57
2026-05-20,SKU009,8.0,0,5.0,57
2026-05-21,SKU009,0.0,35,5.0,57
2026-05-22,SKU009,0.0,14,5.0,57
2026-05-23,SKU009,0.0,56,5.0,57
2026-05-24,SKU009,0.0,48,5.0,57
2026-05-25,SKU009,37.0,0,5.0,57
2026-05-26,SKU009,17.0,38,5.0,57
2026-05-27,SKU009,0.0,50,5.0,57
2026-05-28,SKU009,0.0,16,5.0,57
2026-05-29,SKU009,0.0,51,5.0,57
2026-05-30,SKU009,34.0,0,5.0,57
2026-05-31,SKU009,20.0,8,5.0,57
2026-06-01,SKU009,7.0,40,5.0,57
2026-06-02,SKU009,0.0,12,5.0,57
2026-06-03,SKU009,0.0,40,5.0,57
2026-06-04,SKU009,0.0,53,5.0,57
2026-06-05,SKU009,0.0,0,5.0,57
2026-06-06,SKU009,0.0,32,5.0,57
2026-06-07,SKU009,0.0,12,5.0,57
2026-06-08,SKU009,0.0,41,5.0,57
2026-06-09,SKU009,0.0,13,5.0,57
2026-06-10,SKU009,39.0,0,5.0,57
2026-06-11,SKU009,5.0,23,5.0,57
2026-06-12,SKU009,0.0,16,5.0,57
2026-06-13,SKU009,0.0,56,5.0,57
2026-06-14,SKU009,0.0,40,5.0,57
2026-06-15,SKU009,7.0,0,5.0,57
2026-06-16,SKU009,0.0,46,5.0,57
2026-06-17,SKU009,0.0,52,5.0,57
2026-06-18,SKU009,0.0,49,5.0,57
2026-06-19,SKU009,0.0,25,5.0,57
2026-06-20,SKU009,0.0,0,5.0,57
2026-06-21,SKU009,0.0,34,5.0,57
2026-06-22,SKU009,0.0,37,5.0,57
2026-06-23,SKU009,0.0,22,5.0,57
2026-06-24,SKU009,0.0,14,5.0,57
2026-06-25,SKU009,0.0,0,5.0,57
2026-06-26,SKU009,0.0,49,5.0,57
2026-06-27,SKU009,0.0,21,5.0,57
2026-06-28,SKU009,0.0,26,5.0,57
2026-06-29,SKU009,0.0,21,5.0,57
2026-06-30,SKU009,13.0,0,5.0,57
2025-01-01,SKU010,302.0,128,11.0,394
2025-01-02,SKU010,302.0,179,11.0,394
2025-01-03,SKU010,302.0,38,11.0,394
2025-01-04,SKU010,302.0,166,11.0,394
2025-01-05,SKU010,302.0,150,11.0,394
2025-01-06,SKU010,302.0,166,11.0,394
2025-01-07,SKU010,302.0,141,11.0,394
2025-01-08,SKU010,302.0,67,11.0,394
2025-01-09,SKU010,302.0,88,11.0,394
2025-01-10,SKU010,302.0,39,11.0,394
2025-01-11,SKU010,325.0,0,11.0,394
2025-01-12,SKU010,325.0,173,11.0,394
2025-01-13,SKU010,325.0,154,11.0,394
2025-01-14,SKU010,260.0,35,11.0,394
2025-01-15,SKU010,191.0,94,11.0,394
2025-01-16,SKU010,153.0,68,11.0,394
2025-01-17,SKU010,93.0,69,11.0,394
2025-01-18,SKU010,50.0,164,11.0,394
2025-01-19,SKU010,6.0,180,11.0,394
2025-01-20,SKU010,0.0,89,11.0,394
2025-01-21,SKU010,0.0,152,11.0,394
2025-01-22,SKU010,0.0,0,11.0,394
2025-01-23,SKU010,0.0,144,11.0,394
2025-01-24,SKU010,0.0,30,11.0,394
2025-01-25,SKU010,0.0,77,11.0,394
2025-01-26,SKU010,0.0,112,11.0,394
2025-01-27,SKU010,0.0,32,11.0,394
2025-01-28,SKU010,0.0,41,11.0,394
2025-01-29,SKU010,0.0,73,11.0,394
2025-01-30,SKU010,0.0,98,11.0,394
2025-01-31,SKU010,0.0,56,11.0,394
2025-02-01,SKU010,0.0,73,11.0,394
2025-02-02,SKU010,0.0,49,11.0,394
2025-02-03,SKU010,0.0,38,11.0,394
2025-02-04,SKU010,0.0,89,11.0,394
2025-02-05,SKU010,0.0,57,11.0,394
2025-02-06,SKU010,0.0,126,11.0,394
2025-02-07,SKU010,0.0,58,11.0,394
2025-02-08,SKU010,0.0,52,11.0,394
2025-02-09,SKU010,0.0,81,11.0,394
2025-02-10,SKU010,0.0,39,11.0,394
2025-02-11,SKU010,0.0,0,11.0,394
2025-02-12,SKU010,0.0,144,11.0,394
2025-02-13,SKU010,0.0,50,11.0,394
2025-02-14,SKU010,0.0,119,11.0,394
2025-02-15,SKU010,0.0,71,11.0,394
2025-02-16,SKU010,0.0,74,11.0,394
2025-02-17,SKU010,0.0,47,11.0,394
2025-02-18,SKU010,0.0,59,11.0,394
2025-02-19,SKU010,0.0,113,11.0,394
2025-02-20,SKU010,0.0,116,11.0,394
2025-02-21,SKU010,0.0,68,11.0,394
2025-02-22,SKU010,14.0,0,11.0,394
2025-02-23,SKU010,0.0,77,11.0,394
2025-02-24,SKU010,0.0,36,11.0,394
2025-02-25,SKU010,0.0,106,11.0,394
2025-02-26,SKU010,0.0,153,11.0,394
2025-02-27,SKU010,0.0,122,11.0,394
2025-02-28,SKU010,0.0,26,11.0,394
2025-03-01,SKU010,0.0,66,11.0,394
2025-03-02,SKU010,0.0,97,11.0,394
2025-03-03,SKU010,0.0,167,11.0,394
2025-03-04,SKU010,0.0,49,11.0,394
2025-03-05,SKU010,0.0,34,11.0,394
2025-03-06,SKU010,0.0,106,11.0,394
2025-03-07,SKU010,0.0,111,11.0,394
2025-03-08,SKU010,0.0,178,11.0,394
2025-03-09,SKU010,0.0,108,11.0,394
2025-03-10,SKU010,0.0,25,11.0,394
2025-03-11,SKU010,85.0,0,11.0,394
2025-03-12,SKU010,55.0,55,11.0,394
2025-03-13,SKU010,20.0,151,11.0,394
2025-03-14,SKU010,0.0,92,11.0,394
2025-03-15,SKU010,0.0,159,11.0,394
2025-03-16,SKU010,0.0,50,11.0,394
2025-03-17,SKU010,0.0,117,11.0,394
2025-03-18,SKU010,0.0,134,11.0,394
2025-03-19,SKU010,0.0,29,11.0,394
2025-03-20,SKU010,0.0,98,11.0,394
2025-03-21,SKU010,0.0,130,11.0,394
2025-03-22,SKU010,38.0,0,11.0,394
2025-03-23,SKU010,0.0,39,11.0,394
2025-03-24,SKU010,0.0,27,11.0,394
2025-03-25,SKU010,0.0,57,11.0,394
2025-03-26,SKU010,0.0,60,11.0,394
2025-03-27,SKU010,0.0,117,11.0,394
2025-03-28,SKU010,0.0,26,11.0,394
2025-03-29,SKU010,0.0,65,11.0,394
2025-03-30,SKU010,0.0,59,11.0,394
2025-03-31,SKU010,0.0,155,11.0,394
2025-04-01,SKU010,0.0,79,11.0,394
2025-04-02,SKU010,0.0,137,11.0,394
2025-04-03,SKU010,0.0,153,11.0,394
2025-04-04,SKU010,0.0,135,11.0,394
2025-04-05,SKU010,0.0,40,11.0,394
2025-04-06,SKU010,0.0,140,11.0,394
2025-04-07,SKU010,0.0,157,11.0,394
2025-04-08,SKU010,0.0,82,11.0,394
2025-04-09,SKU010,0.0,163,11.0,394
2025-04-10,SKU010,0.0,132,11.0,394
2025-04-11,SKU010,96.0,0,11.0,394
2025-04-12,SKU010,42.0,109,11.0,394
2025-04-13,SKU010,0.0,83,11.0,394
2025-04-14,SKU010,0.0,73,11.0,394
2025-04-15,SKU010,0.0,149,11.0,394
2025-04-16,SKU010,0.0,155,11.0,394
2025-04-17,SKU010,0.0,75,11.0,394
2025-04-18,SKU010,0.0,122,11.0,394
2025-04-19,SKU010,0.0,137,11.0,394
2025-04-20,SKU010,0.0,56,11.0,394
2025-04-21,SKU010,0.0,122,11.0,394
2025-04-22,SKU010,40.0,0,11.0,394
2025-04-23,SKU010,0.0,66,11.0,394
2025-04-24,SKU010,0.0,72,11.0,394
2025-04-25,SKU010,0.0,74,11.0,394
2025-04-26,SKU010,0.0,101,11.0,394
2025-04-27,SKU010,0.0,78,11.0,394
2025-04-28,SKU010,0.0,136,11.0,394
2025-04-29,SKU010,0.0,165,11.0,394
2025-04-30,SKU010,0.0,145,11.0,394
2025-05-01,SKU010,0.0,110,11.0,394
2025-05-02,SKU010,0.0,131,11.0,394
2025-05-03,SKU010,0.0,165,11.0,394
2025-05-04,SKU010,0.0,116,11.0,394
2025-05-05,SKU010,0.0,31,11.0,394
2025-05-06,SKU010,0.0,69,11.0,394
2025-05-07,SKU010,0.0,75,11.0,394
2025-05-08,SKU010,0.0,178,11.0,394
2025-05-09,SKU010,0.0,139,11.0,394
2025-05-10,SKU010,0.0,90,11.0,394
2025-05-11,SKU010,21.0,0,11.0,394
2025-05-12,SKU010,0.0,175,11.0,394
2025-05-13,SKU010,0.0,144,11.0,394
2025-05-14,SKU010,0.0,55,11.0,394
2025-05-15,SKU010,0.0,98,11.0,394
2025-05-16,SKU010,0.0,58,11.0,394
2025-05-17,SKU010,0.0,179,11.0,394
2025-05-18,SKU010,0.0,113,11.0,394
2025-05-19,SKU010,0.0,35,11.0,394
2025-05-20,SKU010,0.0,72,11.0,394
2025-05-21,SKU010,0.0,107,11.0,394
2025-05-22,SKU010,57.0,0,11.0,394
2025-05-23,SKU010,7.0,57,11.0,394
2025-05-24,SKU010,0.0,131,11.0,394
2025-05-25,SKU010,0.0,59,11.0,394
2025-05-26,SKU010,0.0,178,11.0,394
2025-05-27,SKU010,0.0,153,11.0,394
2025-05-28,SKU010,0.0,93,11.0,394
2025-05-29,SKU010,0.0,80,11.0,394
2025-05-30,SKU010,0.0,50,11.0,394
2025-05-31,SKU010,0.0,36,11.0,394
2025-06-01,SKU010,0.0,142,11.0,394
2025-06-02,SKU010,0.0,163,11.0,394
2025-06-03,SKU010,0.0,101,11.0,394
2025-06-04,SKU010,0.0,164,11.0,394
2025-06-05,SKU010,0.0,173,11.0,394
2025-06-06,SKU010,0.0,116,11.0,394
2025-06-07,SKU010,0.0,63,11.0,394
2025-06-08,SKU010,0.0,152,11.0,394
2025-06-09,SKU010,0.0,57,11.0,394
2025-06-10,SKU010,0.0,170,11.0,394
2025-06-11,SKU010,0.0,0,11.0,394
2025-06-12,SKU010,0.0,79,11.0,394
2025-06-13,SKU010,0.0,41,11.0,394
2025-06-14,SKU010,0.0,67,11.0,394
2025-06-15,SKU010,0.0,102,11.0,394
2025-06-16,SKU010,0.0,84,11.0,394
2025-06-17,SKU010,0.0,122,11.0,394
2025-06-18,SKU010,0.0,80,11.0,394
2025-06-19,SKU010,0.0,113,11.0,394
2025-06-20,SKU010,0.0,122,11.0,394
2025-06-21,SKU010,0.0,169,11.0,394
2025-06-22,SKU010,95.0,0,11.0,394
2025-06-23,SKU010,34.0,64,11.0,394
2025-06-24,SKU010,0.0,97,11.0,394
2025-06-25,SKU010,0.0,38,11.0,394
2025-06-26,SKU010,0.0,57,11.0,394
2025-06-27,SKU010,0.0,69,11.0,394
2025-06-28,SKU010,0.0,174,11.0,394
2025-06-29,SKU010,0.0,142,11.0,394
2025-06-30,SKU010,0.0,165,11.0,394
2025-07-01,SKU010,0.0,70,11.0,394
2025-07-02,SKU010,0.0,159,11.0,394
2025-07-03,SKU010,0.0,145,11.0,394
2025-07-04,SKU010,0.0,45,11.0,394
2025-07-05,SKU010,0.0,73,11.0,394
2025-07-06,SKU010,0.0,135,11.0,394
2025-07-07,SKU010,0.0,74,11.0,394
2025-07-08,SKU010,0.0,62,11.0,394
2025-07-09,SKU010,0.0,180,11.0,394
2025-07-10,SKU010,0.0,99,11.0,394
2025-07-11,SKU010,4.0,0,11.0,394
2025-07-12,SKU010,0.0,79,11.0,394
2025-07-13,SKU010,0.0,120,11.0,394
2025-07-14,SKU010,0.0,125,11.0,394
2025-07-15,SKU010,0.0,160,11.0,394
2025-07-16,SKU010,0.0,127,11.0,394
2025-07-17,SKU010,0.0,171,11.0,394
2025-07-18,SKU010,0.0,113,11.0,394
2025-07-19,SKU010,0.0,101,11.0,394
2025-07-20,SKU010,0.0,147,11.0,394
2025-07-21,SKU010,0.0,56,11.0,394
2025-07-22,SKU010,69.0,0,11.0,394
2025-07-23,SKU010,9.0,86,11.0,394
2025-07-24,SKU010,0.0,43,11.0,394
2025-07-25,SKU010,0.0,73,11.0,394
2025-07-26,SKU010,0.0,123,11.0,394
2025-07-27,SKU010,0.0,172,11.0,394
2025-07-28,SKU010,0.0,110,11.0,394
2025-07-29,SKU010,0.0,88,11.0,394
2025-07-30,SKU010,0.0,164,11.0,394
2025-07-31,SKU010,0.0,54,11.0,394
2025-08-01,SKU010,0.0,35,11.0,394
2025-08-02,SKU010,0.0,74,11.0,394
2025-08-03,SKU010,0.0,36,11.0,394
2025-08-04,SKU010,0.0,89,11.0,394
2025-08-05,SKU010,0.0,60,11.0,394
2025-08-06,SKU010,0.0,52,11.0,394
2025-08-07,SKU010,0.0,53,11.0,394
2025-08-08,SKU010,0.0,62,11.0,394
2025-08-09,SKU010,0.0,108,11.0,394
2025-08-10,SKU010,0.0,22,11.0,394
2025-08-11,SKU010,74.0,0,11.0,394
2025-08-12,SKU010,26.0,134,11.0,394
2025-08-13,SKU010,0.0,136,11.0,394
2025-08-14,SKU010,0.0,103,11.0,394
2025-08-15,SKU010,0.0,96,11.0,394
2025-08-16,SKU010,0.0,118,11.0,394
2025-08-17,SKU010,0.0,70,11.0,394
2025-08-18,SKU010,0.0,40,11.0,394
2025-08-19,SKU010,0.0,103,,394
2025-08-20,SKU010,0.0,160,11.0,394
2025-08-21,SKU010,0.0,99,11.0,394
2025-08-22,SKU010,0.0,0,11.0,394
2025-08-23,SKU010,0.0,56,11.0,394
2025-08-24,SKU010,0.0,33,11.0,394
2025-08-25,SKU010,0.0,169,11.0,394
2025-08-26,SKU010,0.0,74,11.0,394
2025-08-27,SKU010,0.0,165,11.0,394
2025-08-28,SKU010,0.0,172,11.0,394
2025-08-29,SKU010,0.0,93,11.0,394
2025-08-30,SKU010,0.0,89,11.0,394
2025-08-31,SKU010,0.0,72,11.0,394
2025-09-01,SKU010,0.0,124,11.0,394
2025-09-02,SKU010,0.0,56,11.0,394
2025-09-03,SKU010,0.0,76,11.0,394
2025-09-04,SKU010,0.0,69,11.0,394
2025-09-05,SKU010,0.0,82,11.0,394
2025-09-06,SKU010,0.0,34,11.0,394
2025-09-07,SKU010,0.0,106,11.0,394
2025-09-08,SKU010,0.0,37,11.0,394
2025-09-09,SKU010,0.0,147,11.0,394
2025-09-10,SKU010,0.0,89,11.0,394
2025-09-11,SKU010,111.0,0,11.0,394
2025-09-12,SKU010,51.0,43,11.0,394
2025-09-13,SKU010,10.0,114,11.0,394
2025-09-14,SKU010,0.0,53,11.0,394
2025-09-15,SKU010,0.0,114,11.0,394
2025-09-16,SKU010,0.0,89,11.0,394
2025-09-17,SKU010,0.0,125,11.0,394
2025-09-18,SKU010,0.0,37,11.0,394
2025-09-19,SKU010,0.0,165,11.0,394
2025-09-20,SKU010,0.0,99,11.0,394
2025-09-21,SKU010,0.0,129,11.0,394
2025-09-22,SKU010,15.0,0,11.0,394
2025-09-23,SKU010,0.0,137,11.0,394
2025-09-24,SKU010,0.0,171,11.0,394
2025-09-25,SKU010,0.0,174,11.0,394
2025-09-26,SKU010,0.0,149,11.0,394
2025-09-27,SKU010,0.0,86,11.0,394
2025-09-28,SKU010,0.0,51,11.0,394
2025-09-29,SKU010,0.0,64,11.0,394
2025-09-30,SKU010,0.0,142,11.0,394
2025-10-01,SKU010,0.0,67,11.0,394
2025-10-02,SKU010,0.0,67,11.0,394
2025-10-03,SKU010,0.0,66,11.0,394
2025-10-04,SKU010,0.0,73,11.0,394
2025-10-05,SKU010,0.0,109,11.0,394
2025-10-06,SKU010,0.0,133,11.0,394
2025-10-07,SKU010,0.0,84,11.0,394
2025-10-08,SKU010,0.0,84,11.0,394
2025-10-09,SKU010,0.0,154,11.0,394
2025-10-10,SKU010,0.0,54,11.0,394
2025-10-11,SKU010,55.0,0,11.0,394
2025-10-12,SKU010,12.0,110,11.0,394
2025-10-13,SKU010,0.0,95,11.0,394
2025-10-14,SKU010,0.0,165,11.0,394
2025-10-15,SKU010,0.0,24,11.0,394
2025-10-16,SKU010,0.0,150,11.0,394
2025-10-17,SKU010,0.0,87,11.0,394
2025-10-18,SKU010,0.0,153,11.0,394
2025-10-19,SKU010,0.0,94,11.0,394
2025-10-20,SKU010,0.0,51,11.0,394
2025-10-21,SKU010,0.0,112,11.0,394
2025-10-22,SKU010,123.0,0,11.0,394
2025-10-23,SKU010,58.0,39,11.0,394
2025-10-24,SKU010,0.0,163,11.0,394
2025-10-25,SKU010,0.0,121,11.0,394
2025-10-26,SKU010,0.0,153,11.0,394
2025-10-27,SKU010,0.0,153,11.0,394
2025-10-28,SKU010,0.0,42,11.0,394
2025-10-29,SKU010,0.0,85,11.0,394
2025-10-30,SKU010,0.0,113,11.0,394
2025-10-31,SKU010,0.0,152,11.0,394
2025-11-01,SKU010,0.0,70,11.0,394
2025-11-02,SKU010,0.0,175,11.0,394
2025-11-03,SKU010,0.0,29,11.0,394
2025-11-04,SKU010,0.0,113,11.0,394
2025-11-05,SKU010,0.0,125,11.0,394
2025-11-06,SKU010,0.0,114,11.0,394
2025-11-07,SKU010,0.0,32,11.0,394
2025-11-08,SKU010,0.0,94,11.0,394
2025-11-09,SKU010,0.0,53,11.0,394
2025-11-10,SKU010,0.0,109,11.0,394
2025-11-11,SKU010,40.0,0,11.0,394
2025-11-12,SKU010,0.0,153,11.0,394
2025-11-13,SKU010,0.0,32,11.0,394
2025-11-14,SKU010,0.0,90,11.0,394
2025-11-15,SKU010,0.0,159,11.0,394
2025-11-16,SKU010,0.0,126,11.0,394
2025-11-17,SKU010,0.0,50,11.0,394
2025-11-18,SKU010,0.0,151,11.0,394
2025-11-19,SKU010,0.0,75,11.0,394
2025-11-20,SKU010,0.0,105,11.0,394
2025-11-21,SKU010,0.0,115,11.0,394
2025-11-22,SKU010,0.0,0,11.0,394
2025-11-23,SKU010,0.0,127,11.0,394
2025-11-24,SKU010,0.0,131,11.0,394
2025-11-25,SKU010,0.0,123,11.0,394
2025-11-26,SKU010,0.0,130,11.0,394
2025-11-27,SKU010,0.0,60,11.0,394
2025-11-28,SKU010,0.0,59,11.0,394
2025-11-29,SKU010,0.0,62,11.0,394
2025-11-30,SKU010,0.0,64,11.0,394
2025-12-01,SKU010,0.0,80,11.0,394
2025-12-02,SKU010,0.0,62,11.0,394
2025-12-03,SKU010,0.0,176,11.0,394
2025-12-04,SKU010,0.0,35,11.0,394
2025-12-05,SKU010,0.0,157,11.0,394
2025-12-06,SKU010,0.0,79,11.0,394
2025-12-07,SKU010,0.0,119,11.0,394
2025-12-08,SKU010,0.0,73,11.0,394
2025-12-09,SKU010,0.0,165,11.0,394
2025-12-10,SKU010,0.0,33,11.0,394
2025-12-11,SKU010,12.0,0,11.0,394
2025-12-12,SKU010,0.0,175,11.0,394
2025-12-13,SKU010,0.0,79,11.0,394
2025-12-14,SKU010,0.0,62,11.0,394
2025-12-15,SKU010,0.0,69,11.0,394
2025-12-16,SKU010,0.0,40,11.0,394
2025-12-17,SKU010,0.0,76,11.0,394
2025-12-18,SKU010,0.0,73,11.0,394
2025-12-19,SKU010,0.0,66,11.0,394
2025-12-20,SKU010,0.0,35,11.0,394
2025-12-21,SKU010,0.0,117,11.0,394
2025-12-22,SKU010,72.0,0,11.0,394
2025-12-23,SKU010,12.0,134,11.0,394
2025-12-24,SKU010,0.0,48,11.0,394
2025-12-25,SKU010,0.0,125,11.0,394
2025-12-26,SKU010,0.0,163,11.0,394
2025-12-27,SKU010,0.0,178,11.0,394
2025-12-28,SKU010,0.0,164,11.0,394
2025-12-29,SKU010,0.0,44,11.0,394
2025-12-30,SKU010,0.0,174,11.0,394
2025-12-31,SKU010,0.0,74,11.0,394
2026-01-01,SKU010,0.0,27,11.0,394
2026-01-02,SKU010,0.0,80,11.0,394
2026-01-03,SKU010,0.0,71,11.0,394
2026-01-04,SKU010,0.0,130,11.0,394
2026-01-05,SKU010,0.0,178,11.0,394
2026-01-06,SKU010,0.0,138,11.0,394
2026-01-07,SKU010,0.0,130,11.0,394
2026-01-08,SKU010,0.0,49,11.0,394
2026-01-09,SKU010,0.0,136,11.0,394
2026-01-10,SKU010,0.0,65,11.0,394
2026-01-11,SKU010,19.0,0,11.0,394
2026-01-12,SKU010,0.0,91,11.0,394
2026-01-13,SKU010,0.0,164,11.0,394
2026-01-14,SKU010,0.0,57,11.0,394
2026-01-15,SKU010,0.0,164,11.0,394
2026-01-16,SKU010,0.0,101,11.0,394
2026-01-17,SKU010,0.0,33,11.0,394
2026-01-18,SKU010,0.0,129,11.0,394
2026-01-19,SKU010,0.0,129,11.0,394
2026-01-20,SKU010,0.0,176,11.0,394
2026-01-21,SKU010,0.0,73,11.0,394
2026-01-22,SKU010,0.0,0,11.0,394
2026-01-23,SKU010,0.0,93,11.0,394
2026-01-24,SKU010,0.0,67,11.0,394
2026-01-25,SKU010,0.0,109,11.0,394
2026-01-26,SKU010,0.0,112,11.0,394
2026-01-27,SKU010,0.0,77,11.0,394
2026-01-28,SKU010,0.0,174,11.0,394
2026-01-29,SKU010,0.0,50,11.0,394
2026-01-30,SKU010,0.0,57,11.0,394
2026-01-31,SKU010,0.0,83,11.0,394
2026-02-01,SKU010,0.0,108,11.0,394
2026-02-02,SKU010,0.0,107,11.0,394
2026-02-03,SKU010,0.0,134,11.0,394
2026-02-04,SKU010,0.0,36,11.0,394
2026-02-05,SKU010,0.0,172,11.0,394
2026-02-06,SKU010,0.0,31,11.0,394
2026-02-07,SKU010,0.0,123,11.0,394
2026-02-08,SKU010,0.0,106,11.0,394
2026-02-09,SKU010,0.0,62,11.0,394
2026-02-10,SKU010,0.0,82,11.0,394
2026-02-11,SKU010,50.0,0,11.0,394
2026-02-12,SKU010,0.0,31,11.0,394
2026-02-13,SKU010,0.0,80,11.0,394
2026-02-14,SKU010,0.0,88,11.0,394
2026-02-15,SKU010,0.0,100,11.0,394
2026-02-16,SKU010,0.0,99,11.0,394
2026-02-17,SKU010,0.0,177,11.0,394
2026-02-18,SKU010,0.0,162,11.0,394
2026-02-19,SKU010,0.0,134,11.0,394
2026-02-20,SKU010,0.0,177,,394
2026-02-21,SKU010,0.0,74,11.0,394
2026-02-22,SKU010,12.0,0,11.0,394
2026-02-23,SKU010,0.0,96,11.0,394
2026-02-24,SKU010,0.0,130,11.0,394
2026-02-25,SKU010,0.0,134,11.0,394
2026-02-26,SKU010,0.0,126,11.0,394
2026-02-27,SKU010,0.0,53,11.0,394
2026-02-28,SKU010,0.0,57,11.0,394
2026-03-01,SKU010,0.0,72,11.0,394
2026-03-02,SKU010,0.0,91,11.0,394
2026-03-03,SKU010,0.0,80,11.0,394
2026-03-04,SKU010,0.0,128,11.0,394
2026-03-05,SKU010,0.0,128,11.0,394
2026-03-06,SKU010,0.0,73,11.0,394
2026-03-07,SKU010,0.0,141,11.0,394
2026-03-08,SKU010,0.0,81,11.0,394
2026-03-09,SKU010,0.0,28,11.0,394
2026-03-10,SKU010,0.0,126,11.0,394
2026-03-11,SKU010,85.0,0,11.0,394
2026-03-12,SKU010,17.0,130,11.0,394
2026-03-13,SKU010,0.0,52,11.0,394
2026-03-14,SKU010,0.0,91,11.0,394
2026-03-15,SKU010,0.0,149,11.0,394
2026-03-16,SKU010,0.0,34,11.0,394
2026-03-17,SKU010,0.0,172,11.0,394
2026-03-18,SKU010,0.0,29,11.0,394
2026-03-19,SKU010,0.0,52,11.0,394
2026-03-20,SKU010,0.0,120,11.0,394
2026-03-21,SKU010,0.0,97,11.0,394
2026-03-22,SKU010,40.0,0,11.0,394
2026-03-23,SKU010,0.0,94,11.0,394
2026-03-24,SKU010,0.0,155,11.0,394
2026-03-25,SKU010,0.0,175,11.0,394
2026-03-26,SKU010,0.0,145,11.0,394
2026-03-27,SKU010,0.0,117,11.0,394
2026-03-28,SKU010,0.0,82,11.0,394
2026-03-29,SKU010,0.0,123,11.0,394
2026-03-30,SKU010,0.0,148,11.0,394
2026-03-31,SKU010,0.0,147,11.0,394
2026-04-01,SKU010,0.0,23,11.0,394
2026-04-02,SKU010,0.0,133,11.0,394
2026-04-03,SKU010,0.0,54,11.0,394
2026-04-04,SKU010,0.0,107,11.0,394
2026-04-05,SKU010,0.0,141,11.0,394
2026-04-06,SKU010,0.0,174,11.0,394
2026-04-07,SKU010,0.0,28,11.0,394
2026-04-08,SKU010,0.0,74,11.0,394
2026-04-09,SKU010,0.0,32,11.0,394
2026-04-10,SKU010,0.0,145,11.0,394
2026-04-11,SKU010,0.0,0,11.0,394
2026-04-12,SKU010,0.0,42,11.0,394
2026-04-13,SKU010,0.0,38,11.0,394
2026-04-14,SKU010,0.0,135,11.0,394
2026-04-15,SKU010,0.0,37,11.0,394
2026-04-16,SKU010,0.0,93,11.0,394
2026-04-17,SKU010,0.0,48,11.0,394
2026-04-18,SKU010,0.0,122,11.0,394
2026-04-19,SKU010,0.0,45,11.0,394
2026-04-20,SKU010,0.0,59,11.0,394
2026-04-21,SKU010,0.0,158,11.0,394
2026-04-22,SKU010,0.0,0,11.0,394
2026-04-23,SKU010,0.0,28,11.0,394
2026-04-24,SKU010,0.0,139,11.0,394
2026-04-25,SKU010,0.0,56,11.0,394
2026-04-26,SKU010,0.0,59,11.0,394
2026-04-27,SKU010,0.0,23,11.0,394
2026-04-28,SKU010,0.0,103,11.0,394
2026-04-29,SKU010,0.0,85,11.0,394
2026-04-30,SKU010,0.0,155,11.0,394
2026-05-01,SKU010,0.0,39,11.0,394
2026-05-02,SKU010,0.0,181,11.0,394
2026-05-03,SKU010,0.0,31,11.0,394
2026-05-04,SKU010,0.0,57,11.0,394
2026-05-05,SKU010,0.0,44,11.0,394
2026-05-06,SKU010,0.0,146,11.0,394
2026-05-07,SKU010,0.0,67,11.0,394
2026-05-08,SKU010,0.0,26,11.0,394
2026-05-09,SKU010,0.0,106,11.0,394
2026-05-10,SKU010,0.0,60,11.0,394
2026-05-11,SKU010,62.0,0,11.0,394
2026-05-12,SKU010,0.0,93,11.0,394
2026-05-13,SKU010,0.0,36,11.0,394
2026-05-14,SKU010,0.0,165,11.0,394
2026-05-15,SKU010,0.0,58,11.0,394
2026-05-16,SKU010,0.0,23,11.0,394
2026-05-17,SKU010,0.0,115,11.0,394
2026-05-18,SKU010,0.0,154,11.0,394
2026-05-19,SKU010,0.0,100,11.0,394
2026-05-20,SKU010,0.0,157,11.0,394
2026-05-21,SKU010,0.0,34,11.0,394
2026-05-22,SKU010,17.0,0,11.0,394
2026-05-23,SKU010,0.0,124,11.0,394
2026-05-24,SKU010,0.0,145,11.0,394
2026-05-25,SKU010,0.0,35,11.0,394
2026-05-26,SKU010,0.0,119,11.0,394
2026-05-27,SKU010,0.0,144,11.0,394
2026-05-28,SKU010,0.0,42,11.0,394
2026-05-29,SKU010,0.0,46,11.0,394
2026-05-30,SKU010,0.0,103,11.0,394
2026-05-31,SKU010,0.0,91,11.0,394
2026-06-01,SKU010,0.0,90,11.0,394
2026-06-02,SKU010,0.0,160,11.0,394
2026-06-03,SKU010,0.0,33,11.0,394
2026-06-04,SKU010,0.0,139,11.0,394
2026-06-05,SKU010,0.0,152,11.0,394
2026-06-06,SKU010,0.0,83,11.0,394
2026-06-07,SKU010,0.0,132,11.0,394
2026-06-08,SKU010,0.0,115,11.0,394
2026-06-09,SKU010,0.0,64,11.0,394
2026-06-10,SKU010,0.0,103,11.0,394
2026-06-11,SKU010,0.0,0,11.0,394
2026-06-12,SKU010,0.0,151,11.0,394
2026-06-13,SKU010,0.0,31,11.0,394
2026-06-14,SKU010,0.0,68,11.0,394
2026-06-15,SKU010,0.0,87,11.0,394
2026-06-16,SKU010,0.0,102,11.0,394
2026-06-17,SKU010,0.0,107,11.0,394
2026-06-18,SKU010,0.0,118,11.0,394
2026-06-19,SKU010,0.0,168,11.0,394
2026-06-20,SKU010,0.0,98,11.0,394
2026-06-21,SKU010,0.0,126,11.0,394
2026-06-22,SKU010,0.0,0,11.0,394
2026-06-23,SKU010,0.0,156,11.0,394
2026-06-24,SKU010,0.0,76,11.0,394
2026-06-25,SKU010,0.0,116,11.0,394
2026-06-26,SKU010,0.0,178,11.0,394
2026-06-27,SKU010,0.0,142,11.0,394
2026-06-28,SKU010,0.0,87,11.0,394
2026-06-29,SKU010,0.0,94,11.0,394
2026-06-30,SKU010,0.0,45,11.0,394
2025-01-01,SKU011,460.0,222,14.0,1231
2025-01-02,SKU011,460.0,124,14.0,1231
2025-01-03,SKU011,460.0,258,14.0,1231
2025-01-04,SKU011,460.0,133,14.0,1231
2025-01-05,SKU011,460.0,178,14.0,1231
2025-01-06,SKU011,460.0,88,14.0,1231
2025-01-07,SKU011,460.0,260,14.0,1231
2025-01-08,SKU011,460.0,96,14.0,1231
2025-01-09,SKU011,460.0,221,14.0,1231
2025-01-10,SKU011,460.0,293,14.0,1231
2025-01-11,SKU011,460.0,222,14.0,1231
2025-01-12,SKU011,460.0,226,14.0,1231
2025-01-13,SKU011,460.0,309,14.0,1231
2025-01-14,SKU011,711.0,0,14.0,1231
2025-01-15,SKU011,,102,14.0,1231
2025-01-16,SKU011,527.0,187,14.0,1231
2025-01-17,SKU011,440.0,153,14.0,1231
2025-01-18,SKU011,341.0,64,14.0,1231
2025-01-19,SKU011,224.0,154,14.0,1231
2025-01-20,SKU011,141.0,255,14.0,1231
2025-01-21,SKU011,70.0,301,14.0,1231
2025-01-22,SKU011,0.0,292,14.0,1231
2025-01-23,SKU011,0.0,49,14.0,1231
2025-01-24,SKU011,0.0,163,14.0,1231
2025-01-25,SKU011,0.0,330,14.0,1231
2025-01-26,SKU011,0.0,211,14.0,1231
2025-01-27,SKU011,0.0,340,14.0,1231
2025-01-28,SKU011,40.0,0,14.0,1231
2025-01-29,SKU011,0.0,164,14.0,1231
2025-01-30,SKU011,0.0,181,14.0,1231
2025-01-31,SKU011,0.0,301,14.0,1231
2025-02-01,SKU011,0.0,131,14.0,1231
2025-02-02,SKU011,0.0,175,14.0,1231
2025-02-03,SKU011,0.0,281,14.0,1231
2025-02-04,SKU011,0.0,143,14.0,1231
2025-02-05,SKU011,0.0,166,14.0,1231
2025-02-06,SKU011,0.0,310,14.0,1231
2025-02-07,SKU011,0.0,150,14.0,1231
2025-02-08,SKU011,0.0,209,14.0,1231
2025-02-09,SKU011,0.0,63,14.0,1231
2025-02-10,SKU011,0.0,331,14.0,1231
2025-02-11,SKU011,0.0,243,14.0,1231
2025-02-12,SKU011,0.0,335,14.0,1231
2025-02-13,SKU011,0.0,289,14.0,1231
2025-02-14,SKU011,163.0,0,14.0,1231
2025-02-15,SKU011,53.0,84,14.0,1231
2025-02-16,SKU011,0.0,190,14.0,1231
2025-02-17,SKU011,0.0,47,14.0,1231
2025-02-18,SKU011,0.0,213,14.0,1231
2025-02-19,SKU011,0.0,333,14.0,1231
2025-02-20,SKU011,0.0,160,14.0,1231
2025-02-21,SKU011,0.0,148,14.0,1231
2025-02-22,SKU011,0.0,129,14.0,1231
2025-02-23,SKU011,0.0,217,14.0,1231
2025-02-24,SKU011,0.0,317,14.0,1231
2025-02-25,SKU011,0.0,221,14.0,1231
2025-02-26,SKU011,0.0,271,14.0,1231
2025-02-27,SKU011,0.0,154,14.0,1231
2025-02-28,SKU011,43.0,0,14.0,1231
2025-03-01,SKU011,0.0,115,14.0,1231
2025-03-02,SKU011,0.0,72,14.0,1231
2025-03-03,SKU011,0.0,296,14.0,1231
2025-03-04,SKU011,0.0,263,14.0,1231
2025-03-05,SKU011,0.0,83,14.0,1231
2025-03-06,SKU011,0.0,206,14.0,1231
2025-03-07,SKU011,0.0,232,14.0,1231
2025-03-08,SKU011,0.0,305,14.0,1231
2025-03-09,SKU011,0.0,86,14.0,1231
2025-03-10,SKU011,0.0,77,14.0,1231
2025-03-11,SKU011,0.0,121,14.0,1231
2025-03-12,SKU011,0.0,115,14.0,1231
2025-03-13,SKU011,0.0,87,14.0,1231
2025-03-14,SKU011,222.0,0,14.0,1231
2025-03-15,SKU011,145.0,344,14.0,1231
2025-03-16,SKU011,84.0,241,14.0,1231
2025-03-17,SKU011,14.0,272,14.0,1231
2025-03-18,SKU011,0.0,202,14.0,1231
2025-03-19,SKU011,0.0,232,14.0,1231
2025-03-20,SKU011,0.0,301,14.0,1231
2025-03-21,SKU011,0.0,311,14.0,1231
2025-03-22,SKU011,0.0,142,14.0,1231
2025-03-23,SKU011,0.0,285,14.0,1231
2025-03-24,SKU011,0.0,48,14.0,1231
2025-03-25,SKU011,0.0,80,14.0,1231
2025-03-26,SKU011,0.0,132,14.0,1231
2025-03-27,SKU011,0.0,192,14.0,1231
2025-03-28,SKU011,28.0,0,14.0,1231
2025-03-29,SKU011,0.0,307,14.0,1231
2025-03-30,SKU011,0.0,207,14.0,1231
2025-03-31,SKU011,0.0,168,14.0,1231
2025-04-01,SKU011,0.0,283,14.0,1231
2025-04-02,SKU011,0.0,257,14.0,1231
2025-04-03,SKU011,0.0,271,14.0,1231
2025-04-04,SKU011,0.0,141,14.0,1231
2025-04-05,SKU011,0.0,138,14.0,1231
2025-04-06,SKU011,0.0,134,14.0,1231
2025-04-07,SKU011,0.0,282,14.0,1231
2025-04-08,SKU011,0.0,159,14.0,1231
2025-04-09,SKU011,0.0,80,14.0,1231
2025-04-10,SKU011,0.0,195,14.0,1231
2025-04-11,SKU011,0.0,107,14.0,1231
2025-04-12,SKU011,0.0,218,14.0,1231
2025-04-13,SKU011,0.0,202,14.0,1231
2025-04-14,SKU011,56.0,0,14.0,1231
2025-04-15,SKU011,0.0,323,14.0,1231
2025-04-16,SKU011,0.0,176,14.0,1231
2025-04-17,SKU011,0.0,204,14.0,1231
2025-04-18,SKU011,0.0,259,14.0,1231
2025-04-19,SKU011,0.0,236,14.0,1231
2025-04-20,SKU011,0.0,55,14.0,1231
2025-04-21,SKU011,0.0,192,14.0,1231
2025-04-22,SKU011,0.0,316,14.0,1231
2025-04-23,SKU011,0.0,312,14.0,1231
2025-04-24,SKU011,0.0,82,14.0,1231
2025-04-25,SKU011,0.0,133,14.0,1231
2025-04-26,SKU011,0.0,126,14.0,1231
2025-04-27,SKU011,0.0,320,14.0,1231
2025-04-28,SKU011,251.0,0,14.0,1231
2025-04-29,SKU011,158.0,176,14.0,1231
2025-04-30,SKU011,89.0,254,14.0,1231
2025-05-01,SKU011,0.0,93,14.0,1231
2025-05-02,SKU011,0.0,243,14.0,1231
2025-05-03,SKU011,0.0,57,14.0,1231
2025-05-04,SKU011,0.0,67,14.0,1231
2025-05-05,SKU011,0.0,162,14.0,1231
2025-05-06,SKU011,0.0,303,14.0,1231
2025-05-07,SKU011,0.0,47,14.0,1231
2025-05-08,SKU011,0.0,143,14.0,1231
2025-05-09,SKU011,0.0,235,14.0,1231
2025-05-10,SKU011,0.0,136,14.0,1231
2025-05-11,SKU011,0.0,45,14.0,1231
2025-05-12,SKU011,0.0,204,14.0,1231
2025-05-13,SKU011,0.0,80,14.0,1231
2025-05-14,SKU011,30.0,0,14.0,1231
2025-05-15,SKU011,0.0,315,14.0,1231
2025-05-16,SKU011,0.0,223,14.0,1231
2025-05-17,SKU011,0.0,265,14.0,1231
2025-05-18,SKU011,0.0,91,14.0,1231
2025-05-19,SKU011,0.0,270,14.0,1231
2025-05-20,SKU011,0.0,94,14.0,1231
2025-05-21,SKU011,0.0,308,14.0,1231
2025-05-22,SKU011,0.0,252,14.0,1231
2025-05-23,SKU011,0.0,246,14.0,1231
2025-05-24,SKU011,0.0,110,14.0,1231
2025-05-25,SKU011,0.0,174,14.0,1231
2025-05-26,SKU011,0.0,55,14.0,1231
2025-05-27,SKU011,0.0,148,14.0,1231
2025-05-28,SKU011,0.0,0,14.0,1231
2025-05-29,SKU011,0.0,45,14.0,1231
2025-05-30,SKU011,0.0,98,14.0,1231
2025-05-31,SKU011,0.0,248,14.0,1231
2025-06-01,SKU011,0.0,114,14.0,1231
2025-06-02,SKU011,0.0,316,14.0,1231
2025-06-03,SKU011,0.0,210,14.0,1231
2025-06-04,SKU011,0.0,179,14.0,1231
2025-06-05,SKU011,0.0,171,14.0,1231
2025-06-06,SKU011,0.0,179,14.0,1231
2025-06-07,SKU011,0.0,106,14.0,1231
2025-06-08,SKU011,0.0,170,14.0,1231
2025-06-09,SKU011,0.0,47,14.0,1231
2025-06-10,SKU011,0.0,169,14.0,1231
2025-06-11,SKU011,0.0,159,14.0,1231
2025-06-12,SKU011,0.0,56,14.0,1231
2025-06-13,SKU011,0.0,227,14.0,1231
2025-06-14,SKU011,111.0,0,14.0,1231
2025-06-15,SKU011,0.0,101,14.0,1231
2025-06-16,SKU011,0.0,183,14.0,1231
2025-06-17,SKU011,0.0,320,14.0,1231
2025-06-18,SKU011,0.0,315,14.0,1231
2025-06-19,SKU011,0.0,122,14.0,1231
2025-06-20,SKU011,0.0,110,14.0,1231
2025-06-21,SKU011,0.0,109,14.0,1231
2025-06-22,SKU011,0.0,221,14.0,1231
2025-06-23,SKU011,0.0,297,14.0,1231
2025-06-24,SKU011,0.0,117,14.0,1231
2025-06-25,SKU011,0.0,238,14.0,1231
2025-06-26,SKU011,0.0,258,14.0,1231
2025-06-27,SKU011,0.0,83,14.0,1231
2025-06-28,SKU011,0.0,0,14.0,1231
2025-06-29,SKU011,0.0,70,14.0,1231
2025-06-30,SKU011,0.0,179,14.0,1231
2025-07-01,SKU011,0.0,121,14.0,1231
2025-07-02,SKU011,0.0,151,14.0,1231
2025-07-03,SKU011,0.0,338,14.0,1231
2025-07-04,SKU011,0.0,141,14.0,1231
2025-07-05,SKU011,0.0,142,14.0,1231
2025-07-06,SKU011,0.0,267,14.0,1231
2025-07-07,SKU011,0.0,328,14.0,1231
2025-07-08,SKU011,0.0,238,14.0,1231
2025-07-09,SKU011,0.0,276,14.0,1231
2025-07-10,SKU011,0.0,112,14.0,1231
2025-07-11,SKU011,0.0,100,14.0,1231
2025-07-12,SKU011,0.0,345,14.0,1231
2025-07-13,SKU011,0.0,335,14.0,1231
2025-07-14,SKU011,48.0,0,14.0,1231
2025-07-15,SKU011,0.0,287,14.0,1231
2025-07-16,SKU011,0.0,128,14.0,1231
2025-07-17,SKU011,0.0,59,14.0,1231
2025-07-18,SKU011,0.0,253,14.0,1231
2025-07-19,SKU011,0.0,206,14.0,1231
2025-07-20,SKU011,0.0,59,14.0,1231
2025-07-21,SKU011,0.0,171,14.0,1231
2025-07-22,SKU011,0.0,220,14.0,1231
2025-07-23,SKU011,0.0,162,14.0,1231
2025-07-24,SKU011,0.0,56,14.0,1231
2025-07-25,SKU011,0.0,327,14.0,1231
2025-07-26,SKU011,0.0,324,14.0,1231
2025-07-27,SKU011,0.0,312,14.0,1231
2025-07-28,SKU011,144.0,0,14.0,1231
2025-07-29,SKU011,4.0,317,14.0,1231
2025-07-30,SKU011,0.0,302,14.0,1231
2025-07-31,SKU011,0.0,208,14.0,1231
2025-08-01,SKU011,0.0,198,14.0,1231
2025-08-02,SKU011,0.0,230,14.0,1231
2025-08-03,SKU011,0.0,129,14.0,1231
2025-08-04,SKU011,0.0,79,14.0,1231
2025-08-05,SKU011,0.0,324,14.0,1231
2025-08-06,SKU011,0.0,192,14.0,1231
2025-08-07,SKU011,0.0,69,14.0,1231
2025-08-08,SKU011,0.0,329,14.0,1231
2025-08-09,SKU011,0.0,288,14.0,1231
2025-08-10,SKU011,0.0,239,14.0,1231
2025-08-11,SKU011,0.0,343,14.0,1231
2025-08-12,SKU011,0.0,292,14.0,1231
2025-08-13,SKU011,0.0,67,14.0,1231
2025-08-14,SKU011,139.0,0,14.0,1231
2025-08-15,SKU011,0.0,79,14.0,1231
2025-08-16,SKU011,0.0,278,14.0,1231
2025-08-17,SKU011,0.0,125,14.0,1231
2025-08-18,SKU011,0.0,149,14.0,1231
2025-08-19,SKU011,0.0,295,14.0,1231
2025-08-20,SKU011,0.0,83,14.0,1231
2025-08-21,SKU011,0.0,329,14.0,1231
2025-08-22,SKU011,0.0,81,14.0,1231
2025-08-23,SKU011,0.0,50,14.0,1231
2025-08-24,SKU011,0.0,51,14.0,1231
2025-08-25,SKU011,0.0,288,14.0,1231
2025-08-26,SKU011,0.0,188,14.0,1231
2025-08-27,SKU011,0.0,197,14.0,1231
2025-08-28,SKU011,194.0,0,14.0,1231
2025-08-29,SKU011,72.0,198,14.0,1231
2025-08-30,SKU011,0.0,333,14.0,1231
2025-08-31,SKU011,0.0,44,14.0,1231
2025-09-01,SKU011,0.0,92,14.0,1231
2025-09-02,SKU011,0.0,282,14.0,1231
2025-09-03,SKU011,0.0,320,14.0,1231
2025-09-04,SKU011,0.0,257,14.0,1231
2025-09-05,SKU011,0.0,133,14.0,1231
2025-09-06,SKU011,0.0,298,14.0,1231
2025-09-07,SKU011,0.0,109,14.0,1231
2025-09-08,SKU011,0.0,176,14.0,1231
2025-09-09,SKU011,0.0,281,14.0,1231
2025-09-10,SKU011,0.0,165,14.0,1231
2025-09-11,SKU011,0.0,293,14.0,1231
2025-09-12,SKU011,0.0,226,14.0,1231
2025-09-13,SKU011,0.0,304,14.0,1231
2025-09-14,SKU011,1.0,0,14.0,1231
2025-09-15,SKU011,0.0,235,14.0,1231
2025-09-16,SKU011,0.0,244,14.0,1231
2025-09-17,SKU011,0.0,168,14.0,1231
2025-09-18,SKU011,0.0,174,14.0,1231
2025-09-19,SKU011,0.0,321,14.0,1231
2025-09-20,SKU011,0.0,110,14.0,1231
2025-09-21,SKU011,0.0,72,14.0,1231
2025-09-22,SKU011,0.0,199,14.0,1231
2025-09-23,SKU011,0.0,310,14.0,1231
2025-09-24,SKU011,0.0,339,14.0,1231
2025-09-25,SKU011,0.0,315,14.0,1231
2025-09-26,SKU011,0.0,277,14.0,1231
2025-09-27,SKU011,0.0,76,14.0,1231
2025-09-28,SKU011,147.0,0,14.0,1231
2025-09-29,SKU011,78.0,240,14.0,1231
2025-09-30,SKU011,0.0,193,14.0,1231
2025-10-01,SKU011,0.0,298,14.0,1231
2025-10-02,SKU011,0.0,341,14.0,1231
2025-10-03,SKU011,0.0,338,14.0,1231
2025-10-04,SKU011,0.0,49,14.0,1231
2025-10-05,SKU011,0.0,54,14.0,1231
2025-10-06,SKU011,0.0,59,14.0,1231
2025-10-07,SKU011,0.0,138,14.0,1231
2025-10-08,SKU011,0.0,269,14.0,1231
2025-10-09,SKU011,0.0,217,14.0,1231
2025-10-10,SKU011,0.0,190,14.0,1231
2025-10-11,SKU011,0.0,266,14.0,1231
2025-10-12,SKU011,0.0,121,14.0,1231
2025-10-13,SKU011,0.0,343,14.0,1231
2025-10-14,SKU011,11.0,0,14.0,1231
2025-10-15,SKU011,0.0,156,14.0,1231
2025-10-16,SKU011,0.0,301,14.0,1231
2025-10-17,SKU011,0.0,282,14.0,1231
2025-10-18,SKU011,0.0,89,14.0,1231
2025-10-19,SKU011,0.0,62,14.0,1231
2025-10-20,SKU011,0.0,241,14.0,1231
2025-10-21,SKU011,0.0,254,14.0,1231
2025-10-22,SKU011,0.0,313,14.0,1231
2025-10-23,SKU011,0.0,52,14.0,1231
2025-10-24,SKU011,0.0,306,14.0,1231
2025-10-25,SKU011,0.0,145,14.0,1231
2025-10-26,SKU011,0.0,152,14.0,1231
2025-10-27,SKU011,0.0,238,14.0,1231
2025-10-28,SKU011,199.0,0,14.0,1231
2025-10-29,SKU011,98.0,168,14.0,1231
2025-10-30,SKU011,21.0,45,14.0,1231
2025-10-31,SKU011,0.0,239,14.0,1231
2025-11-01,SKU011,0.0,211,14.0,1231
2025-11-02,SKU011,0.0,337,14.0,1231
2025-11-03,SKU011,0.0,203,14.0,1231
2025-11-04,SKU011,0.0,234,14.0,1231
2025-11-05,SKU011,0.0,308,14.0,1231
2025-11-06,SKU011,0.0,125,14.0,1231
2025-11-07,SKU011,0.0,47,14.0,1231
2025-11-08,SKU011,0.0,270,14.0,1231
2025-11-09,SKU011,0.0,250,14.0,1231
2025-11-10,SKU011,0.0,310,14.0,1231
2025-11-11,SKU011,0.0,113,14.0,1231
2025-11-12,SKU011,0.0,173,14.0,1231
2025-11-13,SKU011,0.0,58,14.0,1231
2025-11-14,SKU011,144.0,0,14.0,1231
2025-11-15,SKU011,43.0,101,14.0,1231
2025-11-16,SKU011,0.0,211,14.0,1231
2025-11-17,SKU011,0.0,196,14.0,1231
2025-11-18,SKU011,0.0,167,14.0,1231
2025-11-19,SKU011,0.0,58,14.0,1231
2025-11-20,SKU011,0.0,227,14.0,1231
2025-11-21,SKU011,0.0,198,14.0,1231
2025-11-22,SKU011,0.0,116,14.0,1231
2025-11-23,SKU011,0.0,243,14.0,1231
2025-11-24,SKU011,0.0,337,14.0,1231
2025-11-25,SKU011,0.0,325,14.0,1231
2025-11-26,SKU011,0.0,312,14.0,1231
2025-11-27,SKU011,0.0,271,14.0,1231
2025-11-28,SKU011,145.0,0,14.0,1231
2025-11-29,SKU011,0.0,259,14.0,1231
2025-11-30,SKU011,0.0,167,14.0,1231
2025-12-01,SKU011,0.0,100,14.0,1231
2025-12-02,SKU011,0.0,272,14.0,1231
2025-12-03,SKU011,0.0,230,14.0,1231
2025-12-04,SKU011,0.0,288,14.0,1231
2025-12-05,SKU011,0.0,332,14.0,1231
2025-12-06,SKU011,0.0,162,14.0,1231
2025-12-07,SKU011,0.0,317,14.0,1231
2025-12-08,SKU011,0.0,64,14.0,1231
2025-12-09,SKU011,0.0,120,14.0,1231
2025-12-10,SKU011,0.0,184,14.0,1231
2025-12-11,SKU011,0.0,328,14.0,1231
2025-12-12,SKU011,0.0,338,14.0,1231
2025-12-13,SKU011,0.0,198,14.0,1231
2025-12-14,SKU011,125.0,0,14.0,1231
2025-12-15,SKU011,0.0,179,14.0,1231
2025-12-16,SKU011,0.0,313,14.0,1231
2025-12-17,SKU011,0.0,302,14.0,1231
2025-12-18,SKU011,0.0,120,14.0,1231
2025-12-19,SKU011,0.0,63,14.0,1231
2025-12-20,SKU011,0.0,65,14.0,1231
2025-12-21,SKU011,0.0,316,14.0,1231
2025-12-22,SKU011,0.0,263,14.0,1231
2025-12-23,SKU011,0.0,95,14.0,1231
2025-12-24,SKU011,0.0,256,14.0,1231
2025-12-25,SKU011,0.0,167,14.0,1231
2025-12-26,SKU011,0.0,220,14.0,1231
2025-12-27,SKU011,0.0,224,14.0,1231
2025-12-28,SKU011,114.0,0,14.0,1231
2025-12-29,SKU011,0.0,129,14.0,1231
2025-12-30,SKU011,0.0,323,14.0,1231
2025-12-31,SKU011,0.0,309,14.0,1231
2026-01-01,SKU011,0.0,47,14.0,1231
2026-01-02,SKU011,0.0,251,14.0,1231
2026-01-03,SKU011,0.0,207,14.0,1231
2026-01-04,SKU011,0.0,197,14.0,1231
2026-01-05,SKU011,0.0,77,14.0,1231
2026-01-06,SKU011,0.0,206,14.0,1231
2026-01-07,SKU011,0.0,266,14.0,1231
2026-01-08,SKU011,0.0,47,14.0,1231
2026-01-09,SKU011,0.0,171,14.0,1231
2026-01-10,SKU011,0.0,231,14.0,1231
2026-01-11,SKU011,0.0,88,14.0,1231
2026-01-12,SKU011,0.0,342,14.0,1231
2026-01-13,SKU011,0.0,251,14.0,1231
2026-01-14,SKU011,147.0,0,14.0,1231
2026-01-15,SKU011,30.0,180,14.0,1231
2026-01-16,SKU011,0.0,68,14.0,1231
2026-01-17,SKU011,0.0,316,14.0,1231
2026-01-18,SKU011,0.0,60,14.0,1231
2026-01-19,SKU011,0.0,279,14.0,1231
2026-01-20,SKU011,0.0,94,14.0,1231
2026-01-21,SKU011,0.0,261,14.0,1231
2026-01-22,SKU011,0.0,191,14.0,1231
2026-01-23,SKU011,0.0,180,14.0,1231
2026-01-24,SKU011,0.0,346,14.0,1231
2026-01-25,SKU011,0.0,345,14.0,1231
2026-01-26,SKU011,0.0,59,14.0,1231
2026-01-27,SKU011,0.0,315,14.0,1231
2026-01-28,SKU011,0.0,0,14.0,1231
2026-01-29,SKU011,0.0,225,14.0,1231
2026-01-30,SKU011,0.0,291,14.0,1231
2026-01-31,SKU011,0.0,140,14.0,1231
2026-02-01,SKU011,0.0,256,14.0,1231
2026-02-02,SKU011,0.0,226,14.0,1231
2026-02-03,SKU011,0.0,182,14.0,1231
2026-02-04,SKU011,0.0,301,14.0,1231
2026-02-05,SKU011,0.0,250,14.0,1231
2026-02-06,SKU011,0.0,284,14.0,1231
2026-02-07,SKU011,0.0,66,14.0,1231
2026-02-08,SKU011,0.0,106,14.0,1231
2026-02-09,SKU011,0.0,225,14.0,1231
2026-02-10,SKU011,0.0,293,14.0,1231
2026-02-11,SKU011,0.0,277,14.0,1231
2026-02-12,SKU011,0.0,185,14.0,1231
2026-02-13,SKU011,0.0,292,14.0,1231
2026-02-14,SKU011,176.0,0,14.0,1231
2026-02-15,SKU011,55.0,222,14.0,1231
2026-02-16,SKU011,0.0,88,14.0,1231
2026-02-17,SKU011,0.0,226,14.0,1231
2026-02-18,SKU011,0.0,138,14.0,1231
2026-02-19,SKU011,0.0,151,14.0,1231
2026-02-20,SKU011,0.0,314,14.0,1231
2026-02-21,SKU011,0.0,341,14.0,1231
2026-02-22,SKU011,0.0,258,14.0,1231
2026-02-23,SKU011,0.0,138,14.0,1231
2026-02-24,SKU011,0.0,128,14.0,1231
2026-02-25,SKU011,0.0,56,14.0,1231
2026-02-26,SKU011,0.0,61,14.0,1231
2026-02-27,SKU011,0.0,65,14.0,1231
2026-02-28,SKU011,127.0,0,14.0,1231
2026-03-01,SKU011,38.0,101,14.0,1231
2026-03-02,SKU011,0.0,68,14.0,1231
2026-03-03,SKU011,0.0,343,14.0,1231
2026-03-04,SKU011,0.0,259,14.0,1231
2026-03-05,SKU011,0.0,225,14.0,1231
2026-03-06,SKU011,0.0,209,14.0,1231
2026-03-07,SKU011,0.0,333,14.0,1231
2026-03-08,SKU011,0.0,229,14.0,1231
2026-03-09,SKU011,0.0,54,14.0,1231
2026-03-10,SKU011,0.0,221,14.0,1231
2026-03-11,SKU011,0.0,173,14.0,1231
2026-03-12,SKU011,0.0,346,14.0,1231
2026-03-13,SKU011,0.0,190,14.0,1231
2026-03-14,SKU011,176.0,0,14.0,1231
2026-03-15,SKU011,60.0,291,14.0,1231
2026-03-16,SKU011,0.0,59,14.0,1231
2026-03-17,SKU011,0.0,335,14.0,1231
2026-03-18,SKU011,0.0,200,14.0,1231
2026-03-19,SKU011,0.0,294,14.0,1231
2026-03-20,SKU011,0.0,237,14.0,1231
2026-03-21,SKU011,0.0,179,14.0,1231
2026-03-22,SKU011,0.0,126,14.0,1231
2026-03-23,SKU011,0.0,100,14.0,1231
2026-03-24,SKU011,0.0,259,14.0,1231
2026-03-25,SKU011,0.0,66,14.0,1231
2026-03-26,SKU011,0.0,117,14.0,1231
2026-03-27,SKU011,0.0,202,14.0,1231
2026-03-28,SKU011,0.0,0,14.0,1231
2026-03-29,SKU011,0.0,209,14.0,1231
2026-03-30,SKU011,0.0,152,14.0,1231
2026-03-31,SKU011,0.0,124,14.0,1231
2026-04-01,SKU011,0.0,260,14.0,1231
2026-04-02,SKU011,0.0,116,14.0,1231
2026-04-03,SKU011,0.0,103,14.0,1231
2026-04-04,SKU011,0.0,94,14.0,1231
2026-04-05,SKU011,0.0,104,14.0,1231
2026-04-06,SKU011,0.0,47,14.0,1231
2026-04-07,SKU011,0.0,260,14.0,1231
2026-04-08,SKU011,0.0,214,14.0,1231
2026-04-09,SKU011,0.0,57,14.0,1231
2026-04-10,SKU011,0.0,189,14.0,1231
2026-04-11,SKU011,0.0,296,14.0,1231
2026-04-12,SKU011,0.0,188,14.0,1231
2026-04-13,SKU011,0.0,346,14.0,1231
2026-04-14,SKU011,0.0,0,14.0,1231
2026-04-15,SKU011,0.0,229,14.0,1231
2026-04-16,SKU011,0.0,202,14.0,1231
2026-04-17,SKU011,0.0,220,14.0,1231
2026-04-18,SKU011,0.0,200,14.0,1231
2026-04-19,SKU011,0.0,213,14.0,1231
2026-04-20,SKU011,0.0,319,14.0,1231
2026-04-21,SKU011,0.0,153,14.0,1231
2026-04-22,SKU011,0.0,243,14.0,1231
2026-04-23,SKU011,0.0,110,14.0,1231
2026-04-24,SKU011,0.0,150,14.0,1231
2026-04-25,SKU011,0.0,206,14.0,1231
2026-04-26,SKU011,0.0,258,14.0,1231
2026-04-27,SKU011,0.0,320,14.0,1231
2026-04-28,SKU011,131.0,0,14.0,1231
2026-04-29,SKU011,39.0,252,14.0,1231
2026-04-30,SKU011,0.0,172,14.0,1231
2026-05-01,SKU011,0.0,115,14.0,1231
2026-05-02,SKU011,0.0,258,14.0,1231
2026-05-03,SKU011,0.0,156,14.0,1231
2026-05-04,SKU011,0.0,308,14.0,1231
2026-05-05,SKU011,0.0,304,14.0,1231
2026-05-06,SKU011,0.0,67,14.0,1231
2026-05-07,SKU011,0.0,54,14.0,1231
2026-05-08,SKU011,0.0,182,14.0,1231
2026-05-09,SKU011,0.0,111,14.0,1231
2026-05-10,SKU011,0.0,115,14.0,1231
2026-05-11,SKU011,0.0,167,14.0,1231
2026-05-12,SKU011,0.0,280,14.0,1231
2026-05-13,SKU011,0.0,93,14.0,1231
2026-05-14,SKU011,186.0,0,14.0,1231
2026-05-15,SKU011,85.0,226,14.0,1231
2026-05-16,SKU011,0.0,275,14.0,1231
2026-05-17,SKU011,0.0,91,14.0,1231
2026-05-18,SKU011,0.0,88,14.0,1231
2026-05-19,SKU011,0.0,139,14.0,1231
2026-05-20,SKU011,0.0,314,14.0,1231
2026-05-21,SKU011,0.0,296,14.0,1231
2026-05-22,SKU011,0.0,123,14.0,1231
2026-05-23,SKU011,0.0,169,14.0,1231
2026-05-24,SKU011,0.0,194,14.0,1231
2026-05-25,SKU011,0.0,141,14.0,1231
2026-05-26,SKU011,0.0,331,14.0,1231
2026-05-27,SKU011,0.0,249,14.0,1231
2026-05-28,SKU011,49.0,0,14.0,1231
2026-05-29,SKU011,0.0,45,14.0,1231
2026-05-30,SKU011,0.0,60,14.0,1231
2026-05-31,SKU011,0.0,209,14.0,1231
2026-06-01,SKU011,0.0,272,14.0,1231
2026-06-02,SKU011,0.0,230,14.0,1231
2026-06-03,SKU011,0.0,289,14.0,1231
2026-06-04,SKU011,0.0,277,14.0,1231
2026-06-05,SKU011,0.0,286,14.0,1231
2026-06-06,SKU011,0.0,227,14.0,1231
2026-06-07,SKU011,0.0,304,14.0,1231
2026-06-08,SKU011,0.0,145,14.0,1231
2026-06-09,SKU011,0.0,89,14.0,1231
2026-06-10,SKU011,0.0,285,14.0,1231
2026-06-11,SKU011,0.0,133,14.0,1231
2026-06-12,SKU011,0.0,113,14.0,1231
2026-06-13,SKU011,0.0,212,14.0,1231
2026-06-14,SKU011,54.0,0,14.0,1231
2026-06-15,SKU011,0.0,66,14.0,1231
2026-06-16,SKU011,0.0,232,14.0,1231
2026-06-17,SKU011,0.0,112,14.0,1231
2026-06-18,SKU011,0.0,83,14.0,1231
2026-06-19,SKU011,0.0,335,14.0,1231
2026-06-20,SKU011,0.0,131,14.0,1231
2026-06-21,SKU011,0.0,168,14.0,1231
2026-06-22,SKU011,0.0,86,14.0,1231
2026-06-23,SKU011,0.0,330,14.0,1231
2026-06-24,SKU011,0.0,48,14.0,1231
2026-06-25,SKU011,0.0,46,14.0,1231
2026-06-26,SKU011,0.0,166,14.0,1231
2026-06-27,SKU011,0.0,79,14.0,1231
2026-06-28,SKU011,0.0,0,14.0,1231
2026-06-29,SKU011,0.0,130,14.0,1231
2026-06-30,SKU011,0.0,185,14.0,1231
2025-01-01,SKU012,253.0,167,6.0,237
2025-01-02,SKU012,209.0,150,6.0,237
2025-01-03,SKU012,166.0,151,6.0,237
2025-01-04,SKU012,130.0,143,6.0,237
2025-01-05,SKU012,84.0,39,6.0,237
2025-01-06,SKU012,84.0,0,6.0,237
2025-01-07,SKU012,12.0,63,6.0,237
2025-01-08,SKU012,0.0,124,6.0,237
2025-01-09,SKU012,0.0,85,6.0,237
2025-01-10,SKU012,0.0,98,6.0,237
2025-01-11,SKU012,0.0,145,6.0,237
2025-01-12,SKU012,0.0,0,6.0,237
2025-01-13,SKU012,0.0,153,6.0,237
2025-01-14,SKU012,0.0,107,6.0,237
2025-01-15,SKU012,0.0,111,6.0,237
2025-01-16,SKU012,0.0,64,6.0,237
2025-01-17,SKU012,0.0,46,6.0,237
2025-01-18,SKU012,54.0,0,6.0,237
2025-01-19,SKU012,7.0,149,6.0,237
2025-01-20,SKU012,0.0,136,6.0,237
2025-01-21,SKU012,0.0,143,6.0,237
2025-01-22,SKU012,0.0,73,6.0,237
2025-01-23,SKU012,0.0,117,6.0,237
2025-01-24,SKU012,48.0,0,6.0,237
2025-01-25,SKU012,0.0,35,6.0,237
2025-01-26,SKU012,0.0,103,6.0,237
2025-01-27,SKU012,0.0,21,6.0,237
2025-01-28,SKU012,0.0,133,6.0,237
2025-01-29,SKU012,0.0,156,6.0,237
2025-01-30,SKU012,112.0,0,6.0,237
2025-01-31,SKU012,64.0,70,6.0,237
2025-02-01,SKU012,19.0,114,6.0,237
2025-02-02,SKU012,0.0,135,6.0,237
2025-02-03,SKU012,0.0,119,6.0,237
2025-02-04,SKU012,0.0,23,6.0,237
2025-02-05,SKU012,0.0,101,6.0,237
2025-02-06,SKU012,51.0,0,6.0,237
2025-02-07,SKU012,1.0,144,6.0,237
2025-02-08,SKU012,0.0,143,6.0,237
2025-02-09,SKU012,0.0,121,6.0,237
2025-02-10,SKU012,0.0,45,6.0,237
2025-02-11,SKU012,0.0,106,6.0,237
2025-02-12,SKU012,122.0,0,6.0,237
2025-02-13,SKU012,50.0,46,6.0,237
2025-02-14,SKU012,0.0,152,6.0,237
2025-02-15,SKU012,0.0,34,6.0,237
2025-02-16,SKU012,0.0,168,6.0,237
2025-02-17,SKU012,0.0,168,6.0,237
2025-02-18,SKU012,123.0,0,6.0,237
2025-02-19,SKU012,60.0,73,6.0,237
2025-02-20,SKU012,0.0,151,6.0,237
2025-02-21,SKU012,0.0,73,6.0,237
2025-02-22,SKU012,0.0,37,6.0,237
2025-02-23,SKU012,0.0,87,6.0,237
2025-02-24,SKU012,97.0,0,6.0,237
2025-02-25,SKU012,38.0,25,6.0,237
2025-02-26,SKU012,0.0,88,6.0,237
2025-02-27,SKU012,0.0,113,6.0,237
2025-02-28,SKU012,0.0,145,6.0,237
2025-03-01,SKU012,0.0,59,6.0,237
2025-03-02,SKU012,0.0,38,6.0,237
2025-03-03,SKU012,0.0,52,6.0,237
2025-03-04,SKU012,0.0,114,6.0,237
2025-03-05,SKU012,0.0,115,6.0,237
2025-03-06,SKU012,40.0,0,6.0,237
2025-03-07,SKU012,0.0,100,6.0,237
2025-03-08,SKU012,0.0,78,6.0,237
2025-03-09,SKU012,0.0,35,6.0,237
2025-03-10,SKU012,0.0,35,6.0,237
2025-03-11,SKU012,0.0,98,6.0,237
2025-03-12,SKU012,110.0,0,6.0,237
2025-03-13,SKU012,68.0,88,6.0,237
2025-03-14,SKU012,21.0,101,6.0,237
2025-03-15,SKU012,0.0,144,6.0,237
2025-03-16,SKU012,0.0,104,6.0,237
2025-03-17,SKU012,0.0,29,6.0,237
2025-03-18,SKU012,33.0,0,6.0,237
2025-03-19,SKU012,0.0,25,6.0,237
2025-03-20,SKU012,0.0,161,6.0,237
2025-03-21,SKU012,0.0,170,6.0,237
2025-03-22,SKU012,0.0,55,6.0,237
2025-03-23,SKU012,0.0,104,6.0,237
2025-03-24,SKU012,0.0,0,6.0,237
2025-03-25,SKU012,0.0,55,6.0,237
2025-03-26,SKU012,0.0,35,6.0,237
2025-03-27,SKU012,0.0,22,,237
2025-03-28,SKU012,0.0,121,6.0,237
2025-03-29,SKU012,0.0,88,6.0,237
2025-03-30,SKU012,100.0,0,6.0,237
2025-03-31,SKU012,71.0,169,6.0,237
2025-04-01,SKU012,27.0,157,6.0,237
2025-04-02,SKU012,0.0,27,6.0,237
2025-04-03,SKU012,0.0,83,6.0,237
2025-04-04,SKU012,0.0,163,6.0,237
2025-04-05,SKU012,0.0,168,6.0,237
2025-04-06,SKU012,87.0,0,6.0,237
2025-04-07,SKU012,55.0,60,6.0,237
2025-04-08,SKU012,20.0,87,6.0,237
2025-04-09,SKU012,0.0,64,6.0,237
2025-04-10,SKU012,0.0,60,6.0,237
2025-04-11,SKU012,0.0,61,6.0,237
2025-04-12,SKU012,80.0,0,6.0,237
2025-04-13,SKU012,38.0,128,6.0,237
2025-04-14,SKU012,2.0,108,6.0,237
2025-04-15,SKU012,0.0,164,6.0,237
2025-04-16,SKU012,0.0,137,6.0,237
2025-04-17,SKU012,0.0,85,,237
2025-04-18,SKU012,90.0,0,6.0,237
2025-04-19,SKU012,53.0,58,6.0,237
2025-04-20,SKU012,16.0,84,6.0,237
2025-04-21,SKU012,0.0,29,6.0,237
2025-04-22,SKU012,0.0,160,6.0,237
2025-04-23,SKU012,0.0,63,6.0,237
2025-04-24,SKU012,1.0,0,6.0,237
2025-04-25,SKU012,0.0,139,6.0,237
2025-04-26,SKU012,0.0,165,6.0,237
2025-04-27,SKU012,0.0,149,6.0,237
2025-04-28,SKU012,0.0,70,6.0,237
2025-04-29,SKU012,0.0,173,6.0,237
2025-04-30,SKU012,4.0,0,6.0,237
2025-05-01,SKU012,0.0,56,6.0,237
2025-05-02,SKU012,0.0,52,6.0,237
2025-05-03,SKU012,0.0,23,6.0,237
2025-05-04,SKU012,0.0,110,6.0,237
2025-05-05,SKU012,0.0,133,6.0,237
2025-05-06,SKU012,75.0,0,6.0,237
2025-05-07,SKU012,28.0,102,6.0,237
2025-05-08,SKU012,0.0,119,6.0,237
2025-05-09,SKU012,0.0,154,6.0,237
2025-05-10,SKU012,0.0,68,6.0,237
2025-05-11,SKU012,0.0,94,6.0,237
2025-05-12,SKU012,111.0,0,6.0,237
2025-05-13,SKU012,66.0,62,6.0,237
2025-05-14,SKU012,0.0,28,6.0,237
2025-05-15,SKU012,0.0,72,6.0,237
2025-05-16,SKU012,0.0,122,6.0,237
2025-05-17,SKU012,0.0,31,6.0,237
2025-05-18,SKU012,0.0,0,6.0,237
2025-05-19,SKU012,0.0,87,6.0,237
2025-05-20,SKU012,0.0,78,6.0,237
2025-05-21,SKU012,0.0,161,6.0,237
2025-05-22,SKU012,0.0,102,6.0,237
2025-05-23,SKU012,0.0,156,6.0,237
2025-05-24,SKU012,26.0,0,6.0,237
2025-05-25,SKU012,0.0,110,6.0,237
2025-05-26,SKU012,0.0,107,6.0,237
2025-05-27,SKU012,0.0,46,6.0,237
2025-05-28,SKU012,0.0,23,6.0,237
2025-05-29,SKU012,0.0,62,6.0,237
2025-05-30,SKU012,0.0,0,6.0,237
2025-05-31,SKU012,0.0,135,6.0,237
2025-06-01,SKU012,0.0,150,6.0,237
2025-06-02,SKU012,0.0,73,6.0,237
2025-06-03,SKU012,0.0,48,6.0,237
2025-06-04,SKU012,0.0,44,6.0,237
2025-06-05,SKU012,0.0,99,6.0,237
2025-06-06,SKU012,32.0,0,6.0,237
2025-06-07,SKU012,0.0,165,6.0,237
2025-06-08,SKU012,0.0,159,6.0,237
2025-06-09,SKU012,0.0,165,6.0,237
2025-06-10,SKU012,0.0,120,6.0,237
2025-06-11,SKU012,0.0,150,6.0,237
2025-06-12,SKU012,97.0,0,6.0,237
2025-06-13,SKU012,27.0,67,6.0,237
2025-06-14,SKU012,0.0,115,6.0,237
2025-06-15,SKU012,0.0,98,6.0,237
2025-06-16,SKU012,0.0,108,6.0,237
2025-06-17,SKU012,0.0,88,6.0,237
2025-06-18,SKU012,0.0,0,6.0,237
2025-06-19,SKU012,0.0,142,6.0,237
2025-06-20,SKU012,0.0,45,6.0,237
2025-06-21,SKU012,0.0,62,6.0,237
2025-06-22,SKU012,0.0,145,6.0,237
2025-06-23,SKU012,0.0,158,6.0,237
2025-06-24,SKU012,94.0,0,6.0,237
2025-06-25,SKU012,41.0,166,6.0,237
2025-06-26,SKU012,0.0,43,6.0,237
2025-06-27,SKU012,0.0,103,6.0,237
2025-06-28,SKU012,0.0,48,6.0,237
2025-06-29,SKU012,0.0,95,6.0,237
2025-06-30,SKU012,80.0,0,6.0,237
2025-07-01,SKU012,42.0,169,6.0,237
2025-07-02,SKU012,0.0,169,6.0,237
2025-07-03,SKU012,0.0,109,6.0,237
2025-07-04,SKU012,0.0,81,6.0,237
2025-07-05,SKU012,0.0,76,6.0,237
2025-07-06,SKU012,35.0,0,6.0,237
2025-07-07,SKU012,0.0,39,6.0,237
2025-07-08,SKU012,0.0,79,6.0,237
2025-07-09,SKU012,0.0,42,6.0,237
2025-07-10,SKU012,0.0,31,6.0,237
2025-07-11,SKU012,0.0,167,6.0,237
2025-07-12,SKU012,30.0,0,6.0,237
2025-07-13,SKU012,0.0,93,6.0,237
2025-07-14,SKU012,0.0,127,6.0,237
2025-07-15,SKU012,0.0,99,6.0,237
2025-07-16,SKU012,0.0,158,6.0,237
2025-07-17,SKU012,0.0,159,6.0,237
2025-07-18,SKU012,18.0,0,6.0,237
2025-07-19,SKU012,0.0,86,6.0,237
2025-07-20,SKU012,0.0,52,6.0,237
2025-07-21,SKU012,0.0,163,6.0,237
2025-07-22,SKU012,0.0,30,6.0,237
2025-07-23,SKU012,0.0,144,6.0,237
2025-07-24,SKU012,105.0,0,6.0,237
2025-07-25,SKU012,30.0,155,6.0,237
2025-07-26,SKU012,0.0,120,6.0,237
2025-07-27,SKU012,0.0,100,6.0,237
2025-07-28,SKU012,0.0,113,6.0,237
2025-07-29,SKU012,0.0,50,6.0,237
2025-07-30,SKU012,0.0,0,6.0,237
2025-07-31,SKU012,0.0,142,6.0,237
2025-08-01,SKU012,0.0,104,6.0,237
2025-08-02,SKU012,0.0,163,6.0,237
2025-08-03,SKU012,0.0,62,6.0,237
2025-08-04,SKU012,0.0,64,6.0,237
2025-08-05,SKU012,0.0,99,6.0,237
2025-08-06,SKU012,0.0,0,6.0,237
2025-08-07,SKU012,0.0,134,6.0,237
2025-08-08,SKU012,0.0,47,6.0,237
2025-08-09,SKU012,0.0,107,6.0,237
2025-08-10,SKU012,0.0,36,6.0,237
2025-08-11,SKU012,0.0,83,6.0,237
2025-08-12,SKU012,46.0,0,6.0,237
2025-08-13,SKU012,0.0,102,6.0,237
2025-08-14,SKU012,0.0,169,6.0,237
2025-08-15,SKU012,0.0,123,6.0,237
2025-08-16,SKU012,0.0,102,6.0,237
2025-08-17,SKU012,0.0,121,6.0,237
2025-08-18,SKU012,72.0,0,6.0,237
2025-08-19,SKU012,29.0,166,6.0,237
2025-08-20,SKU012,0.0,44,6.0,237
2025-08-21,SKU012,0.0,130,6.0,237
2025-08-22,SKU012,0.0,23,6.0,237
2025-08-23,SKU012,0.0,22,6.0,237
2025-08-24,SKU012,73.0,0,6.0,237
2025-08-25,SKU012,34.0,105,6.0,237
2025-08-26,SKU012,0.0,143,6.0,237
2025-08-27,SKU012,0.0,79,6.0,237
2025-08-28,SKU012,0.0,44,6.0,237
2025-08-29,SKU012,0.0,119,6.0,237
2025-08-30,SKU012,37.0,0,6.0,237
2025-08-31,SKU012,0.0,67,6.0,237
2025-09-01,SKU012,0.0,92,6.0,237
2025-09-02,SKU012,0.0,105,6.0,237
2025-09-03,SKU012,0.0,53,6.0,237
2025-09-04,SKU012,0.0,133,6.0,237
2025-09-05,SKU012,0.0,114,6.0,237
2025-09-06,SKU012,0.0,0,6.0,237
2025-09-07,SKU012,0.0,97,6.0,237
2025-09-08,SKU012,0.0,62,6.0,237
2025-09-09,SKU012,0.0,156,6.0,237
2025-09-10,SKU012,0.0,90,6.0,237
2025-09-11,SKU012,0.0,43,6.0,237
2025-09-12,SKU012,44.0,0,6.0,237
2025-09-13,SKU012,0.0,61,6.0,237
2025-09-14,SKU012,0.0,167,6.0,237
2025-09-15,SKU012,0.0,27,6.0,237
2025-09-16,SKU012,0.0,41,6.0,237
2025-09-17,SKU012,0.0,172,6.0,237
2025-09-18,SKU012,124.0,0,6.0,237
2025-09-19,SKU012,64.0,30,6.0,237
2025-09-20,SKU012,21.0,79,6.0,237
2025-09-21,SKU012,0.0,164,6.0,237
2025-09-22,SKU012,0.0,62,6.0,237
2025-09-23,SKU012,0.0,152,6.0,237
2025-09-24,SKU012,65.0,0,6.0,237
2025-09-25,SKU012,17.0,144,6.0,237
2025-09-26,SKU012,0.0,122,6.0,237
2025-09-27,SKU012,0.0,143,6.0,237
2025-09-28,SKU012,0.0,74,6.0,237
2025-09-29,SKU012,0.0,171,6.0,237
2025-09-30,SKU012,31.0,0,6.0,237
2025-10-01,SKU012,0.0,27,6.0,237
2025-10-02,SKU012,0.0,138,6.0,237
2025-10-03,SKU012,0.0,54,6.0,237
2025-10-04,SKU012,0.0,35,6.0,237
2025-10-05,SKU012,0.0,125,6.0,237
2025-10-06,SKU012,89.0,0,6.0,237
2025-10-07,SKU012,39.0,117,6.0,237
2025-10-08,SKU012,0.0,59,6.0,237
2025-10-09,SKU012,0.0,53,6.0,237
2025-10-10,SKU012,0.0,69,6.0,237
2025-10-11,SKU012,0.0,126,6.0,237
2025-10-12,SKU012,0.0,0,6.0,237
2025-10-13,SKU012,0.0,152,6.0,237
2025-10-14,SKU012,0.0,168,6.0,237
2025-10-15,SKU012,0.0,156,6.0,237
2025-10-16,SKU012,0.0,86,6.0,237
2025-10-17,SKU012,0.0,101,6.0,237
2025-10-18,SKU012,39.0,0,6.0,237
2025-10-19,SKU012,0.0,112,6.0,237
2025-10-20,SKU012,0.0,151,6.0,237
2025-10-21,SKU012,0.0,153,6.0,237
2025-10-22,SKU012,0.0,68,6.0,237
2025-10-23,SKU012,0.0,38,6.0,237
2025-10-24,SKU012,45.0,0,6.0,237
2025-10-25,SKU012,7.0,27,6.0,237
2025-10-26,SKU012,0.0,124,6.0,237
2025-10-27,SKU012,0.0,130,6.0,237
2025-10-28,SKU012,0.0,123,6.0,237
2025-10-29,SKU012,0.0,61,6.0,237
2025-10-30,SKU012,84.0,0,6.0,237
2025-10-31,SKU012,32.0,66,6.0,237
2025-11-01,SKU012,0.0,86,6.0,237
2025-11-02,SKU012,0.0,127,6.0,237
2025-11-03,SKU012,0.0,68,6.0,237
2025-11-04,SKU012,0.0,156,6.0,237
2025-11-05,SKU012,0.0,71,6.0,237
2025-11-06,SKU012,92.0,0,6.0,237
2025-11-07,SKU012,37.0,164,6.0,237
2025-11-08,SKU012,0.0,78,6.0,237
2025-11-09,SKU012,0.0,29,6.0,237
2025-11-10,SKU012,0.0,60,6.0,237
2025-11-11,SKU012,0.0,138,6.0,237
2025-11-12,SKU012,0.0,0,6.0,237
2025-11-13,SKU012,0.0,154,6.0,237
2025-11-14,SKU012,0.0,112,6.0,237
2025-11-15,SKU012,0.0,142,6.0,237
2025-11-16,SKU012,0.0,137,6.0,237
2025-11-17,SKU012,0.0,136,6.0,237
2025-11-18,SKU012,0.0,0,6.0,237
2025-11-19,SKU012,0.0,134,6.0,237
2025-11-20,SKU012,0.0,124,6.0,237
2025-11-21,SKU012,0.0,113,6.0,237
2025-11-22,SKU012,0.0,151,6.0,237
2025-11-23,SKU012,0.0,102,6.0,237
2025-11-24,SKU012,45.0,0,6.0,237
2025-11-25,SKU012,0.0,100,6.0,237
2025-11-26,SKU012,0.0,134,6.0,237
2025-11-27,SKU012,0.0,163,6.0,237
2025-11-28,SKU012,0.0,112,6.0,237
2025-11-29,SKU012,0.0,75,6.0,237
2025-11-30,SKU012,23.0,0,6.0,237
2025-12-01,SKU012,0.0,165,6.0,237
2025-12-02,SKU012,0.0,49,6.0,237
2025-12-03,SKU012,0.0,159,6.0,237
2025-12-04,SKU012,0.0,148,6.0,237
2025-12-05,SKU012,0.0,77,6.0,237
2025-12-06,SKU012,78.0,0,6.0,237
2025-12-07,SKU012,18.0,135,6.0,237
2025-12-08,SKU012,0.0,165,6.0,237
2025-12-09,SKU012,0.0,99,6.0,237
2025-12-10,SKU012,0.0,130,6.0,237
2025-12-11,SKU012,0.0,75,6.0,237
2025-12-12,SKU012,32.0,0,6.0,237
2025-12-13,SKU012,0.0,49,6.0,237
2025-12-14,SKU012,0.0,109,6.0,237
2025-12-15,SKU012,0.0,22,6.0,237
2025-12-16,SKU012,0.0,161,6.0,237
2025-12-17,SKU012,0.0,72,6.0,237
2025-12-18,SKU012,36.0,0,6.0,237
2025-12-19,SKU012,0.0,169,6.0,237
2025-12-20,SKU012,0.0,85,6.0,237
2025-12-21,SKU012,0.0,32,6.0,237
2025-12-22,SKU012,0.0,78,6.0,237
2025-12-23,SKU012,0.0,170,6.0,237
2025-12-24,SKU012,111.0,0,6.0,237
2025-12-25,SKU012,16.0,125,6.0,237
2025-12-26,SKU012,0.0,125,6.0,237
2025-12-27,SKU012,0.0,95,6.0,237
2025-12-28,SKU012,0.0,98,6.0,237
2025-12-29,SKU012,0.0,105,6.0,237
2025-12-30,SKU012,3.0,0,6.0,237
2025-12-31,SKU012,0.0,145,6.0,237
2026-01-01,SKU012,0.0,159,6.0,237
2026-01-02,SKU012,0.0,152,6.0,237
2026-01-03,SKU012,0.0,64,6.0,237
2026-01-04,SKU012,0.0,52,6.0,237
2026-01-05,SKU012,0.0,170,6.0,237
2026-01-06,SKU012,0.0,0,6.0,237
2026-01-07,SKU012,0.0,78,6.0,237
2026-01-08,SKU012,0.0,29,6.0,237
2026-01-09,SKU012,0.0,53,6.0,237
2026-01-10,SKU012,0.0,86,6.0,237
2026-01-11,SKU012,,31,6.0,237
2026-01-12,SKU012,69.0,0,6.0,237
2026-01-13,SKU012,17.0,87,6.0,237
2026-01-14,SKU012,0.0,87,6.0,237
2026-01-15,SKU012,0.0,137,6.0,237
2026-01-16,SKU012,0.0,81,6.0,237
2026-01-17,SKU012,0.0,32,6.0,237
2026-01-18,SKU012,66.0,0,6.0,237
2026-01-19,SKU012,11.0,127,6.0,237
2026-01-20,SKU012,0.0,99,6.0,237
2026-01-21,SKU012,0.0,22,6.0,237
2026-01-22,SKU012,0.0,165,6.0,237
2026-01-23,SKU012,0.0,67,6.0,237
2026-01-24,SKU012,21.0,0,6.0,237
2026-01-25,SKU012,0.0,49,6.0,237
2026-01-26,SKU012,0.0,118,6.0,237
2026-01-27,SKU012,0.0,112,6.0,237
2026-01-28,SKU012,0.0,156,6.0,237
2026-01-29,SKU012,0.0,116,6.0,237
2026-01-30,SKU012,5.0,0,6.0,237
2026-01-31,SKU012,0.0,141,6.0,237
2026-02-01,SKU012,0.0,65,6.0,237
2026-02-02,SKU012,0.0,157,6.0,237
2026-02-03,SKU012,0.0,37,6.0,237
2026-02-04,SKU012,0.0,86,6.0,237
2026-02-05,SKU012,0.0,170,6.0,237
2026-02-06,SKU012,61.0,0,6.0,237
2026-02-07,SKU012,0.0,74,6.0,237
2026-02-08,SKU012,0.0,135,6.0,237
2026-02-09,SKU012,0.0,24,6.0,237
2026-02-10,SKU012,0.0,24,6.0,237
2026-02-11,SKU012,0.0,83,6.0,237
2026-02-12,SKU012,111.0,0,6.0,237
2026-02-13,SKU012,52.0,107,6.0,237
2026-02-14,SKU012,0.0,37,6.0,237
2026-02-15,SKU012,0.0,109,6.0,237
2026-02-16,SKU012,0.0,158,6.0,237
2026-02-17,SKU012,0.0,109,6.0,237
2026-02-18,SKU012,13.0,0,6.0,237
2026-02-19,SKU012,0.0,169,6.0,237
2026-02-20,SKU012,0.0,164,6.0,237
2026-02-21,SKU012,0.0,93,6.0,237
2026-02-22,SKU012,0.0,149,6.0,237
2026-02-23,SKU012,0.0,68,6.0,237
2026-02-24,SKU012,4.0,0,6.0,237
2026-02-25,SKU012,0.0,90,6.0,237
2026-02-26,SKU012,0.0,156,6.0,237
2026-02-27,SKU012,0.0,138,6.0,237
2026-02-28,SKU012,0.0,173,6.0,237
2026-03-01,SKU012,0.0,141,6.0,237
2026-03-02,SKU012,0.0,141,6.0,237
2026-03-03,SKU012,0.0,150,6.0,237
2026-03-04,SKU012,0.0,28,6.0,237
2026-03-05,SKU012,0.0,130,6.0,237
2026-03-06,SKU012,0.0,0,6.0,237
2026-03-07,SKU012,0.0,97,6.0,237
2026-03-08,SKU012,0.0,94,6.0,237
2026-03-09,SKU012,0.0,136,6.0,237
2026-03-10,SKU012,0.0,164,6.0,237
2026-03-11,SKU012,0.0,47,6.0,237
2026-03-12,SKU012,110.0,0,6.0,237
2026-03-13,SKU012,59.0,129,6.0,237
2026-03-14,SKU012,17.0,114,6.0,237
2026-03-15,SKU012,0.0,134,6.0,237
2026-03-16,SKU012,0.0,55,6.0,237
2026-03-17,SKU012,0.0,31,6.0,237
2026-03-18,SKU012,0.0,0,6.0,237
2026-03-19,SKU012,,75,6.0,237
2026-03-20,SKU012,0.0,86,6.0,237
2026-03-21,SKU012,0.0,40,6.0,237
2026-03-22,SKU012,0.0,136,6.0,237
2026-03-23,SKU012,0.0,105,6.0,237
2026-03-24,SKU012,56.0,0,6.0,237
2026-03-25,SKU012,7.0,34,6.0,237
2026-03-26,SKU012,0.0,97,6.0,237
2026-03-27,SKU012,0.0,154,6.0,237
2026-03-28,SKU012,0.0,152,6.0,237
2026-03-29,SKU012,0.0,128,6.0,237
2026-03-30,SKU012,71.0,0,6.0,237
2026-03-31,SKU012,27.0,162,6.0,237
2026-04-01,SKU012,0.0,37,6.0,237
2026-04-02,SKU012,0.0,27,6.0,237
2026-04-03,SKU012,0.0,132,6.0,237
2026-04-04,SKU012,0.0,75,6.0,237
2026-04-05,SKU012,0.0,41,6.0,237
2026-04-06,SKU012,110.0,0,6.0,237
2026-04-07,SKU012,64.0,24,6.0,237
2026-04-08,SKU012,12.0,141,6.0,237
2026-04-09,SKU012,0.0,82,6.0,237
2026-04-10,SKU012,0.0,79,6.0,237
2026-04-11,SKU012,0.0,84,6.0,237
2026-04-12,SKU012,39.0,0,6.0,237
2026-04-13,SKU012,0.0,38,6.0,237
2026-04-14,SKU012,0.0,129,6.0,237
2026-04-15,SKU012,0.0,100,6.0,237
2026-04-16,SKU012,0.0,82,6.0,237
2026-04-17,SKU012,0.0,102,6.0,237
2026-04-18,SKU012,27.0,0,6.0,237
2026-04-19,SKU012,0.0,59,6.0,237
2026-04-20,SKU012,0.0,45,6.0,237
2026-04-21,SKU012,0.0,143,6.0,237
2026-04-22,SKU012,0.0,130,6.0,237
2026-04-23,SKU012,0.0,50,6.0,237
2026-04-24,SKU012,0.0,0,6.0,237
2026-04-25,SKU012,0.0,105,6.0,237
2026-04-26,SKU012,0.0,120,6.0,237
2026-04-27,SKU012,0.0,110,6.0,237
2026-04-28,SKU012,0.0,63,6.0,237
2026-04-29,SKU012,0.0,132,6.0,237
2026-04-30,SKU012,0.0,0,6.0,237
2026-05-01,SKU012,0.0,99,6.0,237
2026-05-02,SKU012,0.0,50,6.0,237
2026-05-03,SKU012,0.0,74,6.0,237
2026-05-04,SKU012,0.0,97,6.0,237
2026-05-05,SKU012,0.0,108,6.0,237
2026-05-06,SKU012,0.0,0,6.0,237
2026-05-07,SKU012,0.0,75,6.0,237
2026-05-08,SKU012,0.0,103,6.0,237
2026-05-09,SKU012,0.0,142,6.0,237
2026-05-10,SKU012,0.0,61,6.0,237
2026-05-11,SKU012,0.0,141,6.0,237
2026-05-12,SKU012,125.0,0,6.0,237
2026-05-13,SKU012,75.0,120,6.0,237
2026-05-14,SKU012,35.0,133,6.0,237
2026-05-15,SKU012,0.0,143,6.0,237
2026-05-16,SKU012,0.0,153,6.0,237
2026-05-17,SKU012,0.0,36,6.0,237
2026-05-18,SKU012,18.0,0,6.0,237
2026-05-19,SKU012,0.0,98,6.0,237
2026-05-20,SKU012,0.0,72,6.0,237
2026-05-21,SKU012,0.0,55,6.0,237
2026-05-22,SKU012,0.0,160,6.0,237
2026-05-23,SKU012,0.0,138,6.0,237
2026-05-24,SKU012,2.0,0,6.0,237
2026-05-25,SKU012,0.0,58,6.0,237
2026-05-26,SKU012,0.0,117,6.0,237
2026-05-27,SKU012,0.0,92,6.0,237
2026-05-28,SKU012,0.0,68,6.0,237
2026-05-29,SKU012,0.0,148,6.0,237
2026-05-30,SKU012,104.0,0,6.0,237
2026-05-31,SKU012,75.0,76,6.0,237
2026-06-01,SKU012,11.0,119,6.0,237
2026-06-02,SKU012,0.0,72,6.0,237
2026-06-03,SKU012,0.0,166,6.0,237
2026-06-04,SKU012,0.0,83,6.0,237
2026-06-05,SKU012,0.0,53,6.0,237
2026-06-06,SKU012,27.0,0,6.0,237
2026-06-07,SKU012,0.0,70,6.0,237
2026-06-08,SKU012,0.0,99,6.0,237
2026-06-09,SKU012,0.0,35,6.0,237
2026-06-10,SKU012,0.0,115,6.0,237
2026-06-11,SKU012,0.0,139,6.0,237
2026-06-12,SKU012,0.0,0,6.0,237
2026-06-13,SKU012,0.0,59,6.0,237
2026-06-14,SKU012,0.0,72,6.0,237
2026-06-15,SKU012,0.0,99,6.0,237
2026-06-16,SKU012,0.0,37,6.0,237
2026-06-17,SKU012,0.0,105,6.0,237
2026-06-18,SKU012,41.0,0,6.0,237
2026-06-19,SKU012,0.0,170,6.0,237
2026-06-20,SKU012,0.0,168,6.0,237
2026-06-21,SKU012,0.0,70,6.0,237
2026-06-22,SKU012,0.0,123,6.0,237
2026-06-23,SKU012,0.0,133,6.0,237
2026-06-24,SKU012,81.0,0,6.0,237
2026-06-25,SKU012,34.0,34,6.0,237
2026-06-26,SKU012,0.0,41,6.0,237
2026-06-27,SKU012,0.0,67,6.0,237
2026-06-28,SKU012,0.0,62,6.0,237
2026-06-29,SKU012,0.0,140,6.0,237
2026-06-30,SKU012,96.0,0,6.0,237
2025-01-01,SKU013,72.0,34,13.0,181
2025-01-02,SKU013,72.0,9,,181
2025-01-03,SKU013,72.0,28,13.0,181
2025-01-04,SKU013,72.0,12,13.0,181
2025-01-05,SKU013,72.0,14,13.0,181
2025-01-06,SKU013,72.0,43,13.0,181
2025-01-07,SKU013,72.0,35,13.0,181
2025-01-08,SKU013,72.0,30,13.0,181
2025-01-09,SKU013,72.0,47,13.0,181
2025-01-10,SKU013,72.0,37,13.0,181
2025-01-11,SKU013,72.0,21,13.0,181
2025-01-12,SKU013,72.0,42,13.0,181
2025-01-13,SKU013,94.0,0,13.0,181
2025-01-14,SKU013,94.0,13,13.0,181
2025-01-15,SKU013,94.0,57,13.0,181
2025-01-16,SKU013,94.0,51,13.0,181
2025-01-17,SKU013,94.0,36,13.0,181
2025-01-18,SKU013,94.0,12,13.0,181
2025-01-19,SKU013,94.0,29,13.0,181
2025-01-20,SKU013,94.0,37,13.0,181
2025-01-21,SKU013,94.0,24,13.0,181
2025-01-22,SKU013,94.0,17,13.0,181
2025-01-23,SKU013,94.0,33,13.0,181
2025-01-24,SKU013,94.0,53,13.0,181
2025-01-25,SKU013,94.0,24,13.0,181
2025-01-26,SKU013,147.0,0,13.0,181
2025-01-27,SKU013,147.0,27,13.0,181
2025-01-28,SKU013,147.0,22,13.0,181
2025-01-29,SKU013,147.0,52,13.0,181
2025-01-30,SKU013,147.0,12,13.0,181
2025-01-31,SKU013,147.0,47,13.0,181
2025-02-01,SKU013,147.0,32,13.0,181
2025-02-02,SKU013,147.0,11,13.0,181
2025-02-03,SKU013,147.0,42,13.0,181
2025-02-04,SKU013,147.0,26,13.0,181
2025-02-05,SKU013,147.0,46,13.0,181
2025-02-06,SKU013,147.0,34,13.0,181
2025-02-07,SKU013,147.0,49,13.0,181
2025-02-08,SKU013,147.0,8,13.0,181
2025-02-09,SKU013,147.0,32,13.0,181
2025-02-10,SKU013,147.0,33,13.0,181
2025-02-11,SKU013,147.0,52,13.0,181
2025-02-12,SKU013,147.0,52,13.0,181
2025-02-13,SKU013,179.0,0,13.0,181
2025-02-14,SKU013,179.0,21,13.0,181
2025-02-15,SKU013,179.0,30,13.0,181
2025-02-16,SKU013,179.0,45,13.0,181
2025-02-17,SKU013,179.0,11,13.0,181
2025-02-18,SKU013,179.0,58,13.0,181
2025-02-19,SKU013,179.0,40,13.0,181
2025-02-20,SKU013,179.0,29,13.0,181
2025-02-21,SKU013,179.0,38,13.0,181
2025-02-22,SKU013,179.0,54,13.0,181
2025-02-23,SKU013,179.0,28,13.0,181
2025-02-24,SKU013,179.0,19,13.0,181
2025-02-25,SKU013,179.0,42,13.0,181
2025-02-26,SKU013,189.0,0,13.0,181
2025-02-27,SKU013,189.0,27,13.0,181
2025-02-28,SKU013,189.0,18,13.0,181
2025-03-01,SKU013,189.0,46,13.0,181
2025-03-02,SKU013,189.0,52,13.0,181
2025-03-03,SKU013,189.0,49,13.0,181
2025-03-04,SKU013,189.0,12,13.0,181
2025-03-05,SKU013,189.0,14,13.0,181
2025-03-06,SKU013,189.0,56,13.0,181
2025-03-07,SKU013,189.0,39,13.0,181
2025-03-08,SKU013,189.0,21,13.0,181
2025-03-09,SKU013,189.0,38,13.0,181
2025-03-10,SKU013,189.0,45,13.0,181
2025-03-11,SKU013,189.0,42,13.0,181
2025-03-12,SKU013,189.0,26,13.0,181
2025-03-13,SKU013,228.0,0,13.0,181
2025-03-14,SKU013,228.0,12,13.0,181
2025-03-15,SKU013,228.0,55,13.0,181
2025-03-16,SKU013,228.0,49,13.0,181
2025-03-17,SKU013,228.0,53,13.0,181
2025-03-18,SKU013,228.0,21,13.0,181
2025-03-19,SKU013,228.0,19,13.0,181
2025-03-20,SKU013,228.0,36,13.0,181
2025-03-21,SKU013,228.0,27,13.0,181
2025-03-22,SKU013,228.0,17,13.0,181
2025-03-23,SKU013,228.0,49,13.0,181
2025-03-24,SKU013,228.0,11,13.0,181
2025-03-25,SKU013,228.0,8,13.0,181
2025-03-26,SKU013,278.0,0,13.0,181
2025-03-27,SKU013,278.0,18,13.0,181
2025-03-28,SKU013,278.0,53,13.0,181
2025-03-29,SKU013,278.0,36,13.0,181
2025-03-30,SKU013,278.0,38,13.0,181
2025-03-31,SKU013,278.0,8,13.0,181
2025-04-01,SKU013,278.0,30,13.0,181
2025-04-02,SKU013,278.0,55,13.0,181
2025-04-03,SKU013,278.0,46,13.0,181
2025-04-04,SKU013,278.0,20,13.0,181
2025-04-05,SKU013,278.0,9,13.0,181
2025-04-06,SKU013,262.0,14,13.0,181
2025-04-07,SKU013,252.0,48,13.0,181
2025-04-08,SKU013,242.0,33,13.0,181
2025-04-09,SKU013,231.0,32,13.0,181
2025-04-10,SKU013,213.0,52,13.0,181
2025-04-11,SKU013,197.0,31,13.0,181
2025-04-12,SKU013,178.0,30,13.0,181
2025-04-13,SKU013,177.0,0,13.0,181
2025-04-14,SKU013,169.0,48,13.0,181
2025-04-15,SKU013,154.0,30,13.0,181
2025-04-16,SKU013,136.0,56,13.0,181
2025-04-17,SKU013,121.0,19,13.0,181
2025-04-18,SKU013,103.0,17,13.0,181
2025-04-19,SKU013,80.0,7,13.0,181
2025-04-20,SKU013,63.0,43,13.0,181
2025-04-21,SKU013,44.0,35,13.0,181
2025-04-22,SKU013,33.0,22,13.0,181
2025-04-23,SKU013,13.0,24,13.0,181
2025-04-24,SKU013,0.0,23,13.0,181
2025-04-25,SKU013,0.0,27,13.0,181
2025-04-26,SKU013,6.0,0,13.0,181
2025-04-27,SKU013,0.0,30,13.0,181
2025-04-28,SKU013,0.0,51,13.0,181
2025-04-29,SKU013,0.0,35,13.0,181
2025-04-30,SKU013,0.0,48,13.0,181
2025-05-01,SKU013,0.0,37,13.0,181
2025-05-02,SKU013,0.0,21,13.0,181
2025-05-03,SKU013,0.0,58,13.0,181
2025-05-04,SKU013,0.0,17,13.0,181
2025-05-05,SKU013,0.0,57,13.0,181
2025-05-06,SKU013,0.0,56,13.0,181
2025-05-07,SKU013,0.0,17,13.0,181
2025-05-08,SKU013,0.0,15,13.0,181
2025-05-09,SKU013,0.0,22,13.0,181
2025-05-10,SKU013,0.0,39,13.0,181
2025-05-11,SKU013,0.0,29,13.0,181
2025-05-12,SKU013,0.0,51,13.0,181
2025-05-13,SKU013,39.0,0,13.0,181
2025-05-14,SKU013,25.0,30,13.0,181
2025-05-15,SKU013,9.0,8,13.0,181
2025-05-16,SKU013,0.0,58,13.0,181
2025-05-17,SKU013,0.0,29,13.0,181
2025-05-18,SKU013,0.0,33,13.0,181
2025-05-19,SKU013,0.0,40,13.0,181
2025-05-20,SKU013,0.0,47,13.0,181
2025-05-21,SKU013,0.0,32,13.0,181
2025-05-22,SKU013,0.0,9,13.0,181
2025-05-23,SKU013,0.0,39,13.0,181
2025-05-24,SKU013,0.0,30,13.0,181
2025-05-25,SKU013,0.0,35,13.0,181
2025-05-26,SKU013,6.0,0,13.0,181
2025-05-27,SKU013,0.0,7,13.0,181
2025-05-28,SKU013,0.0,14,13.0,181
2025-05-29,SKU013,0.0,37,13.0,181
2025-05-30,SKU013,0.0,41,13.0,181
2025-05-31,SKU013,0.0,13,13.0,181
2025-06-01,SKU013,0.0,30,13.0,181
2025-06-02,SKU013,0.0,40,13.0,181
2025-06-03,SKU013,0.0,29,13.0,181
2025-06-04,SKU013,0.0,43,13.0,181
2025-06-05,SKU013,0.0,56,13.0,181
2025-06-06,SKU013,0.0,24,13.0,181
2025-06-07,SKU013,0.0,48,13.0,181
2025-06-08,SKU013,0.0,19,13.0,181
2025-06-09,SKU013,0.0,37,13.0,181
2025-06-10,SKU013,0.0,53,13.0,181
2025-06-11,SKU013,0.0,53,13.0,181
2025-06-12,SKU013,0.0,29,13.0,181
2025-06-13,SKU013,22.0,0,13.0,181
2025-06-14,SKU013,0.0,32,13.0,181
2025-06-15,SKU013,0.0,41,13.0,181
2025-06-16,SKU013,0.0,35,13.0,181
2025-06-17,SKU013,0.0,36,13.0,181
2025-06-18,SKU013,0.0,10,13.0,181
2025-06-19,SKU013,0.0,51,13.0,181
2025-06-20,SKU013,0.0,23,13.0,181
2025-06-21,SKU013,0.0,13,13.0,181
2025-06-22,SKU013,0.0,26,13.0,181
2025-06-23,SKU013,0.0,11,13.0,181
2025-06-24,SKU013,0.0,8,13.0,181
2025-06-25,SKU013,0.0,27,13.0,181
2025-06-26,SKU013,19.0,0,13.0,181
2025-06-27,SKU013,0.0,54,13.0,181
2025-06-28,SKU013,0.0,27,13.0,181
2025-06-29,SKU013,0.0,49,13.0,181
2025-06-30,SKU013,0.0,40,13.0,181
2025-07-01,SKU013,0.0,31,13.0,181
2025-07-02,SKU013,0.0,9,13.0,181
2025-07-03,SKU013,0.0,51,13.0,181
2025-07-04,SKU013,0.0,39,13.0,181
2025-07-05,SKU013,0.0,18,13.0,181
2025-07-06,SKU013,0.0,21,13.0,181
2025-07-07,SKU013,0.0,46,13.0,181
2025-07-08,SKU013,0.0,50,13.0,181
2025-07-09,SKU013,0.0,45,13.0,181
2025-07-10,SKU013,0.0,18,13.0,181
2025-07-11,SKU013,0.0,11,13.0,181
2025-07-12,SKU013,0.0,30,13.0,181
2025-07-13,SKU013,18.0,0,13.0,181
2025-07-14,SKU013,4.0,35,13.0,181
2025-07-15,SKU013,0.0,36,13.0,181
2025-07-16,SKU013,0.0,44,13.0,181
2025-07-17,SKU013,0.0,37,13.0,181
2025-07-18,SKU013,0.0,19,13.0,181
2025-07-19,SKU013,0.0,9,13.0,181
2025-07-20,SKU013,0.0,32,13.0,181
2025-07-21,SKU013,0.0,17,13.0,181
2025-07-22,SKU013,0.0,28,13.0,181
2025-07-23,SKU013,0.0,19,13.0,181
2025-07-24,SKU013,0.0,32,13.0,181
2025-07-25,SKU013,0.0,19,13.0,181
2025-07-26,SKU013,2.0,0,13.0,181
2025-07-27,SKU013,0.0,17,13.0,181
2025-07-28,SKU013,0.0,38,13.0,181
2025-07-29,SKU013,0.0,43,13.0,181
2025-07-30,SKU013,0.0,35,13.0,181
2025-07-31,SKU013,0.0,59,13.0,181
2025-08-01,SKU013,0.0,29,13.0,181
2025-08-02,SKU013,0.0,17,13.0,181
2025-08-03,SKU013,0.0,50,13.0,181
2025-08-04,SKU013,0.0,31,13.0,181
2025-08-05,SKU013,0.0,27,13.0,181
2025-08-06,SKU013,0.0,35,13.0,181
2025-08-07,SKU013,0.0,14,13.0,181
2025-08-08,SKU013,0.0,55,13.0,181
2025-08-09,SKU013,0.0,50,13.0,181
2025-08-10,SKU013,0.0,55,13.0,181
2025-08-11,SKU013,0.0,32,13.0,181
2025-08-12,SKU013,0.0,24,13.0,181
2025-08-13,SKU013,0.0,0,13.0,181
2025-08-14,SKU013,0.0,42,13.0,181
2025-08-15,SKU013,0.0,19,13.0,181
2025-08-16,SKU013,0.0,23,13.0,181
2025-08-17,SKU013,0.0,8,13.0,181
2025-08-18,SKU013,0.0,57,13.0,181
2025-08-19,SKU013,0.0,51,13.0,181
2025-08-20,SKU013,0.0,44,13.0,181
2025-08-21,SKU013,0.0,46,13.0,181
2025-08-22,SKU013,0.0,50,13.0,181
2025-08-23,SKU013,0.0,19,13.0,181
2025-08-24,SKU013,0.0,31,13.0,181
2025-08-25,SKU013,0.0,30,13.0,181
2025-08-26,SKU013,0.0,0,13.0,181
2025-08-27,SKU013,0.0,39,13.0,181
2025-08-28,SKU013,0.0,14,13.0,181
2025-08-29,SKU013,0.0,37,13.0,181
2025-08-30,SKU013,0.0,46,13.0,181
2025-08-31,SKU013,0.0,12,13.0,181
2025-09-01,SKU013,0.0,16,13.0,181
2025-09-02,SKU013,0.0,52,13.0,181
2025-09-03,SKU013,0.0,45,13.0,181
2025-09-04,SKU013,0.0,48,13.0,181
2025-09-05,SKU013,0.0,15,13.0,181
2025-09-06,SKU013,0.0,43,13.0,181
2025-09-07,SKU013,0.0,14,13.0,181
2025-09-08,SKU013,0.0,29,13.0,181
2025-09-09,SKU013,0.0,9,13.0,181
2025-09-10,SKU013,0.0,24,13.0,181
2025-09-11,SKU013,0.0,58,13.0,181
2025-09-12,SKU013,0.0,43,13.0,181
2025-09-13,SKU013,0.0,0,13.0,181
2025-09-14,SKU013,0.0,47,13.0,181
2025-09-15,SKU013,0.0,27,13.0,181
2025-09-16,SKU013,0.0,22,13.0,181
2025-09-17,SKU013,0.0,17,13.0,181
2025-09-18,SKU013,0.0,29,13.0,181
2025-09-19,SKU013,0.0,20,13.0,181
2025-09-20,SKU013,0.0,55,13.0,181
2025-09-21,SKU013,0.0,44,13.0,181
2025-09-22,SKU013,0.0,55,13.0,181
2025-09-23,SKU013,0.0,9,13.0,181
2025-09-24,SKU013,0.0,9,13.0,181
2025-09-25,SKU013,0.0,40,13.0,181
2025-09-26,SKU013,25.0,0,13.0,181
2025-09-27,SKU013,5.0,44,13.0,181
2025-09-28,SKU013,0.0,37,13.0,181
2025-09-29,SKU013,0.0,9,13.0,181
2025-09-30,SKU013,0.0,43,13.0,181
2025-10-01,SKU013,0.0,50,13.0,181
2025-10-02,SKU013,0.0,44,13.0,181
2025-10-03,SKU013,0.0,50,13.0,181
2025-10-04,SKU013,0.0,30,13.0,181
2025-10-05,SKU013,0.0,12,13.0,181
2025-10-06,SKU013,0.0,54,13.0,181
2025-10-07,SKU013,0.0,47,13.0,181
2025-10-08,SKU013,0.0,35,13.0,181
2025-10-09,SKU013,0.0,14,13.0,181
2025-10-10,SKU013,0.0,16,13.0,181
2025-10-11,SKU013,0.0,17,13.0,181
2025-10-12,SKU013,0.0,15,13.0,181
2025-10-13,SKU013,39.0,0,13.0,181
2025-10-14,SKU013,23.0,30,13.0,181
2025-10-15,SKU013,4.0,22,13.0,181
2025-10-16,SKU013,0.0,24,13.0,181
2025-10-17,SKU013,0.0,21,13.0,181
2025-10-18,SKU013,0.0,35,13.0,181
2025-10-19,SKU013,0.0,30,13.0,181
2025-10-20,SKU013,0.0,54,13.0,181
2025-10-21,SKU013,0.0,16,13.0,181
2025-10-22,SKU013,0.0,52,13.0,181
2025-10-23,SKU013,0.0,23,13.0,181
2025-10-24,SKU013,0.0,58,13.0,181
2025-10-25,SKU013,0.0,43,13.0,181
2025-10-26,SKU013,36.0,0,13.0,181
2025-10-27,SKU013,21.0,54,13.0,181
2025-10-28,SKU013,6.0,32,13.0,181
2025-10-29,SKU013,0.0,29,13.0,181
2025-10-30,SKU013,0.0,16,13.0,181
2025-10-31,SKU013,0.0,25,13.0,181
2025-11-01,SKU013,0.0,23,13.0,181
2025-11-02,SKU013,0.0,25,13.0,181
2025-11-03,SKU013,0.0,16,13.0,181
2025-11-04,SKU013,0.0,18,13.0,181
2025-11-05,SKU013,0.0,49,13.0,181
2025-11-06,SKU013,0.0,48,13.0,181
2025-11-07,SKU013,0.0,52,13.0,181
2025-11-08,SKU013,0.0,16,13.0,181
2025-11-09,SKU013,0.0,57,13.0,181
2025-11-10,SKU013,0.0,20,13.0,181
2025-11-11,SKU013,0.0,17,13.0,181
2025-11-12,SKU013,0.0,14,13.0,181
2025-11-13,SKU013,5.0,0,13.0,181
2025-11-14,SKU013,0.0,21,13.0,181
2025-11-15,SKU013,0.0,58,13.0,181
2025-11-16,SKU013,0.0,45,13.0,181
2025-11-17,SKU013,0.0,35,13.0,181
2025-11-18,SKU013,0.0,25,13.0,181
2025-11-19,SKU013,0.0,38,13.0,181
2025-11-20,SKU013,0.0,32,13.0,181
2025-11-21,SKU013,0.0,54,13.0,181
2025-11-22,SKU013,0.0,21,13.0,181
2025-11-23,SKU013,0.0,17,13.0,181
2025-11-24,SKU013,0.0,21,13.0,181
2025-11-25,SKU013,0.0,46,13.0,181
2025-11-26,SKU013,19.0,0,13.0,181
2025-11-27,SKU013,2.0,45,13.0,181
2025-11-28,SKU013,0.0,33,13.0,181
2025-11-29,SKU013,0.0,28,13.0,181
2025-11-30,SKU013,0.0,20,13.0,181
2025-12-01,SKU013,0.0,49,13.0,181
2025-12-02,SKU013,0.0,25,13.0,181
2025-12-03,SKU013,0.0,9,13.0,181
2025-12-04,SKU013,0.0,23,13.0,181
2025-12-05,SKU013,0.0,15,,181
2025-12-06,SKU013,0.0,36,13.0,181
2025-12-07,SKU013,0.0,33,13.0,181
2025-12-08,SKU013,0.0,32,13.0,181
2025-12-09,SKU013,0.0,20,13.0,181
2025-12-10,SKU013,0.0,12,13.0,181
2025-12-11,SKU013,0.0,13,13.0,181
2025-12-12,SKU013,0.0,26,13.0,181
2025-12-13,SKU013,19.0,0,13.0,181
2025-12-14,SKU013,5.0,8,13.0,181
2025-12-15,SKU013,0.0,7,13.0,181
2025-12-16,SKU013,0.0,14,13.0,181
2025-12-17,SKU013,0.0,33,13.0,181
2025-12-18,SKU013,0.0,24,13.0,181
2025-12-19,SKU013,0.0,30,13.0,181
2025-12-20,SKU013,0.0,23,13.0,181
2025-12-21,SKU013,0.0,43,13.0,181
2025-12-22,SKU013,0.0,23,13.0,181
2025-12-23,SKU013,0.0,18,13.0,181
2025-12-24,SKU013,0.0,47,13.0,181
2025-12-25,SKU013,0.0,57,13.0,181
2025-12-26,SKU013,0.0,0,13.0,181
2025-12-27,SKU013,0.0,10,13.0,181
2025-12-28,SKU013,0.0,49,13.0,181
2025-12-29,SKU013,0.0,29,13.0,181
2025-12-30,SKU013,0.0,43,13.0,181
2025-12-31,SKU013,0.0,37,13.0,181
2026-01-01,SKU013,0.0,33,13.0,181
2026-01-02,SKU013,0.0,26,13.0,181
2026-01-03,SKU013,0.0,18,13.0,181
2026-01-04,SKU013,0.0,27,13.0,181
2026-01-05,SKU013,0.0,15,13.0,181
2026-01-06,SKU013,0.0,42,13.0,181
2026-01-07,SKU013,0.0,12,13.0,181
2026-01-08,SKU013,0.0,44,13.0,181
2026-01-09,SKU013,0.0,49,13.0,181
2026-01-10,SKU013,0.0,39,13.0,181
2026-01-11,SKU013,0.0,50,13.0,181
2026-01-12,SKU013,0.0,25,13.0,181
2026-01-13,SKU013,12.0,0,13.0,181
2026-01-14,SKU013,0.0,33,13.0,181
2026-01-15,SKU013,0.0,40,13.0,181
2026-01-16,SKU013,0.0,32,13.0,181
2026-01-17,SKU013,0.0,10,13.0,181
2026-01-18,SKU013,0.0,34,13.0,181
2026-01-19,SKU013,0.0,8,13.0,181
2026-01-20,SKU013,0.0,30,13.0,181
2026-01-21,SKU013,0.0,9,13.0,181
2026-01-22,SKU013,0.0,32,13.0,181
2026-01-23,SKU013,0.0,26,13.0,181
2026-01-24,SKU013,0.0,34,13.0,181
2026-01-25,SKU013,0.0,35,13.0,181
2026-01-26,SKU013,33.0,0,13.0,181
2026-01-27,SKU013,17.0,56,13.0,181
2026-01-28,SKU013,0.0,20,13.0,181
2026-01-29,SKU013,0.0,55,13.0,181
2026-01-30,SKU013,0.0,27,13.0,181
2026-01-31,SKU013,0.0,16,13.0,181
2026-02-01,SKU013,0.0,38,13.0,181
2026-02-02,SKU013,0.0,27,13.0,181
2026-02-03,SKU013,0.0,24,13.0,181
2026-02-04,SKU013,0.0,40,13.0,181
2026-02-05,SKU013,0.0,43,13.0,181
2026-02-06,SKU013,0.0,30,13.0,181
2026-02-07,SKU013,0.0,21,13.0,181
2026-02-08,SKU013,0.0,48,13.0,181
2026-02-09,SKU013,0.0,41,13.0,181
2026-02-10,SKU013,0.0,40,13.0,181
2026-02-11,SKU013,0.0,55,13.0,181
2026-02-12,SKU013,0.0,59,13.0,181
2026-02-13,SKU013,0.0,0,13.0,181
2026-02-14,SKU013,0.0,20,13.0,181
2026-02-15,SKU013,0.0,49,13.0,181
2026-02-16,SKU013,0.0,12,13.0,181
2026-02-17,SKU013,0.0,8,13.0,181
2026-02-18,SKU013,0.0,24,13.0,181
2026-02-19,SKU013,0.0,48,13.0,181
2026-02-20,SKU013,0.0,28,13.0,181
2026-02-21,SKU013,0.0,18,13.0,181
2026-02-22,SKU013,0.0,16,13.0,181
2026-02-23,SKU013,0.0,36,13.0,181
2026-02-24,SKU013,0.0,25,13.0,181
2026-02-25,SKU013,0.0,40,13.0,181
2026-02-26,SKU013,23.0,0,13.0,181
2026-02-27,SKU013,8.0,7,,181
2026-02-28,SKU013,0.0,24,13.0,181
2026-03-01,SKU013,0.0,35,13.0,181
2026-03-02,SKU013,0.0,42,13.0,181
2026-03-03,SKU013,0.0,23,13.0,181
2026-03-04,SKU013,0.0,32,13.0,181
2026-03-05,SKU013,0.0,12,13.0,181
2026-03-06,SKU013,0.0,12,13.0,181
2026-03-07,SKU013,0.0,52,13.0,181
2026-03-08,SKU013,0.0,35,13.0,181
2026-03-09,SKU013,0.0,31,13.0,181
2026-03-10,SKU013,0.0,30,13.0,181
2026-03-11,SKU013,0.0,57,13.0,181
2026-03-12,SKU013,0.0,29,13.0,181
2026-03-13,SKU013,0.0,0,13.0,181
2026-03-14,SKU013,0.0,12,13.0,181
2026-03-15,SKU013,0.0,49,13.0,181
2026-03-16,SKU013,0.0,56,13.0,181
2026-03-17,SKU013,0.0,56,13.0,181
2026-03-18,SKU013,0.0,16,13.0,181
2026-03-19,SKU013,0.0,41,13.0,181
2026-03-20,SKU013,0.0,35,,181
2026-03-21,SKU013,0.0,28,13.0,181
2026-03-22,SKU013,0.0,49,13.0,181
2026-03-23,SKU013,0.0,54,13.0,181
2026-03-24,SKU013,0.0,14,13.0,181
2026-03-25,SKU013,0.0,7,13.0,181
2026-03-26,SKU013,2.0,0,13.0,181
2026-03-27,SKU013,0.0,49,13.0,181
2026-03-28,SKU013,0.0,55,13.0,181
2026-03-29,SKU013,0.0,43,13.0,181
2026-03-30,SKU013,0.0,8,13.0,181
2026-03-31,SKU013,0.0,37,13.0,181
2026-04-01,SKU013,0.0,29,13.0,181
2026-04-02,SKU013,0.0,48,13.0,181
2026-04-03,SKU013,0.0,46,13.0,181
2026-04-04,SKU013,0.0,17,13.0,181
2026-04-05,SKU013,0.0,23,13.0,181
2026-04-06,SKU013,0.0,18,13.0,181
2026-04-07,SKU013,0.0,35,13.0,181
2026-04-08,SKU013,0.0,11,13.0,181
2026-04-09,SKU013,0.0,38,13.0,181
2026-04-10,SKU013,0.0,32,13.0,181
2026-04-11,SKU013,0.0,36,13.0,181
2026-04-12,SKU013,0.0,51,13.0,181
2026-04-13,SKU013,14.0,0,13.0,181
2026-04-14,SKU013,0.0,48,13.0,181
2026-04-15,SKU013,0.0,56,13.0,181
2026-04-16,SKU013,0.0,12,13.0,181
2026-04-17,SKU013,0.0,11,13.0,181
2026-04-18,SKU013,0.0,17,13.0,181
2026-04-19,SKU013,0.0,45,13.0,181
2026-04-20,SKU013,0.0,40,13.0,181
2026-04-21,SKU013,0.0,38,13.0,181
2026-04-22,SKU013,0.0,42,13.0,181
2026-04-23,SKU013,0.0,31,13.0,181
2026-04-24,SKU013,0.0,22,13.0,181
2026-04-25,SKU013,0.0,17,13.0,181
2026-04-26,SKU013,41.0,0,13.0,181
2026-04-27,SKU013,20.0,20,13.0,181
2026-04-28,SKU013,4.0,25,13.0,181
2026-04-29,SKU013,0.0,45,13.0,181
2026-04-30,SKU013,0.0,46,13.0,181
2026-05-01,SKU013,0.0,35,13.0,181
2026-05-02,SKU013,0.0,34,13.0,181
2026-05-03,SKU013,0.0,57,13.0,181
2026-05-04,SKU013,0.0,31,13.0,181
2026-05-05,SKU013,0.0,54,13.0,181
2026-05-06,SKU013,0.0,59,13.0,181
2026-05-07,SKU013,0.0,10,13.0,181
2026-05-08,SKU013,0.0,41,13.0,181
2026-05-09,SKU013,0.0,57,13.0,181
2026-05-10,SKU013,0.0,30,13.0,181
2026-05-11,SKU013,0.0,27,13.0,181
2026-05-12,SKU013,0.0,27,13.0,181
2026-05-13,SKU013,31.0,0,13.0,181
2026-05-14,SKU013,7.0,42,13.0,181
2026-05-15,SKU013,0.0,30,13.0,181
2026-05-16,SKU013,0.0,38,13.0,181
2026-05-17,SKU013,0.0,38,13.0,181
2026-05-18,SKU013,0.0,22,13.0,181
2026-05-19,SKU013,0.0,7,13.0,181
2026-05-20,SKU013,0.0,7,13.0,181
2026-05-21,SKU013,0.0,30,13.0,181
2026-05-22,SKU013,0.0,43,13.0,181
2026-05-23,SKU013,0.0,55,13.0,181
2026-05-24,SKU013,0.0,51,13.0,181
2026-05-25,SKU013,0.0,25,13.0,181
2026-05-26,SKU013,22.0,0,13.0,181
2026-05-27,SKU013,3.0,30,13.0,181
2026-05-28,SKU013,0.0,18,13.0,181
2026-05-29,SKU013,0.0,18,13.0,181
2026-05-30,SKU013,0.0,51,13.0,181
2026-05-31,SKU013,0.0,13,13.0,181
2026-06-01,SKU013,0.0,11,13.0,181
2026-06-02,SKU013,0.0,21,13.0,181
2026-06-03,SKU013,0.0,33,13.0,181
2026-06-04,SKU013,0.0,9,13.0,181
2026-06-05,SKU013,0.0,25,13.0,181
2026-06-06,SKU013,0.0,50,13.0,181
2026-06-07,SKU013,0.0,26,13.0,181
2026-06-08,SKU013,0.0,38,13.0,181
2026-06-09,SKU013,0.0,57,13.0,181
2026-06-10,SKU013,0.0,44,13.0,181
2026-06-11,SKU013,0.0,43,13.0,181
2026-06-12,SKU013,0.0,58,13.0,181
2026-06-13,SKU013,0.0,0,13.0,181
2026-06-14,SKU013,0.0,56,13.0,181
2026-06-15,SKU013,0.0,15,13.0,181
2026-06-16,SKU013,0.0,9,13.0,181
2026-06-17,SKU013,0.0,31,13.0,181
2026-06-18,SKU013,0.0,53,13.0,181
2026-06-19,SKU013,0.0,23,13.0,181
2026-06-20,SKU013,0.0,12,13.0,181
2026-06-21,SKU013,0.0,8,13.0,181
2026-06-22,SKU013,0.0,27,13.0,181
2026-06-23,SKU013,0.0,58,13.0,181
2026-06-24,SKU013,0.0,42,13.0,181
2026-06-25,SKU013,0.0,34,13.0,181
2026-06-26,SKU013,0.0,0,13.0,181
2026-06-27,SKU013,0.0,57,13.0,181
2026-06-28,SKU013,0.0,9,13.0,181
2026-06-29,SKU013,0.0,9,13.0,181
2026-06-30,SKU013,0.0,23,13.0,181
2025-01-01,SKU014,420.0,126,9.0,690
2025-01-02,SKU014,420.0,185,9.0,690
2025-01-03,SKU014,420.0,203,9.0,690
2025-01-04,SKU014,420.0,77,9.0,690
2025-01-05,SKU014,420.0,112,9.0,690
2025-01-06,SKU014,420.0,90,9.0,690
2025-01-07,SKU014,328.0,228,9.0,690
2025-01-08,SKU014,243.0,241,9.0,690
2025-01-09,SKU014,412.0,0,9.0,690
2025-01-10,SKU014,264.0,172,9.0,690
2025-01-11,SKU014,137.0,116,9.0,690
2025-01-12,SKU014,27.0,152,9.0,690
2025-01-13,SKU014,0.0,239,9.0,690
2025-01-14,SKU014,0.0,193,9.0,690
2025-01-15,SKU014,0.0,228,9.0,690
2025-01-16,SKU014,0.0,54,9.0,690
2025-01-17,SKU014,0.0,157,9.0,690
2025-01-18,SKU014,135.0,0,9.0,690
2025-01-19,SKU014,62.0,157,9.0,690
2025-01-20,SKU014,5.0,105,9.0,690
2025-01-21,SKU014,0.0,115,9.0,690
2025-01-22,SKU014,0.0,48,9.0,690
2025-01-23,SKU014,0.0,240,9.0,690
2025-01-24,SKU014,0.0,196,9.0,690
2025-01-25,SKU014,0.0,245,9.0,690
2025-01-26,SKU014,0.0,71,9.0,690
2025-01-27,SKU014,18.0,0,9.0,690
2025-01-28,SKU014,0.0,160,9.0,690
2025-01-29,SKU014,0.0,55,9.0,690
2025-01-30,SKU014,0.0,179,9.0,690
2025-01-31,SKU014,0.0,109,9.0,690
2025-02-01,SKU014,0.0,72,9.0,690
2025-02-02,SKU014,0.0,113,9.0,690
2025-02-03,SKU014,0.0,254,9.0,690
2025-02-04,SKU014,0.0,176,9.0,690
2025-02-05,SKU014,0.0,179,9.0,690
2025-02-06,SKU014,0.0,211,9.0,690
2025-02-07,SKU014,0.0,228,9.0,690
2025-02-08,SKU014,0.0,169,9.0,690
2025-02-09,SKU014,74.0,0,9.0,690
2025-02-10,SKU014,0.0,56,9.0,690
2025-02-11,SKU014,0.0,215,9.0,690
2025-02-12,SKU014,0.0,90,9.0,690
2025-02-13,SKU014,0.0,71,9.0,690
2025-02-14,SKU014,0.0,252,9.0,690
2025-02-15,SKU014,0.0,189,9.0,690
2025-02-16,SKU014,0.0,172,9.0,690
2025-02-17,SKU014,0.0,195,9.0,690
2025-02-18,SKU014,49.0,0,9.0,690
2025-02-19,SKU014,0.0,240,9.0,690
2025-02-20,SKU014,0.0,150,9.0,690
2025-02-21,SKU014,0.0,160,9.0,690
2025-02-22,SKU014,0.0,112,9.0,690
2025-02-23,SKU014,0.0,263,9.0,690
2025-02-24,SKU014,0.0,148,9.0,690
2025-02-25,SKU014,0.0,41,9.0,690
2025-02-26,SKU014,0.0,244,,690
2025-02-27,SKU014,44.0,0,9.0,690
2025-02-28,SKU014,0.0,171,9.0,690
2025-03-01,SKU014,0.0,95,9.0,690
2025-03-02,SKU014,0.0,41,9.0,690
2025-03-03,SKU014,0.0,55,9.0,690
2025-03-04,SKU014,0.0,100,9.0,690
2025-03-05,SKU014,0.0,228,9.0,690
2025-03-06,SKU014,0.0,265,9.0,690
2025-03-07,SKU014,0.0,59,9.0,690
2025-03-08,SKU014,0.0,184,9.0,690
2025-03-09,SKU014,199.0,0,9.0,690
2025-03-10,SKU014,140.0,106,9.0,690
2025-03-11,SKU014,99.0,250,9.0,690
2025-03-12,SKU014,35.0,142,9.0,690
2025-03-13,SKU014,0.0,114,9.0,690
2025-03-14,SKU014,0.0,224,9.0,690
2025-03-15,SKU014,0.0,57,9.0,690
2025-03-16,SKU014,0.0,147,9.0,690
2025-03-17,SKU014,0.0,81,9.0,690
2025-03-18,SKU014,91.0,0,9.0,690
2025-03-19,SKU014,30.0,157,9.0,690
2025-03-20,SKU014,0.0,179,9.0,690
2025-03-21,SKU014,0.0,66,9.0,690
2025-03-22,SKU014,0.0,222,9.0,690
2025-03-23,SKU014,0.0,248,9.0,690
2025-03-24,SKU014,0.0,241,9.0,690
2025-03-25,SKU014,0.0,168,9.0,690
2025-03-26,SKU014,0.0,191,9.0,690
2025-03-27,SKU014,140.0,0,9.0,690
2025-03-28,SKU014,62.0,58,9.0,690
2025-03-29,SKU014,0.0,199,9.0,690
2025-03-30,SKU014,0.0,166,9.0,690
2025-03-31,SKU014,0.0,201,9.0,690
2025-04-01,SKU014,0.0,79,9.0,690
2025-04-02,SKU014,0.0,103,9.0,690
2025-04-03,SKU014,0.0,248,9.0,690
2025-04-04,SKU014,0.0,55,9.0,690
2025-04-05,SKU014,0.0,250,9.0,690
2025-04-06,SKU014,0.0,202,9.0,690
2025-04-07,SKU014,0.0,93,9.0,690
2025-04-08,SKU014,0.0,196,9.0,690
2025-04-09,SKU014,176.0,0,9.0,690
2025-04-10,SKU014,79.0,80,9.0,690
2025-04-11,SKU014,12.0,195,9.0,690
2025-04-12,SKU014,0.0,258,9.0,690
2025-04-13,SKU014,0.0,92,9.0,690
2025-04-14,SKU014,0.0,248,9.0,690
2025-04-15,SKU014,0.0,63,9.0,690
2025-04-16,SKU014,0.0,204,9.0,690
2025-04-17,SKU014,0.0,44,9.0,690
2025-04-18,SKU014,81.0,0,9.0,690
2025-04-19,SKU014,14.0,46,9.0,690
2025-04-20,SKU014,0.0,262,9.0,690
2025-04-21,SKU014,0.0,230,9.0,690
2025-04-22,SKU014,0.0,235,9.0,690
2025-04-23,SKU014,0.0,250,9.0,690
2025-04-24,SKU014,0.0,202,9.0,690
2025-04-25,SKU014,0.0,101,9.0,690
2025-04-26,SKU014,0.0,267,9.0,690
2025-04-27,SKU014,21.0,0,9.0,690
2025-04-28,SKU014,0.0,237,9.0,690
2025-04-29,SKU014,0.0,209,9.0,690
2025-04-30,SKU014,0.0,182,9.0,690
2025-05-01,SKU014,0.0,191,9.0,690
2025-05-02,SKU014,0.0,33,9.0,690
2025-05-03,SKU014,0.0,167,9.0,690
2025-05-04,SKU014,0.0,55,9.0,690
2025-05-05,SKU014,0.0,267,9.0,690
2025-05-06,SKU014,0.0,82,9.0,690
2025-05-07,SKU014,0.0,232,9.0,690
2025-05-08,SKU014,0.0,218,9.0,690
2025-05-09,SKU014,116.0,0,9.0,690
2025-05-10,SKU014,35.0,168,9.0,690
2025-05-11,SKU014,0.0,133,9.0,690
2025-05-12,SKU014,0.0,212,9.0,690
2025-05-13,SKU014,0.0,124,9.0,690
2025-05-14,SKU014,0.0,210,9.0,690
2025-05-15,SKU014,0.0,76,9.0,690
2025-05-16,SKU014,0.0,225,9.0,690
2025-05-17,SKU014,0.0,214,9.0,690
2025-05-18,SKU014,138.0,0,9.0,690
2025-05-19,SKU014,62.0,129,9.0,690
2025-05-20,SKU014,0.0,198,9.0,690
2025-05-21,SKU014,0.0,153,9.0,690
2025-05-22,SKU014,0.0,96,9.0,690
2025-05-23,SKU014,0.0,143,9.0,690
2025-05-24,SKU014,0.0,127,9.0,690
2025-05-25,SKU014,0.0,71,9.0,690
2025-05-26,SKU014,0.0,37,9.0,690
2025-05-27,SKU014,101.0,0,9.0,690
2025-05-28,SKU014,16.0,207,9.0,690
2025-05-29,SKU014,0.0,106,9.0,690
2025-05-30,SKU014,0.0,267,9.0,690
2025-05-31,SKU014,0.0,84,9.0,690
2025-06-01,SKU014,0.0,176,9.0,690
2025-06-02,SKU014,0.0,224,9.0,690
2025-06-03,SKU014,0.0,202,9.0,690
2025-06-04,SKU014,0.0,126,9.0,690
2025-06-05,SKU014,0.0,234,9.0,690
2025-06-06,SKU014,0.0,208,9.0,690
2025-06-07,SKU014,0.0,93,9.0,690
2025-06-08,SKU014,0.0,206,9.0,690
2025-06-09,SKU014,41.0,0,9.0,690
2025-06-10,SKU014,0.0,95,9.0,690
2025-06-11,SKU014,0.0,122,9.0,690
2025-06-12,SKU014,0.0,127,9.0,690
2025-06-13,SKU014,0.0,36,9.0,690
2025-06-14,SKU014,0.0,95,9.0,690
2025-06-15,SKU014,0.0,193,9.0,690
2025-06-16,SKU014,0.0,121,9.0,690
2025-06-17,SKU014,0.0,181,9.0,690
2025-06-18,SKU014,88.0,0,9.0,690
2025-06-19,SKU014,0.0,263,9.0,690
2025-06-20,SKU014,0.0,133,9.0,690
2025-06-21,SKU014,0.0,172,9.0,690
2025-06-22,SKU014,0.0,201,9.0,690
2025-06-23,SKU014,0.0,192,9.0,690
2025-06-24,SKU014,0.0,157,9.0,690
2025-06-25,SKU014,0.0,219,9.0,690
2025-06-26,SKU014,0.0,187,9.0,690
2025-06-27,SKU014,104.0,0,9.0,690
2025-06-28,SKU014,5.0,100,9.0,690
2025-06-29,SKU014,0.0,219,9.0,690
2025-06-30,SKU014,0.0,165,9.0,690
2025-07-01,SKU014,0.0,231,9.0,690
2025-07-02,SKU014,0.0,70,9.0,690
2025-07-03,SKU014,0.0,124,9.0,690
2025-07-04,SKU014,0.0,197,9.0,690
2025-07-05,SKU014,0.0,246,9.0,690
2025-07-06,SKU014,0.0,236,9.0,690
2025-07-07,SKU014,0.0,176,9.0,690
2025-07-08,SKU014,0.0,206,9.0,690
2025-07-09,SKU014,30.0,0,9.0,690
2025-07-10,SKU014,0.0,73,9.0,690
2025-07-11,SKU014,0.0,147,9.0,690
2025-07-12,SKU014,0.0,257,9.0,690
2025-07-13,SKU014,0.0,121,9.0,690
2025-07-14,SKU014,0.0,157,9.0,690
2025-07-15,SKU014,0.0,254,9.0,690
2025-07-16,SKU014,0.0,57,9.0,690
2025-07-17,SKU014,0.0,45,9.0,690
2025-07-18,SKU014,95.0,0,9.0,690
2025-07-19,SKU014,4.0,115,9.0,690
2025-07-20,SKU014,0.0,189,9.0,690
2025-07-21,SKU014,0.0,126,9.0,690
2025-07-22,SKU014,0.0,153,9.0,690
2025-07-23,SKU014,0.0,259,9.0,690
2025-07-24,SKU014,0.0,143,9.0,690
2025-07-25,SKU014,0.0,192,9.0,690
2025-07-26,SKU014,0.0,267,9.0,690
2025-07-27,SKU014,17.0,0,9.0,690
2025-07-28,SKU014,0.0,35,9.0,690
2025-07-29,SKU014,0.0,198,9.0,690
2025-07-30,SKU014,0.0,184,9.0,690
2025-07-31,SKU014,0.0,116,9.0,690
2025-08-01,SKU014,0.0,205,9.0,690
2025-08-02,SKU014,0.0,212,9.0,690
2025-08-03,SKU014,0.0,87,9.0,690
2025-08-04,SKU014,0.0,78,9.0,690
2025-08-05,SKU014,0.0,193,9.0,690
2025-08-06,SKU014,0.0,133,9.0,690
2025-08-07,SKU014,0.0,62,9.0,690
2025-08-08,SKU014,0.0,59,9.0,690
2025-08-09,SKU014,0.0,0,9.0,690
2025-08-10,SKU014,0.0,52,9.0,690
2025-08-11,SKU014,0.0,191,9.0,690
2025-08-12,SKU014,0.0,253,9.0,690
2025-08-13,SKU014,0.0,220,9.0,690
2025-08-14,SKU014,0.0,146,9.0,690
2025-08-15,SKU014,0.0,196,9.0,690
2025-08-16,SKU014,0.0,171,9.0,690
2025-08-17,SKU014,0.0,87,9.0,690
2025-08-18,SKU014,59.0,0,9.0,690
2025-08-19,SKU014,0.0,145,9.0,690
2025-08-20,SKU014,0.0,97,9.0,690
2025-08-21,SKU014,0.0,253,9.0,690
2025-08-22,SKU014,0.0,98,9.0,690
2025-08-23,SKU014,0.0,196,9.0,690
2025-08-24,SKU014,0.0,110,9.0,690
2025-08-25,SKU014,0.0,145,9.0,690
2025-08-26,SKU014,0.0,199,9.0,690
2025-08-27,SKU014,117.0,0,9.0,690
2025-08-28,SKU014,26.0,88,9.0,690
2025-08-29,SKU014,0.0,162,9.0,690
2025-08-30,SKU014,0.0,183,9.0,690
2025-08-31,SKU014,0.0,41,9.0,690
2025-09-01,SKU014,0.0,211,9.0,690
2025-09-02,SKU014,0.0,180,9.0,690
2025-09-03,SKU014,0.0,183,9.0,690
2025-09-04,SKU014,0.0,81,9.0,690
2025-09-05,SKU014,0.0,149,9.0,690
2025-09-06,SKU014,0.0,166,9.0,690
2025-09-07,SKU014,0.0,114,9.0,690
2025-09-08,SKU014,0.0,193,9.0,690
2025-09-09,SKU014,0.0,0,9.0,690
2025-09-10,SKU014,0.0,152,9.0,690
2025-09-11,SKU014,0.0,47,9.0,690
2025-09-12,SKU014,0.0,136,9.0,690
2025-09-13,SKU014,0.0,242,9.0,690
2025-09-14,SKU014,0.0,138,9.0,690
2025-09-15,SKU014,0.0,263,9.0,690
2025-09-16,SKU014,0.0,210,9.0,690
2025-09-17,SKU014,0.0,255,9.0,690
2025-09-18,SKU014,175.0,0,9.0,690
2025-09-19,SKU014,112.0,234,9.0,690
2025-09-20,SKU014,25.0,110,9.0,690
2025-09-21,SKU014,0.0,226,9.0,690
2025-09-22,SKU014,0.0,112,9.0,690
2025-09-23,SKU014,0.0,232,9.0,690
2025-09-24,SKU014,0.0,143,9.0,690
2025-09-25,SKU014,0.0,35,9.0,690
2025-09-26,SKU014,0.0,247,9.0,690
2025-09-27,SKU014,100.0,0,9.0,690
2025-09-28,SKU014,42.0,194,9.0,690
2025-09-29,SKU014,0.0,239,9.0,690
2025-09-30,SKU014,0.0,258,9.0,690
2025-10-01,SKU014,0.0,213,9.0,690
2025-10-02,SKU014,0.0,167,9.0,690
2025-10-03,SKU014,0.0,75,9.0,690
2025-10-04,SKU014,0.0,201,9.0,690
2025-10-05,SKU014,0.0,151,9.0,690
2025-10-06,SKU014,0.0,156,9.0,690
2025-10-07,SKU014,0.0,186,9.0,690
2025-10-08,SKU014,0.0,211,9.0,690
2025-10-09,SKU014,0.0,0,9.0,690
2025-10-10,SKU014,0.0,107,9.0,690
2025-10-11,SKU014,0.0,89,9.0,690
2025-10-12,SKU014,0.0,210,9.0,690
2025-10-13,SKU014,0.0,142,9.0,690
2025-10-14,SKU014,0.0,173,9.0,690
2025-10-15,SKU014,0.0,158,9.0,690
2025-10-16,SKU014,0.0,232,9.0,690
2025-10-17,SKU014,0.0,170,9.0,690
2025-10-18,SKU014,177.0,0,9.0,690
2025-10-19,SKU014,105.0,173,9.0,690
2025-10-20,SKU014,42.0,151,9.0,690
2025-10-21,SKU014,0.0,48,9.0,690
2025-10-22,SKU014,0.0,132,9.0,690
2025-10-23,SKU014,0.0,112,9.0,690
2025-10-24,SKU014,0.0,170,9.0,690
2025-10-25,SKU014,0.0,115,9.0,690
2025-10-26,SKU014,0.0,106,9.0,690
2025-10-27,SKU014,203.0,0,9.0,690
2025-10-28,SKU014,119.0,108,9.0,690
2025-10-29,SKU014,60.0,233,9.0,690
2025-10-30,SKU014,0.0,223,9.0,690
2025-10-31,SKU014,0.0,109,9.0,690
2025-11-01,SKU014,0.0,122,9.0,690
2025-11-02,SKU014,0.0,207,9.0,690
2025-11-03,SKU014,0.0,123,9.0,690
2025-11-04,SKU014,0.0,43,9.0,690
2025-11-05,SKU014,0.0,151,9.0,690
2025-11-06,SKU014,0.0,158,9.0,690
2025-11-07,SKU014,0.0,111,9.0,690
2025-11-08,SKU014,0.0,46,9.0,690
2025-11-09,SKU014,55.0,0,9.0,690
2025-11-10,SKU014,2.0,259,9.0,690
2025-11-11,SKU014,0.0,251,9.0,690
2025-11-12,SKU014,0.0,229,9.0,690
2025-11-13,SKU014,0.0,120,9.0,690
2025-11-14,SKU014,0.0,76,9.0,690
2025-11-15,SKU014,0.0,262,9.0,690
2025-11-16,SKU014,0.0,234,9.0,690
2025-11-17,SKU014,0.0,79,9.0,690
2025-11-18,SKU014,63.0,0,9.0,690
2025-11-19,SKU014,0.0,174,9.0,690
2025-11-20,SKU014,0.0,176,9.0,690
2025-11-21,SKU014,0.0,184,9.0,690
2025-11-22,SKU014,0.0,256,9.0,690
2025-11-23,SKU014,0.0,69,9.0,690
2025-11-24,SKU014,0.0,243,9.0,690
2025-11-25,SKU014,0.0,98,9.0,690
2025-11-26,SKU014,0.0,162,9.0,690
2025-11-27,SKU014,83.0,0,9.0,690
2025-11-28,SKU014,0.0,197,9.0,690
2025-11-29,SKU014,0.0,115,9.0,690
2025-11-30,SKU014,0.0,60,9.0,690
2025-12-01,SKU014,0.0,231,9.0,690
2025-12-02,SKU014,0.0,75,9.0,690
2025-12-03,SKU014,0.0,89,9.0,690
2025-12-04,SKU014,0.0,52,9.0,690
2025-12-05,SKU014,0.0,152,9.0,690
2025-12-06,SKU014,0.0,175,9.0,690
2025-12-07,SKU014,0.0,155,9.0,690
2025-12-08,SKU014,0.0,53,9.0,690
2025-12-09,SKU014,122.0,0,9.0,690
2025-12-10,SKU014,46.0,48,9.0,690
2025-12-11,SKU014,0.0,263,9.0,690
2025-12-12,SKU014,0.0,121,9.0,690
2025-12-13,SKU014,0.0,167,9.0,690
2025-12-14,SKU014,0.0,195,9.0,690
2025-12-15,SKU014,0.0,156,9.0,690
2025-12-16,SKU014,0.0,230,9.0,690
2025-12-17,SKU014,0.0,216,9.0,690
2025-12-18,SKU014,38.0,0,9.0,690
2025-12-19,SKU014,0.0,37,9.0,690
2025-12-20,SKU014,0.0,183,9.0,690
2025-12-21,SKU014,0.0,218,9.0,690
2025-12-22,SKU014,0.0,224,9.0,690
2025-12-23,SKU014,0.0,161,9.0,690
2025-12-24,SKU014,0.0,113,9.0,690
2025-12-25,SKU014,0.0,117,9.0,690
2025-12-26,SKU014,0.0,119,9.0,690
2025-12-27,SKU014,59.0,0,9.0,690
2025-12-28,SKU014,0.0,197,9.0,690
2025-12-29,SKU014,0.0,172,9.0,690
2025-12-30,SKU014,0.0,213,9.0,690
2025-12-31,SKU014,0.0,146,9.0,690
2026-01-01,SKU014,0.0,158,9.0,690
2026-01-02,SKU014,0.0,236,9.0,690
2026-01-03,SKU014,0.0,150,9.0,690
2026-01-04,SKU014,0.0,103,9.0,690
2026-01-05,SKU014,0.0,131,9.0,690
2026-01-06,SKU014,0.0,93,9.0,690
2026-01-07,SKU014,0.0,86,9.0,690
2026-01-08,SKU014,0.0,176,9.0,690
2026-01-09,SKU014,0.0,0,9.0,690
2026-01-10,SKU014,0.0,106,9.0,690
2026-01-11,SKU014,0.0,183,9.0,690
2026-01-12,SKU014,0.0,83,9.0,690
2026-01-13,SKU014,0.0,267,9.0,690
2026-01-14,SKU014,0.0,180,9.0,690
2026-01-15,SKU014,0.0,181,9.0,690
2026-01-16,SKU014,0.0,158,9.0,690
2026-01-17,SKU014,0.0,213,9.0,690
2026-01-18,SKU014,122.0,0,9.0,690
2026-01-19,SKU014,54.0,229,9.0,690
2026-01-20,SKU014,0.0,93,9.0,690
2026-01-21,SKU014,0.0,133,9.0,690
2026-01-22,SKU014,0.0,159,9.0,690
2026-01-23,SKU014,0.0,116,9.0,690
2026-01-24,SKU014,0.0,94,9.0,690
2026-01-25,SKU014,0.0,37,9.0,690
2026-01-26,SKU014,0.0,120,9.0,690
2026-01-27,SKU014,74.0,0,9.0,690
2026-01-28,SKU014,0.0,221,9.0,690
2026-01-29,SKU014,0.0,194,9.0,690
2026-01-30,SKU014,0.0,113,9.0,690
2026-01-31,SKU014,0.0,206,9.0,690
2026-02-01,SKU014,0.0,69,9.0,690
2026-02-02,SKU014,0.0,103,9.0,690
2026-02-03,SKU014,0.0,111,9.0,690
2026-02-04,SKU014,0.0,39,9.0,690
2026-02-05,SKU014,0.0,237,9.0,690
2026-02-06,SKU014,0.0,133,9.0,690
2026-02-07,SKU014,0.0,105,9.0,690
2026-02-08,SKU014,0.0,207,9.0,690
2026-02-09,SKU014,97.0,0,9.0,690
2026-02-10,SKU014,12.0,240,9.0,690
2026-02-11,SKU014,0.0,193,9.0,690
2026-02-12,SKU014,0.0,243,9.0,690
2026-02-13,SKU014,0.0,202,9.0,690
2026-02-14,SKU014,0.0,216,9.0,690
2026-02-15,SKU014,0.0,134,9.0,690
2026-02-16,SKU014,0.0,58,9.0,690
2026-02-17,SKU014,0.0,146,9.0,690
2026-02-18,SKU014,82.0,0,9.0,690
2026-02-19,SKU014,0.0,92,9.0,690
2026-02-20,SKU014,0.0,87,9.0,690
2026-02-21,SKU014,0.0,120,9.0,690
2026-02-22,SKU014,0.0,131,9.0,690
2026-02-23,SKU014,0.0,179,9.0,690
2026-02-24,SKU014,0.0,101,9.0,690
2026-02-25,SKU014,0.0,49,9.0,690
2026-02-26,SKU014,0.0,111,9.0,690
2026-02-27,SKU014,0.0,0,9.0,690
2026-02-28,SKU014,0.0,178,9.0,690
2026-03-01,SKU014,0.0,121,9.0,690
2026-03-02,SKU014,0.0,170,9.0,690
2026-03-03,SKU014,0.0,118,9.0,690
2026-03-04,SKU014,0.0,168,9.0,690
2026-03-05,SKU014,0.0,34,9.0,690
2026-03-06,SKU014,0.0,172,9.0,690
2026-03-07,SKU014,0.0,45,9.0,690
2026-03-08,SKU014,0.0,212,9.0,690
2026-03-09,SKU014,188.0,0,9.0,690
2026-03-10,SKU014,95.0,158,9.0,690
2026-03-11,SKU014,42.0,39,9.0,690
2026-03-12,SKU014,0.0,105,9.0,690
2026-03-13,SKU014,0.0,58,9.0,690
2026-03-14,SKU014,0.0,50,9.0,690
2026-03-15,SKU014,0.0,183,9.0,690
2026-03-16,SKU014,0.0,189,9.0,690
2026-03-17,SKU014,0.0,179,9.0,690
2026-03-18,SKU014,0.0,0,9.0,690
2026-03-19,SKU014,0.0,75,9.0,690
2026-03-20,SKU014,0.0,104,9.0,690
2026-03-21,SKU014,0.0,129,9.0,690
2026-03-22,SKU014,0.0,87,9.0,690
2026-03-23,SKU014,0.0,242,9.0,690
2026-03-24,SKU014,0.0,39,9.0,690
2026-03-25,SKU014,0.0,146,9.0,690
2026-03-26,SKU014,0.0,256,9.0,690
2026-03-27,SKU014,178.0,0,9.0,690
2026-03-28,SKU014,91.0,109,9.0,690
2026-03-29,SKU014,23.0,181,9.0,690
2026-03-30,SKU014,0.0,222,9.0,690
2026-03-31,SKU014,0.0,86,9.0,690
2026-04-01,SKU014,0.0,163,9.0,690
2026-04-02,SKU014,0.0,260,9.0,690
2026-04-03,SKU014,0.0,243,9.0,690
2026-04-04,SKU014,0.0,241,9.0,690
2026-04-05,SKU014,0.0,176,9.0,690
2026-04-06,SKU014,0.0,179,9.0,690
2026-04-07,SKU014,0.0,87,9.0,690
2026-04-08,SKU014,0.0,223,9.0,690
2026-04-09,SKU014,150.0,0,9.0,690
2026-04-10,SKU014,42.0,134,9.0,690
2026-04-11,SKU014,0.0,234,9.0,690
2026-04-12,SKU014,0.0,90,9.0,690
2026-04-13,SKU014,0.0,232,9.0,690
2026-04-14,SKU014,0.0,180,9.0,690
2026-04-15,SKU014,0.0,44,9.0,690
2026-04-16,SKU014,0.0,116,9.0,690
2026-04-17,SKU014,0.0,194,9.0,690
2026-04-18,SKU014,103.0,0,9.0,690
2026-04-19,SKU014,40.0,119,9.0,690
2026-04-20,SKU014,0.0,87,9.0,690
2026-04-21,SKU014,0.0,74,9.0,690
2026-04-22,SKU014,0.0,262,9.0,690
2026-04-23,SKU014,0.0,125,9.0,690
2026-04-24,SKU014,0.0,128,9.0,690
2026-04-25,SKU014,0.0,72,9.0,690
2026-04-26,SKU014,0.0,121,9.0,690
2026-04-27,SKU014,179.0,0,9.0,690
2026-04-28,SKU014,98.0,150,9.0,690
2026-04-29,SKU014,35.0,199,9.0,690
2026-04-30,SKU014,0.0,254,9.0,690
2026-05-01,SKU014,0.0,250,9.0,690
2026-05-02,SKU014,0.0,239,9.0,690
2026-05-03,SKU014,0.0,246,9.0,690
2026-05-04,SKU014,0.0,176,9.0,690
2026-05-05,SKU014,0.0,236,9.0,690
2026-05-06,SKU014,0.0,219,9.0,690
2026-05-07,SKU014,0.0,266,9.0,690
2026-05-08,SKU014,0.0,240,9.0,690
2026-05-09,SKU014,12.0,0,9.0,690
2026-05-10,SKU014,0.0,34,9.0,690
2026-05-11,SKU014,0.0,266,9.0,690
2026-05-12,SKU014,0.0,158,9.0,690
2026-05-13,SKU014,0.0,254,9.0,690
2026-05-14,SKU014,0.0,132,9.0,690
2026-05-15,SKU014,0.0,185,9.0,690
2026-05-16,SKU014,0.0,239,9.0,690
2026-05-17,SKU014,0.0,70,9.0,690
2026-05-18,SKU014,53.0,0,9.0,690
2026-05-19,SKU014,0.0,238,9.0,690
2026-05-20,SKU014,0.0,149,9.0,690
2026-05-21,SKU014,0.0,187,9.0,690
2026-05-22,SKU014,0.0,160,9.0,690
2026-05-23,SKU014,0.0,143,9.0,690
2026-05-24,SKU014,0.0,117,9.0,690
2026-05-25,SKU014,0.0,259,9.0,690
2026-05-26,SKU014,0.0,203,9.0,690
2026-05-27,SKU014,185.0,0,9.0,690
2026-05-28,SKU014,119.0,235,9.0,690
2026-05-29,SKU014,42.0,43,9.0,690
2026-05-30,SKU014,0.0,236,9.0,690
2026-05-31,SKU014,0.0,54,9.0,690
2026-06-01,SKU014,0.0,254,9.0,690
2026-06-02,SKU014,0.0,155,9.0,690
2026-06-03,SKU014,0.0,104,9.0,690
2026-06-04,SKU014,0.0,189,9.0,690
2026-06-05,SKU014,0.0,245,9.0,690
2026-06-06,SKU014,0.0,265,9.0,690
2026-06-07,SKU014,0.0,85,9.0,690
2026-06-08,SKU014,0.0,207,9.0,690
2026-06-09,SKU014,0.0,0,9.0,690
2026-06-10,SKU014,0.0,42,9.0,690
2026-06-11,SKU014,0.0,72,9.0,690
2026-06-12,SKU014,0.0,213,9.0,690
2026-06-13,SKU014,0.0,62,9.0,690
2026-06-14,SKU014,0.0,204,9.0,690
2026-06-15,SKU014,0.0,257,9.0,690
2026-06-16,SKU014,0.0,205,9.0,690
2026-06-17,SKU014,0.0,96,9.0,690
2026-06-18,SKU014,112.0,0,9.0,690
2026-06-19,SKU014,0.0,220,9.0,690
2026-06-20,SKU014,0.0,174,9.0,690
2026-06-21,SKU014,0.0,261,9.0,690
2026-06-22,SKU014,0.0,75,9.0,690
2026-06-23,SKU014,0.0,35,9.0,690
2026-06-24,SKU014,0.0,94,9.0,690
2026-06-25,SKU014,0.0,101,9.0,690
2026-06-26,SKU014,0.0,73,9.0,690
2026-06-27,SKU014,35.0,0,9.0,690
2026-06-28,SKU014,0.0,58,9.0,690
2026-06-29,SKU014,0.0,179,9.0,690
2026-06-30,SKU014,0.0,62,9.0,690
2025-01-01,SKU015,284.0,63,7.0,373
2025-01-02,SKU015,284.0,230,7.0,373
2025-01-03,SKU015,284.0,49,7.0,373
2025-01-04,SKU015,284.0,71,7.0,373
2025-01-05,SKU015,284.0,109,7.0,373
2025-01-06,SKU015,284.0,199,7.0,373
2025-01-07,SKU015,427.0,0,7.0,373
2025-01-08,SKU015,427.0,103,7.0,373
2025-01-09,SKU015,427.0,128,7.0,373
2025-01-10,SKU015,427.0,207,7.0,373
2025-01-11,SKU015,427.0,121,7.0,373
2025-01-12,SKU015,427.0,78,7.0,373
2025-01-13,SKU015,427.0,72,7.0,373
2025-01-14,SKU015,631.0,0,7.0,373
2025-01-15,SKU015,631.0,81,7.0,373
2025-01-16,SKU015,631.0,140,7.0,373
2025-01-17,SKU015,631.0,174,7.0,373
2025-01-18,SKU015,631.0,61,7.0,373
2025-01-19,SKU015,631.0,33,7.0,373
2025-01-20,SKU015,631.0,235,7.0,373
2025-01-21,SKU015,830.0,0,7.0,373
2025-01-22,SKU015,830.0,226,7.0,373
2025-01-23,SKU015,830.0,147,7.0,373
2025-01-24,SKU015,830.0,76,7.0,373
2025-01-25,SKU015,830.0,138,7.0,373
2025-01-26,SKU015,830.0,188,7.0,373
2025-01-27,SKU015,830.0,154,7.0,373
2025-01-28,SKU015,958.0,0,7.0,373
2025-01-29,SKU015,958.0,145,7.0,373
2025-01-30,SKU015,958.0,76,7.0,373
2025-01-31,SKU015,958.0,110,7.0,373
2025-02-01,SKU015,879.0,124,7.0,373
2025-02-02,SKU015,828.0,187,7.0,373
2025-02-03,SKU015,771.0,140,7.0,373
2025-02-04,SKU015,692.0,123,7.0,373
2025-02-05,SKU015,629.0,227,,373
2025-02-06,SKU015,555.0,73,7.0,373
2025-02-07,SKU015,658.0,0,7.0,373
2025-02-08,SKU015,584.0,30,7.0,373
2025-02-09,SKU015,530.0,111,7.0,373
2025-02-10,SKU015,478.0,69,7.0,373
2025-02-11,SKU015,411.0,129,7.0,373
2025-02-12,SKU015,341.0,132,7.0,373
2025-02-13,SKU015,263.0,110,7.0,373
2025-02-14,SKU015,247.0,0,7.0,373
2025-02-15,SKU015,186.0,77,7.0,373
2025-02-16,SKU015,120.0,84,7.0,373
2025-02-17,SKU015,68.0,126,7.0,373
2025-02-18,SKU015,7.0,117,,373
2025-02-19,SKU015,0.0,71,7.0,373
2025-02-20,SKU015,0.0,156,7.0,373
2025-02-21,SKU015,57.0,0,7.0,373
2025-02-22,SKU015,0.0,75,7.0,373
2025-02-23,SKU015,0.0,45,7.0,373
2025-02-24,SKU015,0.0,55,7.0,373
2025-02-25,SKU015,0.0,44,7.0,373
2025-02-26,SKU015,0.0,38,7.0,373
2025-02-27,SKU015,0.0,49,7.0,373
2025-02-28,SKU015,5.0,0,7.0,373
2025-03-01,SKU015,0.0,140,7.0,373
2025-03-02,SKU015,0.0,127,7.0,373
2025-03-03,SKU015,0.0,217,7.0,373
2025-03-04,SKU015,0.0,218,7.0,373
2025-03-05,SKU015,0.0,67,7.0,373
2025-03-06,SKU015,0.0,210,7.0,373
2025-03-07,SKU015,88.0,0,7.0,373
2025-03-08,SKU015,0.0,183,7.0,373
2025-03-09,SKU015,0.0,194,7.0,373
2025-03-10,SKU015,0.0,113,7.0,373
2025-03-11,SKU015,0.0,118,7.0,373
2025-03-12,SKU015,0.0,186,7.0,373
2025-03-13,SKU015,0.0,200,7.0,373
2025-03-14,SKU015,61.0,0,7.0,373
2025-03-15,SKU015,0.0,81,7.0,373
2025-03-16,SKU015,0.0,168,7.0,373
2025-03-17,SKU015,0.0,191,7.0,373
2025-03-18,SKU015,0.0,188,7.0,373
2025-03-19,SKU015,0.0,110,7.0,373
2025-03-20,SKU015,0.0,67,7.0,373
2025-03-21,SKU015,50.0,0,7.0,373
2025-03-22,SKU015,0.0,88,7.0,373
2025-03-23,SKU015,0.0,95,7.0,373
2025-03-24,SKU015,0.0,172,7.0,373
2025-03-25,SKU015,0.0,96,7.0,373
2025-03-26,SKU015,0.0,196,7.0,373
2025-03-27,SKU015,0.0,111,7.0,373
2025-03-28,SKU015,0.0,0,7.0,373
2025-03-29,SKU015,0.0,123,7.0,373
2025-03-30,SKU015,0.0,102,7.0,373
2025-03-31,SKU015,0.0,96,7.0,373
2025-04-01,SKU015,0.0,71,7.0,373
2025-04-02,SKU015,0.0,79,7.0,373
2025-04-03,SKU015,0.0,186,7.0,373
2025-04-04,SKU015,0.0,188,7.0,373
2025-04-05,SKU015,0.0,117,7.0,373
2025-04-06,SKU015,0.0,89,7.0,373
2025-04-07,SKU015,83.0,0,7.0,373
2025-04-08,SKU015,15.0,167,7.0,373
2025-04-09,SKU015,0.0,144,7.0,373
2025-04-10,SKU015,0.0,186,7.0,373
2025-04-11,SKU015,0.0,117,7.0,373
2025-04-12,SKU015,0.0,164,7.0,373
2025-04-13,SKU015,0.0,136,7.0,373
2025-04-14,SKU015,33.0,0,7.0,373
2025-04-15,SKU015,0.0,57,7.0,373
2025-04-16,SKU015,0.0,69,7.0,373
2025-04-17,SKU015,0.0,131,7.0,373
2025-04-18,SKU015,0.0,71,7.0,373
2025-04-19,SKU015,0.0,229,7.0,373
2025-04-20,SKU015,0.0,104,7.0,373
2025-04-21,SKU015,0.0,0,7.0,373
2025-04-22,SKU015,0.0,223,7.0,373
2025-04-23,SKU015,0.0,204,7.0,373
2025-04-24,SKU015,0.0,81,7.0,373
2025-04-25,SKU015,0.0,168,7.0,373
2025-04-26,SKU015,0.0,179,7.0,373
2025-04-27,SKU015,0.0,132,7.0,373
2025-04-28,SKU015,101.0,0,7.0,373
2025-04-29,SKU015,29.0,205,7.0,373
2025-04-30,SKU015,0.0,131,7.0,373
2025-05-01,SKU015,0.0,124,7.0,373
2025-05-02,SKU015,0.0,183,7.0,373
2025-05-03,SKU015,0.0,226,7.0,373
2025-05-04,SKU015,0.0,221,7.0,373
2025-05-05,SKU015,0.0,157,7.0,373
2025-05-06,SKU015,0.0,143,7.0,373
2025-05-07,SKU015,102.0,0,7.0,373
2025-05-08,SKU015,37.0,41,7.0,373
2025-05-09,SKU015,0.0,214,7.0,373
2025-05-10,SKU015,0.0,37,7.0,373
2025-05-11,SKU015,0.0,44,7.0,373
2025-05-12,SKU015,0.0,37,7.0,373
2025-05-13,SKU015,0.0,181,7.0,373
2025-05-14,SKU015,13.0,0,7.0,373
2025-05-15,SKU015,0.0,114,7.0,373
2025-05-16,SKU015,0.0,81,7.0,373
2025-05-17,SKU015,0.0,221,7.0,373
2025-05-18,SKU015,0.0,236,7.0,373
2025-05-19,SKU015,0.0,121,7.0,373
2025-05-20,SKU015,0.0,199,7.0,373
2025-05-21,SKU015,32.0,0,7.0,373
2025-05-22,SKU015,0.0,164,7.0,373
2025-05-23,SKU015,0.0,57,7.0,373
2025-05-24,SKU015,0.0,209,7.0,373
2025-05-25,SKU015,0.0,119,7.0,373
2025-05-26,SKU015,0.0,180,7.0,373
2025-05-27,SKU015,0.0,163,7.0,373
2025-05-28,SKU015,117.0,0,7.0,373
2025-05-29,SKU015,55.0,108,7.0,373
2025-05-30,SKU015,0.0,155,7.0,373
2025-05-31,SKU015,0.0,156,7.0,373
2025-06-01,SKU015,0.0,71,7.0,373
2025-06-02,SKU015,0.0,68,7.0,373
2025-06-03,SKU015,0.0,177,7.0,373
2025-06-04,SKU015,0.0,78,7.0,373
2025-06-05,SKU015,0.0,160,7.0,373
2025-06-06,SKU015,0.0,229,7.0,373
2025-06-07,SKU015,0.0,0,7.0,373
2025-06-08,SKU015,0.0,212,7.0,373
2025-06-09,SKU015,0.0,138,7.0,373
2025-06-10,SKU015,0.0,152,7.0,373
2025-06-11,SKU015,0.0,85,7.0,373
2025-06-12,SKU015,0.0,222,7.0,373
2025-06-13,SKU015,0.0,177,7.0,373
2025-06-14,SKU015,63.0,0,7.0,373
2025-06-15,SKU015,0.0,207,7.0,373
2025-06-16,SKU015,0.0,52,7.0,373
2025-06-17,SKU015,0.0,50,7.0,373
2025-06-18,SKU015,0.0,46,7.0,373
2025-06-19,SKU015,0.0,213,7.0,373
2025-06-20,SKU015,0.0,217,7.0,373
2025-06-21,SKU015,25.0,0,7.0,373
2025-06-22,SKU015,0.0,168,7.0,373
2025-06-23,SKU015,0.0,206,7.0,373
2025-06-24,SKU015,0.0,104,7.0,373
2025-06-25,SKU015,0.0,84,7.0,373
2025-06-26,SKU015,0.0,231,7.0,373
2025-06-27,SKU015,0.0,69,7.0,373
2025-06-28,SKU015,17.0,0,7.0,373
2025-06-29,SKU015,0.0,152,7.0,373
2025-06-30,SKU015,0.0,107,7.0,373
2025-07-01,SKU015,0.0,132,7.0,373
2025-07-02,SKU015,0.0,197,7.0,373
2025-07-03,SKU015,0.0,179,7.0,373
2025-07-04,SKU015,0.0,195,7.0,373
2025-07-05,SKU015,0.0,88,7.0,373
2025-07-06,SKU015,0.0,84,7.0,373
2025-07-07,SKU015,29.0,0,7.0,373
2025-07-08,SKU015,0.0,141,7.0,373
2025-07-09,SKU015,0.0,63,7.0,373
2025-07-10,SKU015,0.0,230,7.0,373
2025-07-11,SKU015,0.0,200,7.0,373
2025-07-12,SKU015,0.0,234,7.0,373
2025-07-13,SKU015,0.0,80,7.0,373
2025-07-14,SKU015,99.0,0,7.0,373
2025-07-15,SKU015,28.0,218,7.0,373
2025-07-16,SKU015,0.0,121,7.0,373
2025-07-17,SKU015,0.0,130,7.0,373
2025-07-18,SKU015,0.0,38,7.0,373
2025-07-19,SKU015,0.0,228,7.0,373
2025-07-20,SKU015,0.0,184,7.0,373
2025-07-21,SKU015,168.0,0,7.0,373
2025-07-22,SKU015,99.0,76,7.0,373
2025-07-23,SKU015,30.0,190,7.0,373
2025-07-24,SKU015,0.0,73,7.0,373
2025-07-25,SKU015,0.0,61,7.0,373
2025-07-26,SKU015,0.0,220,7.0,373
2025-07-27,SKU015,0.0,56,7.0,373
2025-07-28,SKU015,119.0,0,7.0,373
2025-07-29,SKU015,50.0,116,7.0,373
2025-07-30,SKU015,0.0,223,7.0,373
2025-07-31,SKU015,0.0,137,7.0,373
2025-08-01,SKU015,0.0,162,7.0,373
2025-08-02,SKU015,0.0,188,7.0,373
2025-08-03,SKU015,0.0,102,7.0,373
2025-08-04,SKU015,0.0,225,7.0,373
2025-08-05,SKU015,0.0,45,7.0,373
2025-08-06,SKU015,0.0,56,7.0,373
2025-08-07,SKU015,106.0,0,7.0,373
2025-08-08,SKU015,15.0,120,7.0,373
2025-08-09,SKU015,0.0,100,7.0,373
2025-08-10,SKU015,0.0,187,7.0,373
2025-08-11,SKU015,0.0,189,7.0,373
2025-08-12,SKU015,0.0,210,7.0,373
2025-08-13,SKU015,0.0,65,7.0,373
2025-08-14,SKU015,115.0,0,7.0,373
2025-08-15,SKU015,29.0,170,7.0,373
2025-08-16,SKU015,0.0,207,7.0,373
2025-08-17,SKU015,0.0,153,7.0,373
2025-08-18,SKU015,0.0,213,7.0,373
2025-08-19,SKU015,0.0,191,7.0,373
2025-08-20,SKU015,0.0,223,7.0,373
2025-08-21,SKU015,83.0,0,7.0,373
2025-08-22,SKU015,21.0,115,7.0,373
2025-08-23,SKU015,0.0,112,7.0,373
2025-08-24,SKU015,0.0,114,7.0,373
2025-08-25,SKU015,0.0,170,7.0,373
2025-08-26,SKU015,0.0,99,7.0,373
2025-08-27,SKU015,0.0,31,7.0,373
2025-08-28,SKU015,0.0,0,7.0,373
2025-08-29,SKU015,0.0,195,7.0,373
2025-08-30,SKU015,0.0,221,7.0,373
2025-08-31,SKU015,0.0,44,7.0,373
2025-09-01,SKU015,0.0,97,7.0,373
2025-09-02,SKU015,0.0,139,7.0,373
2025-09-03,SKU015,0.0,189,7.0,373
2025-09-04,SKU015,0.0,174,7.0,373
2025-09-05,SKU015,0.0,235,7.0,373
2025-09-06,SKU015,0.0,151,7.0,373
2025-09-07,SKU015,48.0,0,7.0,373
2025-09-08,SKU015,1.0,218,7.0,373
2025-09-09,SKU015,0.0,91,7.0,373
2025-09-10,SKU015,0.0,73,7.0,373
2025-09-11,SKU015,0.0,86,7.0,373
2025-09-12,SKU015,0.0,94,7.0,373
2025-09-13,SKU015,0.0,129,7.0,373
2025-09-14,SKU015,41.0,0,7.0,373
2025-09-15,SKU015,0.0,206,7.0,373
2025-09-16,SKU015,0.0,235,7.0,373
2025-09-17,SKU015,0.0,230,7.0,373
2025-09-18,SKU015,0.0,171,7.0,373
2025-09-19,SKU015,0.0,175,7.0,373
2025-09-20,SKU015,0.0,40,7.0,373
2025-09-21,SKU015,76.0,0,7.0,373
2025-09-22,SKU015,24.0,154,7.0,373
2025-09-23,SKU015,0.0,219,7.0,373
2025-09-24,SKU015,0.0,47,7.0,373
2025-09-25,SKU015,0.0,136,7.0,373
2025-09-26,SKU015,0.0,119,7.0,373
2025-09-27,SKU015,0.0,61,7.0,373
2025-09-28,SKU015,167.0,0,7.0,373
2025-09-29,SKU015,113.0,220,7.0,373
2025-09-30,SKU015,54.0,59,7.0,373
2025-10-01,SKU015,0.0,80,7.0,373
2025-10-02,SKU015,0.0,148,7.0,373
2025-10-03,SKU015,0.0,82,7.0,373
2025-10-04,SKU015,0.0,170,7.0,373
2025-10-05,SKU015,0.0,196,7.0,373
2025-10-06,SKU015,0.0,116,7.0,373
2025-10-07,SKU015,149.0,0,7.0,373
2025-10-08,SKU015,48.0,61,7.0,373
2025-10-09,SKU015,0.0,72,7.0,373
2025-10-10,SKU015,0.0,180,7.0,373
2025-10-11,SKU015,0.0,141,7.0,373
2025-10-12,SKU015,0.0,159,7.0,373
2025-10-13,SKU015,0.0,141,7.0,373
2025-10-14,SKU015,150.0,0,7.0,373
2025-10-15,SKU015,79.0,109,7.0,373
2025-10-16,SKU015,11.0,42,7.0,373
2025-10-17,SKU015,0.0,172,7.0,373
2025-10-18,SKU015,0.0,136,7.0,373
2025-10-19,SKU015,0.0,157,7.0,373
2025-10-20,SKU015,0.0,78,7.0,373
2025-10-21,SKU015,113.0,0,7.0,373
2025-10-22,SKU015,53.0,42,7.0,373
2025-10-23,SKU015,0.0,70,7.0,373
2025-10-24,SKU015,0.0,31,7.0,373
2025-10-25,SKU015,0.0,173,7.0,373
2025-10-26,SKU015,0.0,189,7.0,373
2025-10-27,SKU015,0.0,142,7.0,373
2025-10-28,SKU015,0.0,0,7.0,373
2025-10-29,SKU015,0.0,39,7.0,373
2025-10-30,SKU015,0.0,90,7.0,373
2025-10-31,SKU015,0.0,110,7.0,373
2025-11-01,SKU015,0.0,128,7.0,373
2025-11-02,SKU015,0.0,188,7.0,373
2025-11-03,SKU015,0.0,225,7.0,373
2025-11-04,SKU015,0.0,196,7.0,373
2025-11-05,SKU015,0.0,102,7.0,373
2025-11-06,SKU015,0.0,33,7.0,373
2025-11-07,SKU015,141.0,0,7.0,373
2025-11-08,SKU015,56.0,171,7.0,373
2025-11-09,SKU015,0.0,96,7.0,373
2025-11-10,SKU015,0.0,223,7.0,373
2025-11-11,SKU015,0.0,48,7.0,373
2025-11-12,SKU015,0.0,101,7.0,373
2025-11-13,SKU015,0.0,133,7.0,373
2025-11-14,SKU015,14.0,0,7.0,373
2025-11-15,SKU015,0.0,53,7.0,373
2025-11-16,SKU015,0.0,55,7.0,373
2025-11-17,SKU015,0.0,167,7.0,373
2025-11-18,SKU015,0.0,230,7.0,373
2025-11-19,SKU015,0.0,234,7.0,373
2025-11-20,SKU015,0.0,128,7.0,373
2025-11-21,SKU015,109.0,0,7.0,373
2025-11-22,SKU015,0.0,73,7.0,373
2025-11-23,SKU015,0.0,173,7.0,373
2025-11-24,SKU015,0.0,124,7.0,373
2025-11-25,SKU015,0.0,163,7.0,373
2025-11-26,SKU015,0.0,36,7.0,373
2025-11-27,SKU015,0.0,188,7.0,373
2025-11-28,SKU015,51.0,0,7.0,373
2025-11-29,SKU015,0.0,143,7.0,373
2025-11-30,SKU015,0.0,76,7.0,373
2025-12-01,SKU015,0.0,104,7.0,373
2025-12-02,SKU015,0.0,40,7.0,373
2025-12-03,SKU015,0.0,101,7.0,373
2025-12-04,SKU015,0.0,86,7.0,373
2025-12-05,SKU015,0.0,192,7.0,373
2025-12-06,SKU015,0.0,57,7.0,373
2025-12-07,SKU015,0.0,0,7.0,373
2025-12-08,SKU015,0.0,196,7.0,373
2025-12-09,SKU015,0.0,151,7.0,373
2025-12-10,SKU015,0.0,164,7.0,373
2025-12-11,SKU015,0.0,56,7.0,373
2025-12-12,SKU015,0.0,165,7.0,373
2025-12-13,SKU015,0.0,163,7.0,373
2025-12-14,SKU015,89.0,0,7.0,373
2025-12-15,SKU015,6.0,229,7.0,373
2025-12-16,SKU015,0.0,86,7.0,373
2025-12-17,SKU015,0.0,149,7.0,373
2025-12-18,SKU015,0.0,56,7.0,373
2025-12-19,SKU015,0.0,110,7.0,373
2025-12-20,SKU015,0.0,84,7.0,373
2025-12-21,SKU015,44.0,0,7.0,373
2025-12-22,SKU015,0.0,188,7.0,373
2025-12-23,SKU015,0.0,208,7.0,373
2025-12-24,SKU015,0.0,81,7.0,373
2025-12-25,SKU015,0.0,164,7.0,373
2025-12-26,SKU015,0.0,135,7.0,373
2025-12-27,SKU015,0.0,141,7.0,373
2025-12-28,SKU015,0.0,0,7.0,373
2025-12-29,SKU015,0.0,177,7.0,373
2025-12-30,SKU015,0.0,159,7.0,373
2025-12-31,SKU015,0.0,218,7.0,373
2026-01-01,SKU015,0.0,154,7.0,373
2026-01-02,SKU015,0.0,174,7.0,373
2026-01-03,SKU015,0.0,101,7.0,373
2026-01-04,SKU015,0.0,68,7.0,373
2026-01-05,SKU015,0.0,226,7.0,373
2026-01-06,SKU015,0.0,155,7.0,373
2026-01-07,SKU015,59.0,0,7.0,373
2026-01-08,SKU015,0.0,237,7.0,373
2026-01-09,SKU015,0.0,84,7.0,373
2026-01-10,SKU015,0.0,176,7.0,373
2026-01-11,SKU015,0.0,76,7.0,373
2026-01-12,SKU015,0.0,121,7.0,373
2026-01-13,SKU015,0.0,108,7.0,373
2026-01-14,SKU015,112.0,0,7.0,373
2026-01-15,SKU015,57.0,126,7.0,373
2026-01-16,SKU015,0.0,101,7.0,373
2026-01-17,SKU015,0.0,90,7.0,373
2026-01-18,SKU015,0.0,204,7.0,373
2026-01-19,SKU015,0.0,73,7.0,373
2026-01-20,SKU015,0.0,125,7.0,373
2026-01-21,SKU015,37.0,0,7.0,373
2026-01-22,SKU015,0.0,127,7.0,373
2026-01-23,SKU015,0.0,168,7.0,373
2026-01-24,SKU015,0.0,214,7.0,373
2026-01-25,SKU015,0.0,62,7.0,373
2026-01-26,SKU015,0.0,178,7.0,373
2026-01-27,SKU015,0.0,59,7.0,373
2026-01-28,SKU015,0.0,0,7.0,373
2026-01-29,SKU015,0.0,31,7.0,373
2026-01-30,SKU015,0.0,216,7.0,373
2026-01-31,SKU015,0.0,205,7.0,373
2026-02-01,SKU015,0.0,97,7.0,373
2026-02-02,SKU015,0.0,164,7.0,373
2026-02-03,SKU015,0.0,60,7.0,373
2026-02-04,SKU015,0.0,186,7.0,373
2026-02-05,SKU015,0.0,237,7.0,373
2026-02-06,SKU015,0.0,226,7.0,373
2026-02-07,SKU015,90.0,0,7.0,373
2026-02-08,SKU015,46.0,122,7.0,373
2026-02-09,SKU015,0.0,105,7.0,373
2026-02-10,SKU015,0.0,87,7.0,373
2026-02-11,SKU015,0.0,47,7.0,373
2026-02-12,SKU015,0.0,73,7.0,373
2026-02-13,SKU015,0.0,145,7.0,373
2026-02-14,SKU015,0.0,0,7.0,373
2026-02-15,SKU015,0.0,180,7.0,373
2026-02-16,SKU015,0.0,189,7.0,373
2026-02-17,SKU015,0.0,128,7.0,373
2026-02-18,SKU015,0.0,218,7.0,373
2026-02-19,SKU015,0.0,199,7.0,373
2026-02-20,SKU015,0.0,45,7.0,373
2026-02-21,SKU015,115.0,0,7.0,373
2026-02-22,SKU015,44.0,202,7.0,373
2026-02-23,SKU015,0.0,101,7.0,373
2026-02-24,SKU015,0.0,132,7.0,373
2026-02-25,SKU015,0.0,44,7.0,373
2026-02-26,SKU015,0.0,85,7.0,373
2026-02-27,SKU015,0.0,227,7.0,373
2026-02-28,SKU015,148.0,0,7.0,373
2026-03-01,SKU015,81.0,171,7.0,373
2026-03-02,SKU015,16.0,33,7.0,373
2026-03-03,SKU015,0.0,34,7.0,373
2026-03-04,SKU015,0.0,153,7.0,373
2026-03-05,SKU015,0.0,77,7.0,373
2026-03-06,SKU015,0.0,165,7.0,373
2026-03-07,SKU015,0.0,0,7.0,373
2026-03-08,SKU015,0.0,235,7.0,373
2026-03-09,SKU015,0.0,53,7.0,373
2026-03-10,SKU015,0.0,99,7.0,373
2026-03-11,SKU015,0.0,50,7.0,373
2026-03-12,SKU015,0.0,109,7.0,373
2026-03-13,SKU015,0.0,99,7.0,373
2026-03-14,SKU015,74.0,0,7.0,373
2026-03-15,SKU015,0.0,208,7.0,373
2026-03-16,SKU015,0.0,198,7.0,373
2026-03-17,SKU015,0.0,182,7.0,373
2026-03-18,SKU015,0.0,237,7.0,373
2026-03-19,SKU015,0.0,38,7.0,373
2026-03-20,SKU015,0.0,193,7.0,373
2026-03-21,SKU015,0.0,0,7.0,373
2026-03-22,SKU015,0.0,156,7.0,373
2026-03-23,SKU015,0.0,198,7.0,373
2026-03-24,SKU015,0.0,167,7.0,373
2026-03-25,SKU015,0.0,53,7.0,373
2026-03-26,SKU015,0.0,67,7.0,373
2026-03-27,SKU015,0.0,214,7.0,373
2026-03-28,SKU015,153.0,0,7.0,373
2026-03-29,SKU015,89.0,185,7.0,373
2026-03-30,SKU015,18.0,90,7.0,373
2026-03-31,SKU015,0.0,81,7.0,373
2026-04-01,SKU015,0.0,44,7.0,373
2026-04-02,SKU015,0.0,127,7.0,373
2026-04-03,SKU015,0.0,111,7.0,373
2026-04-04,SKU015,0.0,80,7.0,373
2026-04-05,SKU015,0.0,164,7.0,373
2026-04-06,SKU015,0.0,72,7.0,373
2026-04-07,SKU015,0.0,0,7.0,373
2026-04-08,SKU015,0.0,119,7.0,373
2026-04-09,SKU015,0.0,180,7.0,373
2026-04-10,SKU015,0.0,67,7.0,373
2026-04-11,SKU015,0.0,152,7.0,373
2026-04-12,SKU015,0.0,47,7.0,373
2026-04-13,SKU015,0.0,85,7.0,373
2026-04-14,SKU015,102.0,0,7.0,373
2026-04-15,SKU015,10.0,60,7.0,373
2026-04-16,SKU015,0.0,168,7.0,373
2026-04-17,SKU015,0.0,32,7.0,373
2026-04-18,SKU015,0.0,143,7.0,373
2026-04-19,SKU015,0.0,80,7.0,373
2026-04-20,SKU015,0.0,76,7.0,373
2026-04-21,SKU015,55.0,0,7.0,373
2026-04-22,SKU015,0.0,235,7.0,373
2026-04-23,SKU015,0.0,78,7.0,373
2026-04-24,SKU015,0.0,144,7.0,373
2026-04-25,SKU015,0.0,108,7.0,373
2026-04-26,SKU015,0.0,174,7.0,373
2026-04-27,SKU015,0.0,223,7.0,373
2026-04-28,SKU015,44.0,0,7.0,373
2026-04-29,SKU015,0.0,218,7.0,373
2026-04-30,SKU015,0.0,220,7.0,373
2026-05-01,SKU015,0.0,211,7.0,373
2026-05-02,SKU015,0.0,81,7.0,373
2026-05-03,SKU015,0.0,175,7.0,373
2026-05-04,SKU015,0.0,100,7.0,373
2026-05-05,SKU015,0.0,69,7.0,373
2026-05-06,SKU015,0.0,125,7.0,373
2026-05-07,SKU015,49.0,0,7.0,373
2026-05-08,SKU015,0.0,164,7.0,373
2026-05-09,SKU015,0.0,96,7.0,373
2026-05-10,SKU015,0.0,46,7.0,373
2026-05-11,SKU015,0.0,89,7.0,373
2026-05-12,SKU015,0.0,200,7.0,373
2026-05-13,SKU015,0.0,209,7.0,373
2026-05-14,SKU015,0.0,0,7.0,373
2026-05-15,SKU015,0.0,71,7.0,373
2026-05-16,SKU015,0.0,42,7.0,373
2026-05-17,SKU015,0.0,133,7.0,373
2026-05-18,SKU015,0.0,65,7.0,373
2026-05-19,SKU015,0.0,191,7.0,373
2026-05-20,SKU015,0.0,200,7.0,373
2026-05-21,SKU015,86.0,0,7.0,373
2026-05-22,SKU015,0.0,126,7.0,373
2026-05-23,SKU015,0.0,141,7.0,373
2026-05-24,SKU015,0.0,79,7.0,373
2026-05-25,SKU015,0.0,173,7.0,373
2026-05-26,SKU015,0.0,170,7.0,373
2026-05-27,SKU015,0.0,59,7.0,373
2026-05-28,SKU015,14.0,0,7.0,373
2026-05-29,SKU015,0.0,129,7.0,373
2026-05-30,SKU015,0.0,219,7.0,373
2026-05-31,SKU015,0.0,63,7.0,373
2026-06-01,SKU015,0.0,44,7.0,373
2026-06-02,SKU015,0.0,57,7.0,373
2026-06-03,SKU015,0.0,78,7.0,373
2026-06-04,SKU015,0.0,156,7.0,373
2026-06-05,SKU015,0.0,36,7.0,373
2026-06-06,SKU015,0.0,36,7.0,373
2026-06-07,SKU015,145.0,0,7.0,373
2026-06-08,SKU015,57.0,54,7.0,373
2026-06-09,SKU015,0.0,97,7.0,373
2026-06-10,SKU015,0.0,104,7.0,373
2026-06-11,SKU015,0.0,195,7.0,373
2026-06-12,SKU015,0.0,219,7.0,373
2026-06-13,SKU015,0.0,190,7.0,373
2026-06-14,SKU015,38.0,0,7.0,373
2026-06-15,SKU015,0.0,142,7.0,373
2026-06-16,SKU015,0.0,120,7.0,373
2026-06-17,SKU015,0.0,233,7.0,373
2026-06-18,SKU015,0.0,229,7.0,373
2026-06-19,SKU015,0.0,188,7.0,373
2026-06-20,SKU015,0.0,212,7.0,373
2026-06-21,SKU015,53.0,0,7.0,373
2026-06-22,SKU015,0.0,146,7.0,373
2026-06-23,SKU015,0.0,184,7.0,373
2026-06-24,SKU015,0.0,102,7.0,373
2026-06-25,SKU015,0.0,167,7.0,373
2026-06-26,SKU015,0.0,117,7.0,373
2026-06-27,SKU015,0.0,221,7.0,373
2026-06-28,SKU015,8.0,0,7.0,373
2026-06-29,SKU015,0.0,162,7.0,373
2026-06-30,SKU015,0.0,33,7.0,373
2025-01-01,SKU016,474.0,279,3.0,255
2025-01-02,SKU016,399.0,177,3.0,255
2025-01-03,SKU016,486.0,0,3.0,255
2025-01-04,SKU016,391.0,126,3.0,255
2025-01-05,SKU016,308.0,300,3.0,255
2025-01-06,SKU016,432.0,0,3.0,255
2025-01-07,SKU016,329.0,109,3.0,255
2025-01-08,SKU016,223.0,283,3.0,255
2025-01-09,SKU016,366.0,0,3.0,255
2025-01-10,SKU016,243.0,226,3.0,255
2025-01-11,SKU016,108.0,73,3.0,255
2025-01-12,SKU016,7.0,0,3.0,255
2025-01-13,SKU016,0.0,200,3.0,255
2025-01-14,SKU016,0.0,85,3.0,255
2025-01-15,SKU016,81.0,0,3.0,255
2025-01-16,SKU016,2.0,204,3.0,255
2025-01-17,SKU016,0.0,128,3.0,255
2025-01-18,SKU016,56.0,0,3.0,255
2025-01-19,SKU016,0.0,266,3.0,255
2025-01-20,SKU016,0.0,225,3.0,255
2025-01-21,SKU016,29.0,0,3.0,255
2025-01-22,SKU016,0.0,176,3.0,255
2025-01-23,SKU016,0.0,163,3.0,255
2025-01-24,SKU016,0.0,0,3.0,255
2025-01-25,SKU016,0.0,137,3.0,255
2025-01-26,SKU016,0.0,72,3.0,255
2025-01-27,SKU016,8.0,0,3.0,255
2025-01-28,SKU016,0.0,131,3.0,255
2025-01-29,SKU016,0.0,311,3.0,255
2025-01-30,SKU016,90.0,0,3.0,255
2025-01-31,SKU016,0.0,123,3.0,255
2025-02-01,SKU016,0.0,84,3.0,255
2025-02-02,SKU016,0.0,143,3.0,255
2025-02-03,SKU016,35.0,0,3.0,255
2025-02-04,SKU016,0.0,278,3.0,255
2025-02-05,SKU016,0.0,183,3.0,255
2025-02-06,SKU016,207.0,0,3.0,255
2025-02-07,SKU016,112.0,128,3.0,255
2025-02-08,SKU016,25.0,74,3.0,255
2025-02-09,SKU016,204.0,0,3.0,255
2025-02-10,SKU016,122.0,214,3.0,255
2025-02-11,SKU016,45.0,228,3.0,255
2025-02-12,SKU016,33.0,0,3.0,255
2025-02-13,SKU016,0.0,125,3.0,255
2025-02-14,SKU016,0.0,55,3.0,255
2025-02-15,SKU016,0.0,0,3.0,255
2025-02-16,SKU016,0.0,223,3.0,255
2025-02-17,SKU016,0.0,260,3.0,255
2025-02-18,SKU016,210.0,0,3.0,255
2025-02-19,SKU016,129.0,133,3.0,255
2025-02-20,SKU016,40.0,110,3.0,255
2025-02-21,SKU016,223.0,0,3.0,255
2025-02-22,SKU016,108.0,137,3.0,255
2025-02-23,SKU016,22.0,151,3.0,255
2025-02-24,SKU016,33.0,0,3.0,255
2025-02-25,SKU016,0.0,53,3.0,255
2025-02-26,SKU016,0.0,91,3.0,255
2025-02-27,SKU016,0.0,0,3.0,255
2025-02-28,SKU016,0.0,242,3.0,255
2025-03-01,SKU016,0.0,214,3.0,255
2025-03-02,SKU016,0.0,57,3.0,255
2025-03-03,SKU016,0.0,0,3.0,255
2025-03-04,SKU016,0.0,168,3.0,255
2025-03-05,SKU016,0.0,194,3.0,255
2025-03-06,SKU016,163.0,0,3.0,255
2025-03-07,SKU016,75.0,122,3.0,255
2025-03-08,SKU016,0.0,193,3.0,255
2025-03-09,SKU016,105.0,0,3.0,255
2025-03-10,SKU016,23.0,47,3.0,255
2025-03-11,SKU016,0.0,310,3.0,255
2025-03-12,SKU016,218.0,0,3.0,255
2025-03-13,SKU016,131.0,142,3.0,255
2025-03-14,SKU016,35.0,201,3.0,255
2025-03-15,SKU016,86.0,0,3.0,255
2025-03-16,SKU016,5.0,268,3.0,255
2025-03-17,SKU016,0.0,63,3.0,255
2025-03-18,SKU016,2.0,0,3.0,255
2025-03-19,SKU016,0.0,238,3.0,255
2025-03-20,SKU016,0.0,106,3.0,255
2025-03-21,SKU016,168.0,0,3.0,255
2025-03-22,SKU016,39.0,267,3.0,255
2025-03-23,SKU016,0.0,266,3.0,255
2025-03-24,SKU016,0.0,0,3.0,255
2025-03-25,SKU016,0.0,93,3.0,255
2025-03-26,SKU016,0.0,261,3.0,255
2025-03-27,SKU016,52.0,0,3.0,255
2025-03-28,SKU016,0.0,243,3.0,255
2025-03-29,SKU016,0.0,210,3.0,255
2025-03-30,SKU016,193.0,0,3.0,255
2025-03-31,SKU016,97.0,257,3.0,255
2025-04-01,SKU016,6.0,222,3.0,255
2025-04-02,SKU016,0.0,213,3.0,255
2025-04-03,SKU016,192.0,0,3.0,255
2025-04-04,SKU016,97.0,174,3.0,255
2025-04-05,SKU016,3.0,182,3.0,255
2025-04-06,SKU016,215.0,0,3.0,255
2025-04-07,SKU016,158.0,256,3.0,255
2025-04-08,SKU016,77.0,280,3.0,255
2025-04-09,SKU016,231.0,0,3.0,255
2025-04-10,SKU016,164.0,141,3.0,255
2025-04-11,SKU016,71.0,292,3.0,255
2025-04-12,SKU016,96.0,0,3.0,255
2025-04-13,SKU016,18.0,126,3.0,255
2025-04-14,SKU016,0.0,101,3.0,255
2025-04-15,SKU016,146.0,0,3.0,255
2025-04-16,SKU016,67.0,199,3.0,255
2025-04-17,SKU016,0.0,196,3.0,255
2025-04-18,SKU016,145.0,0,3.0,255
2025-04-19,SKU016,51.0,265,3.0,255
2025-04-20,SKU016,0.0,110,3.0,255
2025-04-21,SKU016,168.0,0,3.0,255
2025-04-22,SKU016,91.0,181,3.0,255
2025-04-23,SKU016,16.0,283,3.0,255
2025-04-24,SKU016,0.0,0,3.0,255
2025-04-25,SKU016,0.0,103,3.0,255
2025-04-26,SKU016,0.0,88,3.0,255
2025-04-27,SKU016,0.0,0,,255
2025-04-28,SKU016,0.0,222,3.0,255
2025-04-29,SKU016,0.0,255,3.0,255
2025-04-30,SKU016,107.0,0,3.0,255
2025-05-01,SKU016,35.0,267,3.0,255
2025-05-02,SKU016,,213,3.0,255
2025-05-03,SKU016,126.0,0,3.0,255
2025-05-04,SKU016,64.0,102,3.0,255
2025-05-05,SKU016,0.0,303,3.0,255
2025-05-06,SKU016,105.0,0,3.0,255
2025-05-07,SKU016,19.0,302,3.0,255
2025-05-08,SKU016,0.0,149,3.0,255
2025-05-09,SKU016,68.0,0,3.0,255
2025-05-10,SKU016,0.0,232,3.0,255
2025-05-11,SKU016,0.0,259,3.0,255
2025-05-12,SKU016,35.0,0,3.0,255
2025-05-13,SKU016,0.0,311,3.0,255
2025-05-14,SKU016,0.0,49,3.0,255
2025-05-15,SKU016,0.0,0,3.0,255
2025-05-16,SKU016,0.0,70,3.0,255
2025-05-17,SKU016,0.0,193,3.0,255
2025-05-18,SKU016,140.0,0,3.0,255
2025-05-19,SKU016,80.0,285,3.0,255
2025-05-20,SKU016,0.0,162,3.0,255
2025-05-21,SKU016,159.0,0,3.0,255
2025-05-22,SKU016,75.0,207,3.0,255
2025-05-23,SKU016,7.0,152,3.0,255
2025-05-24,SKU016,121.0,0,3.0,255
2025-05-25,SKU016,34.0,97,3.0,255
2025-05-26,SKU016,0.0,248,3.0,255
2025-05-27,SKU016,125.0,0,3.0,255
2025-05-28,SKU016,64.0,264,3.0,255
2025-05-29,SKU016,0.0,139,3.0,255
2025-05-30,SKU016,0.0,0,3.0,255
2025-05-31,SKU016,0.0,171,3.0,255
2025-06-01,SKU016,0.0,173,3.0,255
2025-06-02,SKU016,0.0,126,3.0,255
2025-06-03,SKU016,144.0,0,3.0,255
2025-06-04,SKU016,68.0,121,3.0,255
2025-06-05,SKU016,0.0,201,3.0,255
2025-06-06,SKU016,91.0,0,3.0,255
2025-06-07,SKU016,1.0,45,3.0,255
2025-06-08,SKU016,0.0,221,3.0,255
2025-06-09,SKU016,75.0,0,3.0,255
2025-06-10,SKU016,0.0,258,3.0,255
2025-06-11,SKU016,0.0,237,3.0,255
2025-06-12,SKU016,135.0,0,3.0,255
2025-06-13,SKU016,13.0,111,3.0,255
2025-06-14,SKU016,0.0,243,3.0,255
2025-06-15,SKU016,78.0,0,3.0,255
2025-06-16,SKU016,0.0,291,3.0,255
2025-06-17,SKU016,0.0,217,3.0,255
2025-06-18,SKU016,0.0,0,3.0,255
2025-06-19,SKU016,0.0,186,3.0,255
2025-06-20,SKU016,0.0,214,3.0,255
2025-06-21,SKU016,184.0,0,3.0,255
2025-06-22,SKU016,125.0,116,3.0,255
2025-06-23,SKU016,50.0,138,3.0,255
2025-06-24,SKU016,204.0,0,3.0,255
2025-06-25,SKU016,74.0,206,3.0,255
2025-06-26,SKU016,0.0,161,3.0,255
2025-06-27,SKU016,139.0,0,3.0,255
2025-06-28,SKU016,24.0,47,3.0,255
2025-06-29,SKU016,0.0,144,3.0,255
2025-06-30,SKU016,58.0,0,3.0,255
2025-07-01,SKU016,0.0,62,3.0,255
2025-07-02,SKU016,0.0,303,3.0,255
2025-07-03,SKU016,224.0,0,3.0,255
2025-07-04,SKU016,128.0,203,3.0,255
2025-07-05,SKU016,15.0,130,3.0,255
2025-07-06,SKU016,163.0,0,3.0,255
2025-07-07,SKU016,60.0,292,3.0,255
2025-07-08,SKU016,0.0,278,3.0,255
2025-07-09,SKU016,45.0,0,3.0,255
2025-07-10,SKU016,0.0,233,3.0,255
2025-07-11,SKU016,0.0,81,3.0,255
2025-07-12,SKU016,110.0,0,3.0,255
2025-07-13,SKU016,32.0,103,3.0,255
2025-07-14,SKU016,0.0,261,3.0,255
2025-07-15,SKU016,124.0,0,3.0,255
2025-07-16,SKU016,32.0,42,3.0,255
2025-07-17,SKU016,0.0,192,3.0,255
2025-07-18,SKU016,40.0,0,3.0,255
2025-07-19,SKU016,0.0,296,3.0,255
2025-07-20,SKU016,0.0,189,3.0,255
2025-07-21,SKU016,0.0,0,3.0,255
2025-07-22,SKU016,0.0,256,3.0,255
2025-07-23,SKU016,0.0,279,3.0,255
2025-07-24,SKU016,70.0,0,3.0,255
2025-07-25,SKU016,0.0,278,3.0,255
2025-07-26,SKU016,0.0,124,3.0,255
2025-07-27,SKU016,17.0,0,3.0,255
2025-07-28,SKU016,0.0,281,3.0,255
2025-07-29,SKU016,0.0,153,3.0,255
2025-07-30,SKU016,223.0,0,3.0,255
2025-07-31,SKU016,118.0,295,3.0,255
2025-08-01,SKU016,12.0,186,3.0,255
2025-08-02,SKU016,0.0,253,3.0,255
2025-08-03,SKU016,166.0,0,3.0,255
2025-08-04,SKU016,96.0,136,3.0,255
2025-08-05,SKU016,0.0,165,3.0,255
2025-08-06,SKU016,200.0,0,3.0,255
2025-08-07,SKU016,100.0,178,3.0,255
2025-08-08,SKU016,0.0,121,3.0,255
2025-08-09,SKU016,0.0,0,3.0,255
2025-08-10,SKU016,0.0,155,3.0,255
2025-08-11,SKU016,0.0,162,3.0,255
2025-08-12,SKU016,83.0,0,3.0,255
2025-08-13,SKU016,0.0,245,3.0,255
2025-08-14,SKU016,0.0,306,3.0,255
2025-08-15,SKU016,18.0,0,3.0,255
2025-08-16,SKU016,0.0,260,3.0,255
2025-08-17,SKU016,0.0,211,3.0,255
2025-08-18,SKU016,204.0,0,3.0,255
2025-08-19,SKU016,115.0,155,3.0,255
2025-08-20,SKU016,28.0,166,3.0,255
2025-08-21,SKU016,42.0,0,3.0,255
2025-08-22,SKU016,0.0,230,3.0,255
2025-08-23,SKU016,0.0,115,3.0,255
2025-08-24,SKU016,60.0,0,3.0,255
2025-08-25,SKU016,0.0,180,3.0,255
2025-08-26,SKU016,0.0,263,3.0,255
2025-08-27,SKU016,107.0,0,3.0,255
2025-08-28,SKU016,,186,3.0,255
2025-08-29,SKU016,0.0,60,3.0,255
2025-08-30,SKU016,0.0,0,3.0,255
2025-08-31,SKU016,0.0,137,3.0,255
2025-09-01,SKU016,0.0,45,3.0,255
2025-09-02,SKU016,0.0,100,3.0,255
2025-09-03,SKU016,213.0,0,3.0,255
2025-09-04,SKU016,137.0,98,3.0,255
2025-09-05,SKU016,56.0,258,3.0,255
2025-09-06,SKU016,166.0,0,3.0,255
2025-09-07,SKU016,84.0,73,3.0,255
2025-09-08,SKU016,14.0,94,3.0,255
2025-09-09,SKU016,0.0,0,3.0,255
2025-09-10,SKU016,0.0,47,3.0,255
2025-09-11,SKU016,0.0,282,3.0,255
2025-09-12,SKU016,195.0,0,3.0,255
2025-09-13,SKU016,99.0,293,3.0,255
2025-09-14,SKU016,5.0,136,3.0,255
2025-09-15,SKU016,0.0,0,3.0,255
2025-09-16,SKU016,0.0,248,3.0,255
2025-09-17,SKU016,0.0,117,3.0,255
2025-09-18,SKU016,5.0,0,3.0,255
2025-09-19,SKU016,0.0,164,3.0,255
2025-09-20,SKU016,0.0,61,3.0,255
2025-09-21,SKU016,0.0,0,3.0,255
2025-09-22,SKU016,0.0,177,3.0,255
2025-09-23,SKU016,0.0,211,3.0,255
2025-09-24,SKU016,142.0,0,3.0,255
2025-09-25,SKU016,59.0,46,3.0,255
2025-09-26,SKU016,0.0,62,3.0,255
2025-09-27,SKU016,0.0,0,3.0,255
2025-09-28,SKU016,0.0,130,3.0,255
2025-09-29,SKU016,0.0,238,3.0,255
2025-09-30,SKU016,0.0,0,3.0,255
2025-10-01,SKU016,0.0,90,3.0,255
2025-10-02,SKU016,0.0,242,3.0,255
2025-10-03,SKU016,48.0,0,3.0,255
2025-10-04,SKU016,0.0,163,3.0,255
2025-10-05,SKU016,0.0,67,3.0,255
2025-10-06,SKU016,5.0,0,3.0,255
2025-10-07,SKU016,0.0,132,3.0,255
2025-10-08,SKU016,0.0,301,3.0,255
2025-10-09,SKU016,88.0,0,3.0,255
2025-10-10,SKU016,0.0,75,3.0,255
2025-10-11,SKU016,0.0,244,3.0,255
2025-10-12,SKU016,188.0,0,3.0,255
2025-10-13,SKU016,107.0,48,3.0,255
2025-10-14,SKU016,5.0,182,3.0,255
2025-10-15,SKU016,60.0,0,3.0,255
2025-10-16,SKU016,0.0,209,3.0,255
2025-10-17,SKU016,0.0,68,3.0,255
2025-10-18,SKU016,0.0,0,3.0,255
2025-10-19,SKU016,0.0,190,3.0,255
2025-10-20,SKU016,0.0,172,3.0,255
2025-10-21,SKU016,154.0,0,3.0,255
2025-10-22,SKU016,66.0,236,3.0,255
2025-10-23,SKU016,0.0,264,3.0,255
2025-10-24,SKU016,164.0,0,3.0,255
2025-10-25,SKU016,65.0,298,3.0,255
2025-10-26,SKU016,12.0,202,3.0,255
2025-10-27,SKU016,160.0,0,3.0,255
2025-10-28,SKU016,65.0,289,3.0,255
2025-10-29,SKU016,10.0,169,3.0,255
2025-10-30,SKU016,8.0,0,3.0,255
2025-10-31,SKU016,0.0,268,3.0,255
2025-11-01,SKU016,0.0,71,3.0,255
2025-11-02,SKU016,0.0,130,3.0,255
2025-11-03,SKU016,200.0,0,3.0,255
2025-11-04,SKU016,104.0,96,3.0,255
2025-11-05,SKU016,22.0,97,3.0,255
2025-11-06,SKU016,211.0,0,3.0,255
2025-11-07,SKU016,117.0,132,3.0,255
2025-11-08,SKU016,45.0,178,3.0,255
2025-11-09,SKU016,67.0,0,3.0,255
2025-11-10,SKU016,0.0,139,3.0,255
2025-11-11,SKU016,0.0,253,3.0,255
2025-11-12,SKU016,197.0,0,3.0,255
2025-11-13,SKU016,108.0,167,3.0,255
2025-11-14,SKU016,10.0,176,3.0,255
2025-11-15,SKU016,138.0,0,3.0,255
2025-11-16,SKU016,68.0,116,3.0,255
2025-11-17,SKU016,0.0,246,3.0,255
2025-11-18,SKU016,195.0,0,3.0,255
2025-11-19,SKU016,100.0,86,3.0,255
2025-11-20,SKU016,0.0,139,3.0,255
2025-11-21,SKU016,0.0,0,3.0,255
2025-11-22,SKU016,0.0,69,3.0,255
2025-11-23,SKU016,0.0,200,3.0,255
2025-11-24,SKU016,18.0,0,3.0,255
2025-11-25,SKU016,0.0,110,3.0,255
2025-11-26,SKU016,0.0,147,3.0,255
2025-11-27,SKU016,93.0,0,3.0,255
2025-11-28,SKU016,0.0,119,3.0,255
2025-11-29,SKU016,0.0,184,3.0,255
2025-11-30,SKU016,153.0,0,3.0,255
2025-12-01,SKU016,71.0,58,3.0,255
2025-12-02,SKU016,0.0,89,3.0,255
2025-12-03,SKU016,99.0,0,3.0,255
2025-12-04,SKU016,0.0,114,3.0,255
2025-12-05,SKU016,0.0,296,3.0,255
2025-12-06,SKU016,0.0,0,3.0,255
2025-12-07,SKU016,0.0,129,3.0,255
2025-12-08,SKU016,0.0,40,3.0,255
2025-12-09,SKU016,0.0,0,3.0,255
2025-12-10,SKU016,0.0,57,3.0,255
2025-12-11,SKU016,0.0,151,3.0,255
2025-12-12,SKU016,21.0,0,3.0,255
2025-12-13,SKU016,0.0,155,3.0,255
2025-12-14,SKU016,0.0,139,3.0,255
2025-12-15,SKU016,0.0,0,3.0,255
2025-12-16,SKU016,0.0,205,3.0,255
2025-12-17,SKU016,0.0,129,3.0,255
2025-12-18,SKU016,73.0,0,3.0,255
2025-12-19,SKU016,0.0,258,3.0,255
2025-12-20,SKU016,0.0,288,3.0,255
2025-12-21,SKU016,133.0,0,3.0,255
2025-12-22,SKU016,34.0,139,3.0,255
2025-12-23,SKU016,0.0,87,3.0,255
2025-12-24,SKU016,75.0,0,3.0,255
2025-12-25,SKU016,0.0,277,3.0,255
2025-12-26,SKU016,0.0,259,3.0,255
2025-12-27,SKU016,19.0,0,3.0,255
2025-12-28,SKU016,0.0,251,3.0,255
2025-12-29,SKU016,0.0,89,3.0,255
2025-12-30,SKU016,0.0,0,3.0,255
2025-12-31,SKU016,0.0,289,3.0,255
2026-01-01,SKU016,0.0,299,3.0,255
2026-01-02,SKU016,0.0,238,3.0,255
2026-01-03,SKU016,5.0,0,3.0,255
2026-01-04,SKU016,0.0,62,3.0,255
2026-01-05,SKU016,0.0,48,3.0,255
2026-01-06,SKU016,0.0,0,3.0,255
2026-01-07,SKU016,0.0,119,3.0,255
2026-01-08,SKU016,0.0,112,3.0,255
2026-01-09,SKU016,9.0,0,3.0,255
2026-01-10,SKU016,0.0,281,3.0,255
2026-01-11,SKU016,0.0,86,3.0,255
2026-01-12,SKU016,0.0,0,3.0,255
2026-01-13,SKU016,0.0,149,3.0,255
2026-01-14,SKU016,0.0,252,3.0,255
2026-01-15,SKU016,63.0,0,3.0,255
2026-01-16,SKU016,0.0,221,3.0,255
2026-01-17,SKU016,0.0,217,3.0,255
2026-01-18,SKU016,0.0,0,3.0,255
2026-01-19,SKU016,0.0,242,3.0,255
2026-01-20,SKU016,0.0,72,3.0,255
2026-01-21,SKU016,139.0,0,3.0,255
2026-01-22,SKU016,38.0,291,3.0,255
2026-01-23,SKU016,0.0,70,3.0,255
2026-01-24,SKU016,0.0,0,3.0,255
2026-01-25,SKU016,0.0,309,3.0,255
2026-01-26,SKU016,0.0,305,3.0,255
2026-01-27,SKU016,64.0,0,3.0,255
2026-01-28,SKU016,0.0,80,3.0,255
2026-01-29,SKU016,0.0,213,3.0,255
2026-01-30,SKU016,90.0,0,3.0,255
2026-01-31,SKU016,0.0,145,3.0,255
2026-02-01,SKU016,0.0,239,3.0,255
2026-02-02,SKU016,0.0,104,3.0,255
2026-02-03,SKU016,120.0,0,3.0,255
2026-02-04,SKU016,48.0,217,3.0,255
2026-02-05,SKU016,0.0,70,3.0,255
2026-02-06,SKU016,52.0,0,3.0,255
2026-02-07,SKU016,0.0,180,3.0,255
2026-02-08,SKU016,0.0,170,3.0,255
2026-02-09,SKU016,65.0,0,3.0,255
2026-02-10,SKU016,0.0,255,3.0,255
2026-02-11,SKU016,0.0,187,3.0,255
2026-02-12,SKU016,0.0,0,3.0,255
2026-02-13,SKU016,0.0,199,3.0,255
2026-02-14,SKU016,0.0,119,3.0,255
2026-02-15,SKU016,0.0,0,3.0,255
2026-02-16,SKU016,0.0,311,3.0,255
2026-02-17,SKU016,0.0,212,3.0,255
2026-02-18,SKU016,34.0,0,3.0,255
2026-02-19,SKU016,0.0,113,3.0,255
2026-02-20,SKU016,0.0,152,3.0,255
2026-02-21,SKU016,129.0,0,3.0,255
2026-02-22,SKU016,39.0,248,3.0,255
2026-02-23,SKU016,0.0,193,3.0,255
2026-02-24,SKU016,158.0,0,3.0,255
2026-02-25,SKU016,71.0,183,3.0,255
2026-02-26,SKU016,0.0,257,3.0,255
2026-02-27,SKU016,141.0,0,3.0,255
2026-02-28,SKU016,0.0,193,3.0,255
2026-03-01,SKU016,0.0,89,3.0,255
2026-03-02,SKU016,0.0,240,3.0,255
2026-03-03,SKU016,183.0,0,3.0,255
2026-03-04,SKU016,108.0,184,3.0,255
2026-03-05,SKU016,29.0,233,3.0,255
2026-03-06,SKU016,76.0,0,3.0,255
2026-03-07,SKU016,0.0,40,3.0,255
2026-03-08,SKU016,0.0,253,3.0,255
2026-03-09,SKU016,99.0,0,3.0,255
2026-03-10,SKU016,0.0,303,3.0,255
2026-03-11,SKU016,0.0,46,3.0,255
2026-03-12,SKU016,191.0,0,3.0,255
2026-03-13,SKU016,36.0,76,3.0,255
2026-03-14,SKU016,0.0,61,3.0,255
2026-03-15,SKU016,26.0,0,3.0,255
2026-03-16,SKU016,0.0,88,3.0,255
2026-03-17,SKU016,0.0,218,3.0,255
2026-03-18,SKU016,101.0,0,3.0,255
2026-03-19,SKU016,0.0,268,3.0,255
2026-03-20,SKU016,0.0,271,3.0,255
2026-03-21,SKU016,0.0,0,3.0,255
2026-03-22,SKU016,0.0,250,3.0,255
2026-03-23,SKU016,0.0,296,3.0,255
2026-03-24,SKU016,0.0,0,3.0,255
2026-03-25,SKU016,0.0,137,3.0,255
2026-03-26,SKU016,0.0,80,3.0,255
2026-03-27,SKU016,180.0,0,3.0,255
2026-03-28,SKU016,108.0,300,3.0,255
2026-03-29,SKU016,6.0,233,3.0,255
2026-03-30,SKU016,0.0,0,3.0,255
2026-03-31,SKU016,0.0,179,3.0,255
2026-04-01,SKU016,0.0,278,3.0,255
2026-04-02,SKU016,0.0,63,3.0,255
2026-04-03,SKU016,59.0,0,3.0,255
2026-04-04,SKU016,0.0,64,3.0,255
2026-04-05,SKU016,0.0,284,3.0,255
2026-04-06,SKU016,126.0,0,3.0,255
2026-04-07,SKU016,12.0,208,3.0,255
2026-04-08,SKU016,0.0,125,3.0,255
2026-04-09,SKU016,46.0,0,3.0,255
2026-04-10,SKU016,0.0,246,3.0,255
2026-04-11,SKU016,0.0,63,3.0,255
2026-04-12,SKU016,155.0,0,3.0,255
2026-04-13,SKU016,52.0,175,3.0,255
2026-04-14,SKU016,0.0,153,3.0,255
2026-04-15,SKU016,129.0,0,3.0,255
2026-04-16,SKU016,34.0,43,3.0,255
2026-04-17,SKU016,0.0,184,3.0,255
2026-04-18,SKU016,92.0,0,3.0,255
2026-04-19,SKU016,12.0,69,3.0,255
2026-04-20,SKU016,0.0,71,3.0,255
2026-04-21,SKU016,63.0,0,3.0,255
2026-04-22,SKU016,0.0,291,3.0,255
2026-04-23,SKU016,0.0,206,3.0,255
2026-04-24,SKU016,71.0,0,3.0,255
2026-04-25,SKU016,0.0,305,3.0,255
2026-04-26,SKU016,0.0,186,3.0,255
2026-04-27,SKU016,0.0,0,3.0,255
2026-04-28,SKU016,0.0,268,3.0,255
2026-04-29,SKU016,0.0,301,3.0,255
2026-04-30,SKU016,216.0,0,3.0,255
2026-05-01,SKU016,111.0,96,3.0,255
2026-05-02,SKU016,12.0,187,3.0,255
2026-05-03,SKU016,68.0,0,3.0,255
2026-05-04,SKU016,,159,3.0,255
2026-05-05,SKU016,0.0,127,3.0,255
2026-05-06,SKU016,0.0,0,3.0,255
2026-05-07,SKU016,0.0,94,3.0,255
2026-05-08,SKU016,0.0,63,3.0,255
2026-05-09,SKU016,62.0,0,3.0,255
2026-05-10,SKU016,0.0,89,3.0,255
2026-05-11,SKU016,0.0,176,3.0,255
2026-05-12,SKU016,21.0,0,3.0,255
2026-05-13,SKU016,0.0,225,3.0,255
2026-05-14,SKU016,0.0,290,3.0,255
2026-05-15,SKU016,79.0,0,3.0,255
2026-05-16,SKU016,0.0,67,3.0,255
2026-05-17,SKU016,0.0,82,3.0,255
2026-05-18,SKU016,172.0,0,3.0,255
2026-05-19,SKU016,81.0,153,3.0,255
2026-05-20,SKU016,0.0,225,3.0,255
2026-05-21,SKU016,133.0,0,3.0,255
2026-05-22,SKU016,36.0,97,3.0,255
2026-05-23,SKU016,0.0,119,3.0,255
2026-05-24,SKU016,146.0,0,3.0,255
2026-05-25,SKU016,58.0,42,3.0,255
2026-05-26,SKU016,0.0,173,3.0,255
2026-05-27,SKU016,16.0,0,3.0,255
2026-05-28,SKU016,0.0,179,3.0,255
2026-05-29,SKU016,0.0,172,3.0,255
2026-05-30,SKU016,107.0,0,3.0,255
2026-05-31,SKU016,0.0,135,3.0,255
2026-06-01,SKU016,0.0,101,3.0,255
2026-06-02,SKU016,0.0,167,3.0,255
2026-06-03,SKU016,82.0,0,3.0,255
2026-06-04,SKU016,0.0,166,3.0,255
2026-06-05,SKU016,0.0,185,3.0,255
2026-06-06,SKU016,46.0,0,3.0,255
2026-06-07,SKU016,0.0,132,3.0,255
2026-06-08,SKU016,0.0,117,3.0,255
2026-06-09,SKU016,141.0,0,3.0,255
2026-06-10,SKU016,0.0,187,3.0,255
2026-06-11,SKU016,0.0,69,3.0,255
2026-06-12,SKU016,0.0,0,3.0,255
2026-06-13,SKU016,0.0,167,3.0,255
2026-06-14,SKU016,0.0,47,3.0,255
2026-06-15,SKU016,0.0,0,3.0,255
2026-06-16,SKU016,0.0,76,3.0,255
2026-06-17,SKU016,0.0,276,3.0,255
2026-06-18,SKU016,9.0,0,3.0,255
2026-06-19,SKU016,0.0,275,3.0,255
2026-06-20,SKU016,0.0,139,3.0,255
2026-06-21,SKU016,132.0,0,3.0,255
2026-06-22,SKU016,54.0,182,3.0,255
2026-06-23,SKU016,0.0,101,3.0,255
2026-06-24,SKU016,168.0,0,3.0,255
2026-06-25,SKU016,44.0,278,3.0,255
2026-06-26,SKU016,0.0,244,3.0,255
2026-06-27,SKU016,92.0,0,3.0,255
2026-06-28,SKU016,0.0,160,3.0,255
2026-06-29,SKU016,0.0,75,3.0,255
2026-06-30,SKU016,60.0,0,3.0,255
2025-01-01,SKU017,218.0,176,9.0,428
2025-01-02,SKU017,218.0,121,9.0,428
2025-01-03,SKU017,218.0,47,9.0,428
2025-01-04,SKU017,218.0,34,9.0,428
2025-01-05,SKU017,218.0,56,9.0,428
2025-01-06,SKU017,218.0,107,9.0,428
2025-01-07,SKU017,218.0,174,9.0,428
2025-01-08,SKU017,218.0,177,,428
2025-01-09,SKU017,360.0,0,9.0,428
2025-01-10,SKU017,360.0,60,9.0,428
2025-01-11,SKU017,360.0,178,9.0,428
2025-01-12,SKU017,360.0,169,9.0,428
2025-01-13,SKU017,360.0,124,9.0,428
2025-01-14,SKU017,360.0,24,9.0,428
2025-01-15,SKU017,360.0,61,9.0,428
2025-01-16,SKU017,360.0,98,9.0,428
2025-01-17,SKU017,360.0,69,9.0,428
2025-01-18,SKU017,478.0,0,9.0,428
2025-01-19,SKU017,478.0,111,9.0,428
2025-01-20,SKU017,478.0,176,9.0,428
2025-01-21,SKU017,478.0,91,9.0,428
2025-01-22,SKU017,478.0,27,9.0,428
2025-01-23,SKU017,478.0,30,9.0,428
2025-01-24,SKU017,478.0,47,9.0,428
2025-01-25,SKU017,478.0,61,9.0,428
2025-01-26,SKU017,478.0,127,9.0,428
2025-01-27,SKU017,606.0,0,9.0,428
2025-01-28,SKU017,606.0,154,9.0,428
2025-01-29,SKU017,606.0,23,9.0,428
2025-01-30,SKU017,606.0,128,9.0,428
2025-01-31,SKU017,606.0,110,9.0,428
2025-02-01,SKU017,606.0,62,9.0,428
2025-02-02,SKU017,606.0,116,9.0,428
2025-02-03,SKU017,606.0,45,9.0,428
2025-02-04,SKU017,606.0,25,9.0,428
2025-02-05,SKU017,606.0,96,9.0,428
2025-02-06,SKU017,606.0,122,9.0,428
2025-02-07,SKU017,606.0,108,9.0,428
2025-02-08,SKU017,606.0,146,9.0,428
2025-02-09,SKU017,665.0,0,9.0,428
2025-02-10,SKU017,665.0,76,9.0,428
2025-02-11,SKU017,665.0,114,9.0,428
2025-02-12,SKU017,665.0,83,9.0,428
2025-02-13,SKU017,665.0,144,9.0,428
2025-02-14,SKU017,665.0,24,9.0,428
2025-02-15,SKU017,665.0,143,9.0,428
2025-02-16,SKU017,665.0,150,9.0,428
2025-02-17,SKU017,665.0,132,9.0,428
2025-02-18,SKU017,773.0,0,9.0,428
2025-02-19,SKU017,773.0,60,9.0,428
2025-02-20,SKU017,773.0,45,9.0,428
2025-02-21,SKU017,773.0,162,9.0,428
2025-02-22,SKU017,773.0,179,9.0,428
2025-02-23,SKU017,773.0,48,9.0,428
2025-02-24,SKU017,773.0,82,9.0,428
2025-02-25,SKU017,773.0,58,9.0,428
2025-02-26,SKU017,773.0,54,9.0,428
2025-02-27,SKU017,905.0,0,9.0,428
2025-02-28,SKU017,905.0,169,9.0,428
2025-03-01,SKU017,905.0,84,9.0,428
2025-03-02,SKU017,905.0,154,9.0,428
2025-03-03,SKU017,905.0,159,9.0,428
2025-03-04,SKU017,905.0,130,9.0,428
2025-03-05,SKU017,905.0,144,9.0,428
2025-03-06,SKU017,905.0,36,9.0,428
2025-03-07,SKU017,905.0,146,9.0,428
2025-03-08,SKU017,905.0,45,9.0,428
2025-03-09,SKU017,1041.0,0,9.0,428
2025-03-10,SKU017,1041.0,172,9.0,428
2025-03-11,SKU017,1041.0,67,9.0,428
2025-03-12,SKU017,1041.0,97,9.0,428
2025-03-13,SKU017,1041.0,96,9.0,428
2025-03-14,SKU017,1041.0,52,9.0,428
2025-03-15,SKU017,1041.0,25,9.0,428
2025-03-16,SKU017,1041.0,142,9.0,428
2025-03-17,SKU017,1041.0,162,9.0,428
2025-03-18,SKU017,1105.0,0,9.0,428
2025-03-19,SKU017,1105.0,127,9.0,428
2025-03-20,SKU017,1105.0,118,9.0,428
2025-03-21,SKU017,1105.0,73,9.0,428
2025-03-22,SKU017,1105.0,65,9.0,428
2025-03-23,SKU017,1105.0,159,9.0,428
2025-03-24,SKU017,1105.0,84,9.0,428
2025-03-25,SKU017,1105.0,178,9.0,428
2025-03-26,SKU017,1105.0,153,9.0,428
2025-03-27,SKU017,1258.0,0,9.0,428
2025-03-28,SKU017,1258.0,56,9.0,428
2025-03-29,SKU017,1258.0,87,9.0,428
2025-03-30,SKU017,1258.0,41,9.0,428
2025-03-31,SKU017,1258.0,81,9.0,428
2025-04-01,SKU017,1258.0,179,9.0,428
2025-04-02,SKU017,1258.0,121,9.0,428
2025-04-03,SKU017,1258.0,75,9.0,428
2025-04-04,SKU017,1258.0,68,9.0,428
2025-04-05,SKU017,1258.0,55,9.0,428
2025-04-06,SKU017,1258.0,39,9.0,428
2025-04-07,SKU017,1258.0,49,9.0,428
2025-04-08,SKU017,1258.0,79,9.0,428
2025-04-09,SKU017,1347.0,0,9.0,428
2025-04-10,SKU017,1347.0,82,9.0,428
2025-04-11,SKU017,1347.0,46,9.0,428
2025-04-12,SKU017,1347.0,66,9.0,428
2025-04-13,SKU017,1347.0,92,9.0,428
2025-04-14,SKU017,1347.0,35,9.0,428
2025-04-15,SKU017,1290.0,30,9.0,428
2025-04-16,SKU017,1247.0,147,9.0,428
2025-04-17,SKU017,1197.0,53,9.0,428
2025-04-18,SKU017,1218.0,0,9.0,428
2025-04-19,SKU017,1180.0,38,9.0,428
2025-04-20,SKU017,1132.0,51,9.0,428
2025-04-21,SKU017,1077.0,153,9.0,428
2025-04-22,SKU017,1038.0,167,9.0,428
2025-04-23,SKU017,988.0,87,9.0,428
2025-04-24,SKU017,951.0,55,9.0,428
2025-04-25,SKU017,905.0,131,9.0,428
2025-04-26,SKU017,857.0,54,9.0,428
2025-04-27,SKU017,931.0,0,9.0,428
2025-04-28,SKU017,883.0,130,9.0,428
2025-04-29,SKU017,815.0,147,9.0,428
2025-04-30,SKU017,778.0,62,9.0,428
2025-05-01,SKU017,739.0,72,9.0,428
2025-05-02,SKU017,684.0,61,9.0,428
2025-05-03,SKU017,631.0,122,9.0,428
2025-05-04,SKU017,590.0,175,9.0,428
2025-05-05,SKU017,557.0,88,9.0,428
2025-05-06,SKU017,515.0,75,9.0,428
2025-05-07,SKU017,472.0,113,9.0,428
2025-05-08,SKU017,419.0,77,9.0,428
2025-05-09,SKU017,395.0,0,9.0,428
2025-05-10,SKU017,347.0,100,9.0,428
2025-05-11,SKU017,286.0,114,9.0,428
2025-05-12,SKU017,252.0,90,9.0,428
2025-05-13,SKU017,218.0,142,9.0,428
2025-05-14,SKU017,178.0,128,9.0,428
2025-05-15,SKU017,131.0,94,9.0,428
2025-05-16,SKU017,84.0,171,9.0,428
2025-05-17,SKU017,36.0,114,9.0,428
2025-05-18,SKU017,62.0,0,9.0,428
2025-05-19,SKU017,35.0,81,9.0,428
2025-05-20,SKU017,0.0,25,9.0,428
2025-05-21,SKU017,0.0,127,9.0,428
2025-05-22,SKU017,0.0,139,9.0,428
2025-05-23,SKU017,0.0,57,9.0,428
2025-05-24,SKU017,0.0,143,9.0,428
2025-05-25,SKU017,0.0,128,9.0,428
2025-05-26,SKU017,0.0,30,9.0,428
2025-05-27,SKU017,18.0,0,9.0,428
2025-05-28,SKU017,0.0,179,9.0,428
2025-05-29,SKU017,0.0,23,9.0,428
2025-05-30,SKU017,0.0,166,9.0,428
2025-05-31,SKU017,0.0,150,9.0,428
2025-06-01,SKU017,0.0,136,9.0,428
2025-06-02,SKU017,0.0,109,9.0,428
2025-06-03,SKU017,0.0,62,9.0,428
2025-06-04,SKU017,0.0,48,9.0,428
2025-06-05,SKU017,0.0,31,9.0,428
2025-06-06,SKU017,0.0,110,9.0,428
2025-06-07,SKU017,0.0,160,9.0,428
2025-06-08,SKU017,0.0,46,9.0,428
2025-06-09,SKU017,18.0,0,9.0,428
2025-06-10,SKU017,0.0,45,9.0,428
2025-06-11,SKU017,0.0,120,9.0,428
2025-06-12,SKU017,0.0,142,9.0,428
2025-06-13,SKU017,0.0,154,9.0,428
2025-06-14,SKU017,0.0,59,9.0,428
2025-06-15,SKU017,0.0,132,9.0,428
2025-06-16,SKU017,0.0,93,9.0,428
2025-06-17,SKU017,0.0,177,9.0,428
2025-06-18,SKU017,58.0,0,9.0,428
2025-06-19,SKU017,0.0,38,9.0,428
2025-06-20,SKU017,0.0,70,9.0,428
2025-06-21,SKU017,0.0,128,9.0,428
2025-06-22,SKU017,0.0,132,9.0,428
2025-06-23,SKU017,0.0,83,9.0,428
2025-06-24,SKU017,0.0,69,9.0,428
2025-06-25,SKU017,0.0,62,9.0,428
2025-06-26,SKU017,0.0,73,9.0,428
2025-06-27,SKU017,0.0,0,9.0,428
2025-06-28,SKU017,0.0,79,9.0,428
2025-06-29,SKU017,0.0,47,9.0,428
2025-06-30,SKU017,0.0,57,9.0,428
2025-07-01,SKU017,0.0,58,9.0,428
2025-07-02,SKU017,0.0,49,9.0,428
2025-07-03,SKU017,0.0,101,9.0,428
2025-07-04,SKU017,0.0,126,9.0,428
2025-07-05,SKU017,0.0,158,9.0,428
2025-07-06,SKU017,0.0,104,9.0,428
2025-07-07,SKU017,0.0,30,9.0,428
2025-07-08,SKU017,0.0,74,9.0,428
2025-07-09,SKU017,22.0,0,9.0,428
2025-07-10,SKU017,0.0,134,9.0,428
2025-07-11,SKU017,0.0,58,9.0,428
2025-07-12,SKU017,0.0,141,9.0,428
2025-07-13,SKU017,0.0,137,9.0,428
2025-07-14,SKU017,0.0,139,9.0,428
2025-07-15,SKU017,0.0,126,9.0,428
2025-07-16,SKU017,0.0,58,9.0,428
2025-07-17,SKU017,0.0,114,9.0,428
2025-07-18,SKU017,13.0,0,9.0,428
2025-07-19,SKU017,0.0,166,9.0,428
2025-07-20,SKU017,0.0,30,9.0,428
2025-07-21,SKU017,0.0,128,9.0,428
2025-07-22,SKU017,0.0,159,9.0,428
2025-07-23,SKU017,0.0,74,9.0,428
2025-07-24,SKU017,0.0,62,9.0,428
2025-07-25,SKU017,0.0,39,9.0,428
2025-07-26,SKU017,0.0,103,9.0,428
2025-07-27,SKU017,9.0,0,9.0,428
2025-07-28,SKU017,0.0,114,9.0,428
2025-07-29,SKU017,0.0,112,9.0,428
2025-07-30,SKU017,0.0,42,9.0,428
2025-07-31,SKU017,0.0,131,9.0,428
2025-08-01,SKU017,0.0,166,9.0,428
2025-08-02,SKU017,0.0,168,9.0,428
2025-08-03,SKU017,0.0,45,9.0,428
2025-08-04,SKU017,0.0,151,9.0,428
2025-08-05,SKU017,0.0,139,9.0,428
2025-08-06,SKU017,0.0,173,9.0,428
2025-08-07,SKU017,0.0,61,9.0,428
2025-08-08,SKU017,0.0,112,9.0,428
2025-08-09,SKU017,44.0,0,9.0,428
2025-08-10,SKU017,9.0,152,9.0,428
2025-08-11,SKU017,0.0,34,9.0,428
2025-08-12,SKU017,0.0,104,9.0,428
2025-08-13,SKU017,0.0,93,9.0,428
2025-08-14,SKU017,0.0,176,9.0,428
2025-08-15,SKU017,0.0,151,9.0,428
2025-08-16,SKU017,0.0,172,9.0,428
2025-08-17,SKU017,0.0,131,9.0,428
2025-08-18,SKU017,27.0,0,9.0,428
2025-08-19,SKU017,0.0,126,9.0,428
2025-08-20,SKU017,0.0,153,9.0,428
2025-08-21,SKU017,0.0,68,9.0,428
2025-08-22,SKU017,0.0,113,9.0,428
2025-08-23,SKU017,0.0,38,9.0,428
2025-08-24,SKU017,0.0,45,9.0,428
2025-08-25,SKU017,0.0,84,9.0,428
2025-08-26,SKU017,0.0,103,9.0,428
2025-08-27,SKU017,44.0,0,9.0,428
2025-08-28,SKU017,0.0,28,9.0,428
2025-08-29,SKU017,0.0,149,9.0,428
2025-08-30,SKU017,0.0,68,9.0,428
2025-08-31,SKU017,0.0,165,9.0,428
2025-09-01,SKU017,0.0,59,9.0,428
2025-09-02,SKU017,0.0,126,9.0,428
2025-09-03,SKU017,0.0,94,9.0,428
2025-09-04,SKU017,0.0,25,9.0,428
2025-09-05,SKU017,0.0,118,9.0,428
2025-09-06,SKU017,0.0,27,9.0,428
2025-09-07,SKU017,0.0,30,9.0,428
2025-09-08,SKU017,0.0,126,9.0,428
2025-09-09,SKU017,68.0,0,9.0,428
2025-09-10,SKU017,5.0,160,9.0,428
2025-09-11,SKU017,0.0,93,9.0,428
2025-09-12,SKU017,0.0,177,9.0,428
2025-09-13,SKU017,0.0,25,9.0,428
2025-09-14,SKU017,0.0,167,9.0,428
2025-09-15,SKU017,0.0,56,9.0,428
2025-09-16,SKU017,0.0,52,9.0,428
2025-09-17,SKU017,0.0,98,9.0,428
2025-09-18,SKU017,73.0,0,9.0,428
2025-09-19,SKU017,22.0,120,9.0,428
2025-09-20,SKU017,0.0,77,9.0,428
2025-09-21,SKU017,0.0,118,9.0,428
2025-09-22,SKU017,0.0,93,9.0,428
2025-09-23,SKU017,0.0,55,9.0,428
2025-09-24,SKU017,0.0,28,9.0,428
2025-09-25,SKU017,0.0,124,9.0,428
2025-09-26,SKU017,0.0,116,9.0,428
2025-09-27,SKU017,54.0,0,9.0,428
2025-09-28,SKU017,8.0,93,9.0,428
2025-09-29,SKU017,0.0,101,9.0,428
2025-09-30,SKU017,0.0,40,9.0,428
2025-10-01,SKU017,0.0,129,9.0,428
2025-10-02,SKU017,0.0,157,9.0,428
2025-10-03,SKU017,0.0,40,9.0,428
2025-10-04,SKU017,0.0,143,9.0,428
2025-10-05,SKU017,0.0,88,9.0,428
2025-10-06,SKU017,0.0,146,9.0,428
2025-10-07,SKU017,0.0,101,9.0,428
2025-10-08,SKU017,0.0,57,9.0,428
2025-10-09,SKU017,10.0,0,9.0,428
2025-10-10,SKU017,0.0,41,9.0,428
2025-10-11,SKU017,0.0,25,9.0,428
2025-10-12,SKU017,0.0,27,9.0,428
2025-10-13,SKU017,0.0,173,9.0,428
2025-10-14,SKU017,0.0,177,9.0,428
2025-10-15,SKU017,0.0,28,9.0,428
2025-10-16,SKU017,0.0,52,9.0,428
2025-10-17,SKU017,0.0,98,9.0,428
2025-10-18,SKU017,71.0,0,9.0,428
2025-10-19,SKU017,24.0,49,9.0,428
2025-10-20,SKU017,0.0,55,9.0,428
2025-10-21,SKU017,0.0,103,9.0,428
2025-10-22,SKU017,0.0,30,9.0,428
2025-10-23,SKU017,0.0,106,9.0,428
2025-10-24,SKU017,0.0,161,9.0,428
2025-10-25,SKU017,0.0,177,9.0,428
2025-10-26,SKU017,0.0,107,9.0,428
2025-10-27,SKU017,33.0,0,9.0,428
2025-10-28,SKU017,0.0,143,9.0,428
2025-10-29,SKU017,0.0,163,9.0,428
2025-10-30,SKU017,0.0,98,9.0,428
2025-10-31,SKU017,0.0,155,9.0,428
2025-11-01,SKU017,0.0,89,9.0,428
2025-11-02,SKU017,0.0,93,9.0,428
2025-11-03,SKU017,0.0,113,9.0,428
2025-11-04,SKU017,0.0,90,9.0,428
2025-11-05,SKU017,0.0,61,9.0,428
2025-11-06,SKU017,0.0,159,9.0,428
2025-11-07,SKU017,0.0,172,9.0,428
2025-11-08,SKU017,0.0,107,9.0,428
2025-11-09,SKU017,85.0,0,9.0,428
2025-11-10,SKU017,50.0,58,9.0,428
2025-11-11,SKU017,0.0,131,9.0,428
2025-11-12,SKU017,0.0,70,9.0,428
2025-11-13,SKU017,0.0,49,9.0,428
2025-11-14,SKU017,0.0,98,9.0,428
2025-11-15,SKU017,0.0,27,9.0,428
2025-11-16,SKU017,0.0,68,9.0,428
2025-11-17,SKU017,0.0,57,9.0,428
2025-11-18,SKU017,64.0,0,9.0,428
2025-11-19,SKU017,24.0,100,9.0,428
2025-11-20,SKU017,0.0,129,9.0,428
2025-11-21,SKU017,0.0,41,9.0,428
2025-11-22,SKU017,0.0,91,9.0,428
2025-11-23,SKU017,0.0,29,9.0,428
2025-11-24,SKU017,0.0,148,9.0,428
2025-11-25,SKU017,0.0,162,9.0,428
2025-11-26,SKU017,0.0,177,9.0,428
2025-11-27,SKU017,52.0,0,9.0,428
2025-11-28,SKU017,0.0,155,9.0,428
2025-11-29,SKU017,0.0,94,9.0,428
2025-11-30,SKU017,0.0,54,9.0,428
2025-12-01,SKU017,0.0,154,9.0,428
2025-12-02,SKU017,0.0,29,9.0,428
2025-12-03,SKU017,0.0,115,9.0,428
2025-12-04,SKU017,0.0,169,9.0,428
2025-12-05,SKU017,0.0,65,9.0,428
2025-12-06,SKU017,0.0,62,9.0,428
2025-12-07,SKU017,0.0,38,9.0,428
2025-12-08,SKU017,0.0,101,9.0,428
2025-12-09,SKU017,57.0,0,9.0,428
2025-12-10,SKU017,13.0,102,9.0,428
2025-12-11,SKU017,0.0,75,9.0,428
2025-12-12,SKU017,0.0,89,9.0,428
2025-12-13,SKU017,0.0,153,9.0,428
2025-12-14,SKU017,0.0,170,9.0,428
2025-12-15,SKU017,0.0,73,9.0,428
2025-12-16,SKU017,0.0,122,9.0,428
2025-12-17,SKU017,0.0,151,9.0,428
2025-12-18,SKU017,62.0,0,9.0,428
2025-12-19,SKU017,0.0,161,9.0,428
2025-12-20,SKU017,0.0,126,9.0,428
2025-12-21,SKU017,0.0,61,9.0,428
2025-12-22,SKU017,0.0,117,9.0,428
2025-12-23,SKU017,0.0,110,9.0,428
2025-12-24,SKU017,0.0,75,9.0,428
2025-12-25,SKU017,0.0,35,9.0,428
2025-12-26,SKU017,0.0,153,9.0,428
2025-12-27,SKU017,45.0,0,9.0,428
2025-12-28,SKU017,0.0,26,9.0,428
2025-12-29,SKU017,0.0,136,9.0,428
2025-12-30,SKU017,0.0,125,9.0,428
2025-12-31,SKU017,0.0,79,9.0,428
2026-01-01,SKU017,0.0,146,9.0,428
2026-01-02,SKU017,0.0,152,9.0,428
2026-01-03,SKU017,0.0,157,9.0,428
2026-01-04,SKU017,0.0,34,9.0,428
2026-01-05,SKU017,0.0,81,9.0,428
2026-01-06,SKU017,0.0,27,9.0,428
2026-01-07,SKU017,0.0,137,9.0,428
2026-01-08,SKU017,0.0,88,9.0,428
2026-01-09,SKU017,73.0,0,9.0,428
2026-01-10,SKU017,8.0,147,9.0,428
2026-01-11,SKU017,0.0,32,9.0,428
2026-01-12,SKU017,0.0,170,9.0,428
2026-01-13,SKU017,0.0,100,9.0,428
2026-01-14,SKU017,0.0,174,9.0,428
2026-01-15,SKU017,0.0,43,9.0,428
2026-01-16,SKU017,0.0,77,9.0,428
2026-01-17,SKU017,0.0,94,9.0,428
2026-01-18,SKU017,114.0,0,9.0,428
2026-01-19,SKU017,71.0,38,9.0,428
2026-01-20,SKU017,14.0,108,9.0,428
2026-01-21,SKU017,0.0,43,9.0,428
2026-01-22,SKU017,0.0,57,9.0,428
2026-01-23,SKU017,0.0,117,9.0,428
2026-01-24,SKU017,0.0,66,9.0,428
2026-01-25,SKU017,0.0,67,9.0,428
2026-01-26,SKU017,0.0,127,9.0,428
2026-01-27,SKU017,107.0,0,9.0,428
2026-01-28,SKU017,37.0,27,9.0,428
2026-01-29,SKU017,0.0,57,9.0,428
2026-01-30,SKU017,0.0,105,9.0,428
2026-01-31,SKU017,0.0,165,9.0,428
2026-02-01,SKU017,0.0,80,9.0,428
2026-02-02,SKU017,0.0,67,9.0,428
2026-02-03,SKU017,0.0,37,9.0,428
2026-02-04,SKU017,0.0,55,9.0,428
2026-02-05,SKU017,0.0,100,9.0,428
2026-02-06,SKU017,0.0,68,9.0,428
2026-02-07,SKU017,0.0,115,9.0,428
2026-02-08,SKU017,0.0,69,9.0,428
2026-02-09,SKU017,11.0,0,9.0,428
2026-02-10,SKU017,0.0,123,9.0,428
2026-02-11,SKU017,0.0,136,9.0,428
2026-02-12,SKU017,0.0,166,9.0,428
2026-02-13,SKU017,0.0,111,9.0,428
2026-02-14,SKU017,0.0,171,9.0,428
2026-02-15,SKU017,0.0,56,9.0,428
2026-02-16,SKU017,0.0,105,9.0,428
2026-02-17,SKU017,0.0,94,9.0,428
2026-02-18,SKU017,56.0,0,9.0,428
2026-02-19,SKU017,0.0,58,9.0,428
2026-02-20,SKU017,0.0,42,9.0,428
2026-02-21,SKU017,0.0,91,9.0,428
2026-02-22,SKU017,0.0,129,9.0,428
2026-02-23,SKU017,0.0,135,9.0,428
2026-02-24,SKU017,0.0,128,9.0,428
2026-02-25,SKU017,0.0,124,9.0,428
2026-02-26,SKU017,0.0,47,9.0,428
2026-02-27,SKU017,85.0,0,9.0,428
2026-02-28,SKU017,9.0,110,9.0,428
2026-03-01,SKU017,0.0,33,9.0,428
2026-03-02,SKU017,0.0,62,9.0,428
2026-03-03,SKU017,0.0,64,9.0,428
2026-03-04,SKU017,0.0,43,9.0,428
2026-03-05,SKU017,0.0,44,9.0,428
2026-03-06,SKU017,0.0,162,9.0,428
2026-03-07,SKU017,0.0,93,9.0,428
2026-03-08,SKU017,0.0,87,9.0,428
2026-03-09,SKU017,74.0,0,9.0,428
2026-03-10,SKU017,24.0,79,9.0,428
2026-03-11,SKU017,0.0,72,9.0,428
2026-03-12,SKU017,0.0,54,9.0,428
2026-03-13,SKU017,0.0,36,9.0,428
2026-03-14,SKU017,0.0,53,9.0,428
2026-03-15,SKU017,0.0,150,9.0,428
2026-03-16,SKU017,0.0,110,9.0,428
2026-03-17,SKU017,0.0,114,9.0,428
2026-03-18,SKU017,22.0,0,9.0,428
2026-03-19,SKU017,0.0,99,9.0,428
2026-03-20,SKU017,0.0,125,9.0,428
2026-03-21,SKU017,0.0,87,9.0,428
2026-03-22,SKU017,0.0,74,9.0,428
2026-03-23,SKU017,0.0,61,9.0,428
2026-03-24,SKU017,0.0,55,9.0,428
2026-03-25,SKU017,0.0,111,9.0,428
2026-03-26,SKU017,0.0,33,9.0,428
2026-03-27,SKU017,0.0,0,9.0,428
2026-03-28,SKU017,0.0,115,9.0,428
2026-03-29,SKU017,0.0,149,9.0,428
2026-03-30,SKU017,0.0,64,9.0,428
2026-03-31,SKU017,0.0,23,9.0,428
2026-04-01,SKU017,0.0,127,9.0,428
2026-04-02,SKU017,0.0,28,9.0,428
2026-04-03,SKU017,0.0,74,9.0,428
2026-04-04,SKU017,0.0,93,9.0,428
2026-04-05,SKU017,0.0,141,9.0,428
2026-04-06,SKU017,0.0,143,9.0,428
2026-04-07,SKU017,0.0,87,9.0,428
2026-04-08,SKU017,0.0,159,9.0,428
2026-04-09,SKU017,25.0,0,9.0,428
2026-04-10,SKU017,0.0,96,9.0,428
2026-04-11,SKU017,0.0,84,9.0,428
2026-04-12,SKU017,0.0,119,9.0,428
2026-04-13,SKU017,0.0,85,9.0,428
2026-04-14,SKU017,0.0,168,9.0,428
2026-04-15,SKU017,0.0,154,9.0,428
2026-04-16,SKU017,0.0,83,9.0,428
2026-04-17,SKU017,0.0,26,9.0,428
2026-04-18,SKU017,61.0,0,9.0,428
2026-04-19,SKU017,8.0,60,9.0,428
2026-04-20,SKU017,0.0,72,9.0,428
2026-04-21,SKU017,0.0,94,9.0,428
2026-04-22,SKU017,0.0,148,9.0,428
2026-04-23,SKU017,0.0,139,9.0,428
2026-04-24,SKU017,0.0,109,9.0,428
2026-04-25,SKU017,0.0,136,9.0,428
2026-04-26,SKU017,0.0,70,9.0,428
2026-04-27,SKU017,46.0,0,9.0,428
2026-04-28,SKU017,0.0,33,9.0,428
2026-04-29,SKU017,0.0,30,9.0,428
2026-04-30,SKU017,0.0,47,9.0,428
2026-05-01,SKU017,0.0,140,9.0,428
2026-05-02,SKU017,0.0,167,9.0,428
2026-05-03,SKU017,0.0,119,9.0,428
2026-05-04,SKU017,0.0,28,9.0,428
2026-05-05,SKU017,0.0,120,9.0,428
2026-05-06,SKU017,0.0,65,9.0,428
2026-05-07,SKU017,0.0,160,9.0,428
2026-05-08,SKU017,0.0,137,9.0,428
2026-05-09,SKU017,18.0,0,9.0,428
2026-05-10,SKU017,0.0,91,9.0,428
2026-05-11,SKU017,0.0,135,9.0,428
2026-05-12,SKU017,0.0,168,9.0,428
2026-05-13,SKU017,0.0,69,9.0,428
2026-05-14,SKU017,0.0,143,9.0,428
2026-05-15,SKU017,0.0,130,9.0,428
2026-05-16,SKU017,0.0,59,9.0,428
2026-05-17,SKU017,0.0,61,9.0,428
2026-05-18,SKU017,10.0,0,9.0,428
2026-05-19,SKU017,0.0,49,9.0,428
2026-05-20,SKU017,0.0,71,9.0,428
2026-05-21,SKU017,0.0,42,9.0,428
2026-05-22,SKU017,0.0,61,9.0,428
2026-05-23,SKU017,0.0,79,9.0,428
2026-05-24,SKU017,0.0,109,9.0,428
2026-05-25,SKU017,0.0,90,9.0,428
2026-05-26,SKU017,0.0,72,9.0,428
2026-05-27,SKU017,0.0,0,9.0,428
2026-05-28,SKU017,0.0,110,9.0,428
2026-05-29,SKU017,0.0,154,9.0,428
2026-05-30,SKU017,0.0,118,9.0,428
2026-05-31,SKU017,0.0,111,9.0,428
2026-06-01,SKU017,0.0,82,9.0,428
2026-06-02,SKU017,0.0,105,9.0,428
2026-06-03,SKU017,0.0,127,9.0,428
2026-06-04,SKU017,0.0,68,9.0,428
2026-06-05,SKU017,0.0,172,9.0,428
2026-06-06,SKU017,0.0,25,9.0,428
2026-06-07,SKU017,0.0,75,9.0,428
2026-06-08,SKU017,0.0,176,9.0,428
2026-06-09,SKU017,75.0,0,9.0,428
2026-06-10,SKU017,10.0,31,9.0,428
2026-06-11,SKU017,0.0,79,9.0,428
2026-06-12,SKU017,0.0,130,9.0,428
2026-06-13,SKU017,0.0,108,9.0,428
2026-06-14,SKU017,0.0,169,9.0,428
2026-06-15,SKU017,0.0,146,9.0,428
2026-06-16,SKU017,0.0,125,9.0,428
2026-06-17,SKU017,0.0,117,9.0,428
2026-06-18,SKU017,104.0,0,9.0,428
2026-06-19,SKU017,13.0,101,9.0,428
2026-06-20,SKU017,0.0,23,9.0,428
2026-06-21,SKU017,0.0,138,9.0,428
2026-06-22,SKU017,0.0,104,9.0,428
2026-06-23,SKU017,0.0,154,9.0,428
2026-06-24,SKU017,0.0,93,9.0,428
2026-06-25,SKU017,0.0,47,9.0,428
2026-06-26,SKU017,0.0,125,9.0,428
2026-06-27,SKU017,86.0,0,9.0,428
2026-06-28,SKU017,29.0,36,9.0,428
2026-06-29,SKU017,0.0,50,9.0,428
2026-06-30,SKU017,0.0,58,9.0,428
2025-01-01,SKU018,105.0,263,12.0,786
2025-01-02,SKU018,42.0,72,12.0,786
2025-01-03,SKU018,0.0,45,12.0,786
2025-01-04,SKU018,0.0,111,12.0,786
2025-01-05,SKU018,0.0,144,12.0,786
2025-01-06,SKU018,0.0,226,12.0,786
2025-01-07,SKU018,0.0,177,12.0,786
2025-01-08,SKU018,0.0,263,12.0,786
2025-01-09,SKU018,0.0,126,12.0,786
2025-01-10,SKU018,0.0,55,12.0,786
2025-01-11,SKU018,0.0,246,12.0,786
2025-01-12,SKU018,65.0,0,12.0,786
2025-01-13,SKU018,0.0,152,12.0,786
2025-01-14,SKU018,0.0,138,12.0,786
2025-01-15,SKU018,0.0,77,12.0,786
2025-01-16,SKU018,0.0,119,12.0,786
2025-01-17,SKU018,0.0,109,12.0,786
2025-01-18,SKU018,0.0,116,12.0,786
2025-01-19,SKU018,0.0,97,12.0,786
2025-01-20,SKU018,0.0,150,12.0,786
2025-01-21,SKU018,0.0,208,12.0,786
2025-01-22,SKU018,0.0,257,12.0,786
2025-01-23,SKU018,0.0,60,12.0,786
2025-01-24,SKU018,172.0,0,12.0,786
2025-01-25,SKU018,86.0,113,12.0,786
2025-01-26,SKU018,0.0,154,12.0,786
2025-01-27,SKU018,0.0,60,12.0,786
2025-01-28,SKU018,0.0,65,12.0,786
2025-01-29,SKU018,0.0,223,12.0,786
2025-01-30,SKU018,0.0,153,12.0,786
2025-01-31,SKU018,0.0,89,12.0,786
2025-02-01,SKU018,0.0,249,12.0,786
2025-02-02,SKU018,0.0,235,12.0,786
2025-02-03,SKU018,0.0,121,12.0,786
2025-02-04,SKU018,0.0,80,12.0,786
2025-02-05,SKU018,0.0,116,12.0,786
2025-02-06,SKU018,0.0,195,12.0,786
2025-02-07,SKU018,0.0,109,12.0,786
2025-02-08,SKU018,0.0,144,12.0,786
2025-02-09,SKU018,0.0,255,12.0,786
2025-02-10,SKU018,0.0,253,12.0,786
2025-02-11,SKU018,0.0,139,12.0,786
2025-02-12,SKU018,157.0,0,12.0,786
2025-02-13,SKU018,62.0,123,12.0,786
2025-02-14,SKU018,0.0,146,12.0,786
2025-02-15,SKU018,0.0,83,12.0,786
2025-02-16,SKU018,0.0,91,12.0,786
2025-02-17,SKU018,0.0,195,12.0,786
2025-02-18,SKU018,0.0,215,12.0,786
2025-02-19,SKU018,0.0,166,12.0,786
2025-02-20,SKU018,0.0,183,12.0,786
2025-02-21,SKU018,0.0,106,12.0,786
2025-02-22,SKU018,0.0,244,12.0,786
2025-02-23,SKU018,0.0,195,12.0,786
2025-02-24,SKU018,147.0,0,12.0,786
2025-02-25,SKU018,57.0,213,12.0,786
2025-02-26,SKU018,0.0,142,12.0,786
2025-02-27,SKU018,0.0,190,12.0,786
2025-02-28,SKU018,0.0,65,12.0,786
2025-03-01,SKU018,0.0,118,12.0,786
2025-03-02,SKU018,0.0,173,12.0,786
2025-03-03,SKU018,0.0,73,12.0,786
2025-03-04,SKU018,0.0,225,12.0,786
2025-03-05,SKU018,0.0,121,12.0,786
2025-03-06,SKU018,0.0,247,12.0,786
2025-03-07,SKU018,0.0,226,12.0,786
2025-03-08,SKU018,0.0,96,12.0,786
2025-03-09,SKU018,0.0,35,12.0,786
2025-03-10,SKU018,0.0,49,12.0,786
2025-03-11,SKU018,0.0,52,12.0,786
2025-03-12,SKU018,24.0,0,12.0,786
2025-03-13,SKU018,0.0,38,12.0,786
2025-03-14,SKU018,0.0,142,12.0,786
2025-03-15,SKU018,0.0,169,12.0,786
2025-03-16,SKU018,0.0,216,12.0,786
2025-03-17,SKU018,0.0,241,12.0,786
2025-03-18,SKU018,0.0,39,12.0,786
2025-03-19,SKU018,0.0,263,12.0,786
2025-03-20,SKU018,0.0,167,12.0,786
2025-03-21,SKU018,0.0,185,12.0,786
2025-03-22,SKU018,0.0,85,12.0,786
2025-03-23,SKU018,0.0,144,12.0,786
2025-03-24,SKU018,37.0,0,12.0,786
2025-03-25,SKU018,0.0,127,12.0,786
2025-03-26,SKU018,0.0,119,12.0,786
2025-03-27,SKU018,0.0,71,12.0,786
2025-03-28,SKU018,0.0,110,12.0,786
2025-03-29,SKU018,0.0,206,12.0,786
2025-03-30,SKU018,0.0,96,12.0,786
2025-03-31,SKU018,0.0,206,12.0,786
2025-04-01,SKU018,0.0,142,12.0,786
2025-04-02,SKU018,0.0,260,12.0,786
2025-04-03,SKU018,0.0,117,12.0,786
2025-04-04,SKU018,0.0,258,12.0,786
2025-04-05,SKU018,0.0,45,12.0,786
2025-04-06,SKU018,0.0,56,12.0,786
2025-04-07,SKU018,0.0,94,12.0,786
2025-04-08,SKU018,0.0,239,12.0,786
2025-04-09,SKU018,0.0,204,12.0,786
2025-04-10,SKU018,0.0,97,12.0,786
2025-04-11,SKU018,0.0,35,12.0,786
2025-04-12,SKU018,153.0,0,12.0,786
2025-04-13,SKU018,82.0,232,12.0,786
2025-04-14,SKU018,14.0,94,12.0,786
2025-04-15,SKU018,0.0,38,12.0,786
2025-04-16,SKU018,0.0,260,12.0,786
2025-04-17,SKU018,0.0,120,12.0,786
2025-04-18,SKU018,0.0,86,12.0,786
2025-04-19,SKU018,0.0,259,12.0,786
2025-04-20,SKU018,0.0,206,12.0,786
2025-04-21,SKU018,0.0,72,12.0,786
2025-04-22,SKU018,0.0,140,12.0,786
2025-04-23,SKU018,0.0,131,12.0,786
2025-04-24,SKU018,52.0,0,12.0,786
2025-04-25,SKU018,0.0,191,12.0,786
2025-04-26,SKU018,0.0,63,12.0,786
2025-04-27,SKU018,0.0,136,12.0,786
2025-04-28,SKU018,0.0,159,12.0,786
2025-04-29,SKU018,0.0,178,12.0,786
2025-04-30,SKU018,0.0,68,12.0,786
2025-05-01,SKU018,0.0,227,12.0,786
2025-05-02,SKU018,0.0,163,12.0,786
2025-05-03,SKU018,0.0,257,12.0,786
2025-05-04,SKU018,0.0,119,12.0,786
2025-05-05,SKU018,0.0,247,12.0,786
2025-05-06,SKU018,0.0,56,12.0,786
2025-05-07,SKU018,0.0,260,12.0,786
2025-05-08,SKU018,0.0,215,12.0,786
2025-05-09,SKU018,0.0,134,12.0,786
2025-05-10,SKU018,0.0,51,12.0,786
2025-05-11,SKU018,0.0,221,12.0,786
2025-05-12,SKU018,82.0,0,12.0,786
2025-05-13,SKU018,18.0,181,12.0,786
2025-05-14,SKU018,0.0,135,12.0,786
2025-05-15,SKU018,0.0,86,12.0,786
2025-05-16,SKU018,0.0,51,12.0,786
2025-05-17,SKU018,0.0,264,12.0,786
2025-05-18,SKU018,0.0,92,12.0,786
2025-05-19,SKU018,0.0,138,12.0,786
2025-05-20,SKU018,0.0,166,12.0,786
2025-05-21,SKU018,0.0,215,12.0,786
2025-05-22,SKU018,0.0,97,12.0,786
2025-05-23,SKU018,0.0,212,12.0,786
2025-05-24,SKU018,0.0,0,12.0,786
2025-05-25,SKU018,0.0,224,12.0,786
2025-05-26,SKU018,0.0,244,12.0,786
2025-05-27,SKU018,0.0,244,12.0,786
2025-05-28,SKU018,0.0,43,12.0,786
2025-05-29,SKU018,0.0,149,12.0,786
2025-05-30,SKU018,0.0,241,12.0,786
2025-05-31,SKU018,0.0,218,12.0,786
2025-06-01,SKU018,0.0,239,12.0,786
2025-06-02,SKU018,0.0,200,12.0,786
2025-06-03,SKU018,0.0,232,12.0,786
2025-06-04,SKU018,0.0,47,12.0,786
2025-06-05,SKU018,0.0,79,12.0,786
2025-06-06,SKU018,0.0,202,12.0,786
2025-06-07,SKU018,0.0,223,12.0,786
2025-06-08,SKU018,0.0,76,12.0,786
2025-06-09,SKU018,0.0,221,12.0,786
2025-06-10,SKU018,0.0,86,12.0,786
2025-06-11,SKU018,0.0,188,12.0,786
2025-06-12,SKU018,25.0,0,12.0,786
2025-06-13,SKU018,0.0,213,12.0,786
2025-06-14,SKU018,0.0,134,12.0,786
2025-06-15,SKU018,0.0,80,12.0,786
2025-06-16,SKU018,0.0,225,12.0,786
2025-06-17,SKU018,0.0,250,12.0,786
2025-06-18,SKU018,0.0,179,12.0,786
2025-06-19,SKU018,0.0,235,12.0,786
2025-06-20,SKU018,0.0,38,12.0,786
2025-06-21,SKU018,0.0,160,12.0,786
2025-06-22,SKU018,0.0,123,12.0,786
2025-06-23,SKU018,0.0,199,12.0,786
2025-06-24,SKU018,22.0,0,12.0,786
2025-06-25,SKU018,0.0,36,12.0,786
2025-06-26,SKU018,0.0,143,12.0,786
2025-06-27,SKU018,0.0,172,12.0,786
2025-06-28,SKU018,0.0,191,12.0,786
2025-06-29,SKU018,0.0,228,12.0,786
2025-06-30,SKU018,0.0,267,12.0,786
2025-07-01,SKU018,0.0,211,12.0,786
2025-07-02,SKU018,0.0,104,12.0,786
2025-07-03,SKU018,0.0,253,12.0,786
2025-07-04,SKU018,0.0,191,12.0,786
2025-07-05,SKU018,0.0,242,12.0,786
2025-07-06,SKU018,0.0,130,12.0,786
2025-07-07,SKU018,0.0,66,12.0,786
2025-07-08,SKU018,0.0,192,12.0,786
2025-07-09,SKU018,0.0,65,12.0,786
2025-07-10,SKU018,0.0,236,12.0,786
2025-07-11,SKU018,0.0,183,12.0,786
2025-07-12,SKU018,47.0,0,12.0,786
2025-07-13,SKU018,0.0,63,12.0,786
2025-07-14,SKU018,0.0,99,12.0,786
2025-07-15,SKU018,0.0,99,12.0,786
2025-07-16,SKU018,0.0,44,12.0,786
2025-07-17,SKU018,0.0,67,12.0,786
2025-07-18,SKU018,0.0,175,12.0,786
2025-07-19,SKU018,0.0,42,12.0,786
2025-07-20,SKU018,0.0,144,12.0,786
2025-07-21,SKU018,0.0,172,12.0,786
2025-07-22,SKU018,0.0,91,12.0,786
2025-07-23,SKU018,0.0,265,12.0,786
2025-07-24,SKU018,39.0,0,12.0,786
2025-07-25,SKU018,0.0,209,12.0,786
2025-07-26,SKU018,0.0,85,12.0,786
2025-07-27,SKU018,0.0,41,12.0,786
2025-07-28,SKU018,0.0,50,12.0,786
2025-07-29,SKU018,0.0,101,12.0,786
2025-07-30,SKU018,0.0,104,12.0,786
2025-07-31,SKU018,0.0,78,12.0,786
2025-08-01,SKU018,0.0,111,12.0,786
2025-08-02,SKU018,0.0,61,12.0,786
2025-08-03,SKU018,0.0,240,12.0,786
2025-08-04,SKU018,0.0,104,12.0,786
2025-08-05,SKU018,0.0,204,12.0,786
2025-08-06,SKU018,0.0,247,12.0,786
2025-08-07,SKU018,0.0,252,12.0,786
2025-08-08,SKU018,0.0,165,12.0,786
2025-08-09,SKU018,0.0,109,12.0,786
2025-08-10,SKU018,0.0,245,12.0,786
2025-08-11,SKU018,0.0,260,12.0,786
2025-08-12,SKU018,101.0,0,12.0,786
2025-08-13,SKU018,14.0,168,12.0,786
2025-08-14,SKU018,0.0,72,12.0,786
2025-08-15,SKU018,0.0,179,12.0,786
2025-08-16,SKU018,0.0,88,12.0,786
2025-08-17,SKU018,0.0,75,12.0,786
2025-08-18,SKU018,0.0,127,12.0,786
2025-08-19,SKU018,0.0,126,12.0,786
2025-08-20,SKU018,0.0,152,12.0,786
2025-08-21,SKU018,0.0,123,12.0,786
2025-08-22,SKU018,0.0,42,12.0,786
2025-08-23,SKU018,0.0,145,12.0,786
2025-08-24,SKU018,43.0,0,12.0,786
2025-08-25,SKU018,0.0,171,12.0,786
2025-08-26,SKU018,0.0,131,12.0,786
2025-08-27,SKU018,0.0,127,12.0,786
2025-08-28,SKU018,0.0,233,12.0,786
2025-08-29,SKU018,0.0,206,12.0,786
2025-08-30,SKU018,0.0,218,12.0,786
2025-08-31,SKU018,0.0,181,12.0,786
2025-09-01,SKU018,0.0,239,12.0,786
2025-09-02,SKU018,0.0,181,12.0,786
2025-09-03,SKU018,0.0,40,12.0,786
2025-09-04,SKU018,0.0,150,12.0,786
2025-09-05,SKU018,0.0,167,12.0,786
2025-09-06,SKU018,0.0,241,12.0,786
2025-09-07,SKU018,0.0,153,12.0,786
2025-09-08,SKU018,0.0,88,12.0,786
2025-09-09,SKU018,0.0,138,12.0,786
2025-09-10,SKU018,0.0,132,12.0,786
2025-09-11,SKU018,0.0,163,12.0,786
2025-09-12,SKU018,30.0,0,12.0,786
2025-09-13,SKU018,0.0,110,12.0,786
2025-09-14,SKU018,0.0,257,12.0,786
2025-09-15,SKU018,0.0,147,12.0,786
2025-09-16,SKU018,0.0,231,12.0,786
2025-09-17,SKU018,0.0,258,12.0,786
2025-09-18,SKU018,0.0,222,12.0,786
2025-09-19,SKU018,0.0,125,12.0,786
2025-09-20,SKU018,0.0,79,12.0,786
2025-09-21,SKU018,0.0,221,12.0,786
2025-09-22,SKU018,0.0,177,12.0,786
2025-09-23,SKU018,0.0,107,12.0,786
2025-09-24,SKU018,149.0,0,12.0,786
2025-09-25,SKU018,95.0,167,12.0,786
2025-09-26,SKU018,5.0,215,12.0,786
2025-09-27,SKU018,0.0,151,12.0,786
2025-09-28,SKU018,0.0,176,12.0,786
2025-09-29,SKU018,0.0,118,12.0,786
2025-09-30,SKU018,0.0,114,12.0,786
2025-10-01,SKU018,0.0,201,12.0,786
2025-10-02,SKU018,0.0,122,12.0,786
2025-10-03,SKU018,0.0,128,12.0,786
2025-10-04,SKU018,0.0,103,12.0,786
2025-10-05,SKU018,0.0,219,12.0,786
2025-10-06,SKU018,0.0,226,12.0,786
2025-10-07,SKU018,0.0,70,12.0,786
2025-10-08,SKU018,0.0,193,12.0,786
2025-10-09,SKU018,0.0,90,12.0,786
2025-10-10,SKU018,0.0,90,12.0,786
2025-10-11,SKU018,0.0,77,12.0,786
2025-10-12,SKU018,6.0,0,12.0,786
2025-10-13,SKU018,0.0,125,12.0,786
2025-10-14,SKU018,0.0,101,12.0,786
2025-10-15,SKU018,0.0,81,12.0,786
2025-10-16,SKU018,0.0,180,12.0,786
2025-10-17,SKU018,0.0,219,12.0,786
2025-10-18,SKU018,0.0,134,12.0,786
2025-10-19,SKU018,0.0,35,12.0,786
2025-10-20,SKU018,0.0,173,12.0,786
2025-10-21,SKU018,0.0,227,12.0,786
2025-10-22,SKU018,0.0,176,12.0,786
2025-10-23,SKU018,0.0,230,12.0,786
2025-10-24,SKU018,0.0,0,12.0,786
2025-10-25,SKU018,0.0,85,12.0,786
2025-10-26,SKU018,0.0,185,12.0,786
2025-10-27,SKU018,0.0,121,12.0,786
2025-10-28,SKU018,0.0,79,12.0,786
2025-10-29,SKU018,0.0,247,12.0,786
2025-10-30,SKU018,0.0,127,12.0,786
2025-10-31,SKU018,0.0,230,12.0,786
2025-11-01,SKU018,0.0,259,12.0,786
2025-11-02,SKU018,0.0,39,12.0,786
2025-11-03,SKU018,0.0,254,12.0,786
2025-11-04,SKU018,0.0,201,12.0,786
2025-11-05,SKU018,0.0,214,12.0,786
2025-11-06,SKU018,0.0,76,12.0,786
2025-11-07,SKU018,0.0,74,12.0,786
2025-11-08,SKU018,0.0,144,12.0,786
2025-11-09,SKU018,0.0,69,12.0,786
2025-11-10,SKU018,0.0,200,12.0,786
2025-11-11,SKU018,0.0,244,12.0,786
2025-11-12,SKU018,176.0,0,12.0,786
2025-11-13,SKU018,121.0,104,12.0,786
2025-11-14,SKU018,49.0,154,12.0,786
2025-11-15,SKU018,0.0,77,12.0,786
2025-11-16,SKU018,0.0,112,12.0,786
2025-11-17,SKU018,0.0,98,12.0,786
2025-11-18,SKU018,0.0,154,12.0,786
2025-11-19,SKU018,0.0,95,12.0,786
2025-11-20,SKU018,0.0,37,12.0,786
2025-11-21,SKU018,0.0,95,12.0,786
2025-11-22,SKU018,0.0,64,12.0,786
2025-11-23,SKU018,0.0,42,12.0,786
2025-11-24,SKU018,60.0,0,12.0,786
2025-11-25,SKU018,0.0,183,12.0,786
2025-11-26,SKU018,0.0,244,12.0,786
2025-11-27,SKU018,0.0,81,12.0,786
2025-11-28,SKU018,0.0,51,12.0,786
2025-11-29,SKU018,0.0,203,12.0,786
2025-11-30,SKU018,0.0,154,12.0,786
2025-12-01,SKU018,0.0,247,12.0,786
2025-12-02,SKU018,0.0,142,12.0,786
2025-12-03,SKU018,0.0,236,12.0,786
2025-12-04,SKU018,0.0,48,12.0,786
2025-12-05,SKU018,0.0,265,12.0,786
2025-12-06,SKU018,0.0,129,12.0,786
2025-12-07,SKU018,0.0,236,12.0,786
2025-12-08,SKU018,0.0,41,12.0,786
2025-12-09,SKU018,0.0,77,12.0,786
2025-12-10,SKU018,0.0,170,12.0,786
2025-12-11,SKU018,0.0,36,12.0,786
2025-12-12,SKU018,96.0,0,12.0,786
2025-12-13,SKU018,12.0,96,12.0,786
2025-12-14,SKU018,0.0,157,12.0,786
2025-12-15,SKU018,0.0,208,12.0,786
2025-12-16,SKU018,0.0,179,12.0,786
2025-12-17,SKU018,0.0,207,12.0,786
2025-12-18,SKU018,0.0,114,12.0,786
2025-12-19,SKU018,0.0,200,12.0,786
2025-12-20,SKU018,0.0,158,12.0,786
2025-12-21,SKU018,0.0,152,12.0,786
2025-12-22,SKU018,0.0,179,12.0,786
2025-12-23,SKU018,0.0,151,12.0,786
2025-12-24,SKU018,33.0,0,12.0,786
2025-12-25,SKU018,0.0,107,12.0,786
2025-12-26,SKU018,0.0,174,12.0,786
2025-12-27,SKU018,0.0,102,12.0,786
2025-12-28,SKU018,0.0,33,12.0,786
2025-12-29,SKU018,0.0,48,12.0,786
2025-12-30,SKU018,0.0,238,12.0,786
2025-12-31,SKU018,0.0,231,12.0,786
2026-01-01,SKU018,0.0,257,12.0,786
2026-01-02,SKU018,0.0,137,12.0,786
2026-01-03,SKU018,0.0,96,12.0,786
2026-01-04,SKU018,0.0,266,12.0,786
2026-01-05,SKU018,0.0,175,12.0,786
2026-01-06,SKU018,0.0,245,12.0,786
2026-01-07,SKU018,0.0,116,12.0,786
2026-01-08,SKU018,0.0,213,12.0,786
2026-01-09,SKU018,0.0,215,12.0,786
2026-01-10,SKU018,0.0,187,12.0,786
2026-01-11,SKU018,0.0,90,12.0,786
2026-01-12,SKU018,157.0,0,12.0,786
2026-01-13,SKU018,67.0,143,12.0,786
2026-01-14,SKU018,0.0,209,12.0,786
2026-01-15,SKU018,0.0,160,12.0,786
2026-01-16,SKU018,0.0,58,12.0,786
2026-01-17,SKU018,0.0,135,12.0,786
2026-01-18,SKU018,0.0,121,12.0,786
2026-01-19,SKU018,0.0,250,12.0,786
2026-01-20,SKU018,0.0,229,12.0,786
2026-01-21,SKU018,0.0,107,12.0,786
2026-01-22,SKU018,0.0,176,12.0,786
2026-01-23,SKU018,0.0,136,12.0,786
2026-01-24,SKU018,115.0,0,12.0,786
2026-01-25,SKU018,48.0,134,12.0,786
2026-01-26,SKU018,0.0,128,12.0,786
2026-01-27,SKU018,0.0,215,12.0,786
2026-01-28,SKU018,0.0,255,12.0,786
2026-01-29,SKU018,0.0,43,12.0,786
2026-01-30,SKU018,0.0,38,12.0,786
2026-01-31,SKU018,0.0,155,12.0,786
2026-02-01,SKU018,0.0,202,12.0,786
2026-02-02,SKU018,0.0,247,12.0,786
2026-02-03,SKU018,0.0,101,12.0,786
2026-02-04,SKU018,0.0,144,12.0,786
2026-02-05,SKU018,0.0,226,12.0,786
2026-02-06,SKU018,0.0,113,12.0,786
2026-02-07,SKU018,0.0,48,12.0,786
2026-02-08,SKU018,0.0,231,12.0,786
2026-02-09,SKU018,0.0,95,12.0,786
2026-02-10,SKU018,0.0,264,12.0,786
2026-02-11,SKU018,0.0,92,12.0,786
2026-02-12,SKU018,84.0,0,12.0,786
2026-02-13,SKU018,0.0,250,12.0,786
2026-02-14,SKU018,0.0,94,,786
2026-02-15,SKU018,0.0,133,12.0,786
2026-02-16,SKU018,0.0,133,12.0,786
2026-02-17,SKU018,0.0,157,12.0,786
2026-02-18,SKU018,0.0,119,12.0,786
2026-02-19,SKU018,0.0,158,12.0,786
2026-02-20,SKU018,0.0,180,12.0,786
2026-02-21,SKU018,0.0,104,12.0,786
2026-02-22,SKU018,0.0,178,12.0,786
2026-02-23,SKU018,0.0,81,12.0,786
2026-02-24,SKU018,18.0,0,12.0,786
2026-02-25,SKU018,0.0,51,12.0,786
2026-02-26,SKU018,0.0,234,12.0,786
2026-02-27,SKU018,0.0,133,12.0,786
2026-02-28,SKU018,0.0,101,12.0,786
2026-03-01,SKU018,0.0,190,12.0,786
2026-03-02,SKU018,0.0,118,12.0,786
2026-03-03,SKU018,0.0,149,12.0,786
2026-03-04,SKU018,0.0,119,12.0,786
2026-03-05,SKU018,0.0,96,12.0,786
2026-03-06,SKU018,0.0,260,12.0,786
2026-03-07,SKU018,0.0,35,12.0,786
2026-03-08,SKU018,0.0,108,12.0,786
2026-03-09,SKU018,0.0,188,12.0,786
2026-03-10,SKU018,0.0,141,12.0,786
2026-03-11,SKU018,0.0,149,12.0,786
2026-03-12,SKU018,83.0,0,12.0,786
2026-03-13,SKU018,0.0,211,12.0,786
2026-03-14,SKU018,0.0,57,12.0,786
2026-03-15,SKU018,0.0,47,12.0,786
2026-03-16,SKU018,0.0,111,12.0,786
2026-03-17,SKU018,0.0,140,12.0,786
2026-03-18,SKU018,0.0,224,12.0,786
2026-03-19,SKU018,0.0,36,12.0,786
2026-03-20,SKU018,0.0,180,12.0,786
2026-03-21,SKU018,0.0,111,12.0,786
2026-03-22,SKU018,0.0,138,12.0,786
2026-03-23,SKU018,0.0,166,12.0,786
2026-03-24,SKU018,0.0,0,12.0,786
2026-03-25,SKU018,0.0,81,12.0,786
2026-03-26,SKU018,0.0,213,12.0,786
2026-03-27,SKU018,0.0,227,12.0,786
2026-03-28,SKU018,0.0,94,12.0,786
2026-03-29,SKU018,0.0,180,12.0,786
2026-03-30,SKU018,0.0,154,12.0,786
2026-03-31,SKU018,0.0,172,12.0,786
2026-04-01,SKU018,0.0,235,12.0,786
2026-04-02,SKU018,0.0,173,12.0,786
2026-04-03,SKU018,0.0,234,12.0,786
2026-04-04,SKU018,0.0,143,12.0,786
2026-04-05,SKU018,0.0,48,12.0,786
2026-04-06,SKU018,0.0,70,12.0,786
2026-04-07,SKU018,0.0,184,12.0,786
2026-04-08,SKU018,0.0,122,12.0,786
2026-04-09,SKU018,0.0,143,12.0,786
2026-04-10,SKU018,0.0,206,12.0,786
2026-04-11,SKU018,0.0,179,12.0,786
2026-04-12,SKU018,113.0,0,12.0,786
2026-04-13,SKU018,47.0,42,12.0,786
2026-04-14,SKU018,0.0,250,12.0,786
2026-04-15,SKU018,0.0,118,12.0,786
2026-04-16,SKU018,0.0,199,12.0,786
2026-04-17,SKU018,0.0,130,12.0,786
2026-04-18,SKU018,0.0,82,12.0,786
2026-04-19,SKU018,0.0,161,12.0,786
2026-04-20,SKU018,0.0,53,12.0,786
2026-04-21,SKU018,0.0,44,12.0,786
2026-04-22,SKU018,0.0,98,12.0,786
2026-04-23,SKU018,0.0,133,12.0,786
2026-04-24,SKU018,9.0,0,12.0,786
2026-04-25,SKU018,0.0,264,12.0,786
2026-04-26,SKU018,0.0,39,12.0,786
2026-04-27,SKU018,0.0,236,12.0,786
2026-04-28,SKU018,0.0,132,12.0,786
2026-04-29,SKU018,0.0,210,12.0,786
2026-04-30,SKU018,0.0,245,12.0,786
2026-05-01,SKU018,0.0,170,12.0,786
2026-05-02,SKU018,0.0,149,12.0,786
2026-05-03,SKU018,0.0,180,12.0,786
2026-05-04,SKU018,0.0,260,12.0,786
2026-05-05,SKU018,0.0,52,12.0,786
2026-05-06,SKU018,0.0,165,12.0,786
2026-05-07,SKU018,0.0,146,12.0,786
2026-05-08,SKU018,0.0,224,12.0,786
2026-05-09,SKU018,0.0,58,12.0,786
2026-05-10,SKU018,0.0,183,12.0,786
2026-05-11,SKU018,0.0,103,12.0,786
2026-05-12,SKU018,98.0,0,12.0,786
2026-05-13,SKU018,41.0,48,12.0,786
2026-05-14,SKU018,0.0,229,12.0,786
2026-05-15,SKU018,0.0,33,12.0,786
2026-05-16,SKU018,0.0,240,12.0,786
2026-05-17,SKU018,0.0,146,12.0,786
2026-05-18,SKU018,0.0,249,12.0,786
2026-05-19,SKU018,0.0,35,12.0,786
2026-05-20,SKU018,0.0,248,12.0,786
2026-05-21,SKU018,0.0,160,12.0,786
2026-05-22,SKU018,0.0,48,12.0,786
2026-05-23,SKU018,0.0,263,12.0,786
2026-05-24,SKU018,11.0,0,12.0,786
2026-05-25,SKU018,0.0,76,12.0,786
2026-05-26,SKU018,0.0,49,12.0,786
2026-05-27,SKU018,0.0,154,12.0,786
2026-05-28,SKU018,0.0,191,12.0,786
2026-05-29,SKU018,0.0,103,12.0,786
2026-05-30,SKU018,0.0,195,12.0,786
2026-05-31,SKU018,0.0,230,12.0,786
2026-06-01,SKU018,0.0,139,12.0,786
2026-06-02,SKU018,0.0,258,12.0,786
2026-06-03,SKU018,0.0,58,12.0,786
2026-06-04,SKU018,0.0,203,12.0,786
2026-06-05,SKU018,0.0,205,12.0,786
2026-06-06,SKU018,0.0,163,12.0,786
2026-06-07,SKU018,0.0,66,12.0,786
2026-06-08,SKU018,0.0,160,12.0,786
2026-06-09,SKU018,0.0,72,12.0,786
2026-06-10,SKU018,0.0,53,12.0,786
2026-06-11,SKU018,0.0,159,12.0,786
2026-06-12,SKU018,40.0,0,12.0,786
2026-06-13,SKU018,0.0,221,12.0,786
2026-06-14,SKU018,0.0,81,12.0,786
2026-06-15,SKU018,0.0,251,12.0,786
2026-06-16,SKU018,0.0,166,12.0,786
2026-06-17,SKU018,0.0,184,12.0,786
2026-06-18,SKU018,0.0,72,12.0,786
2026-06-19,SKU018,0.0,220,12.0,786
2026-06-20,SKU018,0.0,187,12.0,786
2026-06-21,SKU018,0.0,76,12.0,786
2026-06-22,SKU018,0.0,150,12.0,786
2026-06-23,SKU018,0.0,123,12.0,786
2026-06-24,SKU018,193.0,0,12.0,786
2026-06-25,SKU018,68.0,263,12.0,786
2026-06-26,SKU018,0.0,171,12.0,786
2026-06-27,SKU018,0.0,123,12.0,786
2026-06-28,SKU018,0.0,144,12.0,786
2026-06-29,SKU018,0.0,95,12.0,786
2026-06-30,SKU018,0.0,214,12.0,786
2025-01-01,SKU019,144.0,21,3.0,94
2025-01-02,SKU019,111.0,26,3.0,94
2025-01-03,SKU019,128.0,0,3.0,94
2025-01-04,SKU019,78.0,67,3.0,94
2025-01-05,SKU019,44.0,67,3.0,94
2025-01-06,SKU019,129.0,0,3.0,94
2025-01-07,SKU019,99.0,106,3.0,94
2025-01-08,SKU019,58.0,90,3.0,94
2025-01-09,SKU019,37.0,0,3.0,94
2025-01-10,SKU019,0.0,80,3.0,94
2025-01-11,SKU019,0.0,130,3.0,94
2025-01-12,SKU019,36.0,0,3.0,94
2025-01-13,SKU019,3.0,80,3.0,94
2025-01-14,SKU019,0.0,22,3.0,94
2025-01-15,SKU019,0.0,0,3.0,94
2025-01-16,SKU019,0.0,86,3.0,94
2025-01-17,SKU019,0.0,116,3.0,94
2025-01-18,SKU019,73.0,0,3.0,94
2025-01-19,SKU019,34.0,113,3.0,94
2025-01-20,SKU019,0.0,108,3.0,94
2025-01-21,SKU019,58.0,0,3.0,94
2025-01-22,SKU019,25.0,78,3.0,94
2025-01-23,SKU019,0.0,58,3.0,94
2025-01-24,SKU019,67.0,0,3.0,94
2025-01-25,SKU019,34.0,66,3.0,94
2025-01-26,SKU019,0.0,79,3.0,94
2025-01-27,SKU019,98.0,0,3.0,94
2025-01-28,SKU019,61.0,49,3.0,94
2025-01-29,SKU019,25.0,65,3.0,94
2025-01-30,SKU019,1.0,0,3.0,94
2025-01-31,SKU019,0.0,55,3.0,94
2025-02-01,SKU019,0.0,120,3.0,94
2025-02-02,SKU019,0.0,47,3.0,94
2025-02-03,SKU019,82.0,0,3.0,94
2025-02-04,SKU019,48.0,78,3.0,94
2025-02-05,SKU019,0.0,79,3.0,94
2025-02-06,SKU019,98.0,0,3.0,94
2025-02-07,SKU019,55.0,70,3.0,94
2025-02-08,SKU019,12.0,51,3.0,94
2025-02-09,SKU019,79.0,0,3.0,94
2025-02-10,SKU019,39.0,74,3.0,94
2025-02-11,SKU019,5.0,71,3.0,94
2025-02-12,SKU019,82.0,0,3.0,94
2025-02-13,SKU019,49.0,101,,94
2025-02-14,SKU019,5.0,64,3.0,94
2025-02-15,SKU019,1.0,0,3.0,94
2025-02-16,SKU019,0.0,24,3.0,94
2025-02-17,SKU019,0.0,45,3.0,94
2025-02-18,SKU019,102.0,0,3.0,94
2025-02-19,SKU019,74.0,29,3.0,94
2025-02-20,SKU019,36.0,132,3.0,94
2025-02-21,SKU019,85.0,0,3.0,94
2025-02-22,SKU019,34.0,73,3.0,94
2025-02-23,SKU019,0.0,114,3.0,94
2025-02-24,SKU019,30.0,0,3.0,94
2025-02-25,SKU019,0.0,22,3.0,94
2025-02-26,SKU019,0.0,37,3.0,94
2025-02-27,SKU019,68.0,0,3.0,94
2025-02-28,SKU019,24.0,83,3.0,94
2025-03-01,SKU019,0.0,70,3.0,94
2025-03-02,SKU019,0.0,104,3.0,94
2025-03-03,SKU019,50.0,0,3.0,94
2025-03-04,SKU019,22.0,71,3.0,94
2025-03-05,SKU019,0.0,122,3.0,94
2025-03-06,SKU019,43.0,0,3.0,94
2025-03-07,SKU019,0.0,91,3.0,94
2025-03-08,SKU019,0.0,90,3.0,94
2025-03-09,SKU019,15.0,0,3.0,94
2025-03-10,SKU019,0.0,132,3.0,94
2025-03-11,SKU019,0.0,21,3.0,94
2025-03-12,SKU019,23.0,0,3.0,94
2025-03-13,SKU019,0.0,56,3.0,94
2025-03-14,SKU019,0.0,129,3.0,94
2025-03-15,SKU019,52.0,0,3.0,94
2025-03-16,SKU019,12.0,59,3.0,94
2025-03-17,SKU019,0.0,53,3.0,94
2025-03-18,SKU019,0.0,0,3.0,94
2025-03-19,SKU019,0.0,20,3.0,94
2025-03-20,SKU019,0.0,34,3.0,94
2025-03-21,SKU019,0.0,0,3.0,94
2025-03-22,SKU019,0.0,49,3.0,94
2025-03-23,SKU019,0.0,130,3.0,94
2025-03-24,SKU019,8.0,0,3.0,94
2025-03-25,SKU019,0.0,113,3.0,94
2025-03-26,SKU019,0.0,115,3.0,94
2025-03-27,SKU019,5.0,0,3.0,94
2025-03-28,SKU019,0.0,42,3.0,94
2025-03-29,SKU019,0.0,99,3.0,94
2025-03-30,SKU019,82.0,0,3.0,94
2025-03-31,SKU019,66.0,78,3.0,94
2025-04-01,SKU019,38.0,60,3.0,94
2025-04-02,SKU019,0.0,20,3.0,94
2025-04-03,SKU019,74.0,0,3.0,94
2025-04-04,SKU019,41.0,46,3.0,94
2025-04-05,SKU019,0.0,39,3.0,94
2025-04-06,SKU019,4.0,0,3.0,94
2025-04-07,SKU019,0.0,94,3.0,94
2025-04-08,SKU019,0.0,64,3.0,94
2025-04-09,SKU019,65.0,0,3.0,94
2025-04-10,SKU019,26.0,27,3.0,94
2025-04-11,SKU019,0.0,96,3.0,94
2025-04-12,SKU019,67.0,0,3.0,94
2025-04-13,SKU019,36.0,115,3.0,94
2025-04-14,SKU019,14.0,36,3.0,94
2025-04-15,SKU019,50.0,0,3.0,94
2025-04-16,SKU019,17.0,127,3.0,94
2025-04-17,SKU019,0.0,109,3.0,94
2025-04-18,SKU019,73.0,0,3.0,94
2025-04-19,SKU019,24.0,124,3.0,94
2025-04-20,SKU019,0.0,29,3.0,94
2025-04-21,SKU019,20.0,0,3.0,94
2025-04-22,SKU019,0.0,108,3.0,94
2025-04-23,SKU019,0.0,108,3.0,94
2025-04-24,SKU019,0.0,0,3.0,94
2025-04-25,SKU019,0.0,115,3.0,94
2025-04-26,SKU019,0.0,52,3.0,94
2025-04-27,SKU019,97.0,0,3.0,94
2025-04-28,SKU019,69.0,23,3.0,94
2025-04-29,SKU019,34.0,86,3.0,94
2025-04-30,SKU019,124.0,0,3.0,94
2025-05-01,SKU019,95.0,84,3.0,94
2025-05-02,SKU019,62.0,29,3.0,94
2025-05-03,SKU019,40.0,0,3.0,94
2025-05-04,SKU019,0.0,82,3.0,94
2025-05-05,SKU019,0.0,100,3.0,94
2025-05-06,SKU019,79.0,0,3.0,94
2025-05-07,SKU019,43.0,83,3.0,94
2025-05-08,SKU019,3.0,51,3.0,94
2025-05-09,SKU019,0.0,0,3.0,94
2025-05-10,SKU019,0.0,92,3.0,94
2025-05-11,SKU019,0.0,80,3.0,94
2025-05-12,SKU019,25.0,0,3.0,94
2025-05-13,SKU019,0.0,126,3.0,94
2025-05-14,SKU019,0.0,82,3.0,94
2025-05-15,SKU019,79.0,0,3.0,94
2025-05-16,SKU019,49.0,86,3.0,94
2025-05-17,SKU019,21.0,34,3.0,94
2025-05-18,SKU019,101.0,0,3.0,94
2025-05-19,SKU019,66.0,83,3.0,94
2025-05-20,SKU019,39.0,91,3.0,94
2025-05-21,SKU019,77.0,0,3.0,94
2025-05-22,SKU019,53.0,105,3.0,94
2025-05-23,SKU019,14.0,125,3.0,94
2025-05-24,SKU019,40.0,0,3.0,94
2025-05-25,SKU019,3.0,115,3.0,94
2025-05-26,SKU019,0.0,30,3.0,94
2025-05-27,SKU019,31.0,0,3.0,94
2025-05-28,SKU019,0.0,120,3.0,94
2025-05-29,SKU019,0.0,84,3.0,94
2025-05-30,SKU019,0.0,0,3.0,94
2025-05-31,SKU019,0.0,59,3.0,94
2025-06-01,SKU019,0.0,99,3.0,94
2025-06-02,SKU019,0.0,54,3.0,94
2025-06-03,SKU019,0.0,0,3.0,94
2025-06-04,SKU019,0.0,109,3.0,94
2025-06-05,SKU019,0.0,45,3.0,94
2025-06-06,SKU019,4.0,0,3.0,94
2025-06-07,SKU019,0.0,96,3.0,94
2025-06-08,SKU019,0.0,96,3.0,94
2025-06-09,SKU019,0.0,0,3.0,94
2025-06-10,SKU019,0.0,81,3.0,94
2025-06-11,SKU019,0.0,23,3.0,94
2025-06-12,SKU019,68.0,0,3.0,94
2025-06-13,SKU019,17.0,102,3.0,94
2025-06-14,SKU019,0.0,101,3.0,94
2025-06-15,SKU019,47.0,0,3.0,94
2025-06-16,SKU019,4.0,38,3.0,94
2025-06-17,SKU019,0.0,28,3.0,94
2025-06-18,SKU019,24.0,0,3.0,94
2025-06-19,SKU019,0.0,97,3.0,94
2025-06-20,SKU019,0.0,131,3.0,94
2025-06-21,SKU019,6.0,0,3.0,94
2025-06-22,SKU019,0.0,121,3.0,94
2025-06-23,SKU019,0.0,25,3.0,94
2025-06-24,SKU019,8.0,0,3.0,94
2025-06-25,SKU019,0.0,64,3.0,94
2025-06-26,SKU019,0.0,57,3.0,94
2025-06-27,SKU019,66.0,0,3.0,94
2025-06-28,SKU019,19.0,67,3.0,94
2025-06-29,SKU019,0.0,105,3.0,94
2025-06-30,SKU019,90.0,0,3.0,94
2025-07-01,SKU019,57.0,75,3.0,94
2025-07-02,SKU019,11.0,61,3.0,94
2025-07-03,SKU019,0.0,0,3.0,94
2025-07-04,SKU019,0.0,100,3.0,94
2025-07-05,SKU019,0.0,127,3.0,94
2025-07-06,SKU019,13.0,0,3.0,94
2025-07-07,SKU019,0.0,124,3.0,94
2025-07-08,SKU019,0.0,130,3.0,94
2025-07-09,SKU019,43.0,0,3.0,94
2025-07-10,SKU019,12.0,90,3.0,94
2025-07-11,SKU019,0.0,113,3.0,94
2025-07-12,SKU019,70.0,0,3.0,94
2025-07-13,SKU019,29.0,88,3.0,94
2025-07-14,SKU019,0.0,19,3.0,94
2025-07-15,SKU019,68.0,0,3.0,94
2025-07-16,SKU019,38.0,51,3.0,94
2025-07-17,SKU019,10.0,75,3.0,94
2025-07-18,SKU019,63.0,0,3.0,94
2025-07-19,SKU019,25.0,59,3.0,94
2025-07-20,SKU019,0.0,30,3.0,94
2025-07-21,SKU019,44.0,0,3.0,94
2025-07-22,SKU019,0.0,71,3.0,94
2025-07-23,SKU019,0.0,129,3.0,94
2025-07-24,SKU019,0.0,0,3.0,94
2025-07-25,SKU019,0.0,117,3.0,94
2025-07-26,SKU019,0.0,73,3.0,94
2025-07-27,SKU019,1.0,0,3.0,94
2025-07-28,SKU019,0.0,50,3.0,94
2025-07-29,SKU019,0.0,17,3.0,94
2025-07-30,SKU019,36.0,0,3.0,94
2025-07-31,SKU019,1.0,123,3.0,94
2025-08-01,SKU019,0.0,103,3.0,94
2025-08-02,SKU019,0.0,50,3.0,94
2025-08-03,SKU019,11.0,0,3.0,94
2025-08-04,SKU019,0.0,50,3.0,94
2025-08-05,SKU019,0.0,31,3.0,94
2025-08-06,SKU019,0.0,0,3.0,94
2025-08-07,SKU019,0.0,99,3.0,94
2025-08-08,SKU019,0.0,84,3.0,94
2025-08-09,SKU019,0.0,0,3.0,94
2025-08-10,SKU019,0.0,46,3.0,94
2025-08-11,SKU019,0.0,100,3.0,94
2025-08-12,SKU019,0.0,0,3.0,94
2025-08-13,SKU019,0.0,41,3.0,94
2025-08-14,SKU019,0.0,57,3.0,94
2025-08-15,SKU019,55.0,0,3.0,94
2025-08-16,SKU019,5.0,111,3.0,94
2025-08-17,SKU019,0.0,26,3.0,94
2025-08-18,SKU019,42.0,0,3.0,94
2025-08-19,SKU019,7.0,113,3.0,94
2025-08-20,SKU019,0.0,79,3.0,94
2025-08-21,SKU019,15.0,0,3.0,94
2025-08-22,SKU019,0.0,119,3.0,94
2025-08-23,SKU019,0.0,101,3.0,94
2025-08-24,SKU019,36.0,0,3.0,94
2025-08-25,SKU019,5.0,36,3.0,94
2025-08-26,SKU019,0.0,37,3.0,94
2025-08-27,SKU019,9.0,0,3.0,94
2025-08-28,SKU019,0.0,84,3.0,94
2025-08-29,SKU019,0.0,79,3.0,94
2025-08-30,SKU019,43.0,0,3.0,94
2025-08-31,SKU019,4.0,39,3.0,94
2025-09-01,SKU019,0.0,76,3.0,94
2025-09-02,SKU019,0.0,87,3.0,94
2025-09-03,SKU019,82.0,0,3.0,94
2025-09-04,SKU019,45.0,48,3.0,94
2025-09-05,SKU019,9.0,48,3.0,94
2025-09-06,SKU019,98.0,0,3.0,94
2025-09-07,SKU019,67.0,23,3.0,94
2025-09-08,SKU019,39.0,73,3.0,94
2025-09-09,SKU019,131.0,0,3.0,94
2025-09-10,SKU019,102.0,80,3.0,94
2025-09-11,SKU019,84.0,83,3.0,94
2025-09-12,SKU019,97.0,0,3.0,94
2025-09-13,SKU019,71.0,101,3.0,94
2025-09-14,SKU019,41.0,127,3.0,94
2025-09-15,SKU019,80.0,0,3.0,94
2025-09-16,SKU019,45.0,116,3.0,94
2025-09-17,SKU019,4.0,20,3.0,94
2025-09-18,SKU019,64.0,0,3.0,94
2025-09-19,SKU019,12.0,127,3.0,94
2025-09-20,SKU019,0.0,114,3.0,94
2025-09-21,SKU019,0.0,0,3.0,94
2025-09-22,SKU019,0.0,90,3.0,94
2025-09-23,SKU019,0.0,25,3.0,94
2025-09-24,SKU019,0.0,0,3.0,94
2025-09-25,SKU019,0.0,25,3.0,94
2025-09-26,SKU019,0.0,33,3.0,94
2025-09-27,SKU019,47.0,0,3.0,94
2025-09-28,SKU019,0.0,103,3.0,94
2025-09-29,SKU019,0.0,35,3.0,94
2025-09-30,SKU019,0.0,0,3.0,94
2025-10-01,SKU019,0.0,65,3.0,94
2025-10-02,SKU019,0.0,65,3.0,94
2025-10-03,SKU019,0.0,0,3.0,94
2025-10-04,SKU019,0.0,81,3.0,94
2025-10-05,SKU019,0.0,129,3.0,94
2025-10-06,SKU019,0.0,0,3.0,94
2025-10-07,SKU019,0.0,82,3.0,94
2025-10-08,SKU019,0.0,114,3.0,94
2025-10-09,SKU019,15.0,0,3.0,94
2025-10-10,SKU019,0.0,18,3.0,94
2025-10-11,SKU019,0.0,57,3.0,94
2025-10-12,SKU019,71.0,0,3.0,94
2025-10-13,SKU019,42.0,38,3.0,94
2025-10-14,SKU019,10.0,93,3.0,94
2025-10-15,SKU019,0.0,0,3.0,94
2025-10-16,SKU019,0.0,94,3.0,94
2025-10-17,SKU019,0.0,74,3.0,94
2025-10-18,SKU019,59.0,0,3.0,94
2025-10-19,SKU019,35.0,19,3.0,94
2025-10-20,SKU019,7.0,126,3.0,94
2025-10-21,SKU019,46.0,0,3.0,94
2025-10-22,SKU019,4.0,93,3.0,94
2025-10-23,SKU019,0.0,110,3.0,94
2025-10-24,SKU019,0.0,0,3.0,94
2025-10-25,SKU019,0.0,35,3.0,94
2025-10-26,SKU019,0.0,34,3.0,94
2025-10-27,SKU019,1.0,0,3.0,94
2025-10-28,SKU019,0.0,26,3.0,94
2025-10-29,SKU019,0.0,123,3.0,94
2025-10-30,SKU019,14.0,0,3.0,94
2025-10-31,SKU019,0.0,29,3.0,94
2025-11-01,SKU019,0.0,99,3.0,94
2025-11-02,SKU019,0.0,59,3.0,94
2025-11-03,SKU019,19.0,0,3.0,94
2025-11-04,SKU019,0.0,124,3.0,94
2025-11-05,SKU019,0.0,114,3.0,94
2025-11-06,SKU019,48.0,0,3.0,94
2025-11-07,SKU019,7.0,74,3.0,94
2025-11-08,SKU019,0.0,28,3.0,94
2025-11-09,SKU019,22.0,0,3.0,94
2025-11-10,SKU019,0.0,64,3.0,94
2025-11-11,SKU019,0.0,74,3.0,94
2025-11-12,SKU019,27.0,0,3.0,94
2025-11-13,SKU019,0.0,78,3.0,94
2025-11-14,SKU019,0.0,82,3.0,94
2025-11-15,SKU019,0.0,0,3.0,94
2025-11-16,SKU019,0.0,40,3.0,94
2025-11-17,SKU019,0.0,69,3.0,94
2025-11-18,SKU019,83.0,0,3.0,94
2025-11-19,SKU019,39.0,125,3.0,94
2025-11-20,SKU019,0.0,82,3.0,94
2025-11-21,SKU019,41.0,0,3.0,94
2025-11-22,SKU019,0.0,78,3.0,94
2025-11-23,SKU019,0.0,50,3.0,94
2025-11-24,SKU019,34.0,0,3.0,94
2025-11-25,SKU019,0.0,82,3.0,94
2025-11-26,SKU019,0.0,116,3.0,94
2025-11-27,SKU019,8.0,0,3.0,94
2025-11-28,SKU019,0.0,40,3.0,94
2025-11-29,SKU019,0.0,33,3.0,94
2025-11-30,SKU019,7.0,0,3.0,94
2025-12-01,SKU019,0.0,75,3.0,94
2025-12-02,SKU019,0.0,130,3.0,94
2025-12-03,SKU019,0.0,0,3.0,94
2025-12-04,SKU019,0.0,22,3.0,94
2025-12-05,SKU019,0.0,47,3.0,94
2025-12-06,SKU019,41.0,0,3.0,94
2025-12-07,SKU019,0.0,127,3.0,94
2025-12-08,SKU019,0.0,94,3.0,94
2025-12-09,SKU019,62.0,0,3.0,94
2025-12-10,SKU019,26.0,88,3.0,94
2025-12-11,SKU019,0.0,128,3.0,94
2025-12-12,SKU019,40.0,0,3.0,94
2025-12-13,SKU019,5.0,95,3.0,94
2025-12-14,SKU019,0.0,130,3.0,94
2025-12-15,SKU019,42.0,0,3.0,94
2025-12-16,SKU019,0.0,43,3.0,94
2025-12-17,SKU019,0.0,126,3.0,94
2025-12-18,SKU019,16.0,0,3.0,94
2025-12-19,SKU019,,110,3.0,94
2025-12-20,SKU019,0.0,63,3.0,94
2025-12-21,SKU019,83.0,0,3.0,94
2025-12-22,SKU019,38.0,107,3.0,94
2025-12-23,SKU019,0.0,89,3.0,94
2025-12-24,SKU019,54.0,0,3.0,94
2025-12-25,SKU019,2.0,111,3.0,94
2025-12-26,SKU019,0.0,115,3.0,94
2025-12-27,SKU019,39.0,0,3.0,94
2025-12-28,SKU019,0.0,97,3.0,94
2025-12-29,SKU019,0.0,128,3.0,94
2025-12-30,SKU019,25.0,0,3.0,94
2025-12-31,SKU019,0.0,17,3.0,94
2026-01-01,SKU019,0.0,17,3.0,94
2026-01-02,SKU019,0.0,105,3.0,94
2026-01-03,SKU019,0.0,0,3.0,94
2026-01-04,SKU019,0.0,95,3.0,94
2026-01-05,SKU019,0.0,119,3.0,94
2026-01-06,SKU019,57.0,0,3.0,94
2026-01-07,SKU019,12.0,43,3.0,94
2026-01-08,SKU019,0.0,124,3.0,94
2026-01-09,SKU019,11.0,0,3.0,94
2026-01-10,SKU019,0.0,37,3.0,94
2026-01-11,SKU019,0.0,64,3.0,94
2026-01-12,SKU019,64.0,0,3.0,94
2026-01-13,SKU019,18.0,83,3.0,94
2026-01-14,SKU019,0.0,81,3.0,94
2026-01-15,SKU019,0.0,0,3.0,94
2026-01-16,SKU019,0.0,65,3.0,94
2026-01-17,SKU019,0.0,96,3.0,94
2026-01-18,SKU019,0.0,0,3.0,94
2026-01-19,SKU019,0.0,130,3.0,94
2026-01-20,SKU019,0.0,19,3.0,94
2026-01-21,SKU019,14.0,0,3.0,94
2026-01-22,SKU019,0.0,20,3.0,94
2026-01-23,SKU019,0.0,46,3.0,94
2026-01-24,SKU019,0.0,0,3.0,94
2026-01-25,SKU019,0.0,72,3.0,94
2026-01-26,SKU019,0.0,116,3.0,94
2026-01-27,SKU019,0.0,0,3.0,94
2026-01-28,SKU019,0.0,39,3.0,94
2026-01-29,SKU019,0.0,40,3.0,94
2026-01-30,SKU019,0.0,0,3.0,94
2026-01-31,SKU019,0.0,33,3.0,94
2026-02-01,SKU019,0.0,50,3.0,94
2026-02-02,SKU019,0.0,43,3.0,94
2026-02-03,SKU019,0.0,0,3.0,94
2026-02-04,SKU019,0.0,127,3.0,94
2026-02-05,SKU019,0.0,25,3.0,94
2026-02-06,SKU019,57.0,0,3.0,94
2026-02-07,SKU019,12.0,47,3.0,94
2026-02-08,SKU019,0.0,80,3.0,94
2026-02-09,SKU019,0.0,0,3.0,94
2026-02-10,SKU019,0.0,17,3.0,94
2026-02-11,SKU019,0.0,55,3.0,94
2026-02-12,SKU019,53.0,0,3.0,94
2026-02-13,SKU019,16.0,129,3.0,94
2026-02-14,SKU019,0.0,68,3.0,94
2026-02-15,SKU019,48.0,0,3.0,94
2026-02-16,SKU019,21.0,82,3.0,94
2026-02-17,SKU019,0.0,125,3.0,94
2026-02-18,SKU019,50.0,0,3.0,94
2026-02-19,SKU019,12.0,48,3.0,94
2026-02-20,SKU019,0.0,98,3.0,94
2026-02-21,SKU019,75.0,0,3.0,94
2026-02-22,SKU019,36.0,114,3.0,94
2026-02-23,SKU019,0.0,109,3.0,94
2026-02-24,SKU019,0.0,0,3.0,94
2026-02-25,SKU019,0.0,70,3.0,94
2026-02-26,SKU019,0.0,66,3.0,94
2026-02-27,SKU019,90.0,0,3.0,94
2026-02-28,SKU019,58.0,33,3.0,94
2026-03-01,SKU019,24.0,69,3.0,94
2026-03-02,SKU019,0.0,101,3.0,94
2026-03-03,SKU019,0.0,0,3.0,94
2026-03-04,SKU019,0.0,119,3.0,94
2026-03-05,SKU019,0.0,98,3.0,94
2026-03-06,SKU019,0.0,0,3.0,94
2026-03-07,SKU019,0.0,95,3.0,94
2026-03-08,SKU019,0.0,90,3.0,94
2026-03-09,SKU019,0.0,0,3.0,94
2026-03-10,SKU019,0.0,128,3.0,94
2026-03-11,SKU019,0.0,75,3.0,94
2026-03-12,SKU019,50.0,0,3.0,94
2026-03-13,SKU019,23.0,95,3.0,94
2026-03-14,SKU019,0.0,39,3.0,94
2026-03-15,SKU019,34.0,0,3.0,94
2026-03-16,SKU019,0.0,54,3.0,94
2026-03-17,SKU019,0.0,118,3.0,94
2026-03-18,SKU019,80.0,0,3.0,94
2026-03-19,SKU019,27.0,104,3.0,94
2026-03-20,SKU019,0.0,36,3.0,94
2026-03-21,SKU019,14.0,0,3.0,94
2026-03-22,SKU019,0.0,128,3.0,94
2026-03-23,SKU019,0.0,58,3.0,94
2026-03-24,SKU019,1.0,0,3.0,94
2026-03-25,SKU019,0.0,41,3.0,94
2026-03-26,SKU019,0.0,24,3.0,94
2026-03-27,SKU019,0.0,0,3.0,94
2026-03-28,SKU019,0.0,36,3.0,94
2026-03-29,SKU019,0.0,64,3.0,94
2026-03-30,SKU019,53.0,0,3.0,94
2026-03-31,SKU019,0.0,77,3.0,94
2026-04-01,SKU019,0.0,65,3.0,94
2026-04-02,SKU019,0.0,117,3.0,94
2026-04-03,SKU019,56.0,0,3.0,94
2026-04-04,SKU019,6.0,61,3.0,94
2026-04-05,SKU019,0.0,75,3.0,94
2026-04-06,SKU019,90.0,0,3.0,94
2026-04-07,SKU019,51.0,38,3.0,94
2026-04-08,SKU019,13.0,57,3.0,94
2026-04-09,SKU019,57.0,0,3.0,94
2026-04-10,SKU019,17.0,68,3.0,94
2026-04-11,SKU019,0.0,81,3.0,94
2026-04-12,SKU019,0.0,0,3.0,94
2026-04-13,SKU019,0.0,73,3.0,94
2026-04-14,SKU019,0.0,127,3.0,94
2026-04-15,SKU019,87.0,0,3.0,94
2026-04-16,SKU019,51.0,97,3.0,94
2026-04-17,SKU019,8.0,124,3.0,94
2026-04-18,SKU019,62.0,0,3.0,94
2026-04-19,SKU019,19.0,38,3.0,94
2026-04-20,SKU019,0.0,96,3.0,94
2026-04-21,SKU019,94.0,0,3.0,94
2026-04-22,SKU019,53.0,92,3.0,94
2026-04-23,SKU019,19.0,109,3.0,94
2026-04-24,SKU019,75.0,0,3.0,94
2026-04-25,SKU019,29.0,20,3.0,94
2026-04-26,SKU019,0.0,18,3.0,94
2026-04-27,SKU019,59.0,0,3.0,94
2026-04-28,SKU019,29.0,51,3.0,94
2026-04-29,SKU019,0.0,72,3.0,94
2026-04-30,SKU019,12.0,0,3.0,94
2026-05-01,SKU019,0.0,39,3.0,94
2026-05-02,SKU019,0.0,51,3.0,94
2026-05-03,SKU019,156.0,0,3.0,94
2026-05-04,SKU019,0.0,50,3.0,94
2026-05-05,SKU019,0.0,128,3.0,94
2026-05-06,SKU019,468.0,0,3.0,94
2026-05-07,SKU019,258.0,29,3.0,94
2026-05-08,SKU019,6.0,43,3.0,94
2026-05-09,SKU019,0.0,0,3.0,94
2026-05-10,SKU019,0.0,85,3.0,94
2026-05-11,SKU019,0.0,79,3.0,94
2026-05-12,SKU019,0.0,0,3.0,94
2026-05-13,SKU019,0.0,91,3.0,94
2026-05-14,SKU019,0.0,57,3.0,94
2026-05-15,SKU019,216.0,0,3.0,94
2026-05-16,SKU019,0.0,100,3.0,94
2026-05-17,SKU019,0.0,19,3.0,94
2026-05-18,SKU019,90.0,0,3.0,94
2026-05-19,SKU019,50.0,29,3.0,94
2026-05-20,SKU019,16.0,79,3.0,94
2026-05-21,SKU019,109.0,0,3.0,94
2026-05-22,SKU019,61.0,126,3.0,94
2026-05-23,SKU019,23.0,103,3.0,94
2026-05-24,SKU019,61.0,0,3.0,94
2026-05-25,SKU019,20.0,75,3.0,94
2026-05-26,SKU019,0.0,34,3.0,94
2026-05-27,SKU019,28.0,0,3.0,94
2026-05-28,SKU019,0.0,55,3.0,94
2026-05-29,SKU019,0.0,121,3.0,94
2026-05-30,SKU019,0.0,0,3.0,94
2026-05-31,SKU019,0.0,86,3.0,94
2026-06-01,SKU019,0.0,113,3.0,94
2026-06-02,SKU019,0.0,21,3.0,94
2026-06-03,SKU019,29.0,0,3.0,94
2026-06-04,SKU019,0.0,79,3.0,94
2026-06-05,SKU019,0.0,23,3.0,94
2026-06-06,SKU019,46.0,0,3.0,94
2026-06-07,SKU019,4.0,64,3.0,94
2026-06-08,SKU019,0.0,67,3.0,94
2026-06-09,SKU019,0.0,0,3.0,94
2026-06-10,SKU019,0.0,62,3.0,94
2026-06-11,SKU019,0.0,28,3.0,94
2026-06-12,SKU019,14.0,0,3.0,94
2026-06-13,SKU019,0.0,107,3.0,94
2026-06-14,SKU019,0.0,35,3.0,94
2026-06-15,SKU019,0.0,0,3.0,94
2026-06-16,SKU019,0.0,128,3.0,94
2026-06-17,SKU019,0.0,68,3.0,94
2026-06-18,SKU019,24.0,0,3.0,94
2026-06-19,SKU019,0.0,42,3.0,94
2026-06-20,SKU019,0.0,35,3.0,94
2026-06-21,SKU019,12.0,0,3.0,94
2026-06-22,SKU019,0.0,103,3.0,94
2026-06-23,SKU019,0.0,77,3.0,94
2026-06-24,SKU019,69.0,0,3.0,94
2026-06-25,SKU019,12.0,17,3.0,94
2026-06-26,SKU019,0.0,80,3.0,94
2026-06-27,SKU019,17.0,0,3.0,94
2026-06-28,SKU019,0.0,35,3.0,94
2026-06-29,SKU019,0.0,57,3.0,94
2026-06-30,SKU019,35.0,0,3.0,94
2025-01-01,SKU020,354.0,298,8.0,774
2025-01-02,SKU020,354.0,213,8.0,774
2025-01-03,SKU020,354.0,281,8.0,774
2025-01-04,SKU020,354.0,215,8.0,774
2025-01-05,SKU020,354.0,270,8.0,774
2025-01-06,SKU020,354.0,105,8.0,774
2025-01-07,SKU020,354.0,69,8.0,774
2025-01-08,SKU020,576.0,0,8.0,774
2025-01-09,SKU020,576.0,117,8.0,774
2025-01-10,SKU020,576.0,178,8.0,774
2025-01-11,SKU020,576.0,112,8.0,774
2025-01-12,SKU020,576.0,230,8.0,774
2025-01-13,SKU020,576.0,254,8.0,774
2025-01-14,SKU020,576.0,189,8.0,774
2025-01-15,SKU020,576.0,149,8.0,774
2025-01-16,SKU020,797.0,0,8.0,774
2025-01-17,SKU020,797.0,289,8.0,774
2025-01-18,SKU020,797.0,130,8.0,774
2025-01-19,SKU020,797.0,81,8.0,774
2025-01-20,SKU020,797.0,210,8.0,774
2025-01-21,SKU020,797.0,170,8.0,774
2025-01-22,SKU020,797.0,201,8.0,774
2025-01-23,SKU020,797.0,175,8.0,774
2025-01-24,SKU020,1017.0,0,8.0,774
2025-01-25,SKU020,1017.0,321,8.0,774
2025-01-26,SKU020,1017.0,105,8.0,774
2025-01-27,SKU020,1017.0,113,8.0,774
2025-01-28,SKU020,1017.0,334,8.0,774
2025-01-29,SKU020,1017.0,329,8.0,774
2025-01-30,SKU020,1017.0,177,8.0,774
2025-01-31,SKU020,1017.0,183,8.0,774
2025-02-01,SKU020,1017.0,207,8.0,774
2025-02-02,SKU020,1017.0,205,8.0,774
2025-02-03,SKU020,1017.0,254,8.0,774
2025-02-04,SKU020,1017.0,196,8.0,774
2025-02-05,SKU020,1017.0,257,8.0,774
2025-02-06,SKU020,937.0,267,8.0,774
2025-02-07,SKU020,857.0,142,8.0,774
2025-02-08,SKU020,985.0,0,8.0,774
2025-02-09,SKU020,895.0,201,8.0,774
2025-02-10,SKU020,804.0,322,8.0,774
2025-02-11,SKU020,684.0,200,8.0,774
2025-02-12,SKU020,580.0,271,8.0,774
2025-02-13,SKU020,486.0,75,8.0,774
2025-02-14,SKU020,380.0,231,8.0,774
2025-02-15,SKU020,273.0,74,8.0,774
2025-02-16,SKU020,435.0,0,8.0,774
2025-02-17,SKU020,354.0,137,8.0,774
2025-02-18,SKU020,269.0,228,8.0,774
2025-02-19,SKU020,165.0,169,8.0,774
2025-02-20,SKU020,77.0,282,8.0,774
2025-02-21,SKU020,0.0,77,8.0,774
2025-02-22,SKU020,0.0,113,8.0,774
2025-02-23,SKU020,0.0,166,8.0,774
2025-02-24,SKU020,42.0,0,8.0,774
2025-02-25,SKU020,0.0,68,8.0,774
2025-02-26,SKU020,0.0,168,8.0,774
2025-02-27,SKU020,0.0,210,8.0,774
2025-02-28,SKU020,0.0,257,8.0,774
2025-03-01,SKU020,0.0,100,8.0,774
2025-03-02,SKU020,0.0,125,8.0,774
2025-03-03,SKU020,0.0,173,8.0,774
2025-03-04,SKU020,0.0,288,8.0,774
2025-03-05,SKU020,0.0,152,8.0,774
2025-03-06,SKU020,0.0,254,8.0,774
2025-03-07,SKU020,0.0,301,8.0,774
2025-03-08,SKU020,0.0,0,8.0,774
2025-03-09,SKU020,0.0,230,8.0,774
2025-03-10,SKU020,0.0,93,8.0,774
2025-03-11,SKU020,0.0,276,8.0,774
2025-03-12,SKU020,0.0,148,8.0,774
2025-03-13,SKU020,0.0,223,8.0,774
2025-03-14,SKU020,0.0,313,8.0,774
2025-03-15,SKU020,0.0,115,8.0,774
2025-03-16,SKU020,149.0,0,8.0,774
2025-03-17,SKU020,73.0,201,8.0,774
2025-03-18,SKU020,0.0,235,8.0,774
2025-03-19,SKU020,0.0,71,8.0,774
2025-03-20,SKU020,0.0,71,8.0,774
2025-03-21,SKU020,0.0,290,8.0,774
2025-03-22,SKU020,0.0,126,8.0,774
2025-03-23,SKU020,0.0,241,8.0,774
2025-03-24,SKU020,132.0,0,8.0,774
2025-03-25,SKU020,38.0,96,8.0,774
2025-03-26,SKU020,0.0,160,8.0,774
2025-03-27,SKU020,0.0,76,8.0,774
2025-03-28,SKU020,0.0,73,8.0,774
2025-03-29,SKU020,0.0,301,8.0,774
2025-03-30,SKU020,0.0,232,8.0,774
2025-03-31,SKU020,0.0,137,8.0,774
2025-04-01,SKU020,0.0,206,8.0,774
2025-04-02,SKU020,0.0,223,8.0,774
2025-04-03,SKU020,0.0,47,8.0,774
2025-04-04,SKU020,0.0,142,8.0,774
2025-04-05,SKU020,0.0,209,8.0,774
2025-04-06,SKU020,0.0,145,8.0,774
2025-04-07,SKU020,0.0,127,8.0,774
2025-04-08,SKU020,87.0,0,8.0,774
2025-04-09,SKU020,0.0,256,8.0,774
2025-04-10,SKU020,0.0,258,8.0,774
2025-04-11,SKU020,0.0,215,8.0,774
2025-04-12,SKU020,0.0,267,8.0,774
2025-04-13,SKU020,0.0,83,8.0,774
2025-04-14,SKU020,0.0,88,8.0,774
2025-04-15,SKU020,0.0,265,8.0,774
2025-04-16,SKU020,13.0,0,8.0,774
2025-04-17,SKU020,0.0,100,8.0,774
2025-04-18,SKU020,0.0,75,8.0,774
2025-04-19,SKU020,0.0,170,8.0,774
2025-04-20,SKU020,0.0,201,8.0,774
2025-04-21,SKU020,0.0,125,8.0,774
2025-04-22,SKU020,0.0,146,8.0,774
2025-04-23,SKU020,0.0,325,8.0,774
2025-04-24,SKU020,29.0,0,8.0,774
2025-04-25,SKU020,0.0,162,8.0,774
2025-04-26,SKU020,0.0,149,8.0,774
2025-04-27,SKU020,0.0,209,8.0,774
2025-04-28,SKU020,0.0,284,8.0,774
2025-04-29,SKU020,0.0,309,8.0,774
2025-04-30,SKU020,0.0,160,8.0,774
2025-05-01,SKU020,0.0,164,8.0,774
2025-05-02,SKU020,0.0,210,8.0,774
2025-05-03,SKU020,0.0,301,8.0,774
2025-05-04,SKU020,0.0,65,8.0,774
2025-05-05,SKU020,0.0,327,8.0,774
2025-05-06,SKU020,0.0,267,8.0,774
2025-05-07,SKU020,0.0,176,8.0,774
2025-05-08,SKU020,167.0,0,8.0,774
2025-05-09,SKU020,39.0,324,8.0,774
2025-05-10,SKU020,0.0,100,8.0,774
2025-05-11,SKU020,0.0,318,8.0,774
2025-05-12,SKU020,0.0,96,8.0,774
2025-05-13,SKU020,0.0,324,8.0,774
2025-05-14,SKU020,0.0,46,8.0,774
2025-05-15,SKU020,0.0,249,8.0,774
2025-05-16,SKU020,0.0,0,8.0,774
2025-05-17,SKU020,0.0,177,8.0,774
2025-05-18,SKU020,0.0,43,8.0,774
2025-05-19,SKU020,0.0,54,8.0,774
2025-05-20,SKU020,0.0,274,8.0,774
2025-05-21,SKU020,0.0,311,8.0,774
2025-05-22,SKU020,0.0,251,8.0,774
2025-05-23,SKU020,0.0,288,8.0,774
2025-05-24,SKU020,0.0,0,8.0,774
2025-05-25,SKU020,0.0,217,8.0,774
2025-05-26,SKU020,0.0,187,8.0,774
2025-05-27,SKU020,0.0,293,8.0,774
2025-05-28,SKU020,0.0,205,8.0,774
2025-05-29,SKU020,0.0,310,8.0,774
2025-05-30,SKU020,0.0,308,8.0,774
2025-05-31,SKU020,0.0,142,8.0,774
2025-06-01,SKU020,0.0,260,8.0,774
2025-06-02,SKU020,0.0,301,8.0,774
2025-06-03,SKU020,0.0,149,8.0,774
2025-06-04,SKU020,0.0,269,8.0,774
2025-06-05,SKU020,0.0,42,8.0,774
2025-06-06,SKU020,0.0,167,8.0,774
2025-06-07,SKU020,0.0,228,8.0,774
2025-06-08,SKU020,44.0,0,8.0,774
2025-06-09,SKU020,0.0,301,8.0,774
2025-06-10,SKU020,0.0,233,8.0,774
2025-06-11,SKU020,0.0,199,8.0,774
2025-06-12,SKU020,0.0,295,8.0,774
2025-06-13,SKU020,0.0,261,8.0,774
2025-06-14,SKU020,0.0,113,8.0,774
2025-06-15,SKU020,0.0,277,8.0,774
2025-06-16,SKU020,87.0,0,8.0,774
2025-06-17,SKU020,0.0,102,8.0,774
2025-06-18,SKU020,0.0,328,8.0,774
2025-06-19,SKU020,0.0,159,8.0,774
2025-06-20,SKU020,0.0,52,8.0,774
2025-06-21,SKU020,0.0,312,8.0,774
2025-06-22,SKU020,0.0,79,8.0,774
2025-06-23,SKU020,0.0,175,8.0,774
2025-06-24,SKU020,80.0,0,8.0,774
2025-06-25,SKU020,0.0,265,8.0,774
2025-06-26,SKU020,0.0,64,8.0,774
2025-06-27,SKU020,0.0,261,8.0,774
2025-06-28,SKU020,0.0,247,8.0,774
2025-06-29,SKU020,0.0,131,8.0,774
2025-06-30,SKU020,0.0,274,8.0,774
2025-07-01,SKU020,0.0,95,8.0,774
2025-07-02,SKU020,0.0,325,8.0,774
2025-07-03,SKU020,0.0,315,8.0,774
2025-07-04,SKU020,0.0,235,8.0,774
2025-07-05,SKU020,0.0,142,8.0,774
2025-07-06,SKU020,0.0,166,8.0,774
2025-07-07,SKU020,0.0,265,8.0,774
2025-07-08,SKU020,0.0,0,8.0,774
2025-07-09,SKU020,0.0,133,8.0,774
2025-07-10,SKU020,0.0,171,8.0,774
2025-07-11,SKU020,0.0,271,8.0,774
2025-07-12,SKU020,0.0,84,8.0,774
2025-07-13,SKU020,0.0,75,8.0,774
2025-07-14,SKU020,0.0,307,8.0,774
2025-07-15,SKU020,0.0,325,8.0,774
2025-07-16,SKU020,81.0,0,8.0,774
2025-07-17,SKU020,0.0,250,8.0,774
2025-07-18,SKU020,0.0,98,8.0,774
2025-07-19,SKU020,0.0,296,8.0,774
2025-07-20,SKU020,0.0,296,8.0,774
2025-07-21,SKU020,0.0,86,8.0,774
2025-07-22,SKU020,0.0,259,8.0,774
2025-07-23,SKU020,0.0,103,8.0,774
2025-07-24,SKU020,82.0,0,8.0,774
2025-07-25,SKU020,0.0,139,8.0,774
2025-07-26,SKU020,0.0,297,8.0,774
2025-07-27,SKU020,0.0,178,8.0,774
2025-07-28,SKU020,0.0,283,8.0,774
2025-07-29,SKU020,0.0,220,8.0,774
2025-07-30,SKU020,0.0,184,8.0,774
2025-07-31,SKU020,0.0,239,8.0,774
2025-08-01,SKU020,0.0,42,8.0,774
2025-08-02,SKU020,0.0,200,8.0,774
2025-08-03,SKU020,0.0,97,8.0,774
2025-08-04,SKU020,0.0,271,8.0,774
2025-08-05,SKU020,0.0,296,8.0,774
2025-08-06,SKU020,0.0,261,8.0,774
2025-08-07,SKU020,0.0,317,8.0,774
2025-08-08,SKU020,0.0,0,8.0,774
2025-08-09,SKU020,0.0,105,8.0,774
2025-08-10,SKU020,0.0,251,8.0,774
2025-08-11,SKU020,0.0,82,8.0,774
2025-08-12,SKU020,0.0,191,8.0,774
2025-08-13,SKU020,0.0,242,8.0,774
2025-08-14,SKU020,0.0,103,8.0,774
2025-08-15,SKU020,0.0,159,8.0,774
2025-08-16,SKU020,143.0,0,8.0,774
2025-08-17,SKU020,22.0,148,8.0,774
2025-08-18,SKU020,0.0,244,8.0,774
2025-08-19,SKU020,0.0,321,8.0,774
2025-08-20,SKU020,0.0,266,8.0,774
2025-08-21,SKU020,0.0,275,8.0,774
2025-08-22,SKU020,0.0,134,8.0,774
2025-08-23,SKU020,0.0,91,8.0,774
2025-08-24,SKU020,144.0,0,8.0,774
2025-08-25,SKU020,63.0,172,8.0,774
2025-08-26,SKU020,0.0,245,8.0,774
2025-08-27,SKU020,0.0,131,8.0,774
2025-08-28,SKU020,0.0,103,8.0,774
2025-08-29,SKU020,0.0,189,8.0,774
2025-08-30,SKU020,0.0,75,8.0,774
2025-08-31,SKU020,0.0,207,8.0,774
2025-09-01,SKU020,0.0,113,8.0,774
2025-09-02,SKU020,0.0,85,8.0,774
2025-09-03,SKU020,0.0,182,8.0,774
2025-09-04,SKU020,0.0,215,8.0,774
2025-09-05,SKU020,0.0,275,8.0,774
2025-09-06,SKU020,0.0,125,8.0,774
2025-09-07,SKU020,0.0,210,8.0,774
2025-09-08,SKU020,125.0,0,8.0,774
2025-09-09,SKU020,27.0,90,8.0,774
2025-09-10,SKU020,0.0,47,8.0,774
2025-09-11,SKU020,0.0,219,8.0,774
2025-09-12,SKU020,0.0,199,8.0,774
2025-09-13,SKU020,0.0,319,8.0,774
2025-09-14,SKU020,0.0,217,8.0,774
2025-09-15,SKU020,0.0,100,8.0,774
2025-09-16,SKU020,147.0,0,8.0,774
2025-09-17,SKU020,40.0,48,8.0,774
2025-09-18,SKU020,0.0,248,8.0,774
2025-09-19,SKU020,0.0,280,8.0,774
2025-09-20,SKU020,0.0,91,8.0,774
2025-09-21,SKU020,0.0,122,8.0,774
2025-09-22,SKU020,0.0,70,8.0,774
2025-09-23,SKU020,0.0,99,8.0,774
2025-09-24,SKU020,22.0,0,8.0,774
2025-09-25,SKU020,0.0,124,8.0,774
2025-09-26,SKU020,0.0,176,8.0,774
2025-09-27,SKU020,0.0,319,8.0,774
2025-09-28,SKU020,0.0,63,8.0,774
2025-09-29,SKU020,0.0,141,8.0,774
2025-09-30,SKU020,0.0,106,8.0,774
2025-10-01,SKU020,0.0,263,8.0,774
2025-10-02,SKU020,0.0,316,8.0,774
2025-10-03,SKU020,0.0,169,8.0,774
2025-10-04,SKU020,0.0,306,8.0,774
2025-10-05,SKU020,0.0,293,8.0,774
2025-10-06,SKU020,0.0,146,8.0,774
2025-10-07,SKU020,0.0,71,8.0,774
2025-10-08,SKU020,220.0,0,8.0,774
2025-10-09,SKU020,79.0,279,8.0,774
2025-10-10,SKU020,0.0,252,8.0,774
2025-10-11,SKU020,0.0,171,8.0,774
2025-10-12,SKU020,0.0,103,8.0,774
2025-10-13,SKU020,0.0,140,8.0,774
2025-10-14,SKU020,0.0,176,8.0,774
2025-10-15,SKU020,0.0,226,8.0,774
2025-10-16,SKU020,0.0,0,8.0,774
2025-10-17,SKU020,0.0,251,8.0,774
2025-10-18,SKU020,0.0,255,8.0,774
2025-10-19,SKU020,0.0,332,8.0,774
2025-10-20,SKU020,0.0,270,8.0,774
2025-10-21,SKU020,0.0,332,8.0,774
2025-10-22,SKU020,0.0,60,8.0,774
2025-10-23,SKU020,0.0,314,8.0,774
2025-10-24,SKU020,193.0,0,8.0,774
2025-10-25,SKU020,88.0,208,8.0,774
2025-10-26,SKU020,9.0,145,8.0,774
2025-10-27,SKU020,0.0,84,8.0,774
2025-10-28,SKU020,0.0,62,8.0,774
2025-10-29,SKU020,0.0,147,8.0,774
2025-10-30,SKU020,0.0,162,8.0,774
2025-10-31,SKU020,0.0,264,8.0,774
2025-11-01,SKU020,0.0,116,8.0,774
2025-11-02,SKU020,0.0,123,8.0,774
2025-11-03,SKU020,0.0,96,8.0,774
2025-11-04,SKU020,0.0,321,8.0,774
2025-11-05,SKU020,0.0,85,8.0,774
2025-11-06,SKU020,0.0,196,8.0,774
2025-11-07,SKU020,0.0,147,8.0,774
2025-11-08,SKU020,89.0,0,8.0,774
2025-11-09,SKU020,29.0,44,8.0,774
2025-11-10,SKU020,0.0,294,8.0,774
2025-11-11,SKU020,0.0,160,8.0,774
2025-11-12,SKU020,0.0,118,8.0,774
2025-11-13,SKU020,0.0,133,8.0,774
2025-11-14,SKU020,0.0,325,8.0,774
2025-11-15,SKU020,0.0,150,8.0,774
2025-11-16,SKU020,89.0,0,8.0,774
2025-11-17,SKU020,5.0,295,8.0,774
2025-11-18,SKU020,0.0,334,8.0,774
2025-11-19,SKU020,0.0,327,8.0,774
2025-11-20,SKU020,0.0,81,8.0,774
2025-11-21,SKU020,0.0,205,8.0,774
2025-11-22,SKU020,0.0,217,8.0,774
2025-11-23,SKU020,0.0,271,8.0,774
2025-11-24,SKU020,76.0,0,8.0,774
2025-11-25,SKU020,0.0,180,8.0,774
2025-11-26,SKU020,0.0,147,8.0,774
2025-11-27,SKU020,0.0,256,8.0,774
2025-11-28,SKU020,0.0,233,8.0,774
2025-11-29,SKU020,0.0,330,8.0,774
2025-11-30,SKU020,0.0,214,8.0,774
2025-12-01,SKU020,0.0,311,8.0,774
2025-12-02,SKU020,0.0,325,8.0,774
2025-12-03,SKU020,0.0,52,8.0,774
2025-12-04,SKU020,0.0,53,8.0,774
2025-12-05,SKU020,0.0,330,8.0,774
2025-12-06,SKU020,0.0,217,8.0,774
2025-12-07,SKU020,0.0,125,8.0,774
2025-12-08,SKU020,84.0,0,8.0,774
2025-12-09,SKU020,0.0,172,8.0,774
2025-12-10,SKU020,0.0,72,8.0,774
2025-12-11,SKU020,0.0,309,8.0,774
2025-12-12,SKU020,0.0,136,8.0,774
2025-12-13,SKU020,0.0,203,8.0,774
2025-12-14,SKU020,0.0,297,8.0,774
2025-12-15,SKU020,0.0,302,8.0,774
2025-12-16,SKU020,0.0,0,8.0,774
2025-12-17,SKU020,0.0,91,8.0,774
2025-12-18,SKU020,0.0,82,8.0,774
2025-12-19,SKU020,0.0,110,8.0,774
2025-12-20,SKU020,0.0,135,8.0,774
2025-12-21,SKU020,0.0,255,8.0,774
2025-12-22,SKU020,0.0,86,8.0,774
2025-12-23,SKU020,0.0,105,8.0,774
2025-12-24,SKU020,0.0,0,8.0,774
2025-12-25,SKU020,0.0,48,8.0,774
2025-12-26,SKU020,0.0,115,8.0,774
2025-12-27,SKU020,0.0,178,8.0,774
2025-12-28,SKU020,0.0,205,8.0,774
2025-12-29,SKU020,0.0,228,8.0,774
2025-12-30,SKU020,0.0,157,8.0,774
2025-12-31,SKU020,0.0,207,8.0,774
2026-01-01,SKU020,0.0,294,8.0,774
2026-01-02,SKU020,0.0,254,8.0,774
2026-01-03,SKU020,0.0,210,8.0,774
2026-01-04,SKU020,0.0,269,8.0,774
2026-01-05,SKU020,0.0,127,8.0,774
2026-01-06,SKU020,0.0,322,8.0,774
2026-01-07,SKU020,0.0,244,8.0,774
2026-01-08,SKU020,100.0,0,8.0,774
2026-01-09,SKU020,0.0,272,8.0,774
2026-01-10,SKU020,0.0,43,8.0,774
2026-01-11,SKU020,0.0,83,8.0,774
2026-01-12,SKU020,0.0,210,8.0,774
2026-01-13,SKU020,0.0,220,8.0,774
2026-01-14,SKU020,0.0,305,8.0,774
2026-01-15,SKU020,0.0,198,8.0,774
2026-01-16,SKU020,0.0,0,8.0,774
2026-01-17,SKU020,0.0,185,8.0,774
2026-01-18,SKU020,0.0,134,8.0,774
2026-01-19,SKU020,0.0,241,8.0,774
2026-01-20,SKU020,0.0,221,8.0,774
2026-01-21,SKU020,0.0,97,8.0,774
2026-01-22,SKU020,0.0,150,8.0,774
2026-01-23,SKU020,0.0,240,8.0,774
2026-01-24,SKU020,221.0,0,8.0,774
2026-01-25,SKU020,124.0,158,8.0,774
2026-01-26,SKU020,15.0,253,8.0,774
2026-01-27,SKU020,0.0,165,8.0,774
2026-01-28,SKU020,0.0,153,8.0,774
2026-01-29,SKU020,0.0,227,8.0,774
2026-01-30,SKU020,0.0,323,8.0,774
2026-01-31,SKU020,0.0,136,8.0,774
2026-02-01,SKU020,0.0,172,8.0,774
2026-02-02,SKU020,0.0,57,8.0,774
2026-02-03,SKU020,0.0,226,8.0,774
2026-02-04,SKU020,0.0,152,8.0,774
2026-02-05,SKU020,0.0,77,8.0,774
2026-02-06,SKU020,0.0,223,8.0,774
2026-02-07,SKU020,0.0,241,8.0,774
2026-02-08,SKU020,0.0,0,8.0,774
2026-02-09,SKU020,0.0,217,8.0,774
2026-02-10,SKU020,0.0,289,8.0,774
2026-02-11,SKU020,0.0,200,8.0,774
2026-02-12,SKU020,0.0,275,8.0,774
2026-02-13,SKU020,0.0,186,8.0,774
2026-02-14,SKU020,0.0,110,8.0,774
2026-02-15,SKU020,0.0,87,8.0,774
2026-02-16,SKU020,21.0,0,8.0,774
2026-02-17,SKU020,0.0,230,8.0,774
2026-02-18,SKU020,0.0,127,8.0,774
2026-02-19,SKU020,0.0,202,8.0,774
2026-02-20,SKU020,0.0,277,8.0,774
2026-02-21,SKU020,0.0,70,8.0,774
2026-02-22,SKU020,0.0,76,8.0,774
2026-02-23,SKU020,0.0,258,8.0,774
2026-02-24,SKU020,0.0,0,8.0,774
2026-02-25,SKU020,0.0,102,8.0,774
2026-02-26,SKU020,0.0,168,8.0,774
2026-02-27,SKU020,0.0,325,8.0,774
2026-02-28,SKU020,0.0,195,8.0,774
2026-03-01,SKU020,0.0,83,8.0,774
2026-03-02,SKU020,0.0,213,8.0,774
2026-03-03,SKU020,0.0,152,8.0,774
2026-03-04,SKU020,0.0,59,8.0,774
2026-03-05,SKU020,0.0,189,8.0,774
2026-03-06,SKU020,0.0,228,8.0,774
2026-03-07,SKU020,0.0,323,8.0,774
2026-03-08,SKU020,154.0,0,8.0,774
2026-03-09,SKU020,75.0,271,8.0,774
2026-03-10,SKU020,0.0,309,8.0,774
2026-03-11,SKU020,0.0,136,8.0,774
2026-03-12,SKU020,0.0,207,8.0,774
2026-03-13,SKU020,0.0,327,8.0,774
2026-03-14,SKU020,0.0,204,8.0,774
2026-03-15,SKU020,0.0,80,8.0,774
2026-03-16,SKU020,164.0,0,8.0,774
2026-03-17,SKU020,26.0,145,8.0,774
2026-03-18,SKU020,0.0,115,8.0,774
2026-03-19,SKU020,0.0,226,8.0,774
2026-03-20,SKU020,0.0,145,8.0,774
2026-03-21,SKU020,0.0,162,8.0,774
2026-03-22,SKU020,0.0,105,8.0,774
2026-03-23,SKU020,0.0,53,8.0,774
2026-03-24,SKU020,0.0,0,8.0,774
2026-03-25,SKU020,0.0,123,8.0,774
2026-03-26,SKU020,0.0,166,8.0,774
2026-03-27,SKU020,0.0,284,8.0,774
2026-03-28,SKU020,0.0,104,8.0,774
2026-03-29,SKU020,0.0,233,8.0,774
2026-03-30,SKU020,0.0,313,8.0,774
2026-03-31,SKU020,0.0,161,8.0,774
2026-04-01,SKU020,0.0,329,8.0,774
2026-04-02,SKU020,0.0,229,8.0,774
2026-04-03,SKU020,0.0,322,8.0,774
2026-04-04,SKU020,0.0,128,8.0,774
2026-04-05,SKU020,0.0,234,8.0,774
2026-04-06,SKU020,0.0,88,8.0,774
2026-04-07,SKU020,0.0,310,8.0,774
2026-04-08,SKU020,51.0,0,8.0,774
2026-04-09,SKU020,0.0,88,8.0,774
2026-04-10,SKU020,0.0,197,8.0,774
2026-04-11,SKU020,0.0,91,8.0,774
2026-04-12,SKU020,0.0,124,8.0,774
2026-04-13,SKU020,0.0,153,8.0,774
2026-04-14,SKU020,0.0,85,8.0,774
2026-04-15,SKU020,0.0,53,8.0,774
2026-04-16,SKU020,45.0,0,8.0,774
2026-04-17,SKU020,0.0,102,8.0,774
2026-04-18,SKU020,0.0,238,8.0,774
2026-04-19,SKU020,0.0,41,8.0,774
2026-04-20,SKU020,0.0,232,8.0,774
2026-04-21,SKU020,0.0,201,8.0,774
2026-04-22,SKU020,0.0,195,8.0,774
2026-04-23,SKU020,0.0,190,8.0,774
2026-04-24,SKU020,73.0,0,8.0,774
2026-04-25,SKU020,0.0,190,8.0,774
2026-04-26,SKU020,0.0,172,8.0,774
2026-04-27,SKU020,0.0,141,8.0,774
2026-04-28,SKU020,0.0,148,8.0,774
2026-04-29,SKU020,0.0,70,8.0,774
2026-04-30,SKU020,0.0,157,8.0,774
2026-05-01,SKU020,0.0,185,8.0,774
2026-05-02,SKU020,0.0,265,8.0,774
2026-05-03,SKU020,0.0,170,8.0,774
2026-05-04,SKU020,0.0,267,8.0,774
2026-05-05,SKU020,0.0,270,8.0,774
2026-05-06,SKU020,0.0,137,8.0,774
2026-05-07,SKU020,0.0,187,8.0,774
2026-05-08,SKU020,28.0,0,8.0,774
2026-05-09,SKU020,0.0,63,8.0,774
2026-05-10,SKU020,0.0,292,8.0,774
2026-05-11,SKU020,0.0,282,8.0,774
2026-05-12,SKU020,0.0,66,8.0,774
2026-05-13,SKU020,0.0,234,8.0,774
2026-05-14,SKU020,0.0,289,8.0,774
2026-05-15,SKU020,0.0,53,8.0,774
2026-05-16,SKU020,24.0,0,8.0,774
2026-05-17,SKU020,0.0,113,8.0,774
2026-05-18,SKU020,0.0,181,8.0,774
2026-05-19,SKU020,0.0,87,8.0,774
2026-05-20,SKU020,0.0,51,8.0,774
2026-05-21,SKU020,0.0,48,8.0,774
2026-05-22,SKU020,0.0,320,8.0,774
2026-05-23,SKU020,0.0,61,8.0,774
2026-05-24,SKU020,9.0,0,8.0,774
2026-05-25,SKU020,0.0,225,8.0,774
2026-05-26,SKU020,0.0,229,8.0,774
2026-05-27,SKU020,0.0,70,8.0,774
2026-05-28,SKU020,0.0,202,8.0,774
2026-05-29,SKU020,0.0,176,8.0,774
2026-05-30,SKU020,0.0,107,8.0,774
2026-05-31,SKU020,0.0,278,8.0,774
2026-06-01,SKU020,0.0,325,8.0,774
2026-06-02,SKU020,0.0,128,8.0,774
2026-06-03,SKU020,0.0,102,8.0,774
2026-06-04,SKU020,0.0,148,8.0,774
2026-06-05,SKU020,0.0,301,8.0,774
2026-06-06,SKU020,0.0,266,8.0,774
2026-06-07,SKU020,0.0,262,8.0,774
2026-06-08,SKU020,175.0,0,8.0,774
2026-06-09,SKU020,73.0,110,8.0,774
2026-06-10,SKU020,0.0,295,8.0,774
2026-06-11,SKU020,0.0,311,8.0,774
2026-06-12,SKU020,0.0,246,8.0,774
2026-06-13,SKU020,0.0,161,8.0,774
2026-06-14,SKU020,0.0,308,8.0,774
2026-06-15,SKU020,0.0,52,8.0,774
2026-06-16,SKU020,0.0,0,8.0,774
2026-06-17,SKU020,0.0,70,8.0,774
2026-06-18,SKU020,0.0,154,8.0,774
2026-06-19,SKU020,0.0,259,8.0,774
2026-06-20,SKU020,0.0,159,8.0,774
2026-06-21,SKU020,0.0,205,8.0,774
2026-06-22,SKU020,0.0,163,8.0,774
2026-06-23,SKU020,0.0,51,8.0,774
2026-06-24,SKU020,0.0,0,8.0,774
2026-06-25,SKU020,0.0,55,8.0,774
2026-06-26,SKU020,0.0,279,8.0,774
2026-06-27,SKU020,0.0,66,8.0,774
2026-06-28,SKU020,0.0,139,8.0,774
2026-06-29,SKU020,0.0,205,8.0,774
2026-06-30,SKU020,0.0,199,8.0,774
2025-01-01,SKU021,361.0,156,7.0,495
2025-01-02,SKU021,361.0,199,7.0,495
2025-01-03,SKU021,361.0,106,7.0,495
2025-01-04,SKU021,361.0,147,7.0,495
2025-01-05,SKU021,361.0,141,7.0,495
2025-01-06,SKU021,361.0,122,7.0,495
2025-01-07,SKU021,641.0,0,7.0,495
2025-01-08,SKU021,641.0,256,7.0,495
2025-01-09,SKU021,641.0,201,7.0,495
2025-01-10,SKU021,641.0,216,7.0,495
2025-01-11,SKU021,641.0,249,7.0,495
2025-01-12,SKU021,641.0,123,7.0,495
2025-01-13,SKU021,641.0,165,7.0,495
2025-01-14,SKU021,763.0,0,7.0,495
2025-01-15,SKU021,763.0,254,7.0,495
2025-01-16,SKU021,763.0,184,7.0,495
2025-01-17,SKU021,763.0,173,7.0,495
2025-01-18,SKU021,763.0,146,7.0,495
2025-01-19,SKU021,763.0,175,7.0,495
2025-01-20,SKU021,763.0,106,7.0,495
2025-01-21,SKU021,924.0,0,7.0,495
2025-01-22,SKU021,924.0,85,7.0,495
2025-01-23,SKU021,924.0,94,7.0,495
2025-01-24,SKU021,924.0,79,7.0,495
2025-01-25,SKU021,924.0,83,7.0,495
2025-01-26,SKU021,924.0,152,7.0,495
2025-01-27,SKU021,924.0,49,7.0,495
2025-01-28,SKU021,1040.0,0,7.0,495
2025-01-29,SKU021,1040.0,152,7.0,495
2025-01-30,SKU021,1040.0,71,7.0,495
2025-01-31,SKU021,1040.0,122,7.0,495
2025-02-01,SKU021,1040.0,169,7.0,495
2025-02-02,SKU021,1040.0,257,7.0,495
2025-02-03,SKU021,1040.0,114,7.0,495
2025-02-04,SKU021,1040.0,36,7.0,495
2025-02-05,SKU021,1040.0,200,7.0,495
2025-02-06,SKU021,1040.0,270,7.0,495
2025-02-07,SKU021,1317.0,0,7.0,495
2025-02-08,SKU021,1317.0,148,7.0,495
2025-02-09,SKU021,1317.0,78,7.0,495
2025-02-10,SKU021,1317.0,200,7.0,495
2025-02-11,SKU021,1317.0,233,7.0,495
2025-02-12,SKU021,1317.0,171,7.0,495
2025-02-13,SKU021,1317.0,121,7.0,495
2025-02-14,SKU021,1434.0,0,7.0,495
2025-02-15,SKU021,1434.0,143,7.0,495
2025-02-16,SKU021,1434.0,85,7.0,495
2025-02-17,SKU021,1434.0,139,7.0,495
2025-02-18,SKU021,1434.0,237,7.0,495
2025-02-19,SKU021,1434.0,171,7.0,495
2025-02-20,SKU021,1337.0,97,7.0,495
2025-02-21,SKU021,1436.0,0,7.0,495
2025-02-22,SKU021,1357.0,121,7.0,495
2025-02-23,SKU021,1280.0,81,7.0,495
2025-02-24,SKU021,1208.0,47,7.0,495
2025-02-25,SKU021,1133.0,248,7.0,495
2025-02-26,SKU021,1051.0,173,7.0,495
2025-02-27,SKU021,990.0,42,7.0,495
2025-02-28,SKU021,1076.0,0,7.0,495
2025-03-01,SKU021,999.0,105,7.0,495
2025-03-02,SKU021,951.0,99,7.0,495
2025-03-03,SKU021,881.0,262,7.0,495
2025-03-04,SKU021,801.0,270,7.0,495
2025-03-05,SKU021,742.0,216,7.0,495
2025-03-06,SKU021,666.0,96,7.0,495
2025-03-07,SKU021,660.0,0,7.0,495
2025-03-08,SKU021,555.0,48,7.0,495
2025-03-09,SKU021,441.0,46,7.0,495
2025-03-10,SKU021,370.0,274,7.0,495
2025-03-11,SKU021,271.0,77,7.0,495
2025-03-12,SKU021,203.0,214,7.0,495
2025-03-13,SKU021,142.0,112,7.0,495
2025-03-14,SKU021,308.0,0,7.0,495
2025-03-15,SKU021,184.0,235,7.0,495
2025-03-16,SKU021,136.0,99,7.0,495
2025-03-17,SKU021,78.0,118,7.0,495
2025-03-18,SKU021,17.0,156,7.0,495
2025-03-19,SKU021,0.0,47,7.0,495
2025-03-20,SKU021,0.0,41,7.0,495
2025-03-21,SKU021,129.0,0,7.0,495
2025-03-22,SKU021,59.0,147,7.0,495
2025-03-23,SKU021,0.0,157,7.0,495
2025-03-24,SKU021,0.0,184,7.0,495
2025-03-25,SKU021,0.0,115,7.0,495
2025-03-26,SKU021,0.0,222,7.0,495
2025-03-27,SKU021,0.0,40,7.0,495
2025-03-28,SKU021,0.0,0,7.0,495
2025-03-29,SKU021,0.0,263,7.0,495
2025-03-30,SKU021,0.0,250,7.0,495
2025-03-31,SKU021,0.0,53,7.0,495
2025-04-01,SKU021,0.0,171,7.0,495
2025-04-02,SKU021,0.0,215,7.0,495
2025-04-03,SKU021,0.0,98,7.0,495
2025-04-04,SKU021,0.0,39,7.0,495
2025-04-05,SKU021,0.0,197,7.0,495
2025-04-06,SKU021,0.0,225,7.0,495
2025-04-07,SKU021,162.0,0,7.0,495
2025-04-08,SKU021,90.0,76,7.0,495
2025-04-09,SKU021,28.0,174,7.0,495
2025-04-10,SKU021,0.0,91,7.0,495
2025-04-11,SKU021,0.0,186,7.0,495
2025-04-12,SKU021,0.0,153,7.0,495
2025-04-13,SKU021,0.0,175,7.0,495
2025-04-14,SKU021,49.0,0,7.0,495
2025-04-15,SKU021,0.0,164,7.0,495
2025-04-16,SKU021,0.0,161,7.0,495
2025-04-17,SKU021,0.0,77,7.0,495
2025-04-18,SKU021,0.0,39,7.0,495
2025-04-19,SKU021,0.0,197,7.0,495
2025-04-20,SKU021,0.0,94,7.0,495
2025-04-21,SKU021,107.0,0,7.0,495
2025-04-22,SKU021,42.0,39,7.0,495
2025-04-23,SKU021,0.0,100,7.0,495
2025-04-24,SKU021,0.0,45,7.0,495
2025-04-25,SKU021,0.0,107,7.0,495
2025-04-26,SKU021,0.0,214,7.0,495
2025-04-27,SKU021,0.0,189,7.0,495
2025-04-28,SKU021,15.0,0,7.0,495
2025-04-29,SKU021,0.0,64,7.0,495
2025-04-30,SKU021,0.0,64,7.0,495
2025-05-01,SKU021,0.0,243,7.0,495
2025-05-02,SKU021,0.0,105,7.0,495
2025-05-03,SKU021,0.0,279,7.0,495
2025-05-04,SKU021,0.0,171,7.0,495
2025-05-05,SKU021,0.0,280,7.0,495
2025-05-06,SKU021,0.0,94,7.0,495
2025-05-07,SKU021,191.0,0,7.0,495
2025-05-08,SKU021,122.0,261,7.0,495
2025-05-09,SKU021,50.0,77,7.0,495
2025-05-10,SKU021,0.0,277,7.0,495
2025-05-11,SKU021,0.0,121,7.0,495
2025-05-12,SKU021,0.0,71,7.0,495
2025-05-13,SKU021,0.0,124,7.0,495
2025-05-14,SKU021,0.0,0,7.0,495
2025-05-15,SKU021,0.0,181,7.0,495
2025-05-16,SKU021,0.0,182,7.0,495
2025-05-17,SKU021,0.0,116,7.0,495
2025-05-18,SKU021,0.0,112,7.0,495
2025-05-19,SKU021,0.0,43,7.0,495
2025-05-20,SKU021,0.0,198,7.0,495
2025-05-21,SKU021,18.0,0,7.0,495
2025-05-22,SKU021,0.0,151,7.0,495
2025-05-23,SKU021,0.0,159,7.0,495
2025-05-24,SKU021,0.0,228,7.0,495
2025-05-25,SKU021,0.0,190,7.0,495
2025-05-26,SKU021,0.0,273,7.0,495
2025-05-27,SKU021,0.0,190,7.0,495
2025-05-28,SKU021,45.0,0,7.0,495
2025-05-29,SKU021,0.0,248,7.0,495
2025-05-30,SKU021,0.0,161,7.0,495
2025-05-31,SKU021,0.0,81,7.0,495
2025-06-01,SKU021,0.0,173,7.0,495
2025-06-02,SKU021,0.0,65,7.0,495
2025-06-03,SKU021,0.0,119,7.0,495
2025-06-04,SKU021,0.0,42,7.0,495
2025-06-05,SKU021,0.0,54,7.0,495
2025-06-06,SKU021,0.0,88,7.0,495
2025-06-07,SKU021,87.0,0,7.0,495
2025-06-08,SKU021,10.0,156,7.0,495
2025-06-09,SKU021,0.0,141,7.0,495
2025-06-10,SKU021,0.0,175,7.0,495
2025-06-11,SKU021,0.0,83,7.0,495
2025-06-12,SKU021,0.0,202,7.0,495
2025-06-13,SKU021,0.0,168,7.0,495
2025-06-14,SKU021,0.0,0,7.0,495
2025-06-15,SKU021,0.0,171,7.0,495
2025-06-16,SKU021,0.0,62,7.0,495
2025-06-17,SKU021,0.0,200,7.0,495
2025-06-18,SKU021,0.0,90,7.0,495
2025-06-19,SKU021,0.0,47,7.0,495
2025-06-20,SKU021,0.0,81,7.0,495
2025-06-21,SKU021,41.0,0,7.0,495
2025-06-22,SKU021,0.0,209,7.0,495
2025-06-23,SKU021,0.0,126,7.0,495
2025-06-24,SKU021,0.0,124,7.0,495
2025-06-25,SKU021,0.0,143,7.0,495
2025-06-26,SKU021,0.0,247,7.0,495
2025-06-27,SKU021,0.0,231,7.0,495
2025-06-28,SKU021,182.0,0,7.0,495
2025-06-29,SKU021,108.0,228,7.0,495
2025-06-30,SKU021,12.0,144,7.0,495
2025-07-01,SKU021,0.0,175,7.0,495
2025-07-02,SKU021,0.0,170,7.0,495
2025-07-03,SKU021,0.0,277,7.0,495
2025-07-04,SKU021,0.0,216,7.0,495
2025-07-05,SKU021,0.0,166,7.0,495
2025-07-06,SKU021,0.0,193,7.0,495
2025-07-07,SKU021,190.0,0,7.0,495
2025-07-08,SKU021,108.0,81,7.0,495
2025-07-09,SKU021,28.0,266,7.0,495
2025-07-10,SKU021,0.0,121,7.0,495
2025-07-11,SKU021,0.0,120,7.0,495
2025-07-12,SKU021,0.0,90,7.0,495
2025-07-13,SKU021,0.0,122,7.0,495
2025-07-14,SKU021,96.0,0,7.0,495
2025-07-15,SKU021,0.0,77,7.0,495
2025-07-16,SKU021,0.0,76,7.0,495
2025-07-17,SKU021,0.0,105,7.0,495
2025-07-18,SKU021,0.0,37,7.0,495
2025-07-19,SKU021,0.0,193,7.0,495
2025-07-20,SKU021,0.0,84,7.0,495
2025-07-21,SKU021,168.0,0,7.0,495
2025-07-22,SKU021,92.0,128,7.0,495
2025-07-23,SKU021,17.0,146,7.0,495
2025-07-24,SKU021,0.0,263,7.0,495
2025-07-25,SKU021,0.0,41,7.0,495
2025-07-26,SKU021,0.0,208,7.0,495
2025-07-27,SKU021,0.0,159,7.0,495
2025-07-28,SKU021,134.0,0,7.0,495
2025-07-29,SKU021,34.0,273,7.0,495
2025-07-30,SKU021,0.0,66,7.0,495
2025-07-31,SKU021,0.0,200,7.0,495
2025-08-01,SKU021,0.0,208,7.0,495
2025-08-02,SKU021,0.0,146,7.0,495
2025-08-03,SKU021,0.0,79,7.0,495
2025-08-04,SKU021,0.0,77,7.0,495
2025-08-05,SKU021,0.0,138,7.0,495
2025-08-06,SKU021,0.0,200,7.0,495
2025-08-07,SKU021,80.0,0,7.0,495
2025-08-08,SKU021,0.0,60,7.0,495
2025-08-09,SKU021,0.0,48,7.0,495
2025-08-10,SKU021,0.0,126,7.0,495
2025-08-11,SKU021,0.0,62,7.0,495
2025-08-12,SKU021,0.0,69,7.0,495
2025-08-13,SKU021,0.0,202,7.0,495
2025-08-14,SKU021,84.0,0,7.0,495
2025-08-15,SKU021,0.0,194,7.0,495
2025-08-16,SKU021,0.0,120,7.0,495
2025-08-17,SKU021,0.0,58,7.0,495
2025-08-18,SKU021,0.0,50,7.0,495
2025-08-19,SKU021,0.0,39,7.0,495
2025-08-20,SKU021,0.0,247,7.0,495
2025-08-21,SKU021,194.0,0,7.0,495
2025-08-22,SKU021,99.0,71,7.0,495
2025-08-23,SKU021,0.0,267,7.0,495
2025-08-24,SKU021,0.0,99,7.0,495
2025-08-25,SKU021,0.0,193,7.0,495
2025-08-26,SKU021,0.0,128,7.0,495
2025-08-27,SKU021,0.0,187,7.0,495
2025-08-28,SKU021,157.0,0,7.0,495
2025-08-29,SKU021,58.0,246,7.0,495
2025-08-30,SKU021,0.0,248,7.0,495
2025-08-31,SKU021,0.0,100,7.0,495
2025-09-01,SKU021,0.0,225,7.0,495
2025-09-02,SKU021,0.0,120,7.0,495
2025-09-03,SKU021,0.0,79,7.0,495
2025-09-04,SKU021,0.0,110,7.0,495
2025-09-05,SKU021,0.0,120,7.0,495
2025-09-06,SKU021,0.0,173,7.0,495
2025-09-07,SKU021,107.0,0,7.0,495
2025-09-08,SKU021,49.0,133,7.0,495
2025-09-09,SKU021,0.0,238,7.0,495
2025-09-10,SKU021,0.0,48,7.0,495
2025-09-11,SKU021,0.0,248,7.0,495
2025-09-12,SKU021,0.0,214,7.0,495
2025-09-13,SKU021,0.0,124,7.0,495
2025-09-14,SKU021,114.0,0,7.0,495
2025-09-15,SKU021,45.0,140,7.0,495
2025-09-16,SKU021,0.0,61,7.0,495
2025-09-17,SKU021,0.0,271,7.0,495
2025-09-18,SKU021,0.0,121,7.0,495
2025-09-19,SKU021,0.0,241,7.0,495
2025-09-20,SKU021,0.0,226,7.0,495
2025-09-21,SKU021,150.0,0,7.0,495
2025-09-22,SKU021,79.0,43,7.0,495
2025-09-23,SKU021,9.0,239,7.0,495
2025-09-24,SKU021,0.0,152,7.0,495
2025-09-25,SKU021,0.0,249,7.0,495
2025-09-26,SKU021,0.0,131,7.0,495
2025-09-27,SKU021,0.0,194,7.0,495
2025-09-28,SKU021,38.0,0,7.0,495
2025-09-29,SKU021,0.0,212,7.0,495
2025-09-30,SKU021,0.0,278,7.0,495
2025-10-01,SKU021,0.0,113,7.0,495
2025-10-02,SKU021,0.0,116,7.0,495
2025-10-03,SKU021,0.0,218,7.0,495
2025-10-04,SKU021,0.0,153,7.0,495
2025-10-05,SKU021,0.0,103,7.0,495
2025-10-06,SKU021,0.0,273,7.0,495
2025-10-07,SKU021,0.0,0,7.0,495
2025-10-08,SKU021,0.0,249,7.0,495
2025-10-09,SKU021,0.0,47,7.0,495
2025-10-10,SKU021,0.0,193,7.0,495
2025-10-11,SKU021,0.0,122,7.0,495
2025-10-12,SKU021,0.0,201,7.0,495
2025-10-13,SKU021,0.0,197,7.0,495
2025-10-14,SKU021,2.0,0,7.0,495
2025-10-15,SKU021,0.0,121,7.0,495
2025-10-16,SKU021,0.0,218,7.0,495
2025-10-17,SKU021,0.0,37,7.0,495
2025-10-18,SKU021,0.0,126,7.0,495
2025-10-19,SKU021,0.0,82,7.0,495
2025-10-20,SKU021,0.0,157,7.0,495
2025-10-21,SKU021,21.0,0,7.0,495
2025-10-22,SKU021,0.0,205,7.0,495
2025-10-23,SKU021,0.0,229,7.0,495
2025-10-24,SKU021,0.0,108,7.0,495
2025-10-25,SKU021,0.0,172,7.0,495
2025-10-26,SKU021,0.0,153,7.0,495
2025-10-27,SKU021,0.0,93,7.0,495
2025-10-28,SKU021,159.0,0,7.0,495
2025-10-29,SKU021,99.0,106,7.0,495
2025-10-30,SKU021,23.0,181,7.0,495
2025-10-31,SKU021,0.0,246,7.0,495
2025-11-01,SKU021,0.0,196,7.0,495
2025-11-02,SKU021,0.0,130,7.0,495
2025-11-03,SKU021,0.0,165,7.0,495
2025-11-04,SKU021,0.0,252,7.0,495
2025-11-05,SKU021,0.0,190,7.0,495
2025-11-06,SKU021,0.0,170,7.0,495
2025-11-07,SKU021,54.0,0,7.0,495
2025-11-08,SKU021,0.0,220,7.0,495
2025-11-09,SKU021,0.0,77,7.0,495
2025-11-10,SKU021,0.0,210,7.0,495
2025-11-11,SKU021,0.0,172,7.0,495
2025-11-12,SKU021,0.0,57,7.0,495
2025-11-13,SKU021,0.0,240,7.0,495
2025-11-14,SKU021,84.0,0,7.0,495
2025-11-15,SKU021,0.0,185,7.0,495
2025-11-16,SKU021,0.0,177,7.0,495
2025-11-17,SKU021,0.0,259,7.0,495
2025-11-18,SKU021,0.0,169,7.0,495
2025-11-19,SKU021,0.0,223,7.0,495
2025-11-20,SKU021,0.0,167,7.0,495
2025-11-21,SKU021,108.0,0,7.0,495
2025-11-22,SKU021,6.0,228,7.0,495
2025-11-23,SKU021,0.0,278,7.0,495
2025-11-24,SKU021,0.0,181,7.0,495
2025-11-25,SKU021,0.0,123,7.0,495
2025-11-26,SKU021,0.0,257,7.0,495
2025-11-27,SKU021,0.0,195,7.0,495
2025-11-28,SKU021,53.0,0,7.0,495
2025-11-29,SKU021,0.0,217,7.0,495
2025-11-30,SKU021,0.0,159,7.0,495
2025-12-01,SKU021,0.0,210,7.0,495
2025-12-02,SKU021,0.0,276,7.0,495
2025-12-03,SKU021,0.0,211,7.0,495
2025-12-04,SKU021,0.0,222,7.0,495
2025-12-05,SKU021,0.0,207,7.0,495
2025-12-06,SKU021,0.0,191,7.0,495
2025-12-07,SKU021,115.0,0,7.0,495
2025-12-08,SKU021,54.0,277,7.0,495
2025-12-09,SKU021,0.0,196,7.0,495
2025-12-10,SKU021,0.0,46,7.0,495
2025-12-11,SKU021,0.0,87,7.0,495
2025-12-12,SKU021,0.0,102,7.0,495
2025-12-13,SKU021,0.0,202,7.0,495
2025-12-14,SKU021,0.0,0,7.0,495
2025-12-15,SKU021,0.0,254,7.0,495
2025-12-16,SKU021,0.0,76,7.0,495
2025-12-17,SKU021,0.0,240,7.0,495
2025-12-18,SKU021,0.0,260,7.0,495
2025-12-19,SKU021,0.0,278,7.0,495
2025-12-20,SKU021,0.0,39,7.0,495
2025-12-21,SKU021,32.0,0,7.0,495
2025-12-22,SKU021,0.0,229,7.0,495
2025-12-23,SKU021,0.0,261,7.0,495
2025-12-24,SKU021,0.0,161,7.0,495
2025-12-25,SKU021,0.0,94,7.0,495
2025-12-26,SKU021,0.0,120,7.0,495
2025-12-27,SKU021,0.0,134,7.0,495
2025-12-28,SKU021,99.0,0,7.0,495
2025-12-29,SKU021,0.0,264,7.0,495
2025-12-30,SKU021,0.0,147,7.0,495
2025-12-31,SKU021,0.0,270,7.0,495
2026-01-01,SKU021,0.0,205,7.0,495
2026-01-02,SKU021,0.0,148,7.0,495
2026-01-03,SKU021,0.0,61,7.0,495
2026-01-04,SKU021,0.0,159,7.0,495
2026-01-05,SKU021,0.0,131,7.0,495
2026-01-06,SKU021,0.0,66,7.0,495
2026-01-07,SKU021,194.0,0,7.0,495
2026-01-08,SKU021,79.0,64,7.0,495
2026-01-09,SKU021,0.0,265,7.0,495
2026-01-10,SKU021,0.0,41,7.0,495
2026-01-11,SKU021,0.0,81,7.0,495
2026-01-12,SKU021,0.0,210,7.0,495
2026-01-13,SKU021,0.0,269,7.0,495
2026-01-14,SKU021,0.0,0,7.0,495
2026-01-15,SKU021,0.0,96,7.0,495
2026-01-16,SKU021,0.0,181,7.0,495
2026-01-17,SKU021,0.0,266,7.0,495
2026-01-18,SKU021,0.0,139,7.0,495
2026-01-19,SKU021,0.0,177,7.0,495
2026-01-20,SKU021,0.0,122,7.0,495
2026-01-21,SKU021,0.0,0,7.0,495
2026-01-22,SKU021,0.0,40,7.0,495
2026-01-23,SKU021,0.0,200,7.0,495
2026-01-24,SKU021,0.0,250,7.0,495
2026-01-25,SKU021,0.0,75,7.0,495
2026-01-26,SKU021,0.0,178,7.0,495
2026-01-27,SKU021,0.0,217,7.0,495
2026-01-28,SKU021,11.0,0,7.0,495
2026-01-29,SKU021,0.0,129,7.0,495
2026-01-30,SKU021,0.0,262,7.0,495
2026-01-31,SKU021,0.0,117,7.0,495
2026-02-01,SKU021,0.0,101,7.0,495
2026-02-02,SKU021,0.0,56,7.0,495
2026-02-03,SKU021,0.0,183,7.0,495
2026-02-04,SKU021,0.0,150,7.0,495
2026-02-05,SKU021,0.0,270,7.0,495
2026-02-06,SKU021,0.0,180,7.0,495
2026-02-07,SKU021,9.0,0,7.0,495
2026-02-08,SKU021,0.0,49,7.0,495
2026-02-09,SKU021,0.0,256,7.0,495
2026-02-10,SKU021,0.0,218,7.0,495
2026-02-11,SKU021,0.0,181,7.0,495
2026-02-12,SKU021,0.0,146,7.0,495
2026-02-13,SKU021,0.0,45,7.0,495
2026-02-14,SKU021,94.0,0,7.0,495
2026-02-15,SKU021,0.0,65,7.0,495
2026-02-16,SKU021,0.0,221,7.0,495
2026-02-17,SKU021,0.0,254,7.0,495
2026-02-18,SKU021,0.0,262,7.0,495
2026-02-19,SKU021,0.0,49,7.0,495
2026-02-20,SKU021,0.0,141,7.0,495
2026-02-21,SKU021,81.0,0,7.0,495
2026-02-22,SKU021,0.0,145,7.0,495
2026-02-23,SKU021,0.0,197,7.0,495
2026-02-24,SKU021,0.0,160,7.0,495
2026-02-25,SKU021,0.0,61,7.0,495
2026-02-26,SKU021,0.0,72,7.0,495
2026-02-27,SKU021,0.0,192,7.0,495
2026-02-28,SKU021,150.0,0,7.0,495
2026-03-01,SKU021,49.0,39,7.0,495
2026-03-02,SKU021,0.0,119,7.0,495
2026-03-03,SKU021,0.0,89,7.0,495
2026-03-04,SKU021,0.0,267,7.0,495
2026-03-05,SKU021,0.0,116,7.0,495
2026-03-06,SKU021,0.0,145,7.0,495
2026-03-07,SKU021,94.0,0,7.0,495
2026-03-08,SKU021,20.0,63,7.0,495
2026-03-09,SKU021,0.0,105,7.0,495
2026-03-10,SKU021,0.0,256,7.0,495
2026-03-11,SKU021,0.0,193,7.0,495
2026-03-12,SKU021,0.0,156,7.0,495
2026-03-13,SKU021,0.0,192,7.0,495
2026-03-14,SKU021,73.0,0,7.0,495
2026-03-15,SKU021,0.0,95,7.0,495
2026-03-16,SKU021,0.0,268,7.0,495
2026-03-17,SKU021,0.0,118,7.0,495
2026-03-18,SKU021,0.0,137,7.0,495
2026-03-19,SKU021,0.0,62,7.0,495
2026-03-20,SKU021,0.0,163,7.0,495
2026-03-21,SKU021,52.0,0,7.0,495
2026-03-22,SKU021,0.0,158,7.0,495
2026-03-23,SKU021,0.0,221,7.0,495
2026-03-24,SKU021,0.0,117,7.0,495
2026-03-25,SKU021,0.0,181,7.0,495
2026-03-26,SKU021,0.0,88,7.0,495
2026-03-27,SKU021,0.0,266,7.0,495
2026-03-28,SKU021,144.0,0,7.0,495
2026-03-29,SKU021,60.0,95,7.0,495
2026-03-30,SKU021,0.0,57,7.0,495
2026-03-31,SKU021,0.0,76,7.0,495
2026-04-01,SKU021,0.0,71,7.0,495
2026-04-02,SKU021,0.0,208,7.0,495
2026-04-03,SKU021,0.0,37,7.0,495
2026-04-04,SKU021,0.0,99,7.0,495
2026-04-05,SKU021,0.0,133,7.0,495
2026-04-06,SKU021,0.0,42,7.0,495
2026-04-07,SKU021,29.0,0,7.0,495
2026-04-08,SKU021,0.0,227,7.0,495
2026-04-09,SKU021,0.0,244,7.0,495
2026-04-10,SKU021,0.0,149,7.0,495
2026-04-11,SKU021,0.0,210,7.0,495
2026-04-12,SKU021,0.0,242,7.0,495
2026-04-13,SKU021,0.0,55,7.0,495
2026-04-14,SKU021,139.0,0,7.0,495
2026-04-15,SKU021,63.0,241,7.0,495
2026-04-16,SKU021,0.0,210,7.0,495
2026-04-17,SKU021,0.0,135,7.0,495
2026-04-18,SKU021,0.0,161,7.0,495
2026-04-19,SKU021,0.0,73,7.0,495
2026-04-20,SKU021,0.0,219,7.0,495
2026-04-21,SKU021,119.0,0,7.0,495
2026-04-22,SKU021,28.0,188,7.0,495
2026-04-23,SKU021,0.0,239,7.0,495
2026-04-24,SKU021,0.0,55,7.0,495
2026-04-25,SKU021,0.0,164,7.0,495
2026-04-26,SKU021,0.0,113,7.0,495
2026-04-27,SKU021,0.0,181,7.0,495
2026-04-28,SKU021,0.0,0,7.0,495
2026-04-29,SKU021,0.0,105,7.0,495
2026-04-30,SKU021,0.0,56,7.0,495
2026-05-01,SKU021,0.0,142,7.0,495
2026-05-02,SKU021,0.0,261,7.0,495
2026-05-03,SKU021,0.0,46,7.0,495
2026-05-04,SKU021,0.0,261,7.0,495
2026-05-05,SKU021,0.0,206,7.0,495
2026-05-06,SKU021,0.0,252,7.0,495
2026-05-07,SKU021,142.0,0,7.0,495
2026-05-08,SKU021,56.0,139,7.0,495
2026-05-09,SKU021,0.0,144,7.0,495
2026-05-10,SKU021,0.0,39,7.0,495
2026-05-11,SKU021,0.0,158,7.0,495
2026-05-12,SKU021,0.0,158,7.0,495
2026-05-13,SKU021,0.0,221,7.0,495
2026-05-14,SKU021,94.0,0,7.0,495
2026-05-15,SKU021,5.0,104,7.0,495
2026-05-16,SKU021,0.0,90,7.0,495
2026-05-17,SKU021,0.0,225,7.0,495
2026-05-18,SKU021,0.0,159,7.0,495
2026-05-19,SKU021,0.0,59,7.0,495
2026-05-20,SKU021,0.0,231,7.0,495
2026-05-21,SKU021,47.0,0,7.0,495
2026-05-22,SKU021,0.0,103,7.0,495
2026-05-23,SKU021,0.0,63,7.0,495
2026-05-24,SKU021,0.0,82,7.0,495
2026-05-25,SKU021,0.0,47,7.0,495
2026-05-26,SKU021,0.0,212,7.0,495
2026-05-27,SKU021,0.0,186,7.0,495
2026-05-28,SKU021,215.0,0,7.0,495
2026-05-29,SKU021,136.0,75,7.0,495
2026-05-30,SKU021,22.0,110,7.0,495
2026-05-31,SKU021,0.0,192,7.0,495
2026-06-01,SKU021,0.0,171,7.0,495
2026-06-02,SKU021,0.0,168,7.0,495
2026-06-03,SKU021,0.0,57,7.0,495
2026-06-04,SKU021,0.0,40,7.0,495
2026-06-05,SKU021,0.0,212,7.0,495
2026-06-06,SKU021,0.0,208,7.0,495
2026-06-07,SKU021,0.0,0,7.0,495
2026-06-08,SKU021,0.0,239,7.0,495
2026-06-09,SKU021,0.0,223,7.0,495
2026-06-10,SKU021,0.0,88,7.0,495
2026-06-11,SKU021,0.0,174,7.0,495
2026-06-12,SKU021,0.0,99,7.0,495
2026-06-13,SKU021,0.0,240,7.0,495
2026-06-14,SKU021,0.0,0,7.0,495
2026-06-15,SKU021,0.0,239,7.0,495
2026-06-16,SKU021,0.0,196,7.0,495
2026-06-17,SKU021,0.0,80,7.0,495
2026-06-18,SKU021,0.0,247,7.0,495
2026-06-19,SKU021,0.0,238,7.0,495
2026-06-20,SKU021,0.0,191,7.0,495
2026-06-21,SKU021,65.0,0,7.0,495
2026-06-22,SKU021,2.0,189,7.0,495
2026-06-23,SKU021,0.0,199,7.0,495
2026-06-24,SKU021,0.0,60,7.0,495
2026-06-25,SKU021,0.0,133,7.0,495
2026-06-26,SKU021,0.0,265,7.0,495
2026-06-27,SKU021,0.0,225,7.0,495
2026-06-28,SKU021,0.0,0,7.0,495
2026-06-29,SKU021,0.0,245,7.0,495
2026-06-30,SKU021,0.0,50,7.0,495
2025-01-01,SKU022,117.0,103,3.0,123
2025-01-02,SKU022,64.0,36,3.0,123
2025-01-03,SKU022,203.0,0,3.0,123
2025-01-04,SKU022,150.0,182,3.0,123
2025-01-05,SKU022,92.0,52,3.0,123
2025-01-06,SKU022,233.0,0,3.0,123
2025-01-07,SKU022,185.0,183,3.0,123
2025-01-08,SKU022,127.0,44,3.0,123
2025-01-09,SKU022,113.0,0,3.0,123
2025-01-10,SKU022,19.0,101,3.0,123
2025-01-11,SKU022,0.0,79,3.0,123
2025-01-12,SKU022,24.0,0,3.0,123
2025-01-13,SKU022,0.0,109,3.0,123
2025-01-14,SKU022,0.0,149,3.0,123
2025-01-15,SKU022,77.0,0,3.0,123
2025-01-16,SKU022,22.0,108,3.0,123
2025-01-17,SKU022,0.0,107,3.0,123
2025-01-18,SKU022,128.0,0,3.0,123
2025-01-19,SKU022,81.0,73,3.0,123
2025-01-20,SKU022,45.0,55,3.0,123
2025-01-21,SKU022,61.0,0,3.0,123
2025-01-22,SKU022,5.0,154,3.0,123
2025-01-23,SKU022,0.0,73,3.0,123
2025-01-24,SKU022,88.0,0,3.0,123
2025-01-25,SKU022,22.0,86,3.0,123
2025-01-26,SKU022,0.0,90,3.0,123
2025-01-27,SKU022,103.0,0,3.0,123
2025-01-28,SKU022,49.0,54,3.0,123
2025-01-29,SKU022,0.0,126,3.0,123
2025-01-30,SKU022,71.0,0,3.0,123
2025-01-31,SKU022,16.0,157,3.0,123
2025-02-01,SKU022,0.0,175,3.0,123
2025-02-02,SKU022,0.0,47,3.0,123
2025-02-03,SKU022,10.0,0,3.0,123
2025-02-04,SKU022,0.0,47,3.0,123
2025-02-05,SKU022,0.0,189,3.0,123
2025-02-06,SKU022,76.0,0,3.0,123
2025-02-07,SKU022,3.0,179,3.0,123
2025-02-08,SKU022,0.0,184,3.0,123
2025-02-09,SKU022,116.0,0,3.0,123
2025-02-10,SKU022,79.0,68,3.0,123
2025-02-11,SKU022,38.0,108,3.0,123
2025-02-12,SKU022,45.0,0,3.0,123
2025-02-13,SKU022,0.0,95,3.0,123
2025-02-14,SKU022,0.0,94,3.0,123
2025-02-15,SKU022,106.0,0,3.0,123
2025-02-16,SKU022,56.0,139,3.0,123
2025-02-17,SKU022,9.0,147,3.0,123
2025-02-18,SKU022,100.0,0,3.0,123
2025-02-19,SKU022,42.0,114,3.0,123
2025-02-20,SKU022,0.0,81,3.0,123
2025-02-21,SKU022,90.0,0,3.0,123
2025-02-22,SKU022,40.0,81,3.0,123
2025-02-23,SKU022,0.0,110,3.0,123
2025-02-24,SKU022,8.0,0,3.0,123
2025-02-25,SKU022,0.0,122,3.0,123
2025-02-26,SKU022,0.0,102,3.0,123
2025-02-27,SKU022,122.0,0,3.0,123
2025-02-28,SKU022,73.0,74,3.0,123
2025-03-01,SKU022,30.0,74,3.0,123
2025-03-02,SKU022,0.0,44,3.0,123
2025-03-03,SKU022,76.0,0,3.0,123
2025-03-04,SKU022,34.0,151,3.0,123
2025-03-05,SKU022,0.0,131,3.0,123
2025-03-06,SKU022,0.0,0,3.0,123
2025-03-07,SKU022,0.0,73,3.0,123
2025-03-08,SKU022,0.0,77,3.0,123
2025-03-09,SKU022,75.0,0,3.0,123
2025-03-10,SKU022,31.0,154,3.0,123
2025-03-11,SKU022,0.0,189,3.0,123
2025-03-12,SKU022,25.0,0,3.0,123
2025-03-13,SKU022,0.0,55,3.0,123
2025-03-14,SKU022,0.0,94,3.0,123
2025-03-15,SKU022,96.0,0,3.0,123
2025-03-16,SKU022,43.0,143,3.0,123
2025-03-17,SKU022,0.0,161,3.0,123
2025-03-18,SKU022,29.0,0,3.0,123
2025-03-19,SKU022,0.0,163,3.0,123
2025-03-20,SKU022,0.0,135,3.0,123
2025-03-21,SKU022,0.0,0,3.0,123
2025-03-22,SKU022,0.0,185,3.0,123
2025-03-23,SKU022,0.0,65,3.0,123
2025-03-24,SKU022,0.0,0,3.0,123
2025-03-25,SKU022,0.0,97,3.0,123
2025-03-26,SKU022,0.0,112,3.0,123
2025-03-27,SKU022,27.0,0,3.0,123
2025-03-28,SKU022,0.0,151,3.0,123
2025-03-29,SKU022,0.0,43,3.0,123
2025-03-30,SKU022,104.0,0,3.0,123
2025-03-31,SKU022,56.0,104,3.0,123
2025-04-01,SKU022,11.0,36,3.0,123
2025-04-02,SKU022,0.0,186,3.0,123
2025-04-03,SKU022,129.0,0,3.0,123
2025-04-04,SKU022,76.0,76,3.0,123
2025-04-05,SKU022,42.0,107,3.0,123
2025-04-06,SKU022,71.0,0,3.0,123
2025-04-07,SKU022,20.0,108,3.0,123
2025-04-08,SKU022,0.0,65,3.0,123
2025-04-09,SKU022,47.0,0,3.0,123
2025-04-10,SKU022,7.0,69,3.0,123
2025-04-11,SKU022,0.0,98,3.0,123
2025-04-12,SKU022,0.0,0,3.0,123
2025-04-13,SKU022,0.0,112,3.0,123
2025-04-14,SKU022,0.0,60,3.0,123
2025-04-15,SKU022,7.0,0,3.0,123
2025-04-16,SKU022,0.0,81,3.0,123
2025-04-17,SKU022,,144,3.0,123
2025-04-18,SKU022,22.0,0,3.0,123
2025-04-19,SKU022,0.0,149,3.0,123
2025-04-20,SKU022,0.0,186,3.0,123
2025-04-21,SKU022,137.0,0,3.0,123
2025-04-22,SKU022,85.0,60,3.0,123
2025-04-23,SKU022,50.0,178,3.0,123
2025-04-24,SKU022,166.0,0,3.0,123
2025-04-25,SKU022,88.0,28,3.0,123
2025-04-26,SKU022,41.0,185,3.0,123
2025-04-27,SKU022,175.0,0,3.0,123
2025-04-28,SKU022,136.0,147,3.0,123
2025-04-29,SKU022,88.0,124,3.0,123
2025-04-30,SKU022,231.0,0,3.0,123
2025-05-01,SKU022,184.0,56,3.0,123
2025-05-02,SKU022,142.0,152,3.0,123
2025-05-03,SKU022,259.0,0,3.0,123
2025-05-04,SKU022,204.0,106,3.0,123
2025-05-05,SKU022,148.0,73,3.0,123
2025-05-06,SKU022,187.0,0,3.0,123
2025-05-07,SKU022,140.0,185,3.0,123
2025-05-08,SKU022,99.0,147,3.0,123
2025-05-09,SKU022,159.0,0,3.0,123
2025-05-10,SKU022,96.0,42,3.0,123
2025-05-11,SKU022,50.0,138,3.0,123
2025-05-12,SKU022,46.0,0,3.0,123
2025-05-13,SKU022,0.0,188,3.0,123
2025-05-14,SKU022,0.0,109,3.0,123
2025-05-15,SKU022,84.0,0,3.0,123
2025-05-16,SKU022,33.0,190,3.0,123
2025-05-17,SKU022,0.0,149,3.0,123
2025-05-18,SKU022,61.0,0,3.0,123
2025-05-19,SKU022,10.0,115,3.0,123
2025-05-20,SKU022,0.0,174,3.0,123
2025-05-21,SKU022,128.0,0,3.0,123
2025-05-22,SKU022,83.0,104,3.0,123
2025-05-23,SKU022,23.0,81,3.0,123
2025-05-24,SKU022,124.0,0,3.0,123
2025-05-25,SKU022,75.0,50,3.0,123
2025-05-26,SKU022,23.0,89,3.0,123
2025-05-27,SKU022,3.0,0,3.0,123
2025-05-28,SKU022,0.0,163,3.0,123
2025-05-29,SKU022,0.0,31,3.0,123
2025-05-30,SKU022,57.0,0,3.0,123
2025-05-31,SKU022,0.0,189,3.0,123
2025-06-01,SKU022,0.0,78,3.0,123
2025-06-02,SKU022,0.0,157,3.0,123
2025-06-03,SKU022,0.0,0,3.0,123
2025-06-04,SKU022,0.0,45,3.0,123
2025-06-05,SKU022,0.0,61,3.0,123
2025-06-06,SKU022,99.0,0,3.0,123
2025-06-07,SKU022,21.0,128,3.0,123
2025-06-08,SKU022,0.0,162,3.0,123
2025-06-09,SKU022,20.0,0,3.0,123
2025-06-10,SKU022,0.0,52,3.0,123
2025-06-11,SKU022,0.0,114,3.0,123
2025-06-12,SKU022,0.0,0,3.0,123
2025-06-13,SKU022,0.0,104,3.0,123
2025-06-14,SKU022,0.0,183,3.0,123
2025-06-15,SKU022,59.0,0,3.0,123
2025-06-16,SKU022,0.0,107,3.0,123
2025-06-17,SKU022,0.0,56,3.0,123
2025-06-18,SKU022,27.0,0,3.0,123
2025-06-19,SKU022,0.0,115,3.0,123
2025-06-20,SKU022,0.0,107,3.0,123
2025-06-21,SKU022,29.0,0,3.0,123
2025-06-22,SKU022,0.0,184,3.0,123
2025-06-23,SKU022,0.0,55,3.0,123
2025-06-24,SKU022,47.0,0,3.0,123
2025-06-25,SKU022,0.0,48,3.0,123
2025-06-26,SKU022,0.0,92,3.0,123
2025-06-27,SKU022,0.0,0,3.0,123
2025-06-28,SKU022,0.0,82,3.0,123
2025-06-29,SKU022,0.0,88,3.0,123
2025-06-30,SKU022,89.0,0,3.0,123
2025-07-01,SKU022,40.0,175,3.0,123
2025-07-02,SKU022,0.0,108,3.0,123
2025-07-03,SKU022,104.0,0,3.0,123
2025-07-04,SKU022,43.0,91,3.0,123
2025-07-05,SKU022,0.0,70,3.0,123
2025-07-06,SKU022,10.0,0,3.0,123
2025-07-07,SKU022,0.0,89,3.0,123
2025-07-08,SKU022,0.0,149,3.0,123
2025-07-09,SKU022,86.0,0,3.0,123
2025-07-10,SKU022,16.0,60,3.0,123
2025-07-11,SKU022,0.0,148,3.0,123
2025-07-12,SKU022,0.0,0,3.0,123
2025-07-13,SKU022,0.0,49,3.0,123
2025-07-14,SKU022,0.0,53,3.0,123
2025-07-15,SKU022,72.0,0,3.0,123
2025-07-16,SKU022,9.0,71,3.0,123
2025-07-17,SKU022,0.0,170,3.0,123
2025-07-18,SKU022,0.0,0,3.0,123
2025-07-19,SKU022,0.0,179,3.0,123
2025-07-20,SKU022,0.0,24,3.0,123
2025-07-21,SKU022,106.0,0,3.0,123
2025-07-22,SKU022,45.0,45,3.0,123
2025-07-23,SKU022,1.0,27,3.0,123
2025-07-24,SKU022,26.0,0,3.0,123
2025-07-25,SKU022,0.0,79,3.0,123
2025-07-26,SKU022,0.0,146,3.0,123
2025-07-27,SKU022,111.0,0,3.0,123
2025-07-28,SKU022,50.0,87,3.0,123
2025-07-29,SKU022,0.0,65,3.0,123
2025-07-30,SKU022,33.0,0,3.0,123
2025-07-31,SKU022,0.0,169,3.0,123
2025-08-01,SKU022,0.0,32,3.0,123
2025-08-02,SKU022,0.0,96,3.0,123
2025-08-03,SKU022,12.0,0,3.0,123
2025-08-04,SKU022,0.0,83,3.0,123
2025-08-05,SKU022,0.0,67,3.0,123
2025-08-06,SKU022,106.0,0,3.0,123
2025-08-07,SKU022,53.0,65,3.0,123
2025-08-08,SKU022,0.0,173,3.0,123
2025-08-09,SKU022,78.0,0,3.0,123
2025-08-10,SKU022,29.0,72,3.0,123
2025-08-11,SKU022,0.0,34,3.0,123
2025-08-12,SKU022,0.0,0,3.0,123
2025-08-13,SKU022,0.0,110,3.0,123
2025-08-14,SKU022,0.0,161,3.0,123
2025-08-15,SKU022,0.0,0,3.0,123
2025-08-16,SKU022,0.0,90,3.0,123
2025-08-17,SKU022,0.0,176,3.0,123
2025-08-18,SKU022,51.0,0,3.0,123
2025-08-19,SKU022,0.0,52,3.0,123
2025-08-20,SKU022,0.0,54,3.0,123
2025-08-21,SKU022,114.0,0,3.0,123
2025-08-22,SKU022,49.0,103,3.0,123
2025-08-23,SKU022,0.0,154,3.0,123
2025-08-24,SKU022,74.0,0,3.0,123
2025-08-25,SKU022,23.0,58,3.0,123
2025-08-26,SKU022,0.0,65,3.0,123
2025-08-27,SKU022,0.0,0,3.0,123
2025-08-28,SKU022,0.0,40,3.0,123
2025-08-29,SKU022,0.0,125,3.0,123
2025-08-30,SKU022,91.0,0,3.0,123
2025-08-31,SKU022,27.0,137,3.0,123
2025-09-01,SKU022,0.0,174,3.0,123
2025-09-02,SKU022,0.0,174,3.0,123
2025-09-03,SKU022,109.0,0,3.0,123
2025-09-04,SKU022,81.0,151,3.0,123
2025-09-05,SKU022,43.0,103,3.0,123
2025-09-06,SKU022,56.0,0,3.0,123
2025-09-07,SKU022,7.0,36,3.0,123
2025-09-08,SKU022,0.0,179,3.0,123
2025-09-09,SKU022,2.0,0,3.0,123
2025-09-10,SKU022,0.0,49,3.0,123
2025-09-11,SKU022,0.0,37,3.0,123
2025-09-12,SKU022,7.0,0,3.0,123
2025-09-13,SKU022,0.0,165,3.0,123
2025-09-14,SKU022,0.0,181,3.0,123
2025-09-15,SKU022,20.0,0,3.0,123
2025-09-16,SKU022,0.0,163,3.0,123
2025-09-17,SKU022,0.0,121,3.0,123
2025-09-18,SKU022,1.0,0,3.0,123
2025-09-19,SKU022,0.0,72,3.0,123
2025-09-20,SKU022,0.0,90,3.0,123
2025-09-21,SKU022,0.0,0,3.0,123
2025-09-22,SKU022,0.0,131,3.0,123
2025-09-23,SKU022,0.0,29,3.0,123
2025-09-24,SKU022,131.0,0,3.0,123
2025-09-25,SKU022,27.0,149,3.0,123
2025-09-26,SKU022,0.0,80,3.0,123
2025-09-27,SKU022,54.0,0,3.0,123
2025-09-28,SKU022,19.0,92,3.0,123
2025-09-29,SKU022,0.0,182,3.0,123
2025-09-30,SKU022,58.0,0,3.0,123
2025-10-01,SKU022,0.0,181,3.0,123
2025-10-02,SKU022,0.0,153,3.0,123
2025-10-03,SKU022,64.0,0,3.0,123
2025-10-04,SKU022,0.0,141,3.0,123
2025-10-05,SKU022,0.0,136,3.0,123
2025-10-06,SKU022,32.0,0,3.0,123
2025-10-07,SKU022,0.0,40,3.0,123
2025-10-08,SKU022,0.0,107,3.0,123
2025-10-09,SKU022,78.0,0,3.0,123
2025-10-10,SKU022,10.0,44,3.0,123
2025-10-11,SKU022,0.0,102,3.0,123
2025-10-12,SKU022,35.0,0,3.0,123
2025-10-13,SKU022,0.0,99,3.0,123
2025-10-14,SKU022,0.0,57,3.0,123
2025-10-15,SKU022,90.0,0,3.0,123
2025-10-16,SKU022,27.0,131,3.0,123
2025-10-17,SKU022,0.0,95,3.0,123
2025-10-18,SKU022,18.0,0,3.0,123
2025-10-19,SKU022,0.0,70,3.0,123
2025-10-20,SKU022,0.0,56,3.0,123
2025-10-21,SKU022,135.0,0,3.0,123
2025-10-22,SKU022,84.0,62,3.0,123
2025-10-23,SKU022,31.0,94,3.0,123
2025-10-24,SKU022,78.0,0,3.0,123
2025-10-25,SKU022,12.0,135,3.0,123
2025-10-26,SKU022,0.0,148,3.0,123
2025-10-27,SKU022,39.0,0,3.0,123
2025-10-28,SKU022,0.0,109,3.0,123
2025-10-29,SKU022,0.0,173,3.0,123
2025-10-30,SKU022,0.0,0,3.0,123
2025-10-31,SKU022,0.0,97,3.0,123
2025-11-01,SKU022,0.0,55,3.0,123
2025-11-02,SKU022,0.0,31,3.0,123
2025-11-03,SKU022,11.0,0,3.0,123
2025-11-04,SKU022,0.0,65,3.0,123
2025-11-05,SKU022,0.0,117,3.0,123
2025-11-06,SKU022,110.0,0,3.0,123
2025-11-07,SKU022,61.0,180,3.0,123
2025-11-08,SKU022,6.0,183,3.0,123
2025-11-09,SKU022,115.0,0,3.0,123
2025-11-10,SKU022,63.0,109,3.0,123
2025-11-11,SKU022,14.0,94,3.0,123
2025-11-12,SKU022,42.0,0,3.0,123
2025-11-13,SKU022,2.0,184,3.0,123
2025-11-14,SKU022,0.0,121,3.0,123
2025-11-15,SKU022,80.0,0,3.0,123
2025-11-16,SKU022,34.0,34,3.0,123
2025-11-17,SKU022,0.0,185,3.0,123
2025-11-18,SKU022,64.0,0,3.0,123
2025-11-19,SKU022,12.0,124,3.0,123
2025-11-20,SKU022,0.0,158,3.0,123
2025-11-21,SKU022,0.0,0,3.0,123
2025-11-22,SKU022,0.0,25,3.0,123
2025-11-23,SKU022,0.0,182,3.0,123
2025-11-24,SKU022,15.0,0,3.0,123
2025-11-25,SKU022,0.0,41,3.0,123
2025-11-26,SKU022,0.0,179,3.0,123
2025-11-27,SKU022,13.0,0,3.0,123
2025-11-28,SKU022,0.0,165,3.0,123
2025-11-29,SKU022,0.0,178,3.0,123
2025-11-30,SKU022,0.0,0,3.0,123
2025-12-01,SKU022,0.0,35,3.0,123
2025-12-02,SKU022,0.0,30,3.0,123
2025-12-03,SKU022,8.0,0,3.0,123
2025-12-04,SKU022,0.0,53,3.0,123
2025-12-05,SKU022,0.0,173,3.0,123
2025-12-06,SKU022,100.0,0,3.0,123
2025-12-07,SKU022,36.0,97,3.0,123
2025-12-08,SKU022,0.0,82,3.0,123
2025-12-09,SKU022,21.0,0,3.0,123
2025-12-10,SKU022,0.0,162,3.0,123
2025-12-11,SKU022,0.0,47,3.0,123
2025-12-12,SKU022,0.0,0,3.0,123
2025-12-13,SKU022,0.0,70,3.0,123
2025-12-14,SKU022,0.0,120,3.0,123
2025-12-15,SKU022,85.0,0,3.0,123
2025-12-16,SKU022,0.0,188,3.0,123
2025-12-17,SKU022,0.0,30,3.0,123
2025-12-18,SKU022,25.0,0,3.0,123
2025-12-19,SKU022,0.0,75,3.0,123
2025-12-20,SKU022,0.0,30,3.0,123
2025-12-21,SKU022,102.0,0,3.0,123
2025-12-22,SKU022,24.0,94,3.0,123
2025-12-23,SKU022,0.0,125,3.0,123
2025-12-24,SKU022,19.0,0,3.0,123
2025-12-25,SKU022,0.0,84,3.0,123
2025-12-26,SKU022,0.0,46,3.0,123
2025-12-27,SKU022,111.0,0,3.0,123
2025-12-28,SKU022,24.0,43,3.0,123
2025-12-29,SKU022,0.0,120,3.0,123
2025-12-30,SKU022,107.0,0,3.0,123
2025-12-31,SKU022,28.0,71,3.0,123
2026-01-01,SKU022,0.0,103,3.0,123
2026-01-02,SKU022,0.0,147,3.0,123
2026-01-03,SKU022,6.0,0,3.0,123
2026-01-04,SKU022,0.0,61,3.0,123
2026-01-05,SKU022,0.0,42,3.0,123
2026-01-06,SKU022,0.0,0,3.0,123
2026-01-07,SKU022,0.0,70,3.0,123
2026-01-08,SKU022,0.0,136,3.0,123
2026-01-09,SKU022,0.0,0,3.0,123
2026-01-10,SKU022,0.0,151,3.0,123
2026-01-11,SKU022,0.0,94,3.0,123
2026-01-12,SKU022,58.0,0,3.0,123
2026-01-13,SKU022,0.0,75,3.0,123
2026-01-14,SKU022,0.0,133,3.0,123
2026-01-15,SKU022,102.0,0,3.0,123
2026-01-16,SKU022,28.0,37,3.0,123
2026-01-17,SKU022,0.0,171,3.0,123
2026-01-18,SKU022,75.0,0,3.0,123
2026-01-19,SKU022,28.0,131,3.0,123
2026-01-20,SKU022,0.0,111,3.0,123
2026-01-21,SKU022,0.0,0,3.0,123
2026-01-22,SKU022,0.0,97,3.0,123
2026-01-23,SKU022,0.0,53,3.0,123
2026-01-24,SKU022,41.0,0,3.0,123
2026-01-25,SKU022,0.0,173,3.0,123
2026-01-26,SKU022,0.0,102,3.0,123
2026-01-27,SKU022,10.0,0,3.0,123
2026-01-28,SKU022,0.0,107,3.0,123
2026-01-29,SKU022,0.0,79,3.0,123
2026-01-30,SKU022,125.0,0,3.0,123
2026-01-31,SKU022,61.0,94,3.0,123
2026-02-01,SKU022,4.0,156,3.0,123
2026-02-02,SKU022,0.0,103,3.0,123
2026-02-03,SKU022,27.0,0,3.0,123
2026-02-04,SKU022,0.0,134,3.0,123
2026-02-05,SKU022,0.0,26,3.0,123
2026-02-06,SKU022,79.0,0,3.0,123
2026-02-07,SKU022,16.0,172,3.0,123
2026-02-08,SKU022,0.0,114,3.0,123
2026-02-09,SKU022,0.0,0,3.0,123
2026-02-10,SKU022,0.0,52,3.0,123
2026-02-11,SKU022,0.0,143,3.0,123
2026-02-12,SKU022,0.0,0,3.0,123
2026-02-13,SKU022,0.0,108,3.0,123
2026-02-14,SKU022,0.0,167,3.0,123
2026-02-15,SKU022,108.0,0,3.0,123
2026-02-16,SKU022,57.0,26,3.0,123
2026-02-17,SKU022,0.0,140,3.0,123
2026-02-18,SKU022,0.0,0,3.0,123
2026-02-19,SKU022,0.0,77,3.0,123
2026-02-20,SKU022,0.0,86,3.0,123
2026-02-21,SKU022,27.0,0,3.0,123
2026-02-22,SKU022,0.0,132,3.0,123
2026-02-23,SKU022,0.0,188,3.0,123
2026-02-24,SKU022,15.0,0,3.0,123
2026-02-25,SKU022,0.0,135,3.0,123
2026-02-26,SKU022,0.0,53,3.0,123
2026-02-27,SKU022,8.0,0,3.0,123
2026-02-28,SKU022,0.0,159,3.0,123
2026-03-01,SKU022,0.0,35,3.0,123
2026-03-02,SKU022,0.0,27,3.0,123
2026-03-03,SKU022,41.0,0,3.0,123
2026-03-04,SKU022,0.0,96,3.0,123
2026-03-05,SKU022,0.0,92,3.0,123
2026-03-06,SKU022,38.0,0,3.0,123
2026-03-07,SKU022,0.0,146,3.0,123
2026-03-08,SKU022,0.0,130,3.0,123
2026-03-09,SKU022,87.0,0,3.0,123
2026-03-10,SKU022,43.0,110,3.0,123
2026-03-11,SKU022,0.0,97,3.0,123
2026-03-12,SKU022,0.0,0,3.0,123
2026-03-13,SKU022,0.0,187,3.0,123
2026-03-14,SKU022,0.0,133,3.0,123
2026-03-15,SKU022,0.0,0,3.0,123
2026-03-16,SKU022,0.0,138,3.0,123
2026-03-17,SKU022,0.0,113,3.0,123
2026-03-18,SKU022,8.0,0,3.0,123
2026-03-19,SKU022,0.0,126,3.0,123
2026-03-20,SKU022,0.0,60,3.0,123
2026-03-21,SKU022,91.0,0,3.0,123
2026-03-22,SKU022,21.0,96,3.0,123
2026-03-23,SKU022,0.0,118,3.0,123
2026-03-24,SKU022,0.0,0,3.0,123
2026-03-25,SKU022,0.0,170,3.0,123
2026-03-26,SKU022,0.0,137,3.0,123
2026-03-27,SKU022,0.0,0,3.0,123
2026-03-28,SKU022,0.0,94,3.0,123
2026-03-29,SKU022,0.0,67,3.0,123
2026-03-30,SKU022,48.0,0,3.0,123
2026-03-31,SKU022,0.0,93,3.0,123
2026-04-01,SKU022,0.0,153,3.0,123
2026-04-02,SKU022,0.0,118,3.0,123
2026-04-03,SKU022,32.0,0,3.0,123
2026-04-04,SKU022,0.0,52,3.0,123
2026-04-05,SKU022,0.0,181,3.0,123
2026-04-06,SKU022,1.0,0,3.0,123
2026-04-07,SKU022,0.0,34,3.0,123
2026-04-08,SKU022,0.0,73,3.0,123
2026-04-09,SKU022,0.0,0,3.0,123
2026-04-10,SKU022,0.0,84,3.0,123
2026-04-11,SKU022,0.0,159,3.0,123
2026-04-12,SKU022,24.0,0,3.0,123
2026-04-13,SKU022,0.0,100,3.0,123
2026-04-14,SKU022,0.0,156,3.0,123
2026-04-15,SKU022,41.0,0,3.0,123
2026-04-16,SKU022,0.0,144,3.0,123
2026-04-17,SKU022,0.0,104,3.0,123
2026-04-18,SKU022,19.0,0,3.0,123
2026-04-19,SKU022,0.0,107,3.0,123
2026-04-20,SKU022,0.0,186,3.0,123
2026-04-21,SKU022,0.0,0,3.0,123
2026-04-22,SKU022,0.0,171,3.0,123
2026-04-23,SKU022,0.0,127,3.0,123
2026-04-24,SKU022,119.0,0,3.0,123
2026-04-25,SKU022,66.0,65,3.0,123
2026-04-26,SKU022,13.0,87,3.0,123
2026-04-27,SKU022,6.0,0,3.0,123
2026-04-28,SKU022,0.0,32,3.0,123
2026-04-29,SKU022,0.0,101,3.0,123
2026-04-30,SKU022,0.0,0,3.0,123
2026-05-01,SKU022,0.0,124,3.0,123
2026-05-02,SKU022,0.0,117,3.0,123
2026-05-03,SKU022,113.0,0,3.0,123
2026-05-04,SKU022,52.0,175,3.0,123
2026-05-05,SKU022,0.0,72,3.0,123
2026-05-06,SKU022,120.0,0,3.0,123
2026-05-07,SKU022,48.0,32,3.0,123
2026-05-08,SKU022,0.0,145,3.0,123
2026-05-09,SKU022,59.0,0,3.0,123
2026-05-10,SKU022,8.0,82,3.0,123
2026-05-11,SKU022,0.0,160,3.0,123
2026-05-12,SKU022,37.0,0,3.0,123
2026-05-13,SKU022,0.0,112,3.0,123
2026-05-14,SKU022,0.0,137,3.0,123
2026-05-15,SKU022,0.0,0,3.0,123
2026-05-16,SKU022,0.0,43,3.0,123
2026-05-17,SKU022,0.0,139,3.0,123
2026-05-18,SKU022,0.0,0,3.0,123
2026-05-19,SKU022,0.0,59,3.0,123
2026-05-20,SKU022,0.0,57,3.0,123
2026-05-21,SKU022,92.0,0,3.0,123
2026-05-22,SKU022,44.0,76,3.0,123
2026-05-23,SKU022,0.0,147,3.0,123
2026-05-24,SKU022,73.0,0,3.0,123
2026-05-25,SKU022,30.0,108,3.0,123
2026-05-26,SKU022,0.0,174,3.0,123
2026-05-27,SKU022,64.0,0,3.0,123
2026-05-28,SKU022,0.0,63,3.0,123
2026-05-29,SKU022,0.0,187,3.0,123
2026-05-30,SKU022,25.0,0,3.0,123
2026-05-31,SKU022,0.0,102,3.0,123
2026-06-01,SKU022,0.0,86,3.0,123
2026-06-02,SKU022,0.0,146,3.0,123
2026-06-03,SKU022,14.0,0,3.0,123
2026-06-04,SKU022,0.0,82,3.0,123
2026-06-05,SKU022,0.0,131,3.0,123
2026-06-06,SKU022,41.0,0,3.0,123
2026-06-07,SKU022,0.0,26,3.0,123
2026-06-08,SKU022,0.0,131,3.0,123
2026-06-09,SKU022,0.0,0,3.0,123
2026-06-10,SKU022,0.0,183,3.0,123
2026-06-11,SKU022,0.0,147,3.0,123
2026-06-12,SKU022,0.0,0,3.0,123
2026-06-13,SKU022,0.0,33,3.0,123
2026-06-14,SKU022,0.0,78,3.0,123
2026-06-15,SKU022,62.0,0,3.0,123
2026-06-16,SKU022,0.0,173,3.0,123
2026-06-17,SKU022,0.0,148,3.0,123
2026-06-18,SKU022,48.0,0,3.0,123
2026-06-19,SKU022,0.0,45,3.0,123
2026-06-20,SKU022,0.0,61,3.0,123
2026-06-21,SKU022,92.0,0,3.0,123
2026-06-22,SKU022,41.0,86,3.0,123
2026-06-23,SKU022,0.0,166,3.0,123
2026-06-24,SKU022,0.0,0,3.0,123
2026-06-25,SKU022,0.0,126,3.0,123
2026-06-26,SKU022,0.0,108,3.0,123
2026-06-27,SKU022,77.0,0,3.0,123
2026-06-28,SKU022,23.0,51,3.0,123
2026-06-29,SKU022,0.0,56,3.0,123
2026-06-30,SKU022,61.0,0,3.0,123
2025-01-01,SKU023,159.0,301,10.0,821
2025-01-02,SKU023,80.0,283,10.0,821
2025-01-03,SKU023,0.0,77,10.0,821
2025-01-04,SKU023,0.0,284,10.0,821
2025-01-05,SKU023,0.0,303,10.0,821
2025-01-06,SKU023,0.0,111,10.0,821
2025-01-07,SKU023,0.0,289,10.0,821
2025-01-08,SKU023,0.0,202,10.0,821
2025-01-09,SKU023,0.0,271,10.0,821
2025-01-10,SKU023,41.0,0,10.0,821
2025-01-11,SKU023,0.0,126,10.0,821
2025-01-12,SKU023,0.0,239,10.0,821
2025-01-13,SKU023,0.0,241,10.0,821
2025-01-14,SKU023,0.0,248,10.0,821
2025-01-15,SKU023,0.0,259,10.0,821
2025-01-16,SKU023,0.0,226,10.0,821
2025-01-17,SKU023,0.0,165,10.0,821
2025-01-18,SKU023,0.0,136,10.0,821
2025-01-19,SKU023,0.0,302,10.0,821
2025-01-20,SKU023,190.0,0,10.0,821
2025-01-21,SKU023,111.0,280,10.0,821
2025-01-22,SKU023,34.0,67,10.0,821
2025-01-23,SKU023,0.0,157,10.0,821
2025-01-24,SKU023,0.0,142,10.0,821
2025-01-25,SKU023,0.0,292,10.0,821
2025-01-26,SKU023,0.0,136,10.0,821
2025-01-27,SKU023,0.0,310,10.0,821
2025-01-28,SKU023,0.0,273,10.0,821
2025-01-29,SKU023,0.0,290,10.0,821
2025-01-30,SKU023,0.0,0,10.0,821
2025-01-31,SKU023,0.0,321,10.0,821
2025-02-01,SKU023,0.0,147,10.0,821
2025-02-02,SKU023,0.0,64,10.0,821
2025-02-03,SKU023,0.0,219,10.0,821
2025-02-04,SKU023,0.0,289,10.0,821
2025-02-05,SKU023,0.0,249,10.0,821
2025-02-06,SKU023,0.0,243,10.0,821
2025-02-07,SKU023,0.0,311,10.0,821
2025-02-08,SKU023,0.0,318,10.0,821
2025-02-09,SKU023,0.0,277,10.0,821
2025-02-10,SKU023,164.0,0,10.0,821
2025-02-11,SKU023,72.0,141,10.0,821
2025-02-12,SKU023,0.0,173,10.0,821
2025-02-13,SKU023,0.0,193,10.0,821
2025-02-14,SKU023,0.0,178,10.0,821
2025-02-15,SKU023,0.0,272,10.0,821
2025-02-16,SKU023,0.0,326,10.0,821
2025-02-17,SKU023,0.0,100,10.0,821
2025-02-18,SKU023,0.0,267,10.0,821
2025-02-19,SKU023,0.0,216,10.0,821
2025-02-20,SKU023,157.0,0,10.0,821
2025-02-21,SKU023,60.0,184,10.0,821
2025-02-22,SKU023,0.0,240,10.0,821
2025-02-23,SKU023,0.0,220,10.0,821
2025-02-24,SKU023,0.0,229,10.0,821
2025-02-25,SKU023,0.0,313,10.0,821
2025-02-26,SKU023,0.0,54,10.0,821
2025-02-27,SKU023,0.0,125,10.0,821
2025-02-28,SKU023,0.0,225,10.0,821
2025-03-01,SKU023,0.0,150,10.0,821
2025-03-02,SKU023,0.0,170,10.0,821
2025-03-03,SKU023,0.0,163,10.0,821
2025-03-04,SKU023,0.0,264,10.0,821
2025-03-05,SKU023,0.0,57,10.0,821
2025-03-06,SKU023,0.0,170,10.0,821
2025-03-07,SKU023,0.0,232,10.0,821
2025-03-08,SKU023,0.0,158,10.0,821
2025-03-09,SKU023,0.0,59,10.0,821
2025-03-10,SKU023,223.0,0,10.0,821
2025-03-11,SKU023,143.0,149,10.0,821
2025-03-12,SKU023,47.0,310,10.0,821
2025-03-13,SKU023,0.0,305,10.0,821
2025-03-14,SKU023,0.0,80,10.0,821
2025-03-15,SKU023,0.0,224,10.0,821
2025-03-16,SKU023,0.0,123,10.0,821
2025-03-17,SKU023,0.0,100,10.0,821
2025-03-18,SKU023,0.0,202,10.0,821
2025-03-19,SKU023,0.0,194,10.0,821
2025-03-20,SKU023,140.0,0,10.0,821
2025-03-21,SKU023,15.0,235,10.0,821
2025-03-22,SKU023,0.0,251,10.0,821
2025-03-23,SKU023,0.0,268,10.0,821
2025-03-24,SKU023,0.0,60,10.0,821
2025-03-25,SKU023,0.0,145,10.0,821
2025-03-26,SKU023,0.0,216,10.0,821
2025-03-27,SKU023,0.0,263,10.0,821
2025-03-28,SKU023,0.0,272,10.0,821
2025-03-29,SKU023,0.0,291,10.0,821
2025-03-30,SKU023,147.0,0,10.0,821
2025-03-31,SKU023,52.0,81,10.0,821
2025-04-01,SKU023,0.0,120,10.0,821
2025-04-02,SKU023,0.0,215,10.0,821
2025-04-03,SKU023,0.0,222,10.0,821
2025-04-04,SKU023,0.0,42,10.0,821
2025-04-05,SKU023,0.0,183,10.0,821
2025-04-06,SKU023,0.0,321,10.0,821
2025-04-07,SKU023,0.0,57,10.0,821
2025-04-08,SKU023,0.0,146,10.0,821
2025-04-09,SKU023,0.0,209,10.0,821
2025-04-10,SKU023,205.0,0,10.0,821
2025-04-11,SKU023,122.0,62,10.0,821
2025-04-12,SKU023,46.0,281,10.0,821
2025-04-13,SKU023,0.0,129,10.0,821
2025-04-14,SKU023,0.0,126,10.0,821
2025-04-15,SKU023,0.0,119,10.0,821
2025-04-16,SKU023,0.0,295,10.0,821
2025-04-17,SKU023,0.0,88,10.0,821
2025-04-18,SKU023,0.0,61,10.0,821
2025-04-19,SKU023,0.0,269,10.0,821
2025-04-20,SKU023,210.0,0,10.0,821
2025-04-21,SKU023,130.0,114,10.0,821
2025-04-22,SKU023,36.0,320,10.0,821
2025-04-23,SKU023,0.0,308,10.0,821
2025-04-24,SKU023,0.0,75,10.0,821
2025-04-25,SKU023,0.0,85,10.0,821
2025-04-26,SKU023,0.0,149,10.0,821
2025-04-27,SKU023,0.0,233,10.0,821
2025-04-28,SKU023,0.0,43,10.0,821
2025-04-29,SKU023,0.0,216,10.0,821
2025-04-30,SKU023,208.0,0,10.0,821
2025-05-01,SKU023,133.0,178,10.0,821
2025-05-02,SKU023,17.0,64,10.0,821
2025-05-03,SKU023,0.0,95,10.0,821
2025-05-04,SKU023,0.0,217,10.0,821
2025-05-05,SKU023,0.0,218,10.0,821
2025-05-06,SKU023,0.0,82,10.0,821
2025-05-07,SKU023,0.0,220,10.0,821
2025-05-08,SKU023,0.0,129,10.0,821
2025-05-09,SKU023,0.0,70,10.0,821
2025-05-10,SKU023,83.0,0,10.0,821
2025-05-11,SKU023,7.0,237,10.0,821
2025-05-12,SKU023,0.0,116,10.0,821
2025-05-13,SKU023,0.0,263,10.0,821
2025-05-14,SKU023,0.0,59,10.0,821
2025-05-15,SKU023,0.0,118,10.0,821
2025-05-16,SKU023,0.0,168,10.0,821
2025-05-17,SKU023,0.0,179,10.0,821
2025-05-18,SKU023,0.0,218,10.0,821
2025-05-19,SKU023,0.0,130,10.0,821
2025-05-20,SKU023,3.0,0,10.0,821
2025-05-21,SKU023,0.0,318,10.0,821
2025-05-22,SKU023,0.0,74,10.0,821
2025-05-23,SKU023,0.0,42,10.0,821
2025-05-24,SKU023,0.0,196,10.0,821
2025-05-25,SKU023,0.0,84,10.0,821
2025-05-26,SKU023,0.0,230,10.0,821
2025-05-27,SKU023,0.0,229,10.0,821
2025-05-28,SKU023,0.0,185,10.0,821
2025-05-29,SKU023,0.0,137,10.0,821
2025-05-30,SKU023,137.0,0,10.0,821
2025-05-31,SKU023,17.0,210,10.0,821
2025-06-01,SKU023,0.0,120,10.0,821
2025-06-02,SKU023,0.0,73,10.0,821
2025-06-03,SKU023,0.0,78,10.0,821
2025-06-04,SKU023,0.0,205,,821
2025-06-05,SKU023,0.0,171,10.0,821
2025-06-06,SKU023,0.0,235,10.0,821
2025-06-07,SKU023,0.0,53,10.0,821
2025-06-08,SKU023,0.0,319,10.0,821
2025-06-09,SKU023,0.0,200,10.0,821
2025-06-10,SKU023,0.0,0,10.0,821
2025-06-11,SKU023,0.0,99,10.0,821
2025-06-12,SKU023,0.0,292,10.0,821
2025-06-13,SKU023,0.0,64,10.0,821
2025-06-14,SKU023,0.0,71,10.0,821
2025-06-15,SKU023,0.0,265,10.0,821
2025-06-16,SKU023,0.0,312,10.0,821
2025-06-17,SKU023,0.0,167,10.0,821
2025-06-18,SKU023,0.0,68,10.0,821
2025-06-19,SKU023,0.0,238,10.0,821
2025-06-20,SKU023,0.0,0,10.0,821
2025-06-21,SKU023,0.0,313,10.0,821
2025-06-22,SKU023,0.0,299,10.0,821
2025-06-23,SKU023,0.0,293,10.0,821
2025-06-24,SKU023,0.0,41,10.0,821
2025-06-25,SKU023,0.0,310,10.0,821
2025-06-26,SKU023,0.0,237,10.0,821
2025-06-27,SKU023,0.0,54,10.0,821
2025-06-28,SKU023,0.0,247,10.0,821
2025-06-29,SKU023,0.0,305,10.0,821
2025-06-30,SKU023,63.0,0,10.0,821
2025-07-01,SKU023,0.0,235,10.0,821
2025-07-02,SKU023,0.0,136,10.0,821
2025-07-03,SKU023,0.0,229,10.0,821
2025-07-04,SKU023,0.0,192,10.0,821
2025-07-05,SKU023,0.0,78,10.0,821
2025-07-06,SKU023,0.0,43,10.0,821
2025-07-07,SKU023,0.0,260,10.0,821
2025-07-08,SKU023,0.0,104,10.0,821
2025-07-09,SKU023,0.0,158,10.0,821
2025-07-10,SKU023,188.0,0,10.0,821
2025-07-11,SKU023,60.0,283,10.0,821
2025-07-12,SKU023,0.0,223,10.0,821
2025-07-13,SKU023,0.0,120,10.0,821
2025-07-14,SKU023,0.0,76,10.0,821
2025-07-15,SKU023,0.0,92,10.0,821
2025-07-16,SKU023,0.0,313,10.0,821
2025-07-17,SKU023,0.0,222,10.0,821
2025-07-18,SKU023,0.0,159,10.0,821
2025-07-19,SKU023,0.0,312,10.0,821
2025-07-20,SKU023,89.0,0,10.0,821
2025-07-21,SKU023,0.0,156,10.0,821
2025-07-22,SKU023,0.0,77,10.0,821
2025-07-23,SKU023,0.0,65,10.0,821
2025-07-24,SKU023,0.0,233,10.0,821
2025-07-25,SKU023,0.0,56,10.0,821
2025-07-26,SKU023,0.0,64,10.0,821
2025-07-27,SKU023,0.0,317,10.0,821
2025-07-28,SKU023,0.0,211,10.0,821
2025-07-29,SKU023,0.0,297,10.0,821
2025-07-30,SKU023,0.0,0,10.0,821
2025-07-31,SKU023,0.0,313,10.0,821
2025-08-01,SKU023,0.0,243,10.0,821
2025-08-02,SKU023,0.0,131,10.0,821
2025-08-03,SKU023,0.0,300,10.0,821
2025-08-04,SKU023,0.0,71,10.0,821
2025-08-05,SKU023,0.0,297,10.0,821
2025-08-06,SKU023,0.0,230,10.0,821
2025-08-07,SKU023,0.0,186,10.0,821
2025-08-08,SKU023,0.0,293,10.0,821
2025-08-09,SKU023,0.0,44,10.0,821
2025-08-10,SKU023,121.0,0,10.0,821
2025-08-11,SKU023,51.0,186,10.0,821
2025-08-12,SKU023,0.0,85,10.0,821
2025-08-13,SKU023,0.0,115,10.0,821
2025-08-14,SKU023,0.0,93,10.0,821
2025-08-15,SKU023,0.0,111,10.0,821
2025-08-16,SKU023,0.0,243,10.0,821
2025-08-17,SKU023,0.0,318,10.0,821
2025-08-18,SKU023,0.0,227,10.0,821
2025-08-19,SKU023,0.0,199,10.0,821
2025-08-20,SKU023,109.0,0,10.0,821
2025-08-21,SKU023,11.0,81,10.0,821
2025-08-22,SKU023,0.0,256,10.0,821
2025-08-23,SKU023,0.0,302,10.0,821
2025-08-24,SKU023,0.0,148,10.0,821
2025-08-25,SKU023,0.0,74,10.0,821
2025-08-26,SKU023,0.0,241,10.0,821
2025-08-27,SKU023,0.0,255,10.0,821
2025-08-28,SKU023,0.0,81,10.0,821
2025-08-29,SKU023,0.0,110,10.0,821
2025-08-30,SKU023,27.0,0,10.0,821
2025-08-31,SKU023,0.0,133,10.0,821
2025-09-01,SKU023,0.0,120,10.0,821
2025-09-02,SKU023,0.0,209,10.0,821
2025-09-03,SKU023,0.0,285,10.0,821
2025-09-04,SKU023,0.0,209,10.0,821
2025-09-05,SKU023,0.0,87,10.0,821
2025-09-06,SKU023,0.0,81,10.0,821
2025-09-07,SKU023,0.0,318,10.0,821
2025-09-08,SKU023,0.0,43,10.0,821
2025-09-09,SKU023,0.0,309,10.0,821
2025-09-10,SKU023,85.0,0,10.0,821
2025-09-11,SKU023,13.0,42,10.0,821
2025-09-12,SKU023,0.0,111,10.0,821
2025-09-13,SKU023,0.0,217,10.0,821
2025-09-14,SKU023,0.0,100,10.0,821
2025-09-15,SKU023,0.0,306,10.0,821
2025-09-16,SKU023,0.0,49,10.0,821
2025-09-17,SKU023,0.0,138,10.0,821
2025-09-18,SKU023,0.0,140,10.0,821
2025-09-19,SKU023,0.0,242,10.0,821
2025-09-20,SKU023,242.0,0,10.0,821
2025-09-21,SKU023,167.0,313,10.0,821
2025-09-22,SKU023,93.0,161,10.0,821
2025-09-23,SKU023,1.0,223,10.0,821
2025-09-24,SKU023,0.0,304,10.0,821
2025-09-25,SKU023,0.0,256,10.0,821
2025-09-26,SKU023,0.0,84,10.0,821
2025-09-27,SKU023,0.0,304,10.0,821
2025-09-28,SKU023,0.0,169,10.0,821
2025-09-29,SKU023,0.0,162,10.0,821
2025-09-30,SKU023,0.0,0,10.0,821
2025-10-01,SKU023,0.0,287,10.0,821
2025-10-02,SKU023,0.0,303,10.0,821
2025-10-03,SKU023,0.0,297,10.0,821
2025-10-04,SKU023,0.0,96,10.0,821
2025-10-05,SKU023,0.0,72,10.0,821
2025-10-06,SKU023,0.0,104,10.0,821
2025-10-07,SKU023,0.0,113,10.0,821
2025-10-08,SKU023,0.0,137,10.0,821
2025-10-09,SKU023,0.0,187,10.0,821
2025-10-10,SKU023,182.0,0,10.0,821
2025-10-11,SKU023,66.0,146,10.0,821
2025-10-12,SKU023,0.0,105,10.0,821
2025-10-13,SKU023,0.0,100,10.0,821
2025-10-14,SKU023,0.0,211,10.0,821
2025-10-15,SKU023,0.0,238,10.0,821
2025-10-16,SKU023,0.0,173,10.0,821
2025-10-17,SKU023,0.0,274,10.0,821
2025-10-18,SKU023,0.0,45,10.0,821
2025-10-19,SKU023,0.0,216,10.0,821
2025-10-20,SKU023,161.0,0,10.0,821
2025-10-21,SKU023,63.0,299,10.0,821
2025-10-22,SKU023,0.0,99,10.0,821
2025-10-23,SKU023,0.0,148,10.0,821
2025-10-24,SKU023,0.0,182,10.0,821
2025-10-25,SKU023,0.0,191,10.0,821
2025-10-26,SKU023,0.0,122,10.0,821
2025-10-27,SKU023,0.0,187,10.0,821
2025-10-28,SKU023,0.0,87,10.0,821
2025-10-29,SKU023,0.0,147,10.0,821
2025-10-30,SKU023,207.0,0,10.0,821
2025-10-31,SKU023,101.0,94,10.0,821
2025-11-01,SKU023,0.0,80,10.0,821
2025-11-02,SKU023,0.0,49,10.0,821
2025-11-03,SKU023,0.0,251,10.0,821
2025-11-04,SKU023,0.0,218,10.0,821
2025-11-05,SKU023,0.0,98,10.0,821
2025-11-06,SKU023,0.0,156,10.0,821
2025-11-07,SKU023,0.0,96,10.0,821
2025-11-08,SKU023,0.0,241,10.0,821
2025-11-09,SKU023,0.0,80,10.0,821
2025-11-10,SKU023,179.0,0,10.0,821
2025-11-11,SKU023,91.0,138,10.0,821
2025-11-12,SKU023,0.0,177,10.0,821
2025-11-13,SKU023,0.0,272,10.0,821
2025-11-14,SKU023,0.0,193,10.0,821
2025-11-15,SKU023,0.0,151,10.0,821
2025-11-16,SKU023,0.0,150,10.0,821
2025-11-17,SKU023,0.0,191,10.0,821
2025-11-18,SKU023,0.0,88,10.0,821
2025-11-19,SKU023,0.0,120,10.0,821
2025-11-20,SKU023,55.0,0,10.0,821
2025-11-21,SKU023,0.0,99,10.0,821
2025-11-22,SKU023,0.0,217,10.0,821
2025-11-23,SKU023,0.0,114,10.0,821
2025-11-24,SKU023,0.0,223,10.0,821
2025-11-25,SKU023,0.0,76,10.0,821
2025-11-26,SKU023,0.0,185,10.0,821
2025-11-27,SKU023,0.0,256,10.0,821
2025-11-28,SKU023,0.0,131,10.0,821
2025-11-29,SKU023,0.0,260,10.0,821
2025-11-30,SKU023,5.0,0,10.0,821
2025-12-01,SKU023,0.0,262,10.0,821
2025-12-02,SKU023,0.0,289,10.0,821
2025-12-03,SKU023,0.0,54,10.0,821
2025-12-04,SKU023,0.0,116,10.0,821
2025-12-05,SKU023,0.0,318,10.0,821
2025-12-06,SKU023,0.0,67,10.0,821
2025-12-07,SKU023,0.0,78,10.0,821
2025-12-08,SKU023,0.0,45,10.0,821
2025-12-09,SKU023,0.0,117,10.0,821
2025-12-10,SKU023,84.0,0,10.0,821
2025-12-11,SKU023,0.0,114,10.0,821
2025-12-12,SKU023,0.0,319,10.0,821
2025-12-13,SKU023,0.0,173,10.0,821
2025-12-14,SKU023,0.0,216,10.0,821
2025-12-15,SKU023,0.0,106,10.0,821
2025-12-16,SKU023,0.0,222,10.0,821
2025-12-17,SKU023,0.0,119,10.0,821
2025-12-18,SKU023,0.0,310,10.0,821
2025-12-19,SKU023,0.0,276,10.0,821
2025-12-20,SKU023,0.0,0,10.0,821
2025-12-21,SKU023,0.0,159,10.0,821
2025-12-22,SKU023,0.0,160,10.0,821
2025-12-23,SKU023,0.0,197,10.0,821
2025-12-24,SKU023,0.0,271,10.0,821
2025-12-25,SKU023,0.0,290,10.0,821
2025-12-26,SKU023,0.0,207,10.0,821
2025-12-27,SKU023,0.0,241,10.0,821
2025-12-28,SKU023,0.0,122,10.0,821
2025-12-29,SKU023,0.0,65,10.0,821
2025-12-30,SKU023,0.0,0,10.0,821
2025-12-31,SKU023,0.0,47,10.0,821
2026-01-01,SKU023,0.0,250,10.0,821
2026-01-02,SKU023,0.0,100,10.0,821
2026-01-03,SKU023,0.0,244,10.0,821
2026-01-04,SKU023,0.0,67,10.0,821
2026-01-05,SKU023,0.0,274,10.0,821
2026-01-06,SKU023,0.0,220,10.0,821
2026-01-07,SKU023,0.0,149,10.0,821
2026-01-08,SKU023,0.0,277,10.0,821
2026-01-09,SKU023,0.0,240,10.0,821
2026-01-10,SKU023,177.0,0,10.0,821
2026-01-11,SKU023,73.0,244,10.0,821
2026-01-12,SKU023,0.0,55,10.0,821
2026-01-13,SKU023,0.0,204,10.0,821
2026-01-14,SKU023,0.0,196,10.0,821
2026-01-15,SKU023,0.0,276,10.0,821
2026-01-16,SKU023,0.0,92,10.0,821
2026-01-17,SKU023,0.0,105,10.0,821
2026-01-18,SKU023,0.0,68,10.0,821
2026-01-19,SKU023,0.0,170,,821
2026-01-20,SKU023,0.0,0,10.0,821
2026-01-21,SKU023,0.0,218,10.0,821
2026-01-22,SKU023,0.0,84,10.0,821
2026-01-23,SKU023,0.0,84,10.0,821
2026-01-24,SKU023,0.0,69,10.0,821
2026-01-25,SKU023,0.0,172,10.0,821
2026-01-26,SKU023,0.0,102,10.0,821
2026-01-27,SKU023,0.0,51,10.0,821
2026-01-28,SKU023,0.0,104,10.0,821
2026-01-29,SKU023,0.0,249,10.0,821
2026-01-30,SKU023,0.0,0,10.0,821
2026-01-31,SKU023,0.0,113,10.0,821
2026-02-01,SKU023,0.0,106,10.0,821
2026-02-02,SKU023,0.0,115,10.0,821
2026-02-03,SKU023,0.0,104,10.0,821
2026-02-04,SKU023,0.0,142,10.0,821
2026-02-05,SKU023,0.0,261,10.0,821
2026-02-06,SKU023,0.0,224,10.0,821
2026-02-07,SKU023,0.0,135,10.0,821
2026-02-08,SKU023,0.0,246,10.0,821
2026-02-09,SKU023,0.0,136,10.0,821
2026-02-10,SKU023,52.0,0,10.0,821
2026-02-11,SKU023,0.0,213,10.0,821
2026-02-12,SKU023,0.0,200,10.0,821
2026-02-13,SKU023,0.0,149,10.0,821
2026-02-14,SKU023,0.0,116,10.0,821
2026-02-15,SKU023,0.0,229,10.0,821
2026-02-16,SKU023,0.0,154,10.0,821
2026-02-17,SKU023,0.0,207,10.0,821
2026-02-18,SKU023,0.0,159,10.0,821
2026-02-19,SKU023,0.0,268,10.0,821
2026-02-20,SKU023,174.0,0,10.0,821
2026-02-21,SKU023,62.0,311,10.0,821
2026-02-22,SKU023,0.0,51,10.0,821
2026-02-23,SKU023,0.0,176,10.0,821
2026-02-24,SKU023,0.0,145,10.0,821
2026-02-25,SKU023,0.0,66,10.0,821
2026-02-26,SKU023,0.0,281,10.0,821
2026-02-27,SKU023,0.0,232,10.0,821
2026-02-28,SKU023,0.0,204,10.0,821
2026-03-01,SKU023,0.0,305,10.0,821
2026-03-02,SKU023,0.0,225,10.0,821
2026-03-03,SKU023,0.0,305,10.0,821
2026-03-04,SKU023,0.0,233,10.0,821
2026-03-05,SKU023,0.0,63,10.0,821
2026-03-06,SKU023,0.0,46,10.0,821
2026-03-07,SKU023,0.0,292,10.0,821
2026-03-08,SKU023,0.0,194,10.0,821
2026-03-09,SKU023,0.0,136,10.0,821
2026-03-10,SKU023,112.0,0,10.0,821
2026-03-11,SKU023,16.0,166,10.0,821
2026-03-12,SKU023,0.0,125,10.0,821
2026-03-13,SKU023,0.0,141,10.0,821
2026-03-14,SKU023,0.0,220,10.0,821
2026-03-15,SKU023,0.0,224,10.0,821
2026-03-16,SKU023,0.0,308,10.0,821
2026-03-17,SKU023,0.0,269,10.0,821
2026-03-18,SKU023,0.0,255,10.0,821
2026-03-19,SKU023,0.0,268,10.0,821
2026-03-20,SKU023,0.0,0,10.0,821
2026-03-21,SKU023,0.0,322,10.0,821
2026-03-22,SKU023,0.0,315,10.0,821
2026-03-23,SKU023,0.0,107,10.0,821
2026-03-24,SKU023,0.0,282,10.0,821
2026-03-25,SKU023,0.0,149,10.0,821
2026-03-26,SKU023,0.0,246,10.0,821
2026-03-27,SKU023,0.0,116,10.0,821
2026-03-28,SKU023,0.0,311,10.0,821
2026-03-29,SKU023,0.0,298,10.0,821
2026-03-30,SKU023,165.0,0,10.0,821
2026-03-31,SKU023,65.0,57,10.0,821
2026-04-01,SKU023,0.0,60,10.0,821
2026-04-02,SKU023,0.0,192,10.0,821
2026-04-03,SKU023,0.0,293,10.0,821
2026-04-04,SKU023,0.0,104,10.0,821
2026-04-05,SKU023,0.0,78,10.0,821
2026-04-06,SKU023,0.0,172,10.0,821
2026-04-07,SKU023,0.0,309,10.0,821
2026-04-08,SKU023,0.0,312,10.0,821
2026-04-09,SKU023,0.0,308,10.0,821
2026-04-10,SKU023,50.0,0,10.0,821
2026-04-11,SKU023,0.0,310,10.0,821
2026-04-12,SKU023,0.0,322,10.0,821
2026-04-13,SKU023,0.0,302,10.0,821
2026-04-14,SKU023,0.0,166,10.0,821
2026-04-15,SKU023,0.0,112,10.0,821
2026-04-16,SKU023,0.0,256,10.0,821
2026-04-17,SKU023,0.0,116,10.0,821
2026-04-18,SKU023,0.0,142,10.0,821
2026-04-19,SKU023,0.0,195,10.0,821
2026-04-20,SKU023,220.0,0,10.0,821
2026-04-21,SKU023,107.0,178,10.0,821
2026-04-22,SKU023,39.0,63,10.0,821
2026-04-23,SKU023,0.0,207,10.0,821
2026-04-24,SKU023,0.0,63,10.0,821
2026-04-25,SKU023,0.0,109,10.0,821
2026-04-26,SKU023,0.0,72,10.0,821
2026-04-27,SKU023,0.0,207,10.0,821
2026-04-28,SKU023,0.0,111,10.0,821
2026-04-29,SKU023,0.0,217,10.0,821
2026-04-30,SKU023,119.0,0,10.0,821
2026-05-01,SKU023,14.0,177,10.0,821
2026-05-02,SKU023,0.0,41,10.0,821
2026-05-03,SKU023,0.0,49,10.0,821
2026-05-04,SKU023,0.0,179,10.0,821
2026-05-05,SKU023,0.0,101,10.0,821
2026-05-06,SKU023,0.0,179,10.0,821
2026-05-07,SKU023,0.0,206,10.0,821
2026-05-08,SKU023,0.0,174,10.0,821
2026-05-09,SKU023,0.0,195,10.0,821
2026-05-10,SKU023,220.0,0,10.0,821
2026-05-11,SKU023,136.0,222,10.0,821
2026-05-12,SKU023,29.0,97,10.0,821
2026-05-13,SKU023,0.0,87,10.0,821
2026-05-14,SKU023,0.0,314,10.0,821
2026-05-15,SKU023,0.0,322,10.0,821
2026-05-16,SKU023,0.0,172,10.0,821
2026-05-17,SKU023,0.0,288,10.0,821
2026-05-18,SKU023,0.0,223,10.0,821
2026-05-19,SKU023,0.0,53,10.0,821
2026-05-20,SKU023,168.0,0,10.0,821
2026-05-21,SKU023,72.0,147,10.0,821
2026-05-22,SKU023,0.0,206,10.0,821
2026-05-23,SKU023,0.0,296,10.0,821
2026-05-24,SKU023,0.0,192,10.0,821
2026-05-25,SKU023,0.0,209,10.0,821
2026-05-26,SKU023,0.0,272,10.0,821
2026-05-27,SKU023,0.0,272,10.0,821
2026-05-28,SKU023,0.0,221,10.0,821
2026-05-29,SKU023,0.0,51,10.0,821
2026-05-30,SKU023,183.0,0,10.0,821
2026-05-31,SKU023,73.0,220,10.0,821
2026-06-01,SKU023,0.0,197,10.0,821
2026-06-02,SKU023,0.0,284,10.0,821
2026-06-03,SKU023,0.0,149,10.0,821
2026-06-04,SKU023,0.0,69,10.0,821
2026-06-05,SKU023,0.0,114,10.0,821
2026-06-06,SKU023,0.0,302,10.0,821
2026-06-07,SKU023,0.0,267,10.0,821
2026-06-08,SKU023,0.0,181,10.0,821
2026-06-09,SKU023,0.0,276,10.0,821
2026-06-10,SKU023,138.0,0,10.0,821
2026-06-11,SKU023,37.0,270,10.0,821
2026-06-12,SKU023,0.0,326,10.0,821
2026-06-13,SKU023,0.0,316,10.0,821
2026-06-14,SKU023,0.0,202,10.0,821
2026-06-15,SKU023,0.0,232,10.0,821
2026-06-16,SKU023,0.0,325,10.0,821
2026-06-17,SKU023,0.0,301,10.0,821
2026-06-18,SKU023,0.0,179,10.0,821
2026-06-19,SKU023,0.0,105,10.0,821
2026-06-20,SKU023,0.0,0,10.0,821
2026-06-21,SKU023,0.0,81,10.0,821
2026-06-22,SKU023,0.0,46,10.0,821
2026-06-23,SKU023,0.0,256,10.0,821
2026-06-24,SKU023,0.0,193,10.0,821
2026-06-25,SKU023,0.0,171,10.0,821
2026-06-26,SKU023,0.0,41,10.0,821
2026-06-27,SKU023,0.0,177,10.0,821
2026-06-28,SKU023,0.0,45,10.0,821
2026-06-29,SKU023,0.0,239,10.0,821
2026-06-30,SKU023,226.0,0,10.0,821
2025-01-01,SKU024,212.0,52,6.0,174
2025-01-02,SKU024,212.0,87,6.0,174
2025-01-03,SKU024,212.0,76,6.0,174
2025-01-04,SKU024,212.0,51,6.0,174
2025-01-05,SKU024,212.0,87,6.0,174
2025-01-06,SKU024,316.0,0,6.0,174
2025-01-07,SKU024,316.0,105,6.0,174
2025-01-08,SKU024,316.0,41,6.0,174
2025-01-09,SKU024,316.0,20,6.0,174
2025-01-10,SKU024,316.0,119,6.0,174
2025-01-11,SKU024,316.0,102,6.0,174
2025-01-12,SKU024,392.0,0,6.0,174
2025-01-13,SKU024,392.0,99,6.0,174
2025-01-14,SKU024,392.0,131,6.0,174
2025-01-15,SKU024,392.0,64,6.0,174
2025-01-16,SKU024,392.0,75,6.0,174
2025-01-17,SKU024,392.0,84,6.0,174
2025-01-18,SKU024,497.0,0,6.0,174
2025-01-19,SKU024,497.0,81,6.0,174
2025-01-20,SKU024,497.0,109,6.0,174
2025-01-21,SKU024,497.0,53,6.0,174
2025-01-22,SKU024,497.0,33,6.0,174
2025-01-23,SKU024,497.0,26,6.0,174
2025-01-24,SKU024,525.0,0,6.0,174
2025-01-25,SKU024,472.0,20,6.0,174
2025-01-26,SKU024,422.0,143,6.0,174
2025-01-27,SKU024,392.0,114,6.0,174
2025-01-28,SKU024,358.0,86,6.0,174
2025-01-29,SKU024,318.0,51,6.0,174
2025-01-30,SKU024,389.0,0,6.0,174
2025-01-31,SKU024,357.0,145,6.0,174
2025-02-01,SKU024,302.0,64,6.0,174
2025-02-02,SKU024,260.0,66,6.0,174
2025-02-03,SKU024,224.0,126,6.0,174
2025-02-04,SKU024,187.0,67,6.0,174
2025-02-05,SKU024,158.0,130,6.0,174
2025-02-06,SKU024,154.0,0,6.0,174
2025-02-07,SKU024,110.0,134,6.0,174
2025-02-08,SKU024,60.0,35,6.0,174
2025-02-09,SKU024,38.0,112,6.0,174
2025-02-10,SKU024,2.0,58,6.0,174
2025-02-11,SKU024,0.0,121,6.0,174
2025-02-12,SKU024,0.0,0,6.0,174
2025-02-13,SKU024,0.0,99,6.0,174
2025-02-14,SKU024,0.0,82,6.0,174
2025-02-15,SKU024,0.0,54,6.0,174
2025-02-16,SKU024,0.0,80,6.0,174
2025-02-17,SKU024,0.0,140,6.0,174
2025-02-18,SKU024,73.0,0,6.0,174
2025-02-19,SKU024,36.0,25,6.0,174
2025-02-20,SKU024,0.0,142,6.0,174
2025-02-21,SKU024,0.0,110,6.0,174
2025-02-22,SKU024,0.0,50,6.0,174
2025-02-23,SKU024,0.0,140,6.0,174
2025-02-24,SKU024,37.0,0,6.0,174
2025-02-25,SKU024,0.0,87,6.0,174
2025-02-26,SKU024,0.0,49,6.0,174
2025-02-27,SKU024,0.0,145,6.0,174
2025-02-28,SKU024,0.0,57,6.0,174
2025-03-01,SKU024,0.0,100,6.0,174
2025-03-02,SKU024,0.0,92,6.0,174
2025-03-03,SKU024,0.0,109,6.0,174
2025-03-04,SKU024,0.0,27,6.0,174
2025-03-05,SKU024,0.0,81,6.0,174
2025-03-06,SKU024,0.0,0,6.0,174
2025-03-07,SKU024,0.0,33,6.0,174
2025-03-08,SKU024,0.0,85,6.0,174
2025-03-09,SKU024,0.0,76,6.0,174
2025-03-10,SKU024,0.0,76,6.0,174
2025-03-11,SKU024,0.0,66,6.0,174
2025-03-12,SKU024,13.0,0,6.0,174
2025-03-13,SKU024,0.0,21,6.0,174
2025-03-14,SKU024,0.0,93,6.0,174
2025-03-15,SKU024,0.0,134,6.0,174
2025-03-16,SKU024,0.0,80,6.0,174
2025-03-17,SKU024,0.0,55,6.0,174
2025-03-18,SKU024,28.0,0,6.0,174
2025-03-19,SKU024,0.0,51,6.0,174
2025-03-20,SKU024,0.0,74,6.0,174
2025-03-21,SKU024,0.0,25,6.0,174
2025-03-22,SKU024,0.0,48,6.0,174
2025-03-23,SKU024,0.0,138,6.0,174
2025-03-24,SKU024,26.0,0,6.0,174
2025-03-25,SKU024,0.0,24,6.0,174
2025-03-26,SKU024,0.0,19,6.0,174
2025-03-27,SKU024,0.0,143,6.0,174
2025-03-28,SKU024,0.0,117,6.0,174
2025-03-29,SKU024,0.0,51,6.0,174
2025-03-30,SKU024,35.0,0,6.0,174
2025-03-31,SKU024,0.0,114,6.0,174
2025-04-01,SKU024,0.0,99,6.0,174
2025-04-02,SKU024,0.0,102,6.0,174
2025-04-03,SKU024,0.0,65,6.0,174
2025-04-04,SKU024,0.0,125,6.0,174
2025-04-05,SKU024,0.0,108,6.0,174
2025-04-06,SKU024,72.0,0,6.0,174
2025-04-07,SKU024,33.0,43,6.0,174
2025-04-08,SKU024,0.0,56,6.0,174
2025-04-09,SKU024,0.0,64,6.0,174
2025-04-10,SKU024,0.0,57,6.0,174
2025-04-11,SKU024,0.0,43,6.0,174
2025-04-12,SKU024,65.0,0,6.0,174
2025-04-13,SKU024,31.0,101,6.0,174
2025-04-14,SKU024,0.0,88,6.0,174
2025-04-15,SKU024,0.0,96,6.0,174
2025-04-16,SKU024,0.0,142,6.0,174
2025-04-17,SKU024,0.0,26,6.0,174
2025-04-18,SKU024,56.0,0,6.0,174
2025-04-19,SKU024,0.0,121,6.0,174
2025-04-20,SKU024,0.0,73,6.0,174
2025-04-21,SKU024,0.0,57,6.0,174
2025-04-22,SKU024,0.0,88,6.0,174
2025-04-23,SKU024,0.0,115,6.0,174
2025-04-24,SKU024,89.0,0,6.0,174
2025-04-25,SKU024,53.0,102,6.0,174
2025-04-26,SKU024,7.0,100,6.0,174
2025-04-27,SKU024,0.0,132,6.0,174
2025-04-28,SKU024,0.0,86,6.0,174
2025-04-29,SKU024,0.0,64,6.0,174
2025-04-30,SKU024,0.0,0,6.0,174
2025-05-01,SKU024,0.0,35,6.0,174
2025-05-02,SKU024,0.0,65,6.0,174
2025-05-03,SKU024,0.0,21,6.0,174
2025-05-04,SKU024,0.0,99,6.0,174
2025-05-05,SKU024,0.0,129,6.0,174
2025-05-06,SKU024,63.0,0,6.0,174
2025-05-07,SKU024,20.0,143,6.0,174
2025-05-08,SKU024,0.0,136,6.0,174
2025-05-09,SKU024,0.0,93,6.0,174
2025-05-10,SKU024,0.0,34,6.0,174
2025-05-11,SKU024,0.0,43,6.0,174
2025-05-12,SKU024,39.0,0,6.0,174
2025-05-13,SKU024,0.0,39,6.0,174
2025-05-14,SKU024,0.0,71,6.0,174
2025-05-15,SKU024,0.0,145,6.0,174
2025-05-16,SKU024,0.0,145,6.0,174
2025-05-17,SKU024,0.0,114,6.0,174
2025-05-18,SKU024,56.0,0,6.0,174
2025-05-19,SKU024,10.0,126,6.0,174
2025-05-20,SKU024,0.0,140,6.0,174
2025-05-21,SKU024,0.0,126,6.0,174
2025-05-22,SKU024,0.0,101,6.0,174
2025-05-23,SKU024,0.0,80,6.0,174
2025-05-24,SKU024,29.0,0,6.0,174
2025-05-25,SKU024,0.0,74,6.0,174
2025-05-26,SKU024,0.0,38,6.0,174
2025-05-27,SKU024,0.0,51,6.0,174
2025-05-28,SKU024,0.0,115,6.0,174
2025-05-29,SKU024,0.0,99,6.0,174
2025-05-30,SKU024,16.0,0,6.0,174
2025-05-31,SKU024,0.0,83,6.0,174
2025-06-01,SKU024,0.0,65,6.0,174
2025-06-02,SKU024,0.0,48,6.0,174
2025-06-03,SKU024,0.0,31,6.0,174
2025-06-04,SKU024,0.0,85,6.0,174
2025-06-05,SKU024,0.0,98,6.0,174
2025-06-06,SKU024,0.0,0,6.0,174
2025-06-07,SKU024,0.0,23,6.0,174
2025-06-08,SKU024,0.0,42,6.0,174
2025-06-09,SKU024,0.0,113,6.0,174
2025-06-10,SKU024,0.0,111,6.0,174
2025-06-11,SKU024,0.0,71,6.0,174
2025-06-12,SKU024,94.0,0,6.0,174
2025-06-13,SKU024,36.0,82,6.0,174
2025-06-14,SKU024,0.0,102,6.0,174
2025-06-15,SKU024,0.0,86,6.0,174
2025-06-16,SKU024,0.0,136,6.0,174
2025-06-17,SKU024,0.0,34,6.0,174
2025-06-18,SKU024,0.0,0,6.0,174
2025-06-19,SKU024,0.0,88,6.0,174
2025-06-20,SKU024,0.0,101,6.0,174
2025-06-21,SKU024,0.0,125,6.0,174
2025-06-22,SKU024,0.0,80,6.0,174
2025-06-23,SKU024,0.0,39,6.0,174
2025-06-24,SKU024,22.0,0,6.0,174
2025-06-25,SKU024,0.0,117,6.0,174
2025-06-26,SKU024,0.0,54,6.0,174
2025-06-27,SKU024,0.0,127,6.0,174
2025-06-28,SKU024,0.0,33,6.0,174
2025-06-29,SKU024,0.0,72,6.0,174
2025-06-30,SKU024,60.0,0,6.0,174
2025-07-01,SKU024,19.0,63,6.0,174
2025-07-02,SKU024,0.0,102,6.0,174
2025-07-03,SKU024,0.0,143,6.0,174
2025-07-04,SKU024,0.0,23,6.0,174
2025-07-05,SKU024,0.0,22,6.0,174
2025-07-06,SKU024,57.0,0,6.0,174
2025-07-07,SKU024,3.0,139,6.0,174
2025-07-08,SKU024,0.0,80,6.0,174
2025-07-09,SKU024,0.0,77,6.0,174
2025-07-10,SKU024,0.0,47,6.0,174
2025-07-11,SKU024,0.0,64,6.0,174
2025-07-12,SKU024,0.0,0,6.0,174
2025-07-13,SKU024,0.0,85,6.0,174
2025-07-14,SKU024,0.0,122,6.0,174
2025-07-15,SKU024,0.0,117,6.0,174
2025-07-16,SKU024,0.0,74,6.0,174
2025-07-17,SKU024,0.0,73,6.0,174
2025-07-18,SKU024,56.0,0,6.0,174
2025-07-19,SKU024,13.0,137,6.0,174
2025-07-20,SKU024,0.0,112,6.0,174
2025-07-21,SKU024,0.0,81,6.0,174
2025-07-22,SKU024,0.0,134,6.0,174
2025-07-23,SKU024,0.0,144,6.0,174
2025-07-24,SKU024,75.0,0,6.0,174
2025-07-25,SKU024,31.0,133,6.0,174
2025-07-26,SKU024,0.0,138,6.0,174
2025-07-27,SKU024,0.0,90,6.0,174
2025-07-28,SKU024,0.0,55,6.0,174
2025-07-29,SKU024,0.0,111,6.0,174
2025-07-30,SKU024,1.0,0,6.0,174
2025-07-31,SKU024,0.0,60,6.0,174
2025-08-01,SKU024,0.0,69,6.0,174
2025-08-02,SKU024,0.0,126,6.0,174
2025-08-03,SKU024,0.0,73,6.0,174
2025-08-04,SKU024,0.0,97,6.0,174
2025-08-05,SKU024,0.0,128,6.0,174
2025-08-06,SKU024,0.0,0,6.0,174
2025-08-07,SKU024,0.0,104,6.0,174
2025-08-08,SKU024,0.0,104,6.0,174
2025-08-09,SKU024,0.0,88,6.0,174
2025-08-10,SKU024,0.0,133,6.0,174
2025-08-11,SKU024,0.0,85,6.0,174
2025-08-12,SKU024,0.0,0,6.0,174
2025-08-13,SKU024,0.0,103,6.0,174
2025-08-14,SKU024,0.0,71,6.0,174
2025-08-15,SKU024,0.0,144,6.0,174
2025-08-16,SKU024,0.0,121,6.0,174
2025-08-17,SKU024,0.0,35,6.0,174
2025-08-18,SKU024,18.0,0,6.0,174
2025-08-19,SKU024,0.0,38,6.0,174
2025-08-20,SKU024,0.0,133,6.0,174
2025-08-21,SKU024,0.0,22,6.0,174
2025-08-22,SKU024,0.0,69,6.0,174
2025-08-23,SKU024,0.0,44,6.0,174
2025-08-24,SKU024,30.0,0,6.0,174
2025-08-25,SKU024,0.0,119,6.0,174
2025-08-26,SKU024,0.0,21,6.0,174
2025-08-27,SKU024,0.0,51,6.0,174
2025-08-28,SKU024,0.0,124,6.0,174
2025-08-29,SKU024,0.0,55,6.0,174
2025-08-30,SKU024,5.0,0,6.0,174
2025-08-31,SKU024,0.0,54,6.0,174
2025-09-01,SKU024,0.0,105,6.0,174
2025-09-02,SKU024,0.0,131,6.0,174
2025-09-03,SKU024,0.0,66,6.0,174
2025-09-04,SKU024,0.0,142,6.0,174
2025-09-05,SKU024,0.0,37,6.0,174
2025-09-06,SKU024,72.0,0,6.0,174
2025-09-07,SKU024,16.0,63,6.0,174
2025-09-08,SKU024,0.0,39,6.0,174
2025-09-09,SKU024,0.0,104,6.0,174
2025-09-10,SKU024,0.0,50,6.0,174
2025-09-11,SKU024,0.0,36,6.0,174
2025-09-12,SKU024,24.0,0,6.0,174
2025-09-13,SKU024,0.0,40,6.0,174
2025-09-14,SKU024,0.0,84,6.0,174
2025-09-15,SKU024,0.0,137,6.0,174
2025-09-16,SKU024,0.0,18,6.0,174
2025-09-17,SKU024,0.0,65,6.0,174
2025-09-18,SKU024,58.0,0,6.0,174
2025-09-19,SKU024,30.0,80,6.0,174
2025-09-20,SKU024,0.0,93,6.0,174
2025-09-21,SKU024,0.0,21,6.0,174
2025-09-22,SKU024,0.0,86,6.0,174
2025-09-23,SKU024,0.0,102,6.0,174
2025-09-24,SKU024,64.0,0,6.0,174
2025-09-25,SKU024,22.0,23,6.0,174
2025-09-26,SKU024,0.0,31,6.0,174
2025-09-27,SKU024,0.0,106,6.0,174
2025-09-28,SKU024,0.0,36,6.0,174
2025-09-29,SKU024,0.0,57,6.0,174
2025-09-30,SKU024,48.0,0,6.0,174
2025-10-01,SKU024,0.0,74,6.0,174
2025-10-02,SKU024,0.0,25,6.0,174
2025-10-03,SKU024,0.0,75,6.0,174
2025-10-04,SKU024,0.0,72,6.0,174
2025-10-05,SKU024,0.0,54,6.0,174
2025-10-06,SKU024,27.0,0,6.0,174
2025-10-07,SKU024,0.0,111,6.0,174
2025-10-08,SKU024,0.0,144,6.0,174
2025-10-09,SKU024,0.0,141,6.0,174
2025-10-10,SKU024,0.0,105,6.0,174
2025-10-11,SKU024,0.0,48,6.0,174
2025-10-12,SKU024,84.0,0,6.0,174
2025-10-13,SKU024,44.0,60,6.0,174
2025-10-14,SKU024,4.0,42,6.0,174
2025-10-15,SKU024,0.0,59,6.0,174
2025-10-16,SKU024,0.0,25,6.0,174
2025-10-17,SKU024,0.0,68,6.0,174
2025-10-18,SKU024,88.0,0,6.0,174
2025-10-19,SKU024,55.0,19,6.0,174
2025-10-20,SKU024,14.0,18,6.0,174
2025-10-21,SKU024,0.0,40,6.0,174
2025-10-22,SKU024,0.0,43,6.0,174
2025-10-23,SKU024,0.0,100,6.0,174
2025-10-24,SKU024,0.0,0,6.0,174
2025-10-25,SKU024,0.0,69,6.0,174
2025-10-26,SKU024,0.0,99,6.0,174
2025-10-27,SKU024,0.0,49,6.0,174
2025-10-28,SKU024,0.0,39,,174
2025-10-29,SKU024,0.0,131,6.0,174
2025-10-30,SKU024,10.0,0,6.0,174
2025-10-31,SKU024,0.0,132,6.0,174
2025-11-01,SKU024,0.0,139,6.0,174
2025-11-02,SKU024,0.0,136,6.0,174
2025-11-03,SKU024,0.0,79,6.0,174
2025-11-04,SKU024,0.0,110,6.0,174
2025-11-05,SKU024,0.0,49,6.0,174
2025-11-06,SKU024,0.0,0,6.0,174
2025-11-07,SKU024,0.0,84,6.0,174
2025-11-08,SKU024,0.0,31,6.0,174
2025-11-09,SKU024,0.0,117,6.0,174
2025-11-10,SKU024,0.0,82,6.0,174
2025-11-11,SKU024,0.0,26,6.0,174
2025-11-12,SKU024,58.0,0,6.0,174
2025-11-13,SKU024,33.0,80,6.0,174
2025-11-14,SKU024,0.0,77,6.0,174
2025-11-15,SKU024,0.0,90,6.0,174
2025-11-16,SKU024,0.0,118,6.0,174
2025-11-17,SKU024,0.0,36,6.0,174
2025-11-18,SKU024,0.0,0,6.0,174
2025-11-19,SKU024,0.0,40,6.0,174
2025-11-20,SKU024,0.0,57,6.0,174
2025-11-21,SKU024,0.0,113,6.0,174
2025-11-22,SKU024,0.0,93,6.0,174
2025-11-23,SKU024,0.0,26,6.0,174
2025-11-24,SKU024,77.0,0,6.0,174
2025-11-25,SKU024,35.0,24,6.0,174
2025-11-26,SKU024,0.0,44,6.0,174
2025-11-27,SKU024,0.0,131,6.0,174
2025-11-28,SKU024,0.0,62,6.0,174
2025-11-29,SKU024,0.0,61,6.0,174
2025-11-30,SKU024,0.0,0,6.0,174
2025-12-01,SKU024,0.0,41,6.0,174
2025-12-02,SKU024,0.0,22,6.0,174
2025-12-03,SKU024,0.0,126,6.0,174
2025-12-04,SKU024,0.0,111,6.0,174
2025-12-05,SKU024,0.0,66,6.0,174
2025-12-06,SKU024,62.0,0,6.0,174
2025-12-07,SKU024,21.0,54,6.0,174
2025-12-08,SKU024,0.0,61,6.0,174
2025-12-09,SKU024,0.0,130,6.0,174
2025-12-10,SKU024,0.0,46,6.0,174
2025-12-11,SKU024,0.0,127,6.0,174
2025-12-12,SKU024,0.0,0,6.0,174
2025-12-13,SKU024,0.0,134,6.0,174
2025-12-14,SKU024,0.0,47,6.0,174
2025-12-15,SKU024,0.0,55,6.0,174
2025-12-16,SKU024,0.0,88,6.0,174
2025-12-17,SKU024,0.0,43,6.0,174
2025-12-18,SKU024,0.0,0,6.0,174
2025-12-19,SKU024,0.0,56,6.0,174
2025-12-20,SKU024,0.0,73,6.0,174
2025-12-21,SKU024,0.0,19,6.0,174
2025-12-22,SKU024,0.0,118,6.0,174
2025-12-23,SKU024,0.0,53,6.0,174
2025-12-24,SKU024,0.0,0,6.0,174
2025-12-25,SKU024,0.0,98,6.0,174
2025-12-26,SKU024,0.0,130,6.0,174
2025-12-27,SKU024,0.0,75,6.0,174
2025-12-28,SKU024,0.0,72,6.0,174
2025-12-29,SKU024,0.0,81,6.0,174
2025-12-30,SKU024,0.0,0,6.0,174
2025-12-31,SKU024,0.0,57,6.0,174
2026-01-01,SKU024,0.0,76,6.0,174
2026-01-02,SKU024,0.0,145,6.0,174
2026-01-03,SKU024,0.0,67,6.0,174
2026-01-04,SKU024,0.0,24,6.0,174
2026-01-05,SKU024,0.0,50,6.0,174
2026-01-06,SKU024,92.0,0,6.0,174
2026-01-07,SKU024,55.0,125,6.0,174
2026-01-08,SKU024,0.0,97,6.0,174
2026-01-09,SKU024,0.0,86,6.0,174
2026-01-10,SKU024,0.0,99,6.0,174
2026-01-11,SKU024,0.0,140,6.0,174
2026-01-12,SKU024,48.0,0,6.0,174
2026-01-13,SKU024,12.0,120,6.0,174
2026-01-14,SKU024,0.0,130,6.0,174
2026-01-15,SKU024,0.0,44,6.0,174
2026-01-16,SKU024,0.0,67,6.0,174
2026-01-17,SKU024,0.0,110,6.0,174
2026-01-18,SKU024,9.0,0,6.0,174
2026-01-19,SKU024,0.0,58,6.0,174
2026-01-20,SKU024,0.0,63,6.0,174
2026-01-21,SKU024,0.0,142,6.0,174
2026-01-22,SKU024,0.0,106,6.0,174
2026-01-23,SKU024,0.0,84,6.0,174
2026-01-24,SKU024,22.0,0,6.0,174
2026-01-25,SKU024,0.0,105,6.0,174
2026-01-26,SKU024,0.0,132,6.0,174
2026-01-27,SKU024,0.0,47,6.0,174
2026-01-28,SKU024,0.0,112,6.0,174
2026-01-29,SKU024,0.0,49,6.0,174
2026-01-30,SKU024,71.0,0,6.0,174
2026-01-31,SKU024,13.0,112,6.0,174
2026-02-01,SKU024,0.0,106,6.0,174
2026-02-02,SKU024,0.0,52,6.0,174
2026-02-03,SKU024,0.0,144,6.0,174
2026-02-04,SKU024,0.0,60,6.0,174
2026-02-05,SKU024,0.0,130,6.0,174
2026-02-06,SKU024,0.0,0,6.0,174
2026-02-07,SKU024,0.0,66,6.0,174
2026-02-08,SKU024,0.0,21,6.0,174
2026-02-09,SKU024,0.0,31,6.0,174
2026-02-10,SKU024,0.0,75,6.0,174
2026-02-11,SKU024,0.0,123,6.0,174
2026-02-12,SKU024,65.0,0,6.0,174
2026-02-13,SKU024,4.0,91,6.0,174
2026-02-14,SKU024,0.0,19,6.0,174
2026-02-15,SKU024,0.0,124,6.0,174
2026-02-16,SKU024,0.0,59,6.0,174
2026-02-17,SKU024,0.0,88,6.0,174
2026-02-18,SKU024,78.0,0,6.0,174
2026-02-19,SKU024,44.0,24,6.0,174
2026-02-20,SKU024,0.0,58,6.0,174
2026-02-21,SKU024,0.0,140,6.0,174
2026-02-22,SKU024,0.0,30,6.0,174
2026-02-23,SKU024,0.0,64,6.0,174
2026-02-24,SKU024,90.0,0,6.0,174
2026-02-25,SKU024,44.0,33,6.0,174
2026-02-26,SKU024,0.0,105,6.0,174
2026-02-27,SKU024,0.0,106,6.0,174
2026-02-28,SKU024,0.0,49,6.0,174
2026-03-01,SKU024,0.0,36,6.0,174
2026-03-02,SKU024,0.0,115,6.0,174
2026-03-03,SKU024,0.0,47,6.0,174
2026-03-04,SKU024,0.0,117,6.0,174
2026-03-05,SKU024,0.0,133,6.0,174
2026-03-06,SKU024,0.0,0,6.0,174
2026-03-07,SKU024,0.0,53,6.0,174
2026-03-08,SKU024,0.0,111,6.0,174
2026-03-09,SKU024,0.0,90,6.0,174
2026-03-10,SKU024,0.0,84,6.0,174
2026-03-11,SKU024,0.0,77,6.0,174
2026-03-12,SKU024,80.0,0,6.0,174
2026-03-13,SKU024,16.0,117,6.0,174
2026-03-14,SKU024,0.0,88,6.0,174
2026-03-15,SKU024,0.0,59,6.0,174
2026-03-16,SKU024,0.0,21,6.0,174
2026-03-17,SKU024,0.0,104,6.0,174
2026-03-18,SKU024,0.0,0,6.0,174
2026-03-19,SKU024,0.0,38,6.0,174
2026-03-20,SKU024,0.0,31,6.0,174
2026-03-21,SKU024,0.0,130,6.0,174
2026-03-22,SKU024,0.0,91,6.0,174
2026-03-23,SKU024,0.0,120,6.0,174
2026-03-24,SKU024,0.0,0,6.0,174
2026-03-25,SKU024,0.0,78,6.0,174
2026-03-26,SKU024,0.0,97,6.0,174
2026-03-27,SKU024,0.0,135,6.0,174
2026-03-28,SKU024,0.0,94,6.0,174
2026-03-29,SKU024,0.0,34,6.0,174
2026-03-30,SKU024,83.0,0,6.0,174
2026-03-31,SKU024,39.0,63,6.0,174
2026-04-01,SKU024,0.0,49,6.0,174
2026-04-02,SKU024,0.0,126,6.0,174
2026-04-03,SKU024,0.0,89,6.0,174
2026-04-04,SKU024,0.0,81,6.0,174
2026-04-05,SKU024,0.0,125,6.0,174
2026-04-06,SKU024,107.0,0,6.0,174
2026-04-07,SKU024,50.0,99,6.0,174
2026-04-08,SKU024,15.0,126,6.0,174
2026-04-09,SKU024,0.0,72,6.0,174
2026-04-10,SKU024,0.0,133,6.0,174
2026-04-11,SKU024,0.0,109,6.0,174
2026-04-12,SKU024,84.0,0,6.0,174
2026-04-13,SKU024,32.0,128,6.0,174
2026-04-14,SKU024,0.0,63,6.0,174
2026-04-15,SKU024,0.0,131,6.0,174
2026-04-16,SKU024,0.0,87,6.0,174
2026-04-17,SKU024,0.0,119,6.0,174
2026-04-18,SKU024,63.0,0,6.0,174
2026-04-19,SKU024,29.0,136,6.0,174
2026-04-20,SKU024,0.0,108,6.0,174
2026-04-21,SKU024,0.0,110,6.0,174
2026-04-22,SKU024,0.0,145,6.0,174
2026-04-23,SKU024,0.0,129,6.0,174
2026-04-24,SKU024,50.0,0,6.0,174
2026-04-25,SKU024,0.0,113,6.0,174
2026-04-26,SKU024,0.0,50,6.0,174
2026-04-27,SKU024,0.0,88,6.0,174
2026-04-28,SKU024,0.0,143,6.0,174
2026-04-29,SKU024,0.0,40,6.0,174
2026-04-30,SKU024,90.0,0,6.0,174
2026-05-01,SKU024,41.0,113,6.0,174
2026-05-02,SKU024,0.0,55,6.0,174
2026-05-03,SKU024,0.0,138,6.0,174
2026-05-04,SKU024,0.0,72,6.0,174
2026-05-05,SKU024,0.0,78,6.0,174
2026-05-06,SKU024,38.0,0,6.0,174
2026-05-07,SKU024,14.0,43,6.0,174
2026-05-08,SKU024,0.0,99,6.0,174
2026-05-09,SKU024,0.0,84,6.0,174
2026-05-10,SKU024,0.0,143,6.0,174
2026-05-11,SKU024,0.0,117,6.0,174
2026-05-12,SKU024,29.0,0,6.0,174
2026-05-13,SKU024,0.0,131,6.0,174
2026-05-14,SKU024,0.0,136,6.0,174
2026-05-15,SKU024,0.0,91,6.0,174
2026-05-16,SKU024,0.0,140,6.0,174
2026-05-17,SKU024,0.0,84,6.0,174
2026-05-18,SKU024,17.0,0,6.0,174
2026-05-19,SKU024,0.0,85,6.0,174
2026-05-20,SKU024,0.0,80,6.0,174
2026-05-21,SKU024,0.0,83,6.0,174
2026-05-22,SKU024,0.0,40,6.0,174
2026-05-23,SKU024,0.0,44,6.0,174
2026-05-24,SKU024,35.0,0,6.0,174
2026-05-25,SKU024,0.0,114,6.0,174
2026-05-26,SKU024,0.0,47,6.0,174
2026-05-27,SKU024,0.0,28,6.0,174
2026-05-28,SKU024,0.0,52,6.0,174
2026-05-29,SKU024,0.0,68,6.0,174
2026-05-30,SKU024,0.0,0,6.0,174
2026-05-31,SKU024,0.0,70,6.0,174
2026-06-01,SKU024,0.0,93,6.0,174
2026-06-02,SKU024,0.0,123,6.0,174
2026-06-03,SKU024,0.0,80,6.0,174
2026-06-04,SKU024,0.0,111,6.0,174
2026-06-05,SKU024,0.0,104,6.0,174
2026-06-06,SKU024,29.0,0,6.0,174
2026-06-07,SKU024,0.0,89,6.0,174
2026-06-08,SKU024,0.0,55,6.0,174
2026-06-09,SKU024,0.0,36,6.0,174
2026-06-10,SKU024,0.0,85,6.0,174
2026-06-11,SKU024,0.0,52,6.0,174
2026-06-12,SKU024,0.0,0,,174
2026-06-13,SKU024,0.0,113,6.0,174
2026-06-14,SKU024,0.0,103,6.0,174
2026-06-15,SKU024,0.0,37,6.0,174
2026-06-16,SKU024,0.0,34,6.0,174
2026-06-17,SKU024,0.0,127,6.0,174
2026-06-18,SKU024,0.0,0,6.0,174
2026-06-19,SKU024,0.0,41,6.0,174
2026-06-20,SKU024,0.0,96,6.0,174
2026-06-21,SKU024,0.0,141,6.0,174
2026-06-22,SKU024,0.0,95,6.0,174
2026-06-23,SKU024,0.0,94,6.0,174
2026-06-24,SKU024,91.0,0,6.0,174
2026-06-25,SKU024,29.0,43,6.0,174
2026-06-26,SKU024,0.0,89,6.0,174
2026-06-27,SKU024,0.0,48,6.0,174
2026-06-28,SKU024,0.0,105,6.0,174
2026-06-29,SKU024,0.0,90,6.0,174
2026-06-30,SKU024,79.0,0,6.0,174
2025-01-01,SKU025,265.0,122,13.0,714
2025-01-02,SKU025,178.0,38,13.0,714
2025-01-03,SKU025,102.0,119,13.0,714
2025-01-04,SKU025,30.0,36,13.0,714
2025-01-05,SKU025,0.0,146,13.0,714
2025-01-06,SKU025,0.0,73,13.0,714
2025-01-07,SKU025,0.0,30,13.0,714
2025-01-08,SKU025,0.0,175,13.0,714
2025-01-09,SKU025,0.0,91,13.0,714
2025-01-10,SKU025,0.0,154,13.0,714
2025-01-11,SKU025,0.0,161,13.0,714
2025-01-12,SKU025,0.0,124,13.0,714
2025-01-13,SKU025,0.0,0,13.0,714
2025-01-14,SKU025,0.0,183,,714
2025-01-15,SKU025,0.0,100,13.0,714
2025-01-16,SKU025,0.0,77,13.0,714
2025-01-17,SKU025,0.0,172,13.0,714
2025-01-18,SKU025,0.0,181,13.0,714
2025-01-19,SKU025,0.0,185,13.0,714
2025-01-20,SKU025,0.0,177,13.0,714
2025-01-21,SKU025,0.0,63,13.0,714
2025-01-22,SKU025,0.0,178,13.0,714
2025-01-23,SKU025,0.0,75,13.0,714
2025-01-24,SKU025,0.0,87,13.0,714
2025-01-25,SKU025,0.0,78,13.0,714
2025-01-26,SKU025,0.0,0,13.0,714
2025-01-27,SKU025,0.0,140,13.0,714
2025-01-28,SKU025,0.0,147,13.0,714
2025-01-29,SKU025,0.0,172,13.0,714
2025-01-30,SKU025,0.0,66,13.0,714
2025-01-31,SKU025,0.0,119,13.0,714
2025-02-01,SKU025,0.0,143,13.0,714
2025-02-02,SKU025,0.0,98,13.0,714
2025-02-03,SKU025,0.0,70,13.0,714
2025-02-04,SKU025,0.0,42,13.0,714
2025-02-05,SKU025,0.0,81,13.0,714
2025-02-06,SKU025,0.0,129,13.0,714
2025-02-07,SKU025,0.0,60,13.0,714
2025-02-08,SKU025,0.0,197,13.0,714
2025-02-09,SKU025,0.0,165,13.0,714
2025-02-10,SKU025,0.0,47,13.0,714
2025-02-11,SKU025,0.0,67,13.0,714
2025-02-12,SKU025,0.0,37,13.0,714
2025-02-13,SKU025,139.0,0,13.0,714
2025-02-14,SKU025,75.0,72,13.0,714
2025-02-15,SKU025,17.0,215,13.0,714
2025-02-16,SKU025,0.0,217,13.0,714
2025-02-17,SKU025,0.0,75,13.0,714
2025-02-18,SKU025,0.0,207,13.0,714
2025-02-19,SKU025,0.0,96,13.0,714
2025-02-20,SKU025,0.0,92,13.0,714
2025-02-21,SKU025,0.0,204,13.0,714
2025-02-22,SKU025,0.0,143,13.0,714
2025-02-23,SKU025,0.0,160,13.0,714
2025-02-24,SKU025,0.0,108,13.0,714
2025-02-25,SKU025,0.0,129,13.0,714
2025-02-26,SKU025,149.0,0,13.0,714
2025-02-27,SKU025,91.0,60,13.0,714
2025-02-28,SKU025,23.0,219,13.0,714
2025-03-01,SKU025,0.0,183,13.0,714
2025-03-02,SKU025,0.0,79,13.0,714
2025-03-03,SKU025,0.0,163,13.0,714
2025-03-04,SKU025,0.0,30,13.0,714
2025-03-05,SKU025,0.0,173,13.0,714
2025-03-06,SKU025,0.0,182,13.0,714
2025-03-07,SKU025,0.0,54,13.0,714
2025-03-08,SKU025,0.0,87,13.0,714
2025-03-09,SKU025,0.0,153,13.0,714
2025-03-10,SKU025,0.0,165,13.0,714
2025-03-11,SKU025,0.0,41,13.0,714
2025-03-12,SKU025,0.0,110,13.0,714
2025-03-13,SKU025,73.0,0,13.0,714
2025-03-14,SKU025,18.0,160,13.0,714
2025-03-15,SKU025,0.0,95,13.0,714
2025-03-16,SKU025,0.0,97,13.0,714
2025-03-17,SKU025,0.0,69,13.0,714
2025-03-18,SKU025,0.0,204,13.0,714
2025-03-19,SKU025,0.0,46,13.0,714
2025-03-20,SKU025,0.0,122,13.0,714
2025-03-21,SKU025,0.0,55,13.0,714
2025-03-22,SKU025,0.0,33,13.0,714
2025-03-23,SKU025,0.0,162,13.0,714
2025-03-24,SKU025,0.0,59,13.0,714
2025-03-25,SKU025,0.0,140,13.0,714
2025-03-26,SKU025,63.0,0,13.0,714
2025-03-27,SKU025,0.0,217,13.0,714
2025-03-28,SKU025,0.0,111,13.0,714
2025-03-29,SKU025,0.0,42,13.0,714
2025-03-30,SKU025,0.0,117,13.0,714
2025-03-31,SKU025,0.0,53,13.0,714
2025-04-01,SKU025,0.0,128,13.0,714
2025-04-02,SKU025,0.0,120,13.0,714
2025-04-03,SKU025,0.0,116,13.0,714
2025-04-04,SKU025,0.0,181,13.0,714
2025-04-05,SKU025,0.0,100,13.0,714
2025-04-06,SKU025,0.0,175,13.0,714
2025-04-07,SKU025,0.0,179,13.0,714
2025-04-08,SKU025,0.0,98,13.0,714
2025-04-09,SKU025,0.0,88,13.0,714
2025-04-10,SKU025,0.0,31,13.0,714
2025-04-11,SKU025,0.0,178,13.0,714
2025-04-12,SKU025,0.0,170,13.0,714
2025-04-13,SKU025,0.0,0,13.0,714
2025-04-14,SKU025,0.0,58,13.0,714
2025-04-15,SKU025,0.0,176,13.0,714
2025-04-16,SKU025,0.0,52,13.0,714
2025-04-17,SKU025,0.0,182,13.0,714
2025-04-18,SKU025,0.0,70,13.0,714
2025-04-19,SKU025,0.0,121,13.0,714
2025-04-20,SKU025,0.0,64,13.0,714
2025-04-21,SKU025,0.0,77,13.0,714
2025-04-22,SKU025,0.0,140,13.0,714
2025-04-23,SKU025,0.0,193,13.0,714
2025-04-24,SKU025,0.0,142,13.0,714
2025-04-25,SKU025,0.0,68,13.0,714
2025-04-26,SKU025,67.0,0,13.0,714
2025-04-27,SKU025,1.0,61,13.0,714
2025-04-28,SKU025,0.0,128,13.0,714
2025-04-29,SKU025,0.0,70,13.0,714
2025-04-30,SKU025,0.0,179,13.0,714
2025-05-01,SKU025,0.0,193,13.0,714
2025-05-02,SKU025,0.0,149,13.0,714
2025-05-03,SKU025,0.0,104,13.0,714
2025-05-04,SKU025,0.0,190,13.0,714
2025-05-05,SKU025,0.0,98,13.0,714
2025-05-06,SKU025,0.0,96,13.0,714
2025-05-07,SKU025,0.0,51,13.0,714
2025-05-08,SKU025,0.0,196,13.0,714
2025-05-09,SKU025,0.0,54,13.0,714
2025-05-10,SKU025,0.0,211,13.0,714
2025-05-11,SKU025,0.0,169,13.0,714
2025-05-12,SKU025,0.0,191,13.0,714
2025-05-13,SKU025,69.0,0,13.0,714
2025-05-14,SKU025,10.0,76,13.0,714
2025-05-15,SKU025,0.0,123,13.0,714
2025-05-16,SKU025,0.0,183,13.0,714
2025-05-17,SKU025,0.0,119,13.0,714
2025-05-18,SKU025,0.0,81,13.0,714
2025-05-19,SKU025,0.0,136,13.0,714
2025-05-20,SKU025,0.0,33,13.0,714
2025-05-21,SKU025,0.0,171,13.0,714
2025-05-22,SKU025,0.0,156,13.0,714
2025-05-23,SKU025,0.0,71,13.0,714
2025-05-24,SKU025,0.0,69,13.0,714
2025-05-25,SKU025,0.0,178,13.0,714
2025-05-26,SKU025,32.0,0,13.0,714
2025-05-27,SKU025,0.0,137,13.0,714
2025-05-28,SKU025,0.0,135,13.0,714
2025-05-29,SKU025,0.0,145,13.0,714
2025-05-30,SKU025,0.0,35,13.0,714
2025-05-31,SKU025,0.0,117,13.0,714
2025-06-01,SKU025,0.0,177,13.0,714
2025-06-02,SKU025,0.0,173,13.0,714
2025-06-03,SKU025,0.0,111,13.0,714
2025-06-04,SKU025,0.0,49,13.0,714
2025-06-05,SKU025,0.0,131,13.0,714
2025-06-06,SKU025,0.0,145,13.0,714
2025-06-07,SKU025,0.0,186,13.0,714
2025-06-08,SKU025,0.0,176,13.0,714
2025-06-09,SKU025,0.0,99,13.0,714
2025-06-10,SKU025,0.0,149,13.0,714
2025-06-11,SKU025,0.0,129,13.0,714
2025-06-12,SKU025,0.0,70,13.0,714
2025-06-13,SKU025,0.0,0,13.0,714
2025-06-14,SKU025,0.0,165,13.0,714
2025-06-15,SKU025,0.0,168,13.0,714
2025-06-16,SKU025,0.0,167,13.0,714
2025-06-17,SKU025,0.0,93,13.0,714
2025-06-18,SKU025,0.0,126,13.0,714
2025-06-19,SKU025,0.0,65,13.0,714
2025-06-20,SKU025,0.0,162,13.0,714
2025-06-21,SKU025,0.0,96,13.0,714
2025-06-22,SKU025,0.0,90,13.0,714
2025-06-23,SKU025,0.0,95,13.0,714
2025-06-24,SKU025,0.0,37,13.0,714
2025-06-25,SKU025,0.0,113,13.0,714
2025-06-26,SKU025,67.0,0,13.0,714
2025-06-27,SKU025,0.0,41,13.0,714
2025-06-28,SKU025,0.0,99,13.0,714
2025-06-29,SKU025,0.0,219,13.0,714
2025-06-30,SKU025,0.0,116,13.0,714
2025-07-01,SKU025,0.0,105,13.0,714
2025-07-02,SKU025,0.0,141,13.0,714
2025-07-03,SKU025,0.0,98,13.0,714
2025-07-04,SKU025,0.0,51,13.0,714
2025-07-05,SKU025,0.0,182,13.0,714
2025-07-06,SKU025,0.0,182,13.0,714
2025-07-07,SKU025,0.0,169,13.0,714
2025-07-08,SKU025,0.0,80,13.0,714
2025-07-09,SKU025,0.0,137,13.0,714
2025-07-10,SKU025,0.0,119,13.0,714
2025-07-11,SKU025,0.0,159,13.0,714
2025-07-12,SKU025,0.0,167,13.0,714
2025-07-13,SKU025,44.0,0,13.0,714
2025-07-14,SKU025,0.0,178,13.0,714
2025-07-15,SKU025,0.0,148,13.0,714
2025-07-16,SKU025,0.0,171,13.0,714
2025-07-17,SKU025,0.0,165,13.0,714
2025-07-18,SKU025,0.0,177,13.0,714
2025-07-19,SKU025,0.0,138,13.0,714
2025-07-20,SKU025,0.0,147,13.0,714
2025-07-21,SKU025,0.0,48,13.0,714
2025-07-22,SKU025,0.0,130,13.0,714
2025-07-23,SKU025,0.0,203,13.0,714
2025-07-24,SKU025,0.0,83,13.0,714
2025-07-25,SKU025,0.0,105,13.0,714
2025-07-26,SKU025,63.0,0,13.0,714
2025-07-27,SKU025,0.0,85,13.0,714
2025-07-28,SKU025,0.0,68,13.0,714
2025-07-29,SKU025,0.0,203,13.0,714
2025-07-30,SKU025,0.0,39,13.0,714
2025-07-31,SKU025,0.0,74,13.0,714
2025-08-01,SKU025,0.0,150,13.0,714
2025-08-02,SKU025,0.0,191,13.0,714
2025-08-03,SKU025,0.0,53,13.0,714
2025-08-04,SKU025,0.0,88,13.0,714
2025-08-05,SKU025,0.0,186,13.0,714
2025-08-06,SKU025,0.0,59,13.0,714
2025-08-07,SKU025,0.0,39,13.0,714
2025-08-08,SKU025,0.0,35,13.0,714
2025-08-09,SKU025,0.0,201,13.0,714
2025-08-10,SKU025,0.0,186,13.0,714
2025-08-11,SKU025,0.0,118,13.0,714
2025-08-12,SKU025,0.0,203,13.0,714
2025-08-13,SKU025,0.0,0,13.0,714
2025-08-14,SKU025,0.0,34,13.0,714
2025-08-15,SKU025,0.0,122,13.0,714
2025-08-16,SKU025,0.0,178,13.0,714
2025-08-17,SKU025,0.0,41,13.0,714
2025-08-18,SKU025,0.0,95,13.0,714
2025-08-19,SKU025,0.0,54,13.0,714
2025-08-20,SKU025,0.0,167,13.0,714
2025-08-21,SKU025,0.0,79,13.0,714
2025-08-22,SKU025,0.0,133,13.0,714
2025-08-23,SKU025,0.0,29,13.0,714
2025-08-24,SKU025,0.0,110,13.0,714
2025-08-25,SKU025,0.0,43,13.0,714
2025-08-26,SKU025,150.0,0,13.0,714
2025-08-27,SKU025,84.0,153,13.0,714
2025-08-28,SKU025,28.0,134,13.0,714
2025-08-29,SKU025,0.0,91,13.0,714
2025-08-30,SKU025,0.0,32,13.0,714
2025-08-31,SKU025,0.0,102,13.0,714
2025-09-01,SKU025,0.0,67,13.0,714
2025-09-02,SKU025,0.0,124,13.0,714
2025-09-03,SKU025,0.0,47,13.0,714
2025-09-04,SKU025,0.0,136,13.0,714
2025-09-05,SKU025,0.0,188,13.0,714
2025-09-06,SKU025,0.0,108,13.0,714
2025-09-07,SKU025,0.0,37,13.0,714
2025-09-08,SKU025,0.0,140,13.0,714
2025-09-09,SKU025,0.0,209,13.0,714
2025-09-10,SKU025,0.0,210,13.0,714
2025-09-11,SKU025,0.0,101,13.0,714
2025-09-12,SKU025,0.0,111,13.0,714
2025-09-13,SKU025,19.0,0,13.0,714
2025-09-14,SKU025,0.0,204,13.0,714
2025-09-15,SKU025,0.0,68,13.0,714
2025-09-16,SKU025,0.0,135,13.0,714
2025-09-17,SKU025,0.0,123,13.0,714
2025-09-18,SKU025,0.0,44,13.0,714
2025-09-19,SKU025,0.0,125,13.0,714
2025-09-20,SKU025,0.0,137,13.0,714
2025-09-21,SKU025,0.0,81,13.0,714
2025-09-22,SKU025,0.0,61,13.0,714
2025-09-23,SKU025,,114,13.0,714
2025-09-24,SKU025,0.0,215,13.0,714
2025-09-25,SKU025,0.0,213,13.0,714
2025-09-26,SKU025,17.0,0,13.0,714
2025-09-27,SKU025,0.0,182,13.0,714
2025-09-28,SKU025,0.0,178,13.0,714
2025-09-29,SKU025,0.0,210,13.0,714
2025-09-30,SKU025,0.0,155,13.0,714
2025-10-01,SKU025,0.0,85,13.0,714
2025-10-02,SKU025,0.0,218,13.0,714
2025-10-03,SKU025,0.0,94,13.0,714
2025-10-04,SKU025,0.0,53,13.0,714
2025-10-05,SKU025,,121,13.0,714
2025-10-06,SKU025,0.0,214,13.0,714
2025-10-07,SKU025,0.0,153,13.0,714
2025-10-08,SKU025,0.0,147,13.0,714
2025-10-09,SKU025,0.0,92,13.0,714
2025-10-10,SKU025,0.0,170,13.0,714
2025-10-11,SKU025,0.0,62,13.0,714
2025-10-12,SKU025,0.0,46,13.0,714
2025-10-13,SKU025,140.0,0,13.0,714
2025-10-14,SKU025,94.0,128,13.0,714
2025-10-15,SKU025,22.0,199,13.0,714
2025-10-16,SKU025,0.0,34,13.0,714
2025-10-17,SKU025,0.0,164,13.0,714
2025-10-18,SKU025,0.0,52,13.0,714
2025-10-19,SKU025,0.0,56,13.0,714
2025-10-20,SKU025,0.0,68,13.0,714
2025-10-21,SKU025,0.0,35,13.0,714
2025-10-22,SKU025,0.0,219,13.0,714
2025-10-23,SKU025,0.0,154,13.0,714
2025-10-24,SKU025,0.0,203,13.0,714
2025-10-25,SKU025,0.0,55,13.0,714
2025-10-26,SKU025,125.0,0,13.0,714
2025-10-27,SKU025,72.0,45,13.0,714
2025-10-28,SKU025,6.0,54,13.0,714
2025-10-29,SKU025,0.0,197,13.0,714
2025-10-30,SKU025,0.0,62,13.0,714
2025-10-31,SKU025,0.0,184,13.0,714
2025-11-01,SKU025,0.0,205,13.0,714
2025-11-02,SKU025,0.0,35,13.0,714
2025-11-03,SKU025,0.0,209,13.0,714
2025-11-04,SKU025,0.0,134,13.0,714
2025-11-05,SKU025,0.0,147,13.0,714
2025-11-06,SKU025,0.0,190,13.0,714
2025-11-07,SKU025,0.0,158,13.0,714
2025-11-08,SKU025,0.0,214,13.0,714
2025-11-09,SKU025,0.0,206,13.0,714
2025-11-10,SKU025,0.0,76,13.0,714
2025-11-11,SKU025,0.0,171,13.0,714
2025-11-12,SKU025,0.0,102,13.0,714
2025-11-13,SKU025,1.0,0,13.0,714
2025-11-14,SKU025,0.0,86,13.0,714
2025-11-15,SKU025,0.0,37,13.0,714
2025-11-16,SKU025,0.0,129,13.0,714
2025-11-17,SKU025,0.0,28,13.0,714
2025-11-18,SKU025,0.0,61,13.0,714
2025-11-19,SKU025,0.0,221,13.0,714
2025-11-20,SKU025,0.0,210,13.0,714
2025-11-21,SKU025,0.0,144,13.0,714
2025-11-22,SKU025,0.0,218,13.0,714
2025-11-23,SKU025,0.0,117,13.0,714
2025-11-24,SKU025,0.0,121,13.0,714
2025-11-25,SKU025,0.0,113,13.0,714
2025-11-26,SKU025,0.0,0,13.0,714
2025-11-27,SKU025,0.0,94,13.0,714
2025-11-28,SKU025,0.0,129,13.0,714
2025-11-29,SKU025,0.0,127,13.0,714
2025-11-30,SKU025,0.0,126,13.0,714
2025-12-01,SKU025,0.0,96,13.0,714
2025-12-02,SKU025,0.0,166,13.0,714
2025-12-03,SKU025,0.0,212,13.0,714
2025-12-04,SKU025,0.0,183,13.0,714
2025-12-05,SKU025,0.0,90,13.0,714
2025-12-06,SKU025,0.0,83,13.0,714
2025-12-07,SKU025,0.0,199,13.0,714
2025-12-08,SKU025,0.0,69,13.0,714
2025-12-09,SKU025,0.0,50,13.0,714
2025-12-10,SKU025,0.0,79,13.0,714
2025-12-11,SKU025,0.0,132,13.0,714
2025-12-12,SKU025,0.0,29,13.0,714
2025-12-13,SKU025,9.0,0,13.0,714
2025-12-14,SKU025,0.0,77,13.0,714
2025-12-15,SKU025,0.0,136,13.0,714
2025-12-16,SKU025,0.0,169,13.0,714
2025-12-17,SKU025,0.0,218,13.0,714
2025-12-18,SKU025,0.0,66,13.0,714
2025-12-19,SKU025,0.0,163,13.0,714
2025-12-20,SKU025,0.0,72,13.0,714
2025-12-21,SKU025,0.0,143,13.0,714
2025-12-22,SKU025,0.0,77,13.0,714
2025-12-23,SKU025,0.0,117,13.0,714
2025-12-24,SKU025,0.0,120,13.0,714
2025-12-25,SKU025,0.0,213,13.0,714
2025-12-26,SKU025,6.0,0,13.0,714
2025-12-27,SKU025,0.0,187,13.0,714
2025-12-28,SKU025,0.0,169,13.0,714
2025-12-29,SKU025,0.0,134,13.0,714
2025-12-30,SKU025,0.0,165,13.0,714
2025-12-31,SKU025,0.0,97,13.0,714
2026-01-01,SKU025,0.0,150,13.0,714
2026-01-02,SKU025,0.0,56,13.0,714
2026-01-03,SKU025,0.0,180,13.0,714
2026-01-04,SKU025,0.0,92,13.0,714
2026-01-05,SKU025,0.0,219,13.0,714
2026-01-06,SKU025,0.0,112,13.0,714
2026-01-07,SKU025,0.0,208,13.0,714
2026-01-08,SKU025,0.0,78,13.0,714
2026-01-09,SKU025,0.0,84,13.0,714
2026-01-10,SKU025,0.0,183,13.0,714
2026-01-11,SKU025,0.0,199,13.0,714
2026-01-12,SKU025,0.0,122,13.0,714
2026-01-13,SKU025,0.0,0,13.0,714
2026-01-14,SKU025,0.0,95,13.0,714
2026-01-15,SKU025,0.0,184,13.0,714
2026-01-16,SKU025,0.0,120,13.0,714
2026-01-17,SKU025,0.0,167,13.0,714
2026-01-18,SKU025,0.0,101,13.0,714
2026-01-19,SKU025,0.0,34,13.0,714
2026-01-20,SKU025,0.0,159,13.0,714
2026-01-21,SKU025,0.0,85,13.0,714
2026-01-22,SKU025,0.0,122,13.0,714
2026-01-23,SKU025,0.0,204,13.0,714
2026-01-24,SKU025,0.0,70,13.0,714
2026-01-25,SKU025,0.0,95,13.0,714
2026-01-26,SKU025,0.0,0,13.0,714
2026-01-27,SKU025,0.0,34,13.0,714
2026-01-28,SKU025,0.0,107,13.0,714
2026-01-29,SKU025,0.0,46,13.0,714
2026-01-30,SKU025,0.0,85,13.0,714
2026-01-31,SKU025,0.0,192,13.0,714
2026-02-01,SKU025,0.0,36,13.0,714
2026-02-02,SKU025,0.0,150,13.0,714
2026-02-03,SKU025,0.0,103,13.0,714
2026-02-04,SKU025,0.0,103,13.0,714
2026-02-05,SKU025,0.0,125,13.0,714
2026-02-06,SKU025,0.0,94,13.0,714
2026-02-07,SKU025,0.0,43,13.0,714
2026-02-08,SKU025,0.0,199,13.0,714
2026-02-09,SKU025,0.0,65,13.0,714
2026-02-10,SKU025,0.0,160,13.0,714
2026-02-11,SKU025,0.0,173,13.0,714
2026-02-12,SKU025,0.0,67,13.0,714
2026-02-13,SKU025,0.0,0,13.0,714
2026-02-14,SKU025,0.0,205,13.0,714
2026-02-15,SKU025,0.0,32,13.0,714
2026-02-16,SKU025,0.0,112,13.0,714
2026-02-17,SKU025,0.0,41,13.0,714
2026-02-18,SKU025,0.0,110,13.0,714
2026-02-19,SKU025,0.0,64,13.0,714
2026-02-20,SKU025,0.0,206,13.0,714
2026-02-21,SKU025,0.0,88,13.0,714
2026-02-22,SKU025,0.0,182,13.0,714
2026-02-23,SKU025,0.0,100,13.0,714
2026-02-24,SKU025,0.0,130,13.0,714
2026-02-25,SKU025,0.0,159,13.0,714
2026-02-26,SKU025,87.0,0,13.0,714
2026-02-27,SKU025,10.0,192,13.0,714
2026-02-28,SKU025,0.0,89,13.0,714
2026-03-01,SKU025,0.0,122,13.0,714
2026-03-02,SKU025,0.0,189,13.0,714
2026-03-03,SKU025,0.0,90,13.0,714
2026-03-04,SKU025,0.0,68,13.0,714
2026-03-05,SKU025,0.0,81,13.0,714
2026-03-06,SKU025,0.0,91,13.0,714
2026-03-07,SKU025,0.0,58,13.0,714
2026-03-08,SKU025,0.0,63,13.0,714
2026-03-09,SKU025,0.0,37,13.0,714
2026-03-10,SKU025,0.0,71,13.0,714
2026-03-11,SKU025,0.0,203,13.0,714
2026-03-12,SKU025,0.0,146,13.0,714
2026-03-13,SKU025,2.0,0,13.0,714
2026-03-14,SKU025,0.0,183,13.0,714
2026-03-15,SKU025,0.0,144,13.0,714
2026-03-16,SKU025,0.0,63,13.0,714
2026-03-17,SKU025,0.0,148,13.0,714
2026-03-18,SKU025,0.0,209,13.0,714
2026-03-19,SKU025,0.0,42,13.0,714
2026-03-20,SKU025,0.0,220,13.0,714
2026-03-21,SKU025,0.0,110,13.0,714
2026-03-22,SKU025,0.0,122,13.0,714
2026-03-23,SKU025,,32,13.0,714
2026-03-24,SKU025,0.0,79,13.0,714
2026-03-25,SKU025,0.0,100,13.0,714
2026-03-26,SKU025,154.0,0,13.0,714
2026-03-27,SKU025,95.0,171,13.0,714
2026-03-28,SKU025,3.0,210,13.0,714
2026-03-29,SKU025,0.0,169,13.0,714
2026-03-30,SKU025,0.0,192,13.0,714
2026-03-31,SKU025,0.0,33,13.0,714
2026-04-01,SKU025,0.0,195,13.0,714
2026-04-02,SKU025,0.0,185,13.0,714
2026-04-03,SKU025,0.0,143,13.0,714
2026-04-04,SKU025,0.0,164,13.0,714
2026-04-05,SKU025,0.0,177,13.0,714
2026-04-06,SKU025,0.0,37,13.0,714
2026-04-07,SKU025,0.0,76,13.0,714
2026-04-08,SKU025,0.0,210,13.0,714
2026-04-09,SKU025,0.0,86,13.0,714
2026-04-10,SKU025,0.0,47,13.0,714
2026-04-11,SKU025,0.0,160,13.0,714
2026-04-12,SKU025,0.0,101,13.0,714
2026-04-13,SKU025,0.0,0,13.0,714
2026-04-14,SKU025,0.0,140,13.0,714
2026-04-15,SKU025,0.0,220,13.0,714
2026-04-16,SKU025,0.0,166,13.0,714
2026-04-17,SKU025,0.0,153,13.0,714
2026-04-18,SKU025,0.0,123,13.0,714
2026-04-19,SKU025,0.0,40,13.0,714
2026-04-20,SKU025,0.0,34,13.0,714
2026-04-21,SKU025,0.0,173,13.0,714
2026-04-22,SKU025,0.0,175,13.0,714
2026-04-23,SKU025,0.0,68,13.0,714
2026-04-24,SKU025,0.0,134,13.0,714
2026-04-25,SKU025,0.0,91,13.0,714
2026-04-26,SKU025,99.0,0,13.0,714
2026-04-27,SKU025,48.0,186,13.0,714
2026-04-28,SKU025,0.0,113,13.0,714
2026-04-29,SKU025,0.0,161,,714
2026-04-30,SKU025,0.0,97,13.0,714
2026-05-01,SKU025,0.0,129,13.0,714
2026-05-02,SKU025,0.0,171,13.0,714
2026-05-03,SKU025,0.0,51,13.0,714
2026-05-04,SKU025,0.0,31,13.0,714
2026-05-05,SKU025,0.0,153,13.0,714
2026-05-06,SKU025,0.0,181,13.0,714
2026-05-07,SKU025,0.0,149,13.0,714
2026-05-08,SKU025,0.0,63,13.0,714
2026-05-09,SKU025,0.0,125,13.0,714
2026-05-10,SKU025,0.0,106,13.0,714
2026-05-11,SKU025,0.0,211,13.0,714
2026-05-12,SKU025,0.0,162,13.0,714
2026-05-13,SKU025,79.0,0,13.0,714
2026-05-14,SKU025,10.0,105,13.0,714
2026-05-15,SKU025,0.0,93,13.0,714
2026-05-16,SKU025,0.0,53,13.0,714
2026-05-17,SKU025,0.0,164,13.0,714
2026-05-18,SKU025,,132,13.0,714
2026-05-19,SKU025,0.0,42,13.0,714
2026-05-20,SKU025,0.0,107,13.0,714
2026-05-21,SKU025,0.0,176,13.0,714
2026-05-22,SKU025,0.0,55,13.0,714
2026-05-23,SKU025,0.0,178,13.0,714
2026-05-24,SKU025,0.0,116,13.0,714
2026-05-25,SKU025,0.0,41,13.0,714
2026-05-26,SKU025,145.0,0,13.0,714
2026-05-27,SKU025,77.0,63,13.0,714
2026-05-28,SKU025,16.0,35,13.0,714
2026-05-29,SKU025,0.0,130,13.0,714
2026-05-30,SKU025,0.0,56,13.0,714
2026-05-31,SKU025,0.0,37,13.0,714
2026-06-01,SKU025,0.0,158,13.0,714
2026-06-02,SKU025,0.0,48,13.0,714
2026-06-03,SKU025,0.0,215,13.0,714
2026-06-04,SKU025,0.0,185,13.0,714
2026-06-05,SKU025,0.0,197,13.0,714
2026-06-06,SKU025,0.0,157,13.0,714
2026-06-07,SKU025,0.0,133,13.0,714
2026-06-08,SKU025,0.0,160,13.0,714
2026-06-09,SKU025,0.0,141,13.0,714
2026-06-10,SKU025,0.0,184,13.0,714
2026-06-11,SKU025,0.0,63,13.0,714
2026-06-12,SKU025,0.0,53,13.0,714
2026-06-13,SKU025,71.0,0,13.0,714
2026-06-14,SKU025,0.0,66,13.0,714
2026-06-15,SKU025,0.0,218,13.0,714
2026-06-16,SKU025,0.0,56,13.0,714
2026-06-17,SKU025,0.0,156,13.0,714
2026-06-18,SKU025,0.0,182,13.0,714
2026-06-19,SKU025,0.0,82,13.0,714
2026-06-20,SKU025,0.0,158,13.0,714
2026-06-21,SKU025,0.0,213,13.0,714
2026-06-22,SKU025,0.0,212,13.0,714
2026-06-23,SKU025,0.0,56,13.0,714
2026-06-24,SKU025,0.0,49,13.0,714
2026-06-25,SKU025,0.0,86,13.0,714
2026-06-26,SKU025,0.0,0,13.0,714
2026-06-27,SKU025,0.0,55,13.0,714
2026-06-28,SKU025,0.0,102,13.0,714
2026-06-29,SKU025,0.0,30,13.0,714
2026-06-30,SKU025,0.0,41,13.0,714
2025-01-01,SKU026,226.0,75,4.0,349
2025-01-02,SKU026,148.0,179,4.0,349
2025-01-03,SKU026,48.0,213,4.0,349
2025-01-04,SKU026,47.0,0,4.0,349
2025-01-05,SKU026,0.0,204,4.0,349
2025-01-06,SKU026,0.0,172,4.0,349
2025-01-07,SKU026,0.0,225,4.0,349
2025-01-08,SKU026,84.0,0,4.0,349
2025-01-09,SKU026,12.0,186,4.0,349
2025-01-10,SKU026,0.0,76,4.0,349
2025-01-11,SKU026,0.0,102,4.0,349
2025-01-12,SKU026,72.0,0,4.0,349
2025-01-13,SKU026,0.0,194,4.0,349
2025-01-14,SKU026,0.0,264,4.0,349
2025-01-15,SKU026,0.0,93,4.0,349
2025-01-16,SKU026,165.0,0,4.0,349
2025-01-17,SKU026,69.0,172,4.0,349
2025-01-18,SKU026,0.0,49,4.0,349
2025-01-19,SKU026,0.0,56,4.0,349
2025-01-20,SKU026,108.0,0,4.0,349
2025-01-21,SKU026,3.0,236,4.0,349
2025-01-22,SKU026,0.0,290,4.0,349
2025-01-23,SKU026,0.0,108,4.0,349
2025-01-24,SKU026,151.0,0,4.0,349
2025-01-25,SKU026,49.0,92,4.0,349
2025-01-26,SKU026,0.0,229,4.0,349
2025-01-27,SKU026,0.0,90,4.0,349
2025-01-28,SKU026,149.0,0,4.0,349
2025-01-29,SKU026,84.0,119,4.0,349
2025-01-30,SKU026,0.0,150,4.0,349
2025-01-31,SKU026,0.0,227,4.0,349
2025-02-01,SKU026,,194,4.0,349
2025-02-02,SKU026,0.0,66,4.0,349
2025-02-03,SKU026,0.0,219,4.0,349
2025-02-04,SKU026,98.0,0,4.0,349
2025-02-05,SKU026,18.0,255,4.0,349
2025-02-06,SKU026,0.0,287,4.0,349
2025-02-07,SKU026,,98,4.0,349
2025-02-08,SKU026,119.0,0,4.0,349
2025-02-09,SKU026,38.0,143,4.0,349
2025-02-10,SKU026,0.0,109,4.0,349
2025-02-11,SKU026,0.0,247,4.0,349
2025-02-12,SKU026,112.0,0,4.0,349
2025-02-13,SKU026,16.0,299,4.0,349
2025-02-14,SKU026,0.0,110,4.0,349
2025-02-15,SKU026,0.0,91,4.0,349
2025-02-16,SKU026,97.0,0,4.0,349
2025-02-17,SKU026,11.0,268,4.0,349
2025-02-18,SKU026,0.0,190,4.0,349
2025-02-19,SKU026,0.0,164,4.0,349
2025-02-20,SKU026,129.0,0,4.0,349
2025-02-21,SKU026,14.0,194,4.0,349
2025-02-22,SKU026,0.0,225,4.0,349
2025-02-23,SKU026,0.0,260,4.0,349
2025-02-24,SKU026,252.0,0,4.0,349
2025-02-25,SKU026,168.0,111,4.0,349
2025-02-26,SKU026,73.0,215,4.0,349
2025-02-27,SKU026,0.0,214,4.0,349
2025-02-28,SKU026,32.0,0,4.0,349
2025-03-01,SKU026,0.0,319,4.0,349
2025-03-02,SKU026,0.0,268,4.0,349
2025-03-03,SKU026,0.0,105,4.0,349
2025-03-04,SKU026,256.0,0,4.0,349
2025-03-05,SKU026,185.0,106,4.0,349
2025-03-06,SKU026,114.0,114,4.0,349
2025-03-07,SKU026,28.0,45,4.0,349
2025-03-08,SKU026,9.0,0,4.0,349
2025-03-09,SKU026,0.0,64,4.0,349
2025-03-10,SKU026,0.0,310,4.0,349
2025-03-11,SKU026,0.0,288,4.0,349
2025-03-12,SKU026,145.0,0,4.0,349
2025-03-13,SKU026,62.0,153,4.0,349
2025-03-14,SKU026,0.0,258,4.0,349
2025-03-15,SKU026,0.0,180,4.0,349
2025-03-16,SKU026,216.0,0,4.0,349
2025-03-17,SKU026,156.0,50,4.0,349
2025-03-18,SKU026,78.0,43,4.0,349
2025-03-19,SKU026,7.0,151,4.0,349
2025-03-20,SKU026,192.0,0,4.0,349
2025-03-21,SKU026,,238,4.0,349
2025-03-22,SKU026,0.0,134,4.0,349
2025-03-23,SKU026,0.0,69,4.0,349
2025-03-24,SKU026,108.0,0,4.0,349
2025-03-25,SKU026,0.0,203,4.0,349
2025-03-26,SKU026,0.0,50,4.0,349
2025-03-27,SKU026,0.0,280,4.0,349
2025-03-28,SKU026,171.0,0,4.0,349
2025-03-29,SKU026,60.0,184,4.0,349
2025-03-30,SKU026,0.0,91,4.0,349
2025-03-31,SKU026,0.0,194,4.0,349
2025-04-01,SKU026,0.0,223,4.0,349
2025-04-02,SKU026,0.0,304,4.0,349
2025-04-03,SKU026,0.0,109,4.0,349
2025-04-04,SKU026,179.0,0,4.0,349
2025-04-05,SKU026,77.0,186,4.0,349
2025-04-06,SKU026,0.0,56,4.0,349
2025-04-07,SKU026,0.0,272,4.0,349
2025-04-08,SKU026,133.0,0,4.0,349
2025-04-09,SKU026,67.0,55,4.0,349
2025-04-10,SKU026,0.0,238,4.0,349
2025-04-11,SKU026,0.0,202,4.0,349
2025-04-12,SKU026,91.0,0,4.0,349
2025-04-13,SKU026,0.0,67,4.0,349
2025-04-14,SKU026,0.0,298,4.0,349
2025-04-15,SKU026,0.0,309,4.0,349
2025-04-16,SKU026,223.0,0,4.0,349
2025-04-17,SKU026,126.0,223,4.0,349
2025-04-18,SKU026,28.0,59,4.0,349
2025-04-19,SKU026,0.0,225,4.0,349
2025-04-20,SKU026,188.0,0,4.0,349
2025-04-21,SKU026,104.0,328,4.0,349
2025-04-22,SKU026,44.0,203,4.0,349
2025-04-23,SKU026,0.0,144,4.0,349
2025-04-24,SKU026,97.0,0,4.0,349
2025-04-25,SKU026,31.0,207,4.0,349
2025-04-26,SKU026,0.0,279,4.0,349
2025-04-27,SKU026,0.0,314,4.0,349
2025-04-28,SKU026,50.0,0,4.0,349
2025-04-29,SKU026,0.0,113,4.0,349
2025-04-30,SKU026,0.0,282,4.0,349
2025-05-01,SKU026,0.0,174,4.0,349
2025-05-02,SKU026,0.0,120,4.0,349
2025-05-03,SKU026,0.0,76,4.0,349
2025-05-04,SKU026,7.0,0,4.0,349
2025-05-05,SKU026,0.0,137,4.0,349
2025-05-06,SKU026,0.0,49,4.0,349
2025-05-07,SKU026,0.0,321,4.0,349
2025-05-08,SKU026,129.0,0,4.0,349
2025-05-09,SKU026,46.0,279,4.0,349
2025-05-10,SKU026,0.0,168,4.0,349
2025-05-11,SKU026,0.0,317,4.0,349
2025-05-12,SKU026,71.0,0,4.0,349
2025-05-13,SKU026,0.0,156,4.0,349
2025-05-14,SKU026,0.0,251,4.0,349
2025-05-15,SKU026,0.0,203,4.0,349
2025-05-16,SKU026,41.0,0,4.0,349
2025-05-17,SKU026,0.0,41,4.0,349
2025-05-18,SKU026,0.0,76,4.0,349
2025-05-19,SKU026,0.0,116,4.0,349
2025-05-20,SKU026,0.0,0,4.0,349
2025-05-21,SKU026,0.0,190,4.0,349
2025-05-22,SKU026,0.0,138,4.0,349
2025-05-23,SKU026,0.0,243,4.0,349
2025-05-24,SKU026,88.0,0,4.0,349
2025-05-25,SKU026,0.0,102,4.0,349
2025-05-26,SKU026,0.0,168,4.0,349
2025-05-27,SKU026,0.0,251,4.0,349
2025-05-28,SKU026,100.0,0,4.0,349
2025-05-29,SKU026,13.0,164,4.0,349
2025-05-30,SKU026,0.0,144,4.0,349
2025-05-31,SKU026,0.0,241,4.0,349
2025-06-01,SKU026,0.0,247,4.0,349
2025-06-02,SKU026,0.0,222,4.0,349
2025-06-03,SKU026,0.0,205,4.0,349
2025-06-04,SKU026,36.0,0,4.0,349
2025-06-05,SKU026,0.0,256,4.0,349
2025-06-06,SKU026,0.0,294,4.0,349
2025-06-07,SKU026,0.0,77,4.0,349
2025-06-08,SKU026,203.0,0,4.0,349
2025-06-09,SKU026,121.0,108,4.0,349
2025-06-10,SKU026,0.0,80,4.0,349
2025-06-11,SKU026,0.0,233,4.0,349
2025-06-12,SKU026,27.0,0,4.0,349
2025-06-13,SKU026,0.0,324,4.0,349
2025-06-14,SKU026,0.0,160,4.0,349
2025-06-15,SKU026,0.0,230,4.0,349
2025-06-16,SKU026,0.0,0,4.0,349
2025-06-17,SKU026,0.0,162,4.0,349
2025-06-18,SKU026,0.0,238,4.0,349
2025-06-19,SKU026,0.0,76,4.0,349
2025-06-20,SKU026,51.0,0,4.0,349
2025-06-21,SKU026,0.0,317,4.0,349
2025-06-22,SKU026,0.0,127,4.0,349
2025-06-23,SKU026,0.0,215,4.0,349
2025-06-24,SKU026,122.0,0,4.0,349
2025-06-25,SKU026,15.0,282,4.0,349
2025-06-26,SKU026,0.0,85,4.0,349
2025-06-27,SKU026,0.0,247,4.0,349
2025-06-28,SKU026,108.0,0,4.0,349
2025-06-29,SKU026,8.0,198,4.0,349
2025-06-30,SKU026,0.0,225,4.0,349
2025-07-01,SKU026,0.0,270,4.0,349
2025-07-02,SKU026,0.0,248,4.0,349
2025-07-03,SKU026,0.0,57,4.0,349
2025-07-04,SKU026,72.0,0,4.0,349
2025-07-05,SKU026,0.0,235,4.0,349
2025-07-06,SKU026,0.0,43,4.0,349
2025-07-07,SKU026,0.0,128,4.0,349
2025-07-08,SKU026,0.0,0,4.0,349
2025-07-09,SKU026,0.0,132,4.0,349
2025-07-10,SKU026,0.0,260,4.0,349
2025-07-11,SKU026,0.0,267,4.0,349
2025-07-12,SKU026,139.0,0,4.0,349
2025-07-13,SKU026,59.0,80,4.0,349
2025-07-14,SKU026,0.0,250,4.0,349
2025-07-15,SKU026,0.0,251,4.0,349
2025-07-16,SKU026,0.0,0,4.0,349
2025-07-17,SKU026,0.0,200,4.0,349
2025-07-18,SKU026,0.0,186,4.0,349
2025-07-19,SKU026,0.0,228,4.0,349
2025-07-20,SKU026,151.0,0,4.0,349
2025-07-21,SKU026,77.0,60,4.0,349
2025-07-22,SKU026,0.0,113,4.0,349
2025-07-23,SKU026,0.0,279,4.0,349
2025-07-24,SKU026,90.0,0,4.0,349
2025-07-25,SKU026,0.0,276,4.0,349
2025-07-26,SKU026,0.0,115,4.0,349
2025-07-27,SKU026,0.0,312,4.0,349
2025-07-28,SKU026,99.0,0,4.0,349
2025-07-29,SKU026,2.0,181,4.0,349
2025-07-30,SKU026,0.0,126,4.0,349
2025-07-31,SKU026,0.0,270,4.0,349
2025-08-01,SKU026,0.0,242,4.0,349
2025-08-02,SKU026,0.0,290,4.0,349
2025-08-03,SKU026,0.0,163,4.0,349
2025-08-04,SKU026,187.0,0,4.0,349
2025-08-05,SKU026,86.0,168,4.0,349
2025-08-06,SKU026,0.0,128,4.0,349
2025-08-07,SKU026,0.0,326,4.0,349
2025-08-08,SKU026,0.0,0,4.0,349
2025-08-09,SKU026,0.0,98,4.0,349
2025-08-10,SKU026,0.0,210,4.0,349
2025-08-11,SKU026,0.0,262,4.0,349
2025-08-12,SKU026,0.0,0,4.0,349
2025-08-13,SKU026,0.0,272,4.0,349
2025-08-14,SKU026,0.0,321,4.0,349
2025-08-15,SKU026,0.0,189,4.0,349
2025-08-16,SKU026,207.0,0,4.0,349
2025-08-17,SKU026,130.0,80,4.0,349
2025-08-18,SKU026,33.0,206,4.0,349
2025-08-19,SKU026,0.0,296,4.0,349
2025-08-20,SKU026,82.0,0,4.0,349
2025-08-21,SKU026,0.0,279,4.0,349
2025-08-22,SKU026,0.0,230,4.0,349
2025-08-23,SKU026,0.0,116,4.0,349
2025-08-24,SKU026,208.0,0,4.0,349
2025-08-25,SKU026,139.0,148,4.0,349
2025-08-26,SKU026,52.0,54,4.0,349
2025-08-27,SKU026,0.0,108,4.0,349
2025-08-28,SKU026,184.0,0,4.0,349
2025-08-29,SKU026,65.0,248,4.0,349
2025-08-30,SKU026,0.0,234,4.0,349
2025-08-31,SKU026,0.0,66,4.0,349
2025-09-01,SKU026,0.0,263,4.0,349
2025-09-02,SKU026,0.0,217,4.0,349
2025-09-03,SKU026,0.0,78,4.0,349
2025-09-04,SKU026,80.0,0,4.0,349
2025-09-05,SKU026,6.0,132,4.0,349
2025-09-06,SKU026,0.0,247,4.0,349
2025-09-07,SKU026,0.0,161,4.0,349
2025-09-08,SKU026,139.0,0,4.0,349
2025-09-09,SKU026,63.0,306,4.0,349
2025-09-10,SKU026,0.0,164,4.0,349
2025-09-11,SKU026,0.0,294,4.0,349
2025-09-12,SKU026,31.0,0,4.0,349
2025-09-13,SKU026,0.0,132,4.0,349
2025-09-14,SKU026,0.0,86,4.0,349
2025-09-15,SKU026,0.0,251,4.0,349
2025-09-16,SKU026,173.0,0,4.0,349
2025-09-17,SKU026,89.0,79,4.0,349
2025-09-18,SKU026,0.0,309,4.0,349
2025-09-19,SKU026,0.0,150,4.0,349
2025-09-20,SKU026,130.0,0,4.0,349
2025-09-21,SKU026,71.0,290,4.0,349
2025-09-22,SKU026,1.0,186,4.0,349
2025-09-23,SKU026,0.0,295,4.0,349
2025-09-24,SKU026,145.0,0,4.0,349
2025-09-25,SKU026,62.0,149,4.0,349
2025-09-26,SKU026,0.0,170,4.0,349
2025-09-27,SKU026,0.0,226,4.0,349
2025-09-28,SKU026,229.0,0,4.0,349
2025-09-29,SKU026,170.0,326,4.0,349
2025-09-30,SKU026,79.0,87,4.0,349
2025-10-01,SKU026,0.0,220,4.0,349
2025-10-02,SKU026,0.0,303,4.0,349
2025-10-03,SKU026,0.0,120,4.0,349
2025-10-04,SKU026,50.0,0,4.0,349
2025-10-05,SKU026,0.0,243,4.0,349
2025-10-06,SKU026,0.0,177,4.0,349
2025-10-07,SKU026,0.0,90,4.0,349
2025-10-08,SKU026,0.0,0,4.0,349
2025-10-09,SKU026,0.0,212,4.0,349
2025-10-10,SKU026,0.0,326,4.0,349
2025-10-11,SKU026,0.0,73,4.0,349
2025-10-12,SKU026,98.0,0,4.0,349
2025-10-13,SKU026,28.0,66,4.0,349
2025-10-14,SKU026,0.0,260,4.0,349
2025-10-15,SKU026,0.0,275,4.0,349
2025-10-16,SKU026,158.0,0,4.0,349
2025-10-17,SKU026,54.0,232,4.0,349
2025-10-18,SKU026,0.0,278,4.0,349
2025-10-19,SKU026,0.0,248,4.0,349
2025-10-20,SKU026,133.0,0,4.0,349
2025-10-21,SKU026,43.0,248,4.0,349
2025-10-22,SKU026,0.0,72,4.0,349
2025-10-23,SKU026,0.0,141,4.0,349
2025-10-24,SKU026,137.0,0,4.0,349
2025-10-25,SKU026,58.0,271,4.0,349
2025-10-26,SKU026,0.0,101,4.0,349
2025-10-27,SKU026,0.0,136,4.0,349
2025-10-28,SKU026,61.0,0,4.0,349
2025-10-29,SKU026,0.0,304,4.0,349
2025-10-30,SKU026,0.0,147,4.0,349
2025-10-31,SKU026,0.0,81,4.0,349
2025-11-01,SKU026,0.0,292,4.0,349
2025-11-02,SKU026,0.0,155,4.0,349
2025-11-03,SKU026,0.0,290,4.0,349
2025-11-04,SKU026,0.0,0,4.0,349
2025-11-05,SKU026,0.0,314,4.0,349
2025-11-06,SKU026,0.0,316,4.0,349
2025-11-07,SKU026,0.0,123,4.0,349
2025-11-08,SKU026,0.0,0,4.0,349
2025-11-09,SKU026,0.0,157,4.0,349
2025-11-10,SKU026,0.0,107,4.0,349
2025-11-11,SKU026,0.0,264,4.0,349
2025-11-12,SKU026,0.0,0,4.0,349
2025-11-13,SKU026,0.0,74,4.0,349
2025-11-14,SKU026,0.0,231,4.0,349
2025-11-15,SKU026,0.0,276,4.0,349
2025-11-16,SKU026,0.0,0,4.0,349
2025-11-17,SKU026,0.0,114,4.0,349
2025-11-18,SKU026,0.0,217,4.0,349
2025-11-19,SKU026,0.0,122,4.0,349
2025-11-20,SKU026,82.0,0,4.0,349
2025-11-21,SKU026,0.0,220,4.0,349
2025-11-22,SKU026,0.0,187,4.0,349
2025-11-23,SKU026,0.0,267,4.0,349
2025-11-24,SKU026,0.0,0,4.0,349
2025-11-25,SKU026,0.0,72,4.0,349
2025-11-26,SKU026,0.0,78,4.0,349
2025-11-27,SKU026,0.0,323,4.0,349
2025-11-28,SKU026,0.0,0,4.0,349
2025-11-29,SKU026,0.0,154,4.0,349
2025-11-30,SKU026,0.0,119,4.0,349
2025-12-01,SKU026,0.0,254,4.0,349
2025-12-02,SKU026,0.0,117,4.0,349
2025-12-03,SKU026,0.0,205,4.0,349
2025-12-04,SKU026,0.0,0,4.0,349
2025-12-05,SKU026,0.0,276,4.0,349
2025-12-06,SKU026,0.0,316,4.0,349
2025-12-07,SKU026,0.0,143,4.0,349
2025-12-08,SKU026,0.0,0,4.0,349
2025-12-09,SKU026,0.0,142,4.0,349
2025-12-10,SKU026,0.0,88,4.0,349
2025-12-11,SKU026,0.0,298,4.0,349
2025-12-12,SKU026,197.0,0,4.0,349
2025-12-13,SKU026,97.0,126,4.0,349
2025-12-14,SKU026,0.0,260,4.0,349
2025-12-15,SKU026,0.0,261,4.0,349
2025-12-16,SKU026,165.0,0,4.0,349
2025-12-17,SKU026,42.0,67,4.0,349
2025-12-18,SKU026,0.0,286,4.0,349
2025-12-19,SKU026,0.0,168,4.0,349
2025-12-20,SKU026,162.0,0,4.0,349
2025-12-21,SKU026,0.0,137,4.0,349
2025-12-22,SKU026,0.0,306,4.0,349
2025-12-23,SKU026,0.0,105,4.0,349
2025-12-24,SKU026,0.0,0,4.0,349
2025-12-25,SKU026,0.0,44,4.0,349
2025-12-26,SKU026,0.0,124,4.0,349
2025-12-27,SKU026,0.0,163,4.0,349
2025-12-28,SKU026,101.0,0,4.0,349
2025-12-29,SKU026,0.0,59,4.0,349
2025-12-30,SKU026,0.0,106,4.0,349
2025-12-31,SKU026,0.0,214,,349
2026-01-01,SKU026,0.0,262,4.0,349
2026-01-02,SKU026,0.0,240,4.0,349
2026-01-03,SKU026,0.0,262,4.0,349
2026-01-04,SKU026,149.0,0,4.0,349
2026-01-05,SKU026,71.0,89,4.0,349
2026-01-06,SKU026,0.0,123,4.0,349
2026-01-07,SKU026,0.0,300,4.0,349
2026-01-08,SKU026,172.0,0,4.0,349
2026-01-09,SKU026,52.0,318,4.0,349
2026-01-10,SKU026,0.0,321,4.0,349
2026-01-11,SKU026,0.0,42,4.0,349
2026-01-12,SKU026,122.0,0,4.0,349
2026-01-13,SKU026,17.0,271,4.0,349
2026-01-14,SKU026,0.0,228,4.0,349
2026-01-15,SKU026,0.0,60,4.0,349
2026-01-16,SKU026,106.0,0,4.0,349
2026-01-17,SKU026,0.0,177,4.0,349
2026-01-18,SKU026,0.0,206,4.0,349
2026-01-19,SKU026,0.0,270,4.0,349
2026-01-20,SKU026,0.0,0,4.0,349
2026-01-21,SKU026,0.0,144,4.0,349
2026-01-22,SKU026,0.0,55,4.0,349
2026-01-23,SKU026,0.0,206,4.0,349
2026-01-24,SKU026,0.0,0,4.0,349
2026-01-25,SKU026,0.0,114,4.0,349
2026-01-26,SKU026,0.0,258,4.0,349
2026-01-27,SKU026,0.0,73,4.0,349
2026-01-28,SKU026,55.0,0,4.0,349
2026-01-29,SKU026,0.0,258,4.0,349
2026-01-30,SKU026,0.0,263,4.0,349
2026-01-31,SKU026,0.0,257,4.0,349
2026-02-01,SKU026,0.0,213,4.0,349
2026-02-02,SKU026,0.0,242,4.0,349
2026-02-03,SKU026,0.0,233,4.0,349
2026-02-04,SKU026,90.0,0,4.0,349
2026-02-05,SKU026,0.0,153,4.0,349
2026-02-06,SKU026,0.0,73,4.0,349
2026-02-07,SKU026,0.0,281,4.0,349
2026-02-08,SKU026,103.0,0,4.0,349
2026-02-09,SKU026,30.0,267,4.0,349
2026-02-10,SKU026,0.0,176,4.0,349
2026-02-11,SKU026,0.0,225,4.0,349
2026-02-12,SKU026,207.0,0,4.0,349
2026-02-13,SKU026,71.0,68,4.0,349
2026-02-14,SKU026,0.0,124,4.0,349
2026-02-15,SKU026,0.0,115,4.0,349
2026-02-16,SKU026,187.0,0,4.0,349
2026-02-17,SKU026,91.0,76,4.0,349
2026-02-18,SKU026,0.0,283,4.0,349
2026-02-19,SKU026,0.0,71,4.0,349
2026-02-20,SKU026,222.0,0,4.0,349
2026-02-21,SKU026,124.0,83,4.0,349
2026-02-22,SKU026,20.0,51,4.0,349
2026-02-23,SKU026,0.0,305,4.0,349
2026-02-24,SKU026,189.0,0,4.0,349
2026-02-25,SKU026,79.0,173,4.0,349
2026-02-26,SKU026,10.0,219,4.0,349
2026-02-27,SKU026,0.0,97,4.0,349
2026-02-28,SKU026,221.0,0,4.0,349
2026-03-01,SKU026,108.0,283,4.0,349
2026-03-02,SKU026,14.0,297,4.0,349
2026-03-03,SKU026,0.0,285,4.0,349
2026-03-04,SKU026,119.0,0,4.0,349
2026-03-05,SKU026,39.0,137,4.0,349
2026-03-06,SKU026,0.0,328,4.0,349
2026-03-07,SKU026,0.0,156,4.0,349
2026-03-08,SKU026,241.0,0,4.0,349
2026-03-09,SKU026,148.0,108,4.0,349
2026-03-10,SKU026,69.0,214,4.0,349
2026-03-11,SKU026,0.0,200,4.0,349
2026-03-12,SKU026,19.0,0,4.0,349
2026-03-13,SKU026,0.0,116,4.0,349
2026-03-14,SKU026,0.0,266,4.0,349
2026-03-15,SKU026,0.0,137,4.0,349
2026-03-16,SKU026,134.0,0,4.0,349
2026-03-17,SKU026,0.0,193,4.0,349
2026-03-18,SKU026,0.0,95,4.0,349
2026-03-19,SKU026,0.0,122,4.0,349
2026-03-20,SKU026,16.0,0,4.0,349
2026-03-21,SKU026,0.0,119,4.0,349
2026-03-22,SKU026,0.0,70,4.0,349
2026-03-23,SKU026,0.0,43,4.0,349
2026-03-24,SKU026,146.0,0,4.0,349
2026-03-25,SKU026,18.0,117,4.0,349
2026-03-26,SKU026,0.0,300,4.0,349
2026-03-27,SKU026,0.0,48,4.0,349
2026-03-28,SKU026,159.0,0,4.0,349
2026-03-29,SKU026,75.0,127,4.0,349
2026-03-30,SKU026,2.0,235,4.0,349
2026-03-31,SKU026,0.0,241,4.0,349
2026-04-01,SKU026,0.0,104,4.0,349
2026-04-02,SKU026,0.0,99,4.0,349
2026-04-03,SKU026,0.0,286,4.0,349
2026-04-04,SKU026,0.0,0,4.0,349
2026-04-05,SKU026,0.0,76,4.0,349
2026-04-06,SKU026,0.0,240,4.0,349
2026-04-07,SKU026,0.0,103,4.0,349
2026-04-08,SKU026,138.0,0,4.0,349
2026-04-09,SKU026,40.0,173,4.0,349
2026-04-10,SKU026,0.0,145,4.0,349
2026-04-11,SKU026,0.0,58,4.0,349
2026-04-12,SKU026,24.0,0,4.0,349
2026-04-13,SKU026,0.0,116,4.0,349
2026-04-14,SKU026,0.0,256,4.0,349
2026-04-15,SKU026,0.0,185,4.0,349
2026-04-16,SKU026,221.0,0,4.0,349
2026-04-17,SKU026,105.0,64,4.0,349
2026-04-18,SKU026,0.0,188,4.0,349
2026-04-19,SKU026,0.0,110,4.0,349
2026-04-20,SKU026,86.0,0,4.0,349
2026-04-21,SKU026,0.0,98,4.0,349
2026-04-22,SKU026,0.0,130,4.0,349
2026-04-23,SKU026,0.0,238,4.0,349
2026-04-24,SKU026,145.0,0,4.0,349
2026-04-25,SKU026,33.0,201,4.0,349
2026-04-26,SKU026,0.0,133,4.0,349
2026-04-27,SKU026,0.0,146,4.0,349
2026-04-28,SKU026,109.0,0,4.0,349
2026-04-29,SKU026,42.0,200,4.0,349
2026-04-30,SKU026,0.0,277,4.0,349
2026-05-01,SKU026,0.0,317,4.0,349
2026-05-02,SKU026,0.0,99,4.0,349
2026-05-03,SKU026,0.0,308,4.0,349
2026-05-04,SKU026,141.0,0,4.0,349
2026-05-05,SKU026,37.0,144,4.0,349
2026-05-06,SKU026,0.0,95,4.0,349
2026-05-07,SKU026,0.0,230,4.0,349
2026-05-08,SKU026,125.0,0,4.0,349
2026-05-09,SKU026,8.0,301,4.0,349
2026-05-10,SKU026,0.0,135,4.0,349
2026-05-11,SKU026,0.0,196,4.0,349
2026-05-12,SKU026,157.0,0,4.0,349
2026-05-13,SKU026,8.0,265,4.0,349
2026-05-14,SKU026,0.0,287,4.0,349
2026-05-15,SKU026,0.0,253,4.0,349
2026-05-16,SKU026,0.0,0,4.0,349
2026-05-17,SKU026,0.0,186,4.0,349
2026-05-18,SKU026,0.0,194,4.0,349
2026-05-19,SKU026,0.0,323,4.0,349
2026-05-20,SKU026,104.0,0,4.0,349
2026-05-21,SKU026,12.0,52,4.0,349
2026-05-22,SKU026,0.0,257,4.0,349
2026-05-23,SKU026,0.0,155,4.0,349
2026-05-24,SKU026,96.0,0,4.0,349
2026-05-25,SKU026,0.0,254,4.0,349
2026-05-26,SKU026,0.0,319,4.0,349
2026-05-27,SKU026,0.0,273,4.0,349
2026-05-28,SKU026,13.0,0,4.0,349
2026-05-29,SKU026,0.0,103,4.0,349
2026-05-30,SKU026,0.0,323,4.0,349
2026-05-31,SKU026,0.0,102,4.0,349
2026-06-01,SKU026,0.0,81,4.0,349
2026-06-02,SKU026,0.0,299,4.0,349
2026-06-03,SKU026,0.0,169,4.0,349
2026-06-04,SKU026,0.0,0,4.0,349
2026-06-05,SKU026,0.0,212,4.0,349
2026-06-06,SKU026,0.0,147,4.0,349
2026-06-07,SKU026,0.0,167,4.0,349
2026-06-08,SKU026,103.0,0,4.0,349
2026-06-09,SKU026,0.0,327,4.0,349
2026-06-10,SKU026,0.0,73,4.0,349
2026-06-11,SKU026,0.0,109,4.0,349
2026-06-12,SKU026,144.0,0,4.0,349
2026-06-13,SKU026,0.0,80,4.0,349
2026-06-14,SKU026,0.0,322,4.0,349
2026-06-15,SKU026,0.0,136,4.0,349
2026-06-16,SKU026,79.0,0,4.0,349
2026-06-17,SKU026,0.0,97,4.0,349
2026-06-18,SKU026,0.0,132,4.0,349
2026-06-19,SKU026,0.0,201,4.0,349
2026-06-20,SKU026,176.0,0,4.0,349
2026-06-21,SKU026,77.0,150,4.0,349
2026-06-22,SKU026,0.0,301,4.0,349
2026-06-23,SKU026,0.0,101,4.0,349
2026-06-24,SKU026,0.0,0,4.0,349
2026-06-25,SKU026,0.0,283,4.0,349
2026-06-26,SKU026,0.0,244,4.0,349
2026-06-27,SKU026,0.0,74,4.0,349
2026-06-28,SKU026,0.0,0,4.0,349
2026-06-29,SKU026,0.0,278,4.0,349
2026-06-30,SKU026,0.0,90,4.0,349
2025-01-01,SKU027,187.0,74,14.0,391
2025-01-02,SKU027,156.0,108,14.0,391
2025-01-03,SKU027,122.0,18,14.0,391
2025-01-04,SKU027,91.0,59,14.0,391
2025-01-05,SKU027,70.0,35,14.0,391
2025-01-06,SKU027,40.0,56,14.0,391
2025-01-07,SKU027,6.0,94,14.0,391
2025-01-08,SKU027,0.0,108,14.0,391
2025-01-09,SKU027,0.0,30,14.0,391
2025-01-10,SKU027,0.0,51,14.0,391
2025-01-11,SKU027,0.0,61,14.0,391
2025-01-12,SKU027,0.0,40,14.0,391
2025-01-13,SKU027,0.0,35,14.0,391
2025-01-14,SKU027,56.0,0,14.0,391
2025-01-15,SKU027,6.0,105,14.0,391
2025-01-16,SKU027,0.0,18,14.0,391
2025-01-17,SKU027,0.0,110,14.0,391
2025-01-18,SKU027,0.0,97,14.0,391
2025-01-19,SKU027,0.0,45,14.0,391
2025-01-20,SKU027,0.0,81,14.0,391
2025-01-21,SKU027,0.0,63,14.0,391
2025-01-22,SKU027,0.0,36,14.0,391
2025-01-23,SKU027,0.0,26,14.0,391
2025-01-24,SKU027,0.0,76,14.0,391
2025-01-25,SKU027,0.0,18,14.0,391
2025-01-26,SKU027,0.0,98,14.0,391
2025-01-27,SKU027,0.0,83,14.0,391
2025-01-28,SKU027,43.0,0,14.0,391
2025-01-29,SKU027,0.0,71,14.0,391
2025-01-30,SKU027,0.0,79,14.0,391
2025-01-31,SKU027,0.0,110,14.0,391
2025-02-01,SKU027,0.0,73,14.0,391
2025-02-02,SKU027,0.0,43,14.0,391
2025-02-03,SKU027,0.0,90,14.0,391
2025-02-04,SKU027,0.0,49,14.0,391
2025-02-05,SKU027,0.0,105,14.0,391
2025-02-06,SKU027,0.0,60,14.0,391
2025-02-07,SKU027,0.0,42,14.0,391
2025-02-08,SKU027,0.0,23,14.0,391
2025-02-09,SKU027,0.0,49,14.0,391
2025-02-10,SKU027,0.0,68,14.0,391
2025-02-11,SKU027,0.0,23,14.0,391
2025-02-12,SKU027,0.0,116,14.0,391
2025-02-13,SKU027,0.0,78,14.0,391
2025-02-14,SKU027,49.0,0,14.0,391
2025-02-15,SKU027,5.0,23,14.0,391
2025-02-16,SKU027,0.0,57,14.0,391
2025-02-17,SKU027,0.0,55,14.0,391
2025-02-18,SKU027,0.0,84,14.0,391
2025-02-19,SKU027,0.0,64,14.0,391
2025-02-20,SKU027,0.0,41,14.0,391
2025-02-21,SKU027,0.0,92,14.0,391
2025-02-22,SKU027,0.0,87,14.0,391
2025-02-23,SKU027,0.0,57,14.0,391
2025-02-24,SKU027,0.0,106,14.0,391
2025-02-25,SKU027,0.0,29,14.0,391
2025-02-26,SKU027,0.0,68,14.0,391
2025-02-27,SKU027,0.0,103,14.0,391
2025-02-28,SKU027,36.0,0,14.0,391
2025-03-01,SKU027,14.0,69,14.0,391
2025-03-02,SKU027,0.0,24,14.0,391
2025-03-03,SKU027,0.0,18,14.0,391
2025-03-04,SKU027,0.0,84,14.0,391
2025-03-05,SKU027,0.0,60,14.0,391
2025-03-06,SKU027,0.0,58,14.0,391
2025-03-07,SKU027,0.0,55,14.0,391
2025-03-08,SKU027,0.0,32,14.0,391
2025-03-09,SKU027,0.0,73,14.0,391
2025-03-10,SKU027,0.0,54,14.0,391
2025-03-11,SKU027,0.0,22,14.0,391
2025-03-12,SKU027,0.0,111,14.0,391
2025-03-13,SKU027,0.0,67,14.0,391
2025-03-14,SKU027,2.0,0,14.0,391
2025-03-15,SKU027,0.0,88,14.0,391
2025-03-16,SKU027,0.0,103,14.0,391
2025-03-17,SKU027,0.0,46,14.0,391
2025-03-18,SKU027,0.0,111,14.0,391
2025-03-19,SKU027,0.0,76,14.0,391
2025-03-20,SKU027,0.0,42,14.0,391
2025-03-21,SKU027,0.0,88,14.0,391
2025-03-22,SKU027,0.0,79,14.0,391
2025-03-23,SKU027,0.0,111,14.0,391
2025-03-24,SKU027,0.0,107,14.0,391
2025-03-25,SKU027,0.0,77,14.0,391
2025-03-26,SKU027,0.0,80,14.0,391
2025-03-27,SKU027,0.0,37,14.0,391
2025-03-28,SKU027,67.0,0,14.0,391
2025-03-29,SKU027,38.0,100,14.0,391
2025-03-30,SKU027,5.0,118,14.0,391
2025-03-31,SKU027,0.0,37,14.0,391
2025-04-01,SKU027,0.0,72,14.0,391
2025-04-02,SKU027,0.0,116,14.0,391
2025-04-03,SKU027,0.0,89,14.0,391
2025-04-04,SKU027,0.0,49,14.0,391
2025-04-05,SKU027,0.0,19,14.0,391
2025-04-06,SKU027,0.0,116,14.0,391
2025-04-07,SKU027,0.0,81,14.0,391
2025-04-08,SKU027,0.0,100,14.0,391
2025-04-09,SKU027,0.0,23,14.0,391
2025-04-10,SKU027,0.0,75,14.0,391
2025-04-11,SKU027,0.0,110,14.0,391
2025-04-12,SKU027,0.0,80,14.0,391
2025-04-13,SKU027,0.0,54,14.0,391
2025-04-14,SKU027,23.0,0,14.0,391
2025-04-15,SKU027,0.0,25,14.0,391
2025-04-16,SKU027,0.0,15,14.0,391
2025-04-17,SKU027,0.0,50,14.0,391
2025-04-18,SKU027,0.0,74,14.0,391
2025-04-19,SKU027,0.0,108,14.0,391
2025-04-20,SKU027,0.0,117,14.0,391
2025-04-21,SKU027,0.0,25,14.0,391
2025-04-22,SKU027,0.0,44,14.0,391
2025-04-23,SKU027,0.0,18,14.0,391
2025-04-24,SKU027,0.0,50,14.0,391
2025-04-25,SKU027,0.0,83,14.0,391
2025-04-26,SKU027,0.0,58,14.0,391
2025-04-27,SKU027,0.0,99,14.0,391
2025-04-28,SKU027,0.0,0,14.0,391
2025-04-29,SKU027,0.0,81,14.0,391
2025-04-30,SKU027,0.0,119,14.0,391
2025-05-01,SKU027,0.0,34,14.0,391
2025-05-02,SKU027,0.0,115,14.0,391
2025-05-03,SKU027,0.0,95,14.0,391
2025-05-04,SKU027,0.0,48,14.0,391
2025-05-05,SKU027,0.0,59,14.0,391
2025-05-06,SKU027,0.0,26,14.0,391
2025-05-07,SKU027,0.0,86,14.0,391
2025-05-08,SKU027,0.0,73,14.0,391
2025-05-09,SKU027,0.0,33,14.0,391
2025-05-10,SKU027,0.0,69,14.0,391
2025-05-11,SKU027,0.0,114,14.0,391
2025-05-12,SKU027,0.0,115,14.0,391
2025-05-13,SKU027,0.0,97,14.0,391
2025-05-14,SKU027,6.0,0,14.0,391
2025-05-15,SKU027,0.0,52,14.0,391
2025-05-16,SKU027,0.0,78,14.0,391
2025-05-17,SKU027,0.0,33,14.0,391
2025-05-18,SKU027,0.0,106,14.0,391
2025-05-19,SKU027,0.0,86,14.0,391
2025-05-20,SKU027,0.0,43,14.0,391
2025-05-21,SKU027,0.0,106,14.0,391
2025-05-22,SKU027,0.0,86,14.0,391
2025-05-23,SKU027,0.0,100,14.0,391
2025-05-24,SKU027,0.0,81,14.0,391
2025-05-25,SKU027,0.0,115,14.0,391
2025-05-26,SKU027,0.0,104,14.0,391
2025-05-27,SKU027,0.0,113,14.0,391
2025-05-28,SKU027,71.0,0,14.0,391
2025-05-29,SKU027,51.0,79,14.0,391
2025-05-30,SKU027,11.0,103,14.0,391
2025-05-31,SKU027,0.0,53,14.0,391
2025-06-01,SKU027,0.0,25,14.0,391
2025-06-02,SKU027,0.0,65,14.0,391
2025-06-03,SKU027,0.0,28,14.0,391
2025-06-04,SKU027,0.0,36,14.0,391
2025-06-05,SKU027,0.0,76,14.0,391
2025-06-06,SKU027,0.0,41,14.0,391
2025-06-07,SKU027,0.0,16,14.0,391
2025-06-08,SKU027,0.0,45,14.0,391
2025-06-09,SKU027,0.0,73,14.0,391
2025-06-10,SKU027,0.0,65,14.0,391
2025-06-11,SKU027,0.0,47,14.0,391
2025-06-12,SKU027,0.0,89,14.0,391
2025-06-13,SKU027,0.0,41,14.0,391
2025-06-14,SKU027,40.0,0,14.0,391
2025-06-15,SKU027,0.0,36,14.0,391
2025-06-16,SKU027,0.0,22,14.0,391
2025-06-17,SKU027,0.0,52,14.0,391
2025-06-18,SKU027,0.0,104,14.0,391
2025-06-19,SKU027,0.0,91,14.0,391
2025-06-20,SKU027,0.0,88,14.0,391
2025-06-21,SKU027,0.0,22,14.0,391
2025-06-22,SKU027,0.0,33,14.0,391
2025-06-23,SKU027,0.0,83,14.0,391
2025-06-24,SKU027,0.0,86,14.0,391
2025-06-25,SKU027,0.0,57,14.0,391
2025-06-26,SKU027,0.0,110,14.0,391
2025-06-27,SKU027,0.0,116,14.0,391
2025-06-28,SKU027,0.0,0,14.0,391
2025-06-29,SKU027,0.0,38,14.0,391
2025-06-30,SKU027,0.0,116,14.0,391
2025-07-01,SKU027,0.0,98,14.0,391
2025-07-02,SKU027,0.0,39,14.0,391
2025-07-03,SKU027,0.0,108,14.0,391
2025-07-04,SKU027,0.0,81,14.0,391
2025-07-05,SKU027,0.0,72,14.0,391
2025-07-06,SKU027,0.0,92,14.0,391
2025-07-07,SKU027,0.0,38,14.0,391
2025-07-08,SKU027,0.0,57,14.0,391
2025-07-09,SKU027,0.0,59,14.0,391
2025-07-10,SKU027,0.0,56,14.0,391
2025-07-11,SKU027,0.0,24,14.0,391
2025-07-12,SKU027,0.0,58,14.0,391
2025-07-13,SKU027,0.0,30,14.0,391
2025-07-14,SKU027,42.0,0,14.0,391
2025-07-15,SKU027,22.0,109,14.0,391
2025-07-16,SKU027,0.0,92,14.0,391
2025-07-17,SKU027,0.0,61,14.0,391
2025-07-18,SKU027,0.0,64,14.0,391
2025-07-19,SKU027,0.0,78,14.0,391
2025-07-20,SKU027,0.0,113,14.0,391
2025-07-21,SKU027,0.0,114,14.0,391
2025-07-22,SKU027,0.0,88,14.0,391
2025-07-23,SKU027,0.0,60,14.0,391
2025-07-24,SKU027,0.0,37,14.0,391
2025-07-25,SKU027,0.0,32,14.0,391
2025-07-26,SKU027,0.0,15,14.0,391
2025-07-27,SKU027,0.0,53,14.0,391
2025-07-28,SKU027,0.0,0,14.0,391
2025-07-29,SKU027,0.0,87,14.0,391
2025-07-30,SKU027,0.0,30,14.0,391
2025-07-31,SKU027,0.0,99,14.0,391
2025-08-01,SKU027,0.0,46,14.0,391
2025-08-02,SKU027,0.0,104,14.0,391
2025-08-03,SKU027,0.0,16,14.0,391
2025-08-04,SKU027,0.0,25,14.0,391
2025-08-05,SKU027,0.0,96,14.0,391
2025-08-06,SKU027,0.0,81,14.0,391
2025-08-07,SKU027,0.0,29,14.0,391
2025-08-08,SKU027,0.0,108,14.0,391
2025-08-09,SKU027,0.0,85,14.0,391
2025-08-10,SKU027,0.0,67,14.0,391
2025-08-11,SKU027,0.0,90,14.0,391
2025-08-12,SKU027,0.0,80,14.0,391
2025-08-13,SKU027,0.0,15,14.0,391
2025-08-14,SKU027,76.0,0,14.0,391
2025-08-15,SKU027,34.0,101,14.0,391
2025-08-16,SKU027,0.0,75,14.0,391
2025-08-17,SKU027,0.0,69,14.0,391
2025-08-18,SKU027,0.0,98,14.0,391
2025-08-19,SKU027,0.0,29,14.0,391
2025-08-20,SKU027,0.0,113,14.0,391
2025-08-21,SKU027,0.0,112,14.0,391
2025-08-22,SKU027,0.0,59,14.0,391
2025-08-23,SKU027,0.0,77,14.0,391
2025-08-24,SKU027,0.0,83,14.0,391
2025-08-25,SKU027,0.0,97,14.0,391
2025-08-26,SKU027,0.0,101,14.0,391
2025-08-27,SKU027,0.0,88,14.0,391
2025-08-28,SKU027,65.0,0,14.0,391
2025-08-29,SKU027,33.0,43,14.0,391
2025-08-30,SKU027,6.0,66,14.0,391
2025-08-31,SKU027,0.0,107,14.0,391
2025-09-01,SKU027,0.0,86,14.0,391
2025-09-02,SKU027,0.0,94,14.0,391
2025-09-03,SKU027,0.0,62,14.0,391
2025-09-04,SKU027,0.0,69,14.0,391
2025-09-05,SKU027,0.0,29,14.0,391
2025-09-06,SKU027,0.0,83,14.0,391
2025-09-07,SKU027,0.0,77,14.0,391
2025-09-08,SKU027,0.0,116,14.0,391
2025-09-09,SKU027,0.0,67,14.0,391
2025-09-10,SKU027,0.0,64,14.0,391
2025-09-11,SKU027,0.0,69,14.0,391
2025-09-12,SKU027,0.0,105,14.0,391
2025-09-13,SKU027,0.0,73,14.0,391
2025-09-14,SKU027,28.0,0,14.0,391
2025-09-15,SKU027,4.0,44,14.0,391
2025-09-16,SKU027,0.0,119,14.0,391
2025-09-17,SKU027,0.0,87,14.0,391
2025-09-18,SKU027,0.0,26,14.0,391
2025-09-19,SKU027,0.0,28,14.0,391
2025-09-20,SKU027,0.0,73,14.0,391
2025-09-21,SKU027,0.0,83,14.0,391
2025-09-22,SKU027,0.0,48,14.0,391
2025-09-23,SKU027,0.0,16,14.0,391
2025-09-24,SKU027,0.0,80,14.0,391
2025-09-25,SKU027,0.0,29,14.0,391
2025-09-26,SKU027,0.0,70,14.0,391
2025-09-27,SKU027,0.0,109,14.0,391
2025-09-28,SKU027,44.0,0,14.0,391
2025-09-29,SKU027,16.0,31,14.0,391
2025-09-30,SKU027,0.0,70,14.0,391
2025-10-01,SKU027,0.0,25,14.0,391
2025-10-02,SKU027,0.0,98,14.0,391
2025-10-03,SKU027,0.0,69,14.0,391
2025-10-04,SKU027,0.0,55,14.0,391
2025-10-05,SKU027,0.0,72,14.0,391
2025-10-06,SKU027,0.0,35,14.0,391
2025-10-07,SKU027,0.0,46,14.0,391
2025-10-08,SKU027,0.0,50,14.0,391
2025-10-09,SKU027,0.0,80,14.0,391
2025-10-10,SKU027,0.0,76,14.0,391
2025-10-11,SKU027,0.0,27,14.0,391
2025-10-12,SKU027,0.0,107,14.0,391
2025-10-13,SKU027,0.0,41,14.0,391
2025-10-14,SKU027,80.0,0,14.0,391
2025-10-15,SKU027,55.0,50,14.0,391
2025-10-16,SKU027,33.0,68,14.0,391
2025-10-17,SKU027,5.0,64,14.0,391
2025-10-18,SKU027,0.0,84,14.0,391
2025-10-19,SKU027,0.0,42,14.0,391
2025-10-20,SKU027,0.0,83,14.0,391
2025-10-21,SKU027,0.0,59,14.0,391
2025-10-22,SKU027,0.0,91,14.0,391
2025-10-23,SKU027,0.0,72,14.0,391
2025-10-24,SKU027,0.0,96,14.0,391
2025-10-25,SKU027,0.0,107,14.0,391
2025-10-26,SKU027,0.0,58,14.0,391
2025-10-27,SKU027,0.0,35,14.0,391
2025-10-28,SKU027,0.0,0,14.0,391
2025-10-29,SKU027,0.0,51,14.0,391
2025-10-30,SKU027,0.0,75,14.0,391
2025-10-31,SKU027,0.0,88,14.0,391
2025-11-01,SKU027,0.0,82,14.0,391
2025-11-02,SKU027,0.0,33,14.0,391
2025-11-03,SKU027,0.0,65,14.0,391
2025-11-04,SKU027,0.0,95,14.0,391
2025-11-05,SKU027,0.0,96,14.0,391
2025-11-06,SKU027,0.0,77,14.0,391
2025-11-07,SKU027,0.0,28,14.0,391
2025-11-08,SKU027,0.0,60,14.0,391
2025-11-09,SKU027,0.0,14,14.0,391
2025-11-10,SKU027,0.0,86,14.0,391
2025-11-11,SKU027,0.0,54,14.0,391
2025-11-12,SKU027,0.0,35,14.0,391
2025-11-13,SKU027,0.0,38,14.0,391
2025-11-14,SKU027,0.0,0,14.0,391
2025-11-15,SKU027,0.0,102,14.0,391
2025-11-16,SKU027,0.0,15,14.0,391
2025-11-17,SKU027,0.0,51,14.0,391
2025-11-18,SKU027,0.0,81,14.0,391
2025-11-19,SKU027,0.0,100,14.0,391
2025-11-20,SKU027,0.0,114,14.0,391
2025-11-21,SKU027,0.0,44,14.0,391
2025-11-22,SKU027,0.0,15,14.0,391
2025-11-23,SKU027,0.0,92,14.0,391
2025-11-24,SKU027,0.0,67,14.0,391
2025-11-25,SKU027,0.0,58,14.0,391
2025-11-26,SKU027,0.0,88,14.0,391
2025-11-27,SKU027,0.0,118,14.0,391
2025-11-28,SKU027,0.0,0,14.0,391
2025-11-29,SKU027,0.0,80,14.0,391
2025-11-30,SKU027,0.0,77,14.0,391
2025-12-01,SKU027,0.0,79,14.0,391
2025-12-02,SKU027,0.0,70,14.0,391
2025-12-03,SKU027,0.0,116,14.0,391
2025-12-04,SKU027,0.0,41,14.0,391
2025-12-05,SKU027,0.0,105,14.0,391
2025-12-06,SKU027,0.0,83,14.0,391
2025-12-07,SKU027,0.0,109,14.0,391
2025-12-08,SKU027,0.0,97,14.0,391
2025-12-09,SKU027,0.0,83,14.0,391
2025-12-10,SKU027,0.0,19,14.0,391
2025-12-11,SKU027,0.0,77,14.0,391
2025-12-12,SKU027,0.0,38,14.0,391
2025-12-13,SKU027,0.0,50,14.0,391
2025-12-14,SKU027,32.0,0,14.0,391
2025-12-15,SKU027,5.0,106,14.0,391
2025-12-16,SKU027,0.0,112,14.0,391
2025-12-17,SKU027,0.0,95,14.0,391
2025-12-18,SKU027,0.0,30,14.0,391
2025-12-19,SKU027,0.0,56,14.0,391
2025-12-20,SKU027,0.0,15,14.0,391
2025-12-21,SKU027,0.0,104,14.0,391
2025-12-22,SKU027,0.0,29,14.0,391
2025-12-23,SKU027,0.0,82,14.0,391
2025-12-24,SKU027,0.0,70,14.0,391
2025-12-25,SKU027,0.0,41,14.0,391
2025-12-26,SKU027,0.0,75,14.0,391
2025-12-27,SKU027,0.0,46,14.0,391
2025-12-28,SKU027,0.0,0,14.0,391
2025-12-29,SKU027,0.0,28,14.0,391
2025-12-30,SKU027,0.0,72,14.0,391
2025-12-31,SKU027,0.0,108,14.0,391
2026-01-01,SKU027,0.0,50,14.0,391
2026-01-02,SKU027,0.0,75,14.0,391
2026-01-03,SKU027,0.0,54,14.0,391
2026-01-04,SKU027,0.0,44,14.0,391
2026-01-05,SKU027,0.0,66,14.0,391
2026-01-06,SKU027,0.0,41,14.0,391
2026-01-07,SKU027,0.0,86,14.0,391
2026-01-08,SKU027,0.0,110,14.0,391
2026-01-09,SKU027,0.0,58,14.0,391
2026-01-10,SKU027,0.0,85,14.0,391
2026-01-11,SKU027,0.0,40,14.0,391
2026-01-12,SKU027,0.0,68,14.0,391
2026-01-13,SKU027,0.0,76,14.0,391
2026-01-14,SKU027,64.0,0,14.0,391
2026-01-15,SKU027,26.0,86,14.0,391
2026-01-16,SKU027,0.0,45,14.0,391
2026-01-17,SKU027,0.0,96,14.0,391
2026-01-18,SKU027,0.0,103,14.0,391
2026-01-19,SKU027,0.0,72,14.0,391
2026-01-20,SKU027,0.0,74,14.0,391
2026-01-21,SKU027,0.0,85,14.0,391
2026-01-22,SKU027,0.0,63,14.0,391
2026-01-23,SKU027,0.0,74,14.0,391
2026-01-24,SKU027,0.0,87,14.0,391
2026-01-25,SKU027,0.0,43,14.0,391
2026-01-26,SKU027,0.0,23,14.0,391
2026-01-27,SKU027,0.0,47,14.0,391
2026-01-28,SKU027,25.0,0,14.0,391
2026-01-29,SKU027,3.0,108,14.0,391
2026-01-30,SKU027,0.0,109,14.0,391
2026-01-31,SKU027,0.0,79,14.0,391
2026-02-01,SKU027,0.0,24,14.0,391
2026-02-02,SKU027,0.0,29,14.0,391
2026-02-03,SKU027,0.0,15,14.0,391
2026-02-04,SKU027,0.0,61,14.0,391
2026-02-05,SKU027,0.0,85,14.0,391
2026-02-06,SKU027,0.0,112,14.0,391
2026-02-07,SKU027,0.0,38,14.0,391
2026-02-08,SKU027,0.0,29,14.0,391
2026-02-09,SKU027,0.0,42,14.0,391
2026-02-10,SKU027,0.0,71,14.0,391
2026-02-11,SKU027,0.0,18,14.0,391
2026-02-12,SKU027,0.0,101,14.0,391
2026-02-13,SKU027,0.0,79,14.0,391
2026-02-14,SKU027,57.0,0,14.0,391
2026-02-15,SKU027,21.0,114,14.0,391
2026-02-16,SKU027,3.0,90,14.0,391
2026-02-17,SKU027,,99,14.0,391
2026-02-18,SKU027,0.0,83,14.0,391
2026-02-19,SKU027,0.0,43,14.0,391
2026-02-20,SKU027,0.0,36,14.0,391
2026-02-21,SKU027,0.0,117,14.0,391
2026-02-22,SKU027,0.0,57,14.0,391
2026-02-23,SKU027,0.0,67,14.0,391
2026-02-24,SKU027,0.0,36,14.0,391
2026-02-25,SKU027,0.0,27,14.0,391
2026-02-26,SKU027,0.0,61,14.0,391
2026-02-27,SKU027,0.0,81,14.0,391
2026-02-28,SKU027,68.0,0,14.0,391
2026-03-01,SKU027,34.0,49,14.0,391
2026-03-02,SKU027,8.0,56,14.0,391
2026-03-03,SKU027,0.0,105,14.0,391
2026-03-04,SKU027,0.0,88,14.0,391
2026-03-05,SKU027,0.0,44,14.0,391
2026-03-06,SKU027,0.0,110,14.0,391
2026-03-07,SKU027,0.0,19,14.0,391
2026-03-08,SKU027,0.0,82,14.0,391
2026-03-09,SKU027,0.0,116,14.0,391
2026-03-10,SKU027,0.0,21,14.0,391
2026-03-11,SKU027,0.0,72,14.0,391
2026-03-12,SKU027,0.0,53,14.0,391
2026-03-13,SKU027,0.0,57,14.0,391
2026-03-14,SKU027,0.0,0,14.0,391
2026-03-15,SKU027,0.0,109,14.0,391
2026-03-16,SKU027,0.0,31,14.0,391
2026-03-17,SKU027,0.0,23,,391
2026-03-18,SKU027,0.0,25,14.0,391
2026-03-19,SKU027,0.0,19,14.0,391
2026-03-20,SKU027,0.0,74,14.0,391
2026-03-21,SKU027,0.0,41,14.0,391
2026-03-22,SKU027,0.0,108,14.0,391
2026-03-23,SKU027,0.0,95,14.0,391
2026-03-24,SKU027,0.0,78,14.0,391
2026-03-25,SKU027,0.0,43,14.0,391
2026-03-26,SKU027,0.0,115,14.0,391
2026-03-27,SKU027,0.0,32,14.0,391
2026-03-28,SKU027,68.0,0,14.0,391
2026-03-29,SKU027,21.0,48,14.0,391
2026-03-30,SKU027,0.0,88,14.0,391
2026-03-31,SKU027,0.0,88,14.0,391
2026-04-01,SKU027,0.0,70,14.0,391
2026-04-02,SKU027,0.0,49,14.0,391
2026-04-03,SKU027,0.0,41,14.0,391
2026-04-04,SKU027,0.0,60,14.0,391
2026-04-05,SKU027,0.0,109,14.0,391
2026-04-06,SKU027,0.0,47,14.0,391
2026-04-07,SKU027,0.0,78,14.0,391
2026-04-08,SKU027,0.0,23,14.0,391
2026-04-09,SKU027,0.0,32,14.0,391
2026-04-10,SKU027,0.0,16,14.0,391
2026-04-11,SKU027,0.0,110,14.0,391
2026-04-12,SKU027,0.0,79,14.0,391
2026-04-13,SKU027,0.0,92,14.0,391
2026-04-14,SKU027,50.0,0,14.0,391
2026-04-15,SKU027,20.0,17,14.0,391
2026-04-16,SKU027,0.0,63,14.0,391
2026-04-17,SKU027,0.0,108,14.0,391
2026-04-18,SKU027,0.0,91,14.0,391
2026-04-19,SKU027,0.0,88,14.0,391
2026-04-20,SKU027,0.0,79,14.0,391
2026-04-21,SKU027,0.0,45,14.0,391
2026-04-22,SKU027,0.0,52,14.0,391
2026-04-23,SKU027,0.0,15,14.0,391
2026-04-24,SKU027,0.0,85,14.0,391
2026-04-25,SKU027,0.0,42,14.0,391
2026-04-26,SKU027,0.0,52,14.0,391
2026-04-27,SKU027,0.0,23,14.0,391
2026-04-28,SKU027,68.0,0,14.0,391
2026-04-29,SKU027,37.0,32,14.0,391
2026-04-30,SKU027,18.0,61,14.0,391
2026-05-01,SKU027,0.0,52,14.0,391
2026-05-02,SKU027,0.0,36,14.0,391
2026-05-03,SKU027,0.0,103,14.0,391
2026-05-04,SKU027,0.0,41,14.0,391
2026-05-05,SKU027,0.0,47,14.0,391
2026-05-06,SKU027,0.0,101,14.0,391
2026-05-07,SKU027,0.0,58,14.0,391
2026-05-08,SKU027,0.0,74,14.0,391
2026-05-09,SKU027,0.0,95,14.0,391
2026-05-10,SKU027,0.0,51,14.0,391
2026-05-11,SKU027,0.0,62,14.0,391
2026-05-12,SKU027,0.0,49,14.0,391
2026-05-13,SKU027,0.0,24,14.0,391
2026-05-14,SKU027,44.0,0,14.0,391
2026-05-15,SKU027,6.0,53,14.0,391
2026-05-16,SKU027,0.0,20,14.0,391
2026-05-17,SKU027,0.0,114,14.0,391
2026-05-18,SKU027,0.0,61,14.0,391
2026-05-19,SKU027,0.0,16,14.0,391
2026-05-20,SKU027,0.0,52,14.0,391
2026-05-21,SKU027,0.0,91,14.0,391
2026-05-22,SKU027,0.0,42,14.0,391
2026-05-23,SKU027,0.0,18,14.0,391
2026-05-24,SKU027,0.0,118,14.0,391
2026-05-25,SKU027,0.0,79,14.0,391
2026-05-26,SKU027,0.0,66,14.0,391
2026-05-27,SKU027,0.0,96,14.0,391
2026-05-28,SKU027,14.0,0,14.0,391
2026-05-29,SKU027,0.0,81,14.0,391
2026-05-30,SKU027,0.0,18,14.0,391
2026-05-31,SKU027,0.0,45,14.0,391
2026-06-01,SKU027,0.0,19,14.0,391
2026-06-02,SKU027,0.0,37,14.0,391
2026-06-03,SKU027,0.0,102,14.0,391
2026-06-04,SKU027,0.0,53,14.0,391
2026-06-05,SKU027,0.0,23,14.0,391
2026-06-06,SKU027,0.0,116,14.0,391
2026-06-07,SKU027,0.0,61,14.0,391
2026-06-08,SKU027,0.0,34,14.0,391
2026-06-09,SKU027,0.0,52,14.0,391
2026-06-10,SKU027,0.0,19,14.0,391
2026-06-11,SKU027,0.0,58,14.0,391
2026-06-12,SKU027,0.0,52,14.0,391
2026-06-13,SKU027,0.0,110,14.0,391
2026-06-14,SKU027,19.0,0,14.0,391
2026-06-15,SKU027,0.0,80,14.0,391
2026-06-16,SKU027,0.0,113,14.0,391
2026-06-17,SKU027,0.0,29,14.0,391
2026-06-18,SKU027,0.0,69,14.0,391
2026-06-19,SKU027,0.0,82,14.0,391
2026-06-20,SKU027,0.0,64,14.0,391
2026-06-21,SKU027,0.0,35,14.0,391
2026-06-22,SKU027,0.0,42,14.0,391
2026-06-23,SKU027,0.0,16,14.0,391
2026-06-24,SKU027,0.0,41,14.0,391
2026-06-25,SKU027,0.0,73,14.0,391
2026-06-26,SKU027,0.0,102,14.0,391
2026-06-27,SKU027,0.0,87,14.0,391
2026-06-28,SKU027,77.0,0,14.0,391
2026-06-29,SKU027,54.0,118,14.0,391
2026-06-30,SKU027,10.0,43,14.0,391
2025-01-01,SKU028,74.0,128,8.0,483
2025-01-02,SKU028,14.0,181,8.0,483
2025-01-03,SKU028,0.0,120,8.0,483
2025-01-04,SKU028,0.0,110,8.0,483
2025-01-05,SKU028,0.0,136,8.0,483
2025-01-06,SKU028,0.0,49,8.0,483
2025-01-07,SKU028,0.0,42,8.0,483
2025-01-08,SKU028,0.0,0,8.0,483
2025-01-09,SKU028,0.0,109,8.0,483
2025-01-10,SKU028,0.0,119,8.0,483
2025-01-11,SKU028,0.0,215,8.0,483
2025-01-12,SKU028,0.0,208,8.0,483
2025-01-13,SKU028,0.0,103,8.0,483
2025-01-14,SKU028,0.0,219,8.0,483
2025-01-15,SKU028,0.0,59,8.0,483
2025-01-16,SKU028,0.0,0,8.0,483
2025-01-17,SKU028,0.0,130,8.0,483
2025-01-18,SKU028,0.0,101,8.0,483
2025-01-19,SKU028,0.0,133,8.0,483
2025-01-20,SKU028,0.0,29,8.0,483
2025-01-21,SKU028,0.0,161,8.0,483
2025-01-22,SKU028,0.0,82,8.0,483
2025-01-23,SKU028,0.0,89,8.0,483
2025-01-24,SKU028,118.0,0,8.0,483
2025-01-25,SKU028,28.0,203,8.0,483
2025-01-26,SKU028,0.0,108,8.0,483
2025-01-27,SKU028,0.0,102,8.0,483
2025-01-28,SKU028,0.0,184,8.0,483
2025-01-29,SKU028,0.0,172,8.0,483
2025-01-30,SKU028,0.0,55,8.0,483
2025-01-31,SKU028,0.0,107,8.0,483
2025-02-01,SKU028,0.0,126,8.0,483
2025-02-02,SKU028,0.0,121,8.0,483
2025-02-03,SKU028,0.0,48,8.0,483
2025-02-04,SKU028,0.0,152,8.0,483
2025-02-05,SKU028,0.0,154,8.0,483
2025-02-06,SKU028,0.0,183,8.0,483
2025-02-07,SKU028,0.0,147,8.0,483
2025-02-08,SKU028,0.0,0,8.0,483
2025-02-09,SKU028,0.0,76,8.0,483
2025-02-10,SKU028,0.0,134,8.0,483
2025-02-11,SKU028,0.0,110,8.0,483
2025-02-12,SKU028,0.0,149,8.0,483
2025-02-13,SKU028,0.0,42,8.0,483
2025-02-14,SKU028,0.0,89,8.0,483
2025-02-15,SKU028,0.0,71,8.0,483
2025-02-16,SKU028,68.0,0,8.0,483
2025-02-17,SKU028,16.0,52,8.0,483
2025-02-18,SKU028,0.0,95,8.0,483
2025-02-19,SKU028,0.0,196,8.0,483
2025-02-20,SKU028,0.0,167,8.0,483
2025-02-21,SKU028,0.0,116,8.0,483
2025-02-22,SKU028,0.0,127,8.0,483
2025-02-23,SKU028,0.0,31,8.0,483
2025-02-24,SKU028,140.0,0,8.0,483
2025-02-25,SKU028,68.0,90,8.0,483
2025-02-26,SKU028,10.0,77,8.0,483
2025-02-27,SKU028,0.0,91,8.0,483
2025-02-28,SKU028,0.0,67,8.0,483
2025-03-01,SKU028,0.0,189,8.0,483
2025-03-02,SKU028,0.0,39,8.0,483
2025-03-03,SKU028,0.0,121,8.0,483
2025-03-04,SKU028,0.0,158,8.0,483
2025-03-05,SKU028,0.0,38,8.0,483
2025-03-06,SKU028,0.0,131,8.0,483
2025-03-07,SKU028,0.0,108,8.0,483
2025-03-08,SKU028,115.0,0,8.0,483
2025-03-09,SKU028,60.0,203,8.0,483
2025-03-10,SKU028,0.0,34,8.0,483
2025-03-11,SKU028,0.0,81,8.0,483
2025-03-12,SKU028,0.0,156,8.0,483
2025-03-13,SKU028,0.0,217,8.0,483
2025-03-14,SKU028,0.0,216,8.0,483
2025-03-15,SKU028,0.0,225,8.0,483
2025-03-16,SKU028,139.0,0,8.0,483
2025-03-17,SKU028,65.0,51,8.0,483
2025-03-18,SKU028,0.0,188,8.0,483
2025-03-19,SKU028,0.0,60,8.0,483
2025-03-20,SKU028,0.0,128,8.0,483
2025-03-21,SKU028,0.0,141,8.0,483
2025-03-22,SKU028,0.0,151,8.0,483
2025-03-23,SKU028,0.0,52,8.0,483
2025-03-24,SKU028,102.0,0,8.0,483
2025-03-25,SKU028,38.0,42,8.0,483
2025-03-26,SKU028,0.0,217,8.0,483
2025-03-27,SKU028,0.0,130,8.0,483
2025-03-28,SKU028,0.0,92,8.0,483
2025-03-29,SKU028,0.0,67,8.0,483
2025-03-30,SKU028,0.0,210,8.0,483
2025-03-31,SKU028,0.0,169,8.0,483
2025-04-01,SKU028,0.0,138,8.0,483
2025-04-02,SKU028,0.0,171,8.0,483
2025-04-03,SKU028,0.0,199,8.0,483
2025-04-04,SKU028,0.0,121,8.0,483
2025-04-05,SKU028,0.0,218,8.0,483
2025-04-06,SKU028,0.0,73,8.0,483
2025-04-07,SKU028,0.0,182,8.0,483
2025-04-08,SKU028,88.0,0,8.0,483
2025-04-09,SKU028,33.0,225,8.0,483
2025-04-10,SKU028,0.0,196,8.0,483
2025-04-11,SKU028,0.0,223,8.0,483
2025-04-12,SKU028,0.0,165,8.0,483
2025-04-13,SKU028,0.0,141,8.0,483
2025-04-14,SKU028,0.0,116,8.0,483
2025-04-15,SKU028,0.0,113,8.0,483
2025-04-16,SKU028,106.0,0,8.0,483
2025-04-17,SKU028,41.0,58,8.0,483
2025-04-18,SKU028,0.0,81,8.0,483
2025-04-19,SKU028,0.0,114,8.0,483
2025-04-20,SKU028,0.0,195,8.0,483
2025-04-21,SKU028,0.0,31,8.0,483
2025-04-22,SKU028,0.0,62,8.0,483
2025-04-23,SKU028,0.0,197,8.0,483
2025-04-24,SKU028,48.0,0,8.0,483
2025-04-25,SKU028,0.0,108,8.0,483
2025-04-26,SKU028,0.0,35,8.0,483
2025-04-27,SKU028,0.0,143,8.0,483
2025-04-28,SKU028,0.0,160,8.0,483
2025-04-29,SKU028,0.0,53,8.0,483
2025-04-30,SKU028,0.0,158,8.0,483
2025-05-01,SKU028,0.0,216,8.0,483
2025-05-02,SKU028,0.0,136,8.0,483
2025-05-03,SKU028,0.0,72,8.0,483
2025-05-04,SKU028,0.0,180,8.0,483
2025-05-05,SKU028,0.0,57,8.0,483
2025-05-06,SKU028,0.0,67,8.0,483
2025-05-07,SKU028,0.0,175,8.0,483
2025-05-08,SKU028,139.0,0,8.0,483
2025-05-09,SKU028,77.0,89,8.0,483
2025-05-10,SKU028,2.0,137,8.0,483
2025-05-11,SKU028,0.0,139,8.0,483
2025-05-12,SKU028,0.0,174,8.0,483
2025-05-13,SKU028,0.0,61,8.0,483
2025-05-14,SKU028,0.0,44,8.0,483
2025-05-15,SKU028,0.0,172,8.0,483
2025-05-16,SKU028,155.0,0,8.0,483
2025-05-17,SKU028,107.0,217,8.0,483
2025-05-18,SKU028,57.0,190,8.0,483
2025-05-19,SKU028,0.0,210,8.0,483
2025-05-20,SKU028,0.0,75,8.0,483
2025-05-21,SKU028,0.0,33,8.0,483
2025-05-22,SKU028,0.0,64,8.0,483
2025-05-23,SKU028,0.0,148,8.0,483
2025-05-24,SKU028,65.0,0,8.0,483
2025-05-25,SKU028,13.0,218,8.0,483
2025-05-26,SKU028,0.0,48,8.0,483
2025-05-27,SKU028,0.0,70,8.0,483
2025-05-28,SKU028,0.0,31,8.0,483
2025-05-29,SKU028,0.0,76,8.0,483
2025-05-30,SKU028,0.0,107,8.0,483
2025-05-31,SKU028,0.0,101,8.0,483
2025-06-01,SKU028,0.0,37,8.0,483
2025-06-02,SKU028,0.0,142,8.0,483
2025-06-03,SKU028,0.0,82,8.0,483
2025-06-04,SKU028,0.0,39,8.0,483
2025-06-05,SKU028,0.0,107,8.0,483
2025-06-06,SKU028,0.0,211,8.0,483
2025-06-07,SKU028,0.0,208,8.0,483
2025-06-08,SKU028,23.0,0,8.0,483
2025-06-09,SKU028,0.0,64,8.0,483
2025-06-10,SKU028,0.0,158,8.0,483
2025-06-11,SKU028,0.0,204,8.0,483
2025-06-12,SKU028,0.0,134,8.0,483
2025-06-13,SKU028,0.0,144,8.0,483
2025-06-14,SKU028,0.0,147,8.0,483
2025-06-15,SKU028,0.0,157,8.0,483
2025-06-16,SKU028,126.0,0,8.0,483
2025-06-17,SKU028,39.0,156,8.0,483
2025-06-18,SKU028,0.0,52,8.0,483
2025-06-19,SKU028,0.0,210,8.0,483
2025-06-20,SKU028,0.0,109,8.0,483
2025-06-21,SKU028,0.0,29,8.0,483
2025-06-22,SKU028,0.0,147,8.0,483
2025-06-23,SKU028,0.0,201,8.0,483
2025-06-24,SKU028,78.0,0,8.0,483
2025-06-25,SKU028,0.0,32,8.0,483
2025-06-26,SKU028,0.0,132,8.0,483
2025-06-27,SKU028,0.0,179,8.0,483
2025-06-28,SKU028,0.0,114,8.0,483
2025-06-29,SKU028,0.0,72,8.0,483
2025-06-30,SKU028,0.0,216,8.0,483
2025-07-01,SKU028,0.0,39,8.0,483
2025-07-02,SKU028,0.0,37,8.0,483
2025-07-03,SKU028,0.0,154,8.0,483
2025-07-04,SKU028,0.0,90,8.0,483
2025-07-05,SKU028,0.0,209,8.0,483
2025-07-06,SKU028,0.0,188,8.0,483
2025-07-07,SKU028,0.0,123,8.0,483
2025-07-08,SKU028,70.0,0,8.0,483
2025-07-09,SKU028,0.0,188,8.0,483
2025-07-10,SKU028,0.0,178,8.0,483
2025-07-11,SKU028,0.0,153,8.0,483
2025-07-12,SKU028,0.0,163,8.0,483
2025-07-13,SKU028,0.0,205,8.0,483
2025-07-14,SKU028,0.0,45,8.0,483
2025-07-15,SKU028,0.0,68,8.0,483
2025-07-16,SKU028,25.0,0,8.0,483
2025-07-17,SKU028,0.0,101,8.0,483
2025-07-18,SKU028,0.0,53,8.0,483
2025-07-19,SKU028,0.0,156,8.0,483
2025-07-20,SKU028,0.0,110,8.0,483
2025-07-21,SKU028,0.0,76,8.0,483
2025-07-22,SKU028,0.0,197,8.0,483
2025-07-23,SKU028,0.0,133,8.0,483
2025-07-24,SKU028,27.0,0,8.0,483
2025-07-25,SKU028,0.0,191,8.0,483
2025-07-26,SKU028,0.0,121,8.0,483
2025-07-27,SKU028,0.0,111,8.0,483
2025-07-28,SKU028,0.0,170,8.0,483
2025-07-29,SKU028,0.0,213,8.0,483
2025-07-30,SKU028,0.0,169,8.0,483
2025-07-31,SKU028,0.0,208,8.0,483
2025-08-01,SKU028,0.0,224,8.0,483
2025-08-02,SKU028,0.0,193,8.0,483
2025-08-03,SKU028,0.0,168,8.0,483
2025-08-04,SKU028,0.0,124,8.0,483
2025-08-05,SKU028,0.0,103,8.0,483
2025-08-06,SKU028,0.0,164,8.0,483
2025-08-07,SKU028,0.0,120,8.0,483
2025-08-08,SKU028,35.0,0,8.0,483
2025-08-09,SKU028,0.0,185,8.0,483
2025-08-10,SKU028,0.0,188,8.0,483
2025-08-11,SKU028,0.0,72,8.0,483
2025-08-12,SKU028,0.0,148,8.0,483
2025-08-13,SKU028,0.0,220,8.0,483
2025-08-14,SKU028,0.0,204,8.0,483
2025-08-15,SKU028,0.0,35,8.0,483
2025-08-16,SKU028,117.0,0,8.0,483
2025-08-17,SKU028,61.0,201,8.0,483
2025-08-18,SKU028,0.0,81,8.0,483
2025-08-19,SKU028,0.0,219,8.0,483
2025-08-20,SKU028,0.0,112,8.0,483
2025-08-21,SKU028,0.0,176,8.0,483
2025-08-22,SKU028,0.0,36,8.0,483
2025-08-23,SKU028,0.0,60,8.0,483
2025-08-24,SKU028,34.0,0,8.0,483
2025-08-25,SKU028,0.0,47,8.0,483
2025-08-26,SKU028,0.0,144,8.0,483
2025-08-27,SKU028,0.0,79,8.0,483
2025-08-28,SKU028,0.0,84,8.0,483
2025-08-29,SKU028,0.0,160,8.0,483
2025-08-30,SKU028,0.0,127,8.0,483
2025-08-31,SKU028,0.0,71,8.0,483
2025-09-01,SKU028,0.0,69,8.0,483
2025-09-02,SKU028,0.0,93,8.0,483
2025-09-03,SKU028,0.0,90,8.0,483
2025-09-04,SKU028,0.0,210,8.0,483
2025-09-05,SKU028,0.0,175,8.0,483
2025-09-06,SKU028,0.0,81,8.0,483
2025-09-07,SKU028,0.0,215,8.0,483
2025-09-08,SKU028,132.0,0,8.0,483
2025-09-09,SKU028,62.0,197,8.0,483
2025-09-10,SKU028,0.0,172,8.0,483
2025-09-11,SKU028,0.0,180,8.0,483
2025-09-12,SKU028,0.0,121,8.0,483
2025-09-13,SKU028,0.0,86,8.0,483
2025-09-14,SKU028,0.0,131,8.0,483
2025-09-15,SKU028,0.0,178,8.0,483
2025-09-16,SKU028,40.0,0,8.0,483
2025-09-17,SKU028,0.0,92,8.0,483
2025-09-18,SKU028,0.0,57,8.0,483
2025-09-19,SKU028,0.0,179,8.0,483
2025-09-20,SKU028,0.0,159,8.0,483
2025-09-21,SKU028,0.0,135,8.0,483
2025-09-22,SKU028,0.0,88,8.0,483
2025-09-23,SKU028,0.0,137,8.0,483
2025-09-24,SKU028,0.0,0,8.0,483
2025-09-25,SKU028,0.0,58,8.0,483
2025-09-26,SKU028,0.0,86,8.0,483
2025-09-27,SKU028,0.0,47,8.0,483
2025-09-28,SKU028,0.0,34,8.0,483
2025-09-29,SKU028,0.0,72,8.0,483
2025-09-30,SKU028,0.0,202,8.0,483
2025-10-01,SKU028,0.0,29,8.0,483
2025-10-02,SKU028,0.0,186,8.0,483
2025-10-03,SKU028,0.0,140,8.0,483
2025-10-04,SKU028,0.0,37,8.0,483
2025-10-05,SKU028,0.0,110,8.0,483
2025-10-06,SKU028,0.0,153,8.0,483
2025-10-07,SKU028,0.0,44,8.0,483
2025-10-08,SKU028,0.0,0,8.0,483
2025-10-09,SKU028,0.0,49,8.0,483
2025-10-10,SKU028,0.0,177,8.0,483
2025-10-11,SKU028,0.0,45,8.0,483
2025-10-12,SKU028,0.0,151,8.0,483
2025-10-13,SKU028,0.0,87,8.0,483
2025-10-14,SKU028,0.0,146,8.0,483
2025-10-15,SKU028,0.0,33,8.0,483
2025-10-16,SKU028,76.0,0,8.0,483
2025-10-17,SKU028,0.0,190,8.0,483
2025-10-18,SKU028,0.0,182,8.0,483
2025-10-19,SKU028,0.0,133,8.0,483
2025-10-20,SKU028,0.0,70,8.0,483
2025-10-21,SKU028,0.0,178,8.0,483
2025-10-22,SKU028,0.0,135,8.0,483
2025-10-23,SKU028,0.0,85,8.0,483
2025-10-24,SKU028,162.0,0,8.0,483
2025-10-25,SKU028,91.0,133,8.0,483
2025-10-26,SKU028,31.0,206,8.0,483
2025-10-27,SKU028,0.0,113,8.0,483
2025-10-28,SKU028,0.0,117,8.0,483
2025-10-29,SKU028,0.0,99,8.0,483
2025-10-30,SKU028,0.0,103,8.0,483
2025-10-31,SKU028,0.0,95,8.0,483
2025-11-01,SKU028,0.0,178,8.0,483
2025-11-02,SKU028,0.0,83,8.0,483
2025-11-03,SKU028,0.0,72,8.0,483
2025-11-04,SKU028,0.0,201,8.0,483
2025-11-05,SKU028,0.0,221,8.0,483
2025-11-06,SKU028,0.0,130,8.0,483
2025-11-07,SKU028,0.0,60,8.0,483
2025-11-08,SKU028,0.0,0,8.0,483
2025-11-09,SKU028,0.0,149,8.0,483
2025-11-10,SKU028,0.0,182,8.0,483
2025-11-11,SKU028,0.0,169,8.0,483
2025-11-12,SKU028,0.0,205,8.0,483
2025-11-13,SKU028,0.0,110,8.0,483
2025-11-14,SKU028,0.0,213,8.0,483
2025-11-15,SKU028,0.0,163,8.0,483
2025-11-16,SKU028,88.0,0,8.0,483
2025-11-17,SKU028,46.0,154,8.0,483
2025-11-18,SKU028,0.0,44,8.0,483
2025-11-19,SKU028,0.0,201,8.0,483
2025-11-20,SKU028,0.0,80,8.0,483
2025-11-21,SKU028,0.0,47,8.0,483
2025-11-22,SKU028,0.0,207,8.0,483
2025-11-23,SKU028,0.0,82,8.0,483
2025-11-24,SKU028,145.0,0,8.0,483
2025-11-25,SKU028,63.0,197,8.0,483
2025-11-26,SKU028,0.0,158,8.0,483
2025-11-27,SKU028,0.0,203,8.0,483
2025-11-28,SKU028,0.0,189,8.0,483
2025-11-29,SKU028,0.0,157,8.0,483
2025-11-30,SKU028,0.0,143,8.0,483
2025-12-01,SKU028,0.0,174,8.0,483
2025-12-02,SKU028,0.0,65,8.0,483
2025-12-03,SKU028,0.0,158,8.0,483
2025-12-04,SKU028,0.0,39,8.0,483
2025-12-05,SKU028,0.0,200,8.0,483
2025-12-06,SKU028,0.0,167,8.0,483
2025-12-07,SKU028,0.0,52,8.0,483
2025-12-08,SKU028,173.0,0,8.0,483
2025-12-09,SKU028,113.0,217,8.0,483
2025-12-10,SKU028,43.0,140,8.0,483
2025-12-11,SKU028,0.0,29,8.0,483
2025-12-12,SKU028,0.0,199,8.0,483
2025-12-13,SKU028,0.0,206,8.0,483
2025-12-14,SKU028,0.0,55,8.0,483
2025-12-15,SKU028,0.0,123,8.0,483
2025-12-16,SKU028,116.0,0,8.0,483
2025-12-17,SKU028,59.0,194,8.0,483
2025-12-18,SKU028,0.0,216,8.0,483
2025-12-19,SKU028,0.0,168,8.0,483
2025-12-20,SKU028,0.0,78,8.0,483
2025-12-21,SKU028,0.0,168,8.0,483
2025-12-22,SKU028,0.0,113,8.0,483
2025-12-23,SKU028,0.0,167,8.0,483
2025-12-24,SKU028,30.0,0,8.0,483
2025-12-25,SKU028,0.0,196,8.0,483
2025-12-26,SKU028,0.0,149,8.0,483
2025-12-27,SKU028,0.0,103,8.0,483
2025-12-28,SKU028,0.0,81,8.0,483
2025-12-29,SKU028,0.0,171,8.0,483
2025-12-30,SKU028,0.0,201,8.0,483
2025-12-31,SKU028,0.0,214,8.0,483
2026-01-01,SKU028,0.0,206,8.0,483
2026-01-02,SKU028,0.0,33,8.0,483
2026-01-03,SKU028,0.0,148,8.0,483
2026-01-04,SKU028,0.0,170,8.0,483
2026-01-05,SKU028,0.0,71,8.0,483
2026-01-06,SKU028,0.0,88,8.0,483
2026-01-07,SKU028,0.0,171,8.0,483
2026-01-08,SKU028,138.0,0,8.0,483
2026-01-09,SKU028,60.0,66,8.0,483
2026-01-10,SKU028,0.0,175,8.0,483
2026-01-11,SKU028,0.0,112,8.0,483
2026-01-12,SKU028,0.0,89,8.0,483
2026-01-13,SKU028,0.0,86,8.0,483
2026-01-14,SKU028,0.0,190,8.0,483
2026-01-15,SKU028,0.0,39,8.0,483
2026-01-16,SKU028,107.0,0,8.0,483
2026-01-17,SKU028,38.0,79,8.0,483
2026-01-18,SKU028,0.0,90,8.0,483
2026-01-19,SKU028,0.0,168,8.0,483
2026-01-20,SKU028,0.0,125,8.0,483
2026-01-21,SKU028,0.0,39,8.0,483
2026-01-22,SKU028,0.0,184,8.0,483
2026-01-23,SKU028,0.0,118,8.0,483
2026-01-24,SKU028,25.0,0,8.0,483
2026-01-25,SKU028,0.0,137,8.0,483
2026-01-26,SKU028,0.0,161,8.0,483
2026-01-27,SKU028,0.0,215,8.0,483
2026-01-28,SKU028,0.0,40,8.0,483
2026-01-29,SKU028,0.0,161,8.0,483
2026-01-30,SKU028,0.0,58,8.0,483
2026-01-31,SKU028,0.0,28,8.0,483
2026-02-01,SKU028,0.0,191,8.0,483
2026-02-02,SKU028,0.0,216,8.0,483
2026-02-03,SKU028,0.0,88,8.0,483
2026-02-04,SKU028,0.0,119,8.0,483
2026-02-05,SKU028,0.0,144,8.0,483
2026-02-06,SKU028,0.0,147,8.0,483
2026-02-07,SKU028,0.0,192,8.0,483
2026-02-08,SKU028,30.0,0,8.0,483
2026-02-09,SKU028,0.0,148,8.0,483
2026-02-10,SKU028,0.0,45,8.0,483
2026-02-11,SKU028,0.0,190,8.0,483
2026-02-12,SKU028,0.0,159,8.0,483
2026-02-13,SKU028,0.0,146,8.0,483
2026-02-14,SKU028,0.0,39,8.0,483
2026-02-15,SKU028,0.0,38,8.0,483
2026-02-16,SKU028,0.0,0,8.0,483
2026-02-17,SKU028,0.0,73,8.0,483
2026-02-18,SKU028,0.0,112,8.0,483
2026-02-19,SKU028,0.0,114,8.0,483
2026-02-20,SKU028,0.0,59,8.0,483
2026-02-21,SKU028,0.0,115,8.0,483
2026-02-22,SKU028,0.0,130,8.0,483
2026-02-23,SKU028,0.0,48,8.0,483
2026-02-24,SKU028,0.0,0,8.0,483
2026-02-25,SKU028,0.0,175,8.0,483
2026-02-26,SKU028,0.0,225,8.0,483
2026-02-27,SKU028,0.0,64,8.0,483
2026-02-28,SKU028,0.0,119,8.0,483
2026-03-01,SKU028,0.0,65,8.0,483
2026-03-02,SKU028,0.0,39,8.0,483
2026-03-03,SKU028,0.0,63,8.0,483
2026-03-04,SKU028,0.0,99,8.0,483
2026-03-05,SKU028,0.0,136,8.0,483
2026-03-06,SKU028,0.0,131,8.0,483
2026-03-07,SKU028,0.0,117,8.0,483
2026-03-08,SKU028,15.0,0,8.0,483
2026-03-09,SKU028,0.0,103,8.0,483
2026-03-10,SKU028,0.0,28,8.0,483
2026-03-11,SKU028,0.0,72,8.0,483
2026-03-12,SKU028,0.0,62,8.0,483
2026-03-13,SKU028,0.0,143,8.0,483
2026-03-14,SKU028,0.0,116,8.0,483
2026-03-15,SKU028,0.0,71,8.0,483
2026-03-16,SKU028,0.0,0,8.0,483
2026-03-17,SKU028,0.0,161,8.0,483
2026-03-18,SKU028,0.0,206,8.0,483
2026-03-19,SKU028,0.0,78,8.0,483
2026-03-20,SKU028,0.0,149,8.0,483
2026-03-21,SKU028,0.0,60,8.0,483
2026-03-22,SKU028,0.0,75,8.0,483
2026-03-23,SKU028,0.0,64,8.0,483
2026-03-24,SKU028,56.0,0,8.0,483
2026-03-25,SKU028,0.0,36,8.0,483
2026-03-26,SKU028,0.0,120,8.0,483
2026-03-27,SKU028,0.0,206,8.0,483
2026-03-28,SKU028,0.0,55,8.0,483
2026-03-29,SKU028,0.0,144,8.0,483
2026-03-30,SKU028,0.0,36,8.0,483
2026-03-31,SKU028,0.0,136,8.0,483
2026-04-01,SKU028,0.0,184,8.0,483
2026-04-02,SKU028,0.0,66,8.0,483
2026-04-03,SKU028,0.0,103,8.0,483
2026-04-04,SKU028,0.0,110,8.0,483
2026-04-05,SKU028,0.0,198,8.0,483
2026-04-06,SKU028,0.0,36,8.0,483
2026-04-07,SKU028,0.0,90,8.0,483
2026-04-08,SKU028,0.0,0,8.0,483
2026-04-09,SKU028,0.0,158,8.0,483
2026-04-10,SKU028,0.0,129,8.0,483
2026-04-11,SKU028,0.0,133,8.0,483
2026-04-12,SKU028,0.0,62,8.0,483
2026-04-13,SKU028,0.0,101,8.0,483
2026-04-14,SKU028,0.0,200,8.0,483
2026-04-15,SKU028,0.0,150,8.0,483
2026-04-16,SKU028,133.0,0,8.0,483
2026-04-17,SKU028,74.0,152,8.0,483
2026-04-18,SKU028,0.0,141,8.0,483
2026-04-19,SKU028,0.0,205,8.0,483
2026-04-20,SKU028,0.0,127,8.0,483
2026-04-21,SKU028,0.0,170,8.0,483
2026-04-22,SKU028,0.0,51,8.0,483
2026-04-23,SKU028,0.0,64,8.0,483
2026-04-24,SKU028,15.0,0,8.0,483
2026-04-25,SKU028,0.0,96,8.0,483
2026-04-26,SKU028,0.0,74,8.0,483
2026-04-27,SKU028,0.0,93,8.0,483
2026-04-28,SKU028,0.0,163,8.0,483
2026-04-29,SKU028,0.0,155,8.0,483
2026-04-30,SKU028,0.0,51,8.0,483
2026-05-01,SKU028,0.0,222,8.0,483
2026-05-02,SKU028,0.0,166,8.0,483
2026-05-03,SKU028,0.0,72,8.0,483
2026-05-04,SKU028,0.0,45,8.0,483
2026-05-05,SKU028,0.0,203,8.0,483
2026-05-06,SKU028,0.0,99,8.0,483
2026-05-07,SKU028,0.0,73,8.0,483
2026-05-08,SKU028,0.0,0,8.0,483
2026-05-09,SKU028,0.0,81,8.0,483
2026-05-10,SKU028,0.0,181,8.0,483
2026-05-11,SKU028,0.0,155,,483
2026-05-12,SKU028,0.0,96,8.0,483
2026-05-13,SKU028,0.0,93,8.0,483
2026-05-14,SKU028,0.0,217,8.0,483
2026-05-15,SKU028,0.0,155,8.0,483
2026-05-16,SKU028,104.0,0,8.0,483
2026-05-17,SKU028,47.0,87,8.0,483
2026-05-18,SKU028,0.0,223,8.0,483
2026-05-19,SKU028,0.0,175,8.0,483
2026-05-20,SKU028,0.0,75,8.0,483
2026-05-21,SKU028,0.0,210,8.0,483
2026-05-22,SKU028,0.0,105,8.0,483
2026-05-23,SKU028,0.0,41,8.0,483
2026-05-24,SKU028,56.0,0,8.0,483
2026-05-25,SKU028,0.0,188,8.0,483
2026-05-26,SKU028,0.0,113,8.0,483
2026-05-27,SKU028,0.0,131,8.0,483
2026-05-28,SKU028,0.0,123,8.0,483
2026-05-29,SKU028,0.0,216,8.0,483
2026-05-30,SKU028,0.0,36,8.0,483
2026-05-31,SKU028,0.0,82,8.0,483
2026-06-01,SKU028,0.0,182,8.0,483
2026-06-02,SKU028,0.0,40,8.0,483
2026-06-03,SKU028,0.0,96,8.0,483
2026-06-04,SKU028,0.0,199,8.0,483
2026-06-05,SKU028,0.0,47,8.0,483
2026-06-06,SKU028,0.0,60,8.0,483
2026-06-07,SKU028,0.0,92,8.0,483
2026-06-08,SKU028,111.0,0,8.0,483
2026-06-09,SKU028,40.0,100,8.0,483
2026-06-10,SKU028,0.0,191,8.0,483
2026-06-11,SKU028,0.0,29,8.0,483
2026-06-12,SKU028,0.0,40,8.0,483
2026-06-13,SKU028,0.0,194,8.0,483
2026-06-14,SKU028,0.0,104,8.0,483
2026-06-15,SKU028,0.0,127,8.0,483
2026-06-16,SKU028,97.0,0,8.0,483
2026-06-17,SKU028,0.0,54,8.0,483
2026-06-18,SKU028,0.0,152,8.0,483
2026-06-19,SKU028,0.0,175,8.0,483
2026-06-20,SKU028,0.0,119,8.0,483
2026-06-21,SKU028,0.0,77,8.0,483
2026-06-22,SKU028,0.0,32,8.0,483
2026-06-23,SKU028,0.0,141,8.0,483
2026-06-24,SKU028,0.0,0,8.0,483
2026-06-25,SKU028,0.0,76,8.0,483
2026-06-26,SKU028,0.0,94,8.0,483
2026-06-27,SKU028,0.0,143,8.0,483
2026-06-28,SKU028,0.0,203,8.0,483
2026-06-29,SKU028,0.0,175,8.0,483
2026-06-30,SKU028,0.0,137,8.0,483
2025-01-01,SKU029,76.0,35,10.0,184
2025-01-02,SKU029,76.0,63,10.0,184
2025-01-03,SKU029,76.0,70,10.0,184
2025-01-04,SKU029,76.0,37,10.0,184
2025-01-05,SKU029,76.0,60,10.0,184
2025-01-06,SKU029,76.0,75,10.0,184
2025-01-07,SKU029,76.0,61,10.0,184
2025-01-08,SKU029,76.0,95,10.0,184
2025-01-09,SKU029,76.0,29,10.0,184
2025-01-10,SKU029,145.0,0,10.0,184
2025-01-11,SKU029,145.0,16,10.0,184
2025-01-12,SKU029,145.0,18,10.0,184
2025-01-13,SKU029,145.0,12,10.0,184
2025-01-14,SKU029,145.0,39,10.0,184
2025-01-15,SKU029,145.0,14,10.0,184
2025-01-16,SKU029,145.0,86,10.0,184
2025-01-17,SKU029,145.0,55,10.0,184
2025-01-18,SKU029,145.0,73,10.0,184
2025-01-19,SKU029,145.0,72,10.0,184
2025-01-20,SKU029,233.0,0,10.0,184
2025-01-21,SKU029,233.0,21,10.0,184
2025-01-22,SKU029,233.0,16,10.0,184
2025-01-23,SKU029,233.0,73,10.0,184
2025-01-24,SKU029,233.0,83,10.0,184
2025-01-25,SKU029,233.0,13,10.0,184
2025-01-26,SKU029,233.0,58,10.0,184
2025-01-27,SKU029,233.0,46,10.0,184
2025-01-28,SKU029,233.0,90,10.0,184
2025-01-29,SKU029,233.0,72,10.0,184
2025-01-30,SKU029,329.0,0,10.0,184
2025-01-31,SKU029,329.0,42,10.0,184
2025-02-01,SKU029,329.0,24,10.0,184
2025-02-02,SKU029,329.0,76,10.0,184
2025-02-03,SKU029,329.0,76,10.0,184
2025-02-04,SKU029,329.0,48,10.0,184
2025-02-05,SKU029,329.0,28,10.0,184
2025-02-06,SKU029,329.0,19,10.0,184
2025-02-07,SKU029,329.0,67,10.0,184
2025-02-08,SKU029,329.0,29,10.0,184
2025-02-09,SKU029,329.0,18,10.0,184
2025-02-10,SKU029,396.0,0,10.0,184
2025-02-11,SKU029,396.0,66,10.0,184
2025-02-12,SKU029,396.0,57,10.0,184
2025-02-13,SKU029,396.0,77,10.0,184
2025-02-14,SKU029,396.0,43,10.0,184
2025-02-15,SKU029,396.0,56,10.0,184
2025-02-16,SKU029,396.0,94,10.0,184
2025-02-17,SKU029,396.0,35,10.0,184
2025-02-18,SKU029,396.0,23,10.0,184
2025-02-19,SKU029,396.0,45,10.0,184
2025-02-20,SKU029,451.0,0,10.0,184
2025-02-21,SKU029,451.0,81,10.0,184
2025-02-22,SKU029,451.0,54,10.0,184
2025-02-23,SKU029,451.0,68,10.0,184
2025-02-24,SKU029,451.0,63,10.0,184
2025-02-25,SKU029,451.0,51,10.0,184
2025-02-26,SKU029,451.0,81,10.0,184
2025-02-27,SKU029,451.0,22,10.0,184
2025-02-28,SKU029,451.0,77,10.0,184
2025-03-01,SKU029,451.0,66,10.0,184
2025-03-02,SKU029,451.0,93,10.0,184
2025-03-03,SKU029,451.0,37,10.0,184
2025-03-04,SKU029,451.0,27,10.0,184
2025-03-05,SKU029,451.0,37,10.0,184
2025-03-06,SKU029,451.0,33,10.0,184
2025-03-07,SKU029,451.0,86,10.0,184
2025-03-08,SKU029,451.0,67,10.0,184
2025-03-09,SKU029,451.0,56,10.0,184
2025-03-10,SKU029,527.0,0,10.0,184
2025-03-11,SKU029,527.0,17,10.0,184
2025-03-12,SKU029,527.0,44,10.0,184
2025-03-13,SKU029,527.0,42,10.0,184
2025-03-14,SKU029,527.0,91,10.0,184
2025-03-15,SKU029,527.0,40,10.0,184
2025-03-16,SKU029,527.0,38,10.0,184
2025-03-17,SKU029,527.0,93,10.0,184
2025-03-18,SKU029,527.0,83,10.0,184
2025-03-19,SKU029,527.0,75,10.0,184
2025-03-20,SKU029,544.0,0,10.0,184
2025-03-21,SKU029,544.0,33,10.0,184
2025-03-22,SKU029,544.0,29,10.0,184
2025-03-23,SKU029,544.0,85,10.0,184
2025-03-24,SKU029,544.0,92,10.0,184
2025-03-25,SKU029,544.0,70,10.0,184
2025-03-26,SKU029,544.0,85,10.0,184
2025-03-27,SKU029,544.0,53,10.0,184
2025-03-28,SKU029,544.0,23,10.0,184
2025-03-29,SKU029,544.0,75,10.0,184
2025-03-30,SKU029,632.0,0,10.0,184
2025-03-31,SKU029,632.0,86,10.0,184
2025-04-01,SKU029,632.0,29,10.0,184
2025-04-02,SKU029,632.0,94,10.0,184
2025-04-03,SKU029,632.0,50,10.0,184
2025-04-04,SKU029,632.0,54,10.0,184
2025-04-05,SKU029,632.0,54,10.0,184
2025-04-06,SKU029,632.0,31,10.0,184
2025-04-07,SKU029,632.0,54,10.0,184
2025-04-08,SKU029,632.0,62,10.0,184
2025-04-09,SKU029,632.0,92,10.0,184
2025-04-10,SKU029,726.0,0,10.0,184
2025-04-11,SKU029,726.0,31,10.0,184
2025-04-12,SKU029,726.0,24,10.0,184
2025-04-13,SKU029,726.0,30,10.0,184
2025-04-14,SKU029,726.0,38,10.0,184
2025-04-15,SKU029,726.0,58,10.0,184
2025-04-16,SKU029,726.0,51,10.0,184
2025-04-17,SKU029,726.0,13,10.0,184
2025-04-18,SKU029,726.0,16,10.0,184
2025-04-19,SKU029,726.0,75,10.0,184
2025-04-20,SKU029,809.0,0,10.0,184
2025-04-21,SKU029,809.0,80,10.0,184
2025-04-22,SKU029,809.0,12,10.0,184
2025-04-23,SKU029,809.0,52,10.0,184
2025-04-24,SKU029,809.0,92,10.0,184
2025-04-25,SKU029,809.0,97,10.0,184
2025-04-26,SKU029,809.0,96,10.0,184
2025-04-27,SKU029,809.0,87,10.0,184
2025-04-28,SKU029,809.0,67,10.0,184
2025-04-29,SKU029,809.0,87,10.0,184
2025-04-30,SKU029,899.0,0,10.0,184
2025-05-01,SKU029,899.0,62,10.0,184
2025-05-02,SKU029,899.0,23,10.0,184
2025-05-03,SKU029,899.0,27,10.0,184
2025-05-04,SKU029,899.0,71,10.0,184
2025-05-05,SKU029,899.0,67,10.0,184
2025-05-06,SKU029,874.0,48,10.0,184
2025-05-07,SKU029,858.0,21,10.0,184
2025-05-08,SKU029,833.0,31,10.0,184
2025-05-09,SKU029,789.0,98,10.0,184
2025-05-10,SKU029,778.0,0,10.0,184
2025-05-11,SKU029,743.0,83,10.0,184
2025-05-12,SKU029,729.0,65,10.0,184
2025-05-13,SKU029,705.0,15,10.0,184
2025-05-14,SKU029,689.0,48,10.0,184
2025-05-15,SKU029,674.0,82,10.0,184
2025-05-16,SKU029,638.0,65,10.0,184
2025-05-17,SKU029,616.0,91,10.0,184
2025-05-18,SKU029,582.0,95,10.0,184
2025-05-19,SKU029,566.0,83,10.0,184
2025-05-20,SKU029,618.0,0,10.0,184
2025-05-21,SKU029,593.0,21,10.0,184
2025-05-22,SKU029,572.0,78,10.0,184
2025-05-23,SKU029,535.0,67,10.0,184
2025-05-24,SKU029,505.0,44,10.0,184
2025-05-25,SKU029,487.0,80,10.0,184
2025-05-26,SKU029,451.0,50,10.0,184
2025-05-27,SKU029,429.0,72,10.0,184
2025-05-28,SKU029,408.0,73,10.0,184
2025-05-29,SKU029,383.0,77,10.0,184
2025-05-30,SKU029,374.0,0,10.0,184
2025-05-31,SKU029,345.0,28,10.0,184
2025-06-01,SKU029,322.0,74,10.0,184
2025-06-02,SKU029,303.0,46,10.0,184
2025-06-03,SKU029,273.0,96,10.0,184
2025-06-04,SKU029,244.0,98,10.0,184
2025-06-05,SKU029,214.0,93,10.0,184
2025-06-06,SKU029,191.0,52,10.0,184
2025-06-07,SKU029,158.0,93,10.0,184
2025-06-08,SKU029,122.0,15,10.0,184
2025-06-09,SKU029,84.0,67,10.0,184
2025-06-10,SKU029,146.0,0,10.0,184
2025-06-11,SKU029,107.0,13,10.0,184
2025-06-12,SKU029,61.0,77,10.0,184
2025-06-13,SKU029,19.0,63,10.0,184
2025-06-14,SKU029,0.0,18,10.0,184
2025-06-15,SKU029,0.0,30,10.0,184
2025-06-16,SKU029,0.0,23,10.0,184
2025-06-17,SKU029,0.0,76,10.0,184
2025-06-18,SKU029,0.0,79,10.0,184
2025-06-19,SKU029,0.0,96,10.0,184
2025-06-20,SKU029,20.0,0,10.0,184
2025-06-21,SKU029,0.0,79,10.0,184
2025-06-22,SKU029,0.0,50,10.0,184
2025-06-23,SKU029,0.0,25,10.0,184
2025-06-24,SKU029,0.0,48,10.0,184
2025-06-25,SKU029,0.0,21,10.0,184
2025-06-26,SKU029,0.0,85,10.0,184
2025-06-27,SKU029,0.0,50,10.0,184
2025-06-28,SKU029,0.0,80,10.0,184
2025-06-29,SKU029,0.0,94,10.0,184
2025-06-30,SKU029,4.0,0,10.0,184
2025-07-01,SKU029,0.0,30,10.0,184
2025-07-02,SKU029,0.0,33,10.0,184
2025-07-03,SKU029,0.0,76,10.0,184
2025-07-04,SKU029,0.0,33,10.0,184
2025-07-05,SKU029,0.0,41,10.0,184
2025-07-06,SKU029,0.0,64,10.0,184
2025-07-07,SKU029,0.0,50,10.0,184
2025-07-08,SKU029,0.0,30,10.0,184
2025-07-09,SKU029,0.0,53,10.0,184
2025-07-10,SKU029,10.0,0,10.0,184
2025-07-11,SKU029,0.0,68,10.0,184
2025-07-12,SKU029,0.0,47,10.0,184
2025-07-13,SKU029,0.0,81,10.0,184
2025-07-14,SKU029,0.0,32,10.0,184
2025-07-15,SKU029,0.0,55,10.0,184
2025-07-16,SKU029,0.0,81,10.0,184
2025-07-17,SKU029,0.0,35,10.0,184
2025-07-18,SKU029,0.0,32,10.0,184
2025-07-19,SKU029,0.0,61,10.0,184
2025-07-20,SKU029,35.0,0,10.0,184
2025-07-21,SKU029,9.0,94,10.0,184
2025-07-22,SKU029,0.0,81,10.0,184
2025-07-23,SKU029,0.0,38,10.0,184
2025-07-24,SKU029,0.0,24,10.0,184
2025-07-25,SKU029,0.0,33,10.0,184
2025-07-26,SKU029,0.0,47,10.0,184
2025-07-27,SKU029,0.0,20,10.0,184
2025-07-28,SKU029,0.0,35,10.0,184
2025-07-29,SKU029,0.0,81,10.0,184
2025-07-30,SKU029,31.0,0,10.0,184
2025-07-31,SKU029,6.0,15,10.0,184
2025-08-01,SKU029,0.0,13,10.0,184
2025-08-02,SKU029,0.0,45,10.0,184
2025-08-03,SKU029,0.0,15,10.0,184
2025-08-04,SKU029,0.0,38,10.0,184
2025-08-05,SKU029,0.0,32,10.0,184
2025-08-06,SKU029,0.0,53,10.0,184
2025-08-07,SKU029,0.0,60,10.0,184
2025-08-08,SKU029,0.0,71,10.0,184
2025-08-09,SKU029,0.0,48,10.0,184
2025-08-10,SKU029,33.0,0,10.0,184
2025-08-11,SKU029,11.0,65,10.0,184
2025-08-12,SKU029,0.0,40,10.0,184
2025-08-13,SKU029,0.0,37,10.0,184
2025-08-14,SKU029,0.0,69,10.0,184
2025-08-15,SKU029,0.0,31,10.0,184
2025-08-16,SKU029,0.0,17,10.0,184
2025-08-17,SKU029,0.0,16,10.0,184
2025-08-18,SKU029,0.0,41,10.0,184
2025-08-19,SKU029,0.0,96,10.0,184
2025-08-20,SKU029,29.0,0,10.0,184
2025-08-21,SKU029,0.0,39,10.0,184
2025-08-22,SKU029,0.0,69,10.0,184
2025-08-23,SKU029,0.0,24,10.0,184
2025-08-24,SKU029,0.0,87,10.0,184
2025-08-25,SKU029,0.0,97,10.0,184
2025-08-26,SKU029,0.0,65,10.0,184
2025-08-27,SKU029,0.0,22,10.0,184
2025-08-28,SKU029,0.0,91,10.0,184
2025-08-29,SKU029,0.0,21,10.0,184
2025-08-30,SKU029,0.0,0,10.0,184
2025-08-31,SKU029,0.0,74,10.0,184
2025-09-01,SKU029,0.0,74,10.0,184
2025-09-02,SKU029,0.0,31,10.0,184
2025-09-03,SKU029,0.0,71,10.0,184
2025-09-04,SKU029,0.0,92,10.0,184
2025-09-05,SKU029,0.0,84,10.0,184
2025-09-06,SKU029,0.0,35,10.0,184
2025-09-07,SKU029,0.0,41,10.0,184
2025-09-08,SKU029,0.0,96,10.0,184
2025-09-09,SKU029,0.0,52,10.0,184
2025-09-10,SKU029,65.0,0,10.0,184
2025-09-11,SKU029,49.0,14,10.0,184
2025-09-12,SKU029,25.0,15,10.0,184
2025-09-13,SKU029,0.0,26,10.0,184
2025-09-14,SKU029,0.0,35,10.0,184
2025-09-15,SKU029,0.0,88,10.0,184
2025-09-16,SKU029,0.0,24,10.0,184
2025-09-17,SKU029,0.0,82,10.0,184
2025-09-18,SKU029,0.0,71,10.0,184
2025-09-19,SKU029,0.0,52,10.0,184
2025-09-20,SKU029,21.0,0,10.0,184
2025-09-21,SKU029,0.0,62,10.0,184
2025-09-22,SKU029,0.0,38,10.0,184
2025-09-23,SKU029,0.0,80,10.0,184
2025-09-24,SKU029,0.0,26,10.0,184
2025-09-25,SKU029,0.0,26,10.0,184
2025-09-26,SKU029,0.0,65,10.0,184
2025-09-27,SKU029,0.0,39,10.0,184
2025-09-28,SKU029,0.0,13,10.0,184
2025-09-29,SKU029,0.0,67,10.0,184
2025-09-30,SKU029,58.0,0,10.0,184
2025-10-01,SKU029,26.0,69,10.0,184
2025-10-02,SKU029,0.0,53,10.0,184
2025-10-03,SKU029,0.0,71,10.0,184
2025-10-04,SKU029,0.0,50,10.0,184
2025-10-05,SKU029,0.0,67,10.0,184
2025-10-06,SKU029,0.0,48,10.0,184
2025-10-07,SKU029,0.0,75,10.0,184
2025-10-08,SKU029,0.0,94,10.0,184
2025-10-09,SKU029,0.0,76,10.0,184
2025-10-10,SKU029,13.0,0,10.0,184
2025-10-11,SKU029,0.0,24,10.0,184
2025-10-12,SKU029,0.0,20,10.0,184
2025-10-13,SKU029,0.0,13,10.0,184
2025-10-14,SKU029,0.0,54,10.0,184
2025-10-15,SKU029,0.0,35,10.0,184
2025-10-16,SKU029,0.0,26,10.0,184
2025-10-17,SKU029,0.0,34,10.0,184
2025-10-18,SKU029,0.0,95,10.0,184
2025-10-19,SKU029,0.0,31,10.0,184
2025-10-20,SKU029,40.0,0,10.0,184
2025-10-21,SKU029,17.0,96,10.0,184
2025-10-22,SKU029,0.0,23,10.0,184
2025-10-23,SKU029,0.0,33,10.0,184
2025-10-24,SKU029,0.0,63,10.0,184
2025-10-25,SKU029,0.0,74,10.0,184
2025-10-26,SKU029,0.0,85,10.0,184
2025-10-27,SKU029,0.0,69,10.0,184
2025-10-28,SKU029,0.0,14,10.0,184
2025-10-29,SKU029,0.0,30,10.0,184
2025-10-30,SKU029,29.0,0,10.0,184
2025-10-31,SKU029,0.0,22,10.0,184
2025-11-01,SKU029,0.0,23,10.0,184
2025-11-02,SKU029,0.0,82,10.0,184
2025-11-03,SKU029,0.0,77,10.0,184
2025-11-04,SKU029,0.0,29,10.0,184
2025-11-05,SKU029,0.0,54,10.0,184
2025-11-06,SKU029,0.0,96,10.0,184
2025-11-07,SKU029,0.0,63,10.0,184
2025-11-08,SKU029,0.0,74,10.0,184
2025-11-09,SKU029,0.0,68,10.0,184
2025-11-10,SKU029,27.0,0,10.0,184
2025-11-11,SKU029,5.0,82,10.0,184
2025-11-12,SKU029,0.0,19,10.0,184
2025-11-13,SKU029,0.0,64,10.0,184
2025-11-14,SKU029,0.0,47,10.0,184
2025-11-15,SKU029,0.0,87,10.0,184
2025-11-16,SKU029,0.0,65,10.0,184
2025-11-17,SKU029,0.0,35,10.0,184
2025-11-18,SKU029,0.0,77,10.0,184
2025-11-19,SKU029,0.0,46,10.0,184
2025-11-20,SKU029,41.0,0,10.0,184
2025-11-21,SKU029,17.0,22,10.0,184
2025-11-22,SKU029,0.0,43,10.0,184
2025-11-23,SKU029,0.0,61,10.0,184
2025-11-24,SKU029,0.0,23,10.0,184
2025-11-25,SKU029,0.0,55,10.0,184
2025-11-26,SKU029,0.0,88,10.0,184
2025-11-27,SKU029,0.0,17,10.0,184
2025-11-28,SKU029,0.0,49,10.0,184
2025-11-29,SKU029,0.0,80,10.0,184
2025-11-30,SKU029,0.0,0,10.0,184
2025-12-01,SKU029,0.0,16,10.0,184
2025-12-02,SKU029,0.0,53,10.0,184
2025-12-03,SKU029,0.0,93,10.0,184
2025-12-04,SKU029,0.0,68,10.0,184
2025-12-05,SKU029,0.0,86,10.0,184
2025-12-06,SKU029,0.0,93,10.0,184
2025-12-07,SKU029,0.0,56,10.0,184
2025-12-08,SKU029,0.0,18,10.0,184
2025-12-09,SKU029,0.0,21,10.0,184
2025-12-10,SKU029,47.0,0,10.0,184
2025-12-11,SKU029,16.0,69,10.0,184
2025-12-12,SKU029,0.0,32,10.0,184
2025-12-13,SKU029,0.0,77,10.0,184
2025-12-14,SKU029,0.0,33,10.0,184
2025-12-15,SKU029,0.0,60,10.0,184
2025-12-16,SKU029,0.0,44,10.0,184
2025-12-17,SKU029,0.0,72,10.0,184
2025-12-18,SKU029,0.0,71,10.0,184
2025-12-19,SKU029,0.0,83,10.0,184
2025-12-20,SKU029,0.0,0,10.0,184
2025-12-21,SKU029,0.0,46,10.0,184
2025-12-22,SKU029,0.0,31,10.0,184
2025-12-23,SKU029,0.0,57,10.0,184
2025-12-24,SKU029,0.0,16,10.0,184
2025-12-25,SKU029,0.0,89,10.0,184
2025-12-26,SKU029,0.0,41,10.0,184
2025-12-27,SKU029,0.0,40,10.0,184
2025-12-28,SKU029,0.0,47,10.0,184
2025-12-29,SKU029,0.0,40,10.0,184
2025-12-30,SKU029,30.0,0,10.0,184
2025-12-31,SKU029,0.0,92,10.0,184
2026-01-01,SKU029,0.0,56,10.0,184
2026-01-02,SKU029,0.0,81,10.0,184
2026-01-03,SKU029,0.0,40,10.0,184
2026-01-04,SKU029,0.0,48,10.0,184
2026-01-05,SKU029,0.0,89,10.0,184
2026-01-06,SKU029,0.0,16,10.0,184
2026-01-07,SKU029,0.0,55,10.0,184
2026-01-08,SKU029,0.0,83,10.0,184
2026-01-09,SKU029,0.0,64,10.0,184
2026-01-10,SKU029,0.0,0,10.0,184
2026-01-11,SKU029,0.0,17,10.0,184
2026-01-12,SKU029,0.0,88,10.0,184
2026-01-13,SKU029,0.0,47,10.0,184
2026-01-14,SKU029,0.0,52,10.0,184
2026-01-15,SKU029,0.0,27,10.0,184
2026-01-16,SKU029,0.0,52,10.0,184
2026-01-17,SKU029,0.0,48,10.0,184
2026-01-18,SKU029,0.0,79,10.0,184
2026-01-19,SKU029,0.0,20,10.0,184
2026-01-20,SKU029,39.0,0,10.0,184
2026-01-21,SKU029,9.0,95,10.0,184
2026-01-22,SKU029,0.0,37,10.0,184
2026-01-23,SKU029,0.0,74,10.0,184
2026-01-24,SKU029,0.0,20,10.0,184
2026-01-25,SKU029,0.0,53,10.0,184
2026-01-26,SKU029,0.0,43,10.0,184
2026-01-27,SKU029,0.0,74,10.0,184
2026-01-28,SKU029,0.0,94,10.0,184
2026-01-29,SKU029,0.0,78,10.0,184
2026-01-30,SKU029,0.0,0,10.0,184
2026-01-31,SKU029,0.0,82,10.0,184
2026-02-01,SKU029,0.0,14,10.0,184
2026-02-02,SKU029,0.0,71,10.0,184
2026-02-03,SKU029,0.0,16,10.0,184
2026-02-04,SKU029,0.0,84,10.0,184
2026-02-05,SKU029,0.0,89,10.0,184
2026-02-06,SKU029,0.0,68,10.0,184
2026-02-07,SKU029,0.0,33,10.0,184
2026-02-08,SKU029,0.0,29,10.0,184
2026-02-09,SKU029,0.0,31,10.0,184
2026-02-10,SKU029,7.0,0,10.0,184
2026-02-11,SKU029,0.0,55,10.0,184
2026-02-12,SKU029,0.0,16,10.0,184
2026-02-13,SKU029,0.0,79,10.0,184
2026-02-14,SKU029,0.0,55,10.0,184
2026-02-15,SKU029,0.0,60,10.0,184
2026-02-16,SKU029,0.0,68,10.0,184
2026-02-17,SKU029,0.0,26,10.0,184
2026-02-18,SKU029,0.0,64,10.0,184
2026-02-19,SKU029,0.0,46,10.0,184
2026-02-20,SKU029,15.0,0,10.0,184
2026-02-21,SKU029,0.0,64,10.0,184
2026-02-22,SKU029,0.0,33,10.0,184
2026-02-23,SKU029,0.0,19,10.0,184
2026-02-24,SKU029,0.0,47,10.0,184
2026-02-25,SKU029,0.0,25,10.0,184
2026-02-26,SKU029,0.0,19,10.0,184
2026-02-27,SKU029,0.0,74,10.0,184
2026-02-28,SKU029,0.0,65,10.0,184
2026-03-01,SKU029,0.0,25,10.0,184
2026-03-02,SKU029,0.0,54,10.0,184
2026-03-03,SKU029,0.0,90,10.0,184
2026-03-04,SKU029,0.0,90,10.0,184
2026-03-05,SKU029,0.0,50,10.0,184
2026-03-06,SKU029,0.0,91,10.0,184
2026-03-07,SKU029,0.0,85,10.0,184
2026-03-08,SKU029,0.0,22,10.0,184
2026-03-09,SKU029,0.0,36,10.0,184
2026-03-10,SKU029,0.0,0,10.0,184
2026-03-11,SKU029,0.0,15,10.0,184
2026-03-12,SKU029,0.0,59,10.0,184
2026-03-13,SKU029,0.0,64,10.0,184
2026-03-14,SKU029,0.0,16,10.0,184
2026-03-15,SKU029,0.0,63,10.0,184
2026-03-16,SKU029,0.0,30,10.0,184
2026-03-17,SKU029,0.0,34,10.0,184
2026-03-18,SKU029,0.0,14,10.0,184
2026-03-19,SKU029,0.0,13,10.0,184
2026-03-20,SKU029,38.0,0,10.0,184
2026-03-21,SKU029,0.0,30,10.0,184
2026-03-22,SKU029,0.0,94,10.0,184
2026-03-23,SKU029,0.0,89,10.0,184
2026-03-24,SKU029,0.0,15,10.0,184
2026-03-25,SKU029,0.0,83,10.0,184
2026-03-26,SKU029,0.0,70,10.0,184
2026-03-27,SKU029,0.0,47,10.0,184
2026-03-28,SKU029,0.0,32,10.0,184
2026-03-29,SKU029,0.0,61,10.0,184
2026-03-30,SKU029,67.0,0,10.0,184
2026-03-31,SKU029,36.0,22,10.0,184
2026-04-01,SKU029,0.0,91,10.0,184
2026-04-02,SKU029,0.0,70,10.0,184
2026-04-03,SKU029,0.0,18,10.0,184
2026-04-04,SKU029,0.0,54,10.0,184
2026-04-05,SKU029,0.0,17,10.0,184
2026-04-06,SKU029,0.0,71,10.0,184
2026-04-07,SKU029,0.0,18,10.0,184
2026-04-08,SKU029,0.0,46,10.0,184
2026-04-09,SKU029,0.0,21,10.0,184
2026-04-10,SKU029,63.0,0,10.0,184
2026-04-11,SKU029,20.0,36,10.0,184
2026-04-12,SKU029,0.0,55,10.0,184
2026-04-13,SKU029,0.0,32,10.0,184
2026-04-14,SKU029,0.0,60,10.0,184
2026-04-15,SKU029,0.0,21,10.0,184
2026-04-16,SKU029,0.0,72,10.0,184
2026-04-17,SKU029,0.0,27,10.0,184
2026-04-18,SKU029,0.0,94,10.0,184
2026-04-19,SKU029,0.0,62,10.0,184
2026-04-20,SKU029,57.0,0,10.0,184
2026-04-21,SKU029,37.0,19,10.0,184
2026-04-22,SKU029,8.0,38,10.0,184
2026-04-23,SKU029,0.0,59,10.0,184
2026-04-24,SKU029,0.0,63,10.0,184
2026-04-25,SKU029,0.0,81,10.0,184
2026-04-26,SKU029,0.0,13,10.0,184
2026-04-27,SKU029,0.0,73,10.0,184
2026-04-28,SKU029,0.0,59,10.0,184
2026-04-29,SKU029,0.0,94,10.0,184
2026-04-30,SKU029,53.0,0,10.0,184
2026-05-01,SKU029,30.0,38,10.0,184
2026-05-02,SKU029,0.0,13,10.0,184
2026-05-03,SKU029,0.0,60,10.0,184
2026-05-04,SKU029,0.0,56,10.0,184
2026-05-05,SKU029,0.0,87,10.0,184
2026-05-06,SKU029,0.0,20,10.0,184
2026-05-07,SKU029,0.0,62,10.0,184
2026-05-08,SKU029,0.0,98,10.0,184
2026-05-09,SKU029,0.0,14,10.0,184
2026-05-10,SKU029,0.0,0,10.0,184
2026-05-11,SKU029,0.0,12,10.0,184
2026-05-12,SKU029,0.0,17,10.0,184
2026-05-13,SKU029,0.0,31,10.0,184
2026-05-14,SKU029,0.0,69,10.0,184
2026-05-15,SKU029,0.0,55,10.0,184
2026-05-16,SKU029,0.0,19,10.0,184
2026-05-17,SKU029,0.0,42,10.0,184
2026-05-18,SKU029,0.0,47,10.0,184
2026-05-19,SKU029,0.0,66,10.0,184
2026-05-20,SKU029,0.0,0,10.0,184
2026-05-21,SKU029,0.0,12,10.0,184
2026-05-22,SKU029,0.0,17,10.0,184
2026-05-23,SKU029,0.0,16,10.0,184
2026-05-24,SKU029,0.0,83,10.0,184
2026-05-25,SKU029,0.0,13,10.0,184
2026-05-26,SKU029,0.0,36,10.0,184
2026-05-27,SKU029,0.0,42,10.0,184
2026-05-28,SKU029,0.0,82,10.0,184
2026-05-29,SKU029,0.0,79,10.0,184
2026-05-30,SKU029,36.0,0,10.0,184
2026-05-31,SKU029,0.0,67,10.0,184
2026-06-01,SKU029,0.0,63,10.0,184
2026-06-02,SKU029,0.0,94,10.0,184
2026-06-03,SKU029,0.0,12,10.0,184
2026-06-04,SKU029,0.0,55,10.0,184
2026-06-05,SKU029,0.0,69,10.0,184
2026-06-06,SKU029,0.0,66,10.0,184
2026-06-07,SKU029,0.0,96,10.0,184
2026-06-08,SKU029,0.0,76,10.0,184
2026-06-09,SKU029,0.0,63,10.0,184
2026-06-10,SKU029,0.0,0,10.0,184
2026-06-11,SKU029,0.0,89,10.0,184
2026-06-12,SKU029,0.0,40,10.0,184
2026-06-13,SKU029,0.0,73,10.0,184
2026-06-14,SKU029,0.0,41,10.0,184
2026-06-15,SKU029,0.0,63,10.0,184
2026-06-16,SKU029,0.0,49,10.0,184
2026-06-17,SKU029,0.0,52,10.0,184
2026-06-18,SKU029,0.0,47,10.0,184
2026-06-19,SKU029,0.0,80,10.0,184
2026-06-20,SKU029,1.0,0,10.0,184
2026-06-21,SKU029,0.0,55,10.0,184
2026-06-22,SKU029,0.0,54,10.0,184
2026-06-23,SKU029,0.0,52,10.0,184
2026-06-24,SKU029,0.0,82,10.0,184
2026-06-25,SKU029,0.0,55,10.0,184
2026-06-26,SKU029,0.0,54,10.0,184
2026-06-27,SKU029,0.0,23,10.0,184
2026-06-28,SKU029,0.0,33,10.0,184
2026-06-29,SKU029,0.0,81,10.0,184
2026-06-30,SKU029,53.0,0,10.0,184
2025-01-01,SKU030,236.0,155,7.0,235
2025-01-02,SKU030,190.0,124,7.0,235
2025-01-03,SKU030,137.0,76,7.0,235
2025-01-04,SKU030,89.0,93,7.0,235
2025-01-05,SKU030,47.0,150,7.0,235
2025-01-06,SKU030,4.0,43,7.0,235
2025-01-07,SKU030,0.0,0,7.0,235
2025-01-08,SKU030,0.0,154,7.0,235
2025-01-09,SKU030,0.0,105,7.0,235
2025-01-10,SKU030,0.0,115,7.0,235
2025-01-11,SKU030,0.0,41,7.0,235
2025-01-12,SKU030,0.0,128,7.0,235
2025-01-13,SKU030,0.0,104,7.0,235
2025-01-14,SKU030,10.0,0,7.0,235
2025-01-15,SKU030,0.0,119,7.0,235
2025-01-16,SKU030,0.0,156,7.0,235
2025-01-17,SKU030,0.0,156,7.0,235
2025-01-18,SKU030,0.0,26,7.0,235
2025-01-19,SKU030,0.0,34,7.0,235
2025-01-20,SKU030,0.0,101,7.0,235
2025-01-21,SKU030,75.0,0,7.0,235
2025-01-22,SKU030,20.0,158,7.0,235
2025-01-23,SKU030,0.0,111,7.0,235
2025-01-24,SKU030,0.0,138,7.0,235
2025-01-25,SKU030,0.0,125,7.0,235
2025-01-26,SKU030,0.0,84,7.0,235
2025-01-27,SKU030,0.0,70,7.0,235
2025-01-28,SKU030,69.0,0,7.0,235
2025-01-29,SKU030,14.0,116,7.0,235
2025-01-30,SKU030,0.0,73,7.0,235
2025-01-31,SKU030,0.0,66,7.0,235
2025-02-01,SKU030,0.0,37,7.0,235
2025-02-02,SKU030,0.0,35,7.0,235
2025-02-03,SKU030,0.0,33,7.0,235
2025-02-04,SKU030,0.0,124,7.0,235
2025-02-05,SKU030,0.0,99,7.0,235
2025-02-06,SKU030,0.0,149,7.0,235
2025-02-07,SKU030,0.0,0,7.0,235
2025-02-08,SKU030,0.0,168,7.0,235
2025-02-09,SKU030,0.0,87,7.0,235
2025-02-10,SKU030,0.0,136,7.0,235
2025-02-11,SKU030,0.0,54,7.0,235
2025-02-12,SKU030,0.0,67,7.0,235
2025-02-13,SKU030,0.0,39,7.0,235
2025-02-14,SKU030,30.0,0,7.0,235
2025-02-15,SKU030,0.0,75,7.0,235
2025-02-16,SKU030,0.0,68,7.0,235
2025-02-17,SKU030,0.0,154,7.0,235
2025-02-18,SKU030,0.0,146,7.0,235
2025-02-19,SKU030,0.0,36,7.0,235
2025-02-20,SKU030,0.0,78,7.0,235
2025-02-21,SKU030,15.0,0,7.0,235
2025-02-22,SKU030,0.0,158,7.0,235
2025-02-23,SKU030,0.0,109,7.0,235
2025-02-24,SKU030,0.0,152,7.0,235
2025-02-25,SKU030,0.0,82,7.0,235
2025-02-26,SKU030,0.0,112,7.0,235
2025-02-27,SKU030,0.0,41,7.0,235
2025-02-28,SKU030,0.0,0,7.0,235
2025-03-01,SKU030,0.0,111,7.0,235
2025-03-02,SKU030,0.0,104,7.0,235
2025-03-03,SKU030,0.0,152,7.0,235
2025-03-04,SKU030,0.0,122,7.0,235
2025-03-05,SKU030,0.0,52,7.0,235
2025-03-06,SKU030,0.0,97,7.0,235
2025-03-07,SKU030,0.0,0,7.0,235
2025-03-08,SKU030,0.0,117,7.0,235
2025-03-09,SKU030,0.0,39,7.0,235
2025-03-10,SKU030,0.0,82,7.0,235
2025-03-11,SKU030,0.0,26,7.0,235
2025-03-12,SKU030,0.0,119,7.0,235
2025-03-13,SKU030,0.0,121,7.0,235
2025-03-14,SKU030,0.0,0,7.0,235
2025-03-15,SKU030,0.0,46,7.0,235
2025-03-16,SKU030,0.0,68,7.0,235
2025-03-17,SKU030,0.0,167,7.0,235
2025-03-18,SKU030,0.0,151,7.0,235
2025-03-19,SKU030,0.0,89,7.0,235
2025-03-20,SKU030,0.0,139,7.0,235
2025-03-21,SKU030,0.0,0,7.0,235
2025-03-22,SKU030,0.0,38,7.0,235
2025-03-23,SKU030,0.0,128,7.0,235
2025-03-24,SKU030,0.0,152,7.0,235
2025-03-25,SKU030,0.0,37,7.0,235
2025-03-26,SKU030,0.0,136,7.0,235
2025-03-27,SKU030,0.0,29,7.0,235
2025-03-28,SKU030,34.0,0,7.0,235
2025-03-29,SKU030,0.0,134,7.0,235
2025-03-30,SKU030,0.0,91,7.0,235
2025-03-31,SKU030,0.0,130,7.0,235
2025-04-01,SKU030,0.0,62,7.0,235
2025-04-02,SKU030,0.0,119,7.0,235
2025-04-03,SKU030,0.0,137,7.0,235
2025-04-04,SKU030,0.0,50,7.0,235
2025-04-05,SKU030,0.0,48,7.0,235
2025-04-06,SKU030,0.0,27,7.0,235
2025-04-07,SKU030,24.0,0,7.0,235
2025-04-08,SKU030,0.0,23,7.0,235
2025-04-09,SKU030,0.0,98,7.0,235
2025-04-10,SKU030,0.0,61,7.0,235
2025-04-11,SKU030,0.0,166,7.0,235
2025-04-12,SKU030,0.0,149,7.0,235
2025-04-13,SKU030,0.0,102,7.0,235
2025-04-14,SKU030,116.0,0,7.0,235
2025-04-15,SKU030,70.0,162,7.0,235
2025-04-16,SKU030,34.0,109,7.0,235
2025-04-17,SKU030,0.0,73,7.0,235
2025-04-18,SKU030,0.0,151,7.0,235
2025-04-19,SKU030,0.0,60,7.0,235
2025-04-20,SKU030,0.0,69,7.0,235
2025-04-21,SKU030,83.0,0,7.0,235
2025-04-22,SKU030,16.0,25,7.0,235
2025-04-23,SKU030,0.0,38,7.0,235
2025-04-24,SKU030,0.0,102,7.0,235
2025-04-25,SKU030,0.0,41,7.0,235
2025-04-26,SKU030,0.0,147,7.0,235
2025-04-27,SKU030,0.0,149,7.0,235
2025-04-28,SKU030,69.0,0,7.0,235
2025-04-29,SKU030,25.0,34,7.0,235
2025-04-30,SKU030,0.0,62,7.0,235
2025-05-01,SKU030,0.0,107,7.0,235
2025-05-02,SKU030,0.0,29,7.0,235
2025-05-03,SKU030,0.0,73,7.0,235
2025-05-04,SKU030,0.0,47,7.0,235
2025-05-05,SKU030,0.0,105,7.0,235
2025-05-06,SKU030,0.0,149,7.0,235
2025-05-07,SKU030,106.0,0,7.0,235
2025-05-08,SKU030,63.0,35,7.0,235
2025-05-09,SKU030,16.0,34,7.0,235
2025-05-10,SKU030,0.0,127,7.0,235
2025-05-11,SKU030,0.0,21,7.0,235
2025-05-12,SKU030,0.0,94,7.0,235
2025-05-13,SKU030,0.0,118,7.0,235
2025-05-14,SKU030,25.0,0,7.0,235
2025-05-15,SKU030,0.0,83,7.0,235
2025-05-16,SKU030,0.0,85,7.0,235
2025-05-17,SKU030,0.0,64,7.0,235
2025-05-18,SKU030,0.0,83,7.0,235
2025-05-19,SKU030,0.0,139,7.0,235
2025-05-20,SKU030,0.0,144,7.0,235
2025-05-21,SKU030,75.0,0,7.0,235
2025-05-22,SKU030,25.0,65,7.0,235
2025-05-23,SKU030,0.0,80,7.0,235
2025-05-24,SKU030,0.0,124,7.0,235
2025-05-25,SKU030,0.0,90,7.0,235
2025-05-26,SKU030,0.0,39,7.0,235
2025-05-27,SKU030,0.0,118,7.0,235
2025-05-28,SKU030,0.0,0,7.0,235
2025-05-29,SKU030,0.0,166,7.0,235
2025-05-30,SKU030,0.0,68,7.0,235
2025-05-31,SKU030,0.0,44,7.0,235
2025-06-01,SKU030,0.0,108,7.0,235
2025-06-02,SKU030,0.0,132,7.0,235
2025-06-03,SKU030,0.0,126,7.0,235
2025-06-04,SKU030,0.0,60,7.0,235
2025-06-05,SKU030,0.0,100,7.0,235
2025-06-06,SKU030,0.0,123,7.0,235
2025-06-07,SKU030,92.0,0,7.0,235
2025-06-08,SKU030,38.0,92,7.0,235
2025-06-09,SKU030,0.0,22,7.0,235
2025-06-10,SKU030,0.0,83,7.0,235
2025-06-11,SKU030,0.0,111,7.0,235
2025-06-12,SKU030,0.0,41,7.0,235
2025-06-13,SKU030,0.0,157,7.0,235
2025-06-14,SKU030,0.0,0,7.0,235
2025-06-15,SKU030,0.0,43,7.0,235
2025-06-16,SKU030,0.0,21,7.0,235
2025-06-17,SKU030,0.0,57,7.0,235
2025-06-18,SKU030,0.0,144,7.0,235
2025-06-19,SKU030,0.0,127,7.0,235
2025-06-20,SKU030,0.0,43,7.0,235
2025-06-21,SKU030,97.0,0,7.0,235
2025-06-22,SKU030,48.0,115,7.0,235
2025-06-23,SKU030,0.0,95,7.0,235
2025-06-24,SKU030,0.0,39,7.0,235
2025-06-25,SKU030,0.0,152,7.0,235
2025-06-26,SKU030,0.0,109,7.0,235
2025-06-27,SKU030,0.0,41,7.0,235
2025-06-28,SKU030,31.0,0,7.0,235
2025-06-29,SKU030,0.0,26,7.0,235
2025-06-30,SKU030,0.0,32,7.0,235
2025-07-01,SKU030,0.0,48,7.0,235
2025-07-02,SKU030,0.0,83,7.0,235
2025-07-03,SKU030,0.0,141,7.0,235
2025-07-04,SKU030,0.0,119,7.0,235
2025-07-05,SKU030,0.0,121,7.0,235
2025-07-06,SKU030,0.0,32,7.0,235
2025-07-07,SKU030,2.0,0,7.0,235
2025-07-08,SKU030,0.0,86,7.0,235
2025-07-09,SKU030,0.0,159,7.0,235
2025-07-10,SKU030,0.0,113,7.0,235
2025-07-11,SKU030,0.0,51,7.0,235
2025-07-12,SKU030,0.0,21,7.0,235
2025-07-13,SKU030,0.0,30,7.0,235
2025-07-14,SKU030,2.0,0,7.0,235
2025-07-15,SKU030,0.0,113,7.0,235
2025-07-16,SKU030,0.0,42,7.0,235
2025-07-17,SKU030,0.0,27,7.0,235
2025-07-18,SKU030,0.0,105,7.0,235
2025-07-19,SKU030,0.0,47,7.0,235
2025-07-20,SKU030,0.0,54,7.0,235
2025-07-21,SKU030,118.0,0,7.0,235
2025-07-22,SKU030,61.0,140,7.0,235
2025-07-23,SKU030,16.0,144,7.0,235
2025-07-24,SKU030,0.0,25,7.0,235
2025-07-25,SKU030,0.0,164,7.0,235
2025-07-26,SKU030,0.0,91,7.0,235
2025-07-27,SKU030,0.0,33,7.0,235
2025-07-28,SKU030,8.0,0,7.0,235
2025-07-29,SKU030,0.0,36,7.0,235
2025-07-30,SKU030,0.0,69,7.0,235
2025-07-31,SKU030,0.0,39,7.0,235
2025-08-01,SKU030,0.0,57,7.0,235
2025-08-02,SKU030,0.0,31,7.0,235
2025-08-03,SKU030,0.0,58,7.0,235
2025-08-04,SKU030,0.0,71,7.0,235
2025-08-05,SKU030,0.0,155,7.0,235
2025-08-06,SKU030,0.0,48,7.0,235
2025-08-07,SKU030,76.0,0,7.0,235
2025-08-08,SKU030,28.0,141,7.0,235
2025-08-09,SKU030,0.0,103,7.0,235
2025-08-10,SKU030,0.0,85,7.0,235
2025-08-11,SKU030,0.0,80,7.0,235
2025-08-12,SKU030,0.0,155,7.0,235
2025-08-13,SKU030,0.0,161,7.0,235
2025-08-14,SKU030,80.0,0,7.0,235
2025-08-15,SKU030,0.0,148,7.0,235
2025-08-16,SKU030,0.0,136,7.0,235
2025-08-17,SKU030,0.0,126,7.0,235
2025-08-18,SKU030,0.0,56,7.0,235
2025-08-19,SKU030,0.0,82,7.0,235
2025-08-20,SKU030,0.0,57,7.0,235
2025-08-21,SKU030,96.0,0,7.0,235
2025-08-22,SKU030,37.0,65,7.0,235
2025-08-23,SKU030,0.0,124,7.0,235
2025-08-24,SKU030,0.0,69,7.0,235
2025-08-25,SKU030,0.0,30,7.0,235
2025-08-26,SKU030,0.0,152,7.0,235
2025-08-27,SKU030,0.0,82,7.0,235
2025-08-28,SKU030,7.0,0,7.0,235
2025-08-29,SKU030,0.0,99,7.0,235
2025-08-30,SKU030,0.0,40,7.0,235
2025-08-31,SKU030,0.0,22,7.0,235
2025-09-01,SKU030,0.0,24,7.0,235
2025-09-02,SKU030,0.0,167,7.0,235
2025-09-03,SKU030,0.0,138,7.0,235
2025-09-04,SKU030,0.0,145,7.0,235
2025-09-05,SKU030,0.0,93,7.0,235
2025-09-06,SKU030,0.0,99,7.0,235
2025-09-07,SKU030,3.0,0,7.0,235
2025-09-08,SKU030,0.0,94,7.0,235
2025-09-09,SKU030,0.0,106,7.0,235
2025-09-10,SKU030,0.0,142,7.0,235
2025-09-11,SKU030,0.0,146,7.0,235
2025-09-12,SKU030,0.0,141,7.0,235
2025-09-13,SKU030,0.0,161,7.0,235
2025-09-14,SKU030,112.0,0,7.0,235
2025-09-15,SKU030,74.0,61,7.0,235
2025-09-16,SKU030,34.0,50,7.0,235
2025-09-17,SKU030,0.0,76,7.0,235
2025-09-18,SKU030,0.0,33,7.0,235
2025-09-19,SKU030,0.0,143,7.0,235
2025-09-20,SKU030,0.0,89,7.0,235
2025-09-21,SKU030,0.0,0,7.0,235
2025-09-22,SKU030,0.0,88,7.0,235
2025-09-23,SKU030,0.0,102,7.0,235
2025-09-24,SKU030,0.0,74,7.0,235
2025-09-25,SKU030,0.0,67,7.0,235
2025-09-26,SKU030,0.0,86,7.0,235
2025-09-27,SKU030,0.0,57,7.0,235
2025-09-28,SKU030,39.0,0,7.0,235
2025-09-29,SKU030,0.0,125,7.0,235
2025-09-30,SKU030,0.0,154,7.0,235
2025-10-01,SKU030,0.0,28,7.0,235
2025-10-02,SKU030,0.0,163,7.0,235
2025-10-03,SKU030,0.0,83,7.0,235
2025-10-04,SKU030,0.0,145,7.0,235
2025-10-05,SKU030,0.0,118,7.0,235
2025-10-06,SKU030,0.0,142,7.0,235
2025-10-07,SKU030,0.0,0,7.0,235
2025-10-08,SKU030,0.0,39,7.0,235
2025-10-09,SKU030,0.0,27,7.0,235
2025-10-10,SKU030,0.0,53,7.0,235
2025-10-11,SKU030,0.0,116,7.0,235
2025-10-12,SKU030,0.0,95,7.0,235
2025-10-13,SKU030,0.0,119,7.0,235
2025-10-14,SKU030,135.0,0,7.0,235
2025-10-15,SKU030,72.0,44,7.0,235
2025-10-16,SKU030,34.0,53,7.0,235
2025-10-17,SKU030,0.0,54,7.0,235
2025-10-18,SKU030,0.0,127,7.0,235
2025-10-19,SKU030,0.0,25,7.0,235
2025-10-20,SKU030,0.0,70,7.0,235
2025-10-21,SKU030,48.0,0,7.0,235
2025-10-22,SKU030,9.0,23,7.0,235
2025-10-23,SKU030,0.0,158,7.0,235
2025-10-24,SKU030,0.0,162,7.0,235
2025-10-25,SKU030,0.0,142,7.0,235
2025-10-26,SKU030,0.0,90,7.0,235
2025-10-27,SKU030,0.0,107,7.0,235
2025-10-28,SKU030,0.0,0,7.0,235
2025-10-29,SKU030,0.0,139,7.0,235
2025-10-30,SKU030,0.0,22,7.0,235
2025-10-31,SKU030,0.0,113,7.0,235
2025-11-01,SKU030,0.0,34,7.0,235
2025-11-02,SKU030,0.0,137,7.0,235
2025-11-03,SKU030,0.0,99,7.0,235
2025-11-04,SKU030,0.0,44,7.0,235
2025-11-05,SKU030,0.0,30,7.0,235
2025-11-06,SKU030,0.0,57,7.0,235
2025-11-07,SKU030,105.0,0,7.0,235
2025-11-08,SKU030,51.0,38,7.0,235
2025-11-09,SKU030,0.0,88,7.0,235
2025-11-10,SKU030,0.0,61,7.0,235
2025-11-11,SKU030,0.0,118,7.0,235
2025-11-12,SKU030,0.0,134,7.0,235
2025-11-13,SKU030,0.0,159,7.0,235
2025-11-14,SKU030,46.0,0,7.0,235
2025-11-15,SKU030,0.0,89,7.0,235
2025-11-16,SKU030,0.0,62,7.0,235
2025-11-17,SKU030,0.0,131,7.0,235
2025-11-18,SKU030,0.0,167,7.0,235
2025-11-19,SKU030,0.0,73,7.0,235
2025-11-20,SKU030,0.0,124,7.0,235
2025-11-21,SKU030,75.0,0,7.0,235
2025-11-22,SKU030,0.0,140,7.0,235
2025-11-23,SKU030,0.0,110,7.0,235
2025-11-24,SKU030,0.0,80,7.0,235
2025-11-25,SKU030,0.0,108,7.0,235
2025-11-26,SKU030,0.0,35,7.0,235
2025-11-27,SKU030,0.0,163,7.0,235
2025-11-28,SKU030,0.0,0,7.0,235
2025-11-29,SKU030,0.0,53,7.0,235
2025-11-30,SKU030,0.0,109,7.0,235
2025-12-01,SKU030,0.0,100,7.0,235
2025-12-02,SKU030,0.0,30,7.0,235
2025-12-03,SKU030,0.0,103,7.0,235
2025-12-04,SKU030,0.0,119,7.0,235
2025-12-05,SKU030,0.0,91,7.0,235
2025-12-06,SKU030,0.0,106,7.0,235
2025-12-07,SKU030,0.0,0,7.0,235
2025-12-08,SKU030,0.0,153,7.0,235
2025-12-09,SKU030,0.0,167,7.0,235
2025-12-10,SKU030,0.0,111,7.0,235
2025-12-11,SKU030,0.0,102,7.0,235
2025-12-12,SKU030,0.0,124,7.0,235
2025-12-13,SKU030,0.0,151,7.0,235
2025-12-14,SKU030,6.0,0,7.0,235
2025-12-15,SKU030,0.0,94,7.0,235
2025-12-16,SKU030,0.0,80,7.0,235
2025-12-17,SKU030,0.0,44,7.0,235
2025-12-18,SKU030,0.0,81,7.0,235
2025-12-19,SKU030,0.0,150,7.0,235
2025-12-20,SKU030,0.0,37,7.0,235
2025-12-21,SKU030,0.0,0,7.0,235
2025-12-22,SKU030,0.0,115,7.0,235
2025-12-23,SKU030,0.0,52,7.0,235
2025-12-24,SKU030,0.0,46,7.0,235
2025-12-25,SKU030,0.0,157,7.0,235
2025-12-26,SKU030,0.0,85,7.0,235
2025-12-27,SKU030,0.0,52,7.0,235
2025-12-28,SKU030,12.0,0,7.0,235
2025-12-29,SKU030,0.0,30,7.0,235
2025-12-30,SKU030,0.0,55,7.0,235
2025-12-31,SKU030,0.0,105,7.0,235
2026-01-01,SKU030,0.0,47,7.0,235
2026-01-02,SKU030,0.0,157,7.0,235
2026-01-03,SKU030,0.0,57,7.0,235
2026-01-04,SKU030,0.0,63,7.0,235
2026-01-05,SKU030,0.0,125,7.0,235
2026-01-06,SKU030,0.0,148,7.0,235
2026-01-07,SKU030,0.0,0,7.0,235
2026-01-08,SKU030,0.0,103,7.0,235
2026-01-09,SKU030,,129,7.0,235
2026-01-10,SKU030,0.0,148,7.0,235
2026-01-11,SKU030,0.0,33,7.0,235
2026-01-12,SKU030,0.0,167,7.0,235
2026-01-13,SKU030,0.0,35,7.0,235
2026-01-14,SKU030,86.0,0,7.0,235
2026-01-15,SKU030,42.0,42,7.0,235
2026-01-16,SKU030,0.0,111,7.0,235
2026-01-17,SKU030,0.0,71,7.0,235
2026-01-18,SKU030,0.0,71,7.0,235
2026-01-19,SKU030,0.0,75,7.0,235
2026-01-20,SKU030,0.0,127,7.0,235
2026-01-21,SKU030,24.0,0,7.0,235
2026-01-22,SKU030,0.0,158,7.0,235
2026-01-23,SKU030,0.0,50,7.0,235
2026-01-24,SKU030,0.0,21,7.0,235
2026-01-25,SKU030,0.0,46,7.0,235
2026-01-26,SKU030,0.0,162,7.0,235
2026-01-27,SKU030,0.0,115,7.0,235
2026-01-28,SKU030,67.0,0,7.0,235
2026-01-29,SKU030,3.0,165,7.0,235
2026-01-30,SKU030,0.0,87,7.0,235
2026-01-31,SKU030,0.0,67,7.0,235
2026-02-01,SKU030,0.0,22,7.0,235
2026-02-02,SKU030,0.0,62,7.0,235
2026-02-03,SKU030,0.0,91,7.0,235
2026-02-04,SKU030,0.0,21,7.0,235
2026-02-05,SKU030,0.0,147,7.0,235
2026-02-06,SKU030,0.0,101,7.0,235
2026-02-07,SKU030,96.0,0,7.0,235
2026-02-08,SKU030,55.0,125,7.0,235
2026-02-09,SKU030,6.0,113,7.0,235
2026-02-10,SKU030,0.0,125,7.0,235
2026-02-11,SKU030,0.0,130,7.0,235
2026-02-12,SKU030,0.0,80,7.0,235
2026-02-13,SKU030,0.0,126,7.0,235
2026-02-14,SKU030,85.0,0,7.0,235
2026-02-15,SKU030,27.0,131,7.0,235
2026-02-16,SKU030,0.0,120,7.0,235
2026-02-17,SKU030,0.0,144,7.0,235
2026-02-18,SKU030,0.0,51,7.0,235
2026-02-19,SKU030,0.0,68,7.0,235
2026-02-20,SKU030,0.0,105,7.0,235
2026-02-21,SKU030,0.0,0,7.0,235
2026-02-22,SKU030,0.0,123,7.0,235
2026-02-23,SKU030,0.0,132,7.0,235
2026-02-24,SKU030,0.0,24,7.0,235
2026-02-25,SKU030,0.0,118,7.0,235
2026-02-26,SKU030,0.0,25,7.0,235
2026-02-27,SKU030,0.0,28,7.0,235
2026-02-28,SKU030,0.0,0,7.0,235
2026-03-01,SKU030,0.0,54,7.0,235
2026-03-02,SKU030,0.0,148,7.0,235
2026-03-03,SKU030,0.0,103,7.0,235
2026-03-04,SKU030,0.0,29,7.0,235
2026-03-05,SKU030,0.0,162,7.0,235
2026-03-06,SKU030,0.0,89,7.0,235
2026-03-07,SKU030,63.0,0,7.0,235
2026-03-08,SKU030,10.0,125,7.0,235
2026-03-09,SKU030,0.0,144,7.0,235
2026-03-10,SKU030,0.0,107,7.0,235
2026-03-11,SKU030,0.0,113,7.0,235
2026-03-12,SKU030,0.0,33,7.0,235
2026-03-13,SKU030,0.0,28,7.0,235
2026-03-14,SKU030,14.0,0,7.0,235
2026-03-15,SKU030,0.0,101,7.0,235
2026-03-16,SKU030,0.0,153,7.0,235
2026-03-17,SKU030,0.0,46,7.0,235
2026-03-18,SKU030,0.0,159,7.0,235
2026-03-19,SKU030,0.0,59,7.0,235
2026-03-20,SKU030,0.0,141,7.0,235
2026-03-21,SKU030,0.0,0,7.0,235
2026-03-22,SKU030,0.0,80,7.0,235
2026-03-23,SKU030,0.0,124,7.0,235
2026-03-24,SKU030,0.0,151,7.0,235
2026-03-25,SKU030,0.0,57,7.0,235
2026-03-26,SKU030,0.0,134,7.0,235
2026-03-27,SKU030,0.0,167,7.0,235
2026-03-28,SKU030,26.0,0,7.0,235
2026-03-29,SKU030,0.0,35,7.0,235
2026-03-30,SKU030,0.0,105,7.0,235
2026-03-31,SKU030,0.0,56,7.0,235
2026-04-01,SKU030,0.0,34,7.0,235
2026-04-02,SKU030,0.0,110,7.0,235
2026-04-03,SKU030,0.0,72,7.0,235
2026-04-04,SKU030,0.0,65,7.0,235
2026-04-05,SKU030,0.0,155,7.0,235
2026-04-06,SKU030,0.0,37,7.0,235
2026-04-07,SKU030,43.0,0,7.0,235
2026-04-08,SKU030,13.0,126,7.0,235
2026-04-09,SKU030,0.0,112,7.0,235
2026-04-10,SKU030,0.0,115,7.0,235
2026-04-11,SKU030,0.0,139,7.0,235
2026-04-12,SKU030,0.0,71,7.0,235
2026-04-13,SKU030,0.0,87,7.0,235
2026-04-14,SKU030,25.0,0,7.0,235
2026-04-15,SKU030,0.0,58,7.0,235
2026-04-16,SKU030,0.0,75,7.0,235
2026-04-17,SKU030,0.0,70,7.0,235
2026-04-18,SKU030,0.0,83,7.0,235
2026-04-19,SKU030,0.0,147,7.0,235
2026-04-20,SKU030,0.0,72,7.0,235
2026-04-21,SKU030,42.0,0,7.0,235
2026-04-22,SKU030,0.0,84,7.0,235
2026-04-23,SKU030,0.0,62,7.0,235
2026-04-24,SKU030,0.0,91,7.0,235
2026-04-25,SKU030,0.0,148,7.0,235
2026-04-26,SKU030,0.0,61,7.0,235
2026-04-27,SKU030,0.0,92,7.0,235
2026-04-28,SKU030,54.0,0,7.0,235
2026-04-29,SKU030,15.0,123,7.0,235
2026-04-30,SKU030,0.0,94,7.0,235
2026-05-01,SKU030,0.0,54,7.0,235
2026-05-02,SKU030,0.0,75,7.0,235
2026-05-03,SKU030,0.0,46,7.0,235
2026-05-04,SKU030,0.0,33,7.0,235
2026-05-05,SKU030,0.0,45,7.0,235
2026-05-06,SKU030,0.0,35,7.0,235
2026-05-07,SKU030,0.0,0,7.0,235
2026-05-08,SKU030,0.0,41,7.0,235
2026-05-09,SKU030,0.0,76,7.0,235
2026-05-10,SKU030,0.0,42,7.0,235
2026-05-11,SKU030,0.0,92,7.0,235
2026-05-12,SKU030,0.0,58,7.0,235
2026-05-13,SKU030,0.0,144,7.0,235
2026-05-14,SKU030,0.0,0,7.0,235
2026-05-15,SKU030,0.0,126,7.0,235
2026-05-16,SKU030,0.0,31,7.0,235
2026-05-17,SKU030,0.0,163,7.0,235
2026-05-18,SKU030,0.0,125,7.0,235
2026-05-19,SKU030,0.0,148,7.0,235
2026-05-20,SKU030,0.0,34,7.0,235
2026-05-21,SKU030,68.0,0,7.0,235
2026-05-22,SKU030,26.0,22,7.0,235
2026-05-23,SKU030,0.0,75,7.0,235
2026-05-24,SKU030,0.0,165,7.0,235
2026-05-25,SKU030,0.0,74,7.0,235
2026-05-26,SKU030,0.0,105,7.0,235
2026-05-27,SKU030,0.0,97,7.0,235
2026-05-28,SKU030,24.0,0,7.0,235
2026-05-29,SKU030,0.0,29,7.0,235
2026-05-30,SKU030,0.0,149,7.0,235
2026-05-31,SKU030,0.0,119,7.0,235
2026-06-01,SKU030,0.0,165,7.0,235
2026-06-02,SKU030,0.0,112,7.0,235
2026-06-03,SKU030,0.0,36,7.0,235
2026-06-04,SKU030,0.0,86,7.0,235
2026-06-05,SKU030,0.0,60,7.0,235
2026-06-06,SKU030,0.0,159,7.0,235
2026-06-07,SKU030,0.0,0,7.0,235
2026-06-08,SKU030,0.0,86,7.0,235
2026-06-09,SKU030,0.0,160,7.0,235
2026-06-10,SKU030,0.0,33,7.0,235
2026-06-11,SKU030,0.0,130,7.0,235
2026-06-12,SKU030,0.0,115,7.0,235
2026-06-13,SKU030,0.0,84,7.0,235
2026-06-14,SKU030,0.0,0,7.0,235
2026-06-15,SKU030,0.0,144,7.0,235
2026-06-16,SKU030,0.0,25,7.0,235
2026-06-17,SKU030,0.0,136,7.0,235
2026-06-18,SKU030,0.0,110,7.0,235
2026-06-19,SKU030,0.0,49,7.0,235
2026-06-20,SKU030,0.0,103,7.0,235
2026-06-21,SKU030,67.0,0,7.0,235
2026-06-22,SKU030,23.0,78,7.0,235
2026-06-23,SKU030,0.0,139,7.0,235
2026-06-24,SKU030,0.0,161,7.0,235
2026-06-25,SKU030,0.0,130,7.0,235
2026-06-26,SKU030,0.0,21,7.0,235
2026-06-27,SKU030,0.0,71,7.0,235
2026-06-28,SKU030,102.0,0,7.0,235
2026-06-29,SKU030,56.0,70,7.0,235
2026-06-30,SKU030,4.0,49,7.0,235
2025-01-01,SKU031,108.0,21,6.0,73
2025-01-02,SKU031,108.0,33,6.0,73
2025-01-03,SKU031,108.0,35,6.0,73
2025-01-04,SKU031,108.0,61,6.0,73
2025-01-05,SKU031,108.0,43,6.0,73
2025-01-06,SKU031,169.0,0,6.0,73
2025-01-07,SKU031,169.0,19,6.0,73
2025-01-08,SKU031,169.0,55,6.0,73
2025-01-09,SKU031,169.0,19,6.0,73
2025-01-10,SKU031,169.0,23,6.0,73
2025-01-11,SKU031,169.0,62,6.0,73
2025-01-12,SKU031,204.0,0,6.0,73
2025-01-13,SKU031,204.0,28,6.0,73
2025-01-14,SKU031,204.0,44,6.0,73
2025-01-15,SKU031,204.0,51,6.0,73
2025-01-16,SKU031,204.0,33,6.0,73
2025-01-17,SKU031,204.0,54,6.0,73
2025-01-18,SKU031,247.0,0,6.0,73
2025-01-19,SKU031,247.0,55,6.0,73
2025-01-20,SKU031,247.0,60,6.0,73
2025-01-21,SKU031,247.0,43,6.0,73
2025-01-22,SKU031,247.0,47,6.0,73
2025-01-23,SKU031,247.0,12,6.0,73
2025-01-24,SKU031,299.0,0,6.0,73
2025-01-25,SKU031,299.0,62,6.0,73
2025-01-26,SKU031,299.0,34,6.0,73
2025-01-27,SKU031,299.0,30,6.0,73
2025-01-28,SKU031,299.0,46,6.0,73
2025-01-29,SKU031,299.0,19,6.0,73
2025-01-30,SKU031,313.0,0,6.0,73
2025-01-31,SKU031,313.0,59,6.0,73
2025-02-01,SKU031,313.0,11,6.0,73
2025-02-02,SKU031,313.0,46,6.0,73
2025-02-03,SKU031,313.0,24,6.0,73
2025-02-04,SKU031,313.0,8,6.0,73
2025-02-05,SKU031,313.0,21,6.0,73
2025-02-06,SKU031,367.0,0,6.0,73
2025-02-07,SKU031,367.0,9,6.0,73
2025-02-08,SKU031,367.0,19,6.0,73
2025-02-09,SKU031,367.0,48,6.0,73
2025-02-10,SKU031,367.0,62,6.0,73
2025-02-11,SKU031,367.0,44,6.0,73
2025-02-12,SKU031,404.0,0,6.0,73
2025-02-13,SKU031,404.0,29,6.0,73
2025-02-14,SKU031,404.0,48,6.0,73
2025-02-15,SKU031,404.0,19,6.0,73
2025-02-16,SKU031,404.0,12,6.0,73
2025-02-17,SKU031,404.0,46,6.0,73
2025-02-18,SKU031,462.0,0,6.0,73
2025-02-19,SKU031,462.0,56,6.0,73
2025-02-20,SKU031,462.0,28,6.0,73
2025-02-21,SKU031,462.0,60,6.0,73
2025-02-22,SKU031,462.0,12,6.0,73
2025-02-23,SKU031,462.0,11,6.0,73
2025-02-24,SKU031,500.0,0,6.0,73
2025-02-25,SKU031,500.0,46,6.0,73
2025-02-26,SKU031,500.0,23,6.0,73
2025-02-27,SKU031,500.0,40,6.0,73
2025-02-28,SKU031,500.0,11,6.0,73
2025-03-01,SKU031,500.0,57,6.0,73
2025-03-02,SKU031,500.0,39,6.0,73
2025-03-03,SKU031,480.0,60,6.0,73
2025-03-04,SKU031,467.0,40,6.0,73
2025-03-05,SKU031,455.0,55,6.0,73
2025-03-06,SKU031,501.0,0,6.0,73
2025-03-07,SKU031,489.0,34,6.0,73
2025-03-08,SKU031,475.0,26,6.0,73
2025-03-09,SKU031,464.0,25,6.0,73
2025-03-10,SKU031,445.0,28,6.0,73
2025-03-11,SKU031,432.0,22,6.0,73
2025-03-12,SKU031,476.0,0,6.0,73
2025-03-13,SKU031,465.0,37,6.0,73
2025-03-14,SKU031,443.0,41,6.0,73
2025-03-15,SKU031,419.0,11,6.0,73
2025-03-16,SKU031,398.0,57,6.0,73
2025-03-17,SKU031,384.0,12,6.0,73
2025-03-18,SKU031,397.0,0,6.0,73
2025-03-19,SKU031,381.0,56,6.0,73
2025-03-20,SKU031,371.0,13,6.0,73
2025-03-21,SKU031,345.0,54,6.0,73
2025-03-22,SKU031,325.0,47,6.0,73
2025-03-23,SKU031,301.0,38,6.0,73
2025-03-24,SKU031,311.0,0,6.0,73
2025-03-25,SKU031,292.0,48,6.0,73
2025-03-26,SKU031,266.0,60,6.0,73
2025-03-27,SKU031,244.0,17,6.0,73
2025-03-28,SKU031,222.0,8,6.0,73
2025-03-29,SKU031,204.0,8,6.0,73
2025-03-30,SKU031,251.0,0,6.0,73
2025-03-31,SKU031,241.0,38,6.0,73
2025-04-01,SKU031,228.0,36,6.0,73
2025-04-02,SKU031,209.0,18,6.0,73
2025-04-03,SKU031,199.0,24,6.0,73
2025-04-04,SKU031,175.0,41,6.0,73
2025-04-05,SKU031,149.0,16,6.0,73
2025-04-06,SKU031,170.0,0,6.0,73
2025-04-07,SKU031,160.0,8,6.0,73
2025-04-08,SKU031,144.0,49,6.0,73
2025-04-09,SKU031,127.0,19,6.0,73
2025-04-10,SKU031,117.0,62,6.0,73
2025-04-11,SKU031,97.0,61,6.0,73
2025-04-12,SKU031,93.0,0,6.0,73
2025-04-13,SKU031,84.0,34,6.0,73
2025-04-14,SKU031,73.0,23,6.0,73
2025-04-15,SKU031,53.0,38,6.0,73
2025-04-16,SKU031,35.0,39,6.0,73
2025-04-17,SKU031,22.0,50,6.0,73
2025-04-18,SKU031,49.0,0,6.0,73
2025-04-19,SKU031,32.0,17,6.0,73
2025-04-20,SKU031,20.0,37,6.0,73
2025-04-21,SKU031,6.0,60,6.0,73
2025-04-22,SKU031,0.0,9,6.0,73
2025-04-23,SKU031,0.0,10,6.0,73
2025-04-24,SKU031,0.0,0,6.0,73
2025-04-25,SKU031,0.0,50,6.0,73
2025-04-26,SKU031,0.0,63,6.0,73
2025-04-27,SKU031,0.0,18,6.0,73
2025-04-28,SKU031,0.0,24,6.0,73
2025-04-29,SKU031,0.0,55,6.0,73
2025-04-30,SKU031,33.0,0,6.0,73
2025-05-01,SKU031,21.0,25,6.0,73
2025-05-02,SKU031,9.0,46,6.0,73
2025-05-03,SKU031,0.0,17,6.0,73
2025-05-04,SKU031,0.0,47,6.0,73
2025-05-05,SKU031,0.0,14,6.0,73
2025-05-06,SKU031,15.0,0,6.0,73
2025-05-07,SKU031,4.0,35,6.0,73
2025-05-08,SKU031,0.0,32,6.0,73
2025-05-09,SKU031,0.0,38,6.0,73
2025-05-10,SKU031,0.0,62,6.0,73
2025-05-11,SKU031,0.0,37,6.0,73
2025-05-12,SKU031,0.0,0,6.0,73
2025-05-13,SKU031,0.0,18,6.0,73
2025-05-14,SKU031,0.0,21,6.0,73
2025-05-15,SKU031,0.0,48,6.0,73
2025-05-16,SKU031,0.0,18,6.0,73
2025-05-17,SKU031,0.0,19,6.0,73
2025-05-18,SKU031,39.0,0,6.0,73
2025-05-19,SKU031,27.0,50,6.0,73
2025-05-20,SKU031,9.0,29,6.0,73
2025-05-21,SKU031,0.0,40,6.0,73
2025-05-22,SKU031,0.0,33,6.0,73
2025-05-23,SKU031,0.0,42,6.0,73
2025-05-24,SKU031,34.0,0,6.0,73
2025-05-25,SKU031,19.0,51,6.0,73
2025-05-26,SKU031,4.0,37,6.0,73
2025-05-27,SKU031,0.0,16,6.0,73
2025-05-28,SKU031,0.0,11,6.0,73
2025-05-29,SKU031,0.0,35,6.0,73
2025-05-30,SKU031,0.0,0,6.0,73
2025-05-31,SKU031,0.0,62,6.0,73
2025-06-01,SKU031,0.0,36,6.0,73
2025-06-02,SKU031,0.0,16,6.0,73
2025-06-03,SKU031,0.0,20,6.0,73
2025-06-04,SKU031,0.0,20,6.0,73
2025-06-05,SKU031,0.0,36,6.0,73
2025-06-06,SKU031,5.0,0,6.0,73
2025-06-07,SKU031,0.0,42,6.0,73
2025-06-08,SKU031,0.0,30,6.0,73
2025-06-09,SKU031,0.0,45,6.0,73
2025-06-10,SKU031,0.0,28,6.0,73
2025-06-11,SKU031,0.0,25,6.0,73
2025-06-12,SKU031,0.0,0,6.0,73
2025-06-13,SKU031,0.0,52,6.0,73
2025-06-14,SKU031,0.0,35,6.0,73
2025-06-15,SKU031,0.0,18,6.0,73
2025-06-16,SKU031,0.0,33,6.0,73
2025-06-17,SKU031,0.0,26,6.0,73
2025-06-18,SKU031,0.0,0,6.0,73
2025-06-19,SKU031,0.0,44,6.0,73
2025-06-20,SKU031,0.0,33,6.0,73
2025-06-21,SKU031,0.0,31,6.0,73
2025-06-22,SKU031,0.0,34,6.0,73
2025-06-23,SKU031,0.0,44,6.0,73
2025-06-24,SKU031,39.0,0,6.0,73
2025-06-25,SKU031,23.0,33,6.0,73
2025-06-26,SKU031,0.0,38,6.0,73
2025-06-27,SKU031,0.0,43,6.0,73
2025-06-28,SKU031,0.0,17,6.0,73
2025-06-29,SKU031,0.0,50,6.0,73
2025-06-30,SKU031,0.0,0,6.0,73
2025-07-01,SKU031,0.0,21,6.0,73
2025-07-02,SKU031,0.0,62,6.0,73
2025-07-03,SKU031,0.0,42,6.0,73
2025-07-04,SKU031,0.0,31,6.0,73
2025-07-05,SKU031,0.0,48,6.0,73
2025-07-06,SKU031,11.0,0,6.0,73
2025-07-07,SKU031,0.0,28,6.0,73
2025-07-08,SKU031,0.0,49,6.0,73
2025-07-09,SKU031,0.0,33,6.0,73
2025-07-10,SKU031,0.0,34,6.0,73
2025-07-11,SKU031,0.0,14,6.0,73
2025-07-12,SKU031,28.0,0,6.0,73
2025-07-13,SKU031,12.0,27,6.0,73
2025-07-14,SKU031,0.0,39,6.0,73
2025-07-15,SKU031,0.0,30,6.0,73
2025-07-16,SKU031,0.0,41,6.0,73
2025-07-17,SKU031,0.0,37,6.0,73
2025-07-18,SKU031,43.0,0,6.0,73
2025-07-19,SKU031,24.0,61,6.0,73
2025-07-20,SKU031,1.0,17,6.0,73
2025-07-21,SKU031,0.0,57,6.0,73
2025-07-22,SKU031,0.0,32,6.0,73
2025-07-23,SKU031,0.0,34,6.0,73
2025-07-24,SKU031,36.0,0,6.0,73
2025-07-25,SKU031,16.0,36,6.0,73
2025-07-26,SKU031,0.0,48,6.0,73
2025-07-27,SKU031,0.0,31,6.0,73
2025-07-28,SKU031,0.0,48,6.0,73
2025-07-29,SKU031,0.0,35,6.0,73
2025-07-30,SKU031,0.0,0,6.0,73
2025-07-31,SKU031,0.0,41,6.0,73
2025-08-01,SKU031,0.0,45,6.0,73
2025-08-02,SKU031,0.0,21,6.0,73
2025-08-03,SKU031,0.0,45,6.0,73
2025-08-04,SKU031,0.0,63,6.0,73
2025-08-05,SKU031,0.0,34,6.0,73
2025-08-06,SKU031,1.0,0,6.0,73
2025-08-07,SKU031,0.0,17,6.0,73
2025-08-08,SKU031,0.0,18,6.0,73
2025-08-09,SKU031,0.0,20,6.0,73
2025-08-10,SKU031,0.0,28,6.0,73
2025-08-11,SKU031,0.0,9,6.0,73
2025-08-12,SKU031,15.0,0,6.0,73
2025-08-13,SKU031,0.0,57,6.0,73
2025-08-14,SKU031,0.0,33,6.0,73
2025-08-15,SKU031,0.0,36,6.0,73
2025-08-16,SKU031,0.0,39,6.0,73
2025-08-17,SKU031,0.0,62,6.0,73
2025-08-18,SKU031,8.0,0,6.0,73
2025-08-19,SKU031,0.0,61,6.0,73
2025-08-20,SKU031,0.0,50,6.0,73
2025-08-21,SKU031,0.0,32,6.0,73
2025-08-22,SKU031,0.0,54,6.0,73
2025-08-23,SKU031,0.0,61,6.0,73
2025-08-24,SKU031,42.0,0,6.0,73
2025-08-25,SKU031,23.0,33,6.0,73
2025-08-26,SKU031,13.0,58,6.0,73
2025-08-27,SKU031,0.0,47,6.0,73
2025-08-28,SKU031,0.0,12,6.0,73
2025-08-29,SKU031,0.0,9,6.0,73
2025-08-30,SKU031,10.0,0,6.0,73
2025-08-31,SKU031,0.0,43,6.0,73
2025-09-01,SKU031,0.0,57,6.0,73
2025-09-02,SKU031,0.0,10,6.0,73
2025-09-03,SKU031,0.0,22,6.0,73
2025-09-04,SKU031,0.0,49,6.0,73
2025-09-05,SKU031,0.0,28,6.0,73
2025-09-06,SKU031,21.0,0,6.0,73
2025-09-07,SKU031,4.0,30,6.0,73
2025-09-08,SKU031,0.0,19,6.0,73
2025-09-09,SKU031,0.0,11,6.0,73
2025-09-10,SKU031,0.0,37,6.0,73
2025-09-11,SKU031,0.0,18,6.0,73
2025-09-12,SKU031,0.0,0,6.0,73
2025-09-13,SKU031,0.0,25,6.0,73
2025-09-14,SKU031,0.0,59,6.0,73
2025-09-15,SKU031,0.0,39,6.0,73
2025-09-16,SKU031,0.0,21,6.0,73
2025-09-17,SKU031,0.0,42,6.0,73
2025-09-18,SKU031,39.0,0,6.0,73
2025-09-19,SKU031,17.0,55,6.0,73
2025-09-20,SKU031,0.0,63,6.0,73
2025-09-21,SKU031,0.0,42,6.0,73
2025-09-22,SKU031,0.0,32,6.0,73
2025-09-23,SKU031,0.0,45,6.0,73
2025-09-24,SKU031,2.0,0,6.0,73
2025-09-25,SKU031,0.0,49,6.0,73
2025-09-26,SKU031,0.0,23,6.0,73
2025-09-27,SKU031,0.0,45,6.0,73
2025-09-28,SKU031,0.0,33,6.0,73
2025-09-29,SKU031,0.0,22,6.0,73
2025-09-30,SKU031,33.0,0,6.0,73
2025-10-01,SKU031,14.0,56,6.0,73
2025-10-02,SKU031,0.0,39,6.0,73
2025-10-03,SKU031,0.0,54,6.0,73
2025-10-04,SKU031,0.0,54,6.0,73
2025-10-05,SKU031,0.0,21,6.0,73
2025-10-06,SKU031,19.0,0,6.0,73
2025-10-07,SKU031,0.0,63,6.0,73
2025-10-08,SKU031,0.0,14,6.0,73
2025-10-09,SKU031,0.0,43,6.0,73
2025-10-10,SKU031,0.0,28,6.0,73
2025-10-11,SKU031,0.0,29,6.0,73
2025-10-12,SKU031,0.0,0,6.0,73
2025-10-13,SKU031,0.0,23,6.0,73
2025-10-14,SKU031,0.0,55,6.0,73
2025-10-15,SKU031,0.0,11,6.0,73
2025-10-16,SKU031,0.0,25,6.0,73
2025-10-17,SKU031,0.0,62,6.0,73
2025-10-18,SKU031,0.0,0,6.0,73
2025-10-19,SKU031,0.0,50,6.0,73
2025-10-20,SKU031,0.0,63,6.0,73
2025-10-21,SKU031,0.0,57,6.0,73
2025-10-22,SKU031,0.0,55,6.0,73
2025-10-23,SKU031,0.0,63,6.0,73
2025-10-24,SKU031,6.0,0,6.0,73
2025-10-25,SKU031,0.0,61,6.0,73
2025-10-26,SKU031,0.0,38,6.0,73
2025-10-27,SKU031,0.0,13,6.0,73
2025-10-28,SKU031,,56,6.0,73
2025-10-29,SKU031,0.0,15,6.0,73
2025-10-30,SKU031,0.0,0,6.0,73
2025-10-31,SKU031,0.0,7,6.0,73
2025-11-01,SKU031,0.0,28,6.0,73
2025-11-02,SKU031,0.0,31,6.0,73
2025-11-03,SKU031,0.0,22,6.0,73
2025-11-04,SKU031,0.0,53,6.0,73
2025-11-05,SKU031,0.0,57,6.0,73
2025-11-06,SKU031,7.0,0,6.0,73
2025-11-07,SKU031,0.0,36,6.0,73
2025-11-08,SKU031,0.0,60,6.0,73
2025-11-09,SKU031,0.0,18,6.0,73
2025-11-10,SKU031,0.0,20,6.0,73
2025-11-11,SKU031,0.0,28,6.0,73
2025-11-12,SKU031,10.0,0,6.0,73
2025-11-13,SKU031,0.0,9,6.0,73
2025-11-14,SKU031,0.0,57,6.0,73
2025-11-15,SKU031,0.0,10,6.0,73
2025-11-16,SKU031,0.0,28,6.0,73
2025-11-17,SKU031,0.0,13,6.0,73
2025-11-18,SKU031,12.0,0,6.0,73
2025-11-19,SKU031,0.0,13,6.0,73
2025-11-20,SKU031,0.0,14,6.0,73
2025-11-21,SKU031,0.0,43,6.0,73
2025-11-22,SKU031,0.0,32,6.0,73
2025-11-23,SKU031,0.0,23,6.0,73
2025-11-24,SKU031,50.0,0,6.0,73
2025-11-25,SKU031,30.0,61,6.0,73
2025-11-26,SKU031,7.0,42,6.0,73
2025-11-27,SKU031,0.0,19,6.0,73
2025-11-28,SKU031,0.0,59,6.0,73
2025-11-29,SKU031,0.0,28,6.0,73
2025-11-30,SKU031,10.0,0,6.0,73
2025-12-01,SKU031,0.0,49,6.0,73
2025-12-02,SKU031,0.0,49,6.0,73
2025-12-03,SKU031,0.0,33,6.0,73
2025-12-04,SKU031,0.0,37,6.0,73
2025-12-05,SKU031,0.0,62,6.0,73
2025-12-06,SKU031,19.0,0,6.0,73
2025-12-07,SKU031,2.0,47,6.0,73
2025-12-08,SKU031,0.0,19,6.0,73
2025-12-09,SKU031,0.0,42,6.0,73
2025-12-10,SKU031,0.0,17,6.0,73
2025-12-11,SKU031,0.0,28,6.0,73
2025-12-12,SKU031,5.0,0,6.0,73
2025-12-13,SKU031,0.0,45,6.0,73
2025-12-14,SKU031,0.0,12,6.0,73
2025-12-15,SKU031,0.0,13,6.0,73
2025-12-16,SKU031,0.0,10,6.0,73
2025-12-17,SKU031,0.0,29,6.0,73
2025-12-18,SKU031,0.0,0,6.0,73
2025-12-19,SKU031,0.0,50,6.0,73
2025-12-20,SKU031,0.0,53,6.0,73
2025-12-21,SKU031,0.0,21,6.0,73
2025-12-22,SKU031,0.0,42,6.0,73
2025-12-23,SKU031,0.0,35,6.0,73
2025-12-24,SKU031,0.0,0,6.0,73
2025-12-25,SKU031,0.0,43,6.0,73
2025-12-26,SKU031,0.0,48,6.0,73
2025-12-27,SKU031,0.0,54,6.0,73
2025-12-28,SKU031,0.0,24,6.0,73
2025-12-29,SKU031,0.0,16,6.0,73
2025-12-30,SKU031,31.0,0,6.0,73
2025-12-31,SKU031,2.0,59,6.0,73
2026-01-01,SKU031,0.0,23,6.0,73
2026-01-02,SKU031,0.0,11,6.0,73
2026-01-03,SKU031,0.0,47,6.0,73
2026-01-04,SKU031,0.0,28,6.0,73
2026-01-05,SKU031,0.0,50,6.0,73
2026-01-06,SKU031,0.0,0,6.0,73
2026-01-07,SKU031,0.0,33,6.0,73
2026-01-08,SKU031,0.0,26,6.0,73
2026-01-09,SKU031,0.0,43,6.0,73
2026-01-10,SKU031,0.0,47,6.0,73
2026-01-11,SKU031,0.0,60,6.0,73
2026-01-12,SKU031,18.0,0,6.0,73
2026-01-13,SKU031,0.0,15,6.0,73
2026-01-14,SKU031,0.0,61,6.0,73
2026-01-15,SKU031,0.0,39,6.0,73
2026-01-16,SKU031,0.0,59,6.0,73
2026-01-17,SKU031,0.0,54,6.0,73
2026-01-18,SKU031,13.0,0,6.0,73
2026-01-19,SKU031,0.0,12,6.0,73
2026-01-20,SKU031,0.0,24,6.0,73
2026-01-21,SKU031,0.0,46,6.0,73
2026-01-22,SKU031,0.0,48,6.0,73
2026-01-23,SKU031,0.0,21,6.0,73
2026-01-24,SKU031,29.0,0,6.0,73
2026-01-25,SKU031,1.0,13,6.0,73
2026-01-26,SKU031,0.0,19,6.0,73
2026-01-27,SKU031,0.0,14,6.0,73
2026-01-28,SKU031,0.0,19,6.0,73
2026-01-29,SKU031,0.0,17,6.0,73
2026-01-30,SKU031,21.0,0,6.0,73
2026-01-31,SKU031,6.0,58,6.0,73
2026-02-01,SKU031,0.0,61,6.0,73
2026-02-02,SKU031,0.0,29,6.0,73
2026-02-03,SKU031,0.0,55,6.0,73
2026-02-04,SKU031,0.0,13,6.0,73
2026-02-05,SKU031,0.0,39,6.0,73
2026-02-06,SKU031,26.0,0,6.0,73
2026-02-07,SKU031,1.0,30,6.0,73
2026-02-08,SKU031,0.0,9,6.0,73
2026-02-09,SKU031,0.0,26,6.0,73
2026-02-10,SKU031,0.0,8,6.0,73
2026-02-11,SKU031,0.0,52,6.0,73
2026-02-12,SKU031,51.0,0,6.0,73
2026-02-13,SKU031,18.0,19,6.0,73
2026-02-14,SKU031,0.0,50,6.0,73
2026-02-15,SKU031,0.0,57,6.0,73
2026-02-16,SKU031,0.0,24,6.0,73
2026-02-17,SKU031,0.0,44,6.0,73
2026-02-18,SKU031,0.0,0,6.0,73
2026-02-19,SKU031,0.0,11,6.0,73
2026-02-20,SKU031,0.0,40,6.0,73
2026-02-21,SKU031,0.0,24,6.0,73
2026-02-22,SKU031,0.0,55,6.0,73
2026-02-23,SKU031,0.0,61,6.0,73
2026-02-24,SKU031,0.0,0,6.0,73
2026-02-25,SKU031,0.0,16,6.0,73
2026-02-26,SKU031,0.0,19,6.0,73
2026-02-27,SKU031,0.0,33,6.0,73
2026-02-28,SKU031,0.0,25,6.0,73
2026-03-01,SKU031,0.0,43,6.0,73
2026-03-02,SKU031,0.0,33,6.0,73
2026-03-03,SKU031,0.0,9,6.0,73
2026-03-04,SKU031,0.0,49,6.0,73
2026-03-05,SKU031,0.0,27,6.0,73
2026-03-06,SKU031,16.0,0,6.0,73
2026-03-07,SKU031,0.0,54,6.0,73
2026-03-08,SKU031,0.0,14,6.0,73
2026-03-09,SKU031,0.0,41,6.0,73
2026-03-10,SKU031,0.0,59,6.0,73
2026-03-11,SKU031,0.0,15,6.0,73
2026-03-12,SKU031,28.0,0,6.0,73
2026-03-13,SKU031,15.0,20,6.0,73
2026-03-14,SKU031,0.0,31,6.0,73
2026-03-15,SKU031,0.0,48,6.0,73
2026-03-16,SKU031,0.0,54,6.0,73
2026-03-17,SKU031,0.0,59,6.0,73
2026-03-18,SKU031,36.0,0,6.0,73
2026-03-19,SKU031,10.0,56,6.0,73
2026-03-20,SKU031,0.0,13,6.0,73
2026-03-21,SKU031,0.0,46,6.0,73
2026-03-22,SKU031,0.0,46,6.0,73
2026-03-23,SKU031,0.0,12,6.0,73
2026-03-24,SKU031,11.0,0,6.0,73
2026-03-25,SKU031,0.0,27,6.0,73
2026-03-26,SKU031,0.0,43,6.0,73
2026-03-27,SKU031,0.0,38,6.0,73
2026-03-28,SKU031,0.0,60,6.0,73
2026-03-29,SKU031,0.0,15,6.0,73
2026-03-30,SKU031,28.0,0,6.0,73
2026-03-31,SKU031,7.0,15,6.0,73
2026-04-01,SKU031,0.0,55,6.0,73
2026-04-02,SKU031,0.0,29,6.0,73
2026-04-03,SKU031,0.0,23,6.0,73
2026-04-04,SKU031,0.0,23,6.0,73
2026-04-05,SKU031,0.0,14,6.0,73
2026-04-06,SKU031,0.0,0,6.0,73
2026-04-07,SKU031,0.0,29,6.0,73
2026-04-08,SKU031,0.0,9,6.0,73
2026-04-09,SKU031,0.0,36,6.0,73
2026-04-10,SKU031,0.0,18,6.0,73
2026-04-11,SKU031,0.0,38,6.0,73
2026-04-12,SKU031,6.0,0,6.0,73
2026-04-13,SKU031,0.0,22,6.0,73
2026-04-14,SKU031,0.0,52,6.0,73
2026-04-15,SKU031,0.0,63,6.0,73
2026-04-16,SKU031,0.0,27,6.0,73
2026-04-17,SKU031,0.0,34,6.0,73
2026-04-18,SKU031,1.0,0,6.0,73
2026-04-19,SKU031,0.0,27,6.0,73
2026-04-20,SKU031,0.0,22,6.0,73
2026-04-21,SKU031,0.0,43,6.0,73
2026-04-22,SKU031,0.0,21,6.0,73
2026-04-23,SKU031,0.0,32,6.0,73
2026-04-24,SKU031,3.0,0,6.0,73
2026-04-25,SKU031,0.0,49,6.0,73
2026-04-26,SKU031,0.0,53,6.0,73
2026-04-27,SKU031,0.0,9,6.0,73
2026-04-28,SKU031,0.0,39,6.0,73
2026-04-29,SKU031,0.0,14,6.0,73
2026-04-30,SKU031,0.0,0,6.0,73
2026-05-01,SKU031,0.0,26,6.0,73
2026-05-02,SKU031,0.0,11,6.0,73
2026-05-03,SKU031,0.0,59,6.0,73
2026-05-04,SKU031,0.0,46,6.0,73
2026-05-05,SKU031,0.0,43,6.0,73
2026-05-06,SKU031,4.0,0,6.0,73
2026-05-07,SKU031,0.0,55,6.0,73
2026-05-08,SKU031,0.0,22,6.0,73
2026-05-09,SKU031,0.0,22,6.0,73
2026-05-10,SKU031,0.0,57,6.0,73
2026-05-11,SKU031,0.0,42,6.0,73
2026-05-12,SKU031,29.0,0,6.0,73
2026-05-13,SKU031,12.0,62,6.0,73
2026-05-14,SKU031,0.0,30,6.0,73
2026-05-15,SKU031,0.0,23,6.0,73
2026-05-16,SKU031,0.0,22,6.0,73
2026-05-17,SKU031,0.0,19,6.0,73
2026-05-18,SKU031,37.0,0,6.0,73
2026-05-19,SKU031,18.0,23,6.0,73
2026-05-20,SKU031,0.0,14,6.0,73
2026-05-21,SKU031,0.0,51,6.0,73
2026-05-22,SKU031,0.0,61,6.0,73
2026-05-23,SKU031,0.0,50,6.0,73
2026-05-24,SKU031,10.0,0,6.0,73
2026-05-25,SKU031,0.0,17,6.0,73
2026-05-26,SKU031,0.0,51,6.0,73
2026-05-27,SKU031,0.0,44,6.0,73
2026-05-28,SKU031,0.0,18,6.0,73
2026-05-29,SKU031,0.0,60,6.0,73
2026-05-30,SKU031,22.0,0,6.0,73
2026-05-31,SKU031,3.0,40,6.0,73
2026-06-01,SKU031,0.0,30,6.0,73
2026-06-02,SKU031,0.0,19,6.0,73
2026-06-03,SKU031,0.0,40,6.0,73
2026-06-04,SKU031,0.0,31,6.0,73
2026-06-05,SKU031,0.0,17,6.0,73
2026-06-06,SKU031,0.0,0,6.0,73
2026-06-07,SKU031,0.0,57,6.0,73
2026-06-08,SKU031,0.0,59,6.0,73
2026-06-09,SKU031,0.0,13,6.0,73
2026-06-10,SKU031,0.0,24,6.0,73
2026-06-11,SKU031,0.0,48,6.0,73
2026-06-12,SKU031,5.0,0,6.0,73
2026-06-13,SKU031,0.0,30,6.0,73
2026-06-14,SKU031,0.0,25,6.0,73
2026-06-15,SKU031,0.0,62,6.0,73
2026-06-16,SKU031,0.0,14,6.0,73
2026-06-17,SKU031,0.0,53,6.0,73
2026-06-18,SKU031,0.0,0,6.0,73
2026-06-19,SKU031,0.0,8,6.0,73
2026-06-20,SKU031,0.0,52,6.0,73
2026-06-21,SKU031,0.0,62,6.0,73
2026-06-22,SKU031,0.0,54,6.0,73
2026-06-23,SKU031,0.0,42,6.0,73
2026-06-24,SKU031,31.0,0,6.0,73
2026-06-25,SKU031,0.0,23,6.0,73
2026-06-26,SKU031,0.0,23,6.0,73
2026-06-27,SKU031,0.0,55,6.0,73
2026-06-28,SKU031,0.0,40,6.0,73
2026-06-29,SKU031,0.0,32,6.0,73
2026-06-30,SKU031,18.0,0,6.0,73
2025-01-01,SKU032,58.0,23,3.0,77
2025-01-02,SKU032,31.0,25,3.0,77
2025-01-03,SKU032,90.0,0,3.0,77
2025-01-04,SKU032,61.0,35,3.0,77
2025-01-05,SKU032,32.0,88,3.0,77
2025-01-06,SKU032,23.0,0,3.0,77
2025-01-07,SKU032,3.0,15,3.0,77
2025-01-08,SKU032,0.0,75,3.0,77
2025-01-09,SKU032,20.0,0,3.0,77
2025-01-10,SKU032,0.0,66,3.0,77
2025-01-11,SKU032,0.0,57,3.0,77
2025-01-12,SKU032,44.0,0,3.0,77
2025-01-13,SKU032,10.0,52,3.0,77
2025-01-14,SKU032,0.0,66,3.0,77
2025-01-15,SKU032,32.0,0,3.0,77
2025-01-16,SKU032,15.0,42,3.0,77
2025-01-17,SKU032,0.0,66,3.0,77
2025-01-18,SKU032,0.0,0,3.0,77
2025-01-19,SKU032,0.0,32,3.0,77
2025-01-20,SKU032,0.0,26,3.0,77
2025-01-21,SKU032,55.0,0,3.0,77
2025-01-22,SKU032,28.0,60,3.0,77
2025-01-23,SKU032,5.0,11,3.0,77
2025-01-24,SKU032,52.0,0,3.0,77
2025-01-25,SKU032,27.0,32,3.0,77
2025-01-26,SKU032,0.0,12,3.0,77
2025-01-27,SKU032,0.0,0,3.0,77
2025-01-28,SKU032,0.0,54,3.0,77
2025-01-29,SKU032,0.0,25,3.0,77
2025-01-30,SKU032,41.0,0,3.0,77
2025-01-31,SKU032,21.0,78,3.0,77
2025-02-01,SKU032,0.0,43,3.0,77
2025-02-02,SKU032,0.0,79,3.0,77
2025-02-03,SKU032,3.0,0,3.0,77
2025-02-04,SKU032,0.0,61,3.0,77
2025-02-05,SKU032,0.0,81,3.0,77
2025-02-06,SKU032,33.0,0,3.0,77
2025-02-07,SKU032,9.0,72,3.0,77
2025-02-08,SKU032,0.0,58,3.0,77
2025-02-09,SKU032,0.0,0,3.0,77
2025-02-10,SKU032,0.0,83,3.0,77
2025-02-11,SKU032,0.0,27,3.0,77
2025-02-12,SKU032,48.0,0,3.0,77
2025-02-13,SKU032,24.0,18,3.0,77
2025-02-14,SKU032,0.0,49,3.0,77
2025-02-15,SKU032,18.0,0,3.0,77
2025-02-16,SKU032,0.0,64,3.0,77
2025-02-17,SKU032,0.0,66,3.0,77
2025-02-18,SKU032,0.0,0,3.0,77
2025-02-19,SKU032,0.0,36,3.0,77
2025-02-20,SKU032,0.0,63,3.0,77
2025-02-21,SKU032,18.0,0,3.0,77
2025-02-22,SKU032,0.0,46,3.0,77
2025-02-23,SKU032,0.0,18,3.0,77
2025-02-24,SKU032,30.0,0,3.0,77
2025-02-25,SKU032,0.0,37,3.0,77
2025-02-26,SKU032,0.0,20,3.0,77
2025-02-27,SKU032,29.0,0,3.0,77
2025-02-28,SKU032,10.0,42,3.0,77
2025-03-01,SKU032,0.0,60,3.0,77
2025-03-02,SKU032,0.0,29,3.0,77
2025-03-03,SKU032,8.0,0,3.0,77
2025-03-04,SKU032,0.0,38,3.0,77
2025-03-05,SKU032,0.0,83,3.0,77
2025-03-06,SKU032,2.0,0,3.0,77
2025-03-07,SKU032,0.0,34,3.0,77
2025-03-08,SKU032,0.0,73,3.0,77
2025-03-09,SKU032,56.0,0,3.0,77
2025-03-10,SKU032,36.0,42,3.0,77
2025-03-11,SKU032,8.0,75,3.0,77
2025-03-12,SKU032,60.0,0,3.0,77
2025-03-13,SKU032,39.0,33,3.0,77
2025-03-14,SKU032,13.0,60,3.0,77
2025-03-15,SKU032,22.0,0,3.0,77
2025-03-16,SKU032,2.0,52,3.0,77
2025-03-17,SKU032,0.0,46,3.0,77
2025-03-18,SKU032,21.0,0,3.0,77
2025-03-19,SKU032,0.0,86,3.0,77
2025-03-20,SKU032,0.0,73,3.0,77
2025-03-21,SKU032,23.0,0,3.0,77
2025-03-22,SKU032,0.0,15,3.0,77
2025-03-23,SKU032,0.0,21,3.0,77
2025-03-24,SKU032,22.0,0,3.0,77
2025-03-25,SKU032,0.0,83,3.0,77
2025-03-26,SKU032,0.0,15,3.0,77
2025-03-27,SKU032,68.0,0,3.0,77
2025-03-28,SKU032,42.0,48,3.0,77
2025-03-29,SKU032,17.0,41,3.0,77
2025-03-30,SKU032,55.0,0,3.0,77
2025-03-31,SKU032,28.0,89,3.0,77
2025-04-01,SKU032,8.0,27,3.0,77
2025-04-02,SKU032,0.0,87,3.0,77
2025-04-03,SKU032,0.0,0,3.0,77
2025-04-04,SKU032,0.0,75,3.0,77
2025-04-05,SKU032,0.0,66,3.0,77
2025-04-06,SKU032,28.0,0,3.0,77
2025-04-07,SKU032,12.0,54,3.0,77
2025-04-08,SKU032,0.0,88,3.0,77
2025-04-09,SKU032,34.0,0,3.0,77
2025-04-10,SKU032,0.0,89,3.0,77
2025-04-11,SKU032,0.0,20,3.0,77
2025-04-12,SKU032,7.0,0,3.0,77
2025-04-13,SKU032,0.0,30,3.0,77
2025-04-14,SKU032,0.0,36,3.0,77
2025-04-15,SKU032,59.0,0,3.0,77
2025-04-16,SKU032,25.0,54,3.0,77
2025-04-17,SKU032,4.0,76,3.0,77
2025-04-18,SKU032,0.0,0,3.0,77
2025-04-19,SKU032,0.0,52,3.0,77
2025-04-20,SKU032,0.0,86,3.0,77
2025-04-21,SKU032,21.0,0,3.0,77
2025-04-22,SKU032,0.0,50,3.0,77
2025-04-23,SKU032,0.0,34,3.0,77
2025-04-24,SKU032,48.0,0,3.0,77
2025-04-25,SKU032,24.0,11,3.0,77
2025-04-26,SKU032,0.0,56,3.0,77
2025-04-27,SKU032,0.0,0,3.0,77
2025-04-28,SKU032,0.0,46,3.0,77
2025-04-29,SKU032,0.0,50,3.0,77
2025-04-30,SKU032,15.0,0,3.0,77
2025-05-01,SKU032,0.0,15,3.0,77
2025-05-02,SKU032,0.0,55,3.0,77
2025-05-03,SKU032,1.0,0,3.0,77
2025-05-04,SKU032,0.0,45,3.0,77
2025-05-05,SKU032,0.0,18,3.0,77
2025-05-06,SKU032,0.0,0,3.0,77
2025-05-07,SKU032,0.0,59,3.0,77
2025-05-08,SKU032,0.0,89,3.0,77
2025-05-09,SKU032,63.0,0,3.0,77
2025-05-10,SKU032,19.0,20,3.0,77
2025-05-11,SKU032,2.0,56,3.0,77
2025-05-12,SKU032,63.0,0,3.0,77
2025-05-13,SKU032,36.0,42,3.0,77
2025-05-14,SKU032,14.0,74,3.0,77
2025-05-15,SKU032,8.0,0,3.0,77
2025-05-16,SKU032,0.0,88,3.0,77
2025-05-17,SKU032,0.0,61,3.0,77
2025-05-18,SKU032,27.0,0,3.0,77
2025-05-19,SKU032,7.0,56,3.0,77
2025-05-20,SKU032,0.0,82,3.0,77
2025-05-21,SKU032,10.0,0,3.0,77
2025-05-22,SKU032,0.0,28,3.0,77
2025-05-23,SKU032,0.0,53,3.0,77
2025-05-24,SKU032,65.0,0,3.0,77
2025-05-25,SKU032,54.0,88,3.0,77
2025-05-26,SKU032,35.0,18,3.0,77
2025-05-27,SKU032,28.0,0,3.0,77
2025-05-28,SKU032,5.0,74,3.0,77
2025-05-29,SKU032,0.0,61,3.0,77
2025-05-30,SKU032,33.0,0,3.0,77
2025-05-31,SKU032,8.0,66,3.0,77
2025-06-01,SKU032,0.0,13,3.0,77
2025-06-02,SKU032,0.0,43,3.0,77
2025-06-03,SKU032,31.0,0,3.0,77
2025-06-04,SKU032,4.0,63,3.0,77
2025-06-05,SKU032,0.0,56,3.0,77
2025-06-06,SKU032,33.0,0,3.0,77
2025-06-07,SKU032,9.0,53,3.0,77
2025-06-08,SKU032,0.0,61,3.0,77
2025-06-09,SKU032,0.0,0,3.0,77
2025-06-10,SKU032,0.0,61,3.0,77
2025-06-11,SKU032,0.0,51,3.0,77
2025-06-12,SKU032,12.0,0,3.0,77
2025-06-13,SKU032,0.0,66,3.0,77
2025-06-14,SKU032,0.0,11,3.0,77
2025-06-15,SKU032,3.0,0,3.0,77
2025-06-16,SKU032,0.0,81,3.0,77
2025-06-17,SKU032,0.0,20,3.0,77
2025-06-18,SKU032,4.0,0,3.0,77
2025-06-19,SKU032,0.0,79,3.0,77
2025-06-20,SKU032,0.0,16,3.0,77
2025-06-21,SKU032,0.0,0,3.0,77
2025-06-22,SKU032,0.0,74,3.0,77
2025-06-23,SKU032,0.0,39,3.0,77
2025-06-24,SKU032,4.0,0,3.0,77
2025-06-25,SKU032,0.0,42,3.0,77
2025-06-26,SKU032,0.0,87,3.0,77
2025-06-27,SKU032,0.0,0,3.0,77
2025-06-28,SKU032,0.0,40,,77
2025-06-29,SKU032,0.0,39,3.0,77
2025-06-30,SKU032,61.0,0,3.0,77
2025-07-01,SKU032,35.0,33,3.0,77
2025-07-02,SKU032,19.0,85,3.0,77
2025-07-03,SKU032,31.0,0,3.0,77
2025-07-04,SKU032,0.0,47,3.0,77
2025-07-05,SKU032,0.0,64,3.0,77
2025-07-06,SKU032,23.0,0,3.0,77
2025-07-07,SKU032,0.0,28,3.0,77
2025-07-08,SKU032,0.0,77,3.0,77
2025-07-09,SKU032,15.0,0,3.0,77
2025-07-10,SKU032,0.0,78,3.0,77
2025-07-11,SKU032,0.0,87,3.0,77
2025-07-12,SKU032,24.0,0,3.0,77
2025-07-13,SKU032,2.0,24,3.0,77
2025-07-14,SKU032,0.0,24,3.0,77
2025-07-15,SKU032,54.0,0,3.0,77
2025-07-16,SKU032,33.0,33,3.0,77
2025-07-17,SKU032,4.0,50,3.0,77
2025-07-18,SKU032,45.0,0,3.0,77
2025-07-19,SKU032,26.0,15,3.0,77
2025-07-20,SKU032,6.0,45,3.0,77
2025-07-21,SKU032,54.0,0,3.0,77
2025-07-22,SKU032,26.0,56,3.0,77
2025-07-23,SKU032,0.0,43,3.0,77
2025-07-24,SKU032,7.0,0,3.0,77
2025-07-25,SKU032,0.0,17,3.0,77
2025-07-26,SKU032,0.0,58,3.0,77
2025-07-27,SKU032,1.0,0,3.0,77
2025-07-28,SKU032,0.0,52,3.0,77
2025-07-29,SKU032,0.0,21,3.0,77
2025-07-30,SKU032,0.0,0,3.0,77
2025-07-31,SKU032,0.0,49,3.0,77
2025-08-01,SKU032,0.0,35,3.0,77
2025-08-02,SKU032,0.0,49,3.0,77
2025-08-03,SKU032,0.0,0,3.0,77
2025-08-04,SKU032,0.0,87,3.0,77
2025-08-05,SKU032,0.0,12,3.0,77
2025-08-06,SKU032,0.0,0,3.0,77
2025-08-07,SKU032,0.0,67,3.0,77
2025-08-08,SKU032,0.0,84,3.0,77
2025-08-09,SKU032,0.0,0,3.0,77
2025-08-10,SKU032,0.0,13,3.0,77
2025-08-11,SKU032,0.0,55,3.0,77
2025-08-12,SKU032,25.0,0,3.0,77
2025-08-13,SKU032,0.0,27,3.0,77
2025-08-14,SKU032,0.0,21,3.0,77
2025-08-15,SKU032,29.0,0,3.0,77
2025-08-16,SKU032,0.0,21,3.0,77
2025-08-17,SKU032,0.0,65,3.0,77
2025-08-18,SKU032,46.0,0,3.0,77
2025-08-19,SKU032,25.0,13,3.0,77
2025-08-20,SKU032,0.0,69,3.0,77
2025-08-21,SKU032,39.0,0,3.0,77
2025-08-22,SKU032,10.0,54,3.0,77
2025-08-23,SKU032,0.0,17,3.0,77
2025-08-24,SKU032,65.0,0,3.0,77
2025-08-25,SKU032,34.0,82,3.0,77
2025-08-26,SKU032,5.0,38,3.0,77
2025-08-27,SKU032,8.0,0,3.0,77
2025-08-28,SKU032,0.0,54,3.0,77
2025-08-29,SKU032,0.0,80,3.0,77
2025-08-30,SKU032,55.0,0,3.0,77
2025-08-31,SKU032,30.0,30,3.0,77
2025-09-01,SKU032,7.0,55,3.0,77
2025-09-02,SKU032,0.0,39,3.0,77
2025-09-03,SKU032,10.0,0,3.0,77
2025-09-04,SKU032,0.0,11,3.0,77
2025-09-05,SKU032,0.0,34,3.0,77
2025-09-06,SKU032,12.0,0,3.0,77
2025-09-07,SKU032,0.0,62,3.0,77
2025-09-08,SKU032,0.0,61,3.0,77
2025-09-09,SKU032,61.0,0,3.0,77
2025-09-10,SKU032,39.0,63,3.0,77
2025-09-11,SKU032,23.0,23,3.0,77
2025-09-12,SKU032,54.0,0,3.0,77
2025-09-13,SKU032,17.0,24,3.0,77
2025-09-14,SKU032,0.0,23,3.0,77
2025-09-15,SKU032,61.0,0,3.0,77
2025-09-16,SKU032,34.0,25,3.0,77
2025-09-17,SKU032,13.0,48,3.0,77
2025-09-18,SKU032,73.0,0,3.0,77
2025-09-19,SKU032,45.0,59,3.0,77
2025-09-20,SKU032,24.0,47,3.0,77
2025-09-21,SKU032,32.0,0,3.0,77
2025-09-22,SKU032,12.0,21,3.0,77
2025-09-23,SKU032,0.0,78,3.0,77
2025-09-24,SKU032,47.0,0,3.0,77
2025-09-25,SKU032,21.0,83,3.0,77
2025-09-26,SKU032,0.0,72,3.0,77
2025-09-27,SKU032,29.0,0,3.0,77
2025-09-28,SKU032,8.0,26,3.0,77
2025-09-29,SKU032,0.0,80,3.0,77
2025-09-30,SKU032,0.0,0,3.0,77
2025-10-01,SKU032,0.0,48,3.0,77
2025-10-02,SKU032,0.0,63,3.0,77
2025-10-03,SKU032,37.0,0,3.0,77
2025-10-04,SKU032,0.0,77,3.0,77
2025-10-05,SKU032,0.0,39,3.0,77
2025-10-06,SKU032,4.0,0,3.0,77
2025-10-07,SKU032,0.0,49,3.0,77
2025-10-08,SKU032,0.0,79,3.0,77
2025-10-09,SKU032,0.0,0,3.0,77
2025-10-10,SKU032,0.0,53,3.0,77
2025-10-11,SKU032,0.0,23,3.0,77
2025-10-12,SKU032,50.0,0,3.0,77
2025-10-13,SKU032,29.0,59,3.0,77
2025-10-14,SKU032,11.0,69,3.0,77
2025-10-15,SKU032,16.0,0,3.0,77
2025-10-16,SKU032,0.0,64,3.0,77
2025-10-17,SKU032,0.0,24,3.0,77
2025-10-18,SKU032,15.0,0,3.0,77
2025-10-19,SKU032,0.0,77,3.0,77
2025-10-20,SKU032,0.0,51,3.0,77
2025-10-21,SKU032,62.0,0,3.0,77
2025-10-22,SKU032,46.0,75,3.0,77
2025-10-23,SKU032,33.0,52,3.0,77
2025-10-24,SKU032,35.0,0,3.0,77
2025-10-25,SKU032,8.0,70,3.0,77
2025-10-26,SKU032,0.0,70,3.0,77
2025-10-27,SKU032,20.0,0,3.0,77
2025-10-28,SKU032,0.0,22,3.0,77
2025-10-29,SKU032,0.0,36,3.0,77
2025-10-30,SKU032,19.0,0,3.0,77
2025-10-31,SKU032,0.0,85,3.0,77
2025-11-01,SKU032,0.0,72,3.0,77
2025-11-02,SKU032,0.0,72,3.0,77
2025-11-03,SKU032,2.0,0,3.0,77
2025-11-04,SKU032,0.0,23,3.0,77
2025-11-05,SKU032,0.0,87,3.0,77
2025-11-06,SKU032,18.0,0,3.0,77
2025-11-07,SKU032,0.0,62,3.0,77
2025-11-08,SKU032,0.0,70,3.0,77
2025-11-09,SKU032,22.0,0,3.0,77
2025-11-10,SKU032,5.0,17,3.0,77
2025-11-11,SKU032,0.0,37,3.0,77
2025-11-12,SKU032,58.0,0,3.0,77
2025-11-13,SKU032,38.0,55,3.0,77
2025-11-14,SKU032,16.0,86,3.0,77
2025-11-15,SKU032,11.0,0,3.0,77
2025-11-16,SKU032,0.0,16,3.0,77
2025-11-17,SKU032,0.0,63,3.0,77
2025-11-18,SKU032,0.0,0,3.0,77
2025-11-19,SKU032,0.0,56,3.0,77
2025-11-20,SKU032,0.0,40,3.0,77
2025-11-21,SKU032,4.0,0,3.0,77
2025-11-22,SKU032,0.0,18,3.0,77
2025-11-23,SKU032,0.0,54,3.0,77
2025-11-24,SKU032,0.0,0,3.0,77
2025-11-25,SKU032,0.0,67,3.0,77
2025-11-26,SKU032,0.0,31,3.0,77
2025-11-27,SKU032,0.0,0,3.0,77
2025-11-28,SKU032,0.0,76,3.0,77
2025-11-29,SKU032,0.0,82,3.0,77
2025-11-30,SKU032,0.0,0,3.0,77
2025-12-01,SKU032,0.0,86,3.0,77
2025-12-02,SKU032,0.0,48,3.0,77
2025-12-03,SKU032,0.0,0,3.0,77
2025-12-04,SKU032,0.0,40,3.0,77
2025-12-05,SKU032,0.0,54,3.0,77
2025-12-06,SKU032,5.0,0,3.0,77
2025-12-07,SKU032,0.0,72,3.0,77
2025-12-08,SKU032,0.0,20,3.0,77
2025-12-09,SKU032,44.0,0,3.0,77
2025-12-10,SKU032,24.0,44,3.0,77
2025-12-11,SKU032,0.0,88,3.0,77
2025-12-12,SKU032,4.0,0,3.0,77
2025-12-13,SKU032,0.0,12,3.0,77
2025-12-14,SKU032,0.0,41,3.0,77
2025-12-15,SKU032,22.0,0,3.0,77
2025-12-16,SKU032,0.0,39,3.0,77
2025-12-17,SKU032,0.0,70,3.0,77
2025-12-18,SKU032,25.0,0,3.0,77
2025-12-19,SKU032,0.0,82,3.0,77
2025-12-20,SKU032,0.0,60,3.0,77
2025-12-21,SKU032,27.0,0,3.0,77
2025-12-22,SKU032,3.0,32,3.0,77
2025-12-23,SKU032,0.0,63,3.0,77
2025-12-24,SKU032,32.0,0,3.0,77
2025-12-25,SKU032,3.0,14,3.0,77
2025-12-26,SKU032,0.0,15,3.0,77
2025-12-27,SKU032,0.0,0,3.0,77
2025-12-28,SKU032,0.0,57,3.0,77
2025-12-29,SKU032,0.0,61,3.0,77
2025-12-30,SKU032,8.0,0,3.0,77
2025-12-31,SKU032,0.0,30,3.0,77
2026-01-01,SKU032,0.0,24,3.0,77
2026-01-02,SKU032,0.0,34,3.0,77
2026-01-03,SKU032,25.0,0,3.0,77
2026-01-04,SKU032,3.0,58,3.0,77
2026-01-05,SKU032,0.0,79,3.0,77
2026-01-06,SKU032,35.0,0,3.0,77
2026-01-07,SKU032,5.0,54,3.0,77
2026-01-08,SKU032,0.0,38,3.0,77
2026-01-09,SKU032,18.0,0,3.0,77
2026-01-10,SKU032,0.0,62,3.0,77
2026-01-11,SKU032,0.0,61,3.0,77
2026-01-12,SKU032,3.0,0,3.0,77
2026-01-13,SKU032,0.0,75,3.0,77
2026-01-14,SKU032,0.0,76,3.0,77
2026-01-15,SKU032,71.0,0,3.0,77
2026-01-16,SKU032,48.0,81,3.0,77
2026-01-17,SKU032,21.0,19,3.0,77
2026-01-18,SKU032,38.0,0,3.0,77
2026-01-19,SKU032,14.0,15,3.0,77
2026-01-20,SKU032,,71,3.0,77
2026-01-21,SKU032,48.0,0,3.0,77
2026-01-22,SKU032,30.0,49,3.0,77
2026-01-23,SKU032,8.0,25,3.0,77
2026-01-24,SKU032,12.0,0,3.0,77
2026-01-25,SKU032,0.0,21,3.0,77
2026-01-26,SKU032,0.0,18,3.0,77
2026-01-27,SKU032,0.0,0,3.0,77
2026-01-28,SKU032,0.0,19,3.0,77
2026-01-29,SKU032,0.0,81,3.0,77
2026-01-30,SKU032,0.0,0,3.0,77
2026-01-31,SKU032,0.0,33,3.0,77
2026-02-01,SKU032,0.0,27,3.0,77
2026-02-02,SKU032,0.0,46,3.0,77
2026-02-03,SKU032,0.0,0,3.0,77
2026-02-04,SKU032,0.0,30,3.0,77
2026-02-05,SKU032,0.0,81,3.0,77
2026-02-06,SKU032,36.0,0,3.0,77
2026-02-07,SKU032,7.0,34,3.0,77
2026-02-08,SKU032,0.0,36,3.0,77
2026-02-09,SKU032,11.0,0,3.0,77
2026-02-10,SKU032,0.0,42,3.0,77
2026-02-11,SKU032,0.0,26,3.0,77
2026-02-12,SKU032,10.0,0,3.0,77
2026-02-13,SKU032,0.0,80,3.0,77
2026-02-14,SKU032,0.0,67,3.0,77
2026-02-15,SKU032,0.0,0,3.0,77
2026-02-16,SKU032,0.0,75,3.0,77
2026-02-17,SKU032,0.0,43,3.0,77
2026-02-18,SKU032,30.0,0,3.0,77
2026-02-19,SKU032,4.0,42,3.0,77
2026-02-20,SKU032,0.0,72,3.0,77
2026-02-21,SKU032,43.0,0,3.0,77
2026-02-22,SKU032,14.0,64,3.0,77
2026-02-23,SKU032,0.0,80,3.0,77
2026-02-24,SKU032,36.0,0,3.0,77
2026-02-25,SKU032,11.0,50,3.0,77
2026-02-26,SKU032,0.0,63,3.0,77
2026-02-27,SKU032,0.0,0,3.0,77
2026-02-28,SKU032,0.0,63,3.0,77
2026-03-01,SKU032,0.0,32,3.0,77
2026-03-02,SKU032,0.0,56,3.0,77
2026-03-03,SKU032,46.0,0,3.0,77
2026-03-04,SKU032,22.0,51,3.0,77
2026-03-05,SKU032,1.0,64,3.0,77
2026-03-06,SKU032,0.0,0,3.0,77
2026-03-07,SKU032,0.0,75,3.0,77
2026-03-08,SKU032,0.0,48,3.0,77
2026-03-09,SKU032,15.0,0,3.0,77
2026-03-10,SKU032,0.0,13,3.0,77
2026-03-11,SKU032,0.0,19,3.0,77
2026-03-12,SKU032,0.0,0,3.0,77
2026-03-13,SKU032,0.0,49,3.0,77
2026-03-14,SKU032,0.0,17,3.0,77
2026-03-15,SKU032,13.0,0,3.0,77
2026-03-16,SKU032,0.0,23,3.0,77
2026-03-17,SKU032,0.0,60,3.0,77
2026-03-18,SKU032,19.0,0,3.0,77
2026-03-19,SKU032,0.0,33,3.0,77
2026-03-20,SKU032,0.0,47,3.0,77
2026-03-21,SKU032,13.0,0,3.0,77
2026-03-22,SKU032,0.0,21,3.0,77
2026-03-23,SKU032,0.0,47,3.0,77
2026-03-24,SKU032,19.0,0,3.0,77
2026-03-25,SKU032,0.0,65,3.0,77
2026-03-26,SKU032,0.0,81,3.0,77
2026-03-27,SKU032,24.0,0,3.0,77
2026-03-28,SKU032,0.0,53,3.0,77
2026-03-29,SKU032,0.0,34,3.0,77
2026-03-30,SKU032,29.0,0,3.0,77
2026-03-31,SKU032,14.0,88,3.0,77
2026-04-01,SKU032,0.0,85,3.0,77
2026-04-02,SKU032,0.0,69,3.0,77
2026-04-03,SKU032,0.0,0,3.0,77
2026-04-04,SKU032,0.0,16,3.0,77
2026-04-05,SKU032,0.0,88,3.0,77
2026-04-06,SKU032,55.0,0,3.0,77
2026-04-07,SKU032,12.0,49,3.0,77
2026-04-08,SKU032,0.0,42,3.0,77
2026-04-09,SKU032,0.0,0,3.0,77
2026-04-10,SKU032,0.0,52,3.0,77
2026-04-11,SKU032,0.0,62,3.0,77
2026-04-12,SKU032,0.0,0,3.0,77
2026-04-13,SKU032,0.0,48,3.0,77
2026-04-14,SKU032,0.0,39,3.0,77
2026-04-15,SKU032,41.0,0,3.0,77
2026-04-16,SKU032,15.0,67,3.0,77
2026-04-17,SKU032,0.0,82,3.0,77
2026-04-18,SKU032,12.0,0,3.0,77
2026-04-19,SKU032,0.0,24,3.0,77
2026-04-20,SKU032,0.0,76,3.0,77
2026-04-21,SKU032,8.0,0,3.0,77
2026-04-22,SKU032,0.0,56,3.0,77
2026-04-23,SKU032,0.0,68,3.0,77
2026-04-24,SKU032,28.0,0,3.0,77
2026-04-25,SKU032,2.0,74,3.0,77
2026-04-26,SKU032,0.0,25,3.0,77
2026-04-27,SKU032,0.0,0,3.0,77
2026-04-28,SKU032,0.0,37,3.0,77
2026-04-29,SKU032,0.0,52,3.0,77
2026-04-30,SKU032,48.0,0,3.0,77
2026-05-01,SKU032,0.0,73,3.0,77
2026-05-02,SKU032,0.0,55,3.0,77
2026-05-03,SKU032,228.0,0,3.0,77
2026-05-04,SKU032,72.0,56,3.0,77
2026-05-05,SKU032,0.0,30,3.0,77
2026-05-06,SKU032,216.0,0,3.0,77
2026-05-07,SKU032,78.0,58,3.0,77
2026-05-08,SKU032,0.0,55,3.0,77
2026-05-09,SKU032,306.0,0,3.0,77
2026-05-10,SKU032,180.0,14,3.0,77
2026-05-11,SKU032,48.0,29,3.0,77
2026-05-12,SKU032,228.0,0,3.0,77
2026-05-13,SKU032,108.0,28,3.0,77
2026-05-14,SKU032,0.0,26,3.0,77
2026-05-15,SKU032,264.0,0,3.0,77
2026-05-16,SKU032,20.0,84,3.0,77
2026-05-17,SKU032,0.0,48,3.0,77
2026-05-18,SKU032,0.0,0,3.0,77
2026-05-19,SKU032,0.0,73,3.0,77
2026-05-20,SKU032,0.0,72,3.0,77
2026-05-21,SKU032,5.0,0,3.0,77
2026-05-22,SKU032,0.0,70,3.0,77
2026-05-23,SKU032,0.0,18,3.0,77
2026-05-24,SKU032,24.0,0,3.0,77
2026-05-25,SKU032,3.0,15,3.0,77
2026-05-26,SKU032,0.0,80,3.0,77
2026-05-27,SKU032,10.0,0,3.0,77
2026-05-28,SKU032,0.0,24,3.0,77
2026-05-29,SKU032,0.0,22,3.0,77
2026-05-30,SKU032,0.0,0,3.0,77
2026-05-31,SKU032,0.0,19,3.0,77
2026-06-01,SKU032,0.0,48,3.0,77
2026-06-02,SKU032,0.0,24,3.0,77
2026-06-03,SKU032,44.0,0,3.0,77
2026-06-04,SKU032,18.0,51,3.0,77
2026-06-05,SKU032,0.0,79,3.0,77
2026-06-06,SKU032,50.0,0,3.0,77
2026-06-07,SKU032,22.0,69,3.0,77
2026-06-08,SKU032,0.0,24,3.0,77
2026-06-09,SKU032,27.0,0,3.0,77
2026-06-10,SKU032,0.0,83,3.0,77
2026-06-11,SKU032,0.0,71,3.0,77
2026-06-12,SKU032,15.0,0,3.0,77
2026-06-13,SKU032,0.0,54,3.0,77
2026-06-14,SKU032,0.0,38,3.0,77
2026-06-15,SKU032,50.0,0,3.0,77
2026-06-16,SKU032,6.0,82,3.0,77
2026-06-17,SKU032,0.0,65,3.0,77
2026-06-18,SKU032,58.0,0,3.0,77
2026-06-19,SKU032,17.0,72,3.0,77
2026-06-20,SKU032,0.0,76,3.0,77
2026-06-21,SKU032,22.0,0,3.0,77
2026-06-22,SKU032,0.0,48,3.0,77
2026-06-23,SKU032,0.0,40,3.0,77
2026-06-24,SKU032,22.0,0,3.0,77
2026-06-25,SKU032,0.0,58,3.0,77
2026-06-26,SKU032,0.0,53,3.0,77
2026-06-27,SKU032,0.0,0,3.0,77
2026-06-28,SKU032,0.0,45,3.0,77
2026-06-29,SKU032,0.0,50,3.0,77
2026-06-30,SKU032,16.0,0,3.0,77
2025-01-01,SKU033,105.0,64,6.0,71
2025-01-02,SKU033,105.0,19,6.0,71
2025-01-03,SKU033,105.0,58,6.0,71
2025-01-04,SKU033,105.0,20,6.0,71
2025-01-05,SKU033,105.0,11,6.0,71
2025-01-06,SKU033,156.0,0,6.0,71
2025-01-07,SKU033,156.0,57,6.0,71
2025-01-08,SKU033,156.0,56,6.0,71
2025-01-09,SKU033,156.0,13,6.0,71
2025-01-10,SKU033,156.0,8,6.0,71
2025-01-11,SKU033,156.0,59,6.0,71
2025-01-12,SKU033,179.0,0,6.0,71
2025-01-13,SKU033,179.0,20,6.0,71
2025-01-14,SKU033,179.0,57,6.0,71
2025-01-15,SKU033,179.0,25,6.0,71
2025-01-16,SKU033,179.0,36,6.0,71
2025-01-17,SKU033,179.0,61,6.0,71
2025-01-18,SKU033,227.0,0,6.0,71
2025-01-19,SKU033,227.0,33,6.0,71
2025-01-20,SKU033,227.0,37,6.0,71
2025-01-21,SKU033,227.0,27,6.0,71
2025-01-22,SKU033,227.0,57,6.0,71
2025-01-23,SKU033,227.0,40,6.0,71
2025-01-24,SKU033,282.0,0,6.0,71
2025-01-25,SKU033,282.0,65,6.0,71
2025-01-26,SKU033,282.0,35,6.0,71
2025-01-27,SKU033,282.0,9,6.0,71
2025-01-28,SKU033,282.0,59,6.0,71
2025-01-29,SKU033,282.0,22,6.0,71
2025-01-30,SKU033,305.0,0,6.0,71
2025-01-31,SKU033,305.0,27,6.0,71
2025-02-01,SKU033,305.0,64,6.0,71
2025-02-02,SKU033,305.0,45,6.0,71
2025-02-03,SKU033,305.0,50,6.0,71
2025-02-04,SKU033,305.0,16,6.0,71
2025-02-05,SKU033,305.0,29,6.0,71
2025-02-06,SKU033,327.0,0,6.0,71
2025-02-07,SKU033,327.0,9,6.0,71
2025-02-08,SKU033,327.0,46,6.0,71
2025-02-09,SKU033,327.0,8,6.0,71
2025-02-10,SKU033,327.0,58,6.0,71
2025-02-11,SKU033,327.0,46,6.0,71
2025-02-12,SKU033,365.0,0,6.0,71
2025-02-13,SKU033,365.0,33,6.0,71
2025-02-14,SKU033,365.0,33,6.0,71
2025-02-15,SKU033,365.0,26,6.0,71
2025-02-16,SKU033,365.0,46,6.0,71
2025-02-17,SKU033,365.0,43,6.0,71
2025-02-18,SKU033,391.0,0,6.0,71
2025-02-19,SKU033,391.0,63,6.0,71
2025-02-20,SKU033,391.0,30,6.0,71
2025-02-21,SKU033,391.0,50,6.0,71
2025-02-22,SKU033,391.0,34,6.0,71
2025-02-23,SKU033,391.0,14,6.0,71
2025-02-24,SKU033,451.0,0,6.0,71
2025-02-25,SKU033,451.0,54,6.0,71
2025-02-26,SKU033,451.0,18,6.0,71
2025-02-27,SKU033,451.0,33,6.0,71
2025-02-28,SKU033,451.0,57,6.0,71
2025-03-01,SKU033,451.0,50,6.0,71
2025-03-02,SKU033,451.0,46,6.0,71
2025-03-03,SKU033,451.0,55,6.0,71
2025-03-04,SKU033,451.0,26,6.0,71
2025-03-05,SKU033,451.0,57,6.0,71
2025-03-06,SKU033,511.0,0,6.0,71
2025-03-07,SKU033,511.0,11,6.0,71
2025-03-08,SKU033,511.0,60,6.0,71
2025-03-09,SKU033,511.0,63,6.0,71
2025-03-10,SKU033,511.0,30,6.0,71
2025-03-11,SKU033,511.0,59,6.0,71
2025-03-12,SKU033,522.0,0,6.0,71
2025-03-13,SKU033,522.0,48,6.0,71
2025-03-14,SKU033,522.0,35,6.0,71
2025-03-15,SKU033,522.0,36,6.0,71
2025-03-16,SKU033,522.0,60,6.0,71
2025-03-17,SKU033,522.0,44,6.0,71
2025-03-18,SKU033,581.0,0,6.0,71
2025-03-19,SKU033,581.0,18,6.0,71
2025-03-20,SKU033,581.0,49,6.0,71
2025-03-21,SKU033,581.0,21,6.0,71
2025-03-22,SKU033,581.0,17,6.0,71
2025-03-23,SKU033,581.0,58,6.0,71
2025-03-24,SKU033,623.0,0,6.0,71
2025-03-25,SKU033,623.0,16,6.0,71
2025-03-26,SKU033,623.0,39,6.0,71
2025-03-27,SKU033,623.0,45,6.0,71
2025-03-28,SKU033,623.0,59,6.0,71
2025-03-29,SKU033,623.0,19,6.0,71
2025-03-30,SKU033,642.0,0,6.0,71
2025-03-31,SKU033,642.0,49,6.0,71
2025-04-01,SKU033,642.0,31,6.0,71
2025-04-02,SKU033,642.0,49,6.0,71
2025-04-03,SKU033,642.0,19,6.0,71
2025-04-04,SKU033,642.0,45,6.0,71
2025-04-05,SKU033,642.0,19,6.0,71
2025-04-06,SKU033,674.0,0,6.0,71
2025-04-07,SKU033,674.0,60,6.0,71
2025-04-08,SKU033,674.0,21,6.0,71
2025-04-09,SKU033,674.0,20,6.0,71
2025-04-10,SKU033,674.0,48,6.0,71
2025-04-11,SKU033,674.0,22,6.0,71
2025-04-12,SKU033,714.0,0,6.0,71
2025-04-13,SKU033,714.0,41,6.0,71
2025-04-14,SKU033,714.0,58,6.0,71
2025-04-15,SKU033,714.0,11,6.0,71
2025-04-16,SKU033,714.0,61,6.0,71
2025-04-17,SKU033,714.0,47,6.0,71
2025-04-18,SKU033,771.0,0,6.0,71
2025-04-19,SKU033,771.0,34,6.0,71
2025-04-20,SKU033,771.0,16,6.0,71
2025-04-21,SKU033,771.0,58,6.0,71
2025-04-22,SKU033,771.0,32,6.0,71
2025-04-23,SKU033,771.0,39,6.0,71
2025-04-24,SKU033,802.0,0,6.0,71
2025-04-25,SKU033,802.0,12,6.0,71
2025-04-26,SKU033,802.0,20,6.0,71
2025-04-27,SKU033,802.0,63,6.0,71
2025-04-28,SKU033,802.0,42,6.0,71
2025-04-29,SKU033,802.0,37,6.0,71
2025-04-30,SKU033,812.0,0,6.0,71
2025-05-01,SKU033,812.0,58,6.0,71
2025-05-02,SKU033,812.0,64,6.0,71
2025-05-03,SKU033,812.0,11,6.0,71
2025-05-04,SKU033,812.0,50,6.0,71
2025-05-05,SKU033,812.0,63,6.0,71
2025-05-06,SKU033,873.0,0,6.0,71
2025-05-07,SKU033,873.0,45,6.0,71
2025-05-08,SKU033,873.0,39,6.0,71
2025-05-09,SKU033,873.0,12,6.0,71
2025-05-10,SKU033,873.0,39,6.0,71
2025-05-11,SKU033,873.0,58,6.0,71
2025-05-12,SKU033,890.0,0,6.0,71
2025-05-13,SKU033,870.0,17,6.0,71
2025-05-14,SKU033,849.0,55,6.0,71
2025-05-15,SKU033,834.0,64,6.0,71
2025-05-16,SKU033,815.0,13,6.0,71
2025-05-17,SKU033,790.0,17,6.0,71
2025-05-18,SKU033,806.0,0,6.0,71
2025-05-19,SKU033,799.0,62,6.0,71
2025-05-20,SKU033,787.0,13,6.0,71
2025-05-21,SKU033,762.0,10,6.0,71
2025-05-22,SKU033,745.0,61,6.0,71
2025-05-23,SKU033,728.0,33,6.0,71
2025-05-24,SKU033,748.0,0,6.0,71
2025-05-25,SKU033,731.0,28,6.0,71
2025-05-26,SKU033,721.0,44,6.0,71
2025-05-27,SKU033,708.0,38,6.0,71
2025-05-28,SKU033,695.0,9,6.0,71
2025-05-29,SKU033,680.0,18,6.0,71
2025-05-30,SKU033,663.0,0,6.0,71
2025-05-31,SKU033,640.0,14,6.0,71
2025-06-01,SKU033,614.0,17,6.0,71
2025-06-02,SKU033,598.0,60,6.0,71
2025-06-03,SKU033,576.0,20,6.0,71
2025-06-04,SKU033,560.0,65,6.0,71
2025-06-05,SKU033,541.0,60,6.0,71
2025-06-06,SKU033,549.0,0,6.0,71
2025-06-07,SKU033,518.0,12,6.0,71
2025-06-08,SKU033,499.0,63,6.0,71
2025-06-09,SKU033,476.0,51,6.0,71
2025-06-10,SKU033,444.0,26,6.0,71
2025-06-11,SKU033,423.0,23,6.0,71
2025-06-12,SKU033,455.0,0,6.0,71
2025-06-13,SKU033,411.0,53,6.0,71
2025-06-14,SKU033,388.0,20,6.0,71
2025-06-15,SKU033,371.0,20,6.0,71
2025-06-16,SKU033,336.0,54,6.0,71
2025-06-17,SKU033,301.0,58,6.0,71
2025-06-18,SKU033,296.0,0,6.0,71
2025-06-19,SKU033,268.0,17,6.0,71
2025-06-20,SKU033,240.0,22,6.0,71
2025-06-21,SKU033,214.0,45,6.0,71
2025-06-22,SKU033,199.0,18,6.0,71
2025-06-23,SKU033,181.0,10,6.0,71
2025-06-24,SKU033,185.0,0,6.0,71
2025-06-25,SKU033,169.0,45,6.0,71
2025-06-26,SKU033,146.0,36,6.0,71
2025-06-27,SKU033,122.0,63,6.0,71
2025-06-28,SKU033,94.0,15,6.0,71
2025-06-29,SKU033,68.0,61,6.0,71
2025-06-30,SKU033,89.0,0,6.0,71
2025-07-01,SKU033,70.0,62,6.0,71
2025-07-02,SKU033,50.0,18,6.0,71
2025-07-03,SKU033,24.0,23,6.0,71
2025-07-04,SKU033,0.0,29,6.0,71
2025-07-05,SKU033,0.0,15,6.0,71
2025-07-06,SKU033,3.0,0,6.0,71
2025-07-07,SKU033,0.0,31,6.0,71
2025-07-08,SKU033,0.0,40,6.0,71
2025-07-09,SKU033,0.0,41,6.0,71
2025-07-10,SKU033,0.0,8,6.0,71
2025-07-11,SKU033,0.0,54,6.0,71
2025-07-12,SKU033,0.0,0,6.0,71
2025-07-13,SKU033,0.0,50,6.0,71
2025-07-14,SKU033,0.0,23,6.0,71
2025-07-15,SKU033,0.0,24,6.0,71
2025-07-16,SKU033,0.0,42,6.0,71
2025-07-17,SKU033,0.0,9,6.0,71
2025-07-18,SKU033,0.0,0,6.0,71
2025-07-19,SKU033,0.0,64,6.0,71
2025-07-20,SKU033,0.0,34,6.0,71
2025-07-21,SKU033,0.0,55,6.0,71
2025-07-22,SKU033,0.0,55,6.0,71
2025-07-23,SKU033,0.0,8,6.0,71
2025-07-24,SKU033,25.0,0,6.0,71
2025-07-25,SKU033,0.0,44,6.0,71
2025-07-26,SKU033,0.0,54,6.0,71
2025-07-27,SKU033,0.0,63,6.0,71
2025-07-28,SKU033,0.0,16,6.0,71
2025-07-29,SKU033,0.0,48,6.0,71
2025-07-30,SKU033,16.0,0,6.0,71
2025-07-31,SKU033,0.0,30,6.0,71
2025-08-01,SKU033,0.0,8,6.0,71
2025-08-02,SKU033,0.0,65,6.0,71
2025-08-03,SKU033,0.0,43,6.0,71
2025-08-04,SKU033,0.0,44,6.0,71
2025-08-05,SKU033,0.0,62,6.0,71
2025-08-06,SKU033,3.0,0,6.0,71
2025-08-07,SKU033,0.0,48,6.0,71
2025-08-08,SKU033,0.0,34,6.0,71
2025-08-09,SKU033,0.0,36,6.0,71
2025-08-10,SKU033,0.0,53,6.0,71
2025-08-11,SKU033,0.0,23,6.0,71
2025-08-12,SKU033,44.0,0,6.0,71
2025-08-13,SKU033,26.0,36,6.0,71
2025-08-14,SKU033,0.0,38,6.0,71
2025-08-15,SKU033,0.0,30,6.0,71
2025-08-16,SKU033,0.0,12,6.0,71
2025-08-17,SKU033,0.0,40,6.0,71
2025-08-18,SKU033,26.0,0,6.0,71
2025-08-19,SKU033,3.0,11,6.0,71
2025-08-20,SKU033,0.0,25,6.0,71
2025-08-21,SKU033,0.0,56,6.0,71
2025-08-22,SKU033,0.0,36,6.0,71
2025-08-23,SKU033,0.0,42,6.0,71
2025-08-24,SKU033,0.0,0,6.0,71
2025-08-25,SKU033,0.0,11,6.0,71
2025-08-26,SKU033,0.0,40,6.0,71
2025-08-27,SKU033,0.0,22,6.0,71
2025-08-28,SKU033,0.0,49,6.0,71
2025-08-29,SKU033,0.0,31,6.0,71
2025-08-30,SKU033,20.0,0,6.0,71
2025-08-31,SKU033,0.0,40,6.0,71
2025-09-01,SKU033,0.0,49,6.0,71
2025-09-02,SKU033,0.0,55,6.0,71
2025-09-03,SKU033,0.0,14,6.0,71
2025-09-04,SKU033,0.0,13,6.0,71
2025-09-05,SKU033,0.0,17,6.0,71
2025-09-06,SKU033,24.0,0,6.0,71
2025-09-07,SKU033,14.0,22,6.0,71
2025-09-08,SKU033,0.0,52,6.0,71
2025-09-09,SKU033,0.0,30,6.0,71
2025-09-10,SKU033,0.0,32,6.0,71
2025-09-11,SKU033,0.0,40,6.0,71
2025-09-12,SKU033,21.0,0,6.0,71
2025-09-13,SKU033,10.0,9,6.0,71
2025-09-14,SKU033,0.0,32,6.0,71
2025-09-15,SKU033,0.0,55,6.0,71
2025-09-16,SKU033,0.0,43,6.0,71
2025-09-17,SKU033,0.0,24,6.0,71
2025-09-18,SKU033,44.0,0,6.0,71
2025-09-19,SKU033,27.0,64,6.0,71
2025-09-20,SKU033,2.0,35,6.0,71
2025-09-21,SKU033,0.0,28,6.0,71
2025-09-22,SKU033,0.0,58,6.0,71
2025-09-23,SKU033,0.0,24,6.0,71
2025-09-24,SKU033,30.0,0,6.0,71
2025-09-25,SKU033,23.0,47,6.0,71
2025-09-26,SKU033,3.0,44,6.0,71
2025-09-27,SKU033,0.0,17,6.0,71
2025-09-28,SKU033,0.0,18,6.0,71
2025-09-29,SKU033,0.0,30,6.0,71
2025-09-30,SKU033,25.0,0,6.0,71
2025-10-01,SKU033,0.0,29,6.0,71
2025-10-02,SKU033,0.0,50,6.0,71
2025-10-03,SKU033,0.0,24,6.0,71
2025-10-04,SKU033,0.0,43,6.0,71
2025-10-05,SKU033,0.0,22,6.0,71
2025-10-06,SKU033,14.0,0,6.0,71
2025-10-07,SKU033,1.0,32,6.0,71
2025-10-08,SKU033,0.0,37,6.0,71
2025-10-09,SKU033,0.0,51,6.0,71
2025-10-10,SKU033,0.0,27,6.0,71
2025-10-11,SKU033,0.0,45,6.0,71
2025-10-12,SKU033,25.0,0,6.0,71
2025-10-13,SKU033,8.0,26,6.0,71
2025-10-14,SKU033,0.0,37,6.0,71
2025-10-15,SKU033,0.0,25,6.0,71
2025-10-16,SKU033,0.0,56,6.0,71
2025-10-17,SKU033,0.0,24,6.0,71
2025-10-18,SKU033,43.0,0,6.0,71
2025-10-19,SKU033,12.0,12,6.0,71
2025-10-20,SKU033,0.0,59,6.0,71
2025-10-21,SKU033,0.0,54,6.0,71
2025-10-22,SKU033,0.0,17,6.0,71
2025-10-23,SKU033,0.0,46,6.0,71
2025-10-24,SKU033,0.0,0,6.0,71
2025-10-25,SKU033,0.0,11,6.0,71
2025-10-26,SKU033,0.0,40,6.0,71
2025-10-27,SKU033,0.0,42,6.0,71
2025-10-28,SKU033,0.0,26,6.0,71
2025-10-29,SKU033,0.0,58,6.0,71
2025-10-30,SKU033,24.0,0,6.0,71
2025-10-31,SKU033,6.0,45,6.0,71
2025-11-01,SKU033,0.0,43,6.0,71
2025-11-02,SKU033,0.0,31,6.0,71
2025-11-03,SKU033,0.0,12,6.0,71
2025-11-04,SKU033,0.0,40,6.0,71
2025-11-05,SKU033,0.0,55,6.0,71
2025-11-06,SKU033,35.0,0,6.0,71
2025-11-07,SKU033,15.0,16,6.0,71
2025-11-08,SKU033,0.0,50,6.0,71
2025-11-09,SKU033,0.0,20,6.0,71
2025-11-10,SKU033,0.0,20,6.0,71
2025-11-11,SKU033,0.0,11,6.0,71
2025-11-12,SKU033,51.0,0,6.0,71
2025-11-13,SKU033,34.0,51,6.0,71
2025-11-14,SKU033,9.0,27,6.0,71
2025-11-15,SKU033,0.0,57,6.0,71
2025-11-16,SKU033,0.0,16,6.0,71
2025-11-17,SKU033,0.0,27,6.0,71
2025-11-18,SKU033,0.0,0,6.0,71
2025-11-19,SKU033,0.0,33,6.0,71
2025-11-20,SKU033,0.0,22,6.0,71
2025-11-21,SKU033,0.0,65,6.0,71
2025-11-22,SKU033,0.0,19,6.0,71
2025-11-23,SKU033,0.0,18,6.0,71
2025-11-24,SKU033,0.0,0,6.0,71
2025-11-25,SKU033,0.0,37,6.0,71
2025-11-26,SKU033,0.0,12,6.0,71
2025-11-27,SKU033,0.0,52,6.0,71
2025-11-28,SKU033,0.0,32,6.0,71
2025-11-29,SKU033,0.0,65,6.0,71
2025-11-30,SKU033,0.0,0,6.0,71
2025-12-01,SKU033,0.0,33,6.0,71
2025-12-02,SKU033,0.0,64,6.0,71
2025-12-03,SKU033,0.0,33,6.0,71
2025-12-04,SKU033,0.0,28,6.0,71
2025-12-05,SKU033,0.0,16,6.0,71
2025-12-06,SKU033,26.0,0,6.0,71
2025-12-07,SKU033,0.0,26,6.0,71
2025-12-08,SKU033,0.0,41,6.0,71
2025-12-09,SKU033,0.0,61,6.0,71
2025-12-10,SKU033,0.0,41,6.0,71
2025-12-11,SKU033,0.0,11,6.0,71
2025-12-12,SKU033,12.0,0,6.0,71
2025-12-13,SKU033,0.0,49,6.0,71
2025-12-14,SKU033,0.0,42,6.0,71
2025-12-15,SKU033,0.0,16,6.0,71
2025-12-16,SKU033,0.0,32,6.0,71
2025-12-17,SKU033,0.0,38,6.0,71
2025-12-18,SKU033,0.0,0,6.0,71
2025-12-19,SKU033,0.0,61,6.0,71
2025-12-20,SKU033,0.0,65,6.0,71
2025-12-21,SKU033,0.0,52,6.0,71
2025-12-22,SKU033,0.0,61,6.0,71
2025-12-23,SKU033,0.0,62,6.0,71
2025-12-24,SKU033,14.0,0,6.0,71
2025-12-25,SKU033,0.0,27,6.0,71
2025-12-26,SKU033,0.0,10,6.0,71
2025-12-27,SKU033,0.0,20,6.0,71
2025-12-28,SKU033,0.0,17,6.0,71
2025-12-29,SKU033,0.0,17,6.0,71
2025-12-30,SKU033,0.0,0,6.0,71
2025-12-31,SKU033,0.0,27,,71
2026-01-01,SKU033,0.0,45,6.0,71
2026-01-02,SKU033,0.0,58,6.0,71
2026-01-03,SKU033,0.0,18,6.0,71
2026-01-04,SKU033,0.0,45,6.0,71
2026-01-05,SKU033,0.0,37,6.0,71
2026-01-06,SKU033,27.0,0,6.0,71
2026-01-07,SKU033,11.0,8,6.0,71
2026-01-08,SKU033,0.0,56,6.0,71
2026-01-09,SKU033,0.0,30,6.0,71
2026-01-10,SKU033,0.0,53,6.0,71
2026-01-11,SKU033,0.0,27,6.0,71
2026-01-12,SKU033,41.0,0,6.0,71
2026-01-13,SKU033,19.0,47,6.0,71
2026-01-14,SKU033,0.0,61,6.0,71
2026-01-15,SKU033,0.0,32,6.0,71
2026-01-16,SKU033,0.0,25,6.0,71
2026-01-17,SKU033,0.0,34,6.0,71
2026-01-18,SKU033,0.0,0,6.0,71
2026-01-19,SKU033,0.0,21,6.0,71
2026-01-20,SKU033,0.0,30,6.0,71
2026-01-21,SKU033,0.0,27,6.0,71
2026-01-22,SKU033,0.0,10,6.0,71
2026-01-23,SKU033,0.0,20,6.0,71
2026-01-24,SKU033,21.0,0,6.0,71
2026-01-25,SKU033,,59,6.0,71
2026-01-26,SKU033,0.0,19,6.0,71
2026-01-27,SKU033,0.0,20,6.0,71
2026-01-28,SKU033,0.0,51,6.0,71
2026-01-29,SKU033,0.0,45,6.0,71
2026-01-30,SKU033,23.0,0,6.0,71
2026-01-31,SKU033,1.0,16,6.0,71
2026-02-01,SKU033,0.0,60,6.0,71
2026-02-02,SKU033,0.0,24,6.0,71
2026-02-03,SKU033,0.0,24,6.0,71
2026-02-04,SKU033,0.0,32,6.0,71
2026-02-05,SKU033,0.0,63,6.0,71
2026-02-06,SKU033,0.0,0,6.0,71
2026-02-07,SKU033,0.0,44,6.0,71
2026-02-08,SKU033,0.0,57,6.0,71
2026-02-09,SKU033,0.0,62,6.0,71
2026-02-10,SKU033,0.0,52,6.0,71
2026-02-11,SKU033,0.0,11,6.0,71
2026-02-12,SKU033,40.0,0,6.0,71
2026-02-13,SKU033,16.0,53,6.0,71
2026-02-14,SKU033,2.0,62,6.0,71
2026-02-15,SKU033,0.0,18,6.0,71
2026-02-16,SKU033,0.0,37,6.0,71
2026-02-17,SKU033,0.0,31,6.0,71
2026-02-18,SKU033,25.0,0,6.0,71
2026-02-19,SKU033,6.0,17,6.0,71
2026-02-20,SKU033,0.0,10,6.0,71
2026-02-21,SKU033,0.0,26,6.0,71
2026-02-22,SKU033,0.0,49,6.0,71
2026-02-23,SKU033,0.0,45,6.0,71
2026-02-24,SKU033,5.0,0,6.0,71
2026-02-25,SKU033,0.0,42,6.0,71
2026-02-26,SKU033,0.0,38,6.0,71
2026-02-27,SKU033,0.0,26,6.0,71
2026-02-28,SKU033,0.0,9,6.0,71
2026-03-01,SKU033,0.0,37,6.0,71
2026-03-02,SKU033,0.0,8,6.0,71
2026-03-03,SKU033,0.0,49,6.0,71
2026-03-04,SKU033,0.0,20,6.0,71
2026-03-05,SKU033,0.0,26,6.0,71
2026-03-06,SKU033,0.0,0,6.0,71
2026-03-07,SKU033,0.0,40,6.0,71
2026-03-08,SKU033,0.0,14,6.0,71
2026-03-09,SKU033,0.0,33,6.0,71
2026-03-10,SKU033,0.0,46,6.0,71
2026-03-11,SKU033,0.0,64,6.0,71
2026-03-12,SKU033,20.0,0,6.0,71
2026-03-13,SKU033,0.0,21,6.0,71
2026-03-14,SKU033,0.0,47,6.0,71
2026-03-15,SKU033,0.0,25,6.0,71
2026-03-16,SKU033,0.0,24,6.0,71
2026-03-17,SKU033,0.0,44,6.0,71
2026-03-18,SKU033,0.0,0,6.0,71
2026-03-19,SKU033,0.0,30,6.0,71
2026-03-20,SKU033,0.0,29,6.0,71
2026-03-21,SKU033,0.0,17,6.0,71
2026-03-22,SKU033,0.0,43,6.0,71
2026-03-23,SKU033,0.0,52,6.0,71
2026-03-24,SKU033,0.0,0,6.0,71
2026-03-25,SKU033,0.0,29,6.0,71
2026-03-26,SKU033,0.0,30,6.0,71
2026-03-27,SKU033,0.0,41,6.0,71
2026-03-28,SKU033,0.0,52,6.0,71
2026-03-29,SKU033,0.0,16,6.0,71
2026-03-30,SKU033,0.0,0,6.0,71
2026-03-31,SKU033,0.0,51,6.0,71
2026-04-01,SKU033,0.0,28,6.0,71
2026-04-02,SKU033,0.0,38,6.0,71
2026-04-03,SKU033,0.0,46,6.0,71
2026-04-04,SKU033,0.0,65,6.0,71
2026-04-05,SKU033,0.0,52,6.0,71
2026-04-06,SKU033,0.0,0,6.0,71
2026-04-07,SKU033,0.0,18,6.0,71
2026-04-08,SKU033,0.0,39,6.0,71
2026-04-09,SKU033,0.0,37,6.0,71
2026-04-10,SKU033,0.0,15,6.0,71
2026-04-11,SKU033,0.0,34,6.0,71
2026-04-12,SKU033,37.0,0,6.0,71
2026-04-13,SKU033,26.0,39,6.0,71
2026-04-14,SKU033,2.0,65,6.0,71
2026-04-15,SKU033,0.0,19,6.0,71
2026-04-16,SKU033,0.0,41,6.0,71
2026-04-17,SKU033,0.0,13,6.0,71
2026-04-18,SKU033,21.0,0,6.0,71
2026-04-19,SKU033,3.0,25,6.0,71
2026-04-20,SKU033,0.0,63,6.0,71
2026-04-21,SKU033,0.0,9,6.0,71
2026-04-22,SKU033,0.0,40,6.0,71
2026-04-23,SKU033,0.0,48,6.0,71
2026-04-24,SKU033,16.0,0,6.0,71
2026-04-25,SKU033,0.0,63,6.0,71
2026-04-26,SKU033,0.0,25,6.0,71
2026-04-27,SKU033,0.0,9,6.0,71
2026-04-28,SKU033,0.0,47,6.0,71
2026-04-29,SKU033,0.0,37,6.0,71
2026-04-30,SKU033,28.0,0,6.0,71
2026-05-01,SKU033,5.0,40,6.0,71
2026-05-02,SKU033,0.0,49,6.0,71
2026-05-03,SKU033,0.0,35,6.0,71
2026-05-04,SKU033,0.0,12,6.0,71
2026-05-05,SKU033,0.0,11,6.0,71
2026-05-06,SKU033,0.0,0,6.0,71
2026-05-07,SKU033,0.0,63,6.0,71
2026-05-08,SKU033,0.0,63,6.0,71
2026-05-09,SKU033,0.0,30,6.0,71
2026-05-10,SKU033,0.0,46,6.0,71
2026-05-11,SKU033,0.0,11,6.0,71
2026-05-12,SKU033,34.0,0,6.0,71
2026-05-13,SKU033,18.0,34,6.0,71
2026-05-14,SKU033,1.0,36,6.0,71
2026-05-15,SKU033,0.0,14,6.0,71
2026-05-16,SKU033,0.0,30,6.0,71
2026-05-17,SKU033,0.0,18,6.0,71
2026-05-18,SKU033,0.0,0,6.0,71
2026-05-19,SKU033,0.0,32,6.0,71
2026-05-20,SKU033,0.0,14,6.0,71
2026-05-21,SKU033,0.0,18,6.0,71
2026-05-22,SKU033,0.0,25,6.0,71
2026-05-23,SKU033,0.0,34,6.0,71
2026-05-24,SKU033,3.0,0,6.0,71
2026-05-25,SKU033,0.0,63,6.0,71
2026-05-26,SKU033,0.0,61,6.0,71
2026-05-27,SKU033,0.0,22,6.0,71
2026-05-28,SKU033,0.0,34,6.0,71
2026-05-29,SKU033,0.0,43,6.0,71
2026-05-30,SKU033,0.0,0,6.0,71
2026-05-31,SKU033,0.0,44,6.0,71
2026-06-01,SKU033,0.0,32,6.0,71
2026-06-02,SKU033,0.0,10,6.0,71
2026-06-03,SKU033,0.0,23,6.0,71
2026-06-04,SKU033,0.0,18,6.0,71
2026-06-05,SKU033,0.0,55,6.0,71
2026-06-06,SKU033,12.0,0,6.0,71
2026-06-07,SKU033,0.0,18,6.0,71
2026-06-08,SKU033,0.0,41,6.0,71
2026-06-09,SKU033,0.0,33,6.0,71
2026-06-10,SKU033,0.0,32,6.0,71
2026-06-11,SKU033,0.0,19,6.0,71
2026-06-12,SKU033,10.0,0,6.0,71
2026-06-13,SKU033,0.0,55,6.0,71
2026-06-14,SKU033,0.0,36,6.0,71
2026-06-15,SKU033,0.0,16,6.0,71
2026-06-16,SKU033,0.0,23,6.0,71
2026-06-17,SKU033,0.0,26,6.0,71
2026-06-18,SKU033,26.0,0,6.0,71
2026-06-19,SKU033,1.0,44,6.0,71
2026-06-20,SKU033,0.0,61,6.0,71
2026-06-21,SKU033,0.0,26,6.0,71
2026-06-22,SKU033,0.0,58,6.0,71
2026-06-23,SKU033,0.0,53,6.0,71
2026-06-24,SKU033,44.0,0,6.0,71
2026-06-25,SKU033,23.0,22,6.0,71
2026-06-26,SKU033,3.0,62,6.0,71
2026-06-27,SKU033,0.0,46,6.0,71
2026-06-28,SKU033,0.0,50,6.0,71
2026-06-29,SKU033,0.0,18,6.0,71
2026-06-30,SKU033,0.0,0,6.0,71
2025-01-01,SKU034,369.0,86,3.0,200
2025-01-02,SKU034,280.0,136,3.0,200
2025-01-03,SKU034,333.0,0,3.0,200
2025-01-04,SKU034,229.0,87,3.0,200
2025-01-05,SKU034,174.0,61,3.0,200
2025-01-06,SKU034,178.0,0,3.0,200
2025-01-07,SKU034,100.0,99,3.0,200
2025-01-08,SKU034,36.0,121,3.0,200
2025-01-09,SKU034,17.0,0,3.0,200
2025-01-10,SKU034,0.0,132,3.0,200
2025-01-11,SKU034,0.0,144,3.0,200
2025-01-12,SKU034,87.0,0,3.0,200
2025-01-13,SKU034,0.0,157,3.0,200
2025-01-14,SKU034,0.0,49,3.0,200
2025-01-15,SKU034,142.0,0,3.0,200
2025-01-16,SKU034,82.0,80,3.0,200
2025-01-17,SKU034,7.0,124,3.0,200
2025-01-18,SKU034,152.0,0,3.0,200
2025-01-19,SKU034,83.0,184,3.0,200
2025-01-20,SKU034,24.0,185,3.0,200
2025-01-21,SKU034,180.0,0,3.0,200
2025-01-22,SKU034,124.0,238,3.0,200
2025-01-23,SKU034,58.0,39,3.0,200
2025-01-24,SKU034,221.0,0,3.0,200
2025-01-25,SKU034,165.0,231,3.0,200
2025-01-26,SKU034,97.0,61,3.0,200
2025-01-27,SKU034,133.0,0,3.0,200
2025-01-28,SKU034,79.0,172,3.0,200
2025-01-29,SKU034,20.0,219,3.0,200
2025-01-30,SKU034,103.0,0,3.0,200
2025-01-31,SKU034,36.0,140,3.0,200
2025-02-01,SKU034,0.0,56,3.0,200
2025-02-02,SKU034,0.0,185,3.0,200
2025-02-03,SKU034,71.0,0,3.0,200
2025-02-04,SKU034,0.0,53,3.0,200
2025-02-05,SKU034,0.0,226,3.0,200
2025-02-06,SKU034,0.0,0,3.0,200
2025-02-07,SKU034,0.0,144,3.0,200
2025-02-08,SKU034,0.0,209,3.0,200
2025-02-09,SKU034,114.0,0,3.0,200
2025-02-10,SKU034,47.0,80,3.0,200
2025-02-11,SKU034,0.0,245,3.0,200
2025-02-12,SKU034,0.0,0,3.0,200
2025-02-13,SKU034,0.0,203,3.0,200
2025-02-14,SKU034,0.0,130,3.0,200
2025-02-15,SKU034,0.0,0,3.0,200
2025-02-16,SKU034,0.0,82,3.0,200
2025-02-17,SKU034,0.0,48,3.0,200
2025-02-18,SKU034,9.0,0,3.0,200
2025-02-19,SKU034,0.0,220,3.0,200
2025-02-20,SKU034,0.0,93,3.0,200
2025-02-21,SKU034,73.0,0,3.0,200
2025-02-22,SKU034,11.0,73,3.0,200
2025-02-23,SKU034,0.0,83,3.0,200
2025-02-24,SKU034,32.0,0,3.0,200
2025-02-25,SKU034,0.0,233,3.0,200
2025-02-26,SKU034,0.0,75,3.0,200
2025-02-27,SKU034,107.0,0,3.0,200
2025-02-28,SKU034,33.0,110,3.0,200
2025-03-01,SKU034,0.0,61,3.0,200
2025-03-02,SKU034,0.0,149,3.0,200
2025-03-03,SKU034,53.0,0,3.0,200
2025-03-04,SKU034,0.0,217,3.0,200
2025-03-05,SKU034,0.0,229,3.0,200
2025-03-06,SKU034,87.0,0,3.0,200
2025-03-07,SKU034,20.0,93,3.0,200
2025-03-08,SKU034,0.0,144,3.0,200
2025-03-09,SKU034,154.0,0,3.0,200
2025-03-10,SKU034,109.0,175,3.0,200
2025-03-11,SKU034,46.0,49,3.0,200
2025-03-12,SKU034,19.0,0,3.0,200
2025-03-13,SKU034,0.0,63,3.0,200
2025-03-14,SKU034,0.0,152,3.0,200
2025-03-15,SKU034,1.0,0,3.0,200
2025-03-16,SKU034,0.0,85,3.0,200
2025-03-17,SKU034,0.0,143,3.0,200
2025-03-18,SKU034,90.0,0,3.0,200
2025-03-19,SKU034,39.0,207,3.0,200
2025-03-20,SKU034,0.0,124,3.0,200
2025-03-21,SKU034,78.0,0,3.0,200
2025-03-22,SKU034,0.0,47,3.0,200
2025-03-23,SKU034,0.0,146,3.0,200
2025-03-24,SKU034,44.0,0,3.0,200
2025-03-25,SKU034,0.0,228,3.0,200
2025-03-26,SKU034,0.0,185,3.0,200
2025-03-27,SKU034,82.0,0,3.0,200
2025-03-28,SKU034,3.0,224,3.0,200
2025-03-29,SKU034,0.0,83,3.0,200
2025-03-30,SKU034,126.0,0,3.0,200
2025-03-31,SKU034,43.0,216,3.0,200
2025-04-01,SKU034,0.0,243,3.0,200
2025-04-02,SKU034,0.0,122,3.0,200
2025-04-03,SKU034,130.0,0,3.0,200
2025-04-04,SKU034,31.0,71,3.0,200
2025-04-05,SKU034,0.0,150,3.0,200
2025-04-06,SKU034,76.0,0,3.0,200
2025-04-07,SKU034,29.0,60,3.0,200
2025-04-08,SKU034,0.0,227,3.0,200
2025-04-09,SKU034,161.0,0,3.0,200
2025-04-10,SKU034,96.0,236,3.0,200
2025-04-11,SKU034,15.0,69,3.0,200
2025-04-12,SKU034,0.0,0,3.0,200
2025-04-13,SKU034,0.0,189,3.0,200
2025-04-14,SKU034,0.0,88,3.0,200
2025-04-15,SKU034,81.0,0,3.0,200
2025-04-16,SKU034,28.0,145,3.0,200
2025-04-17,SKU034,0.0,154,3.0,200
2025-04-18,SKU034,57.0,0,3.0,200
2025-04-19,SKU034,7.0,32,3.0,200
2025-04-20,SKU034,0.0,87,3.0,200
2025-04-21,SKU034,171.0,0,3.0,200
2025-04-22,SKU034,89.0,121,3.0,200
2025-04-23,SKU034,20.0,98,3.0,200
2025-04-24,SKU034,9.0,0,3.0,200
2025-04-25,SKU034,0.0,110,3.0,200
2025-04-26,SKU034,0.0,78,3.0,200
2025-04-27,SKU034,66.0,0,3.0,200
2025-04-28,SKU034,11.0,179,3.0,200
2025-04-29,SKU034,0.0,43,3.0,200
2025-04-30,SKU034,138.0,0,3.0,200
2025-05-01,SKU034,56.0,35,3.0,200
2025-05-02,SKU034,0.0,177,3.0,200
2025-05-03,SKU034,0.0,0,3.0,200
2025-05-04,SKU034,0.0,105,3.0,200
2025-05-05,SKU034,0.0,57,3.0,200
2025-05-06,SKU034,88.0,0,3.0,200
2025-05-07,SKU034,22.0,200,3.0,200
2025-05-08,SKU034,0.0,150,3.0,200
2025-05-09,SKU034,144.0,0,3.0,200
2025-05-10,SKU034,53.0,37,3.0,200
2025-05-11,SKU034,0.0,107,3.0,200
2025-05-12,SKU034,62.0,0,3.0,200
2025-05-13,SKU034,0.0,99,3.0,200
2025-05-14,SKU034,0.0,120,3.0,200
2025-05-15,SKU034,73.0,0,3.0,200
2025-05-16,SKU034,0.0,72,3.0,200
2025-05-17,SKU034,0.0,73,3.0,200
2025-05-18,SKU034,8.0,0,3.0,200
2025-05-19,SKU034,0.0,94,3.0,200
2025-05-20,SKU034,0.0,169,3.0,200
2025-05-21,SKU034,75.0,0,3.0,200
2025-05-22,SKU034,14.0,92,3.0,200
2025-05-23,SKU034,0.0,236,3.0,200
2025-05-24,SKU034,105.0,0,3.0,200
2025-05-25,SKU034,50.0,88,3.0,200
2025-05-26,SKU034,0.0,40,3.0,200
2025-05-27,SKU034,0.0,0,3.0,200
2025-05-28,SKU034,0.0,135,3.0,200
2025-05-29,SKU034,0.0,74,3.0,200
2025-05-30,SKU034,34.0,0,3.0,200
2025-05-31,SKU034,0.0,242,3.0,200
2025-06-01,SKU034,0.0,231,,200
2025-06-02,SKU034,0.0,139,3.0,200
2025-06-03,SKU034,127.0,0,3.0,200
2025-06-04,SKU034,44.0,90,3.0,200
2025-06-05,SKU034,0.0,190,3.0,200
2025-06-06,SKU034,153.0,0,3.0,200
2025-06-07,SKU034,54.0,209,3.0,200
2025-06-08,SKU034,0.0,166,3.0,200
2025-06-09,SKU034,166.0,0,3.0,200
2025-06-10,SKU034,58.0,32,3.0,200
2025-06-11,SKU034,0.0,113,3.0,200
2025-06-12,SKU034,130.0,0,3.0,200
2025-06-13,SKU034,29.0,117,3.0,200
2025-06-14,SKU034,0.0,70,3.0,200
2025-06-15,SKU034,106.0,0,3.0,200
2025-06-16,SKU034,33.0,161,3.0,200
2025-06-17,SKU034,0.0,143,3.0,200
2025-06-18,SKU034,0.0,0,3.0,200
2025-06-19,SKU034,0.0,51,3.0,200
2025-06-20,SKU034,0.0,215,3.0,200
2025-06-21,SKU034,0.0,0,3.0,200
2025-06-22,SKU034,,166,3.0,200
2025-06-23,SKU034,0.0,93,3.0,200
2025-06-24,SKU034,31.0,0,3.0,200
2025-06-25,SKU034,0.0,126,3.0,200
2025-06-26,SKU034,0.0,187,3.0,200
2025-06-27,SKU034,0.0,0,3.0,200
2025-06-28,SKU034,0.0,50,3.0,200
2025-06-29,SKU034,0.0,134,3.0,200
2025-06-30,SKU034,99.0,0,3.0,200
2025-07-01,SKU034,21.0,171,3.0,200
2025-07-02,SKU034,0.0,127,3.0,200
2025-07-03,SKU034,34.0,0,3.0,200
2025-07-04,SKU034,0.0,63,3.0,200
2025-07-05,SKU034,0.0,95,3.0,200
2025-07-06,SKU034,13.0,0,3.0,200
2025-07-07,SKU034,0.0,59,3.0,200
2025-07-08,SKU034,0.0,235,3.0,200
2025-07-09,SKU034,11.0,0,3.0,200
2025-07-10,SKU034,0.0,153,3.0,200
2025-07-11,SKU034,0.0,117,3.0,200
2025-07-12,SKU034,68.0,0,3.0,200
2025-07-13,SKU034,2.0,156,3.0,200
2025-07-14,SKU034,0.0,142,3.0,200
2025-07-15,SKU034,33.0,0,3.0,200
2025-07-16,SKU034,0.0,103,3.0,200
2025-07-17,SKU034,0.0,67,3.0,200
2025-07-18,SKU034,20.0,0,3.0,200
2025-07-19,SKU034,0.0,108,3.0,200
2025-07-20,SKU034,0.0,243,3.0,200
2025-07-21,SKU034,0.0,0,3.0,200
2025-07-22,SKU034,0.0,154,3.0,200
2025-07-23,SKU034,0.0,242,3.0,200
2025-07-24,SKU034,162.0,0,3.0,200
2025-07-25,SKU034,70.0,179,3.0,200
2025-07-26,SKU034,0.0,115,3.0,200
2025-07-27,SKU034,84.0,0,3.0,200
2025-07-28,SKU034,0.0,231,3.0,200
2025-07-29,SKU034,0.0,146,3.0,200
2025-07-30,SKU034,24.0,0,3.0,200
2025-07-31,SKU034,0.0,33,3.0,200
2025-08-01,SKU034,0.0,139,3.0,200
2025-08-02,SKU034,0.0,50,3.0,200
2025-08-03,SKU034,47.0,0,3.0,200
2025-08-04,SKU034,3.0,164,3.0,200
2025-08-05,SKU034,0.0,90,3.0,200
2025-08-06,SKU034,1.0,0,3.0,200
2025-08-07,SKU034,0.0,156,3.0,200
2025-08-08,SKU034,0.0,46,3.0,200
2025-08-09,SKU034,162.0,0,3.0,200
2025-08-10,SKU034,89.0,241,3.0,200
2025-08-11,SKU034,4.0,242,3.0,200
2025-08-12,SKU034,0.0,0,3.0,200
2025-08-13,SKU034,0.0,31,3.0,200
2025-08-14,SKU034,0.0,52,3.0,200
2025-08-15,SKU034,121.0,0,3.0,200
2025-08-16,SKU034,20.0,217,3.0,200
2025-08-17,SKU034,0.0,34,3.0,200
2025-08-18,SKU034,0.0,0,3.0,200
2025-08-19,SKU034,0.0,95,3.0,200
2025-08-20,SKU034,0.0,90,3.0,200
2025-08-21,SKU034,0.0,0,3.0,200
2025-08-22,SKU034,0.0,48,3.0,200
2025-08-23,SKU034,0.0,176,3.0,200
2025-08-24,SKU034,97.0,0,3.0,200
2025-08-25,SKU034,16.0,106,3.0,200
2025-08-26,SKU034,0.0,83,3.0,200
2025-08-27,SKU034,67.0,0,3.0,200
2025-08-28,SKU034,0.0,167,3.0,200
2025-08-29,SKU034,0.0,95,3.0,200
2025-08-30,SKU034,0.0,0,3.0,200
2025-08-31,SKU034,0.0,227,3.0,200
2025-09-01,SKU034,0.0,55,3.0,200
2025-09-02,SKU034,0.0,210,3.0,200
2025-09-03,SKU034,59.0,0,3.0,200
2025-09-04,SKU034,0.0,131,3.0,200
2025-09-05,SKU034,0.0,85,3.0,200
2025-09-06,SKU034,92.0,0,3.0,200
2025-09-07,SKU034,30.0,135,3.0,200
2025-09-08,SKU034,0.0,52,3.0,200
2025-09-09,SKU034,131.0,0,3.0,200
2025-09-10,SKU034,69.0,177,3.0,200
2025-09-11,SKU034,0.0,195,3.0,200
2025-09-12,SKU034,12.0,0,3.0,200
2025-09-13,SKU034,0.0,99,3.0,200
2025-09-14,SKU034,0.0,101,3.0,200
2025-09-15,SKU034,30.0,0,3.0,200
2025-09-16,SKU034,0.0,219,3.0,200
2025-09-17,SKU034,0.0,109,3.0,200
2025-09-18,SKU034,46.0,0,3.0,200
2025-09-19,SKU034,0.0,132,3.0,200
2025-09-20,SKU034,0.0,235,3.0,200
2025-09-21,SKU034,50.0,0,3.0,200
2025-09-22,SKU034,0.0,230,3.0,200
2025-09-23,SKU034,0.0,230,3.0,200
2025-09-24,SKU034,15.0,0,3.0,200
2025-09-25,SKU034,0.0,157,3.0,200
2025-09-26,SKU034,0.0,168,3.0,200
2025-09-27,SKU034,26.0,0,3.0,200
2025-09-28,SKU034,0.0,243,3.0,200
2025-09-29,SKU034,0.0,158,3.0,200
2025-09-30,SKU034,94.0,0,3.0,200
2025-10-01,SKU034,2.0,178,3.0,200
2025-10-02,SKU034,0.0,78,3.0,200
2025-10-03,SKU034,65.0,0,3.0,200
2025-10-04,SKU034,0.0,215,3.0,200
2025-10-05,SKU034,0.0,194,3.0,200
2025-10-06,SKU034,68.0,0,3.0,200
2025-10-07,SKU034,0.0,147,3.0,200
2025-10-08,SKU034,0.0,168,3.0,200
2025-10-09,SKU034,44.0,0,3.0,200
2025-10-10,SKU034,0.0,102,3.0,200
2025-10-11,SKU034,0.0,127,3.0,200
2025-10-12,SKU034,165.0,0,3.0,200
2025-10-13,SKU034,112.0,180,3.0,200
2025-10-14,SKU034,54.0,59,3.0,200
2025-10-15,SKU034,38.0,0,3.0,200
2025-10-16,SKU034,0.0,59,3.0,200
2025-10-17,SKU034,0.0,219,3.0,200
2025-10-18,SKU034,0.0,0,3.0,200
2025-10-19,SKU034,0.0,127,3.0,200
2025-10-20,SKU034,0.0,168,3.0,200
2025-10-21,SKU034,126.0,0,3.0,200
2025-10-22,SKU034,63.0,99,3.0,200
2025-10-23,SKU034,0.0,80,3.0,200
2025-10-24,SKU034,0.0,0,3.0,200
2025-10-25,SKU034,0.0,47,3.0,200
2025-10-26,SKU034,0.0,63,3.0,200
2025-10-27,SKU034,117.0,0,3.0,200
2025-10-28,SKU034,68.0,45,3.0,200
2025-10-29,SKU034,0.0,169,3.0,200
2025-10-30,SKU034,144.0,0,3.0,200
2025-10-31,SKU034,66.0,141,3.0,200
2025-11-01,SKU034,0.0,232,3.0,200
2025-11-02,SKU034,0.0,130,3.0,200
2025-11-03,SKU034,72.0,0,3.0,200
2025-11-04,SKU034,0.0,64,3.0,200
2025-11-05,SKU034,0.0,166,3.0,200
2025-11-06,SKU034,135.0,0,3.0,200
2025-11-07,SKU034,67.0,73,3.0,200
2025-11-08,SKU034,0.0,162,3.0,200
2025-11-09,SKU034,41.0,0,3.0,200
2025-11-10,SKU034,0.0,241,3.0,200
2025-11-11,SKU034,0.0,46,3.0,200
2025-11-12,SKU034,48.0,0,3.0,200
2025-11-13,SKU034,0.0,119,3.0,200
2025-11-14,SKU034,0.0,130,3.0,200
2025-11-15,SKU034,7.0,0,3.0,200
2025-11-16,SKU034,0.0,91,3.0,200
2025-11-17,SKU034,0.0,106,3.0,200
2025-11-18,SKU034,7.0,0,3.0,200
2025-11-19,SKU034,0.0,58,3.0,200
2025-11-20,SKU034,0.0,222,3.0,200
2025-11-21,SKU034,42.0,0,3.0,200
2025-11-22,SKU034,0.0,198,3.0,200
2025-11-23,SKU034,0.0,104,3.0,200
2025-11-24,SKU034,150.0,0,3.0,200
2025-11-25,SKU034,70.0,204,3.0,200
2025-11-26,SKU034,0.0,236,3.0,200
2025-11-27,SKU034,117.0,0,3.0,200
2025-11-28,SKU034,18.0,184,3.0,200
2025-11-29,SKU034,0.0,157,3.0,200
2025-11-30,SKU034,140.0,0,3.0,200
2025-12-01,SKU034,87.0,98,3.0,200
2025-12-02,SKU034,35.0,45,3.0,200
2025-12-03,SKU034,71.0,0,3.0,200
2025-12-04,SKU034,14.0,196,3.0,200
2025-12-05,SKU034,0.0,53,3.0,200
2025-12-06,SKU034,148.0,0,3.0,200
2025-12-07,SKU034,63.0,145,3.0,200
2025-12-08,SKU034,0.0,202,3.0,200
2025-12-09,SKU034,76.0,0,3.0,200
2025-12-10,SKU034,0.0,211,3.0,200
2025-12-11,SKU034,0.0,244,3.0,200
2025-12-12,SKU034,115.0,0,3.0,200
2025-12-13,SKU034,49.0,218,3.0,200
2025-12-14,SKU034,0.0,207,3.0,200
2025-12-15,SKU034,41.0,0,3.0,200
2025-12-16,SKU034,0.0,106,3.0,200
2025-12-17,SKU034,0.0,151,3.0,200
2025-12-18,SKU034,0.0,0,3.0,200
2025-12-19,SKU034,0.0,125,3.0,200
2025-12-20,SKU034,0.0,59,3.0,200
2025-12-21,SKU034,0.0,0,3.0,200
2025-12-22,SKU034,0.0,181,3.0,200
2025-12-23,SKU034,0.0,46,3.0,200
2025-12-24,SKU034,122.0,0,3.0,200
2025-12-25,SKU034,0.0,41,3.0,200
2025-12-26,SKU034,0.0,85,3.0,200
2025-12-27,SKU034,117.0,0,3.0,200
2025-12-28,SKU034,7.0,217,3.0,200
2025-12-29,SKU034,0.0,51,3.0,200
2025-12-30,SKU034,128.0,0,3.0,200
2025-12-31,SKU034,32.0,212,3.0,200
2026-01-01,SKU034,0.0,133,3.0,200
2026-01-02,SKU034,0.0,217,3.0,200
2026-01-03,SKU034,61.0,0,3.0,200
2026-01-04,SKU034,0.0,62,3.0,200
2026-01-05,SKU034,0.0,78,3.0,200
2026-01-06,SKU034,44.0,0,3.0,200
2026-01-07,SKU034,0.0,103,3.0,200
2026-01-08,SKU034,0.0,189,3.0,200
2026-01-09,SKU034,0.0,0,3.0,200
2026-01-10,SKU034,0.0,191,3.0,200
2026-01-11,SKU034,0.0,149,3.0,200
2026-01-12,SKU034,101.0,0,3.0,200
2026-01-13,SKU034,11.0,183,3.0,200
2026-01-14,SKU034,0.0,199,3.0,200
2026-01-15,SKU034,37.0,0,3.0,200
2026-01-16,SKU034,0.0,177,3.0,200
2026-01-17,SKU034,0.0,40,3.0,200
2026-01-18,SKU034,111.0,0,3.0,200
2026-01-19,SKU034,41.0,194,3.0,200
2026-01-20,SKU034,0.0,239,3.0,200
2026-01-21,SKU034,0.0,0,3.0,200
2026-01-22,SKU034,0.0,58,3.0,200
2026-01-23,SKU034,0.0,228,3.0,200
2026-01-24,SKU034,30.0,0,3.0,200
2026-01-25,SKU034,0.0,160,3.0,200
2026-01-26,SKU034,0.0,235,3.0,200
2026-01-27,SKU034,79.0,0,3.0,200
2026-01-28,SKU034,17.0,87,3.0,200
2026-01-29,SKU034,0.0,57,3.0,200
2026-01-30,SKU034,9.0,0,3.0,200
2026-01-31,SKU034,0.0,173,3.0,200
2026-02-01,SKU034,0.0,234,3.0,200
2026-02-02,SKU034,0.0,44,3.0,200
2026-02-03,SKU034,64.0,0,3.0,200
2026-02-04,SKU034,0.0,203,3.0,200
2026-02-05,SKU034,0.0,218,3.0,200
2026-02-06,SKU034,127.0,0,3.0,200
2026-02-07,SKU034,18.0,197,3.0,200
2026-02-08,SKU034,0.0,70,3.0,200
2026-02-09,SKU034,45.0,0,3.0,200
2026-02-10,SKU034,0.0,156,3.0,200
2026-02-11,SKU034,0.0,59,3.0,200
2026-02-12,SKU034,49.0,0,3.0,200
2026-02-13,SKU034,0.0,75,3.0,200
2026-02-14,SKU034,0.0,94,3.0,200
2026-02-15,SKU034,146.0,0,3.0,200
2026-02-16,SKU034,92.0,177,3.0,200
2026-02-17,SKU034,0.0,31,3.0,200
2026-02-18,SKU034,155.0,0,3.0,200
2026-02-19,SKU034,54.0,143,3.0,200
2026-02-20,SKU034,0.0,171,3.0,200
2026-02-21,SKU034,64.0,0,,200
2026-02-22,SKU034,0.0,45,3.0,200
2026-02-23,SKU034,0.0,221,3.0,200
2026-02-24,SKU034,117.0,0,3.0,200
2026-02-25,SKU034,40.0,85,3.0,200
2026-02-26,SKU034,0.0,49,3.0,200
2026-02-27,SKU034,161.0,0,3.0,200
2026-02-28,SKU034,60.0,231,3.0,200
2026-03-01,SKU034,8.0,185,3.0,200
2026-03-02,SKU034,0.0,145,3.0,200
2026-03-03,SKU034,104.0,0,3.0,200
2026-03-04,SKU034,33.0,136,3.0,200
2026-03-05,SKU034,0.0,215,3.0,200
2026-03-06,SKU034,125.0,0,3.0,200
2026-03-07,SKU034,63.0,45,3.0,200
2026-03-08,SKU034,0.0,100,3.0,200
2026-03-09,SKU034,118.0,0,3.0,200
2026-03-10,SKU034,36.0,242,3.0,200
2026-03-11,SKU034,0.0,193,3.0,200
2026-03-12,SKU034,69.0,0,3.0,200
2026-03-13,SKU034,0.0,195,3.0,200
2026-03-14,SKU034,0.0,186,3.0,200
2026-03-15,SKU034,103.0,0,3.0,200
2026-03-16,SKU034,26.0,233,3.0,200
2026-03-17,SKU034,0.0,163,3.0,200
2026-03-18,SKU034,43.0,0,3.0,200
2026-03-19,SKU034,0.0,190,3.0,200
2026-03-20,SKU034,0.0,220,3.0,200
2026-03-21,SKU034,51.0,0,3.0,200
2026-03-22,SKU034,0.0,34,3.0,200
2026-03-23,SKU034,0.0,46,3.0,200
2026-03-24,SKU034,117.0,0,3.0,200
2026-03-25,SKU034,0.0,138,3.0,200
2026-03-26,SKU034,0.0,242,3.0,200
2026-03-27,SKU034,0.0,0,3.0,200
2026-03-28,SKU034,0.0,182,3.0,200
2026-03-29,SKU034,0.0,120,3.0,200
2026-03-30,SKU034,0.0,0,3.0,200
2026-03-31,SKU034,0.0,109,3.0,200
2026-04-01,SKU034,0.0,72,3.0,200
2026-04-02,SKU034,0.0,147,3.0,200
2026-04-03,SKU034,150.0,0,3.0,200
2026-04-04,SKU034,63.0,243,3.0,200
2026-04-05,SKU034,0.0,148,3.0,200
2026-04-06,SKU034,171.0,0,3.0,200
2026-04-07,SKU034,101.0,217,3.0,200
2026-04-08,SKU034,36.0,72,3.0,200
2026-04-09,SKU034,0.0,0,3.0,200
2026-04-10,SKU034,0.0,215,3.0,200
2026-04-11,SKU034,0.0,153,3.0,200
2026-04-12,SKU034,127.0,0,3.0,200
2026-04-13,SKU034,61.0,169,3.0,200
2026-04-14,SKU034,0.0,79,3.0,200
2026-04-15,SKU034,40.0,0,3.0,200
2026-04-16,SKU034,0.0,106,3.0,200
2026-04-17,SKU034,0.0,179,3.0,200
2026-04-18,SKU034,0.0,0,3.0,200
2026-04-19,SKU034,0.0,126,3.0,200
2026-04-20,SKU034,0.0,83,3.0,200
2026-04-21,SKU034,123.0,0,3.0,200
2026-04-22,SKU034,46.0,130,3.0,200
2026-04-23,SKU034,0.0,180,3.0,200
2026-04-24,SKU034,130.0,0,3.0,200
2026-04-25,SKU034,40.0,195,3.0,200
2026-04-26,SKU034,0.0,228,3.0,200
2026-04-27,SKU034,0.0,0,3.0,200
2026-04-28,SKU034,0.0,48,3.0,200
2026-04-29,SKU034,0.0,80,3.0,200
2026-04-30,SKU034,73.0,0,3.0,200
2026-05-01,SKU034,6.0,137,3.0,200
2026-05-02,SKU034,0.0,222,3.0,200
2026-05-03,SKU034,198.0,0,3.0,200
2026-05-04,SKU034,139.0,103,3.0,200
2026-05-05,SKU034,62.0,234,3.0,200
2026-05-06,SKU034,76.0,0,3.0,200
2026-05-07,SKU034,2.0,70,3.0,200
2026-05-08,SKU034,0.0,178,3.0,200
2026-05-09,SKU034,36.0,0,3.0,200
2026-05-10,SKU034,0.0,201,3.0,200
2026-05-11,SKU034,0.0,225,3.0,200
2026-05-12,SKU034,82.0,0,3.0,200
2026-05-13,SKU034,29.0,217,3.0,200
2026-05-14,SKU034,0.0,98,3.0,200
2026-05-15,SKU034,0.0,0,3.0,200
2026-05-16,SKU034,0.0,148,3.0,200
2026-05-17,SKU034,0.0,237,3.0,200
2026-05-18,SKU034,97.0,0,3.0,200
2026-05-19,SKU034,17.0,186,3.0,200
2026-05-20,SKU034,0.0,226,3.0,200
2026-05-21,SKU034,115.0,0,3.0,200
2026-05-22,SKU034,17.0,159,3.0,200
2026-05-23,SKU034,0.0,204,3.0,200
2026-05-24,SKU034,28.0,0,3.0,200
2026-05-25,SKU034,0.0,155,3.0,200
2026-05-26,SKU034,0.0,220,3.0,200
2026-05-27,SKU034,51.0,0,3.0,200
2026-05-28,SKU034,0.0,207,3.0,200
2026-05-29,SKU034,0.0,187,3.0,200
2026-05-30,SKU034,38.0,0,3.0,200
2026-05-31,SKU034,0.0,169,3.0,200
2026-06-01,SKU034,0.0,125,3.0,200
2026-06-02,SKU034,0.0,105,3.0,200
2026-06-03,SKU034,116.0,0,3.0,200
2026-06-04,SKU034,39.0,64,3.0,200
2026-06-05,SKU034,0.0,171,3.0,200
2026-06-06,SKU034,0.0,0,3.0,200
2026-06-07,SKU034,0.0,135,3.0,200
2026-06-08,SKU034,0.0,193,3.0,200
2026-06-09,SKU034,110.0,0,3.0,200
2026-06-10,SKU034,0.0,112,3.0,200
2026-06-11,SKU034,0.0,127,3.0,200
2026-06-12,SKU034,0.0,0,3.0,200
2026-06-13,SKU034,0.0,119,3.0,200
2026-06-14,SKU034,0.0,224,3.0,200
2026-06-15,SKU034,104.0,0,3.0,200
2026-06-16,SKU034,3.0,51,3.0,200
2026-06-17,SKU034,0.0,69,3.0,200
2026-06-18,SKU034,0.0,0,3.0,200
2026-06-19,SKU034,0.0,119,3.0,200
2026-06-20,SKU034,0.0,208,3.0,200
2026-06-21,SKU034,63.0,0,3.0,200
2026-06-22,SKU034,0.0,81,3.0,200
2026-06-23,SKU034,0.0,115,3.0,200
2026-06-24,SKU034,0.0,0,3.0,200
2026-06-25,SKU034,0.0,113,3.0,200
2026-06-26,SKU034,0.0,110,3.0,200
2026-06-27,SKU034,0.0,0,3.0,200
2026-06-28,SKU034,0.0,75,3.0,200
2026-06-29,SKU034,0.0,76,3.0,200
2026-06-30,SKU034,0.0,0,3.0,200
2025-01-01,SKU035,375.0,156,14.0,604
2025-01-02,SKU035,325.0,154,14.0,604
2025-01-03,SKU035,256.0,105,14.0,604
2025-01-04,SKU035,181.0,60,14.0,604
2025-01-05,SKU035,101.0,124,14.0,604
2025-01-06,SKU035,55.0,101,14.0,604
2025-01-07,SKU035,0.0,75,14.0,604
2025-01-08,SKU035,0.0,177,14.0,604
2025-01-09,SKU035,0.0,74,14.0,604
2025-01-10,SKU035,0.0,169,14.0,604
2025-01-11,SKU035,0.0,52,14.0,604
2025-01-12,SKU035,0.0,126,14.0,604
2025-01-13,SKU035,0.0,161,14.0,604
2025-01-14,SKU035,58.0,0,14.0,604
2025-01-15,SKU035,0.0,220,14.0,604
2025-01-16,SKU035,0.0,117,14.0,604
2025-01-17,SKU035,0.0,102,14.0,604
2025-01-18,SKU035,0.0,174,14.0,604
2025-01-19,SKU035,0.0,40,14.0,604
2025-01-20,SKU035,0.0,124,14.0,604
2025-01-21,SKU035,0.0,199,14.0,604
2025-01-22,SKU035,0.0,80,14.0,604
2025-01-23,SKU035,0.0,126,14.0,604
2025-01-24,SKU035,0.0,59,14.0,604
2025-01-25,SKU035,0.0,213,14.0,604
2025-01-26,SKU035,0.0,195,14.0,604
2025-01-27,SKU035,0.0,178,14.0,604
2025-01-28,SKU035,0.0,0,14.0,604
2025-01-29,SKU035,0.0,127,14.0,604
2025-01-30,SKU035,0.0,70,14.0,604
2025-01-31,SKU035,0.0,208,14.0,604
2025-02-01,SKU035,0.0,210,14.0,604
2025-02-02,SKU035,0.0,171,14.0,604
2025-02-03,SKU035,0.0,157,14.0,604
2025-02-04,SKU035,0.0,76,14.0,604
2025-02-05,SKU035,0.0,42,14.0,604
2025-02-06,SKU035,0.0,192,14.0,604
2025-02-07,SKU035,0.0,74,14.0,604
2025-02-08,SKU035,0.0,80,14.0,604
2025-02-09,SKU035,0.0,78,14.0,604
2025-02-10,SKU035,0.0,96,14.0,604
2025-02-11,SKU035,0.0,91,14.0,604
2025-02-12,SKU035,0.0,78,14.0,604
2025-02-13,SKU035,0.0,53,14.0,604
2025-02-14,SKU035,129.0,0,14.0,604
2025-02-15,SKU035,69.0,213,14.0,604
2025-02-16,SKU035,2.0,57,14.0,604
2025-02-17,SKU035,0.0,141,14.0,604
2025-02-18,SKU035,0.0,114,14.0,604
2025-02-19,SKU035,0.0,116,14.0,604
2025-02-20,SKU035,0.0,176,14.0,604
2025-02-21,SKU035,0.0,176,14.0,604
2025-02-22,SKU035,0.0,40,14.0,604
2025-02-23,SKU035,0.0,203,14.0,604
2025-02-24,SKU035,0.0,30,14.0,604
2025-02-25,SKU035,0.0,114,14.0,604
2025-02-26,SKU035,0.0,46,14.0,604
2025-02-27,SKU035,0.0,159,14.0,604
2025-02-28,SKU035,14.0,0,14.0,604
2025-03-01,SKU035,0.0,55,14.0,604
2025-03-02,SKU035,0.0,94,14.0,604
2025-03-03,SKU035,0.0,79,14.0,604
2025-03-04,SKU035,0.0,156,14.0,604
2025-03-05,SKU035,0.0,159,14.0,604
2025-03-06,SKU035,0.0,136,14.0,604
2025-03-07,SKU035,0.0,181,14.0,604
2025-03-08,SKU035,0.0,32,14.0,604
2025-03-09,SKU035,0.0,157,14.0,604
2025-03-10,SKU035,0.0,156,14.0,604
2025-03-11,SKU035,0.0,119,14.0,604
2025-03-12,SKU035,0.0,192,14.0,604
2025-03-13,SKU035,0.0,42,14.0,604
2025-03-14,SKU035,96.0,0,14.0,604
2025-03-15,SKU035,30.0,89,14.0,604
2025-03-16,SKU035,0.0,34,14.0,604
2025-03-17,SKU035,0.0,32,14.0,604
2025-03-18,SKU035,0.0,76,14.0,604
2025-03-19,SKU035,0.0,143,14.0,604
2025-03-20,SKU035,0.0,149,14.0,604
2025-03-21,SKU035,0.0,50,14.0,604
2025-03-22,SKU035,0.0,85,14.0,604
2025-03-23,SKU035,0.0,48,14.0,604
2025-03-24,SKU035,0.0,192,14.0,604
2025-03-25,SKU035,0.0,195,14.0,604
2025-03-26,SKU035,0.0,68,14.0,604
2025-03-27,SKU035,0.0,204,14.0,604
2025-03-28,SKU035,0.0,0,14.0,604
2025-03-29,SKU035,0.0,133,14.0,604
2025-03-30,SKU035,0.0,169,14.0,604
2025-03-31,SKU035,0.0,106,14.0,604
2025-04-01,SKU035,0.0,46,14.0,604
2025-04-02,SKU035,0.0,178,14.0,604
2025-04-03,SKU035,0.0,182,14.0,604
2025-04-04,SKU035,0.0,92,14.0,604
2025-04-05,SKU035,0.0,32,14.0,604
2025-04-06,SKU035,0.0,209,14.0,604
2025-04-07,SKU035,0.0,44,14.0,604
2025-04-08,SKU035,0.0,79,14.0,604
2025-04-09,SKU035,0.0,113,14.0,604
2025-04-10,SKU035,0.0,115,14.0,604
2025-04-11,SKU035,0.0,130,14.0,604
2025-04-12,SKU035,0.0,69,14.0,604
2025-04-13,SKU035,0.0,104,14.0,604
2025-04-14,SKU035,164.0,0,14.0,604
2025-04-15,SKU035,95.0,202,14.0,604
2025-04-16,SKU035,45.0,45,14.0,604
2025-04-17,SKU035,5.0,181,14.0,604
2025-04-18,SKU035,0.0,136,14.0,604
2025-04-19,SKU035,0.0,34,14.0,604
2025-04-20,SKU035,0.0,183,14.0,604
2025-04-21,SKU035,0.0,58,14.0,604
2025-04-22,SKU035,0.0,76,14.0,604
2025-04-23,SKU035,0.0,42,14.0,604
2025-04-24,SKU035,0.0,178,14.0,604
2025-04-25,SKU035,0.0,166,14.0,604
2025-04-26,SKU035,0.0,192,14.0,604
2025-04-27,SKU035,0.0,127,14.0,604
2025-04-28,SKU035,73.0,0,14.0,604
2025-04-29,SKU035,2.0,136,14.0,604
2025-04-30,SKU035,0.0,29,14.0,604
2025-05-01,SKU035,0.0,181,14.0,604
2025-05-02,SKU035,0.0,191,14.0,604
2025-05-03,SKU035,0.0,39,14.0,604
2025-05-04,SKU035,0.0,207,14.0,604
2025-05-05,SKU035,0.0,109,14.0,604
2025-05-06,SKU035,0.0,74,14.0,604
2025-05-07,SKU035,0.0,35,14.0,604
2025-05-08,SKU035,0.0,220,14.0,604
2025-05-09,SKU035,0.0,158,14.0,604
2025-05-10,SKU035,0.0,149,14.0,604
2025-05-11,SKU035,0.0,56,14.0,604
2025-05-12,SKU035,0.0,185,14.0,604
2025-05-13,SKU035,0.0,144,14.0,604
2025-05-14,SKU035,17.0,0,14.0,604
2025-05-15,SKU035,0.0,151,14.0,604
2025-05-16,SKU035,0.0,55,14.0,604
2025-05-17,SKU035,0.0,111,14.0,604
2025-05-18,SKU035,0.0,59,14.0,604
2025-05-19,SKU035,0.0,50,14.0,604
2025-05-20,SKU035,0.0,223,14.0,604
2025-05-21,SKU035,0.0,84,14.0,604
2025-05-22,SKU035,0.0,30,14.0,604
2025-05-23,SKU035,0.0,71,14.0,604
2025-05-24,SKU035,0.0,100,14.0,604
2025-05-25,SKU035,0.0,30,14.0,604
2025-05-26,SKU035,0.0,151,14.0,604
2025-05-27,SKU035,0.0,130,14.0,604
2025-05-28,SKU035,28.0,0,14.0,604
2025-05-29,SKU035,0.0,202,14.0,604
2025-05-30,SKU035,0.0,75,14.0,604
2025-05-31,SKU035,0.0,46,14.0,604
2025-06-01,SKU035,0.0,48,14.0,604
2025-06-02,SKU035,0.0,183,14.0,604
2025-06-03,SKU035,0.0,95,14.0,604
2025-06-04,SKU035,0.0,205,14.0,604
2025-06-05,SKU035,0.0,43,14.0,604
2025-06-06,SKU035,0.0,134,14.0,604
2025-06-07,SKU035,0.0,85,14.0,604
2025-06-08,SKU035,0.0,213,14.0,604
2025-06-09,SKU035,0.0,121,14.0,604
2025-06-10,SKU035,0.0,81,14.0,604
2025-06-11,SKU035,0.0,34,14.0,604
2025-06-12,SKU035,0.0,124,14.0,604
2025-06-13,SKU035,0.0,58,14.0,604
2025-06-14,SKU035,0.0,0,14.0,604
2025-06-15,SKU035,0.0,57,14.0,604
2025-06-16,SKU035,0.0,130,14.0,604
2025-06-17,SKU035,0.0,76,14.0,604
2025-06-18,SKU035,0.0,111,14.0,604
2025-06-19,SKU035,0.0,131,14.0,604
2025-06-20,SKU035,0.0,37,14.0,604
2025-06-21,SKU035,0.0,137,14.0,604
2025-06-22,SKU035,0.0,116,14.0,604
2025-06-23,SKU035,0.0,137,14.0,604
2025-06-24,SKU035,0.0,165,14.0,604
2025-06-25,SKU035,0.0,167,14.0,604
2025-06-26,SKU035,0.0,164,14.0,604
2025-06-27,SKU035,0.0,42,14.0,604
2025-06-28,SKU035,119.0,0,14.0,604
2025-06-29,SKU035,63.0,187,14.0,604
2025-06-30,SKU035,3.0,200,14.0,604
2025-07-01,SKU035,0.0,61,14.0,604
2025-07-02,SKU035,0.0,143,14.0,604
2025-07-03,SKU035,0.0,211,14.0,604
2025-07-04,SKU035,0.0,211,14.0,604
2025-07-05,SKU035,0.0,101,14.0,604
2025-07-06,SKU035,0.0,195,14.0,604
2025-07-07,SKU035,0.0,119,14.0,604
2025-07-08,SKU035,0.0,44,14.0,604
2025-07-09,SKU035,0.0,219,14.0,604
2025-07-10,SKU035,0.0,88,14.0,604
2025-07-11,SKU035,0.0,84,14.0,604
2025-07-12,SKU035,0.0,205,14.0,604
2025-07-13,SKU035,0.0,174,14.0,604
2025-07-14,SKU035,56.0,0,14.0,604
2025-07-15,SKU035,0.0,185,14.0,604
2025-07-16,SKU035,0.0,32,14.0,604
2025-07-17,SKU035,0.0,142,14.0,604
2025-07-18,SKU035,0.0,81,14.0,604
2025-07-19,SKU035,0.0,137,14.0,604
2025-07-20,SKU035,0.0,92,14.0,604
2025-07-21,SKU035,0.0,169,14.0,604
2025-07-22,SKU035,0.0,153,14.0,604
2025-07-23,SKU035,0.0,169,14.0,604
2025-07-24,SKU035,0.0,167,14.0,604
2025-07-25,SKU035,0.0,175,14.0,604
2025-07-26,SKU035,0.0,221,14.0,604
2025-07-27,SKU035,0.0,115,14.0,604
2025-07-28,SKU035,119.0,0,14.0,604
2025-07-29,SKU035,48.0,71,14.0,604
2025-07-30,SKU035,0.0,217,14.0,604
2025-07-31,SKU035,0.0,195,14.0,604
2025-08-01,SKU035,0.0,47,14.0,604
2025-08-02,SKU035,0.0,185,14.0,604
2025-08-03,SKU035,0.0,142,14.0,604
2025-08-04,SKU035,0.0,107,14.0,604
2025-08-05,SKU035,0.0,49,14.0,604
2025-08-06,SKU035,0.0,150,14.0,604
2025-08-07,SKU035,0.0,130,14.0,604
2025-08-08,SKU035,0.0,192,14.0,604
2025-08-09,SKU035,0.0,106,14.0,604
2025-08-10,SKU035,0.0,130,14.0,604
2025-08-11,SKU035,0.0,112,14.0,604
2025-08-12,SKU035,0.0,43,14.0,604
2025-08-13,SKU035,0.0,118,14.0,604
2025-08-14,SKU035,146.0,0,14.0,604
2025-08-15,SKU035,50.0,31,14.0,604
2025-08-16,SKU035,0.0,172,14.0,604
2025-08-17,SKU035,0.0,111,14.0,604
2025-08-18,SKU035,0.0,63,14.0,604
2025-08-19,SKU035,0.0,162,14.0,604
2025-08-20,SKU035,0.0,100,14.0,604
2025-08-21,SKU035,0.0,223,14.0,604
2025-08-22,SKU035,0.0,129,14.0,604
2025-08-23,SKU035,0.0,109,14.0,604
2025-08-24,SKU035,0.0,217,14.0,604
2025-08-25,SKU035,0.0,84,14.0,604
2025-08-26,SKU035,0.0,218,14.0,604
2025-08-27,SKU035,0.0,180,14.0,604
2025-08-28,SKU035,67.0,0,14.0,604
2025-08-29,SKU035,0.0,101,14.0,604
2025-08-30,SKU035,0.0,41,14.0,604
2025-08-31,SKU035,0.0,213,14.0,604
2025-09-01,SKU035,0.0,153,14.0,604
2025-09-02,SKU035,0.0,131,14.0,604
2025-09-03,SKU035,0.0,156,14.0,604
2025-09-04,SKU035,0.0,202,14.0,604
2025-09-05,SKU035,0.0,86,14.0,604
2025-09-06,SKU035,0.0,130,14.0,604
2025-09-07,SKU035,0.0,188,14.0,604
2025-09-08,SKU035,0.0,202,14.0,604
2025-09-09,SKU035,0.0,167,14.0,604
2025-09-10,SKU035,0.0,143,14.0,604
2025-09-11,SKU035,0.0,104,14.0,604
2025-09-12,SKU035,0.0,76,14.0,604
2025-09-13,SKU035,0.0,154,14.0,604
2025-09-14,SKU035,112.0,0,14.0,604
2025-09-15,SKU035,59.0,123,14.0,604
2025-09-16,SKU035,0.0,214,14.0,604
2025-09-17,SKU035,0.0,58,14.0,604
2025-09-18,SKU035,0.0,129,14.0,604
2025-09-19,SKU035,0.0,160,14.0,604
2025-09-20,SKU035,0.0,213,14.0,604
2025-09-21,SKU035,0.0,79,14.0,604
2025-09-22,SKU035,0.0,76,14.0,604
2025-09-23,SKU035,0.0,123,14.0,604
2025-09-24,SKU035,0.0,166,14.0,604
2025-09-25,SKU035,0.0,89,14.0,604
2025-09-26,SKU035,0.0,128,14.0,604
2025-09-27,SKU035,0.0,53,14.0,604
2025-09-28,SKU035,172.0,0,14.0,604
2025-09-29,SKU035,125.0,66,14.0,604
2025-09-30,SKU035,69.0,77,14.0,604
2025-10-01,SKU035,0.0,111,14.0,604
2025-10-02,SKU035,0.0,55,14.0,604
2025-10-03,SKU035,0.0,216,14.0,604
2025-10-04,SKU035,0.0,156,14.0,604
2025-10-05,SKU035,0.0,157,14.0,604
2025-10-06,SKU035,0.0,67,14.0,604
2025-10-07,SKU035,0.0,94,14.0,604
2025-10-08,SKU035,0.0,66,14.0,604
2025-10-09,SKU035,0.0,43,14.0,604
2025-10-10,SKU035,0.0,112,14.0,604
2025-10-11,SKU035,0.0,118,14.0,604
2025-10-12,SKU035,0.0,160,14.0,604
2025-10-13,SKU035,0.0,115,14.0,604
2025-10-14,SKU035,163.0,0,14.0,604
2025-10-15,SKU035,96.0,123,14.0,604
2025-10-16,SKU035,49.0,116,14.0,604
2025-10-17,SKU035,0.0,80,14.0,604
2025-10-18,SKU035,0.0,148,14.0,604
2025-10-19,SKU035,0.0,187,14.0,604
2025-10-20,SKU035,0.0,218,14.0,604
2025-10-21,SKU035,0.0,56,14.0,604
2025-10-22,SKU035,0.0,33,14.0,604
2025-10-23,SKU035,0.0,220,14.0,604
2025-10-24,SKU035,0.0,110,14.0,604
2025-10-25,SKU035,0.0,160,14.0,604
2025-10-26,SKU035,0.0,214,14.0,604
2025-10-27,SKU035,0.0,32,14.0,604
2025-10-28,SKU035,0.0,0,14.0,604
2025-10-29,SKU035,0.0,184,14.0,604
2025-10-30,SKU035,0.0,162,14.0,604
2025-10-31,SKU035,0.0,115,14.0,604
2025-11-01,SKU035,0.0,216,14.0,604
2025-11-02,SKU035,0.0,157,14.0,604
2025-11-03,SKU035,0.0,33,14.0,604
2025-11-04,SKU035,0.0,48,14.0,604
2025-11-05,SKU035,0.0,202,14.0,604
2025-11-06,SKU035,0.0,216,14.0,604
2025-11-07,SKU035,0.0,76,14.0,604
2025-11-08,SKU035,0.0,72,14.0,604
2025-11-09,SKU035,0.0,36,14.0,604
2025-11-10,SKU035,0.0,50,14.0,604
2025-11-11,SKU035,0.0,75,14.0,604
2025-11-12,SKU035,0.0,207,14.0,604
2025-11-13,SKU035,0.0,54,14.0,604
2025-11-14,SKU035,0.0,0,14.0,604
2025-11-15,SKU035,0.0,220,14.0,604
2025-11-16,SKU035,0.0,49,14.0,604
2025-11-17,SKU035,0.0,61,14.0,604
2025-11-18,SKU035,0.0,131,14.0,604
2025-11-19,SKU035,0.0,81,14.0,604
2025-11-20,SKU035,0.0,109,14.0,604
2025-11-21,SKU035,0.0,110,14.0,604
2025-11-22,SKU035,0.0,141,14.0,604
2025-11-23,SKU035,0.0,31,14.0,604
2025-11-24,SKU035,0.0,187,14.0,604
2025-11-25,SKU035,0.0,98,14.0,604
2025-11-26,SKU035,0.0,224,14.0,604
2025-11-27,SKU035,0.0,196,14.0,604
2025-11-28,SKU035,0.0,0,14.0,604
2025-11-29,SKU035,0.0,193,14.0,604
2025-11-30,SKU035,0.0,67,14.0,604
2025-12-01,SKU035,0.0,28,14.0,604
2025-12-02,SKU035,0.0,36,14.0,604
2025-12-03,SKU035,0.0,197,14.0,604
2025-12-04,SKU035,0.0,97,14.0,604
2025-12-05,SKU035,0.0,92,14.0,604
2025-12-06,SKU035,0.0,186,14.0,604
2025-12-07,SKU035,0.0,223,14.0,604
2025-12-08,SKU035,0.0,204,14.0,604
2025-12-09,SKU035,0.0,217,14.0,604
2025-12-10,SKU035,0.0,45,14.0,604
2025-12-11,SKU035,0.0,108,14.0,604
2025-12-12,SKU035,0.0,76,14.0,604
2025-12-13,SKU035,0.0,149,14.0,604
2025-12-14,SKU035,170.0,0,14.0,604
2025-12-15,SKU035,99.0,218,14.0,604
2025-12-16,SKU035,24.0,158,14.0,604
2025-12-17,SKU035,0.0,180,14.0,604
2025-12-18,SKU035,0.0,199,14.0,604
2025-12-19,SKU035,0.0,114,14.0,604
2025-12-20,SKU035,0.0,136,14.0,604
2025-12-21,SKU035,0.0,200,14.0,604
2025-12-22,SKU035,0.0,105,14.0,604
2025-12-23,SKU035,0.0,101,14.0,604
2025-12-24,SKU035,0.0,191,14.0,604
2025-12-25,SKU035,0.0,199,14.0,604
2025-12-26,SKU035,0.0,177,14.0,604
2025-12-27,SKU035,0.0,120,14.0,604
2025-12-28,SKU035,16.0,0,14.0,604
2025-12-29,SKU035,0.0,51,14.0,604
2025-12-30,SKU035,0.0,91,14.0,604
2025-12-31,SKU035,0.0,73,14.0,604
2026-01-01,SKU035,0.0,64,14.0,604
2026-01-02,SKU035,0.0,175,14.0,604
2026-01-03,SKU035,0.0,157,14.0,604
2026-01-04,SKU035,0.0,41,14.0,604
2026-01-05,SKU035,0.0,60,14.0,604
2026-01-06,SKU035,0.0,98,14.0,604
2026-01-07,SKU035,0.0,114,14.0,604
2026-01-08,SKU035,0.0,195,14.0,604
2026-01-09,SKU035,0.0,35,14.0,604
2026-01-10,SKU035,0.0,72,14.0,604
2026-01-11,SKU035,0.0,202,14.0,604
2026-01-12,SKU035,0.0,100,14.0,604
2026-01-13,SKU035,0.0,72,14.0,604
2026-01-14,SKU035,87.0,0,14.0,604
2026-01-15,SKU035,12.0,217,14.0,604
2026-01-16,SKU035,0.0,211,14.0,604
2026-01-17,SKU035,0.0,131,14.0,604
2026-01-18,SKU035,0.0,48,14.0,604
2026-01-19,SKU035,0.0,56,14.0,604
2026-01-20,SKU035,0.0,89,14.0,604
2026-01-21,SKU035,0.0,197,14.0,604
2026-01-22,SKU035,0.0,185,14.0,604
2026-01-23,SKU035,0.0,220,14.0,604
2026-01-24,SKU035,0.0,127,14.0,604
2026-01-25,SKU035,0.0,142,14.0,604
2026-01-26,SKU035,0.0,90,14.0,604
2026-01-27,SKU035,0.0,128,14.0,604
2026-01-28,SKU035,82.0,0,14.0,604
2026-01-29,SKU035,0.0,35,14.0,604
2026-01-30,SKU035,0.0,202,14.0,604
2026-01-31,SKU035,0.0,148,14.0,604
2026-02-01,SKU035,0.0,89,14.0,604
2026-02-02,SKU035,0.0,91,14.0,604
2026-02-03,SKU035,0.0,223,14.0,604
2026-02-04,SKU035,0.0,86,14.0,604
2026-02-05,SKU035,0.0,138,14.0,604
2026-02-06,SKU035,0.0,98,14.0,604
2026-02-07,SKU035,0.0,137,14.0,604
2026-02-08,SKU035,0.0,111,14.0,604
2026-02-09,SKU035,0.0,124,14.0,604
2026-02-10,SKU035,0.0,43,14.0,604
2026-02-11,SKU035,0.0,40,14.0,604
2026-02-12,SKU035,0.0,195,14.0,604
2026-02-13,SKU035,0.0,195,14.0,604
2026-02-14,SKU035,128.0,0,14.0,604
2026-02-15,SKU035,59.0,148,14.0,604
2026-02-16,SKU035,0.0,87,14.0,604
2026-02-17,SKU035,0.0,200,14.0,604
2026-02-18,SKU035,0.0,214,14.0,604
2026-02-19,SKU035,0.0,85,14.0,604
2026-02-20,SKU035,0.0,109,14.0,604
2026-02-21,SKU035,0.0,127,14.0,604
2026-02-22,SKU035,0.0,113,14.0,604
2026-02-23,SKU035,0.0,142,14.0,604
2026-02-24,SKU035,0.0,205,14.0,604
2026-02-25,SKU035,0.0,208,14.0,604
2026-02-26,SKU035,0.0,48,14.0,604
2026-02-27,SKU035,0.0,169,14.0,604
2026-02-28,SKU035,0.0,0,14.0,604
2026-03-01,SKU035,0.0,92,14.0,604
2026-03-02,SKU035,0.0,106,14.0,604
2026-03-03,SKU035,0.0,206,14.0,604
2026-03-04,SKU035,0.0,99,14.0,604
2026-03-05,SKU035,0.0,146,14.0,604
2026-03-06,SKU035,0.0,152,14.0,604
2026-03-07,SKU035,0.0,99,14.0,604
2026-03-08,SKU035,0.0,165,14.0,604
2026-03-09,SKU035,0.0,131,14.0,604
2026-03-10,SKU035,0.0,91,14.0,604
2026-03-11,SKU035,0.0,117,14.0,604
2026-03-12,SKU035,0.0,68,14.0,604
2026-03-13,SKU035,0.0,34,14.0,604
2026-03-14,SKU035,43.0,0,14.0,604
2026-03-15,SKU035,0.0,208,14.0,604
2026-03-16,SKU035,0.0,102,14.0,604
2026-03-17,SKU035,0.0,202,14.0,604
2026-03-18,SKU035,0.0,44,14.0,604
2026-03-19,SKU035,0.0,120,14.0,604
2026-03-20,SKU035,0.0,85,14.0,604
2026-03-21,SKU035,0.0,110,14.0,604
2026-03-22,SKU035,0.0,165,14.0,604
2026-03-23,SKU035,0.0,88,14.0,604
2026-03-24,SKU035,0.0,55,14.0,604
2026-03-25,SKU035,0.0,36,14.0,604
2026-03-26,SKU035,0.0,87,14.0,604
2026-03-27,SKU035,0.0,169,14.0,604
2026-03-28,SKU035,45.0,0,14.0,604
2026-03-29,SKU035,0.0,222,14.0,604
2026-03-30,SKU035,0.0,72,14.0,604
2026-03-31,SKU035,0.0,207,14.0,604
2026-04-01,SKU035,0.0,190,14.0,604
2026-04-02,SKU035,0.0,180,14.0,604
2026-04-03,SKU035,0.0,164,14.0,604
2026-04-04,SKU035,0.0,32,14.0,604
2026-04-05,SKU035,0.0,179,14.0,604
2026-04-06,SKU035,0.0,68,14.0,604
2026-04-07,SKU035,0.0,87,14.0,604
2026-04-08,SKU035,0.0,71,14.0,604
2026-04-09,SKU035,0.0,112,14.0,604
2026-04-10,SKU035,0.0,70,14.0,604
2026-04-11,SKU035,0.0,195,14.0,604
2026-04-12,SKU035,0.0,161,14.0,604
2026-04-13,SKU035,0.0,154,14.0,604
2026-04-14,SKU035,98.0,0,14.0,604
2026-04-15,SKU035,43.0,90,14.0,604
2026-04-16,SKU035,0.0,136,14.0,604
2026-04-17,SKU035,0.0,154,14.0,604
2026-04-18,SKU035,0.0,138,14.0,604
2026-04-19,SKU035,0.0,141,14.0,604
2026-04-20,SKU035,0.0,40,14.0,604
2026-04-21,SKU035,0.0,117,14.0,604
2026-04-22,SKU035,0.0,141,14.0,604
2026-04-23,SKU035,0.0,49,14.0,604
2026-04-24,SKU035,0.0,63,14.0,604
2026-04-25,SKU035,0.0,139,14.0,604
2026-04-26,SKU035,0.0,62,14.0,604
2026-04-27,SKU035,0.0,128,14.0,604
2026-04-28,SKU035,17.0,0,14.0,604
2026-04-29,SKU035,0.0,62,14.0,604
2026-04-30,SKU035,0.0,184,14.0,604
2026-05-01,SKU035,,187,14.0,604
2026-05-02,SKU035,0.0,92,14.0,604
2026-05-03,SKU035,0.0,91,14.0,604
2026-05-04,SKU035,0.0,109,14.0,604
2026-05-05,SKU035,0.0,67,14.0,604
2026-05-06,SKU035,0.0,136,14.0,604
2026-05-07,SKU035,0.0,219,14.0,604
2026-05-08,SKU035,0.0,177,14.0,604
2026-05-09,SKU035,0.0,83,14.0,604
2026-05-10,SKU035,0.0,97,14.0,604
2026-05-11,SKU035,0.0,66,14.0,604
2026-05-12,SKU035,0.0,165,14.0,604
2026-05-13,SKU035,0.0,94,14.0,604
2026-05-14,SKU035,114.0,0,14.0,604
2026-05-15,SKU035,39.0,170,14.0,604
2026-05-16,SKU035,0.0,98,14.0,604
2026-05-17,SKU035,0.0,103,14.0,604
2026-05-18,SKU035,0.0,54,14.0,604
2026-05-19,SKU035,0.0,120,14.0,604
2026-05-20,SKU035,0.0,211,14.0,604
2026-05-21,SKU035,0.0,153,14.0,604
2026-05-22,SKU035,0.0,123,14.0,604
2026-05-23,SKU035,0.0,108,14.0,604
2026-05-24,SKU035,0.0,148,14.0,604
2026-05-25,SKU035,0.0,206,14.0,604
2026-05-26,SKU035,0.0,105,14.0,604
2026-05-27,SKU035,0.0,148,14.0,604
2026-05-28,SKU035,176.0,0,14.0,604
2026-05-29,SKU035,97.0,145,14.0,604
2026-05-30,SKU035,35.0,164,14.0,604
2026-05-31,SKU035,0.0,200,14.0,604
2026-06-01,SKU035,0.0,117,14.0,604
2026-06-02,SKU035,0.0,39,14.0,604
2026-06-03,SKU035,0.0,114,14.0,604
2026-06-04,SKU035,0.0,54,14.0,604
2026-06-05,SKU035,0.0,202,14.0,604
2026-06-06,SKU035,0.0,184,14.0,604
2026-06-07,SKU035,0.0,178,14.0,604
2026-06-08,SKU035,0.0,109,14.0,604
2026-06-09,SKU035,0.0,176,14.0,604
2026-06-10,SKU035,0.0,141,14.0,604
2026-06-11,SKU035,0.0,48,14.0,604
2026-06-12,SKU035,0.0,58,14.0,604
2026-06-13,SKU035,0.0,190,14.0,604
2026-06-14,SKU035,77.0,0,14.0,604
2026-06-15,SKU035,0.0,154,14.0,604
2026-06-16,SKU035,0.0,76,14.0,604
2026-06-17,SKU035,0.0,205,14.0,604
2026-06-18,SKU035,0.0,200,14.0,604
2026-06-19,SKU035,0.0,167,14.0,604
2026-06-20,SKU035,0.0,178,14.0,604
2026-06-21,SKU035,0.0,49,14.0,604
2026-06-22,SKU035,0.0,176,14.0,604
2026-06-23,SKU035,0.0,200,14.0,604
2026-06-24,SKU035,0.0,161,14.0,604
2026-06-25,SKU035,0.0,211,14.0,604
2026-06-26,SKU035,0.0,45,14.0,604
2026-06-27,SKU035,0.0,59,14.0,604
2026-06-28,SKU035,130.0,0,14.0,604
2026-06-29,SKU035,75.0,200,14.0,604
2026-06-30,SKU035,9.0,79,14.0,604
2025-01-01,SKU036,109.0,35,12.0,264
2025-01-02,SKU036,74.0,113,12.0,264
2025-01-03,SKU036,38.0,120,12.0,264
2025-01-04,SKU036,2.0,26,12.0,264
2025-01-05,SKU036,0.0,108,12.0,264
2025-01-06,SKU036,0.0,22,12.0,264
2025-01-07,SKU036,0.0,114,12.0,264
2025-01-08,SKU036,0.0,112,12.0,264
2025-01-09,SKU036,0.0,100,12.0,264
2025-01-10,SKU036,0.0,17,12.0,264
2025-01-11,SKU036,0.0,43,12.0,264
2025-01-12,SKU036,25.0,0,12.0,264
2025-01-13,SKU036,0.0,62,12.0,264
2025-01-14,SKU036,0.0,61,12.0,264
2025-01-15,SKU036,0.0,88,12.0,264
2025-01-16,SKU036,0.0,30,12.0,264
2025-01-17,SKU036,0.0,82,12.0,264
2025-01-18,SKU036,0.0,31,12.0,264
2025-01-19,SKU036,0.0,43,12.0,264
2025-01-20,SKU036,0.0,77,12.0,264
2025-01-21,SKU036,0.0,88,12.0,264
2025-01-22,SKU036,0.0,39,12.0,264
2025-01-23,SKU036,0.0,48,12.0,264
2025-01-24,SKU036,57.0,0,12.0,264
2025-01-25,SKU036,28.0,76,12.0,264
2025-01-26,SKU036,0.0,48,12.0,264
2025-01-27,SKU036,0.0,73,12.0,264
2025-01-28,SKU036,0.0,28,12.0,264
2025-01-29,SKU036,0.0,59,12.0,264
2025-01-30,SKU036,0.0,98,12.0,264
2025-01-31,SKU036,0.0,108,12.0,264
2025-02-01,SKU036,0.0,15,12.0,264
2025-02-02,SKU036,0.0,89,12.0,264
2025-02-03,SKU036,0.0,16,12.0,264
2025-02-04,SKU036,0.0,94,12.0,264
2025-02-05,SKU036,0.0,105,12.0,264
2025-02-06,SKU036,0.0,113,12.0,264
2025-02-07,SKU036,0.0,25,12.0,264
2025-02-08,SKU036,0.0,16,12.0,264
2025-02-09,SKU036,0.0,54,12.0,264
2025-02-10,SKU036,0.0,42,12.0,264
2025-02-11,SKU036,0.0,58,12.0,264
2025-02-12,SKU036,1.0,0,12.0,264
2025-02-13,SKU036,0.0,96,12.0,264
2025-02-14,SKU036,0.0,84,12.0,264
2025-02-15,SKU036,0.0,57,12.0,264
2025-02-16,SKU036,0.0,89,12.0,264
2025-02-17,SKU036,0.0,51,12.0,264
2025-02-18,SKU036,0.0,75,12.0,264
2025-02-19,SKU036,0.0,63,12.0,264
2025-02-20,SKU036,0.0,50,12.0,264
2025-02-21,SKU036,0.0,21,12.0,264
2025-02-22,SKU036,0.0,48,12.0,264
2025-02-23,SKU036,0.0,64,12.0,264
2025-02-24,SKU036,21.0,0,12.0,264
2025-02-25,SKU036,0.0,118,12.0,264
2025-02-26,SKU036,0.0,34,12.0,264
2025-02-27,SKU036,0.0,56,12.0,264
2025-02-28,SKU036,0.0,87,12.0,264
2025-03-01,SKU036,0.0,43,12.0,264
2025-03-02,SKU036,0.0,68,12.0,264
2025-03-03,SKU036,0.0,91,12.0,264
2025-03-04,SKU036,0.0,117,12.0,264
2025-03-05,SKU036,0.0,72,12.0,264
2025-03-06,SKU036,0.0,92,12.0,264
2025-03-07,SKU036,0.0,100,12.0,264
2025-03-08,SKU036,0.0,52,12.0,264
2025-03-09,SKU036,0.0,63,12.0,264
2025-03-10,SKU036,0.0,107,12.0,264
2025-03-11,SKU036,0.0,82,12.0,264
2025-03-12,SKU036,0.0,0,12.0,264
2025-03-13,SKU036,0.0,110,12.0,264
2025-03-14,SKU036,0.0,58,12.0,264
2025-03-15,SKU036,0.0,91,12.0,264
2025-03-16,SKU036,0.0,51,12.0,264
2025-03-17,SKU036,0.0,71,12.0,264
2025-03-18,SKU036,0.0,66,12.0,264
2025-03-19,SKU036,0.0,22,12.0,264
2025-03-20,SKU036,0.0,56,12.0,264
2025-03-21,SKU036,0.0,41,12.0,264
2025-03-22,SKU036,0.0,78,12.0,264
2025-03-23,SKU036,0.0,116,12.0,264
2025-03-24,SKU036,63.0,0,12.0,264
2025-03-25,SKU036,25.0,112,12.0,264
2025-03-26,SKU036,0.0,67,12.0,264
2025-03-27,SKU036,0.0,20,12.0,264
2025-03-28,SKU036,0.0,41,12.0,264
2025-03-29,SKU036,0.0,66,12.0,264
2025-03-30,SKU036,0.0,53,12.0,264
2025-03-31,SKU036,0.0,64,12.0,264
2025-04-01,SKU036,0.0,107,12.0,264
2025-04-02,SKU036,0.0,16,12.0,264
2025-04-03,SKU036,0.0,37,12.0,264
2025-04-04,SKU036,0.0,117,12.0,264
2025-04-05,SKU036,0.0,79,12.0,264
2025-04-06,SKU036,0.0,54,12.0,264
2025-04-07,SKU036,0.0,36,12.0,264
2025-04-08,SKU036,0.0,60,12.0,264
2025-04-09,SKU036,0.0,101,12.0,264
2025-04-10,SKU036,0.0,119,12.0,264
2025-04-11,SKU036,0.0,43,12.0,264
2025-04-12,SKU036,57.0,0,12.0,264
2025-04-13,SKU036,13.0,19,12.0,264
2025-04-14,SKU036,0.0,94,12.0,264
2025-04-15,SKU036,0.0,104,12.0,264
2025-04-16,SKU036,0.0,47,12.0,264
2025-04-17,SKU036,0.0,90,12.0,264
2025-04-18,SKU036,0.0,117,12.0,264
2025-04-19,SKU036,0.0,85,12.0,264
2025-04-20,SKU036,0.0,78,12.0,264
2025-04-21,SKU036,0.0,23,12.0,264
2025-04-22,SKU036,0.0,38,12.0,264
2025-04-23,SKU036,0.0,44,12.0,264
2025-04-24,SKU036,5.0,0,12.0,264
2025-04-25,SKU036,0.0,24,12.0,264
2025-04-26,SKU036,0.0,108,12.0,264
2025-04-27,SKU036,0.0,35,12.0,264
2025-04-28,SKU036,0.0,106,12.0,264
2025-04-29,SKU036,0.0,114,12.0,264
2025-04-30,SKU036,0.0,59,12.0,264
2025-05-01,SKU036,0.0,45,12.0,264
2025-05-02,SKU036,0.0,100,12.0,264
2025-05-03,SKU036,0.0,119,12.0,264
2025-05-04,SKU036,0.0,30,12.0,264
2025-05-05,SKU036,0.0,51,12.0,264
2025-05-06,SKU036,0.0,96,12.0,264
2025-05-07,SKU036,0.0,15,12.0,264
2025-05-08,SKU036,0.0,55,12.0,264
2025-05-09,SKU036,0.0,28,12.0,264
2025-05-10,SKU036,0.0,101,12.0,264
2025-05-11,SKU036,0.0,42,12.0,264
2025-05-12,SKU036,50.0,0,12.0,264
2025-05-13,SKU036,22.0,76,12.0,264
2025-05-14,SKU036,0.0,113,12.0,264
2025-05-15,SKU036,0.0,23,12.0,264
2025-05-16,SKU036,0.0,66,12.0,264
2025-05-17,SKU036,0.0,110,12.0,264
2025-05-18,SKU036,0.0,71,12.0,264
2025-05-19,SKU036,0.0,117,12.0,264
2025-05-20,SKU036,0.0,40,12.0,264
2025-05-21,SKU036,0.0,66,12.0,264
2025-05-22,SKU036,0.0,100,12.0,264
2025-05-23,SKU036,0.0,62,12.0,264
2025-05-24,SKU036,0.0,0,12.0,264
2025-05-25,SKU036,0.0,26,12.0,264
2025-05-26,SKU036,0.0,105,12.0,264
2025-05-27,SKU036,0.0,30,12.0,264
2025-05-28,SKU036,0.0,29,12.0,264
2025-05-29,SKU036,0.0,56,12.0,264
2025-05-30,SKU036,0.0,113,12.0,264
2025-05-31,SKU036,0.0,76,12.0,264
2025-06-01,SKU036,0.0,53,12.0,264
2025-06-02,SKU036,0.0,112,12.0,264
2025-06-03,SKU036,0.0,45,12.0,264
2025-06-04,SKU036,0.0,17,12.0,264
2025-06-05,SKU036,0.0,53,12.0,264
2025-06-06,SKU036,0.0,82,12.0,264
2025-06-07,SKU036,0.0,109,12.0,264
2025-06-08,SKU036,0.0,81,12.0,264
2025-06-09,SKU036,0.0,77,12.0,264
2025-06-10,SKU036,0.0,91,12.0,264
2025-06-11,SKU036,0.0,37,12.0,264
2025-06-12,SKU036,65.0,0,12.0,264
2025-06-13,SKU036,0.0,77,12.0,264
2025-06-14,SKU036,0.0,71,12.0,264
2025-06-15,SKU036,0.0,83,12.0,264
2025-06-16,SKU036,0.0,25,12.0,264
2025-06-17,SKU036,0.0,82,12.0,264
2025-06-18,SKU036,0.0,27,12.0,264
2025-06-19,SKU036,0.0,68,12.0,264
2025-06-20,SKU036,0.0,102,12.0,264
2025-06-21,SKU036,0.0,30,12.0,264
2025-06-22,SKU036,0.0,57,12.0,264
2025-06-23,SKU036,0.0,82,12.0,264
2025-06-24,SKU036,42.0,0,12.0,264
2025-06-25,SKU036,0.0,32,12.0,264
2025-06-26,SKU036,0.0,50,12.0,264
2025-06-27,SKU036,0.0,16,12.0,264
2025-06-28,SKU036,0.0,99,12.0,264
2025-06-29,SKU036,0.0,101,12.0,264
2025-06-30,SKU036,0.0,71,12.0,264
2025-07-01,SKU036,0.0,118,12.0,264
2025-07-02,SKU036,0.0,26,12.0,264
2025-07-03,SKU036,0.0,82,12.0,264
2025-07-04,SKU036,0.0,36,12.0,264
2025-07-05,SKU036,0.0,52,12.0,264
2025-07-06,SKU036,0.0,19,12.0,264
2025-07-07,SKU036,0.0,29,12.0,264
2025-07-08,SKU036,0.0,53,12.0,264
2025-07-09,SKU036,0.0,75,12.0,264
2025-07-10,SKU036,0.0,66,12.0,264
2025-07-11,SKU036,0.0,118,12.0,264
2025-07-12,SKU036,62.0,0,12.0,264
2025-07-13,SKU036,35.0,20,12.0,264
2025-07-14,SKU036,0.0,18,12.0,264
2025-07-15,SKU036,0.0,111,12.0,264
2025-07-16,SKU036,0.0,71,12.0,264
2025-07-17,SKU036,0.0,119,12.0,264
2025-07-18,SKU036,0.0,19,12.0,264
2025-07-19,SKU036,0.0,112,12.0,264
2025-07-20,SKU036,0.0,86,12.0,264
2025-07-21,SKU036,0.0,65,12.0,264
2025-07-22,SKU036,0.0,43,12.0,264
2025-07-23,SKU036,0.0,69,12.0,264
2025-07-24,SKU036,40.0,0,12.0,264
2025-07-25,SKU036,1.0,38,12.0,264
2025-07-26,SKU036,0.0,103,12.0,264
2025-07-27,SKU036,0.0,105,12.0,264
2025-07-28,SKU036,0.0,83,12.0,264
2025-07-29,SKU036,0.0,69,12.0,264
2025-07-30,SKU036,0.0,111,12.0,264
2025-07-31,SKU036,0.0,53,12.0,264
2025-08-01,SKU036,0.0,81,12.0,264
2025-08-02,SKU036,0.0,62,12.0,264
2025-08-03,SKU036,0.0,48,12.0,264
2025-08-04,SKU036,0.0,113,12.0,264
2025-08-05,SKU036,0.0,42,12.0,264
2025-08-06,SKU036,0.0,82,12.0,264
2025-08-07,SKU036,0.0,44,12.0,264
2025-08-08,SKU036,0.0,79,12.0,264
2025-08-09,SKU036,0.0,95,12.0,264
2025-08-10,SKU036,0.0,63,12.0,264
2025-08-11,SKU036,0.0,61,12.0,264
2025-08-12,SKU036,29.0,0,12.0,264
2025-08-13,SKU036,0.0,72,12.0,264
2025-08-14,SKU036,0.0,69,12.0,264
2025-08-15,SKU036,0.0,32,12.0,264
2025-08-16,SKU036,0.0,78,12.0,264
2025-08-17,SKU036,0.0,95,12.0,264
2025-08-18,SKU036,0.0,92,12.0,264
2025-08-19,SKU036,0.0,85,12.0,264
2025-08-20,SKU036,0.0,57,12.0,264
2025-08-21,SKU036,0.0,71,12.0,264
2025-08-22,SKU036,0.0,98,12.0,264
2025-08-23,SKU036,0.0,29,12.0,264
2025-08-24,SKU036,34.0,0,12.0,264
2025-08-25,SKU036,2.0,64,12.0,264
2025-08-26,SKU036,0.0,82,12.0,264
2025-08-27,SKU036,0.0,91,12.0,264
2025-08-28,SKU036,0.0,38,12.0,264
2025-08-29,SKU036,0.0,34,12.0,264
2025-08-30,SKU036,0.0,31,12.0,264
2025-08-31,SKU036,0.0,82,12.0,264
2025-09-01,SKU036,0.0,78,12.0,264
2025-09-02,SKU036,0.0,34,12.0,264
2025-09-03,SKU036,0.0,78,12.0,264
2025-09-04,SKU036,0.0,98,12.0,264
2025-09-05,SKU036,0.0,31,12.0,264
2025-09-06,SKU036,0.0,37,12.0,264
2025-09-07,SKU036,0.0,38,12.0,264
2025-09-08,SKU036,0.0,85,12.0,264
2025-09-09,SKU036,0.0,110,12.0,264
2025-09-10,SKU036,0.0,20,12.0,264
2025-09-11,SKU036,0.0,106,12.0,264
2025-09-12,SKU036,24.0,0,12.0,264
2025-09-13,SKU036,0.0,103,12.0,264
2025-09-14,SKU036,0.0,103,12.0,264
2025-09-15,SKU036,0.0,83,12.0,264
2025-09-16,SKU036,0.0,40,12.0,264
2025-09-17,SKU036,0.0,18,12.0,264
2025-09-18,SKU036,0.0,33,12.0,264
2025-09-19,SKU036,0.0,49,12.0,264
2025-09-20,SKU036,0.0,97,12.0,264
2025-09-21,SKU036,0.0,90,12.0,264
2025-09-22,SKU036,0.0,70,12.0,264
2025-09-23,SKU036,0.0,18,12.0,264
2025-09-24,SKU036,0.0,0,12.0,264
2025-09-25,SKU036,0.0,113,12.0,264
2025-09-26,SKU036,0.0,91,12.0,264
2025-09-27,SKU036,0.0,112,12.0,264
2025-09-28,SKU036,0.0,72,12.0,264
2025-09-29,SKU036,0.0,21,12.0,264
2025-09-30,SKU036,0.0,98,12.0,264
2025-10-01,SKU036,0.0,120,12.0,264
2025-10-02,SKU036,0.0,69,12.0,264
2025-10-03,SKU036,0.0,24,12.0,264
2025-10-04,SKU036,0.0,83,12.0,264
2025-10-05,SKU036,0.0,95,12.0,264
2025-10-06,SKU036,0.0,103,12.0,264
2025-10-07,SKU036,0.0,94,12.0,264
2025-10-08,SKU036,0.0,119,12.0,264
2025-10-09,SKU036,0.0,55,12.0,264
2025-10-10,SKU036,0.0,93,12.0,264
2025-10-11,SKU036,0.0,91,12.0,264
2025-10-12,SKU036,23.0,0,12.0,264
2025-10-13,SKU036,0.0,109,12.0,264
2025-10-14,SKU036,0.0,40,12.0,264
2025-10-15,SKU036,0.0,87,12.0,264
2025-10-16,SKU036,0.0,58,12.0,264
2025-10-17,SKU036,0.0,44,12.0,264
2025-10-18,SKU036,0.0,27,12.0,264
2025-10-19,SKU036,0.0,15,12.0,264
2025-10-20,SKU036,0.0,38,12.0,264
2025-10-21,SKU036,0.0,91,12.0,264
2025-10-22,SKU036,0.0,65,12.0,264
2025-10-23,SKU036,0.0,96,12.0,264
2025-10-24,SKU036,78.0,0,12.0,264
2025-10-25,SKU036,37.0,31,12.0,264
2025-10-26,SKU036,9.0,51,12.0,264
2025-10-27,SKU036,0.0,37,12.0,264
2025-10-28,SKU036,0.0,77,12.0,264
2025-10-29,SKU036,0.0,96,12.0,264
2025-10-30,SKU036,0.0,37,12.0,264
2025-10-31,SKU036,0.0,99,12.0,264
2025-11-01,SKU036,0.0,19,12.0,264
2025-11-02,SKU036,0.0,83,12.0,264
2025-11-03,SKU036,0.0,105,12.0,264
2025-11-04,SKU036,0.0,112,12.0,264
2025-11-05,SKU036,0.0,52,12.0,264
2025-11-06,SKU036,0.0,26,12.0,264
2025-11-07,SKU036,0.0,68,12.0,264
2025-11-08,SKU036,0.0,64,12.0,264
2025-11-09,SKU036,0.0,81,12.0,264
2025-11-10,SKU036,0.0,76,12.0,264
2025-11-11,SKU036,0.0,36,12.0,264
2025-11-12,SKU036,0.0,0,12.0,264
2025-11-13,SKU036,0.0,118,12.0,264
2025-11-14,SKU036,0.0,58,12.0,264
2025-11-15,SKU036,0.0,76,12.0,264
2025-11-16,SKU036,0.0,19,12.0,264
2025-11-17,SKU036,0.0,33,12.0,264
2025-11-18,SKU036,0.0,67,12.0,264
2025-11-19,SKU036,0.0,63,12.0,264
2025-11-20,SKU036,0.0,41,12.0,264
2025-11-21,SKU036,0.0,100,12.0,264
2025-11-22,SKU036,0.0,111,12.0,264
2025-11-23,SKU036,0.0,46,12.0,264
2025-11-24,SKU036,47.0,0,12.0,264
2025-11-25,SKU036,0.0,32,12.0,264
2025-11-26,SKU036,0.0,26,12.0,264
2025-11-27,SKU036,0.0,34,12.0,264
2025-11-28,SKU036,0.0,30,12.0,264
2025-11-29,SKU036,0.0,67,12.0,264
2025-11-30,SKU036,0.0,37,12.0,264
2025-12-01,SKU036,0.0,42,12.0,264
2025-12-02,SKU036,0.0,38,12.0,264
2025-12-03,SKU036,0.0,83,12.0,264
2025-12-04,SKU036,0.0,113,12.0,264
2025-12-05,SKU036,0.0,44,12.0,264
2025-12-06,SKU036,0.0,41,12.0,264
2025-12-07,SKU036,0.0,28,12.0,264
2025-12-08,SKU036,0.0,119,12.0,264
2025-12-09,SKU036,0.0,102,12.0,264
2025-12-10,SKU036,0.0,53,12.0,264
2025-12-11,SKU036,0.0,17,12.0,264
2025-12-12,SKU036,20.0,0,12.0,264
2025-12-13,SKU036,0.0,35,12.0,264
2025-12-14,SKU036,0.0,16,12.0,264
2025-12-15,SKU036,0.0,56,12.0,264
2025-12-16,SKU036,0.0,85,12.0,264
2025-12-17,SKU036,0.0,98,12.0,264
2025-12-18,SKU036,0.0,42,12.0,264
2025-12-19,SKU036,0.0,66,12.0,264
2025-12-20,SKU036,0.0,92,12.0,264
2025-12-21,SKU036,0.0,120,12.0,264
2025-12-22,SKU036,0.0,112,12.0,264
2025-12-23,SKU036,0.0,48,12.0,264
2025-12-24,SKU036,15.0,0,12.0,264
2025-12-25,SKU036,0.0,113,12.0,264
2025-12-26,SKU036,0.0,74,12.0,264
2025-12-27,SKU036,0.0,16,12.0,264
2025-12-28,SKU036,0.0,91,12.0,264
2025-12-29,SKU036,0.0,64,12.0,264
2025-12-30,SKU036,0.0,95,12.0,264
2025-12-31,SKU036,0.0,112,12.0,264
2026-01-01,SKU036,0.0,54,12.0,264
2026-01-02,SKU036,0.0,64,12.0,264
2026-01-03,SKU036,0.0,61,12.0,264
2026-01-04,SKU036,0.0,56,12.0,264
2026-01-05,SKU036,0.0,66,12.0,264
2026-01-06,SKU036,0.0,81,12.0,264
2026-01-07,SKU036,0.0,16,12.0,264
2026-01-08,SKU036,0.0,107,12.0,264
2026-01-09,SKU036,0.0,107,12.0,264
2026-01-10,SKU036,0.0,34,12.0,264
2026-01-11,SKU036,0.0,27,12.0,264
2026-01-12,SKU036,66.0,0,12.0,264
2026-01-13,SKU036,31.0,116,12.0,264
2026-01-14,SKU036,4.0,30,12.0,264
2026-01-15,SKU036,0.0,102,12.0,264
2026-01-16,SKU036,0.0,116,12.0,264
2026-01-17,SKU036,0.0,102,12.0,264
2026-01-18,SKU036,0.0,73,12.0,264
2026-01-19,SKU036,0.0,112,12.0,264
2026-01-20,SKU036,0.0,16,12.0,264
2026-01-21,SKU036,0.0,106,12.0,264
2026-01-22,SKU036,0.0,88,12.0,264
2026-01-23,SKU036,0.0,56,12.0,264
2026-01-24,SKU036,54.0,0,12.0,264
2026-01-25,SKU036,13.0,93,12.0,264
2026-01-26,SKU036,0.0,99,12.0,264
2026-01-27,SKU036,0.0,45,12.0,264
2026-01-28,SKU036,0.0,76,12.0,264
2026-01-29,SKU036,0.0,53,12.0,264
2026-01-30,SKU036,0.0,84,12.0,264
2026-01-31,SKU036,0.0,93,12.0,264
2026-02-01,SKU036,0.0,83,12.0,264
2026-02-02,SKU036,0.0,108,12.0,264
2026-02-03,SKU036,0.0,28,12.0,264
2026-02-04,SKU036,0.0,73,12.0,264
2026-02-05,SKU036,0.0,72,12.0,264
2026-02-06,SKU036,0.0,94,12.0,264
2026-02-07,SKU036,0.0,66,12.0,264
2026-02-08,SKU036,0.0,42,12.0,264
2026-02-09,SKU036,0.0,42,12.0,264
2026-02-10,SKU036,0.0,50,12.0,264
2026-02-11,SKU036,0.0,59,12.0,264
2026-02-12,SKU036,60.0,0,12.0,264
2026-02-13,SKU036,16.0,59,12.0,264
2026-02-14,SKU036,0.0,38,12.0,264
2026-02-15,SKU036,0.0,29,12.0,264
2026-02-16,SKU036,0.0,89,12.0,264
2026-02-17,SKU036,0.0,26,12.0,264
2026-02-18,SKU036,0.0,46,12.0,264
2026-02-19,SKU036,0.0,37,12.0,264
2026-02-20,SKU036,0.0,24,12.0,264
2026-02-21,SKU036,0.0,109,12.0,264
2026-02-22,SKU036,0.0,22,12.0,264
2026-02-23,SKU036,0.0,40,12.0,264
2026-02-24,SKU036,5.0,0,12.0,264
2026-02-25,SKU036,0.0,105,12.0,264
2026-02-26,SKU036,0.0,110,12.0,264
2026-02-27,SKU036,0.0,73,12.0,264
2026-02-28,SKU036,0.0,89,12.0,264
2026-03-01,SKU036,0.0,104,12.0,264
2026-03-02,SKU036,0.0,47,12.0,264
2026-03-03,SKU036,0.0,70,12.0,264
2026-03-04,SKU036,0.0,15,12.0,264
2026-03-05,SKU036,0.0,41,12.0,264
2026-03-06,SKU036,0.0,70,12.0,264
2026-03-07,SKU036,0.0,50,12.0,264
2026-03-08,SKU036,0.0,30,12.0,264
2026-03-09,SKU036,0.0,25,12.0,264
2026-03-10,SKU036,0.0,105,12.0,264
2026-03-11,SKU036,0.0,94,12.0,264
2026-03-12,SKU036,68.0,0,12.0,264
2026-03-13,SKU036,32.0,87,12.0,264
2026-03-14,SKU036,0.0,33,12.0,264
2026-03-15,SKU036,0.0,93,12.0,264
2026-03-16,SKU036,0.0,74,12.0,264
2026-03-17,SKU036,0.0,16,12.0,264
2026-03-18,SKU036,0.0,20,12.0,264
2026-03-19,SKU036,0.0,38,12.0,264
2026-03-20,SKU036,0.0,98,12.0,264
2026-03-21,SKU036,0.0,78,12.0,264
2026-03-22,SKU036,0.0,78,12.0,264
2026-03-23,SKU036,0.0,119,12.0,264
2026-03-24,SKU036,10.0,0,12.0,264
2026-03-25,SKU036,0.0,63,12.0,264
2026-03-26,SKU036,,64,12.0,264
2026-03-27,SKU036,0.0,48,12.0,264
2026-03-28,SKU036,0.0,38,12.0,264
2026-03-29,SKU036,0.0,22,12.0,264
2026-03-30,SKU036,0.0,48,12.0,264
2026-03-31,SKU036,0.0,27,12.0,264
2026-04-01,SKU036,0.0,30,12.0,264
2026-04-02,SKU036,0.0,76,12.0,264
2026-04-03,SKU036,0.0,38,12.0,264
2026-04-04,SKU036,0.0,32,12.0,264
2026-04-05,SKU036,0.0,71,12.0,264
2026-04-06,SKU036,0.0,16,12.0,264
2026-04-07,SKU036,0.0,76,12.0,264
2026-04-08,SKU036,0.0,56,12.0,264
2026-04-09,SKU036,0.0,45,12.0,264
2026-04-10,SKU036,0.0,21,12.0,264
2026-04-11,SKU036,0.0,40,12.0,264
2026-04-12,SKU036,55.0,0,12.0,264
2026-04-13,SKU036,30.0,59,12.0,264
2026-04-14,SKU036,0.0,83,12.0,264
2026-04-15,SKU036,0.0,104,12.0,264
2026-04-16,SKU036,0.0,104,12.0,264
2026-04-17,SKU036,0.0,101,12.0,264
2026-04-18,SKU036,0.0,30,12.0,264
2026-04-19,SKU036,0.0,89,12.0,264
2026-04-20,SKU036,0.0,34,12.0,264
2026-04-21,SKU036,0.0,83,12.0,264
2026-04-22,SKU036,0.0,60,12.0,264
2026-04-23,SKU036,0.0,114,12.0,264
2026-04-24,SKU036,14.0,0,12.0,264
2026-04-25,SKU036,0.0,101,12.0,264
2026-04-26,SKU036,0.0,38,12.0,264
2026-04-27,SKU036,0.0,17,12.0,264
2026-04-28,SKU036,0.0,95,12.0,264
2026-04-29,SKU036,0.0,90,12.0,264
2026-04-30,SKU036,0.0,35,12.0,264
2026-05-01,SKU036,0.0,37,12.0,264
2026-05-02,SKU036,0.0,110,12.0,264
2026-05-03,SKU036,0.0,61,12.0,264
2026-05-04,SKU036,0.0,75,12.0,264
2026-05-05,SKU036,0.0,27,12.0,264
2026-05-06,SKU036,0.0,26,12.0,264
2026-05-07,SKU036,0.0,95,12.0,264
2026-05-08,SKU036,0.0,48,12.0,264
2026-05-09,SKU036,0.0,93,12.0,264
2026-05-10,SKU036,0.0,25,12.0,264
2026-05-11,SKU036,0.0,16,12.0,264
2026-05-12,SKU036,27.0,0,12.0,264
2026-05-13,SKU036,0.0,56,12.0,264
2026-05-14,SKU036,0.0,117,12.0,264
2026-05-15,SKU036,0.0,18,12.0,264
2026-05-16,SKU036,0.0,80,12.0,264
2026-05-17,SKU036,0.0,102,12.0,264
2026-05-18,SKU036,0.0,52,12.0,264
2026-05-19,SKU036,0.0,87,12.0,264
2026-05-20,SKU036,0.0,98,12.0,264
2026-05-21,SKU036,0.0,46,12.0,264
2026-05-22,SKU036,0.0,99,12.0,264
2026-05-23,SKU036,0.0,118,12.0,264
2026-05-24,SKU036,10.0,0,12.0,264
2026-05-25,SKU036,0.0,35,12.0,264
2026-05-26,SKU036,0.0,112,12.0,264
2026-05-27,SKU036,0.0,17,12.0,264
2026-05-28,SKU036,0.0,29,12.0,264
2026-05-29,SKU036,0.0,56,12.0,264
2026-05-30,SKU036,0.0,87,12.0,264
2026-05-31,SKU036,0.0,113,12.0,264
2026-06-01,SKU036,0.0,72,12.0,264
2026-06-02,SKU036,0.0,98,12.0,264
2026-06-03,SKU036,0.0,43,12.0,264
2026-06-04,SKU036,0.0,88,12.0,264
2026-06-05,SKU036,0.0,42,12.0,264
2026-06-06,SKU036,0.0,106,12.0,264
2026-06-07,SKU036,0.0,53,12.0,264
2026-06-08,SKU036,0.0,92,12.0,264
2026-06-09,SKU036,0.0,56,12.0,264
2026-06-10,SKU036,0.0,76,12.0,264
2026-06-11,SKU036,0.0,82,12.0,264
2026-06-12,SKU036,0.0,0,12.0,264
2026-06-13,SKU036,0.0,46,12.0,264
2026-06-14,SKU036,0.0,42,12.0,264
2026-06-15,SKU036,0.0,61,12.0,264
2026-06-16,SKU036,0.0,20,12.0,264
2026-06-17,SKU036,0.0,120,12.0,264
2026-06-18,SKU036,0.0,45,12.0,264
2026-06-19,SKU036,0.0,61,12.0,264
2026-06-20,SKU036,0.0,44,12.0,264
2026-06-21,SKU036,0.0,56,12.0,264
2026-06-22,SKU036,0.0,111,12.0,264
2026-06-23,SKU036,0.0,88,12.0,264
2026-06-24,SKU036,22.0,0,12.0,264
2026-06-25,SKU036,0.0,87,12.0,264
2026-06-26,SKU036,0.0,67,12.0,264
2026-06-27,SKU036,0.0,36,12.0,264
2026-06-28,SKU036,0.0,46,12.0,264
2026-06-29,SKU036,0.0,66,12.0,264
2026-06-30,SKU036,0.0,93,12.0,264
2025-01-01,SKU037,83.0,19,14.0,201
2025-01-02,SKU037,83.0,55,14.0,201
2025-01-03,SKU037,83.0,25,14.0,201
2025-01-04,SKU037,83.0,34,14.0,201
2025-01-05,SKU037,83.0,38,14.0,201
2025-01-06,SKU037,83.0,39,14.0,201
2025-01-07,SKU037,83.0,48,14.0,201
2025-01-08,SKU037,83.0,17,14.0,201
2025-01-09,SKU037,83.0,66,14.0,201
2025-01-10,SKU037,83.0,47,14.0,201
2025-01-11,SKU037,83.0,47,14.0,201
2025-01-12,SKU037,83.0,29,14.0,201
2025-01-13,SKU037,83.0,10,14.0,201
2025-01-14,SKU037,135.0,0,14.0,201
2025-01-15,SKU037,135.0,43,14.0,201
2025-01-16,SKU037,135.0,37,14.0,201
2025-01-17,SKU037,135.0,47,14.0,201
2025-01-18,SKU037,135.0,59,14.0,201
2025-01-19,SKU037,135.0,47,14.0,201
2025-01-20,SKU037,135.0,39,14.0,201
2025-01-21,SKU037,135.0,78,14.0,201
2025-01-22,SKU037,135.0,50,14.0,201
2025-01-23,SKU037,135.0,28,14.0,201
2025-01-24,SKU037,135.0,25,14.0,201
2025-01-25,SKU037,135.0,42,14.0,201
2025-01-26,SKU037,135.0,19,14.0,201
2025-01-27,SKU037,135.0,11,14.0,201
2025-01-28,SKU037,183.0,0,14.0,201
2025-01-29,SKU037,183.0,38,14.0,201
2025-01-30,SKU037,183.0,66,14.0,201
2025-01-31,SKU037,183.0,10,14.0,201
2025-02-01,SKU037,183.0,59,14.0,201
2025-02-02,SKU037,183.0,59,14.0,201
2025-02-03,SKU037,183.0,68,14.0,201
2025-02-04,SKU037,183.0,66,14.0,201
2025-02-05,SKU037,183.0,77,14.0,201
2025-02-06,SKU037,183.0,18,14.0,201
2025-02-07,SKU037,183.0,33,14.0,201
2025-02-08,SKU037,183.0,76,14.0,201
2025-02-09,SKU037,183.0,67,14.0,201
2025-02-10,SKU037,183.0,66,14.0,201
2025-02-11,SKU037,183.0,49,14.0,201
2025-02-12,SKU037,183.0,75,14.0,201
2025-02-13,SKU037,183.0,40,14.0,201
2025-02-14,SKU037,216.0,0,14.0,201
2025-02-15,SKU037,216.0,78,14.0,201
2025-02-16,SKU037,216.0,33,14.0,201
2025-02-17,SKU037,216.0,72,14.0,201
2025-02-18,SKU037,216.0,36,14.0,201
2025-02-19,SKU037,216.0,60,14.0,201
2025-02-20,SKU037,216.0,43,14.0,201
2025-02-21,SKU037,216.0,51,14.0,201
2025-02-22,SKU037,216.0,72,14.0,201
2025-02-23,SKU037,216.0,60,14.0,201
2025-02-24,SKU037,216.0,65,14.0,201
2025-02-25,SKU037,216.0,41,14.0,201
2025-02-26,SKU037,216.0,16,14.0,201
2025-02-27,SKU037,216.0,73,14.0,201
2025-02-28,SKU037,293.0,0,14.0,201
2025-03-01,SKU037,293.0,29,14.0,201
2025-03-02,SKU037,293.0,70,14.0,201
2025-03-03,SKU037,293.0,48,14.0,201
2025-03-04,SKU037,293.0,34,14.0,201
2025-03-05,SKU037,293.0,11,14.0,201
2025-03-06,SKU037,293.0,65,14.0,201
2025-03-07,SKU037,293.0,78,14.0,201
2025-03-08,SKU037,293.0,24,14.0,201
2025-03-09,SKU037,293.0,10,14.0,201
2025-03-10,SKU037,293.0,32,14.0,201
2025-03-11,SKU037,293.0,73,14.0,201
2025-03-12,SKU037,293.0,70,14.0,201
2025-03-13,SKU037,293.0,40,14.0,201
2025-03-14,SKU037,359.0,0,14.0,201
2025-03-15,SKU037,359.0,30,14.0,201
2025-03-16,SKU037,359.0,49,14.0,201
2025-03-17,SKU037,359.0,56,14.0,201
2025-03-18,SKU037,359.0,17,14.0,201
2025-03-19,SKU037,359.0,20,14.0,201
2025-03-20,SKU037,359.0,15,14.0,201
2025-03-21,SKU037,359.0,79,14.0,201
2025-03-22,SKU037,359.0,36,14.0,201
2025-03-23,SKU037,359.0,31,14.0,201
2025-03-24,SKU037,359.0,33,14.0,201
2025-03-25,SKU037,359.0,77,14.0,201
2025-03-26,SKU037,359.0,11,14.0,201
2025-03-27,SKU037,359.0,74,14.0,201
2025-03-28,SKU037,408.0,0,14.0,201
2025-03-29,SKU037,408.0,47,14.0,201
2025-03-30,SKU037,408.0,33,14.0,201
2025-03-31,SKU037,408.0,11,14.0,201
2025-04-01,SKU037,408.0,68,14.0,201
2025-04-02,SKU037,408.0,46,14.0,201
2025-04-03,SKU037,408.0,10,14.0,201
2025-04-04,SKU037,408.0,58,14.0,201
2025-04-05,SKU037,408.0,39,14.0,201
2025-04-06,SKU037,408.0,37,14.0,201
2025-04-07,SKU037,408.0,14,14.0,201
2025-04-08,SKU037,408.0,56,14.0,201
2025-04-09,SKU037,408.0,54,14.0,201
2025-04-10,SKU037,408.0,77,14.0,201
2025-04-11,SKU037,408.0,17,14.0,201
2025-04-12,SKU037,408.0,75,14.0,201
2025-04-13,SKU037,408.0,43,14.0,201
2025-04-14,SKU037,391.0,0,14.0,201
2025-04-15,SKU037,370.0,62,14.0,201
2025-04-16,SKU037,347.0,38,14.0,201
2025-04-17,SKU037,317.0,16,14.0,201
2025-04-18,SKU037,285.0,18,14.0,201
2025-04-19,SKU037,259.0,76,14.0,201
2025-04-20,SKU037,240.0,55,14.0,201
2025-04-21,SKU037,226.0,76,14.0,201
2025-04-22,SKU037,217.0,63,14.0,201
2025-04-23,SKU037,185.0,53,14.0,201
2025-04-24,SKU037,157.0,18,14.0,201
2025-04-25,SKU037,133.0,41,14.0,201
2025-04-26,SKU037,109.0,26,14.0,201
2025-04-27,SKU037,88.0,21,14.0,201
2025-04-28,SKU037,110.0,0,14.0,201
2025-04-29,SKU037,83.0,31,14.0,201
2025-04-30,SKU037,69.0,76,14.0,201
2025-05-01,SKU037,35.0,11,14.0,201
2025-05-02,SKU037,9.0,11,14.0,201
2025-05-03,SKU037,0.0,53,14.0,201
2025-05-04,SKU037,0.0,16,14.0,201
2025-05-05,SKU037,0.0,48,14.0,201
2025-05-06,SKU037,0.0,66,14.0,201
2025-05-07,SKU037,0.0,18,14.0,201
2025-05-08,SKU037,0.0,14,14.0,201
2025-05-09,SKU037,0.0,76,14.0,201
2025-05-10,SKU037,0.0,69,14.0,201
2025-05-11,SKU037,0.0,27,14.0,201
2025-05-12,SKU037,0.0,43,14.0,201
2025-05-13,SKU037,0.0,20,14.0,201
2025-05-14,SKU037,46.0,0,14.0,201
2025-05-15,SKU037,15.0,23,14.0,201
2025-05-16,SKU037,0.0,67,14.0,201
2025-05-17,SKU037,0.0,27,14.0,201
2025-05-18,SKU037,0.0,17,14.0,201
2025-05-19,SKU037,0.0,24,14.0,201
2025-05-20,SKU037,0.0,47,14.0,201
2025-05-21,SKU037,0.0,71,14.0,201
2025-05-22,SKU037,0.0,12,14.0,201
2025-05-23,SKU037,0.0,19,14.0,201
2025-05-24,SKU037,0.0,48,14.0,201
2025-05-25,SKU037,0.0,16,14.0,201
2025-05-26,SKU037,0.0,34,14.0,201
2025-05-27,SKU037,0.0,35,14.0,201
2025-05-28,SKU037,24.0,0,14.0,201
2025-05-29,SKU037,13.0,59,14.0,201
2025-05-30,SKU037,0.0,27,14.0,201
2025-05-31,SKU037,0.0,32,14.0,201
2025-06-01,SKU037,0.0,39,14.0,201
2025-06-02,SKU037,0.0,37,14.0,201
2025-06-03,SKU037,0.0,59,14.0,201
2025-06-04,SKU037,0.0,13,14.0,201
2025-06-05,SKU037,0.0,20,14.0,201
2025-06-06,SKU037,0.0,19,14.0,201
2025-06-07,SKU037,0.0,47,14.0,201
2025-06-08,SKU037,0.0,15,14.0,201
2025-06-09,SKU037,0.0,15,14.0,201
2025-06-10,SKU037,0.0,64,14.0,201
2025-06-11,SKU037,0.0,78,14.0,201
2025-06-12,SKU037,0.0,12,14.0,201
2025-06-13,SKU037,0.0,21,14.0,201
2025-06-14,SKU037,15.0,0,14.0,201
2025-06-15,SKU037,0.0,72,14.0,201
2025-06-16,SKU037,0.0,44,14.0,201
2025-06-17,SKU037,0.0,36,14.0,201
2025-06-18,SKU037,0.0,68,14.0,201
2025-06-19,SKU037,0.0,63,14.0,201
2025-06-20,SKU037,0.0,65,14.0,201
2025-06-21,SKU037,0.0,26,14.0,201
2025-06-22,SKU037,0.0,55,14.0,201
2025-06-23,SKU037,0.0,22,14.0,201
2025-06-24,SKU037,0.0,41,14.0,201
2025-06-25,SKU037,0.0,68,14.0,201
2025-06-26,SKU037,0.0,65,14.0,201
2025-06-27,SKU037,0.0,48,14.0,201
2025-06-28,SKU037,42.0,0,14.0,201
2025-06-29,SKU037,13.0,14,14.0,201
2025-06-30,SKU037,0.0,67,14.0,201
2025-07-01,SKU037,0.0,65,14.0,201
2025-07-02,SKU037,0.0,61,14.0,201
2025-07-03,SKU037,0.0,19,14.0,201
2025-07-04,SKU037,0.0,24,14.0,201
2025-07-05,SKU037,0.0,25,14.0,201
2025-07-06,SKU037,0.0,57,14.0,201
2025-07-07,SKU037,0.0,29,14.0,201
2025-07-08,SKU037,0.0,19,14.0,201
2025-07-09,SKU037,0.0,49,14.0,201
2025-07-10,SKU037,0.0,34,14.0,201
2025-07-11,SKU037,0.0,43,14.0,201
2025-07-12,SKU037,0.0,60,14.0,201
2025-07-13,SKU037,0.0,26,14.0,201
2025-07-14,SKU037,57.0,0,14.0,201
2025-07-15,SKU037,34.0,59,14.0,201
2025-07-16,SKU037,2.0,66,14.0,201
2025-07-17,SKU037,0.0,38,14.0,201
2025-07-18,SKU037,0.0,50,14.0,201
2025-07-19,SKU037,0.0,64,14.0,201
2025-07-20,SKU037,0.0,13,14.0,201
2025-07-21,SKU037,0.0,35,14.0,201
2025-07-22,SKU037,0.0,17,14.0,201
2025-07-23,SKU037,0.0,65,14.0,201
2025-07-24,SKU037,0.0,77,14.0,201
2025-07-25,SKU037,0.0,72,14.0,201
2025-07-26,SKU037,0.0,73,14.0,201
2025-07-27,SKU037,0.0,35,14.0,201
2025-07-28,SKU037,29.0,0,14.0,201
2025-07-29,SKU037,4.0,36,14.0,201
2025-07-30,SKU037,0.0,35,14.0,201
2025-07-31,SKU037,0.0,10,14.0,201
2025-08-01,SKU037,0.0,50,14.0,201
2025-08-02,SKU037,0.0,66,14.0,201
2025-08-03,SKU037,0.0,37,14.0,201
2025-08-04,SKU037,0.0,69,14.0,201
2025-08-05,SKU037,0.0,40,14.0,201
2025-08-06,SKU037,0.0,54,14.0,201
2025-08-07,SKU037,0.0,10,14.0,201
2025-08-08,SKU037,0.0,53,14.0,201
2025-08-09,SKU037,0.0,30,14.0,201
2025-08-10,SKU037,0.0,65,14.0,201
2025-08-11,SKU037,0.0,10,14.0,201
2025-08-12,SKU037,0.0,17,14.0,201
2025-08-13,SKU037,0.0,66,14.0,201
2025-08-14,SKU037,16.0,0,14.0,201
2025-08-15,SKU037,0.0,28,14.0,201
2025-08-16,SKU037,0.0,11,14.0,201
2025-08-17,SKU037,0.0,34,14.0,201
2025-08-18,SKU037,0.0,65,14.0,201
2025-08-19,SKU037,0.0,46,14.0,201
2025-08-20,SKU037,0.0,18,14.0,201
2025-08-21,SKU037,0.0,35,14.0,201
2025-08-22,SKU037,0.0,33,14.0,201
2025-08-23,SKU037,0.0,17,14.0,201
2025-08-24,SKU037,0.0,35,14.0,201
2025-08-25,SKU037,0.0,19,14.0,201
2025-08-26,SKU037,0.0,59,14.0,201
2025-08-27,SKU037,0.0,25,14.0,201
2025-08-28,SKU037,6.0,0,14.0,201
2025-08-29,SKU037,0.0,20,14.0,201
2025-08-30,SKU037,0.0,65,14.0,201
2025-08-31,SKU037,0.0,74,14.0,201
2025-09-01,SKU037,0.0,23,14.0,201
2025-09-02,SKU037,0.0,46,14.0,201
2025-09-03,SKU037,0.0,73,14.0,201
2025-09-04,SKU037,0.0,75,14.0,201
2025-09-05,SKU037,0.0,19,14.0,201
2025-09-06,SKU037,0.0,51,14.0,201
2025-09-07,SKU037,0.0,45,14.0,201
2025-09-08,SKU037,0.0,38,14.0,201
2025-09-09,SKU037,0.0,66,14.0,201
2025-09-10,SKU037,0.0,11,14.0,201
2025-09-11,SKU037,0.0,68,14.0,201
2025-09-12,SKU037,0.0,26,14.0,201
2025-09-13,SKU037,0.0,19,14.0,201
2025-09-14,SKU037,26.0,0,14.0,201
2025-09-15,SKU037,5.0,75,14.0,201
2025-09-16,SKU037,0.0,45,14.0,201
2025-09-17,SKU037,0.0,76,14.0,201
2025-09-18,SKU037,0.0,52,14.0,201
2025-09-19,SKU037,0.0,51,14.0,201
2025-09-20,SKU037,0.0,22,14.0,201
2025-09-21,SKU037,0.0,20,14.0,201
2025-09-22,SKU037,0.0,53,14.0,201
2025-09-23,SKU037,0.0,14,14.0,201
2025-09-24,SKU037,0.0,77,14.0,201
2025-09-25,SKU037,0.0,29,14.0,201
2025-09-26,SKU037,0.0,42,14.0,201
2025-09-27,SKU037,0.0,22,14.0,201
2025-09-28,SKU037,15.0,0,14.0,201
2025-09-29,SKU037,0.0,25,14.0,201
2025-09-30,SKU037,0.0,68,14.0,201
2025-10-01,SKU037,0.0,14,14.0,201
2025-10-02,SKU037,0.0,38,14.0,201
2025-10-03,SKU037,0.0,63,14.0,201
2025-10-04,SKU037,0.0,71,14.0,201
2025-10-05,SKU037,0.0,77,14.0,201
2025-10-06,SKU037,0.0,13,14.0,201
2025-10-07,SKU037,0.0,19,14.0,201
2025-10-08,SKU037,0.0,27,14.0,201
2025-10-09,SKU037,0.0,76,14.0,201
2025-10-10,SKU037,0.0,77,14.0,201
2025-10-11,SKU037,0.0,49,14.0,201
2025-10-12,SKU037,0.0,60,14.0,201
2025-10-13,SKU037,0.0,42,14.0,201
2025-10-14,SKU037,52.0,0,14.0,201
2025-10-15,SKU037,28.0,17,14.0,201
2025-10-16,SKU037,8.0,65,14.0,201
2025-10-17,SKU037,0.0,43,14.0,201
2025-10-18,SKU037,0.0,41,14.0,201
2025-10-19,SKU037,0.0,49,14.0,201
2025-10-20,SKU037,0.0,42,14.0,201
2025-10-21,SKU037,0.0,69,14.0,201
2025-10-22,SKU037,0.0,26,14.0,201
2025-10-23,SKU037,0.0,18,14.0,201
2025-10-24,SKU037,0.0,54,14.0,201
2025-10-25,SKU037,0.0,62,14.0,201
2025-10-26,SKU037,0.0,44,14.0,201
2025-10-27,SKU037,0.0,55,14.0,201
2025-10-28,SKU037,14.0,0,14.0,201
2025-10-29,SKU037,0.0,67,14.0,201
2025-10-30,SKU037,0.0,59,14.0,201
2025-10-31,SKU037,0.0,76,14.0,201
2025-11-01,SKU037,0.0,52,14.0,201
2025-11-02,SKU037,0.0,56,14.0,201
2025-11-03,SKU037,0.0,46,14.0,201
2025-11-04,SKU037,0.0,47,14.0,201
2025-11-05,SKU037,0.0,15,14.0,201
2025-11-06,SKU037,0.0,40,14.0,201
2025-11-07,SKU037,0.0,26,14.0,201
2025-11-08,SKU037,0.0,77,14.0,201
2025-11-09,SKU037,0.0,72,14.0,201
2025-11-10,SKU037,0.0,38,14.0,201
2025-11-11,SKU037,0.0,17,14.0,201
2025-11-12,SKU037,0.0,36,14.0,201
2025-11-13,SKU037,0.0,78,14.0,201
2025-11-14,SKU037,0.0,0,14.0,201
2025-11-15,SKU037,0.0,72,14.0,201
2025-11-16,SKU037,0.0,17,14.0,201
2025-11-17,SKU037,0.0,48,14.0,201
2025-11-18,SKU037,0.0,70,14.0,201
2025-11-19,SKU037,0.0,52,14.0,201
2025-11-20,SKU037,0.0,22,14.0,201
2025-11-21,SKU037,0.0,79,14.0,201
2025-11-22,SKU037,0.0,69,14.0,201
2025-11-23,SKU037,0.0,20,14.0,201
2025-11-24,SKU037,0.0,45,14.0,201
2025-11-25,SKU037,0.0,55,14.0,201
2025-11-26,SKU037,0.0,50,14.0,201
2025-11-27,SKU037,0.0,34,14.0,201
2025-11-28,SKU037,34.0,0,14.0,201
2025-11-29,SKU037,11.0,29,14.0,201
2025-11-30,SKU037,0.0,31,14.0,201
2025-12-01,SKU037,0.0,47,14.0,201
2025-12-02,SKU037,0.0,14,14.0,201
2025-12-03,SKU037,0.0,15,14.0,201
2025-12-04,SKU037,0.0,77,14.0,201
2025-12-05,SKU037,0.0,40,14.0,201
2025-12-06,SKU037,0.0,49,14.0,201
2025-12-07,SKU037,0.0,78,14.0,201
2025-12-08,SKU037,0.0,77,14.0,201
2025-12-09,SKU037,0.0,63,14.0,201
2025-12-10,SKU037,0.0,50,14.0,201
2025-12-11,SKU037,0.0,27,14.0,201
2025-12-12,SKU037,0.0,22,14.0,201
2025-12-13,SKU037,0.0,18,14.0,201
2025-12-14,SKU037,12.0,0,14.0,201
2025-12-15,SKU037,0.0,28,14.0,201
2025-12-16,SKU037,0.0,68,14.0,201
2025-12-17,SKU037,0.0,73,14.0,201
2025-12-18,SKU037,0.0,51,14.0,201
2025-12-19,SKU037,0.0,55,14.0,201
2025-12-20,SKU037,0.0,47,14.0,201
2025-12-21,SKU037,0.0,17,14.0,201
2025-12-22,SKU037,0.0,69,14.0,201
2025-12-23,SKU037,0.0,12,14.0,201
2025-12-24,SKU037,0.0,56,14.0,201
2025-12-25,SKU037,0.0,21,14.0,201
2025-12-26,SKU037,0.0,64,14.0,201
2025-12-27,SKU037,0.0,55,14.0,201
2025-12-28,SKU037,0.0,0,14.0,201
2025-12-29,SKU037,0.0,63,14.0,201
2025-12-30,SKU037,0.0,64,14.0,201
2025-12-31,SKU037,0.0,44,14.0,201
2026-01-01,SKU037,0.0,48,14.0,201
2026-01-02,SKU037,0.0,17,14.0,201
2026-01-03,SKU037,0.0,39,14.0,201
2026-01-04,SKU037,0.0,55,14.0,201
2026-01-05,SKU037,0.0,14,14.0,201
2026-01-06,SKU037,0.0,34,14.0,201
2026-01-07,SKU037,0.0,41,14.0,201
2026-01-08,SKU037,0.0,59,14.0,201
2026-01-09,SKU037,0.0,35,14.0,201
2026-01-10,SKU037,0.0,74,14.0,201
2026-01-11,SKU037,0.0,65,14.0,201
2026-01-12,SKU037,0.0,44,14.0,201
2026-01-13,SKU037,0.0,59,14.0,201
2026-01-14,SKU037,8.0,0,14.0,201
2026-01-15,SKU037,0.0,44,14.0,201
2026-01-16,SKU037,0.0,49,14.0,201
2026-01-17,SKU037,0.0,29,14.0,201
2026-01-18,SKU037,0.0,68,14.0,201
2026-01-19,SKU037,0.0,48,14.0,201
2026-01-20,SKU037,0.0,42,14.0,201
2026-01-21,SKU037,0.0,31,14.0,201
2026-01-22,SKU037,0.0,71,14.0,201
2026-01-23,SKU037,0.0,31,14.0,201
2026-01-24,SKU037,0.0,18,14.0,201
2026-01-25,SKU037,0.0,15,14.0,201
2026-01-26,SKU037,0.0,69,14.0,201
2026-01-27,SKU037,0.0,32,14.0,201
2026-01-28,SKU037,27.0,0,14.0,201
2026-01-29,SKU037,1.0,78,14.0,201
2026-01-30,SKU037,0.0,28,14.0,201
2026-01-31,SKU037,,53,14.0,201
2026-02-01,SKU037,0.0,47,14.0,201
2026-02-02,SKU037,0.0,14,14.0,201
2026-02-03,SKU037,0.0,33,14.0,201
2026-02-04,SKU037,0.0,18,14.0,201
2026-02-05,SKU037,0.0,26,14.0,201
2026-02-06,SKU037,0.0,69,14.0,201
2026-02-07,SKU037,0.0,32,14.0,201
2026-02-08,SKU037,0.0,11,14.0,201
2026-02-09,SKU037,0.0,71,14.0,201
2026-02-10,SKU037,0.0,74,14.0,201
2026-02-11,SKU037,0.0,47,14.0,201
2026-02-12,SKU037,0.0,34,14.0,201
2026-02-13,SKU037,0.0,66,14.0,201
2026-02-14,SKU037,0.0,0,14.0,201
2026-02-15,SKU037,0.0,52,14.0,201
2026-02-16,SKU037,0.0,20,14.0,201
2026-02-17,SKU037,0.0,69,14.0,201
2026-02-18,SKU037,0.0,63,14.0,201
2026-02-19,SKU037,0.0,72,14.0,201
2026-02-20,SKU037,0.0,77,14.0,201
2026-02-21,SKU037,0.0,65,14.0,201
2026-02-22,SKU037,0.0,28,14.0,201
2026-02-23,SKU037,0.0,52,14.0,201
2026-02-24,SKU037,0.0,75,14.0,201
2026-02-25,SKU037,0.0,23,14.0,201
2026-02-26,SKU037,0.0,23,14.0,201
2026-02-27,SKU037,0.0,61,14.0,201
2026-02-28,SKU037,8.0,0,14.0,201
2026-03-01,SKU037,0.0,41,14.0,201
2026-03-02,SKU037,0.0,16,14.0,201
2026-03-03,SKU037,0.0,62,14.0,201
2026-03-04,SKU037,0.0,33,14.0,201
2026-03-05,SKU037,0.0,73,14.0,201
2026-03-06,SKU037,0.0,51,14.0,201
2026-03-07,SKU037,0.0,62,14.0,201
2026-03-08,SKU037,0.0,22,14.0,201
2026-03-09,SKU037,0.0,56,14.0,201
2026-03-10,SKU037,0.0,77,14.0,201
2026-03-11,SKU037,0.0,25,14.0,201
2026-03-12,SKU037,0.0,61,14.0,201
2026-03-13,SKU037,0.0,38,14.0,201
2026-03-14,SKU037,0.0,0,14.0,201
2026-03-15,SKU037,0.0,72,14.0,201
2026-03-16,SKU037,0.0,40,14.0,201
2026-03-17,SKU037,0.0,34,14.0,201
2026-03-18,SKU037,0.0,64,14.0,201
2026-03-19,SKU037,0.0,10,14.0,201
2026-03-20,SKU037,0.0,50,14.0,201
2026-03-21,SKU037,0.0,13,14.0,201
2026-03-22,SKU037,0.0,75,14.0,201
2026-03-23,SKU037,0.0,72,14.0,201
2026-03-24,SKU037,0.0,54,14.0,201
2026-03-25,SKU037,0.0,46,14.0,201
2026-03-26,SKU037,0.0,64,14.0,201
2026-03-27,SKU037,0.0,58,14.0,201
2026-03-28,SKU037,10.0,0,14.0,201
2026-03-29,SKU037,0.0,21,14.0,201
2026-03-30,SKU037,0.0,68,14.0,201
2026-03-31,SKU037,0.0,57,14.0,201
2026-04-01,SKU037,0.0,31,14.0,201
2026-04-02,SKU037,0.0,40,14.0,201
2026-04-03,SKU037,0.0,60,14.0,201
2026-04-04,SKU037,0.0,54,14.0,201
2026-04-05,SKU037,0.0,73,14.0,201
2026-04-06,SKU037,0.0,11,14.0,201
2026-04-07,SKU037,0.0,53,14.0,201
2026-04-08,SKU037,0.0,36,14.0,201
2026-04-09,SKU037,0.0,30,14.0,201
2026-04-10,SKU037,0.0,72,14.0,201
2026-04-11,SKU037,0.0,39,14.0,201
2026-04-12,SKU037,0.0,39,14.0,201
2026-04-13,SKU037,0.0,29,14.0,201
2026-04-14,SKU037,31.0,0,14.0,201
2026-04-15,SKU037,9.0,40,14.0,201
2026-04-16,SKU037,0.0,37,14.0,201
2026-04-17,SKU037,0.0,58,14.0,201
2026-04-18,SKU037,0.0,52,14.0,201
2026-04-19,SKU037,0.0,78,14.0,201
2026-04-20,SKU037,0.0,31,14.0,201
2026-04-21,SKU037,0.0,74,14.0,201
2026-04-22,SKU037,0.0,44,14.0,201
2026-04-23,SKU037,0.0,11,14.0,201
2026-04-24,SKU037,0.0,59,14.0,201
2026-04-25,SKU037,0.0,36,14.0,201
2026-04-26,SKU037,0.0,70,14.0,201
2026-04-27,SKU037,0.0,38,14.0,201
2026-04-28,SKU037,0.0,0,14.0,201
2026-04-29,SKU037,0.0,56,14.0,201
2026-04-30,SKU037,0.0,33,14.0,201
2026-05-01,SKU037,0.0,52,14.0,201
2026-05-02,SKU037,0.0,30,14.0,201
2026-05-03,SKU037,0.0,33,14.0,201
2026-05-04,SKU037,0.0,46,14.0,201
2026-05-05,SKU037,0.0,45,14.0,201
2026-05-06,SKU037,0.0,79,14.0,201
2026-05-07,SKU037,0.0,47,14.0,201
2026-05-08,SKU037,0.0,51,14.0,201
2026-05-09,SKU037,0.0,69,14.0,201
2026-05-10,SKU037,0.0,10,14.0,201
2026-05-11,SKU037,0.0,75,14.0,201
2026-05-12,SKU037,0.0,33,14.0,201
2026-05-13,SKU037,0.0,67,14.0,201
2026-05-14,SKU037,31.0,0,14.0,201
2026-05-15,SKU037,9.0,69,14.0,201
2026-05-16,SKU037,0.0,36,14.0,201
2026-05-17,SKU037,0.0,69,14.0,201
2026-05-18,SKU037,0.0,74,14.0,201
2026-05-19,SKU037,0.0,30,14.0,201
2026-05-20,SKU037,0.0,53,14.0,201
2026-05-21,SKU037,0.0,24,14.0,201
2026-05-22,SKU037,0.0,55,14.0,201
2026-05-23,SKU037,0.0,74,14.0,201
2026-05-24,SKU037,0.0,54,14.0,201
2026-05-25,SKU037,0.0,60,14.0,201
2026-05-26,SKU037,0.0,70,14.0,201
2026-05-27,SKU037,0.0,57,14.0,201
2026-05-28,SKU037,5.0,0,14.0,201
2026-05-29,SKU037,0.0,55,14.0,201
2026-05-30,SKU037,0.0,74,14.0,201
2026-05-31,SKU037,0.0,60,14.0,201
2026-06-01,SKU037,0.0,28,14.0,201
2026-06-02,SKU037,0.0,72,14.0,201
2026-06-03,SKU037,0.0,74,14.0,201
2026-06-04,SKU037,,26,14.0,201
2026-06-05,SKU037,0.0,35,14.0,201
2026-06-06,SKU037,0.0,17,14.0,201
2026-06-07,SKU037,0.0,74,14.0,201
2026-06-08,SKU037,0.0,50,14.0,201
2026-06-09,SKU037,0.0,32,14.0,201
2026-06-10,SKU037,0.0,28,14.0,201
2026-06-11,SKU037,0.0,49,14.0,201
2026-06-12,SKU037,0.0,77,14.0,201
2026-06-13,SKU037,0.0,42,14.0,201
2026-06-14,SKU037,47.0,0,14.0,201
2026-06-15,SKU037,21.0,61,14.0,201
2026-06-16,SKU037,0.0,58,14.0,201
2026-06-17,SKU037,0.0,20,14.0,201
2026-06-18,SKU037,0.0,23,14.0,201
2026-06-19,SKU037,0.0,61,14.0,201
2026-06-20,SKU037,0.0,21,14.0,201
2026-06-21,SKU037,0.0,48,14.0,201
2026-06-22,SKU037,0.0,45,14.0,201
2026-06-23,SKU037,0.0,60,14.0,201
2026-06-24,SKU037,0.0,48,14.0,201
2026-06-25,SKU037,0.0,25,14.0,201
2026-06-26,SKU037,0.0,64,14.0,201
2026-06-27,SKU037,0.0,64,14.0,201
2026-06-28,SKU037,0.0,0,14.0,201
2026-06-29,SKU037,0.0,47,14.0,201
2026-06-30,SKU037,0.0,15,14.0,201
2025-01-01,SKU038,333.0,162,2.0,95
2025-01-02,SKU038,257.0,148,2.0,95
2025-01-03,SKU038,218.0,0,2.0,95
2025-01-04,SKU038,143.0,37,2.0,95
2025-01-05,SKU038,75.0,83,2.0,95
2025-01-06,SKU038,117.0,0,2.0,95
2025-01-07,SKU038,65.0,230,2.0,95
2025-01-08,SKU038,0.0,66,2.0,95
2025-01-09,SKU038,0.0,0,2.0,95
2025-01-10,SKU038,0.0,64,2.0,95
2025-01-11,SKU038,0.0,211,2.0,95
2025-01-12,SKU038,0.0,0,2.0,95
2025-01-13,SKU038,0.0,55,2.0,95
2025-01-14,SKU038,0.0,149,2.0,95
2025-01-15,SKU038,49.0,0,2.0,95
2025-01-16,SKU038,0.0,134,2.0,95
2025-01-17,SKU038,0.0,228,2.0,95
2025-01-18,SKU038,97.0,0,2.0,95
2025-01-19,SKU038,30.0,38,2.0,95
2025-01-20,SKU038,0.0,105,2.0,95
2025-01-21,SKU038,139.0,0,2.0,95
2025-01-22,SKU038,84.0,65,2.0,95
2025-01-23,SKU038,15.0,226,2.0,95
2025-01-24,SKU038,99.0,0,2.0,95
2025-01-25,SKU038,9.0,108,2.0,95
2025-01-26,SKU038,0.0,83,2.0,95
2025-01-27,SKU038,50.0,0,2.0,95
2025-01-28,SKU038,0.0,45,2.0,95
2025-01-29,SKU038,0.0,160,2.0,95
2025-01-30,SKU038,22.0,0,2.0,95
2025-01-31,SKU038,0.0,232,2.0,95
2025-02-01,SKU038,0.0,65,2.0,95
2025-02-02,SKU038,0.0,138,2.0,95
2025-02-03,SKU038,123.0,0,2.0,95
2025-02-04,SKU038,49.0,204,2.0,95
2025-02-05,SKU038,0.0,83,2.0,95
2025-02-06,SKU038,190.0,0,2.0,95
2025-02-07,SKU038,118.0,249,2.0,95
2025-02-08,SKU038,8.0,127,2.0,95
2025-02-09,SKU038,84.0,0,2.0,95
2025-02-10,SKU038,17.0,109,2.0,95
2025-02-11,SKU038,0.0,123,2.0,95
2025-02-12,SKU038,146.0,0,2.0,95
2025-02-13,SKU038,79.0,149,2.0,95
2025-02-14,SKU038,1.0,237,2.0,95
2025-02-15,SKU038,33.0,0,2.0,95
2025-02-16,SKU038,0.0,191,2.0,95
2025-02-17,SKU038,0.0,200,2.0,95
2025-02-18,SKU038,10.0,0,2.0,95
2025-02-19,SKU038,0.0,241,2.0,95
2025-02-20,SKU038,0.0,149,2.0,95
2025-02-21,SKU038,62.0,0,2.0,95
2025-02-22,SKU038,0.0,44,2.0,95
2025-02-23,SKU038,0.0,227,2.0,95
2025-02-24,SKU038,115.0,0,2.0,95
2025-02-25,SKU038,38.0,85,2.0,95
2025-02-26,SKU038,0.0,104,2.0,95
2025-02-27,SKU038,25.0,0,2.0,95
2025-02-28,SKU038,0.0,223,2.0,95
2025-03-01,SKU038,0.0,217,2.0,95
2025-03-02,SKU038,0.0,156,2.0,95
2025-03-03,SKU038,145.0,0,2.0,95
2025-03-04,SKU038,78.0,162,2.0,95
2025-03-05,SKU038,13.0,66,2.0,95
2025-03-06,SKU038,25.0,0,2.0,95
2025-03-07,SKU038,0.0,106,2.0,95
2025-03-08,SKU038,0.0,84,2.0,95
2025-03-09,SKU038,174.0,0,2.0,95
2025-03-10,SKU038,113.0,77,2.0,95
2025-03-11,SKU038,37.0,54,2.0,95
2025-03-12,SKU038,203.0,0,2.0,95
2025-03-13,SKU038,137.0,64,2.0,95
2025-03-14,SKU038,46.0,33,2.0,95
2025-03-15,SKU038,161.0,0,2.0,95
2025-03-16,SKU038,94.0,67,2.0,95
2025-03-17,SKU038,56.0,123,2.0,95
2025-03-18,SKU038,98.0,0,2.0,95
2025-03-19,SKU038,46.0,252,2.0,95
2025-03-20,SKU038,0.0,55,2.0,95
2025-03-21,SKU038,0.0,0,2.0,95
2025-03-22,SKU038,0.0,210,2.0,95
2025-03-23,SKU038,0.0,108,2.0,95
2025-03-24,SKU038,89.0,0,2.0,95
2025-03-25,SKU038,0.0,34,2.0,95
2025-03-26,SKU038,0.0,259,2.0,95
2025-03-27,SKU038,78.0,0,2.0,95
2025-03-28,SKU038,0.0,182,2.0,95
2025-03-29,SKU038,0.0,204,2.0,95
2025-03-30,SKU038,43.0,0,2.0,95
2025-03-31,SKU038,0.0,124,2.0,95
2025-04-01,SKU038,0.0,132,2.0,95
2025-04-02,SKU038,0.0,214,2.0,95
2025-04-03,SKU038,1.0,0,2.0,95
2025-04-04,SKU038,0.0,98,2.0,95
2025-04-05,SKU038,0.0,211,2.0,95
2025-04-06,SKU038,0.0,0,2.0,95
2025-04-07,SKU038,0.0,249,2.0,95
2025-04-08,SKU038,0.0,159,2.0,95
2025-04-09,SKU038,0.0,0,2.0,95
2025-04-10,SKU038,0.0,77,2.0,95
2025-04-11,SKU038,0.0,79,2.0,95
2025-04-12,SKU038,0.0,0,2.0,95
2025-04-13,SKU038,0.0,151,2.0,95
2025-04-14,SKU038,0.0,217,2.0,95
2025-04-15,SKU038,0.0,0,2.0,95
2025-04-16,SKU038,0.0,44,2.0,95
2025-04-17,SKU038,0.0,40,2.0,95
2025-04-18,SKU038,19.0,0,2.0,95
2025-04-19,SKU038,0.0,78,2.0,95
2025-04-20,SKU038,0.0,126,2.0,95
2025-04-21,SKU038,152.0,0,2.0,95
2025-04-22,SKU038,82.0,38,2.0,95
2025-04-23,SKU038,21.0,97,2.0,95
2025-04-24,SKU038,0.0,0,2.0,95
2025-04-25,SKU038,0.0,259,2.0,95
2025-04-26,SKU038,0.0,191,2.0,95
2025-04-27,SKU038,21.0,0,2.0,95
2025-04-28,SKU038,0.0,56,2.0,95
2025-04-29,SKU038,0.0,97,2.0,95
2025-04-30,SKU038,155.0,0,2.0,95
2025-05-01,SKU038,108.0,260,2.0,95
2025-05-02,SKU038,34.0,93,2.0,95
2025-05-03,SKU038,168.0,0,2.0,95
2025-05-04,SKU038,117.0,222,2.0,95
2025-05-05,SKU038,57.0,187,2.0,95
2025-05-06,SKU038,154.0,0,2.0,95
2025-05-07,SKU038,87.0,245,2.0,95
2025-05-08,SKU038,24.0,182,2.0,95
2025-05-09,SKU038,61.0,0,2.0,95
2025-05-10,SKU038,0.0,172,2.0,95
2025-05-11,SKU038,0.0,209,2.0,95
2025-05-12,SKU038,0.0,0,2.0,95
2025-05-13,SKU038,0.0,223,2.0,95
2025-05-14,SKU038,0.0,226,2.0,95
2025-05-15,SKU038,51.0,0,2.0,95
2025-05-16,SKU038,0.0,47,2.0,95
2025-05-17,SKU038,0.0,210,2.0,95
2025-05-18,SKU038,163.0,0,2.0,95
2025-05-19,SKU038,96.0,165,2.0,95
2025-05-20,SKU038,33.0,203,2.0,95
2025-05-21,SKU038,198.0,0,2.0,95
2025-05-22,SKU038,135.0,99,2.0,95
2025-05-23,SKU038,63.0,58,2.0,95
2025-05-24,SKU038,236.0,0,2.0,95
2025-05-25,SKU038,184.0,90,2.0,95
2025-05-26,SKU038,115.0,131,2.0,95
2025-05-27,SKU038,278.0,0,2.0,95
2025-05-28,SKU038,191.0,106,2.0,95
2025-05-29,SKU038,134.0,127,2.0,95
2025-05-30,SKU038,111.0,0,2.0,95
2025-05-31,SKU038,36.0,50,2.0,95
2025-06-01,SKU038,0.0,183,2.0,95
2025-06-02,SKU038,0.0,248,2.0,95
2025-06-03,SKU038,0.0,0,2.0,95
2025-06-04,SKU038,0.0,240,2.0,95
2025-06-05,SKU038,0.0,58,2.0,95
2025-06-06,SKU038,147.0,0,2.0,95
2025-06-07,SKU038,46.0,236,2.0,95
2025-06-08,SKU038,0.0,39,2.0,95
2025-06-09,SKU038,54.0,0,2.0,95
2025-06-10,SKU038,0.0,81,2.0,95
2025-06-11,SKU038,0.0,257,2.0,95
2025-06-12,SKU038,0.0,0,2.0,95
2025-06-13,SKU038,0.0,158,2.0,95
2025-06-14,SKU038,0.0,129,2.0,95
2025-06-15,SKU038,55.0,0,2.0,95
2025-06-16,SKU038,0.0,187,2.0,95
2025-06-17,SKU038,0.0,114,2.0,95
2025-06-18,SKU038,129.0,0,2.0,95
2025-06-19,SKU038,16.0,85,2.0,95
2025-06-20,SKU038,0.0,230,2.0,95
2025-06-21,SKU038,56.0,0,2.0,95
2025-06-22,SKU038,0.0,244,2.0,95
2025-06-23,SKU038,0.0,224,2.0,95
2025-06-24,SKU038,124.0,0,2.0,95
2025-06-25,SKU038,27.0,109,2.0,95
2025-06-26,SKU038,0.0,82,2.0,95
2025-06-27,SKU038,149.0,0,2.0,95
2025-06-28,SKU038,31.0,66,2.0,95
2025-06-29,SKU038,0.0,39,2.0,95
2025-06-30,SKU038,151.0,0,2.0,95
2025-07-01,SKU038,92.0,220,2.0,95
2025-07-02,SKU038,11.0,242,2.0,95
2025-07-03,SKU038,132.0,0,2.0,95
2025-07-04,SKU038,62.0,224,2.0,95
2025-07-05,SKU038,0.0,62,2.0,95
2025-07-06,SKU038,96.0,0,2.0,95
2025-07-07,SKU038,14.0,242,2.0,95
2025-07-08,SKU038,0.0,239,2.0,95
2025-07-09,SKU038,176.0,0,2.0,95
2025-07-10,SKU038,10.0,195,2.0,95
2025-07-11,SKU038,0.0,116,2.0,95
2025-07-12,SKU038,0.0,0,2.0,95
2025-07-13,SKU038,0.0,50,2.0,95
2025-07-14,SKU038,0.0,54,2.0,95
2025-07-15,SKU038,0.0,0,2.0,95
2025-07-16,SKU038,0.0,161,2.0,95
2025-07-17,SKU038,0.0,39,2.0,95
2025-07-18,SKU038,0.0,0,2.0,95
2025-07-19,SKU038,0.0,114,2.0,95
2025-07-20,SKU038,0.0,179,2.0,95
2025-07-21,SKU038,150.0,0,2.0,95
2025-07-22,SKU038,83.0,126,2.0,95
2025-07-23,SKU038,9.0,113,2.0,95
2025-07-24,SKU038,95.0,0,2.0,95
2025-07-25,SKU038,0.0,169,2.0,95
2025-07-26,SKU038,0.0,114,2.0,95
2025-07-27,SKU038,107.0,0,2.0,95
2025-07-28,SKU038,42.0,124,2.0,95
2025-07-29,SKU038,0.0,77,2.0,95
2025-07-30,SKU038,148.0,0,2.0,95
2025-07-31,SKU038,67.0,80,2.0,95
2025-08-01,SKU038,0.0,213,2.0,95
2025-08-02,SKU038,0.0,166,2.0,95
2025-08-03,SKU038,114.0,0,2.0,95
2025-08-04,SKU038,42.0,34,2.0,95
2025-08-05,SKU038,0.0,82,2.0,95
2025-08-06,SKU038,56.0,0,2.0,95
2025-08-07,SKU038,0.0,231,2.0,95
2025-08-08,SKU038,0.0,55,2.0,95
2025-08-09,SKU038,75.0,0,2.0,95
2025-08-10,SKU038,3.0,225,2.0,95
2025-08-11,SKU038,0.0,36,2.0,95
2025-08-12,SKU038,0.0,0,2.0,95
2025-08-13,SKU038,0.0,123,2.0,95
2025-08-14,SKU038,0.0,53,2.0,95
2025-08-15,SKU038,0.0,0,2.0,95
2025-08-16,SKU038,0.0,81,2.0,95
2025-08-17,SKU038,0.0,141,2.0,95
2025-08-18,SKU038,55.0,0,2.0,95
2025-08-19,SKU038,0.0,255,2.0,95
2025-08-20,SKU038,0.0,135,2.0,95
2025-08-21,SKU038,74.0,0,2.0,95
2025-08-22,SKU038,0.0,118,2.0,95
2025-08-23,SKU038,0.0,56,2.0,95
2025-08-24,SKU038,53.0,0,2.0,95
2025-08-25,SKU038,0.0,135,2.0,95
2025-08-26,SKU038,0.0,250,2.0,95
2025-08-27,SKU038,139.0,0,2.0,95
2025-08-28,SKU038,68.0,33,2.0,95
2025-08-29,SKU038,0.0,95,2.0,95
2025-08-30,SKU038,77.0,0,2.0,95
2025-08-31,SKU038,13.0,194,2.0,95
2025-09-01,SKU038,0.0,134,2.0,95
2025-09-02,SKU038,0.0,195,2.0,95
2025-09-03,SKU038,129.0,0,2.0,95
2025-09-04,SKU038,57.0,195,2.0,95
2025-09-05,SKU038,0.0,90,2.0,95
2025-09-06,SKU038,0.0,0,2.0,95
2025-09-07,SKU038,0.0,77,2.0,95
2025-09-08,SKU038,0.0,113,2.0,95
2025-09-09,SKU038,68.0,0,2.0,95
2025-09-10,SKU038,0.0,53,2.0,95
2025-09-11,SKU038,0.0,191,2.0,95
2025-09-12,SKU038,0.0,0,2.0,95
2025-09-13,SKU038,0.0,98,2.0,95
2025-09-14,SKU038,0.0,106,2.0,95
2025-09-15,SKU038,109.0,0,2.0,95
2025-09-16,SKU038,43.0,200,2.0,95
2025-09-17,SKU038,0.0,103,2.0,95
2025-09-18,SKU038,130.0,0,2.0,95
2025-09-19,SKU038,52.0,113,2.0,95
2025-09-20,SKU038,0.0,217,2.0,95
2025-09-21,SKU038,0.0,0,2.0,95
2025-09-22,SKU038,0.0,114,2.0,95
2025-09-23,SKU038,0.0,166,2.0,95
2025-09-24,SKU038,73.0,0,2.0,95
2025-09-25,SKU038,9.0,115,2.0,95
2025-09-26,SKU038,0.0,81,2.0,95
2025-09-27,SKU038,50.0,0,2.0,95
2025-09-28,SKU038,0.0,53,2.0,95
2025-09-29,SKU038,0.0,123,2.0,95
2025-09-30,SKU038,0.0,0,2.0,95
2025-10-01,SKU038,0.0,131,2.0,95
2025-10-02,SKU038,0.0,252,2.0,95
2025-10-03,SKU038,28.0,0,2.0,95
2025-10-04,SKU038,0.0,167,2.0,95
2025-10-05,SKU038,0.0,147,2.0,95
2025-10-06,SKU038,0.0,0,2.0,95
2025-10-07,SKU038,0.0,57,2.0,95
2025-10-08,SKU038,0.0,109,2.0,95
2025-10-09,SKU038,65.0,0,2.0,95
2025-10-10,SKU038,0.0,192,2.0,95
2025-10-11,SKU038,0.0,180,2.0,95
2025-10-12,SKU038,79.0,0,2.0,95
2025-10-13,SKU038,5.0,114,2.0,95
2025-10-14,SKU038,0.0,92,2.0,95
2025-10-15,SKU038,132.0,0,2.0,95
2025-10-16,SKU038,74.0,236,2.0,95
2025-10-17,SKU038,0.0,177,2.0,95
2025-10-18,SKU038,0.0,0,2.0,95
2025-10-19,SKU038,0.0,214,2.0,95
2025-10-20,SKU038,0.0,167,2.0,95
2025-10-21,SKU038,92.0,0,2.0,95
2025-10-22,SKU038,12.0,190,2.0,95
2025-10-23,SKU038,0.0,138,2.0,95
2025-10-24,SKU038,71.0,0,2.0,95
2025-10-25,SKU038,3.0,104,2.0,95
2025-10-26,SKU038,0.0,175,2.0,95
2025-10-27,SKU038,106.0,0,2.0,95
2025-10-28,SKU038,43.0,111,2.0,95
2025-10-29,SKU038,0.0,85,2.0,95
2025-10-30,SKU038,100.0,0,2.0,95
2025-10-31,SKU038,23.0,135,2.0,95
2025-11-01,SKU038,0.0,79,2.0,95
2025-11-02,SKU038,0.0,210,2.0,95
2025-11-03,SKU038,88.0,0,2.0,95
2025-11-04,SKU038,24.0,177,2.0,95
2025-11-05,SKU038,0.0,161,2.0,95
2025-11-06,SKU038,97.0,0,2.0,95
2025-11-07,SKU038,0.0,53,2.0,95
2025-11-08,SKU038,0.0,98,2.0,95
2025-11-09,SKU038,130.0,0,2.0,95
2025-11-10,SKU038,70.0,215,2.0,95
2025-11-11,SKU038,0.0,44,2.0,95
2025-11-12,SKU038,130.0,0,2.0,95
2025-11-13,SKU038,76.0,84,2.0,95
2025-11-14,SKU038,6.0,223,2.0,95
2025-11-15,SKU038,41.0,0,2.0,95
2025-11-16,SKU038,0.0,101,2.0,95
2025-11-17,SKU038,0.0,99,2.0,95
2025-11-18,SKU038,124.0,0,2.0,95
2025-11-19,SKU038,50.0,188,2.0,95
2025-11-20,SKU038,0.0,170,2.0,95
2025-11-21,SKU038,154.0,0,2.0,95
2025-11-22,SKU038,76.0,103,2.0,95
2025-11-23,SKU038,0.0,173,2.0,95
2025-11-24,SKU038,30.0,0,2.0,95
2025-11-25,SKU038,0.0,162,2.0,95
2025-11-26,SKU038,0.0,66,2.0,95
2025-11-27,SKU038,163.0,0,2.0,95
2025-11-28,SKU038,74.0,232,2.0,95
2025-11-29,SKU038,0.0,251,2.0,95
2025-11-30,SKU038,103.0,0,2.0,95
2025-12-01,SKU038,33.0,193,2.0,95
2025-12-02,SKU038,0.0,44,2.0,95
2025-12-03,SKU038,68.0,0,2.0,95
2025-12-04,SKU038,0.0,40,2.0,95
2025-12-05,SKU038,0.0,245,2.0,95
2025-12-06,SKU038,50.0,0,2.0,95
2025-12-07,SKU038,0.0,46,2.0,95
2025-12-08,SKU038,0.0,169,2.0,95
2025-12-09,SKU038,126.0,0,2.0,95
2025-12-10,SKU038,56.0,257,2.0,95
2025-12-11,SKU038,0.0,182,2.0,95
2025-12-12,SKU038,156.0,0,2.0,95
2025-12-13,SKU038,64.0,210,2.0,95
2025-12-14,SKU038,0.0,197,2.0,95
2025-12-15,SKU038,0.0,0,2.0,95
2025-12-16,SKU038,0.0,109,2.0,95
2025-12-17,SKU038,0.0,205,2.0,95
2025-12-18,SKU038,141.0,0,2.0,95
2025-12-19,SKU038,27.0,70,2.0,95
2025-12-20,SKU038,0.0,32,2.0,95
2025-12-21,SKU038,149.0,0,2.0,95
2025-12-22,SKU038,49.0,86,2.0,95
2025-12-23,SKU038,0.0,153,2.0,95
2025-12-24,SKU038,170.0,0,2.0,95
2025-12-25,SKU038,28.0,203,2.0,95
2025-12-26,SKU038,0.0,69,2.0,95
2025-12-27,SKU038,141.0,0,2.0,95
2025-12-28,SKU038,29.0,82,2.0,95
2025-12-29,SKU038,0.0,221,2.0,95
2025-12-30,SKU038,0.0,0,2.0,95
2025-12-31,SKU038,0.0,86,2.0,95
2026-01-01,SKU038,0.0,58,2.0,95
2026-01-02,SKU038,0.0,160,2.0,95
2026-01-03,SKU038,46.0,0,2.0,95
2026-01-04,SKU038,0.0,194,2.0,95
2026-01-05,SKU038,0.0,99,2.0,95
2026-01-06,SKU038,191.0,0,2.0,95
2026-01-07,SKU038,115.0,35,2.0,95
2026-01-08,SKU038,29.0,105,2.0,95
2026-01-09,SKU038,0.0,0,2.0,95
2026-01-10,SKU038,0.0,116,2.0,95
2026-01-11,SKU038,0.0,249,2.0,95
2026-01-12,SKU038,47.0,0,2.0,95
2026-01-13,SKU038,0.0,102,2.0,95
2026-01-14,SKU038,0.0,99,2.0,95
2026-01-15,SKU038,147.0,0,2.0,95
2026-01-16,SKU038,64.0,167,2.0,95
2026-01-17,SKU038,0.0,128,2.0,95
2026-01-18,SKU038,50.0,0,2.0,95
2026-01-19,SKU038,0.0,188,2.0,95
2026-01-20,SKU038,0.0,257,2.0,95
2026-01-21,SKU038,54.0,0,2.0,95
2026-01-22,SKU038,0.0,84,2.0,95
2026-01-23,SKU038,0.0,123,2.0,95
2026-01-24,SKU038,0.0,0,2.0,95
2026-01-25,SKU038,0.0,184,2.0,95
2026-01-26,SKU038,0.0,37,2.0,95
2026-01-27,SKU038,40.0,0,2.0,95
2026-01-28,SKU038,0.0,39,2.0,95
2026-01-29,SKU038,0.0,40,2.0,95
2026-01-30,SKU038,9.0,0,2.0,95
2026-01-31,SKU038,0.0,205,2.0,95
2026-02-01,SKU038,0.0,185,2.0,95
2026-02-02,SKU038,0.0,238,2.0,95
2026-02-03,SKU038,53.0,0,2.0,95
2026-02-04,SKU038,0.0,69,2.0,95
2026-02-05,SKU038,0.0,50,2.0,95
2026-02-06,SKU038,0.0,0,2.0,95
2026-02-07,SKU038,0.0,147,2.0,95
2026-02-08,SKU038,0.0,96,2.0,95
2026-02-09,SKU038,137.0,0,2.0,95
2026-02-10,SKU038,64.0,183,2.0,95
2026-02-11,SKU038,0.0,130,2.0,95
2026-02-12,SKU038,98.0,0,2.0,95
2026-02-13,SKU038,22.0,138,2.0,95
2026-02-14,SKU038,0.0,42,2.0,95
2026-02-15,SKU038,133.0,0,2.0,95
2026-02-16,SKU038,62.0,183,2.0,95
2026-02-17,SKU038,0.0,151,2.0,95
2026-02-18,SKU038,0.0,0,2.0,95
2026-02-19,SKU038,0.0,150,2.0,95
2026-02-20,SKU038,0.0,92,2.0,95
2026-02-21,SKU038,160.0,0,2.0,95
2026-02-22,SKU038,75.0,139,2.0,95
2026-02-23,SKU038,20.0,212,2.0,95
2026-02-24,SKU038,96.0,0,2.0,95
2026-02-25,SKU038,17.0,220,2.0,95
2026-02-26,SKU038,0.0,138,2.0,95
2026-02-27,SKU038,68.0,0,2.0,95
2026-02-28,SKU038,0.0,143,2.0,95
2026-03-01,SKU038,0.0,248,2.0,95
2026-03-02,SKU038,0.0,62,2.0,95
2026-03-03,SKU038,28.0,0,2.0,95
2026-03-04,SKU038,0.0,158,2.0,95
2026-03-05,SKU038,0.0,53,2.0,95
2026-03-06,SKU038,164.0,0,,95
2026-03-07,SKU038,74.0,232,2.0,95
2026-03-08,SKU038,7.0,80,2.0,95
2026-03-09,SKU038,209.0,0,2.0,95
2026-03-10,SKU038,140.0,173,2.0,95
2026-03-11,SKU038,84.0,168,2.0,95
2026-03-12,SKU038,117.0,0,2.0,95
2026-03-13,SKU038,1.0,163,2.0,95
2026-03-14,SKU038,0.0,91,2.0,95
2026-03-15,SKU038,0.0,0,2.0,95
2026-03-16,SKU038,0.0,200,2.0,95
2026-03-17,SKU038,0.0,251,2.0,95
2026-03-18,SKU038,0.0,0,2.0,95
2026-03-19,SKU038,0.0,169,2.0,95
2026-03-20,SKU038,0.0,91,2.0,95
2026-03-21,SKU038,0.0,0,2.0,95
2026-03-22,SKU038,0.0,97,2.0,95
2026-03-23,SKU038,0.0,48,2.0,95
2026-03-24,SKU038,136.0,0,2.0,95
2026-03-25,SKU038,71.0,163,2.0,95
2026-03-26,SKU038,2.0,161,,95
2026-03-27,SKU038,69.0,0,2.0,95
2026-03-28,SKU038,0.0,51,2.0,95
2026-03-29,SKU038,0.0,123,2.0,95
2026-03-30,SKU038,144.0,0,2.0,95
2026-03-31,SKU038,82.0,158,2.0,95
2026-04-01,SKU038,20.0,123,2.0,95
2026-04-02,SKU038,0.0,81,2.0,95
2026-04-03,SKU038,0.0,0,2.0,95
2026-04-04,SKU038,0.0,216,2.0,95
2026-04-05,SKU038,0.0,179,2.0,95
2026-04-06,SKU038,50.0,0,2.0,95
2026-04-07,SKU038,0.0,238,2.0,95
2026-04-08,SKU038,0.0,37,2.0,95
2026-04-09,SKU038,130.0,0,2.0,95
2026-04-10,SKU038,49.0,153,2.0,95
2026-04-11,SKU038,0.0,237,2.0,95
2026-04-12,SKU038,165.0,0,2.0,95
2026-04-13,SKU038,103.0,105,2.0,95
2026-04-14,SKU038,24.0,40,2.0,95
2026-04-15,SKU038,208.0,0,2.0,95
2026-04-16,SKU038,130.0,221,2.0,95
2026-04-17,SKU038,64.0,69,2.0,95
2026-04-18,SKU038,130.0,0,2.0,95
2026-04-19,SKU038,33.0,118,2.0,95
2026-04-20,SKU038,0.0,199,2.0,95
2026-04-21,SKU038,171.0,0,2.0,95
2026-04-22,SKU038,85.0,175,2.0,95
2026-04-23,SKU038,1.0,249,2.0,95
2026-04-24,SKU038,0.0,0,2.0,95
2026-04-25,SKU038,0.0,123,2.0,95
2026-04-26,SKU038,0.0,112,2.0,95
2026-04-27,SKU038,14.0,0,2.0,95
2026-04-28,SKU038,0.0,115,2.0,95
2026-04-29,SKU038,0.0,61,2.0,95
2026-04-30,SKU038,67.0,0,2.0,95
2026-05-01,SKU038,0.0,106,2.0,95
2026-05-02,SKU038,0.0,167,2.0,95
2026-05-03,SKU038,53.0,0,2.0,95
2026-05-04,SKU038,0.0,33,2.0,95
2026-05-05,SKU038,0.0,153,2.0,95
2026-05-06,SKU038,91.0,0,2.0,95
2026-05-07,SKU038,4.0,225,2.0,95
2026-05-08,SKU038,0.0,98,2.0,95
2026-05-09,SKU038,102.0,0,2.0,95
2026-05-10,SKU038,26.0,233,2.0,95
2026-05-11,SKU038,0.0,190,2.0,95
2026-05-12,SKU038,0.0,0,2.0,95
2026-05-13,SKU038,0.0,128,2.0,95
2026-05-14,SKU038,0.0,124,2.0,95
2026-05-15,SKU038,0.0,0,2.0,95
2026-05-16,SKU038,0.0,110,2.0,95
2026-05-17,SKU038,0.0,193,2.0,95
2026-05-18,SKU038,61.0,0,2.0,95
2026-05-19,SKU038,0.0,78,2.0,95
2026-05-20,SKU038,0.0,215,2.0,95
2026-05-21,SKU038,38.0,0,2.0,95
2026-05-22,SKU038,0.0,130,2.0,95
2026-05-23,SKU038,0.0,51,2.0,95
2026-05-24,SKU038,138.0,0,2.0,95
2026-05-25,SKU038,48.0,52,2.0,95
2026-05-26,SKU038,0.0,163,2.0,95
2026-05-27,SKU038,135.0,0,2.0,95
2026-05-28,SKU038,58.0,61,2.0,95
2026-05-29,SKU038,0.0,101,2.0,95
2026-05-30,SKU038,174.0,0,2.0,95
2026-05-31,SKU038,121.0,134,2.0,95
2026-06-01,SKU038,51.0,165,2.0,95
2026-06-02,SKU038,0.0,230,2.0,95
2026-06-03,SKU038,157.0,0,2.0,95
2026-06-04,SKU038,84.0,110,2.0,95
2026-06-05,SKU038,0.0,225,2.0,95
2026-06-06,SKU038,6.0,0,2.0,95
2026-06-07,SKU038,0.0,217,2.0,95
2026-06-08,SKU038,0.0,214,2.0,95
2026-06-09,SKU038,83.0,0,2.0,95
2026-06-10,SKU038,0.0,181,2.0,95
2026-06-11,SKU038,0.0,163,2.0,95
2026-06-12,SKU038,0.0,0,2.0,95
2026-06-13,SKU038,0.0,133,2.0,95
2026-06-14,SKU038,0.0,60,2.0,95
2026-06-15,SKU038,0.0,0,2.0,95
2026-06-16,SKU038,0.0,145,2.0,95
2026-06-17,SKU038,0.0,93,2.0,95
2026-06-18,SKU038,11.0,0,2.0,95
2026-06-19,SKU038,0.0,176,2.0,95
2026-06-20,SKU038,0.0,139,2.0,95
2026-06-21,SKU038,64.0,0,2.0,95
2026-06-22,SKU038,0.0,186,2.0,95
2026-06-23,SKU038,0.0,185,2.0,95
2026-06-24,SKU038,70.0,0,2.0,95
2026-06-25,SKU038,0.0,136,2.0,95
2026-06-26,SKU038,0.0,194,2.0,95
2026-06-27,SKU038,18.0,0,2.0,95
2026-06-28,SKU038,0.0,207,2.0,95
2026-06-29,SKU038,0.0,214,2.0,95
2026-06-30,SKU038,169.0,0,2.0,95
2025-01-01,SKU039,235.0,131,3.0,195
2025-01-02,SKU039,162.0,101,3.0,195
2025-01-03,SKU039,250.0,0,3.0,195
2025-01-04,SKU039,147.0,80,3.0,195
2025-01-05,SKU039,81.0,152,3.0,195
2025-01-06,SKU039,169.0,0,3.0,195
2025-01-07,SKU039,101.0,82,3.0,195
2025-01-08,SKU039,39.0,78,3.0,195
2025-01-09,SKU039,31.0,0,3.0,195
2025-01-10,SKU039,0.0,170,3.0,195
2025-01-11,SKU039,0.0,188,3.0,195
2025-01-12,SKU039,0.0,0,3.0,195
2025-01-13,SKU039,0.0,204,3.0,195
2025-01-14,SKU039,0.0,67,3.0,195
2025-01-15,SKU039,0.0,0,3.0,195
2025-01-16,SKU039,0.0,198,3.0,195
2025-01-17,SKU039,0.0,207,3.0,195
2025-01-18,SKU039,5.0,0,3.0,195
2025-01-19,SKU039,0.0,62,3.0,195
2025-01-20,SKU039,0.0,84,3.0,195
2025-01-21,SKU039,0.0,0,3.0,195
2025-01-22,SKU039,0.0,109,3.0,195
2025-01-23,SKU039,0.0,167,3.0,195
2025-01-24,SKU039,0.0,0,3.0,195
2025-01-25,SKU039,0.0,86,3.0,195
2025-01-26,SKU039,0.0,97,3.0,195
2025-01-27,SKU039,156.0,0,3.0,195
2025-01-28,SKU039,91.0,172,3.0,195
2025-01-29,SKU039,12.0,99,3.0,195
2025-01-30,SKU039,26.0,0,3.0,195
2025-01-31,SKU039,0.0,197,3.0,195
2025-02-01,SKU039,0.0,83,3.0,195
2025-02-02,SKU039,0.0,149,3.0,195
2025-02-03,SKU039,91.0,0,3.0,195
2025-02-04,SKU039,20.0,181,3.0,195
2025-02-05,SKU039,0.0,148,3.0,195
2025-02-06,SKU039,56.0,0,3.0,195
2025-02-07,SKU039,0.0,56,3.0,195
2025-02-08,SKU039,0.0,66,3.0,195
2025-02-09,SKU039,78.0,0,3.0,195
2025-02-10,SKU039,13.0,122,3.0,195
2025-02-11,SKU039,0.0,102,3.0,195
2025-02-12,SKU039,53.0,0,3.0,195
2025-02-13,SKU039,0.0,195,3.0,195
2025-02-14,SKU039,0.0,36,3.0,195
2025-02-15,SKU039,0.0,0,3.0,195
2025-02-16,SKU039,0.0,28,3.0,195
2025-02-17,SKU039,0.0,90,3.0,195
2025-02-18,SKU039,21.0,0,3.0,195
2025-02-19,SKU039,0.0,82,3.0,195
2025-02-20,SKU039,0.0,42,3.0,195
2025-02-21,SKU039,9.0,0,3.0,195
2025-02-22,SKU039,0.0,105,3.0,195
2025-02-23,SKU039,0.0,208,3.0,195
2025-02-24,SKU039,92.0,0,3.0,195
2025-02-25,SKU039,24.0,192,3.0,195
2025-02-26,SKU039,0.0,149,3.0,195
2025-02-27,SKU039,45.0,0,3.0,195
2025-02-28,SKU039,0.0,201,3.0,195
2025-03-01,SKU039,0.0,178,3.0,195
2025-03-02,SKU039,0.0,33,3.0,195
2025-03-03,SKU039,24.0,0,3.0,195
2025-03-04,SKU039,0.0,222,3.0,195
2025-03-05,SKU039,0.0,177,3.0,195
2025-03-06,SKU039,51.0,0,3.0,195
2025-03-07,SKU039,0.0,143,3.0,195
2025-03-08,SKU039,0.0,178,3.0,195
2025-03-09,SKU039,46.0,0,3.0,195
2025-03-10,SKU039,0.0,36,3.0,195
2025-03-11,SKU039,0.0,148,3.0,195
2025-03-12,SKU039,0.0,0,3.0,195
2025-03-13,SKU039,0.0,75,3.0,195
2025-03-14,SKU039,0.0,128,3.0,195
2025-03-15,SKU039,111.0,0,3.0,195
2025-03-16,SKU039,48.0,71,3.0,195
2025-03-17,SKU039,7.0,65,3.0,195
2025-03-18,SKU039,77.0,0,3.0,195
2025-03-19,SKU039,35.0,54,3.0,195
2025-03-20,SKU039,0.0,76,3.0,195
2025-03-21,SKU039,19.0,0,3.0,195
2025-03-22,SKU039,0.0,179,3.0,195
2025-03-23,SKU039,0.0,157,3.0,195
2025-03-24,SKU039,13.0,0,3.0,195
2025-03-25,SKU039,0.0,212,3.0,195
2025-03-26,SKU039,0.0,81,3.0,195
2025-03-27,SKU039,28.0,0,3.0,195
2025-03-28,SKU039,0.0,148,3.0,195
2025-03-29,SKU039,0.0,213,3.0,195
2025-03-30,SKU039,122.0,0,3.0,195
2025-03-31,SKU039,73.0,100,3.0,195
2025-04-01,SKU039,16.0,125,3.0,195
2025-04-02,SKU039,0.0,116,3.0,195
2025-04-03,SKU039,26.0,0,3.0,195
2025-04-04,SKU039,0.0,121,3.0,195
2025-04-05,SKU039,0.0,45,3.0,195
2025-04-06,SKU039,0.0,0,3.0,195
2025-04-07,SKU039,0.0,41,3.0,195
2025-04-08,SKU039,0.0,54,3.0,195
2025-04-09,SKU039,33.0,0,3.0,195
2025-04-10,SKU039,0.0,152,3.0,195
2025-04-11,SKU039,0.0,191,3.0,195
2025-04-12,SKU039,117.0,0,3.0,195
2025-04-13,SKU039,72.0,91,3.0,195
2025-04-14,SKU039,18.0,36,3.0,195
2025-04-15,SKU039,0.0,0,3.0,195
2025-04-16,SKU039,0.0,183,3.0,195
2025-04-17,SKU039,0.0,197,3.0,195
2025-04-18,SKU039,150.0,0,3.0,195
2025-04-19,SKU039,43.0,216,3.0,195
2025-04-20,SKU039,0.0,193,3.0,195
2025-04-21,SKU039,60.0,0,3.0,195
2025-04-22,SKU039,14.0,120,3.0,195
2025-04-23,SKU039,0.0,189,3.0,195
2025-04-24,SKU039,148.0,0,3.0,195
2025-04-25,SKU039,82.0,98,3.0,195
2025-04-26,SKU039,33.0,150,3.0,195
2025-04-27,SKU039,39.0,0,3.0,195
2025-04-28,SKU039,0.0,28,3.0,195
2025-04-29,SKU039,0.0,97,3.0,195
2025-04-30,SKU039,160.0,0,3.0,195
2025-05-01,SKU039,112.0,155,3.0,195
2025-05-02,SKU039,59.0,202,3.0,195
2025-05-03,SKU039,91.0,0,3.0,195
2025-05-04,SKU039,35.0,37,3.0,195
2025-05-05,SKU039,0.0,97,3.0,195
2025-05-06,SKU039,59.0,0,3.0,195
2025-05-07,SKU039,12.0,158,3.0,195
2025-05-08,SKU039,0.0,216,3.0,195
2025-05-09,SKU039,11.0,0,3.0,195
2025-05-10,SKU039,0.0,175,3.0,195
2025-05-11,SKU039,0.0,200,3.0,195
2025-05-12,SKU039,24.0,0,3.0,195
2025-05-13,SKU039,0.0,179,3.0,195
2025-05-14,SKU039,0.0,213,3.0,195
2025-05-15,SKU039,117.0,0,3.0,195
2025-05-16,SKU039,65.0,105,3.0,195
2025-05-17,SKU039,8.0,141,3.0,195
2025-05-18,SKU039,121.0,0,3.0,195
2025-05-19,SKU039,62.0,185,3.0,195
2025-05-20,SKU039,18.0,165,3.0,195
2025-05-21,SKU039,184.0,0,3.0,195
2025-05-22,SKU039,130.0,195,3.0,195
2025-05-23,SKU039,78.0,69,3.0,195
2025-05-24,SKU039,243.0,0,3.0,195
2025-05-25,SKU039,196.0,164,3.0,195
2025-05-26,SKU039,155.0,205,3.0,195
2025-05-27,SKU039,225.0,0,3.0,195
2025-05-28,SKU039,175.0,201,3.0,195
2025-05-29,SKU039,114.0,219,3.0,195
2025-05-30,SKU039,223.0,0,3.0,195
2025-05-31,SKU039,143.0,183,3.0,195
2025-06-01,SKU039,93.0,69,3.0,195
2025-06-02,SKU039,40.0,54,3.0,195
2025-06-03,SKU039,151.0,0,3.0,195
2025-06-04,SKU039,102.0,165,3.0,195
2025-06-05,SKU039,39.0,149,3.0,195
2025-06-06,SKU039,68.0,0,3.0,195
2025-06-07,SKU039,0.0,40,3.0,195
2025-06-08,SKU039,0.0,138,3.0,195
2025-06-09,SKU039,79.0,0,3.0,195
2025-06-10,SKU039,0.0,167,3.0,195
2025-06-11,SKU039,0.0,45,3.0,195
2025-06-12,SKU039,17.0,0,3.0,195
2025-06-13,SKU039,0.0,109,3.0,195
2025-06-14,SKU039,0.0,118,3.0,195
2025-06-15,SKU039,0.0,0,3.0,195
2025-06-16,SKU039,0.0,141,3.0,195
2025-06-17,SKU039,0.0,65,3.0,195
2025-06-18,SKU039,113.0,0,3.0,195
2025-06-19,SKU039,21.0,150,3.0,195
2025-06-20,SKU039,0.0,189,3.0,195
2025-06-21,SKU039,58.0,0,3.0,195
2025-06-22,SKU039,11.0,100,3.0,195
2025-06-23,SKU039,0.0,78,3.0,195
2025-06-24,SKU039,44.0,0,3.0,195
2025-06-25,SKU039,0.0,207,3.0,195
2025-06-26,SKU039,0.0,208,3.0,195
2025-06-27,SKU039,139.0,0,3.0,195
2025-06-28,SKU039,70.0,177,3.0,195
2025-06-29,SKU039,20.0,62,3.0,195
2025-06-30,SKU039,144.0,0,3.0,195
2025-07-01,SKU039,82.0,93,3.0,195
2025-07-02,SKU039,11.0,110,3.0,195
2025-07-03,SKU039,74.0,0,3.0,195
2025-07-04,SKU039,0.0,77,3.0,195
2025-07-05,SKU039,0.0,68,3.0,195
2025-07-06,SKU039,0.0,0,3.0,195
2025-07-07,SKU039,0.0,113,3.0,195
2025-07-08,SKU039,0.0,143,3.0,195
2025-07-09,SKU039,132.0,0,3.0,195
2025-07-10,SKU039,50.0,31,3.0,195
2025-07-11,SKU039,0.0,36,3.0,195
2025-07-12,SKU039,92.0,0,3.0,195
2025-07-13,SKU039,32.0,181,3.0,195
2025-07-14,SKU039,0.0,34,3.0,195
2025-07-15,SKU039,131.0,0,3.0,195
2025-07-16,SKU039,53.0,136,3.0,195
2025-07-17,SKU039,0.0,90,3.0,195
2025-07-18,SKU039,97.0,0,3.0,195
2025-07-19,SKU039,31.0,87,3.0,195
2025-07-20,SKU039,0.0,113,3.0,195
2025-07-21,SKU039,47.0,0,3.0,195
2025-07-22,SKU039,0.0,85,3.0,195
2025-07-23,SKU039,0.0,91,3.0,195
2025-07-24,SKU039,142.0,0,3.0,195
2025-07-25,SKU039,76.0,107,3.0,195
2025-07-26,SKU039,5.0,81,3.0,195
2025-07-27,SKU039,74.0,0,3.0,195
2025-07-28,SKU039,3.0,53,3.0,195
2025-07-29,SKU039,0.0,137,3.0,195
2025-07-30,SKU039,109.0,0,3.0,195
2025-07-31,SKU039,40.0,121,3.0,195
2025-08-01,SKU039,0.0,30,3.0,195
2025-08-02,SKU039,0.0,203,3.0,195
2025-08-03,SKU039,114.0,0,3.0,195
2025-08-04,SKU039,51.0,216,3.0,195
2025-08-05,SKU039,0.0,184,3.0,195
2025-08-06,SKU039,115.0,0,3.0,195
2025-08-07,SKU039,41.0,206,3.0,195
2025-08-08,SKU039,0.0,77,3.0,195
2025-08-09,SKU039,128.0,0,3.0,195
2025-08-10,SKU039,45.0,77,3.0,195
2025-08-11,SKU039,0.0,217,3.0,195
2025-08-12,SKU039,107.0,0,3.0,195
2025-08-13,SKU039,50.0,170,3.0,195
2025-08-14,SKU039,0.0,72,3.0,195
2025-08-15,SKU039,4.0,0,3.0,195
2025-08-16,SKU039,0.0,57,3.0,195
2025-08-17,SKU039,0.0,85,3.0,195
2025-08-18,SKU039,145.0,0,3.0,195
2025-08-19,SKU039,78.0,117,3.0,195
2025-08-20,SKU039,11.0,214,3.0,195
2025-08-21,SKU039,89.0,0,3.0,195
2025-08-22,SKU039,12.0,30,3.0,195
2025-08-23,SKU039,0.0,93,3.0,195
2025-08-24,SKU039,41.0,0,3.0,195
2025-08-25,SKU039,0.0,110,3.0,195
2025-08-26,SKU039,0.0,158,3.0,195
2025-08-27,SKU039,6.0,0,3.0,195
2025-08-28,SKU039,0.0,107,3.0,195
2025-08-29,SKU039,0.0,222,3.0,195
2025-08-30,SKU039,11.0,0,3.0,195
2025-08-31,SKU039,0.0,126,3.0,195
2025-09-01,SKU039,0.0,127,3.0,195
2025-09-02,SKU039,0.0,65,3.0,195
2025-09-03,SKU039,48.0,0,3.0,195
2025-09-04,SKU039,0.0,70,3.0,195
2025-09-05,SKU039,0.0,48,3.0,195
2025-09-06,SKU039,123.0,0,3.0,195
2025-09-07,SKU039,59.0,166,3.0,195
2025-09-08,SKU039,11.0,80,3.0,195
2025-09-09,SKU039,0.0,0,3.0,195
2025-09-10,SKU039,0.0,219,3.0,195
2025-09-11,SKU039,0.0,206,3.0,195
2025-09-12,SKU039,61.0,0,3.0,195
2025-09-13,SKU039,0.0,153,3.0,195
2025-09-14,SKU039,0.0,83,3.0,195
2025-09-15,SKU039,57.0,0,3.0,195
2025-09-16,SKU039,2.0,132,3.0,195
2025-09-17,SKU039,0.0,80,3.0,195
2025-09-18,SKU039,0.0,0,3.0,195
2025-09-19,SKU039,0.0,168,3.0,195
2025-09-20,SKU039,0.0,65,3.0,195
2025-09-21,SKU039,29.0,0,3.0,195
2025-09-22,SKU039,0.0,213,3.0,195
2025-09-23,SKU039,0.0,145,3.0,195
2025-09-24,SKU039,3.0,0,3.0,195
2025-09-25,SKU039,0.0,83,3.0,195
2025-09-26,SKU039,0.0,71,3.0,195
2025-09-27,SKU039,119.0,0,3.0,195
2025-09-28,SKU039,65.0,183,3.0,195
2025-09-29,SKU039,25.0,134,3.0,195
2025-09-30,SKU039,38.0,0,3.0,195
2025-10-01,SKU039,0.0,171,3.0,195
2025-10-02,SKU039,0.0,193,3.0,195
2025-10-03,SKU039,28.0,0,3.0,195
2025-10-04,SKU039,0.0,68,3.0,195
2025-10-05,SKU039,,163,3.0,195
2025-10-06,SKU039,13.0,0,3.0,195
2025-10-07,SKU039,0.0,206,3.0,195
2025-10-08,SKU039,0.0,189,3.0,195
2025-10-09,SKU039,6.0,0,3.0,195
2025-10-10,SKU039,0.0,35,3.0,195
2025-10-11,SKU039,0.0,212,3.0,195
2025-10-12,SKU039,143.0,0,3.0,195
2025-10-13,SKU039,96.0,122,3.0,195
2025-10-14,SKU039,37.0,29,3.0,195
2025-10-15,SKU039,158.0,0,3.0,195
2025-10-16,SKU039,109.0,82,3.0,195
2025-10-17,SKU039,48.0,173,3.0,195
2025-10-18,SKU039,19.0,0,3.0,195
2025-10-19,SKU039,0.0,147,3.0,195
2025-10-20,SKU039,0.0,210,3.0,195
2025-10-21,SKU039,56.0,0,3.0,195
2025-10-22,SKU039,0.0,212,3.0,195
2025-10-23,SKU039,0.0,168,3.0,195
2025-10-24,SKU039,84.0,0,3.0,195
2025-10-25,SKU039,26.0,192,3.0,195
2025-10-26,SKU039,0.0,207,3.0,195
2025-10-27,SKU039,144.0,0,3.0,195
2025-10-28,SKU039,96.0,206,3.0,195
2025-10-29,SKU039,12.0,40,3.0,195
2025-10-30,SKU039,24.0,0,3.0,195
2025-10-31,SKU039,0.0,79,3.0,195
2025-11-01,SKU039,0.0,214,3.0,195
2025-11-02,SKU039,0.0,205,3.0,195
2025-11-03,SKU039,136.0,0,3.0,195
2025-11-04,SKU039,89.0,183,3.0,195
2025-11-05,SKU039,40.0,114,3.0,195
2025-11-06,SKU039,44.0,0,3.0,195
2025-11-07,SKU039,0.0,157,3.0,195
2025-11-08,SKU039,0.0,129,3.0,195
2025-11-09,SKU039,47.0,0,3.0,195
2025-11-10,SKU039,3.0,98,3.0,195
2025-11-11,SKU039,0.0,59,3.0,195
2025-11-12,SKU039,46.0,0,3.0,195
2025-11-13,SKU039,0.0,207,3.0,195
2025-11-14,SKU039,0.0,66,3.0,195
2025-11-15,SKU039,77.0,0,3.0,195
2025-11-16,SKU039,26.0,149,3.0,195
2025-11-17,SKU039,0.0,102,3.0,195
2025-11-18,SKU039,37.0,0,3.0,195
2025-11-19,SKU039,0.0,58,3.0,195
2025-11-20,SKU039,0.0,108,3.0,195
2025-11-21,SKU039,20.0,0,3.0,195
2025-11-22,SKU039,0.0,34,3.0,195
2025-11-23,SKU039,0.0,207,3.0,195
2025-11-24,SKU039,0.0,0,3.0,195
2025-11-25,SKU039,0.0,37,3.0,195
2025-11-26,SKU039,0.0,158,3.0,195
2025-11-27,SKU039,112.0,0,3.0,195
2025-11-28,SKU039,14.0,116,3.0,195
2025-11-29,SKU039,0.0,90,3.0,195
2025-11-30,SKU039,64.0,0,3.0,195
2025-12-01,SKU039,0.0,197,3.0,195
2025-12-02,SKU039,0.0,89,3.0,195
2025-12-03,SKU039,85.0,0,3.0,195
2025-12-04,SKU039,11.0,202,3.0,195
2025-12-05,SKU039,0.0,157,3.0,195
2025-12-06,SKU039,0.0,0,3.0,195
2025-12-07,SKU039,0.0,59,3.0,195
2025-12-08,SKU039,0.0,184,3.0,195
2025-12-09,SKU039,43.0,0,3.0,195
2025-12-10,SKU039,0.0,73,3.0,195
2025-12-11,SKU039,0.0,44,3.0,195
2025-12-12,SKU039,0.0,0,3.0,195
2025-12-13,SKU039,0.0,128,3.0,195
2025-12-14,SKU039,0.0,171,3.0,195
2025-12-15,SKU039,25.0,0,3.0,195
2025-12-16,SKU039,0.0,105,3.0,195
2025-12-17,SKU039,0.0,28,3.0,195
2025-12-18,SKU039,0.0,0,3.0,195
2025-12-19,SKU039,0.0,64,3.0,195
2025-12-20,SKU039,0.0,105,3.0,195
2025-12-21,SKU039,0.0,0,3.0,195
2025-12-22,SKU039,0.0,136,3.0,195
2025-12-23,SKU039,0.0,140,3.0,195
2025-12-24,SKU039,107.0,0,3.0,195
2025-12-25,SKU039,12.0,60,3.0,195
2025-12-26,SKU039,0.0,146,3.0,195
2025-12-27,SKU039,71.0,0,3.0,195
2025-12-28,SKU039,0.0,206,3.0,195
2025-12-29,SKU039,0.0,61,3.0,195
2025-12-30,SKU039,86.0,0,3.0,195
2025-12-31,SKU039,0.0,57,3.0,195
2026-01-01,SKU039,0.0,65,3.0,195
2026-01-02,SKU039,0.0,167,3.0,195
2026-01-03,SKU039,99.0,0,3.0,195
2026-01-04,SKU039,55.0,98,3.0,195
2026-01-05,SKU039,0.0,182,3.0,195
2026-01-06,SKU039,93.0,0,3.0,195
2026-01-07,SKU039,14.0,97,3.0,195
2026-01-08,SKU039,0.0,82,3.0,195
2026-01-09,SKU039,81.0,0,3.0,195
2026-01-10,SKU039,33.0,191,3.0,195
2026-01-11,SKU039,0.0,45,3.0,195
2026-01-12,SKU039,60.0,0,3.0,195
2026-01-13,SKU039,0.0,81,3.0,195
2026-01-14,SKU039,0.0,49,3.0,195
2026-01-15,SKU039,2.0,0,3.0,195
2026-01-16,SKU039,0.0,186,3.0,195
2026-01-17,SKU039,0.0,160,3.0,195
2026-01-18,SKU039,162.0,0,3.0,195
2026-01-19,SKU039,99.0,92,3.0,195
2026-01-20,SKU039,40.0,205,3.0,195
2026-01-21,SKU039,18.0,0,3.0,195
2026-01-22,SKU039,0.0,197,3.0,195
2026-01-23,SKU039,0.0,37,3.0,195
2026-01-24,SKU039,0.0,0,3.0,195
2026-01-25,SKU039,0.0,184,3.0,195
2026-01-26,SKU039,0.0,209,3.0,195
2026-01-27,SKU039,89.0,0,3.0,195
2026-01-28,SKU039,21.0,195,3.0,195
2026-01-29,SKU039,0.0,51,3.0,195
2026-01-30,SKU039,122.0,0,3.0,195
2026-01-31,SKU039,51.0,83,3.0,195
2026-02-01,SKU039,0.0,210,3.0,195
2026-02-02,SKU039,0.0,110,3.0,195
2026-02-03,SKU039,97.0,0,3.0,195
2026-02-04,SKU039,28.0,163,3.0,195
2026-02-05,SKU039,0.0,31,3.0,195
2026-02-06,SKU039,0.0,0,3.0,195
2026-02-07,SKU039,0.0,138,3.0,195
2026-02-08,SKU039,0.0,71,3.0,195
2026-02-09,SKU039,109.0,0,3.0,195
2026-02-10,SKU039,20.0,187,3.0,195
2026-02-11,SKU039,0.0,31,3.0,195
2026-02-12,SKU039,69.0,0,3.0,195
2026-02-13,SKU039,0.0,221,3.0,195
2026-02-14,SKU039,0.0,131,3.0,195
2026-02-15,SKU039,120.0,0,3.0,195
2026-02-16,SKU039,61.0,49,3.0,195
2026-02-17,SKU039,0.0,169,3.0,195
2026-02-18,SKU039,29.0,0,3.0,195
2026-02-19,SKU039,0.0,82,3.0,195
2026-02-20,SKU039,0.0,124,3.0,195
2026-02-21,SKU039,138.0,0,3.0,195
2026-02-22,SKU039,61.0,160,3.0,195
2026-02-23,SKU039,0.0,207,3.0,195
2026-02-24,SKU039,101.0,0,3.0,195
2026-02-25,SKU039,19.0,174,3.0,195
2026-02-26,SKU039,0.0,194,3.0,195
2026-02-27,SKU039,17.0,0,3.0,195
2026-02-28,SKU039,0.0,181,3.0,195
2026-03-01,SKU039,0.0,192,3.0,195
2026-03-02,SKU039,0.0,172,3.0,195
2026-03-03,SKU039,67.0,0,3.0,195
2026-03-04,SKU039,5.0,64,3.0,195
2026-03-05,SKU039,0.0,214,3.0,195
2026-03-06,SKU039,28.0,0,3.0,195
2026-03-07,SKU039,0.0,108,3.0,195
2026-03-08,SKU039,0.0,41,3.0,195
2026-03-09,SKU039,0.0,0,3.0,195
2026-03-10,SKU039,0.0,60,3.0,195
2026-03-11,SKU039,0.0,148,3.0,195
2026-03-12,SKU039,23.0,0,3.0,195
2026-03-13,SKU039,0.0,199,3.0,195
2026-03-14,SKU039,0.0,31,3.0,195
2026-03-15,SKU039,0.0,0,3.0,195
2026-03-16,SKU039,0.0,43,3.0,195
2026-03-17,SKU039,0.0,47,3.0,195
2026-03-18,SKU039,0.0,0,3.0,195
2026-03-19,SKU039,0.0,196,3.0,195
2026-03-20,SKU039,0.0,194,3.0,195
2026-03-21,SKU039,25.0,0,3.0,195
2026-03-22,SKU039,0.0,42,3.0,195
2026-03-23,SKU039,0.0,160,3.0,195
2026-03-24,SKU039,72.0,0,3.0,195
2026-03-25,SKU039,0.0,207,3.0,195
2026-03-26,SKU039,0.0,206,3.0,195
2026-03-27,SKU039,15.0,0,3.0,195
2026-03-28,SKU039,0.0,200,3.0,195
2026-03-29,SKU039,0.0,131,3.0,195
2026-03-30,SKU039,153.0,0,3.0,195
2026-03-31,SKU039,90.0,159,3.0,195
2026-04-01,SKU039,19.0,118,3.0,195
2026-04-02,SKU039,0.0,140,3.0,195
2026-04-03,SKU039,0.0,0,3.0,195
2026-04-04,SKU039,0.0,138,3.0,195
2026-04-05,SKU039,0.0,80,3.0,195
2026-04-06,SKU039,64.0,0,3.0,195
2026-04-07,SKU039,0.0,85,3.0,195
2026-04-08,SKU039,0.0,114,3.0,195
2026-04-09,SKU039,133.0,0,3.0,195
2026-04-10,SKU039,63.0,138,3.0,195
2026-04-11,SKU039,11.0,37,3.0,195
2026-04-12,SKU039,115.0,0,3.0,195
2026-04-13,SKU039,51.0,156,3.0,195
2026-04-14,SKU039,0.0,45,3.0,195
2026-04-15,SKU039,39.0,0,3.0,195
2026-04-16,SKU039,0.0,77,3.0,195
2026-04-17,SKU039,0.0,117,3.0,195
2026-04-18,SKU039,0.0,0,3.0,195
2026-04-19,SKU039,0.0,189,3.0,195
2026-04-20,SKU039,0.0,103,3.0,195
2026-04-21,SKU039,0.0,0,3.0,195
2026-04-22,SKU039,0.0,83,3.0,195
2026-04-23,SKU039,0.0,55,3.0,195
2026-04-24,SKU039,3.0,0,3.0,195
2026-04-25,SKU039,0.0,193,3.0,195
2026-04-26,SKU039,0.0,131,3.0,195
2026-04-27,SKU039,54.0,0,3.0,195
2026-04-28,SKU039,2.0,202,3.0,195
2026-04-29,SKU039,0.0,117,3.0,195
2026-04-30,SKU039,121.0,0,3.0,195
2026-05-01,SKU039,33.0,67,3.0,195
2026-05-02,SKU039,0.0,99,3.0,195
2026-05-03,SKU039,45.0,0,3.0,195
2026-05-04,SKU039,0.0,127,3.0,195
2026-05-05,SKU039,0.0,183,3.0,195
2026-05-06,SKU039,94.0,0,3.0,195
2026-05-07,SKU039,37.0,202,3.0,195
2026-05-08,SKU039,0.0,206,3.0,195
2026-05-09,SKU039,46.0,0,3.0,195
2026-05-10,SKU039,0.0,160,3.0,195
2026-05-11,SKU039,0.0,180,3.0,195
2026-05-12,SKU039,25.0,0,3.0,195
2026-05-13,SKU039,0.0,82,3.0,195
2026-05-14,SKU039,0.0,198,3.0,195
2026-05-15,SKU039,90.0,0,3.0,195
2026-05-16,SKU039,38.0,64,3.0,195
2026-05-17,SKU039,0.0,140,3.0,195
2026-05-18,SKU039,15.0,0,3.0,195
2026-05-19,SKU039,0.0,118,3.0,195
2026-05-20,SKU039,0.0,160,3.0,195
2026-05-21,SKU039,134.0,0,3.0,195
2026-05-22,SKU039,47.0,106,3.0,195
2026-05-23,SKU039,0.0,47,3.0,195
2026-05-24,SKU039,97.0,0,3.0,195
2026-05-25,SKU039,36.0,157,3.0,195
2026-05-26,SKU039,0.0,148,3.0,195
2026-05-27,SKU039,22.0,0,3.0,195
2026-05-28,SKU039,0.0,36,3.0,195
2026-05-29,SKU039,0.0,143,3.0,195
2026-05-30,SKU039,102.0,0,3.0,195
2026-05-31,SKU039,27.0,86,3.0,195
2026-06-01,SKU039,0.0,161,3.0,195
2026-06-02,SKU039,0.0,52,3.0,195
2026-06-03,SKU039,76.0,0,3.0,195
2026-06-04,SKU039,0.0,194,3.0,195
2026-06-05,SKU039,0.0,103,3.0,195
2026-06-06,SKU039,0.0,0,3.0,195
2026-06-07,SKU039,0.0,122,3.0,195
2026-06-08,SKU039,0.0,141,3.0,195
2026-06-09,SKU039,0.0,0,3.0,195
2026-06-10,SKU039,0.0,65,3.0,195
2026-06-11,SKU039,0.0,40,3.0,195
2026-06-12,SKU039,46.0,0,3.0,195
2026-06-13,SKU039,0.0,101,3.0,195
2026-06-14,SKU039,0.0,136,3.0,195
2026-06-15,SKU039,71.0,0,3.0,195
2026-06-16,SKU039,0.0,77,3.0,195
2026-06-17,SKU039,0.0,176,3.0,195
2026-06-18,SKU039,0.0,0,3.0,195
2026-06-19,SKU039,0.0,220,3.0,195
2026-06-20,SKU039,0.0,119,3.0,195
2026-06-21,SKU039,47.0,0,3.0,195
2026-06-22,SKU039,0.0,136,3.0,195
2026-06-23,SKU039,0.0,84,3.0,195
2026-06-24,SKU039,35.0,0,3.0,195
2026-06-25,SKU039,0.0,35,3.0,195
2026-06-26,SKU039,0.0,190,3.0,195
2026-06-27,SKU039,119.0,0,3.0,195
2026-06-28,SKU039,41.0,100,3.0,195
2026-06-29,SKU039,0.0,192,3.0,195
2026-06-30,SKU039,82.0,0,3.0,195
2025-01-01,SKU040,238.0,79,6.0,271
2025-01-02,SKU040,188.0,161,6.0,271
2025-01-03,SKU040,128.0,79,6.0,271
2025-01-04,SKU040,53.0,195,6.0,271
2025-01-05,SKU040,0.0,198,6.0,271
2025-01-06,SKU040,70.0,0,6.0,271
2025-01-07,SKU040,0.0,142,6.0,271
2025-01-08,SKU040,0.0,98,6.0,271
2025-01-09,SKU040,0.0,199,6.0,271
2025-01-10,SKU040,0.0,201,6.0,271
2025-01-11,SKU040,0.0,149,6.0,271
2025-01-12,SKU040,0.0,0,6.0,271
2025-01-13,SKU040,0.0,128,6.0,271
2025-01-14,SKU040,0.0,162,6.0,271
2025-01-15,SKU040,0.0,210,6.0,271
2025-01-16,SKU040,0.0,210,6.0,271
2025-01-17,SKU040,0.0,180,6.0,271
2025-01-18,SKU040,0.0,0,6.0,271
2025-01-19,SKU040,0.0,107,6.0,271
2025-01-20,SKU040,0.0,210,6.0,271
2025-01-21,SKU040,0.0,101,6.0,271
2025-01-22,SKU040,0.0,146,6.0,271
2025-01-23,SKU040,0.0,190,6.0,271
2025-01-24,SKU040,0.0,0,6.0,271
2025-01-25,SKU040,0.0,66,6.0,271
2025-01-26,SKU040,0.0,208,6.0,271
2025-01-27,SKU040,0.0,191,6.0,271
2025-01-28,SKU040,0.0,113,6.0,271
2025-01-29,SKU040,0.0,207,6.0,271
2025-01-30,SKU040,76.0,0,6.0,271
2025-01-31,SKU040,15.0,70,6.0,271
2025-02-01,SKU040,0.0,97,6.0,271
2025-02-02,SKU040,0.0,187,6.0,271
2025-02-03,SKU040,0.0,135,6.0,271
2025-02-04,SKU040,0.0,33,6.0,271
2025-02-05,SKU040,0.0,127,6.0,271
2025-02-06,SKU040,0.0,0,6.0,271
2025-02-07,SKU040,0.0,60,6.0,271
2025-02-08,SKU040,0.0,155,6.0,271
2025-02-09,SKU040,0.0,149,6.0,271
2025-02-10,SKU040,0.0,133,6.0,271
2025-02-11,SKU040,0.0,149,6.0,271
2025-02-12,SKU040,23.0,0,6.0,271
2025-02-13,SKU040,0.0,29,6.0,271
2025-02-14,SKU040,0.0,156,6.0,271
2025-02-15,SKU040,0.0,169,6.0,271
2025-02-16,SKU040,0.0,137,6.0,271
2025-02-17,SKU040,0.0,146,6.0,271
2025-02-18,SKU040,0.0,0,6.0,271
2025-02-19,SKU040,0.0,77,6.0,271
2025-02-20,SKU040,0.0,133,6.0,271
2025-02-21,SKU040,0.0,84,6.0,271
2025-02-22,SKU040,0.0,71,6.0,271
2025-02-23,SKU040,0.0,180,6.0,271
2025-02-24,SKU040,95.0,0,6.0,271
2025-02-25,SKU040,34.0,47,6.0,271
2025-02-26,SKU040,0.0,192,6.0,271
2025-02-27,SKU040,0.0,132,6.0,271
2025-02-28,SKU040,0.0,174,6.0,271
2025-03-01,SKU040,0.0,135,6.0,271
2025-03-02,SKU040,0.0,120,6.0,271
2025-03-03,SKU040,0.0,167,6.0,271
2025-03-04,SKU040,0.0,120,6.0,271
2025-03-05,SKU040,0.0,153,6.0,271
2025-03-06,SKU040,70.0,0,6.0,271
2025-03-07,SKU040,0.0,168,6.0,271
2025-03-08,SKU040,0.0,181,6.0,271
2025-03-09,SKU040,0.0,166,6.0,271
2025-03-10,SKU040,0.0,208,6.0,271
2025-03-11,SKU040,0.0,211,6.0,271
2025-03-12,SKU040,8.0,0,6.0,271
2025-03-13,SKU040,0.0,147,6.0,271
2025-03-14,SKU040,0.0,141,6.0,271
2025-03-15,SKU040,0.0,37,6.0,271
2025-03-16,SKU040,0.0,103,6.0,271
2025-03-17,SKU040,0.0,79,6.0,271
2025-03-18,SKU040,35.0,0,6.0,271
2025-03-19,SKU040,0.0,178,6.0,271
2025-03-20,SKU040,0.0,84,6.0,271
2025-03-21,SKU040,0.0,208,6.0,271
2025-03-22,SKU040,0.0,200,6.0,271
2025-03-23,SKU040,0.0,151,6.0,271
2025-03-24,SKU040,150.0,0,6.0,271
2025-03-25,SKU040,71.0,30,6.0,271
2025-03-26,SKU040,0.0,96,6.0,271
2025-03-27,SKU040,0.0,76,6.0,271
2025-03-28,SKU040,0.0,55,6.0,271
2025-03-29,SKU040,0.0,178,6.0,271
2025-03-30,SKU040,52.0,0,6.0,271
2025-03-31,SKU040,3.0,208,6.0,271
2025-04-01,SKU040,0.0,105,6.0,271
2025-04-02,SKU040,0.0,215,6.0,271
2025-04-03,SKU040,0.0,152,6.0,271
2025-04-04,SKU040,0.0,99,6.0,271
2025-04-05,SKU040,,155,6.0,271
2025-04-06,SKU040,139.0,0,6.0,271
2025-04-07,SKU040,83.0,38,6.0,271
2025-04-08,SKU040,33.0,113,6.0,271
2025-04-09,SKU040,0.0,38,6.0,271
2025-04-10,SKU040,0.0,150,6.0,271
2025-04-11,SKU040,0.0,30,6.0,271
2025-04-12,SKU040,81.0,0,6.0,271
2025-04-13,SKU040,24.0,66,6.0,271
2025-04-14,SKU040,0.0,66,6.0,271
2025-04-15,SKU040,0.0,173,6.0,271
2025-04-16,SKU040,0.0,61,6.0,271
2025-04-17,SKU040,0.0,39,6.0,271
2025-04-18,SKU040,34.0,0,6.0,271
2025-04-19,SKU040,0.0,115,6.0,271
2025-04-20,SKU040,0.0,96,6.0,271
2025-04-21,SKU040,0.0,129,6.0,271
2025-04-22,SKU040,0.0,99,6.0,271
2025-04-23,SKU040,0.0,85,6.0,271
2025-04-24,SKU040,76.0,0,6.0,271
2025-04-25,SKU040,12.0,34,6.0,271
2025-04-26,SKU040,0.0,32,6.0,271
2025-04-27,SKU040,0.0,198,6.0,271
2025-04-28,SKU040,0.0,157,6.0,271
2025-04-29,SKU040,0.0,95,6.0,271
2025-04-30,SKU040,40.0,0,6.0,271
2025-05-01,SKU040,0.0,97,6.0,271
2025-05-02,SKU040,0.0,197,6.0,271
2025-05-03,SKU040,0.0,218,6.0,271
2025-05-04,SKU040,0.0,86,6.0,271
2025-05-05,SKU040,0.0,164,6.0,271
2025-05-06,SKU040,20.0,0,6.0,271
2025-05-07,SKU040,0.0,172,6.0,271
2025-05-08,SKU040,0.0,213,6.0,271
2025-05-09,SKU040,0.0,35,6.0,271
2025-05-10,SKU040,0.0,40,6.0,271
2025-05-11,SKU040,0.0,183,6.0,271
2025-05-12,SKU040,60.0,0,6.0,271
2025-05-13,SKU040,0.0,136,6.0,271
2025-05-14,SKU040,0.0,104,6.0,271
2025-05-15,SKU040,0.0,38,6.0,271
2025-05-16,SKU040,0.0,106,6.0,271
2025-05-17,SKU040,0.0,57,6.0,271
2025-05-18,SKU040,20.0,0,6.0,271
2025-05-19,SKU040,0.0,61,6.0,271
2025-05-20,SKU040,0.0,195,6.0,271
2025-05-21,SKU040,0.0,76,6.0,271
2025-05-22,SKU040,0.0,142,6.0,271
2025-05-23,SKU040,0.0,220,6.0,271
2025-05-24,SKU040,160.0,0,6.0,271
2025-05-25,SKU040,108.0,156,6.0,271
2025-05-26,SKU040,54.0,88,6.0,271
2025-05-27,SKU040,0.0,126,6.0,271
2025-05-28,SKU040,0.0,127,6.0,271
2025-05-29,SKU040,0.0,199,6.0,271
2025-05-30,SKU040,132.0,0,6.0,271
2025-05-31,SKU040,68.0,200,6.0,271
2025-06-01,SKU040,0.0,31,6.0,271
2025-06-02,SKU040,0.0,218,6.0,271
2025-06-03,SKU040,0.0,161,6.0,271
2025-06-04,SKU040,0.0,209,6.0,271
2025-06-05,SKU040,0.0,182,6.0,271
2025-06-06,SKU040,96.0,0,6.0,271
2025-06-07,SKU040,33.0,42,6.0,271
2025-06-08,SKU040,0.0,56,6.0,271
2025-06-09,SKU040,0.0,68,6.0,271
2025-06-10,SKU040,0.0,123,6.0,271
2025-06-11,SKU040,0.0,179,6.0,271
2025-06-12,SKU040,0.0,0,6.0,271
2025-06-13,SKU040,0.0,219,6.0,271
2025-06-14,SKU040,0.0,157,6.0,271
2025-06-15,SKU040,0.0,172,6.0,271
2025-06-16,SKU040,0.0,204,6.0,271
2025-06-17,SKU040,0.0,128,6.0,271
2025-06-18,SKU040,0.0,0,6.0,271
2025-06-19,SKU040,0.0,111,6.0,271
2025-06-20,SKU040,0.0,131,6.0,271
2025-06-21,SKU040,0.0,217,6.0,271
2025-06-22,SKU040,0.0,41,6.0,271
2025-06-23,SKU040,0.0,92,6.0,271
2025-06-24,SKU040,118.0,0,6.0,271
2025-06-25,SKU040,51.0,165,6.0,271
2025-06-26,SKU040,0.0,191,6.0,271
2025-06-27,SKU040,0.0,215,6.0,271
2025-06-28,SKU040,0.0,138,6.0,271
2025-06-29,SKU040,0.0,195,6.0,271
2025-06-30,SKU040,137.0,0,6.0,271
2025-07-01,SKU040,70.0,53,6.0,271
2025-07-02,SKU040,0.0,142,6.0,271
2025-07-03,SKU040,0.0,116,6.0,271
2025-07-04,SKU040,0.0,178,6.0,271
2025-07-05,SKU040,0.0,66,6.0,271
2025-07-06,SKU040,152.0,0,6.0,271
2025-07-07,SKU040,93.0,115,6.0,271
2025-07-08,SKU040,44.0,99,6.0,271
2025-07-09,SKU040,0.0,168,6.0,271
2025-07-10,SKU040,0.0,92,6.0,271
2025-07-11,SKU040,0.0,202,6.0,271
2025-07-12,SKU040,150.0,0,6.0,271
2025-07-13,SKU040,80.0,34,6.0,271
2025-07-14,SKU040,22.0,63,6.0,271
2025-07-15,SKU040,0.0,171,6.0,271
2025-07-16,SKU040,0.0,133,6.0,271
2025-07-17,SKU040,0.0,43,6.0,271
2025-07-18,SKU040,51.0,0,6.0,271
2025-07-19,SKU040,0.0,34,6.0,271
2025-07-20,SKU040,0.0,78,6.0,271
2025-07-21,SKU040,0.0,62,6.0,271
2025-07-22,SKU040,0.0,189,6.0,271
2025-07-23,SKU040,0.0,195,6.0,271
2025-07-24,SKU040,128.0,0,6.0,271
2025-07-25,SKU040,55.0,33,6.0,271
2025-07-26,SKU040,0.0,174,6.0,271
2025-07-27,SKU040,0.0,146,6.0,271
2025-07-28,SKU040,0.0,162,6.0,271
2025-07-29,SKU040,0.0,37,6.0,271
2025-07-30,SKU040,2.0,0,6.0,271
2025-07-31,SKU040,0.0,68,6.0,271
2025-08-01,SKU040,0.0,59,6.0,271
2025-08-02,SKU040,0.0,140,6.0,271
2025-08-03,SKU040,0.0,93,6.0,271
2025-08-04,SKU040,0.0,117,6.0,271
2025-08-05,SKU040,0.0,168,6.0,271
2025-08-06,SKU040,64.0,0,6.0,271
2025-08-07,SKU040,0.0,116,6.0,271
2025-08-08,SKU040,0.0,205,6.0,271
2025-08-09,SKU040,0.0,152,6.0,271
2025-08-10,SKU040,0.0,162,6.0,271
2025-08-11,SKU040,0.0,63,6.0,271
2025-08-12,SKU040,68.0,0,6.0,271
2025-08-13,SKU040,0.0,128,6.0,271
2025-08-14,SKU040,0.0,212,6.0,271
2025-08-15,SKU040,0.0,172,6.0,271
2025-08-16,SKU040,0.0,192,6.0,271
2025-08-17,SKU040,0.0,156,6.0,271
2025-08-18,SKU040,29.0,0,6.0,271
2025-08-19,SKU040,0.0,157,6.0,271
2025-08-20,SKU040,0.0,217,6.0,271
2025-08-21,SKU040,0.0,91,6.0,271
2025-08-22,SKU040,0.0,61,6.0,271
2025-08-23,SKU040,0.0,89,6.0,271
2025-08-24,SKU040,116.0,0,6.0,271
2025-08-25,SKU040,76.0,44,6.0,271
2025-08-26,SKU040,0.0,209,6.0,271
2025-08-27,SKU040,0.0,167,6.0,271
2025-08-28,SKU040,0.0,146,6.0,271
2025-08-29,SKU040,0.0,62,6.0,271
2025-08-30,SKU040,52.0,0,6.0,271
2025-08-31,SKU040,0.0,31,6.0,271
2025-09-01,SKU040,0.0,139,6.0,271
2025-09-02,SKU040,0.0,86,6.0,271
2025-09-03,SKU040,0.0,132,6.0,271
2025-09-04,SKU040,0.0,98,6.0,271
2025-09-05,SKU040,0.0,114,6.0,271
2025-09-06,SKU040,67.0,0,6.0,271
2025-09-07,SKU040,1.0,214,6.0,271
2025-09-08,SKU040,0.0,220,6.0,271
2025-09-09,SKU040,0.0,147,6.0,271
2025-09-10,SKU040,0.0,55,6.0,271
2025-09-11,SKU040,0.0,36,6.0,271
2025-09-12,SKU040,170.0,0,6.0,271
2025-09-13,SKU040,103.0,151,6.0,271
2025-09-14,SKU040,53.0,144,6.0,271
2025-09-15,SKU040,18.0,36,6.0,271
2025-09-16,SKU040,0.0,211,6.0,271
2025-09-17,SKU040,0.0,59,6.0,271
2025-09-18,SKU040,79.0,0,6.0,271
2025-09-19,SKU040,3.0,87,6.0,271
2025-09-20,SKU040,0.0,102,6.0,271
2025-09-21,SKU040,0.0,92,6.0,271
2025-09-22,SKU040,0.0,79,6.0,271
2025-09-23,SKU040,0.0,78,6.0,271
2025-09-24,SKU040,0.0,0,6.0,271
2025-09-25,SKU040,0.0,32,6.0,271
2025-09-26,SKU040,0.0,107,6.0,271
2025-09-27,SKU040,0.0,44,6.0,271
2025-09-28,SKU040,0.0,95,6.0,271
2025-09-29,SKU040,0.0,75,6.0,271
2025-09-30,SKU040,70.0,0,6.0,271
2025-10-01,SKU040,0.0,151,6.0,271
2025-10-02,SKU040,0.0,104,6.0,271
2025-10-03,SKU040,0.0,117,6.0,271
2025-10-04,SKU040,0.0,221,6.0,271
2025-10-05,SKU040,0.0,113,6.0,271
2025-10-06,SKU040,57.0,0,6.0,271
2025-10-07,SKU040,0.0,139,6.0,271
2025-10-08,SKU040,0.0,33,6.0,271
2025-10-09,SKU040,0.0,124,6.0,271
2025-10-10,SKU040,0.0,36,6.0,271
2025-10-11,SKU040,0.0,82,6.0,271
2025-10-12,SKU040,129.0,0,6.0,271
2025-10-13,SKU040,79.0,68,6.0,271
2025-10-14,SKU040,21.0,124,6.0,271
2025-10-15,SKU040,0.0,163,6.0,271
2025-10-16,SKU040,0.0,219,6.0,271
2025-10-17,SKU040,0.0,153,6.0,271
2025-10-18,SKU040,128.0,0,6.0,271
2025-10-19,SKU040,52.0,67,6.0,271
2025-10-20,SKU040,0.0,42,6.0,271
2025-10-21,SKU040,0.0,124,6.0,271
2025-10-22,SKU040,0.0,139,6.0,271
2025-10-23,SKU040,0.0,90,6.0,271
2025-10-24,SKU040,124.0,0,6.0,271
2025-10-25,SKU040,61.0,135,6.0,271
2025-10-26,SKU040,13.0,143,6.0,271
2025-10-27,SKU040,0.0,203,6.0,271
2025-10-28,SKU040,0.0,60,6.0,271
2025-10-29,SKU040,0.0,91,6.0,271
2025-10-30,SKU040,105.0,0,6.0,271
2025-10-31,SKU040,32.0,124,6.0,271
2025-11-01,SKU040,0.0,201,6.0,271
2025-11-02,SKU040,0.0,58,6.0,271
2025-11-03,SKU040,0.0,117,6.0,271
2025-11-04,SKU040,0.0,178,6.0,271
2025-11-05,SKU040,0.0,150,6.0,271
2025-11-06,SKU040,6.0,0,6.0,271
2025-11-07,SKU040,0.0,164,6.0,271
2025-11-08,SKU040,0.0,134,6.0,271
2025-11-09,SKU040,0.0,218,6.0,271
2025-11-10,SKU040,0.0,152,6.0,271
2025-11-11,SKU040,0.0,90,6.0,271
2025-11-12,SKU040,91.0,0,6.0,271
2025-11-13,SKU040,20.0,54,6.0,271
2025-11-14,SKU040,0.0,174,6.0,271
2025-11-15,SKU040,0.0,195,6.0,271
2025-11-16,SKU040,0.0,142,6.0,271
2025-11-17,SKU040,0.0,138,6.0,271
2025-11-18,SKU040,0.0,0,6.0,271
2025-11-19,SKU040,0.0,63,6.0,271
2025-11-20,SKU040,0.0,215,6.0,271
2025-11-21,SKU040,0.0,105,6.0,271
2025-11-22,SKU040,0.0,179,6.0,271
2025-11-23,SKU040,0.0,202,6.0,271
2025-11-24,SKU040,0.0,0,6.0,271
2025-11-25,SKU040,0.0,202,6.0,271
2025-11-26,SKU040,0.0,61,6.0,271
2025-11-27,SKU040,0.0,178,6.0,271
2025-11-28,SKU040,0.0,80,6.0,271
2025-11-29,SKU040,0.0,193,6.0,271
2025-11-30,SKU040,49.0,0,6.0,271
2025-12-01,SKU040,0.0,118,6.0,271
2025-12-02,SKU040,0.0,141,6.0,271
2025-12-03,SKU040,0.0,194,6.0,271
2025-12-04,SKU040,0.0,86,6.0,271
2025-12-05,SKU040,0.0,219,6.0,271
2025-12-06,SKU040,132.0,0,6.0,271
2025-12-07,SKU040,73.0,103,6.0,271
2025-12-08,SKU040,1.0,33,6.0,271
2025-12-09,SKU040,0.0,62,6.0,271
2025-12-10,SKU040,0.0,136,6.0,271
2025-12-11,SKU040,0.0,190,6.0,271
2025-12-12,SKU040,138.0,0,6.0,271
2025-12-13,SKU040,55.0,102,6.0,271
2025-12-14,SKU040,0.0,36,6.0,271
2025-12-15,SKU040,0.0,165,6.0,271
2025-12-16,SKU040,0.0,88,6.0,271
2025-12-17,SKU040,0.0,144,6.0,271
2025-12-18,SKU040,2.0,0,6.0,271
2025-12-19,SKU040,0.0,151,6.0,271
2025-12-20,SKU040,0.0,76,6.0,271
2025-12-21,SKU040,0.0,58,6.0,271
2025-12-22,SKU040,0.0,61,6.0,271
2025-12-23,SKU040,0.0,207,6.0,271
2025-12-24,SKU040,104.0,0,6.0,271
2025-12-25,SKU040,0.0,194,6.0,271
2025-12-26,SKU040,0.0,147,6.0,271
2025-12-27,SKU040,0.0,107,6.0,271
2025-12-28,SKU040,0.0,71,6.0,271
2025-12-29,SKU040,0.0,155,6.0,271
2025-12-30,SKU040,23.0,0,6.0,271
2025-12-31,SKU040,0.0,144,6.0,271
2026-01-01,SKU040,0.0,97,6.0,271
2026-01-02,SKU040,0.0,30,6.0,271
2026-01-03,SKU040,0.0,149,6.0,271
2026-01-04,SKU040,0.0,221,6.0,271
2026-01-05,SKU040,0.0,120,6.0,271
2026-01-06,SKU040,0.0,0,6.0,271
2026-01-07,SKU040,0.0,174,6.0,271
2026-01-08,SKU040,0.0,126,6.0,271
2026-01-09,SKU040,0.0,167,6.0,271
2026-01-10,SKU040,0.0,200,6.0,271
2026-01-11,SKU040,0.0,82,6.0,271
2026-01-12,SKU040,21.0,0,6.0,271
2026-01-13,SKU040,0.0,119,6.0,271
2026-01-14,SKU040,0.0,44,6.0,271
2026-01-15,SKU040,0.0,47,6.0,271
2026-01-16,SKU040,0.0,127,6.0,271
2026-01-17,SKU040,0.0,105,6.0,271
2026-01-18,SKU040,36.0,0,6.0,271
2026-01-19,SKU040,0.0,153,6.0,271
2026-01-20,SKU040,0.0,209,6.0,271
2026-01-21,SKU040,0.0,211,6.0,271
2026-01-22,SKU040,0.0,106,6.0,271
2026-01-23,SKU040,0.0,154,6.0,271
2026-01-24,SKU040,7.0,0,6.0,271
2026-01-25,SKU040,0.0,173,6.0,271
2026-01-26,SKU040,0.0,126,6.0,271
2026-01-27,SKU040,0.0,52,6.0,271
2026-01-28,SKU040,0.0,134,6.0,271
2026-01-29,SKU040,0.0,222,6.0,271
2026-01-30,SKU040,2.0,0,6.0,271
2026-01-31,SKU040,0.0,178,6.0,271
2026-02-01,SKU040,0.0,83,6.0,271
2026-02-02,SKU040,0.0,169,6.0,271
2026-02-03,SKU040,0.0,120,6.0,271
2026-02-04,SKU040,0.0,167,6.0,271
2026-02-05,SKU040,0.0,191,6.0,271
2026-02-06,SKU040,0.0,0,6.0,271
2026-02-07,SKU040,0.0,153,6.0,271
2026-02-08,SKU040,0.0,41,6.0,271
2026-02-09,SKU040,0.0,213,6.0,271
2026-02-10,SKU040,0.0,128,6.0,271
2026-02-11,SKU040,0.0,84,6.0,271
2026-02-12,SKU040,78.0,0,6.0,271
2026-02-13,SKU040,0.0,161,6.0,271
2026-02-14,SKU040,0.0,117,6.0,271
2026-02-15,SKU040,0.0,204,6.0,271
2026-02-16,SKU040,0.0,216,6.0,271
2026-02-17,SKU040,0.0,117,6.0,271
2026-02-18,SKU040,92.0,0,6.0,271
2026-02-19,SKU040,29.0,29,6.0,271
2026-02-20,SKU040,0.0,87,6.0,271
2026-02-21,SKU040,0.0,191,6.0,271
2026-02-22,SKU040,0.0,52,6.0,271
2026-02-23,SKU040,0.0,34,6.0,271
2026-02-24,SKU040,90.0,0,6.0,271
2026-02-25,SKU040,1.0,101,6.0,271
2026-02-26,SKU040,0.0,201,6.0,271
2026-02-27,SKU040,0.0,216,6.0,271
2026-02-28,SKU040,0.0,95,6.0,271
2026-03-01,SKU040,0.0,218,6.0,271
2026-03-02,SKU040,0.0,163,6.0,271
2026-03-03,SKU040,0.0,115,6.0,271
2026-03-04,SKU040,0.0,135,6.0,271
2026-03-05,SKU040,0.0,204,6.0,271
2026-03-06,SKU040,0.0,0,6.0,271
2026-03-07,SKU040,0.0,96,6.0,271
2026-03-08,SKU040,0.0,102,6.0,271
2026-03-09,SKU040,0.0,107,6.0,271
2026-03-10,SKU040,0.0,146,6.0,271
2026-03-11,SKU040,0.0,65,6.0,271
2026-03-12,SKU040,76.0,0,6.0,271
2026-03-13,SKU040,18.0,211,6.0,271
2026-03-14,SKU040,0.0,121,6.0,271
2026-03-15,SKU040,0.0,109,6.0,271
2026-03-16,SKU040,0.0,50,6.0,271
2026-03-17,SKU040,0.0,171,6.0,271
2026-03-18,SKU040,102.0,0,6.0,271
2026-03-19,SKU040,23.0,155,6.0,271
2026-03-20,SKU040,0.0,215,6.0,271
2026-03-21,SKU040,0.0,104,6.0,271
2026-03-22,SKU040,0.0,138,6.0,271
2026-03-23,SKU040,0.0,205,6.0,271
2026-03-24,SKU040,110.0,0,6.0,271
2026-03-25,SKU040,0.0,153,6.0,271
2026-03-26,SKU040,0.0,156,6.0,271
2026-03-27,SKU040,0.0,81,6.0,271
2026-03-28,SKU040,0.0,47,6.0,271
2026-03-29,SKU040,0.0,35,6.0,271
2026-03-30,SKU040,99.0,0,6.0,271
2026-03-31,SKU040,20.0,122,6.0,271
2026-04-01,SKU040,0.0,201,6.0,271
2026-04-02,SKU040,0.0,33,6.0,271
2026-04-03,SKU040,0.0,151,6.0,271
2026-04-04,SKU040,0.0,62,6.0,271
2026-04-05,SKU040,0.0,115,6.0,271
2026-04-06,SKU040,129.0,0,6.0,271
2026-04-07,SKU040,58.0,105,6.0,271
2026-04-08,SKU040,0.0,128,6.0,271
2026-04-09,SKU040,0.0,179,6.0,271
2026-04-10,SKU040,0.0,31,6.0,271
2026-04-11,SKU040,0.0,29,6.0,271
2026-04-12,SKU040,124.0,0,,271
2026-04-13,SKU040,74.0,106,6.0,271
2026-04-14,SKU040,15.0,193,6.0,271
2026-04-15,SKU040,0.0,186,6.0,271
2026-04-16,SKU040,0.0,175,6.0,271
2026-04-17,SKU040,0.0,217,6.0,271
2026-04-18,SKU040,47.0,0,6.0,271
2026-04-19,SKU040,0.0,59,6.0,271
2026-04-20,SKU040,0.0,100,6.0,271
2026-04-21,SKU040,0.0,201,6.0,271
2026-04-22,SKU040,0.0,157,6.0,271
2026-04-23,SKU040,0.0,145,6.0,271
2026-04-24,SKU040,0.0,0,6.0,271
2026-04-25,SKU040,0.0,165,6.0,271
2026-04-26,SKU040,0.0,159,6.0,271
2026-04-27,SKU040,0.0,181,6.0,271
2026-04-28,SKU040,0.0,176,6.0,271
2026-04-29,SKU040,0.0,109,6.0,271
2026-04-30,SKU040,0.0,0,6.0,271
2026-05-01,SKU040,0.0,77,6.0,271
2026-05-02,SKU040,0.0,83,6.0,271
2026-05-03,SKU040,0.0,214,6.0,271
2026-05-04,SKU040,0.0,95,6.0,271
2026-05-05,SKU040,0.0,51,6.0,271
2026-05-06,SKU040,144.0,0,6.0,271
2026-05-07,SKU040,69.0,172,6.0,271
2026-05-08,SKU040,0.0,96,6.0,271
2026-05-09,SKU040,0.0,29,6.0,271
2026-05-10,SKU040,0.0,28,6.0,271
2026-05-11,SKU040,0.0,117,6.0,271
2026-05-12,SKU040,114.0,0,6.0,271
2026-05-13,SKU040,62.0,155,6.0,271
2026-05-14,SKU040,0.0,36,6.0,271
2026-05-15,SKU040,0.0,58,6.0,271
2026-05-16,SKU040,0.0,169,6.0,271
2026-05-17,SKU040,0.0,114,6.0,271
2026-05-18,SKU040,105.0,0,6.0,271
2026-05-19,SKU040,52.0,204,6.0,271
2026-05-20,SKU040,0.0,171,6.0,271
2026-05-21,SKU040,0.0,156,6.0,271
2026-05-22,SKU040,0.0,193,6.0,271
2026-05-23,SKU040,0.0,114,6.0,271
2026-05-24,SKU040,76.0,0,6.0,271
2026-05-25,SKU040,29.0,187,6.0,271
2026-05-26,SKU040,0.0,196,6.0,271
2026-05-27,SKU040,0.0,100,6.0,271
2026-05-28,SKU040,0.0,93,6.0,271
2026-05-29,SKU040,0.0,69,6.0,271
2026-05-30,SKU040,123.0,0,6.0,271
2026-05-31,SKU040,52.0,141,6.0,271
2026-06-01,SKU040,0.0,139,6.0,271
2026-06-02,SKU040,0.0,75,6.0,271
2026-06-03,SKU040,0.0,97,6.0,271
2026-06-04,SKU040,0.0,43,6.0,271
2026-06-05,SKU040,0.0,89,6.0,271
2026-06-06,SKU040,143.0,0,6.0,271
2026-06-07,SKU040,71.0,147,6.0,271
2026-06-08,SKU040,0.0,160,6.0,271
2026-06-09,SKU040,0.0,148,6.0,271
2026-06-10,SKU040,0.0,156,6.0,271
2026-06-11,SKU040,0.0,205,6.0,271
2026-06-12,SKU040,106.0,0,6.0,271
2026-06-13,SKU040,0.0,36,6.0,271
2026-06-14,SKU040,0.0,80,6.0,271
2026-06-15,SKU040,0.0,61,6.0,271
2026-06-16,SKU040,0.0,205,6.0,271
2026-06-17,SKU040,0.0,183,6.0,271
2026-06-18,SKU040,110.0,0,6.0,271
2026-06-19,SKU040,0.0,35,6.0,271
2026-06-20,SKU040,0.0,146,6.0,271
2026-06-21,SKU040,0.0,37,6.0,271
2026-06-22,SKU040,0.0,61,6.0,271
2026-06-23,SKU040,0.0,188,6.0,271
2026-06-24,SKU040,104.0,0,6.0,271
2026-06-25,SKU040,20.0,132,6.0,271
2026-06-26,SKU040,0.0,33,6.0,271
2026-06-27,SKU040,0.0,83,6.0,271
2026-06-28,SKU040,0.0,97,6.0,271
2026-06-29,SKU040,0.0,111,6.0,271
2026-06-30,SKU040,0.0,0,6.0,271
