date,sku_id,units_sold,revenue,price,promo_flag
2025-01-01,SKU001,52.0,245974.56,4730.28,0
2025-01-02,SKU001,69.0,326389.32,4730.28,0
2025-01-03,SKU001,49.0,231783.72,4730.28,0
2025-01-04,SKU001,74.0,350040.72,4730.28,0
2025-01-05,SKU001,43.0,203402.04,4730.28,0
2025-01-06,SKU001,56.0,264895.68,4730.28,0
2025-01-07,SKU001,46.0,217592.88,4730.28,0
2025-01-08,SKU001,51.0,241244.28,4730.28,0
2025-01-09,SKU001,65.0,307468.2,4730.28,0
2025-01-10,SKU001,70.0,304630.03,4730.28,1
2025-01-11,SKU001,84.0,365556.04,4730.28,1
2025-01-12,SKU001,59.0,256759.6,4730.28,1
2025-01-13,SKU001,43.0,187129.88,4730.28,1
2025-01-14,SKU001,66.0,287222.6,4730.28,1
2025-01-15,SKU001,74.0,322037.46,4730.28,1
2025-01-16,SKU001,50.0,236514.0,4730.28,0
2025-01-17,SKU001,40.0,189211.2,4730.28,0
2025-01-18,SKU001,58.0,274356.24,4730.28,0
2025-01-19,SKU001,66.0,312198.48,4730.28,0
2025-01-20,SKU001,41.0,193941.48,4730.28,0
2025-01-21,SKU001,54.0,255435.12,4730.28,0
2025-01-22,SKU001,58.0,274356.24,4730.28,0
2025-01-23,SKU001,77.0,364231.56,4730.28,0
2025-01-24,SKU001,61.0,288547.08,4730.28,0
2025-01-25,SKU001,51.0,241244.28,4730.28,0
2025-01-26,SKU001,78.0,368961.84,4730.28,0
2025-01-27,SKU001,58.0,274356.24,4730.28,0
2025-01-28,SKU001,58.0,274356.24,4730.28,0
2025-01-29,SKU001,55.0,260165.4,4730.28,0
2025-01-30,SKU001,40.0,189211.2,4730.28,0
2025-01-31,SKU001,72.0,340580.16,4730.28,0
2025-02-01,SKU001,61.0,288547.08,4730.28,0
2025-02-02,SKU001,59.0,279086.52,4730.28,0
2025-02-03,SKU001,54.0,255435.12,4730.28,0
2025-02-04,SKU001,50.0,236514.0,4730.28,0
2025-02-05,SKU001,79.0,373692.12,4730.28,0
2025-02-06,SKU001,48.0,227053.44,4730.28,0
2025-02-07,SKU001,81.0,383152.68,4730.28,0
2025-02-08,SKU001,51.0,241244.28,4730.28,0
2025-02-09,SKU001,61.0,288547.08,4730.28,0
2025-02-10,SKU001,50.0,236514.0,4730.28,0
2025-02-11,SKU001,40.0,189211.2,4730.28,0
2025-02-12,SKU001,46.0,217592.88,4730.28,0
2025-02-13,SKU001,50.0,236514.0,4730.28,0
2025-02-14,SKU001,63.0,298007.64,4730.28,0
2025-02-15,SKU001,50.0,236514.0,4730.28,0
2025-02-16,SKU001,44.0,208132.32,4730.28,0
2025-02-17,SKU001,46.0,217592.88,4730.28,0
2025-02-18,SKU001,36.0,170290.08,4730.28,0
2025-02-19,SKU001,49.0,231783.72,4730.28,0
2025-02-20,SKU001,58.0,274356.24,4730.28,0
2025-02-21,SKU001,58.0,274356.24,4730.28,0
2025-02-22,SKU001,36.0,170290.08,4730.28,0
2025-02-23,SKU001,59.0,279086.52,4730.28,0
2025-02-24,SKU001,50.0,236514.0,4730.28,0
2025-02-25,SKU001,55.0,260165.4,4730.28,0
2025-02-26,SKU001,45.0,212862.6,4730.28,0
2025-02-27,SKU001,51.0,241244.28,4730.28,0
2025-02-28,SKU001,78.0,368961.84,4730.28,0
2025-03-01,SKU001,50.0,236514.0,4730.28,0
2025-03-02,SKU001,51.0,241244.28,4730.28,0
2025-03-03,SKU001,43.0,203402.04,4730.28,0
2025-03-04,SKU001,48.0,227053.44,4730.28,0
2025-03-05,SKU001,58.0,274356.24,4730.28,0
2025-03-06,SKU001,44.0,208132.32,4730.28,0
2025-03-07,SKU001,64.0,302737.92,4730.28,0
2025-03-08,SKU001,50.0,236514.0,4730.28,0
2025-03-09,SKU001,52.0,245974.56,4730.28,0
2025-03-10,SKU001,41.0,193941.48,4730.28,0
2025-03-11,SKU001,40.0,189211.2,4730.28,0
2025-03-12,SKU001,59.0,279086.52,4730.28,0
2025-03-13,SKU001,48.0,227053.44,4730.28,0
2025-03-14,SKU001,54.0,255435.12,4730.28,0
2025-03-15,SKU001,69.0,326389.32,4730.28,0
2025-03-16,SKU001,45.0,212862.6,4730.28,0
2025-03-17,SKU001,42.0,198671.76,4730.28,0
2025-03-18,SKU001,34.0,160829.52,4730.28,0
2025-03-19,SKU001,46.0,217592.88,4730.28,0
2025-03-20,SKU001,59.0,256759.6,4730.28,1
2025-03-21,SKU001,73.0,317685.6,4730.28,1
2025-03-22,SKU001,80.0,348148.61,4730.28,1
2025-03-23,SKU001,81.0,352500.47,4730.28,1
2025-03-24,SKU001,52.0,226296.6,4730.28,1
2025-03-25,SKU001,53.0,230648.45,4730.28,1
2025-03-26,SKU001,69.0,300278.17,4730.28,1
2025-03-27,SKU001,54.0,235000.31,4730.28,1
2025-03-28,SKU001,69.0,326389.32,4730.28,0
2025-03-29,SKU001,64.0,302737.92,4730.28,0
2025-03-30,SKU001,47.0,222323.16,4730.28,0
2025-03-31,SKU001,44.0,208132.32,4730.28,0
2025-04-01,SKU001,59.0,279086.52,4730.28,0
2025-04-02,SKU001,71.0,335849.88,4730.28,0
2025-04-03,SKU001,38.0,179750.64,4730.28,0
2025-04-04,SKU001,60.0,283816.8,4730.28,0
2025-04-05,SKU001,69.0,326389.32,4730.28,0
2025-04-06,SKU001,37.0,175020.36,4730.28,0
2025-04-07,SKU001,57.0,269625.96,4730.28,0
2025-04-08,SKU001,47.0,222323.16,4730.28,0
2025-04-09,SKU001,35.0,165559.8,4730.28,0
2025-04-10,SKU001,42.0,198671.76,4730.28,0
2025-04-11,SKU001,48.0,227053.44,4730.28,0
2025-04-12,SKU001,66.0,312198.48,4730.28,0
2025-04-13,SKU001,57.0,269625.96,4730.28,0
2025-04-14,SKU001,46.0,217592.88,4730.28,0
2025-04-15,SKU001,69.0,326389.32,4730.28,0
2025-04-16,SKU001,50.0,236514.0,4730.28,0
2025-04-17,SKU001,55.0,260165.4,4730.28,0
2025-04-18,SKU001,52.0,245974.56,4730.28,0
2025-04-19,SKU001,40.0,189211.2,4730.28,0
2025-04-20,SKU001,37.0,175020.36,4730.28,0
2025-04-21,SKU001,54.0,255435.12,4730.28,0
2025-04-22,SKU001,66.0,312198.48,4730.28,0
2025-04-23,SKU001,48.0,227053.44,4730.28,0
2025-04-24,SKU001,72.0,340580.16,4730.28,0
2025-04-25,SKU001,45.0,212862.6,4730.28,0
2025-04-26,SKU001,63.0,298007.64,4730.28,0
2025-04-27,SKU001,42.0,198671.76,4730.28,0
2025-04-28,SKU001,33.0,156099.24,4730.28,0
2025-04-29,SKU001,51.0,241244.28,4730.28,0
2025-04-30,SKU001,51.0,241244.28,4730.28,0
2025-05-01,SKU001,58.0,274356.24,4730.28,0
2025-05-02,SKU001,71.0,335849.88,4730.28,0
2025-05-03,SKU001,49.0,231783.72,4730.28,0
2025-05-04,SKU001,58.0,274356.24,4730.28,0
2025-05-05,SKU001,47.0,222323.16,4730.28,0
2025-05-06,SKU001,36.0,170290.08,4730.28,0
2025-05-07,SKU001,50.0,236514.0,4730.28,0
2025-05-08,SKU001,69.0,326389.32,4730.28,0
2025-05-09,SKU001,61.0,288547.08,4730.28,0
2025-05-10,SKU001,47.0,222323.16,4730.28,0
2025-05-11,SKU001,37.0,175020.36,4730.28,0
2025-05-12,SKU001,39.0,184480.92,4730.28,0
2025-05-13,SKU001,51.0,241244.28,4730.28,0
2025-05-14,SKU001,41.0,193941.48,4730.28,0
2025-05-15,SKU001,41.0,193941.48,4730.28,0
2025-05-16,SKU001,49.0,231783.72,4730.28,0
2025-05-17,SKU001,62.0,293277.36,4730.28,0
2025-05-18,SKU001,49.0,231783.72,4730.28,0
2025-05-19,SKU001,46.0,217592.88,4730.28,0
2025-05-20,SKU001,51.0,241244.28,4730.28,0
2025-05-21,SKU001,48.0,227053.44,4730.28,0
2025-05-22,SKU001,47.0,222323.16,4730.28,0
2025-05-23,SKU001,53.0,250704.84,4730.28,0
2025-05-24,SKU001,52.0,245974.56,4730.28,0
2025-05-25,SKU001,47.0,222323.16,4730.28,0
2025-05-26,SKU001,45.0,212862.6,4730.28,0
2025-05-27,SKU001,60.0,283816.8,4730.28,0
2025-05-28,SKU001,45.0,212862.6,4730.28,0
2025-05-29,SKU001,48.0,227053.44,4730.28,0
2025-05-30,SKU001,53.0,250704.84,4730.28,0
2025-05-31,SKU001,49.0,231783.72,4730.28,0
2025-06-01,SKU001,66.0,312198.48,4730.28,0
2025-06-02,SKU001,49.0,231783.72,4730.28,0
2025-06-03,SKU001,49.0,231783.72,4730.28,0
2025-06-04,SKU001,46.0,217592.88,4730.28,0
2025-06-05,SKU001,53.0,250704.84,4730.28,0
2025-06-06,SKU001,80.0,378422.4,4730.28,0
2025-06-07,SKU001,51.0,241244.28,4730.28,0
2025-06-08,SKU001,52.0,245974.56,4730.28,0
2025-06-09,SKU001,49.0,231783.72,4730.28,0
2025-06-10,SKU001,78.0,339444.89,4730.28,1
2025-06-11,SKU001,81.0,352500.47,4730.28,1
2025-06-12,SKU001,57.0,248055.88,4730.28,1
2025-06-13,SKU001,86.0,374259.75,4730.28,1
2025-06-14,SKU001,63.0,274167.03,4730.28,1
2025-06-15,SKU001,65.0,282870.74,4730.28,1
2025-06-16,SKU001,70.0,304630.03,4730.28,1
2025-06-17,SKU001,68.0,295926.32,4730.28,1
2025-06-18,SKU001,73.0,317685.6,4730.28,1
2025-06-19,SKU001,59.0,256759.6,4730.28,1
2025-06-20,SKU001,77.0,335093.04,4730.28,1
2025-06-21,SKU001,69.0,326389.32,4730.28,0
2025-06-22,SKU001,38.0,179750.64,4730.28,0
2025-06-23,SKU001,55.0,260165.4,4730.28,0
2025-06-24,SKU001,70.0,331119.6,4730.28,0
2025-06-25,SKU001,60.0,283816.8,4730.28,0
2025-06-26,SKU001,62.0,293277.36,4730.28,0
2025-06-27,SKU001,74.0,350040.72,4730.28,0
2025-06-28,SKU001,58.0,274356.24,4730.28,0
2025-06-29,SKU001,55.0,260165.4,4730.28,0
2025-06-30,SKU001,62.0,293277.36,4730.28,0
2025-07-01,SKU001,62.0,293277.36,4730.28,0
2025-07-02,SKU001,47.0,222323.16,4730.28,0
2025-07-03,SKU001,58.0,274356.24,4730.28,0
2025-07-04,SKU001,71.0,335849.88,4730.28,0
2025-07-05,SKU001,73.0,345310.44,4730.28,0
2025-07-06,SKU001,48.0,227053.44,4730.28,0
2025-07-07,SKU001,50.0,236514.0,4730.28,0
2025-07-08,SKU001,60.0,283816.8,4730.28,0
2025-07-09,SKU001,56.0,264895.68,4730.28,0
2025-07-10,SKU001,54.0,255435.12,4730.28,0
2025-07-11,SKU001,53.0,250704.84,4730.28,0
2025-07-12,SKU001,,359501.28,4730.28,0
2025-07-13,SKU001,51.0,241244.28,4730.28,0
2025-07-14,SKU001,45.0,212862.6,4730.28,0
2025-07-15,SKU001,85.0,402073.8,4730.28,0
2025-07-16,SKU001,53.0,250704.84,4730.28,0
2025-07-17,SKU001,68.0,321659.04,4730.28,0
2025-07-18,SKU001,55.0,260165.4,4730.28,0
2025-07-19,SKU001,82.0,387882.96,4730.28,0
2025-07-20,SKU001,58.0,274356.24,4730.28,0
2025-07-21,SKU001,69.0,326389.32,4730.28,0
2025-07-22,SKU001,,279086.52,4730.28,0
2025-07-23,SKU001,56.0,264895.68,4730.28,0
2025-07-24,SKU001,60.0,283816.8,4730.28,0
2025-07-25,SKU001,46.0,217592.88,4730.28,0
2025-07-26,SKU001,94.0,444646.32,4730.28,0
2025-07-27,SKU001,47.0,222323.16,4730.28,0
2025-07-28,SKU001,64.0,302737.92,4730.28,0
2025-07-29,SKU001,48.0,227053.44,4730.28,0
2025-07-30,SKU001,57.0,269625.96,4730.28,0
2025-07-31,SKU001,57.0,269625.96,4730.28,0
2025-08-01,SKU001,67.0,316928.76,4730.28,0
2025-08-02,SKU001,66.0,312198.48,4730.28,0
2025-08-03,SKU001,58.0,274356.24,4730.28,0
2025-08-04,SKU001,41.0,193941.48,4730.28,0
2025-08-05,SKU001,61.0,288547.08,4730.28,0
2025-08-06,SKU001,59.0,279086.52,4730.28,0
2025-08-07,SKU001,68.0,321659.04,4730.28,0
2025-08-08,SKU001,52.0,245974.56,4730.28,0
2025-08-09,SKU001,72.0,340580.16,4730.28,0
2025-08-10,SKU001,43.0,203402.04,4730.28,0
2025-08-11,SKU001,52.0,245974.56,4730.28,0
2025-08-12,SKU001,44.0,208132.32,4730.28,0
2025-08-13,SKU001,69.0,326389.32,4730.28,0
2025-08-14,SKU001,59.0,279086.52,4730.28,0
2025-08-15,SKU001,101.0,477758.28,4730.28,0
2025-08-16,SKU001,70.0,331119.6,4730.28,0
2025-08-17,SKU001,64.0,302737.92,4730.28,0
2025-08-18,SKU001,42.0,198671.76,4730.28,0
2025-08-19,SKU001,54.0,255435.12,4730.28,0
2025-08-20,SKU001,82.0,387882.96,4730.28,0
2025-08-21,SKU001,54.0,255435.12,4730.28,0
2025-08-22,SKU001,86.0,406804.08,4730.28,0
2025-08-23,SKU001,38.0,179750.64,4730.28,0
2025-08-24,SKU001,46.0,217592.88,4730.28,0
2025-08-25,SKU001,42.0,198671.76,4730.28,0
2025-08-26,SKU001,46.0,217592.88,4730.28,0
2025-08-27,SKU001,57.0,269625.96,4730.28,0
2025-08-28,SKU001,81.0,383152.68,4730.28,0
2025-08-29,SKU001,55.0,260165.4,4730.28,0
2025-08-30,SKU001,65.0,307468.2,4730.28,0
2025-08-31,SKU001,58.0,274356.24,4730.28,0
2025-09-01,SKU001,51.0,241244.28,4730.28,0
2025-09-02,SKU001,45.0,212862.6,4730.28,0
2025-09-03,SKU001,61.0,288547.08,4730.28,0
2025-09-04,SKU001,47.0,222323.16,4730.28,0
2025-09-05,SKU001,60.0,283816.8,4730.28,0
2025-09-06,SKU001,48.0,227053.44,4730.28,0
2025-09-07,SKU001,63.0,298007.64,4730.28,0
2025-09-08,SKU001,36.0,170290.08,4730.28,0
2025-09-09,SKU001,43.0,203402.04,4730.28,0
2025-09-10,SKU001,44.0,208132.32,4730.28,0
2025-09-11,SKU001,28.0,132447.84,4730.28,0
2025-09-12,SKU001,49.0,231783.72,4730.28,0
2025-09-13,SKU001,67.0,316928.76,4730.28,0
2025-09-14,SKU001,62.0,293277.36,4730.28,0
2025-09-15,SKU001,49.0,231783.72,4730.28,0
2025-09-16,SKU001,42.0,198671.76,4730.28,0
2025-09-17,SKU001,48.0,227053.44,4730.28,0
2025-09-18,SKU001,55.0,260165.4,4730.28,0
2025-09-19,SKU001,51.0,241244.28,4730.28,0
2025-09-20,SKU001,62.0,293277.36,4730.28,0
2025-09-21,SKU001,49.0,231783.72,4730.28,0
2025-09-22,SKU001,47.0,222323.16,4730.28,0
2025-09-23,SKU001,36.0,170290.08,4730.28,0
2025-09-24,SKU001,49.0,231783.72,4730.28,0
2025-09-25,SKU001,42.0,198671.76,4730.28,0
2025-09-26,SKU001,70.0,331119.6,4730.28,0
2025-09-27,SKU001,51.0,241244.28,4730.28,0
2025-09-28,SKU001,43.0,203402.04,4730.28,0
2025-09-29,SKU001,31.0,146638.68,4730.28,0
2025-09-30,SKU001,40.0,189211.2,4730.28,0
2025-10-01,SKU001,60.0,261111.46,4730.28,1
2025-10-02,SKU001,101.0,439537.62,4730.28,1
2025-10-03,SKU001,76.0,330741.18,4730.28,1
2025-10-04,SKU001,94.0,409074.61,4730.28,1
2025-10-05,SKU001,56.0,243704.03,4730.28,1
2025-10-06,SKU001,68.0,295926.32,4730.28,1
2025-10-07,SKU001,54.0,235000.31,4730.28,1
2025-10-08,SKU001,59.0,256759.6,4730.28,1
2025-10-09,SKU001,71.0,308981.89,4730.28,1
2025-10-10,SKU001,61.0,265463.31,4730.28,1
2025-10-11,SKU001,62.0,293277.36,4730.28,0
2025-10-12,SKU001,63.0,298007.64,4730.28,0
2025-10-13,SKU001,50.0,236514.0,4730.28,0
2025-10-14,SKU001,51.0,241244.28,4730.28,0
2025-10-15,SKU001,70.0,331119.6,4730.28,0
2025-10-16,SKU001,54.0,255435.12,4730.28,0
2025-10-17,SKU001,73.0,345310.44,4730.28,0
2025-10-18,SKU001,52.0,245974.56,4730.28,0
2025-10-19,SKU001,55.0,260165.4,4730.28,0
2025-10-20,SKU001,54.0,255435.12,4730.28,0
2025-10-21,SKU001,46.0,217592.88,4730.28,0
2025-10-22,SKU001,57.0,269625.96,4730.28,0
2025-10-23,SKU001,49.0,231783.72,4730.28,0
2025-10-24,SKU001,66.0,312198.48,4730.28,0
2025-10-25,SKU001,71.0,335849.88,4730.28,0
2025-10-26,SKU001,38.0,179750.64,4730.28,0
2025-10-27,SKU001,50.0,236514.0,4730.28,0
2025-10-28,SKU001,52.0,245974.56,4730.28,0
2025-10-29,SKU001,43.0,203402.04,4730.28,0
2025-10-30,SKU001,65.0,307468.2,4730.28,0
2025-10-31,SKU001,69.0,326389.32,4730.28,0
2025-11-01,SKU001,71.0,335849.88,4730.28,0
2025-11-02,SKU001,43.0,203402.04,4730.28,0
2025-11-03,SKU001,35.0,165559.8,4730.28,0
2025-11-04,SKU001,56.0,264895.68,4730.28,0
2025-11-05,SKU001,69.0,326389.32,4730.28,0
2025-11-06,SKU001,41.0,193941.48,4730.28,0
2025-11-07,SKU001,70.0,331119.6,4730.28,0
2025-11-08,SKU001,51.0,241244.28,4730.28,0
2025-11-09,SKU001,43.0,203402.04,4730.28,0
2025-11-10,SKU001,38.0,179750.64,4730.28,0
2025-11-11,SKU001,57.0,269625.96,4730.28,0
2025-11-12,SKU001,46.0,217592.88,4730.28,0
2025-11-13,SKU001,40.0,189211.2,4730.28,0
2025-11-14,SKU001,50.0,236514.0,4730.28,0
2025-11-15,SKU001,78.0,368961.84,4730.28,0
2025-11-16,SKU001,41.0,193941.48,4730.28,0
2025-11-17,SKU001,57.0,269625.96,4730.28,0
2025-11-18,SKU001,64.0,302737.92,4730.28,0
2025-11-19,SKU001,45.0,212862.6,4730.28,0
2025-11-20,SKU001,68.0,295926.32,4730.28,1
2025-11-21,SKU001,83.0,361204.18,4730.28,1
2025-11-22,SKU001,81.0,352500.47,4730.28,1
2025-11-23,SKU001,70.0,304630.03,4730.28,1
2025-11-24,SKU001,65.0,282870.74,4730.28,1
2025-11-25,SKU001,65.0,282870.74,4730.28,1
2025-11-26,SKU001,52.0,226296.6,4730.28,1
2025-11-27,SKU001,74.0,322037.46,4730.28,1
2025-11-28,SKU001,72.0,313333.75,4730.28,1
2025-11-29,SKU001,69.0,300278.17,4730.28,1
2025-11-30,SKU001,75.0,326389.32,4730.28,1
2025-12-01,SKU001,51.0,241244.28,4730.28,0
2025-12-02,SKU001,83.0,392613.24,4730.28,0
2025-12-03,SKU001,75.0,354771.0,4730.28,0
2025-12-04,SKU001,52.0,245974.56,4730.28,0
2025-12-05,SKU001,67.0,316928.76,4730.28,0
2025-12-06,SKU001,58.0,274356.24,4730.28,0
2025-12-07,SKU001,45.0,212862.6,4730.28,0
2025-12-08,SKU001,43.0,203402.04,4730.28,0
2025-12-09,SKU001,63.0,298007.64,4730.28,0
2025-12-10,SKU001,53.0,250704.84,4730.28,0
2025-12-11,SKU001,55.0,260165.4,4730.28,0
2025-12-12,SKU001,65.0,307468.2,4730.28,0
2025-12-13,SKU001,74.0,350040.72,4730.28,0
2025-12-14,SKU001,64.0,302737.92,4730.28,0
2025-12-15,SKU001,70.0,304630.03,4730.28,1
2025-12-16,SKU001,83.0,361204.18,4730.28,1
2025-12-17,SKU001,87.0,378611.61,4730.28,1
2025-12-18,SKU001,66.0,287222.6,4730.28,1
2025-12-19,SKU001,102.0,443889.48,4730.28,1
2025-12-20,SKU001,102.0,443889.48,4730.28,1
2025-12-21,SKU001,71.0,308981.89,4730.28,1
2025-12-22,SKU001,58.0,252407.74,4730.28,1
2025-12-23,SKU001,77.0,335093.04,4730.28,1
2025-12-24,SKU001,68.0,295926.32,4730.28,1
2025-12-25,SKU001,115.0,500463.62,4730.28,1
2025-12-26,SKU001,124.0,539630.34,4730.28,1
2025-12-27,SKU001,82.0,356852.32,4730.28,1
2025-12-28,SKU001,64.0,278518.89,4730.28,1
2025-12-29,SKU001,62.0,269815.17,4730.28,1
2025-12-30,SKU001,87.0,378611.61,4730.28,1
2025-12-31,SKU001,87.0,378611.61,4730.28,1
2026-01-01,SKU001,65.0,307468.2,4730.28,0
2026-01-02,SKU001,59.0,279086.52,4730.28,0
2026-01-03,SKU001,84.0,397343.52,4730.28,0
2026-01-04,SKU001,70.0,331119.6,4730.28,0
2026-01-05,SKU001,41.0,193941.48,4730.28,0
2026-01-06,SKU001,49.0,231783.72,4730.28,0
2026-01-07,SKU001,65.0,307468.2,4730.28,0
2026-01-08,SKU001,61.0,288547.08,4730.28,0
2026-01-09,SKU001,50.0,236514.0,4730.28,0
2026-01-10,SKU001,72.0,340580.16,4730.28,0
2026-01-11,SKU001,51.0,241244.28,4730.28,0
2026-01-12,SKU001,43.0,203402.04,4730.28,0
2026-01-13,SKU001,47.0,222323.16,4730.28,0
2026-01-14,SKU001,60.0,283816.8,4730.28,0
2026-01-15,SKU001,52.0,245974.56,4730.28,0
2026-01-16,SKU001,75.0,354771.0,4730.28,0
2026-01-17,SKU001,68.0,321659.04,4730.28,0
2026-01-18,SKU001,61.0,288547.08,4730.28,0
2026-01-19,SKU001,52.0,245974.56,4730.28,0
2026-01-20,SKU001,48.0,227053.44,4730.28,0
2026-01-21,SKU001,78.0,368961.84,4730.28,0
2026-01-22,SKU001,55.0,260165.4,4730.28,0
2026-01-23,SKU001,68.0,321659.04,4730.28,0
2026-01-24,SKU001,71.0,335849.88,4730.28,0
2026-01-25,SKU001,50.0,236514.0,4730.28,0
2026-01-26,SKU001,54.0,255435.12,4730.28,0
2026-01-27,SKU001,61.0,288547.08,4730.28,0
2026-01-28,SKU001,63.0,298007.64,4730.28,0
2026-01-29,SKU001,55.0,260165.4,4730.28,0
2026-01-30,SKU001,62.0,293277.36,4730.28,0
2026-01-31,SKU001,64.0,302737.92,4730.28,0
2026-02-01,SKU001,62.0,293277.36,4730.28,0
2026-02-02,SKU001,66.0,312198.48,4730.28,0
2026-02-03,SKU001,64.0,302737.92,4730.28,0
2026-02-04,SKU001,39.0,184480.92,4730.28,0
2026-02-05,SKU001,63.0,298007.64,4730.28,0
2026-02-06,SKU001,61.0,288547.08,4730.28,0
2026-02-07,SKU001,82.0,387882.96,4730.28,0
2026-02-08,SKU001,64.0,302737.92,4730.28,0
2026-02-09,SKU001,46.0,217592.88,4730.28,0
2026-02-10,SKU001,56.0,264895.68,4730.28,0
2026-02-11,SKU001,72.0,340580.16,4730.28,0
2026-02-12,SKU001,57.0,269625.96,4730.28,0
2026-02-13,SKU001,67.0,316928.76,4730.28,0
2026-02-14,SKU001,70.0,331119.6,4730.28,0
2026-02-15,SKU001,58.0,274356.24,4730.28,0
2026-02-16,SKU001,50.0,236514.0,4730.28,0
2026-02-17,SKU001,70.0,331119.6,4730.28,0
2026-02-18,SKU001,73.0,345310.44,4730.28,0
2026-02-19,SKU001,57.0,269625.96,4730.28,0
2026-02-20,SKU001,79.0,373692.12,4730.28,0
2026-02-21,SKU001,78.0,368961.84,4730.28,0
2026-02-22,SKU001,84.0,397343.52,4730.28,0
2026-02-23,SKU001,40.0,189211.2,4730.28,0
2026-02-24,SKU001,42.0,198671.76,4730.28,0
2026-02-25,SKU001,67.0,316928.76,4730.28,0
2026-02-26,SKU001,71.0,335849.88,4730.28,0
2026-02-27,SKU001,49.0,231783.72,4730.28,0
2026-02-28,SKU001,59.0,279086.52,4730.28,0
2026-03-01,SKU001,33.0,156099.24,4730.28,0
2026-03-02,SKU001,55.0,260165.4,4730.28,0
2026-03-03,SKU001,54.0,255435.12,4730.28,0
2026-03-04,SKU001,59.0,279086.52,4730.28,0
2026-03-05,SKU001,57.0,269625.96,,0
2026-03-06,SKU001,53.0,250704.84,4730.28,0
2026-03-07,SKU001,54.0,255435.12,4730.28,0
2026-03-08,SKU001,46.0,217592.88,4730.28,0
2026-03-09,SKU001,63.0,298007.64,4730.28,0
2026-03-10,SKU001,62.0,293277.36,4730.28,0
2026-03-11,SKU001,49.0,231783.72,4730.28,0
2026-03-12,SKU001,47.0,222323.16,4730.28,0
2026-03-13,SKU001,77.0,364231.56,4730.28,0
2026-03-14,SKU001,73.0,345310.44,4730.28,0
2026-03-15,SKU001,64.0,278518.89,4730.28,1
2026-03-16,SKU001,79.0,343796.75,4730.28,1
2026-03-17,SKU001,49.0,213241.02,4730.28,1
2026-03-18,SKU001,88.0,382963.47,4730.28,1
2026-03-19,SKU001,82.0,356852.32,4730.28,1
2026-03-20,SKU001,100.0,435185.76,4730.28,1
2026-03-21,SKU001,86.0,374259.75,4730.28,1
2026-03-22,SKU001,74.0,322037.46,4730.28,1
2026-03-23,SKU001,76.0,330741.18,4730.28,1
2026-03-24,SKU001,56.0,243704.03,4730.28,1
2026-03-25,SKU001,70.0,304630.03,4730.28,1
2026-03-26,SKU001,65.0,307468.2,4730.28,0
2026-03-27,SKU001,71.0,335849.88,4730.28,0
2026-03-28,SKU001,59.0,279086.52,4730.28,0
2026-03-29,SKU001,35.0,165559.8,4730.28,0
2026-03-30,SKU001,45.0,212862.6,4730.28,0
2026-03-31,SKU001,47.0,222323.16,4730.28,0
2026-04-01,SKU001,49.0,231783.72,4730.28,0
2026-04-02,SKU001,66.0,312198.48,4730.28,0
2026-04-03,SKU001,70.0,331119.6,4730.28,0
2026-04-04,SKU001,39.0,184480.92,4730.28,0
2026-04-05,SKU001,55.0,260165.4,4730.28,0
2026-04-06,SKU001,52.0,245974.56,4730.28,0
2026-04-07,SKU001,66.0,312198.48,4730.28,0
2026-04-08,SKU001,46.0,217592.88,4730.28,0
2026-04-09,SKU001,45.0,212862.6,4730.28,0
2026-04-10,SKU001,77.0,364231.56,4730.28,0
2026-04-11,SKU001,64.0,302737.92,4730.28,0
2026-04-12,SKU001,55.0,260165.4,4730.28,0
2026-04-13,SKU001,54.0,255435.12,4730.28,0
2026-04-14,SKU001,68.0,321659.04,4730.28,0
2026-04-15,SKU001,61.0,288547.08,4730.28,0
2026-04-16,SKU001,53.0,250704.84,4730.28,0
2026-04-17,SKU001,53.0,250704.84,4730.28,0
2026-04-18,SKU001,39.0,184480.92,4730.28,0
2026-04-19,SKU001,56.0,264895.68,4730.28,0
2026-04-20,SKU001,46.0,217592.88,4730.28,0
2026-04-21,SKU001,,227053.44,4730.28,0
2026-04-22,SKU001,75.0,354771.0,4730.28,0
2026-04-23,SKU001,50.0,236514.0,4730.28,0
2026-04-24,SKU001,58.0,274356.24,4730.28,0
2026-04-25,SKU001,64.0,302737.92,4730.28,0
2026-04-26,SKU001,60.0,283816.8,4730.28,0
2026-04-27,SKU001,51.0,241244.28,4730.28,0
2026-04-28,SKU001,47.0,222323.16,4730.28,0
2026-04-29,SKU001,58.0,274356.24,4730.28,0
2026-04-30,SKU001,50.0,236514.0,4730.28,0
2026-05-01,SKU001,59.0,279086.52,4730.28,0
2026-05-02,SKU001,81.0,383152.68,4730.28,0
2026-05-03,SKU001,58.0,274356.24,4730.28,0
2026-05-04,SKU001,69.0,326389.32,4730.28,0
2026-05-05,SKU001,63.0,298007.64,4730.28,0
2026-05-06,SKU001,65.0,307468.2,4730.28,0
2026-05-07,SKU001,70.0,331119.6,4730.28,0
2026-05-08,SKU001,42.0,198671.76,4730.28,0
2026-05-09,SKU001,83.0,392613.24,4730.28,0
2026-05-10,SKU001,42.0,198671.76,4730.28,0
2026-05-11,SKU001,49.0,231783.72,4730.28,0
2026-05-12,SKU001,54.0,255435.12,4730.28,0
2026-05-13,SKU001,55.0,260165.4,4730.28,0
2026-05-14,SKU001,54.0,255435.12,4730.28,0
2026-05-15,SKU001,59.0,279086.52,4730.28,0
2026-05-16,SKU001,70.0,331119.6,4730.28,0
2026-05-17,SKU001,50.0,236514.0,4730.28,0
2026-05-18,SKU001,61.0,288547.08,4730.28,0
2026-05-19,SKU001,54.0,255435.12,4730.28,0
2026-05-20,SKU001,40.0,189211.2,4730.28,0
2026-05-21,SKU001,61.0,288547.08,4730.28,0
2026-05-22,SKU001,54.0,255435.12,4730.28,0
2026-05-23,SKU001,72.0,340580.16,4730.28,0
2026-05-24,SKU001,53.0,250704.84,4730.28,0
2026-05-25,SKU001,39.0,184480.92,4730.28,0
2026-05-26,SKU001,55.0,260165.4,4730.28,0
2026-05-27,SKU001,43.0,203402.04,4730.28,0
2026-05-28,SKU001,62.0,293277.36,4730.28,0
2026-05-29,SKU001,70.0,331119.6,4730.28,0
2026-05-30,SKU001,62.0,293277.36,4730.28,0
2026-05-31,SKU001,67.0,316928.76,4730.28,0
2026-06-01,SKU001,48.0,227053.44,4730.28,0
2026-06-02,SKU001,54.0,255435.12,4730.28,0
2026-06-03,SKU001,66.0,312198.48,4730.28,0
2026-06-04,SKU001,47.0,222323.16,4730.28,0
2026-06-05,SKU001,89.0,420994.92,4730.28,0
2026-06-06,SKU001,61.0,288547.08,4730.28,0
2026-06-07,SKU001,44.0,208132.32,4730.28,0
2026-06-08,SKU001,44.0,208132.32,4730.28,0
2026-06-09,SKU001,54.0,255435.12,4730.28,0
2026-06-10,SKU001,96.0,417778.33,4730.28,1
2026-06-11,SKU001,86.0,374259.75,4730.28,1
2026-06-12,SKU001,90.0,391667.18,4730.28,1
2026-06-13,SKU001,123.0,535278.48,4730.28,1
2026-06-14,SKU001,85.0,369907.9,4730.28,1
2026-06-15,SKU001,77.0,335093.04,4730.28,1
2026-06-16,SKU001,56.0,243704.03,4730.28,1
2026-06-17,SKU001,78.0,339444.89,4730.28,1
2026-06-18,SKU001,92.0,400370.9,4730.28,1
2026-06-19,SKU001,77.0,335093.04,4730.28,1
2026-06-20,SKU001,112.0,487408.05,4730.28,1
2026-06-21,SKU001,39.0,184480.92,4730.28,0
2026-06-22,SKU001,42.0,198671.76,4730.28,0
2026-06-23,SKU001,61.0,288547.08,4730.28,0
2026-06-24,SKU001,66.0,312198.48,4730.28,0
2026-06-25,SKU001,53.0,250704.84,4730.28,0
2026-06-26,SKU001,74.0,350040.72,4730.28,0
2026-06-27,SKU001,90.0,425725.2,4730.28,0
2026-06-28,SKU001,47.0,222323.16,4730.28,0
2026-06-29,SKU001,60.0,283816.8,4730.28,0
2026-06-30,SKU001,64.0,302737.92,4730.28,0
2025-01-21,SKU002,20.0,93284.4,4664.22,0
2025-01-22,SKU002,26.0,121269.72,4664.22,0
2025-01-23,SKU002,18.0,83955.96,4664.22,0
2025-01-24,SKU002,33.0,153919.26,4664.22,0
2025-01-25,SKU002,27.0,125933.94,4664.22,0
2025-01-26,SKU002,29.0,135262.38,4664.22,0
2025-01-27,SKU002,27.0,125933.94,4664.22,0
2025-01-28,SKU002,25.0,116605.5,4664.22,0
2025-01-29,SKU002,23.0,107277.06,4664.22,0
2025-01-30,SKU002,31.0,144590.82,4664.22,0
2025-01-31,SKU002,24.0,111941.28,4664.22,0
2025-02-01,SKU002,27.0,125933.94,4664.22,0
2025-02-02,SKU002,45.0,209889.9,4664.22,0
2025-02-03,SKU002,24.0,111941.28,4664.22,0
2025-02-04,SKU002,18.0,83955.96,4664.22,0
2025-02-05,SKU002,19.0,88620.18,4664.22,0
2025-02-06,SKU002,23.0,107277.06,4664.22,0
2025-02-07,SKU002,20.0,93284.4,4664.22,0
2025-02-08,SKU002,41.0,191233.02,4664.22,0
2025-02-09,SKU002,22.0,102612.84,4664.22,0
2025-02-10,SKU002,25.0,116605.5,4664.22,0
2025-02-11,SKU002,18.0,83955.96,4664.22,0
2025-02-12,SKU002,29.0,135262.38,4664.22,0
2025-02-13,SKU002,21.0,97948.62,4664.22,0
2025-02-14,SKU002,23.0,107277.06,4664.22,0
2025-02-15,SKU002,25.0,116605.5,4664.22,0
2025-02-16,SKU002,26.0,121269.72,4664.22,0
2025-02-17,SKU002,23.0,107277.06,4664.22,0
2025-02-18,SKU002,,130598.16,4664.22,0
2025-02-19,SKU002,15.0,69963.3,4664.22,0
2025-02-20,SKU002,27.0,125933.94,4664.22,0
2025-02-21,SKU002,25.0,116605.5,4664.22,0
2025-02-22,SKU002,26.0,121269.72,4664.22,0
2025-02-23,SKU002,36.0,167911.92,4664.22,0
2025-02-24,SKU002,14.0,65299.08,4664.22,0
2025-02-25,SKU002,27.0,125933.94,4664.22,0
2025-02-26,SKU002,25.0,116605.5,4664.22,0
2025-02-27,SKU002,17.0,79291.74,4664.22,0
2025-02-28,SKU002,24.0,111941.28,4664.22,0
2025-03-01,SKU002,22.0,102612.84,4664.22,0
2025-03-02,SKU002,14.0,65299.08,4664.22,0
2025-03-03,SKU002,13.0,60634.86,4664.22,0
2025-03-04,SKU002,18.0,83955.96,4664.22,0
2025-03-05,SKU002,23.0,107277.06,4664.22,0
2025-03-06,SKU002,23.0,107277.06,4664.22,0
2025-03-07,SKU002,21.0,97948.62,4664.22,0
2025-03-08,SKU002,21.0,97948.62,4664.22,0
2025-03-09,SKU002,16.0,74627.52,4664.22,0
2025-03-10,SKU002,22.0,102612.84,4664.22,0
2025-03-11,SKU002,17.0,79291.74,4664.22,0
2025-03-12,SKU002,29.0,135262.38,4664.22,0
2025-03-13,SKU002,29.0,135262.38,4664.22,0
2025-03-14,SKU002,26.0,121269.72,4664.22,0
2025-03-15,SKU002,22.0,102612.84,4664.22,0
2025-03-16,SKU002,28.0,130598.16,4664.22,0
2025-03-17,SKU002,21.0,97948.62,4664.22,0
2025-03-18,SKU002,26.0,121269.72,4664.22,0
2025-03-19,SKU002,14.0,65299.08,4664.22,0
2025-03-20,SKU002,31.0,133023.55,4664.22,1
2025-03-21,SKU002,36.0,154478.97,4664.22,1
2025-03-22,SKU002,33.0,141605.72,4664.22,1
2025-03-23,SKU002,36.0,154478.97,4664.22,1
2025-03-24,SKU002,36.0,154478.97,4664.22,1
2025-03-25,SKU002,30.0,128732.47,4664.22,1
2025-03-26,SKU002,36.0,154478.97,4664.22,1
2025-03-27,SKU002,34.0,145896.8,4664.22,1
2025-03-28,SKU002,27.0,125933.94,4664.22,0
2025-03-29,SKU002,34.0,158583.48,4664.22,0
2025-03-30,SKU002,30.0,139926.6,4664.22,0
2025-03-31,SKU002,22.0,102612.84,4664.22,0
2025-04-01,SKU002,30.0,139926.6,4664.22,0
2025-04-02,SKU002,14.0,65299.08,4664.22,0
2025-04-03,SKU002,25.0,116605.5,4664.22,0
2025-04-04,SKU002,26.0,121269.72,4664.22,0
2025-04-05,SKU002,17.0,79291.74,4664.22,0
2025-04-06,SKU002,19.0,88620.18,4664.22,0
2025-04-07,SKU002,27.0,125933.94,4664.22,0
2025-04-08,SKU002,23.0,107277.06,4664.22,0
2025-04-09,SKU002,29.0,135262.38,4664.22,0
2025-04-10,SKU002,17.0,79291.74,4664.22,0
2025-04-11,SKU002,30.0,139926.6,4664.22,0
2025-04-12,SKU002,40.0,186568.8,4664.22,0
2025-04-13,SKU002,36.0,167911.92,4664.22,0
2025-04-14,SKU002,15.0,69963.3,4664.22,0
2025-04-15,SKU002,21.0,97948.62,4664.22,0
2025-04-16,SKU002,31.0,144590.82,4664.22,0
2025-04-17,SKU002,28.0,130598.16,4664.22,0
2025-04-18,SKU002,27.0,125933.94,4664.22,0
2025-04-19,SKU002,21.0,97948.62,4664.22,0
2025-04-20,SKU002,22.0,102612.84,4664.22,0
2025-04-21,SKU002,18.0,83955.96,4664.22,0
2025-04-22,SKU002,19.0,88620.18,4664.22,0
2025-04-23,SKU002,20.0,93284.4,4664.22,0
2025-04-24,SKU002,19.0,88620.18,4664.22,0
2025-04-25,SKU002,25.0,116605.5,4664.22,0
2025-04-26,SKU002,21.0,97948.62,4664.22,0
2025-04-27,SKU002,20.0,93284.4,4664.22,0
2025-04-28,SKU002,33.0,153919.26,4664.22,0
2025-04-29,SKU002,13.0,60634.86,4664.22,0
2025-04-30,SKU002,21.0,97948.62,4664.22,0
2025-05-01,SKU002,25.0,116605.5,4664.22,0
2025-05-02,SKU002,26.0,121269.72,4664.22,0
2025-05-03,SKU002,23.0,107277.06,4664.22,0
2025-05-04,SKU002,28.0,130598.16,4664.22,0
2025-05-05,SKU002,23.0,107277.06,4664.22,0
2025-05-06,SKU002,35.0,163247.7,4664.22,0
2025-05-07,SKU002,24.0,111941.28,4664.22,0
2025-05-08,SKU002,17.0,79291.74,4664.22,0
2025-05-09,SKU002,20.0,93284.4,4664.22,0
2025-05-10,SKU002,22.0,102612.84,4664.22,0
2025-05-11,SKU002,26.0,121269.72,4664.22,0
2025-05-12,SKU002,19.0,88620.18,4664.22,0
2025-05-13,SKU002,23.0,107277.06,4664.22,0
2025-05-14,SKU002,33.0,153919.26,4664.22,0
2025-05-15,SKU002,24.0,111941.28,4664.22,0
2025-05-16,SKU002,27.0,125933.94,4664.22,0
2025-05-17,SKU002,24.0,111941.28,4664.22,0
2025-05-18,SKU002,23.0,107277.06,4664.22,0
2025-05-19,SKU002,13.0,60634.86,4664.22,0
2025-05-20,SKU002,19.0,88620.18,4664.22,0
2025-05-21,SKU002,17.0,79291.74,4664.22,0
2025-05-22,SKU002,20.0,93284.4,4664.22,0
2025-05-23,SKU002,12.0,55970.64,4664.22,0
2025-05-24,SKU002,25.0,116605.5,4664.22,0
2025-05-25,SKU002,13.0,60634.86,4664.22,0
2025-05-26,SKU002,23.0,107277.06,4664.22,0
2025-05-27,SKU002,21.0,97948.62,4664.22,0
2025-05-28,SKU002,30.0,139926.6,4664.22,0
2025-05-29,SKU002,19.0,88620.18,4664.22,0
2025-05-30,SKU002,33.0,153919.26,4664.22,0
2025-05-31,SKU002,27.0,125933.94,4664.22,0
2025-06-01,SKU002,21.0,97948.62,4664.22,0
2025-06-02,SKU002,27.0,125933.94,4664.22,0
2025-06-03,SKU002,28.0,130598.16,4664.22,0
2025-06-04,SKU002,26.0,121269.72,4664.22,0
2025-06-05,SKU002,15.0,69963.3,4664.22,0
2025-06-06,SKU002,23.0,107277.06,4664.22,0
2025-06-07,SKU002,29.0,135262.38,4664.22,0
2025-06-08,SKU002,24.0,111941.28,4664.22,0
2025-06-09,SKU002,31.0,144590.82,4664.22,0
2025-06-10,SKU002,34.0,145896.8,4664.22,1
2025-06-11,SKU002,34.0,145896.8,4664.22,1
2025-06-12,SKU002,30.0,128732.47,4664.22,1
2025-06-13,SKU002,39.0,167352.21,4664.22,1
2025-06-14,SKU002,42.0,180225.46,4664.22,1
2025-06-15,SKU002,39.0,167352.21,4664.22,1
2025-06-16,SKU002,27.0,115859.22,4664.22,1
2025-06-17,SKU002,43.0,184516.54,4664.22,1
2025-06-18,SKU002,28.0,120150.31,4664.22,1
2025-06-19,SKU002,42.0,180225.46,4664.22,1
2025-06-20,SKU002,31.0,133023.55,4664.22,1
2025-06-21,SKU002,28.0,130598.16,4664.22,0
2025-06-22,SKU002,25.0,116605.5,4664.22,0
2025-06-23,SKU002,18.0,83955.96,4664.22,0
2025-06-24,SKU002,17.0,79291.74,4664.22,0
2025-06-25,SKU002,17.0,79291.74,4664.22,0
2025-06-26,SKU002,24.0,111941.28,4664.22,0
2025-06-27,SKU002,39.0,181904.58,4664.22,0
2025-06-28,SKU002,33.0,153919.26,4664.22,0
2025-06-29,SKU002,22.0,102612.84,4664.22,0
2025-06-30,SKU002,22.0,102612.84,4664.22,0
2025-07-01,SKU002,17.0,79291.74,4664.22,0
2025-07-02,SKU002,18.0,83955.96,4664.22,0
2025-07-03,SKU002,31.0,144590.82,4664.22,0
2025-07-04,SKU002,42.0,195897.24,4664.22,0
2025-07-05,SKU002,18.0,83955.96,4664.22,0
2025-07-06,SKU002,32.0,149255.04,4664.22,0
2025-07-07,SKU002,24.0,111941.28,4664.22,0
2025-07-08,SKU002,23.0,107277.06,4664.22,0
2025-07-09,SKU002,30.0,139926.6,4664.22,0
2025-07-10,SKU002,30.0,139926.6,4664.22,0
2025-07-11,SKU002,26.0,121269.72,4664.22,0
2025-07-12,SKU002,30.0,139926.6,4664.22,0
2025-07-13,SKU002,11.0,51306.42,4664.22,0
2025-07-14,SKU002,19.0,88620.18,4664.22,0
2025-07-15,SKU002,29.0,135262.38,4664.22,0
2025-07-16,SKU002,27.0,125933.94,4664.22,0
2025-07-17,SKU002,24.0,111941.28,4664.22,0
2025-07-18,SKU002,32.0,149255.04,4664.22,0
2025-07-19,SKU002,26.0,121269.72,4664.22,0
2025-07-20,SKU002,37.0,172576.14,4664.22,0
2025-07-21,SKU002,16.0,74627.52,4664.22,0
2025-07-22,SKU002,25.0,116605.5,4664.22,0
2025-07-23,SKU002,32.0,149255.04,4664.22,0
2025-07-24,SKU002,28.0,130598.16,4664.22,0
2025-07-25,SKU002,33.0,153919.26,4664.22,0
2025-07-26,SKU002,30.0,139926.6,4664.22,0
2025-07-27,SKU002,32.0,149255.04,4664.22,0
2025-07-28,SKU002,19.0,88620.18,4664.22,0
2025-07-29,SKU002,27.0,125933.94,4664.22,0
2025-07-30,SKU002,20.0,93284.4,4664.22,0
2025-07-31,SKU002,39.0,181904.58,4664.22,0
2025-08-01,SKU002,38.0,177240.36,4664.22,0
2025-08-02,SKU002,18.0,83955.96,4664.22,0
2025-08-03,SKU002,46.0,214554.12,4664.22,0
2025-08-04,SKU002,30.0,139926.6,4664.22,0
2025-08-05,SKU002,27.0,125933.94,4664.22,0
2025-08-06,SKU002,27.0,125933.94,4664.22,0
2025-08-07,SKU002,24.0,111941.28,4664.22,0
2025-08-08,SKU002,29.0,135262.38,4664.22,0
2025-08-09,SKU002,30.0,139926.6,4664.22,0
2025-08-10,SKU002,18.0,83955.96,4664.22,0
2025-08-11,SKU002,25.0,116605.5,4664.22,0
2025-08-12,SKU002,25.0,116605.5,4664.22,0
2025-08-13,SKU002,27.0,125933.94,4664.22,0
2025-08-14,SKU002,21.0,97948.62,4664.22,0
2025-08-15,SKU002,32.0,149255.04,4664.22,0
2025-08-16,SKU002,45.0,209889.9,4664.22,0
2025-08-17,SKU002,31.0,144590.82,4664.22,0
2025-08-18,SKU002,25.0,116605.5,4664.22,0
2025-08-19,SKU002,34.0,158583.48,4664.22,0
2025-08-20,SKU002,36.0,167911.92,4664.22,0
2025-08-21,SKU002,31.0,144590.82,4664.22,0
2025-08-22,SKU002,25.0,116605.5,4664.22,0
2025-08-23,SKU002,30.0,139926.6,4664.22,0
2025-08-24,SKU002,33.0,153919.26,4664.22,0
2025-08-25,SKU002,42.0,195897.24,4664.22,0
2025-08-26,SKU002,28.0,130598.16,4664.22,0
2025-08-27,SKU002,24.0,111941.28,4664.22,0
2025-08-28,SKU002,24.0,111941.28,4664.22,0
2025-08-29,SKU002,27.0,125933.94,4664.22,0
2025-08-30,SKU002,32.0,149255.04,4664.22,0
2025-08-31,SKU002,34.0,158583.48,4664.22,0
2025-09-01,SKU002,22.0,102612.84,4664.22,0
2025-09-02,SKU002,9.0,41977.98,4664.22,0
2025-09-03,SKU002,19.0,88620.18,4664.22,0
2025-09-04,SKU002,12.0,55970.64,4664.22,0
2025-09-05,SKU002,25.0,116605.5,4664.22,0
2025-09-06,SKU002,32.0,149255.04,4664.22,0
2025-09-07,SKU002,29.0,135262.38,4664.22,0
2025-09-08,SKU002,14.0,65299.08,4664.22,0
2025-09-09,SKU002,18.0,83955.96,4664.22,0
2025-09-10,SKU002,24.0,111941.28,4664.22,0
2025-09-11,SKU002,18.0,83955.96,4664.22,0
2025-09-12,SKU002,27.0,125933.94,4664.22,0
2025-09-13,SKU002,33.0,153919.26,4664.22,0
2025-09-14,SKU002,25.0,116605.5,4664.22,0
2025-09-15,SKU002,14.0,65299.08,4664.22,0
2025-09-16,SKU002,26.0,121269.72,4664.22,0
2025-09-17,SKU002,18.0,83955.96,4664.22,0
2025-09-18,SKU002,19.0,88620.18,4664.22,0
2025-09-19,SKU002,20.0,93284.4,4664.22,0
2025-09-20,SKU002,34.0,158583.48,4664.22,0
2025-09-21,SKU002,22.0,102612.84,4664.22,0
2025-09-22,SKU002,22.0,102612.84,4664.22,0
2025-09-23,SKU002,31.0,144590.82,4664.22,0
2025-09-24,SKU002,30.0,139926.6,4664.22,0
2025-09-25,SKU002,27.0,125933.94,4664.22,0
2025-09-26,SKU002,26.0,121269.72,4664.22,0
2025-09-27,SKU002,33.0,153919.26,4664.22,0
2025-09-28,SKU002,26.0,121269.72,4664.22,0
2025-09-29,SKU002,25.0,116605.5,4664.22,0
2025-09-30,SKU002,21.0,97948.62,4664.22,0
2025-10-01,SKU002,25.0,107277.06,4664.22,1
2025-10-02,SKU002,25.0,107277.06,4664.22,1
2025-10-03,SKU002,42.0,180225.46,4664.22,1
2025-10-04,SKU002,35.0,150187.88,4664.22,1
2025-10-05,SKU002,36.0,154478.97,4664.22,1
2025-10-06,SKU002,36.0,154478.97,4664.22,1
2025-10-07,SKU002,36.0,154478.97,4664.22,1
2025-10-08,SKU002,37.0,158770.05,4664.22,1
2025-10-09,SKU002,29.0,124441.39,4664.22,1
2025-10-10,SKU002,40.0,171643.3,4664.22,1
2025-10-11,SKU002,25.0,116605.5,4664.22,0
2025-10-12,SKU002,31.0,144590.82,4664.22,0
2025-10-13,SKU002,16.0,74627.52,4664.22,0
2025-10-14,SKU002,17.0,79291.74,4664.22,0
2025-10-15,SKU002,19.0,88620.18,4664.22,0
2025-10-16,SKU002,23.0,107277.06,4664.22,0
2025-10-17,SKU002,37.0,172576.14,4664.22,0
2025-10-18,SKU002,36.0,167911.92,4664.22,0
2025-10-19,SKU002,30.0,139926.6,4664.22,0
2025-10-20,SKU002,17.0,79291.74,4664.22,0
2025-10-21,SKU002,28.0,130598.16,4664.22,0
2025-10-22,SKU002,18.0,83955.96,4664.22,0
2025-10-23,SKU002,24.0,111941.28,4664.22,0
2025-10-24,SKU002,38.0,177240.36,4664.22,0
2025-10-25,SKU002,22.0,102612.84,4664.22,0
2025-10-26,SKU002,37.0,172576.14,4664.22,0
2025-10-27,SKU002,18.0,83955.96,4664.22,0
2025-10-28,SKU002,29.0,135262.38,4664.22,0
2025-10-29,SKU002,23.0,107277.06,4664.22,0
2025-10-30,SKU002,23.0,107277.06,4664.22,0
2025-10-31,SKU002,19.0,88620.18,4664.22,0
2025-11-01,SKU002,37.0,172576.14,4664.22,0
2025-11-02,SKU002,21.0,97948.62,4664.22,0
2025-11-03,SKU002,18.0,83955.96,4664.22,0
2025-11-04,SKU002,18.0,83955.96,4664.22,0
2025-11-05,SKU002,21.0,97948.62,4664.22,0
2025-11-06,SKU002,27.0,125933.94,4664.22,0
2025-11-07,SKU002,16.0,74627.52,4664.22,0
2025-11-08,SKU002,17.0,79291.74,4664.22,0
2025-11-09,SKU002,21.0,97948.62,4664.22,0
2025-11-10,SKU002,20.0,93284.4,4664.22,0
2025-11-11,SKU002,22.0,102612.84,4664.22,0
2025-11-12,SKU002,22.0,102612.84,4664.22,0
2025-11-13,SKU002,30.0,139926.6,4664.22,0
2025-11-14,SKU002,36.0,167911.92,4664.22,0
2025-11-15,SKU002,29.0,135262.38,4664.22,0
2025-11-16,SKU002,29.0,135262.38,4664.22,0
2025-11-17,SKU002,13.0,60634.86,4664.22,0
2025-11-18,SKU002,25.0,116605.5,4664.22,0
2025-11-19,SKU002,16.0,74627.52,4664.22,0
2025-11-20,SKU002,41.0,175934.38,4664.22,1
2025-11-21,SKU002,43.0,184516.54,4664.22,1
2025-11-22,SKU002,38.0,163061.13,4664.22,1
2025-11-23,SKU002,28.0,120150.31,4664.22,1
2025-11-24,SKU002,20.0,85821.65,4664.22,1
2025-11-25,SKU002,31.0,133023.55,4664.22,1
2025-11-26,SKU002,32.0,137314.64,4664.22,1
2025-11-27,SKU002,39.0,167352.21,4664.22,1
2025-11-28,SKU002,44.0,188807.63,4664.22,1
2025-11-29,SKU002,46.0,197389.79,4664.22,1
2025-11-30,SKU002,35.0,150187.88,4664.22,1
2025-12-01,SKU002,22.0,102612.84,4664.22,0
2025-12-02,SKU002,33.0,153919.26,4664.22,0
2025-12-03,SKU002,13.0,60634.86,4664.22,0
2025-12-04,SKU002,21.0,97948.62,4664.22,0
2025-12-05,SKU002,27.0,125933.94,4664.22,0
2025-12-06,SKU002,24.0,111941.28,4664.22,0
2025-12-07,SKU002,31.0,144590.82,4664.22,0
2025-12-08,SKU002,22.0,102612.84,4664.22,0
2025-12-09,SKU002,23.0,107277.06,4664.22,0
2025-12-10,SKU002,25.0,116605.5,4664.22,0
2025-12-11,SKU002,26.0,121269.72,4664.22,0
2025-12-12,SKU002,31.0,144590.82,4664.22,0
2025-12-13,SKU002,25.0,116605.5,4664.22,0
2025-12-14,SKU002,30.0,139926.6,4664.22,0
2025-12-15,SKU002,42.0,180225.46,4664.22,1
2025-12-16,SKU002,42.0,180225.46,4664.22,1
2025-12-17,SKU002,29.0,124441.39,4664.22,1
2025-12-18,SKU002,43.0,184516.54,4664.22,1
2025-12-19,SKU002,44.0,188807.63,4664.22,1
2025-12-20,SKU002,38.0,163061.13,4664.22,1
2025-12-21,SKU002,34.0,145896.8,4664.22,1
2025-12-22,SKU002,39.0,167352.21,,1
2025-12-23,SKU002,34.0,145896.8,4664.22,1
2025-12-24,SKU002,39.0,167352.21,4664.22,1
2025-12-25,SKU002,36.0,154478.97,4664.22,1
2025-12-26,SKU002,48.0,205971.96,4664.22,1
2025-12-27,SKU002,41.0,175934.38,4664.22,1
2025-12-28,SKU002,35.0,150187.88,4664.22,1
2025-12-29,SKU002,26.0,111568.14,4664.22,1
2025-12-30,SKU002,37.0,158770.05,4664.22,1
2025-12-31,SKU002,59.0,253173.86,4664.22,1
2026-01-01,SKU002,29.0,135262.38,4664.22,0
2026-01-02,SKU002,23.0,107277.06,4664.22,0
2026-01-03,SKU002,28.0,130598.16,4664.22,0
2026-01-04,SKU002,34.0,158583.48,4664.22,0
2026-01-05,SKU002,16.0,74627.52,4664.22,0
2026-01-06,SKU002,29.0,135262.38,4664.22,0
2026-01-07,SKU002,25.0,116605.5,4664.22,0
2026-01-08,SKU002,18.0,83955.96,4664.22,0
2026-01-09,SKU002,33.0,153919.26,4664.22,0
2026-01-10,SKU002,38.0,177240.36,4664.22,0
2026-01-11,SKU002,30.0,139926.6,4664.22,0
2026-01-12,SKU002,23.0,107277.06,4664.22,0
2026-01-13,SKU002,40.0,186568.8,4664.22,0
2026-01-14,SKU002,47.0,219218.34,4664.22,0
2026-01-15,SKU002,28.0,130598.16,4664.22,0
2026-01-16,SKU002,29.0,135262.38,4664.22,0
2026-01-17,SKU002,24.0,111941.28,4664.22,0
2026-01-18,SKU002,27.0,125933.94,4664.22,0
2026-01-19,SKU002,20.0,93284.4,4664.22,0
2026-01-20,SKU002,39.0,181904.58,4664.22,0
2026-01-21,SKU002,21.0,97948.62,4664.22,0
2026-01-22,SKU002,33.0,153919.26,4664.22,0
2026-01-23,SKU002,32.0,149255.04,4664.22,0
2026-01-24,SKU002,37.0,172576.14,4664.22,0
2026-01-25,SKU002,19.0,88620.18,4664.22,0
2026-01-26,SKU002,29.0,135262.38,4664.22,0
2026-01-27,SKU002,35.0,163247.7,4664.22,0
2026-01-28,SKU002,23.0,107277.06,4664.22,0
2026-01-29,SKU002,26.0,121269.72,4664.22,0
2026-01-30,SKU002,22.0,102612.84,4664.22,0
2026-01-31,SKU002,29.0,135262.38,4664.22,0
2026-02-01,SKU002,20.0,93284.4,4664.22,0
2026-02-02,SKU002,13.0,60634.86,4664.22,0
2026-02-03,SKU002,25.0,116605.5,4664.22,0
2026-02-04,SKU002,27.0,125933.94,4664.22,0
2026-02-05,SKU002,26.0,121269.72,4664.22,0
2026-02-06,SKU002,32.0,149255.04,4664.22,0
2026-02-07,SKU002,23.0,107277.06,4664.22,0
2026-02-08,SKU002,28.0,130598.16,4664.22,0
2026-02-09,SKU002,25.0,116605.5,4664.22,0
2026-02-10,SKU002,26.0,121269.72,4664.22,0
2026-02-11,SKU002,21.0,97948.62,4664.22,0
2026-02-12,SKU002,17.0,79291.74,4664.22,0
2026-02-13,SKU002,25.0,116605.5,4664.22,0
2026-02-14,SKU002,25.0,116605.5,4664.22,0
2026-02-15,SKU002,21.0,97948.62,4664.22,0
2026-02-16,SKU002,29.0,135262.38,4664.22,0
2026-02-17,SKU002,32.0,149255.04,4664.22,0
2026-02-18,SKU002,36.0,167911.92,4664.22,0
2026-02-19,SKU002,26.0,121269.72,4664.22,0
2026-02-20,SKU002,20.0,93284.4,4664.22,0
2026-02-21,SKU002,32.0,149255.04,4664.22,0
2026-02-22,SKU002,18.0,83955.96,4664.22,0
2026-02-23,SKU002,18.0,83955.96,4664.22,0
2026-02-24,SKU002,31.0,144590.82,4664.22,0
2026-02-25,SKU002,28.0,130598.16,4664.22,0
2026-02-26,SKU002,40.0,186568.8,4664.22,0
2026-02-27,SKU002,23.0,107277.06,4664.22,0
2026-02-28,SKU002,24.0,111941.28,4664.22,0
2026-03-01,SKU002,30.0,139926.6,4664.22,0
2026-03-02,SKU002,20.0,93284.4,4664.22,0
2026-03-03,SKU002,20.0,93284.4,4664.22,0
2026-03-04,SKU002,26.0,121269.72,4664.22,0
2026-03-05,SKU002,25.0,116605.5,4664.22,0
2026-03-06,SKU002,29.0,135262.38,4664.22,0
2026-03-07,SKU002,30.0,139926.6,4664.22,0
2026-03-08,SKU002,23.0,107277.06,4664.22,0
2026-03-09,SKU002,21.0,97948.62,4664.22,0
2026-03-10,SKU002,34.0,158583.48,4664.22,0
2026-03-11,SKU002,26.0,121269.72,4664.22,0
2026-03-12,SKU002,37.0,172576.14,4664.22,0
2026-03-13,SKU002,40.0,186568.8,4664.22,0
2026-03-14,SKU002,34.0,158583.48,4664.22,0
2026-03-15,SKU002,38.0,163061.13,4664.22,1
2026-03-16,SKU002,32.0,137314.64,4664.22,1
2026-03-17,SKU002,36.0,154478.97,4664.22,1
2026-03-18,SKU002,32.0,137314.64,4664.22,1
2026-03-19,SKU002,32.0,137314.64,4664.22,1
2026-03-20,SKU002,38.0,163061.13,4664.22,1
2026-03-21,SKU002,46.0,197389.79,4664.22,1
2026-03-22,SKU002,38.0,163061.13,4664.22,1
2026-03-23,SKU002,29.0,124441.39,4664.22,1
2026-03-24,SKU002,35.0,150187.88,4664.22,1
2026-03-25,SKU002,23.0,98694.9,4664.22,1
2026-03-26,SKU002,28.0,130598.16,4664.22,0
2026-03-27,SKU002,30.0,139926.6,4664.22,0
2026-03-28,SKU002,19.0,88620.18,4664.22,0
2026-03-29,SKU002,26.0,121269.72,4664.22,0
2026-03-30,SKU002,23.0,107277.06,4664.22,0
2026-03-31,SKU002,18.0,83955.96,4664.22,0
2026-04-01,SKU002,23.0,107277.06,4664.22,0
2026-04-02,SKU002,28.0,130598.16,4664.22,0
2026-04-03,SKU002,27.0,125933.94,4664.22,0
2026-04-04,SKU002,32.0,149255.04,4664.22,0
2026-04-05,SKU002,19.0,88620.18,4664.22,0
2026-04-06,SKU002,28.0,130598.16,4664.22,0
2026-04-07,SKU002,23.0,107277.06,4664.22,0
2026-04-08,SKU002,20.0,93284.4,4664.22,0
2026-04-09,SKU002,20.0,93284.4,4664.22,0
2026-04-10,SKU002,25.0,116605.5,4664.22,0
2026-04-11,SKU002,27.0,125933.94,4664.22,0
2026-04-12,SKU002,19.0,88620.18,4664.22,0
2026-04-13,SKU002,21.0,97948.62,4664.22,0
2026-04-14,SKU002,25.0,116605.5,4664.22,0
2026-04-15,SKU002,15.0,69963.3,4664.22,0
2026-04-16,SKU002,30.0,139926.6,4664.22,0
2026-04-17,SKU002,47.0,219218.34,4664.22,0
2026-04-18,SKU002,40.0,186568.8,4664.22,0
2026-04-19,SKU002,24.0,111941.28,4664.22,0
2026-04-20,SKU002,28.0,130598.16,4664.22,0
2026-04-21,SKU002,22.0,102612.84,4664.22,0
2026-04-22,SKU002,27.0,125933.94,4664.22,0
2026-04-23,SKU002,27.0,125933.94,4664.22,0
2026-04-24,SKU002,22.0,102612.84,4664.22,0
2026-04-25,SKU002,17.0,79291.74,4664.22,0
2026-04-26,SKU002,33.0,153919.26,4664.22,0
2026-04-27,SKU002,15.0,69963.3,4664.22,0
2026-04-28,SKU002,23.0,107277.06,4664.22,0
2026-04-29,SKU002,18.0,83955.96,4664.22,0
2026-04-30,SKU002,15.0,69963.3,4664.22,0
2026-05-01,SKU002,29.0,135262.38,4664.22,0
2026-05-02,SKU002,34.0,158583.48,4664.22,0
2026-05-03,SKU002,38.0,177240.36,4664.22,0
2026-05-04,SKU002,22.0,102612.84,4664.22,0
2026-05-05,SKU002,15.0,69963.3,4664.22,0
2026-05-06,SKU002,31.0,144590.82,4664.22,0
2026-05-07,SKU002,19.0,88620.18,4664.22,0
2026-05-08,SKU002,23.0,107277.06,4664.22,0
2026-05-09,SKU002,32.0,149255.04,4664.22,0
2026-05-10,SKU002,30.0,139926.6,4664.22,0
2026-05-11,SKU002,24.0,111941.28,4664.22,0
2026-05-12,SKU002,34.0,158583.48,4664.22,0
2026-05-13,SKU002,32.0,149255.04,4664.22,0
2026-05-14,SKU002,16.0,74627.52,4664.22,0
2026-05-15,SKU002,29.0,135262.38,4664.22,0
2026-05-16,SKU002,37.0,172576.14,4664.22,0
2026-05-17,SKU002,21.0,97948.62,4664.22,0
2026-05-18,SKU002,22.0,102612.84,4664.22,0
2026-05-19,SKU002,22.0,102612.84,4664.22,0
2026-05-20,SKU002,24.0,111941.28,4664.22,0
2026-05-21,SKU002,33.0,153919.26,4664.22,0
2026-05-22,SKU002,26.0,121269.72,4664.22,0
2026-05-23,SKU002,33.0,153919.26,4664.22,0
2026-05-24,SKU002,33.0,153919.26,4664.22,0
2026-05-25,SKU002,23.0,107277.06,4664.22,0
2026-05-26,SKU002,28.0,130598.16,4664.22,0
2026-05-27,SKU002,21.0,97948.62,4664.22,0
2026-05-28,SKU002,39.0,181904.58,4664.22,0
2026-05-29,SKU002,25.0,116605.5,4664.22,0
2026-05-30,SKU002,41.0,191233.02,4664.22,0
2026-05-31,SKU002,47.0,219218.34,4664.22,0
2026-06-01,SKU002,18.0,83955.96,4664.22,0
2026-06-02,SKU002,26.0,121269.72,4664.22,0
2026-06-03,SKU002,34.0,158583.48,4664.22,0
2026-06-04,SKU002,24.0,111941.28,4664.22,0
2026-06-05,SKU002,30.0,139926.6,4664.22,0
2026-06-06,SKU002,32.0,149255.04,4664.22,0
2026-06-07,SKU002,19.0,88620.18,,0
2026-06-08,SKU002,14.0,65299.08,4664.22,0
2026-06-09,SKU002,24.0,111941.28,4664.22,0
2026-06-10,SKU002,26.0,111568.14,4664.22,1
2026-06-11,SKU002,58.0,248882.78,4664.22,1
2026-06-12,SKU002,83.0,356159.84,4664.22,1
2026-06-13,SKU002,46.0,197389.79,4664.22,1
2026-06-14,SKU002,34.0,145896.8,4664.22,1
2026-06-15,SKU002,39.0,167352.21,4664.22,1
2026-06-16,SKU002,33.0,141605.72,4664.22,1
2026-06-17,SKU002,49.0,210263.04,4664.22,1
2026-06-18,SKU002,34.0,145896.8,4664.22,1
2026-06-19,SKU002,35.0,150187.88,4664.22,1
2026-06-20,SKU002,47.0,201680.87,4664.22,1
2026-06-21,SKU002,22.0,102612.84,4664.22,0
2026-06-22,SKU002,23.0,107277.06,4664.22,0
2026-06-23,SKU002,28.0,130598.16,4664.22,0
2026-06-24,SKU002,33.0,153919.26,4664.22,0
2026-06-25,SKU002,25.0,116605.5,4664.22,0
2026-06-26,SKU002,48.0,223882.56,4664.22,0
2026-06-27,SKU002,30.0,139926.6,4664.22,0
2026-06-28,SKU002,18.0,83955.96,4664.22,0
2026-06-29,SKU002,31.0,144590.82,4664.22,0
2026-06-30,SKU002,31.0,144590.82,4664.22,0
2025-01-01,SKU003,8.0,59097.36,7387.17,0
2025-01-02,SKU003,13.0,96033.21,7387.17,0
2025-01-03,SKU003,19.0,140356.23,7387.17,0
2025-01-04,SKU003,15.0,110807.55,7387.17,0
2025-01-05,SKU003,9.0,66484.53,7387.17,0
2025-01-06,SKU003,10.0,73871.7,7387.17,0
2025-01-07,SKU003,13.0,96033.21,7387.17,0
2025-01-08,SKU003,18.0,132969.06,7387.17,0
2025-01-09,SKU003,12.0,88646.04,7387.17,0
2025-01-10,SKU003,21.0,142720.12,7387.17,1
2025-01-11,SKU003,13.0,88350.55,7387.17,1
2025-01-12,SKU003,17.0,115535.34,7387.17,1
2025-01-13,SKU003,14.0,95146.75,7387.17,1
2025-01-14,SKU003,15.0,101942.95,7387.17,1
2025-01-15,SKU003,12.0,81554.36,7387.17,1
2025-01-16,SKU003,8.0,59097.36,7387.17,0
2025-01-17,SKU003,15.0,110807.55,7387.17,0
2025-01-18,SKU003,17.0,125581.89,7387.17,0
2025-01-19,SKU003,18.0,132969.06,7387.17,0
2025-01-20,SKU003,13.0,96033.21,7387.17,0
2025-01-21,SKU003,15.0,110807.55,7387.17,0
2025-01-22,SKU003,13.0,96033.21,7387.17,0
2025-01-23,SKU003,15.0,110807.55,7387.17,0
2025-01-24,SKU003,16.0,118194.72,7387.17,0
2025-01-25,SKU003,11.0,81258.87,7387.17,0
2025-01-26,SKU003,11.0,81258.87,7387.17,0
2025-01-27,SKU003,6.0,44323.02,7387.17,0
2025-01-28,SKU003,8.0,59097.36,7387.17,0
2025-01-29,SKU003,17.0,125581.89,7387.17,0
2025-01-30,SKU003,5.0,36935.85,7387.17,0
2025-01-31,SKU003,8.0,59097.36,7387.17,0
2025-02-01,SKU003,8.0,59097.36,7387.17,0
2025-02-02,SKU003,13.0,96033.21,7387.17,0
2025-02-03,SKU003,8.0,59097.36,7387.17,0
2025-02-04,SKU003,9.0,66484.53,7387.17,0
2025-02-05,SKU003,5.0,36935.85,7387.17,0
2025-02-06,SKU003,4.0,29548.68,7387.17,0
2025-02-07,SKU003,12.0,88646.04,7387.17,0
2025-02-08,SKU003,8.0,59097.36,7387.17,0
2025-02-09,SKU003,15.0,110807.55,7387.17,0
2025-02-10,SKU003,8.0,59097.36,7387.17,0
2025-02-11,SKU003,9.0,66484.53,7387.17,0
2025-02-12,SKU003,6.0,44323.02,7387.17,0
2025-02-13,SKU003,9.0,66484.53,7387.17,0
2025-02-14,SKU003,16.0,118194.72,7387.17,0
2025-02-15,SKU003,18.0,132969.06,7387.17,0
2025-02-16,SKU003,13.0,96033.21,7387.17,0
2025-02-17,SKU003,8.0,59097.36,7387.17,0
2025-02-18,SKU003,10.0,73871.7,7387.17,0
2025-02-19,SKU003,9.0,66484.53,7387.17,0
2025-02-20,SKU003,9.0,66484.53,7387.17,0
2025-02-21,SKU003,15.0,110807.55,7387.17,0
2025-02-22,SKU003,14.0,103420.38,7387.17,0
2025-02-23,SKU003,11.0,81258.87,7387.17,0
2025-02-24,SKU003,12.0,88646.04,7387.17,0
2025-02-25,SKU003,8.0,59097.36,7387.17,0
2025-02-26,SKU003,6.0,44323.02,7387.17,0
2025-02-27,SKU003,13.0,96033.21,7387.17,0
2025-02-28,SKU003,11.0,81258.87,7387.17,0
2025-03-01,SKU003,14.0,103420.38,7387.17,0
2025-03-02,SKU003,20.0,147743.4,7387.17,0
2025-03-03,SKU003,12.0,88646.04,7387.17,0
2025-03-04,SKU003,11.0,81258.87,7387.17,0
2025-03-05,SKU003,6.0,44323.02,7387.17,0
2025-03-06,SKU003,9.0,66484.53,7387.17,0
2025-03-07,SKU003,13.0,96033.21,7387.17,0
2025-03-08,SKU003,10.0,73871.7,7387.17,0
2025-03-09,SKU003,8.0,59097.36,7387.17,0
2025-03-10,SKU003,8.0,59097.36,7387.17,0
2025-03-11,SKU003,5.0,36935.85,7387.17,0
2025-03-12,SKU003,8.0,59097.36,7387.17,0
2025-03-13,SKU003,10.0,73871.7,7387.17,0
2025-03-14,SKU003,17.0,125581.89,7387.17,0
2025-03-15,SKU003,12.0,88646.04,7387.17,0
2025-03-16,SKU003,5.0,36935.85,7387.17,0
2025-03-17,SKU003,22.0,162517.74,7387.17,0
2025-03-18,SKU003,10.0,73871.7,7387.17,0
2025-03-19,SKU003,12.0,88646.04,7387.17,0
2025-03-20,SKU003,16.0,108739.14,7387.17,1
2025-03-21,SKU003,15.0,101942.95,7387.17,1
2025-03-22,SKU003,19.0,129127.73,7387.17,1
2025-03-23,SKU003,16.0,108739.14,7387.17,1
2025-03-24,SKU003,13.0,88350.55,7387.17,1
2025-03-25,SKU003,14.0,95146.75,7387.17,1
2025-03-26,SKU003,13.0,88350.55,7387.17,1
2025-03-27,SKU003,11.0,74758.16,7387.17,1
2025-03-28,SKU003,10.0,73871.7,7387.17,0
2025-03-29,SKU003,12.0,88646.04,7387.17,0
2025-03-30,SKU003,17.0,125581.89,7387.17,0
2025-03-31,SKU003,8.0,59097.36,7387.17,0
2025-04-01,SKU003,9.0,66484.53,7387.17,0
2025-04-02,SKU003,8.0,59097.36,7387.17,0
2025-04-03,SKU003,12.0,88646.04,7387.17,0
2025-04-04,SKU003,8.0,59097.36,7387.17,0
2025-04-05,SKU003,10.0,73871.7,7387.17,0
2025-04-06,SKU003,12.0,88646.04,7387.17,0
2025-04-07,SKU003,7.0,51710.19,7387.17,0
2025-04-08,SKU003,12.0,88646.04,7387.17,0
2025-04-09,SKU003,17.0,125581.89,7387.17,0
2025-04-10,SKU003,4.0,29548.68,7387.17,0
2025-04-11,SKU003,15.0,110807.55,7387.17,0
2025-04-12,SKU003,12.0,88646.04,7387.17,0
2025-04-13,SKU003,13.0,96033.21,7387.17,0
2025-04-14,SKU003,7.0,51710.19,7387.17,0
2025-04-15,SKU003,9.0,66484.53,7387.17,0
2025-04-16,SKU003,10.0,73871.7,7387.17,0
2025-04-17,SKU003,6.0,44323.02,7387.17,0
2025-04-18,SKU003,10.0,73871.7,7387.17,0
2025-04-19,SKU003,10.0,73871.7,7387.17,0
2025-04-20,SKU003,12.0,88646.04,7387.17,0
2025-04-21,SKU003,8.0,59097.36,7387.17,0
2025-04-22,SKU003,7.0,51710.19,7387.17,0
2025-04-23,SKU003,13.0,96033.21,7387.17,0
2025-04-24,SKU003,10.0,73871.7,7387.17,0
2025-04-25,SKU003,15.0,110807.55,7387.17,0
2025-04-26,SKU003,13.0,96033.21,7387.17,0
2025-04-27,SKU003,7.0,51710.19,7387.17,0
2025-04-28,SKU003,6.0,44323.02,7387.17,0
2025-04-29,SKU003,17.0,125581.89,7387.17,0
2025-04-30,SKU003,8.0,59097.36,7387.17,0
2025-05-01,SKU003,10.0,73871.7,7387.17,0
2025-05-02,SKU003,14.0,103420.38,7387.17,0
2025-05-03,SKU003,17.0,125581.89,7387.17,0
2025-05-04,SKU003,13.0,96033.21,7387.17,0
2025-05-05,SKU003,10.0,73871.7,7387.17,0
2025-05-06,SKU003,4.0,29548.68,7387.17,0
2025-05-07,SKU003,12.0,88646.04,7387.17,0
2025-05-08,SKU003,10.0,73871.7,7387.17,0
2025-05-09,SKU003,10.0,73871.7,7387.17,0
2025-05-10,SKU003,15.0,110807.55,7387.17,0
2025-05-11,SKU003,10.0,73871.7,7387.17,0
2025-05-12,SKU003,9.0,66484.53,7387.17,0
2025-05-13,SKU003,8.0,59097.36,7387.17,0
2025-05-14,SKU003,12.0,88646.04,7387.17,0
2025-05-15,SKU003,3.0,22161.51,7387.17,0
2025-05-16,SKU003,12.0,88646.04,7387.17,0
2025-05-17,SKU003,14.0,103420.38,7387.17,0
2025-05-18,SKU003,17.0,125581.89,7387.17,0
2025-05-19,SKU003,5.0,36935.85,7387.17,0
2025-05-20,SKU003,13.0,96033.21,7387.17,0
2025-05-21,SKU003,6.0,44323.02,7387.17,0
2025-05-22,SKU003,8.0,59097.36,7387.17,0
2025-05-23,SKU003,24.0,177292.08,7387.17,0
2025-05-24,SKU003,14.0,103420.38,7387.17,0
2025-05-25,SKU003,15.0,110807.55,7387.17,0
2025-05-26,SKU003,8.0,59097.36,7387.17,0
2025-05-27,SKU003,12.0,88646.04,7387.17,0
2025-05-28,SKU003,5.0,36935.85,7387.17,0
2025-05-29,SKU003,10.0,73871.7,7387.17,0
2025-05-30,SKU003,10.0,73871.7,7387.17,0
2025-05-31,SKU003,7.0,51710.19,7387.17,0
2025-06-01,SKU003,8.0,59097.36,7387.17,0
2025-06-02,SKU003,7.0,51710.19,7387.17,0
2025-06-03,SKU003,10.0,73871.7,7387.17,0
2025-06-04,SKU003,9.0,66484.53,7387.17,0
2025-06-05,SKU003,18.0,132969.06,7387.17,0
2025-06-06,SKU003,9.0,66484.53,7387.17,0
2025-06-07,SKU003,16.0,118194.72,7387.17,0
2025-06-08,SKU003,13.0,96033.21,7387.17,0
2025-06-09,SKU003,10.0,73871.7,7387.17,0
2025-06-10,SKU003,15.0,101942.95,7387.17,1
2025-06-11,SKU003,22.0,149516.32,7387.17,1
2025-06-12,SKU003,19.0,129127.73,7387.17,1
2025-06-13,SKU003,20.0,135923.93,7387.17,1
2025-06-14,SKU003,13.0,88350.55,7387.17,1
2025-06-15,SKU003,17.0,115535.34,7387.17,1
2025-06-16,SKU003,9.0,61165.77,7387.17,1
2025-06-17,SKU003,10.0,67961.96,7387.17,1
2025-06-18,SKU003,20.0,135923.93,7387.17,1
2025-06-19,SKU003,12.0,81554.36,7387.17,1
2025-06-20,SKU003,16.0,108739.14,7387.17,1
2025-06-21,SKU003,11.0,81258.87,7387.17,0
2025-06-22,SKU003,11.0,81258.87,7387.17,0
2025-06-23,SKU003,6.0,44323.02,7387.17,0
2025-06-24,SKU003,10.0,73871.7,7387.17,0
2025-06-25,SKU003,10.0,73871.7,7387.17,0
2025-06-26,SKU003,9.0,66484.53,7387.17,0
2025-06-27,SKU003,10.0,73871.7,7387.17,0
2025-06-28,SKU003,12.0,88646.04,7387.17,0
2025-06-29,SKU003,19.0,140356.23,7387.17,0
2025-06-30,SKU003,12.0,88646.04,7387.17,0
2025-07-01,SKU003,13.0,96033.21,7387.17,0
2025-07-02,SKU003,14.0,103420.38,7387.17,0
2025-07-03,SKU003,10.0,73871.7,7387.17,0
2025-07-04,SKU003,13.0,96033.21,7387.17,0
2025-07-05,SKU003,19.0,140356.23,7387.17,0
2025-07-06,SKU003,10.0,73871.7,7387.17,0
2025-07-07,SKU003,21.0,155130.57,7387.17,0
2025-07-08,SKU003,7.0,51710.19,7387.17,0
2025-07-09,SKU003,8.0,59097.36,7387.17,0
2025-07-10,SKU003,10.0,73871.7,7387.17,0
2025-07-11,SKU003,17.0,125581.89,7387.17,0
2025-07-12,SKU003,21.0,155130.57,7387.17,0
2025-07-13,SKU003,14.0,103420.38,7387.17,0
2025-07-14,SKU003,7.0,51710.19,7387.17,0
2025-07-15,SKU003,9.0,66484.53,7387.17,0
2025-07-16,SKU003,8.0,59097.36,7387.17,0
2025-07-17,SKU003,13.0,96033.21,7387.17,0
2025-07-18,SKU003,9.0,66484.53,7387.17,0
2025-07-19,SKU003,15.0,110807.55,7387.17,0
2025-07-20,SKU003,11.0,81258.87,7387.17,0
2025-07-21,SKU003,11.0,81258.87,7387.17,0
2025-07-22,SKU003,10.0,73871.7,7387.17,0
2025-07-23,SKU003,11.0,81258.87,7387.17,0
2025-07-24,SKU003,8.0,59097.36,7387.17,0
2025-07-25,SKU003,10.0,73871.7,7387.17,0
2025-07-26,SKU003,11.0,81258.87,7387.17,0
2025-07-27,SKU003,13.0,96033.21,7387.17,0
2025-07-28,SKU003,6.0,44323.02,7387.17,0
2025-07-29,SKU003,9.0,66484.53,7387.17,0
2025-07-30,SKU003,11.0,81258.87,7387.17,0
2025-07-31,SKU003,10.0,73871.7,7387.17,0
2025-08-01,SKU003,12.0,88646.04,7387.17,0
2025-08-02,SKU003,17.0,125581.89,7387.17,0
2025-08-03,SKU003,9.0,66484.53,7387.17,0
2025-08-04,SKU003,10.0,73871.7,7387.17,0
2025-08-05,SKU003,11.0,81258.87,7387.17,0
2025-08-06,SKU003,10.0,73871.7,7387.17,0
2025-08-07,SKU003,11.0,81258.87,7387.17,0
2025-08-08,SKU003,8.0,59097.36,7387.17,0
2025-08-09,SKU003,15.0,110807.55,7387.17,0
2025-08-10,SKU003,10.0,73871.7,7387.17,0
2025-08-11,SKU003,12.0,88646.04,7387.17,0
2025-08-12,SKU003,9.0,66484.53,7387.17,0
2025-08-13,SKU003,9.0,66484.53,7387.17,0
2025-08-14,SKU003,11.0,81258.87,7387.17,0
2025-08-15,SKU003,18.0,132969.06,7387.17,0
2025-08-16,SKU003,15.0,110807.55,7387.17,0
2025-08-17,SKU003,9.0,66484.53,7387.17,0
2025-08-18,SKU003,14.0,103420.38,7387.17,0
2025-08-19,SKU003,16.0,118194.72,7387.17,0
2025-08-20,SKU003,14.0,103420.38,7387.17,0
2025-08-21,SKU003,15.0,110807.55,7387.17,0
2025-08-22,SKU003,13.0,96033.21,7387.17,0
2025-08-23,SKU003,11.0,81258.87,7387.17,0
2025-08-24,SKU003,5.0,36935.85,7387.17,0
2025-08-25,SKU003,6.0,44323.02,7387.17,0
2025-08-26,SKU003,15.0,110807.55,7387.17,0
2025-08-27,SKU003,15.0,110807.55,7387.17,0
2025-08-28,SKU003,18.0,132969.06,7387.17,0
2025-08-29,SKU003,14.0,103420.38,7387.17,0
2025-08-30,SKU003,10.0,73871.7,7387.17,0
2025-08-31,SKU003,8.0,59097.36,7387.17,0
2025-09-01,SKU003,13.0,96033.21,7387.17,0
2025-09-02,SKU003,9.0,66484.53,7387.17,0
2025-09-03,SKU003,6.0,44323.02,7387.17,0
2025-09-04,SKU003,10.0,73871.7,7387.17,0
2025-09-05,SKU003,9.0,66484.53,7387.17,0
2025-09-06,SKU003,6.0,44323.02,7387.17,0
2025-09-07,SKU003,12.0,88646.04,7387.17,0
2025-09-08,SKU003,5.0,36935.85,7387.17,0
2025-09-09,SKU003,10.0,73871.7,7387.17,0
2025-09-10,SKU003,6.0,44323.02,7387.17,0
2025-09-11,SKU003,7.0,51710.19,7387.17,0
2025-09-12,SKU003,13.0,96033.21,7387.17,0
2025-09-13,SKU003,19.0,140356.23,7387.17,0
2025-09-14,SKU003,7.0,51710.19,7387.17,0
2025-09-15,SKU003,9.0,66484.53,7387.17,0
2025-09-16,SKU003,12.0,88646.04,7387.17,0
2025-09-17,SKU003,13.0,96033.21,7387.17,0
2025-09-18,SKU003,16.0,118194.72,7387.17,0
2025-09-19,SKU003,18.0,132969.06,7387.17,0
2025-09-20,SKU003,7.0,51710.19,7387.17,0
2025-09-21,SKU003,13.0,96033.21,7387.17,0
2025-09-22,SKU003,5.0,36935.85,7387.17,0
2025-09-23,SKU003,9.0,66484.53,7387.17,0
2025-09-24,SKU003,13.0,96033.21,7387.17,0
2025-09-25,SKU003,10.0,73871.7,7387.17,0
2025-09-26,SKU003,11.0,81258.87,7387.17,0
2025-09-27,SKU003,11.0,81258.87,7387.17,0
2025-09-28,SKU003,12.0,88646.04,7387.17,0
2025-09-29,SKU003,7.0,51710.19,7387.17,0
2025-09-30,SKU003,6.0,44323.02,7387.17,0
2025-10-01,SKU003,22.0,149516.32,7387.17,1
2025-10-02,SKU003,23.0,156312.52,7387.17,1
2025-10-03,SKU003,18.0,122331.54,7387.17,1
2025-10-04,SKU003,12.0,81554.36,7387.17,1
2025-10-05,SKU003,13.0,88350.55,7387.17,1
2025-10-06,SKU003,13.0,88350.55,7387.17,1
2025-10-07,SKU003,13.0,88350.55,7387.17,1
2025-10-08,SKU003,6.0,40777.18,7387.17,1
2025-10-09,SKU003,18.0,122331.54,7387.17,1
2025-10-10,SKU003,17.0,115535.34,7387.17,1
2025-10-11,SKU003,11.0,81258.87,7387.17,0
2025-10-12,SKU003,9.0,66484.53,7387.17,0
2025-10-13,SKU003,6.0,44323.02,7387.17,0
2025-10-14,SKU003,9.0,66484.53,7387.17,0
2025-10-15,SKU003,7.0,51710.19,7387.17,0
2025-10-16,SKU003,11.0,81258.87,7387.17,0
2025-10-17,sku003,13.0,96033.21,7387.17,0
2025-10-18,SKU003,17.0,125581.89,7387.17,0
2025-10-19,SKU003,9.0,66484.53,7387.17,0
2025-10-20,SKU003,8.0,59097.36,7387.17,0
2025-10-21,SKU003,10.0,73871.7,7387.17,0
2025-10-22,SKU003,5.0,36935.85,7387.17,0
2025-10-23,SKU003,6.0,44323.02,7387.17,0
2025-10-24,SKU003,12.0,88646.04,7387.17,0
2025-10-25,SKU003,16.0,118194.72,7387.17,0
2025-10-26,SKU003,13.0,96033.21,7387.17,0
2025-10-27,SKU003,7.0,51710.19,7387.17,0
2025-10-28,SKU003,11.0,81258.87,7387.17,0
2025-10-29,SKU003,13.0,96033.21,7387.17,0
2025-10-30,SKU003,6.0,44323.02,7387.17,0
2025-10-31,SKU003,12.0,88646.04,7387.17,0
2025-11-01,SKU003,17.0,125581.89,7387.17,0
2025-11-02,SKU003,12.0,88646.04,7387.17,0
2025-11-03,SKU003,8.0,59097.36,7387.17,0
2025-11-04,SKU003,12.0,88646.04,7387.17,0
2025-11-05,SKU003,13.0,96033.21,7387.17,0
2025-11-06,SKU003,12.0,88646.04,7387.17,0
2025-11-07,SKU003,10.0,73871.7,7387.17,0
2025-11-08,SKU003,8.0,59097.36,7387.17,0
2025-11-09,SKU003,11.0,81258.87,7387.17,0
2025-11-10,SKU003,7.0,51710.19,7387.17,0
2025-11-11,SKU003,8.0,59097.36,7387.17,0
2025-11-12,SKU003,11.0,81258.87,7387.17,0
2025-11-13,SKU003,10.0,73871.7,7387.17,0
2025-11-14,SKU003,10.0,73871.7,7387.17,0
2025-11-15,SKU003,12.0,88646.04,7387.17,0
2025-11-16,SKU003,13.0,96033.21,7387.17,0
2025-11-17,SKU003,7.0,51710.19,7387.17,0
2025-11-18,SKU003,8.0,59097.36,7387.17,0
2025-11-19,SKU003,16.0,118194.72,7387.17,0
2025-11-20,SKU003,20.0,135923.93,7387.17,1
2025-11-21,SKU003,10.0,67961.96,7387.17,1
2025-11-22,SKU003,12.0,81554.36,7387.17,1
2025-11-23,SKU003,19.0,129127.73,7387.17,1
2025-11-24,SKU003,11.0,74758.16,7387.17,1
2025-11-25,SKU003,14.0,95146.75,7387.17,1
2025-11-26,SKU003,15.0,101942.95,7387.17,1
2025-11-27,SKU003,16.0,108739.14,7387.17,1
2025-11-28,SKU003,15.0,101942.95,7387.17,1
2025-11-29,SKU003,19.0,129127.73,7387.17,1
2025-11-30,SKU003,16.0,108739.14,7387.17,1
2025-12-01,SKU003,15.0,110807.55,7387.17,0
2025-12-02,SKU003,15.0,110807.55,7387.17,0
2025-12-03,SKU003,7.0,51710.19,7387.17,0
2025-12-04,SKU003,8.0,59097.36,7387.17,0
2025-12-05,SKU003,15.0,110807.55,7387.17,0
2025-12-06,SKU003,15.0,110807.55,7387.17,0
2025-12-07,SKU003,7.0,51710.19,7387.17,0
2025-12-08,SKU003,9.0,66484.53,7387.17,0
2025-12-09,SKU003,9.0,66484.53,7387.17,0
2025-12-10,SKU003,7.0,51710.19,7387.17,0
2025-12-11,SKU003,14.0,103420.38,7387.17,0
2025-12-12,SKU003,14.0,103420.38,7387.17,0
2025-12-13,SKU003,14.0,103420.38,7387.17,0
2025-12-14,SKU003,8.0,59097.36,7387.17,0
2025-12-15,SKU003,14.0,95146.75,7387.17,1
2025-12-16,SKU003,15.0,101942.95,7387.17,1
2025-12-17,SKU003,18.0,122331.54,7387.17,1
2025-12-18,SKU003,14.0,95146.75,7387.17,1
2025-12-19,SKU003,21.0,142720.12,7387.17,1
2025-12-20,SKU003,14.0,95146.75,7387.17,1
2025-12-21,SKU003,9.0,61165.77,7387.17,1
2025-12-22,SKU003,18.0,122331.54,7387.17,1
2025-12-23,SKU003,10.0,67961.96,7387.17,1
2025-12-24,SKU003,23.0,156312.52,7387.17,1
2025-12-25,SKU003,18.0,122331.54,7387.17,1
2025-12-26,SKU003,17.0,115535.34,7387.17,1
2025-12-27,SKU003,20.0,135923.93,7387.17,1
2025-12-28,SKU003,11.0,74758.16,7387.17,1
2025-12-29,SKU003,11.0,74758.16,7387.17,1
2025-12-30,SKU003,20.0,135923.93,7387.17,1
2025-12-31,SKU003,9.0,61165.77,7387.17,1
2026-01-01,SKU003,10.0,73871.7,7387.17,0
2026-01-02,SKU003,13.0,96033.21,7387.17,0
2026-01-03,SKU003,14.0,103420.38,7387.17,0
2026-01-04,SKU003,6.0,44323.02,7387.17,0
2026-01-05,SKU003,11.0,81258.87,7387.17,0
2026-01-06,SKU003,11.0,81258.87,7387.17,0
2026-01-07,SKU003,9.0,66484.53,7387.17,0
2026-01-08,SKU003,9.0,66484.53,7387.17,0
2026-01-09,SKU003,9.0,66484.53,7387.17,0
2026-01-10,SKU003,12.0,88646.04,7387.17,0
2026-01-11,SKU003,7.0,51710.19,7387.17,0
2026-01-12,SKU003,9.0,66484.53,7387.17,0
2026-01-13,SKU003,10.0,73871.7,7387.17,0
2026-01-14,SKU003,12.0,88646.04,7387.17,0
2026-01-15,SKU003,13.0,96033.21,7387.17,0
2026-01-16,SKU003,16.0,118194.72,7387.17,0
2026-01-17,SKU003,9.0,66484.53,7387.17,0
2026-01-18,SKU003,,88646.04,7387.17,0
2026-01-19,SKU003,11.0,81258.87,7387.17,0
2026-01-20,SKU003,12.0,88646.04,7387.17,0
2026-01-21,SKU003,12.0,88646.04,7387.17,0
2026-01-22,SKU003,14.0,103420.38,7387.17,0
2026-01-23,SKU003,11.0,81258.87,7387.17,0
2026-01-24,SKU003,13.0,96033.21,7387.17,0
2026-01-25,SKU003,9.0,66484.53,7387.17,0
2026-01-26,SKU003,15.0,110807.55,7387.17,0
2026-01-27,SKU003,13.0,96033.21,7387.17,0
2026-01-28,SKU003,11.0,81258.87,7387.17,0
2026-01-29,SKU003,1.0,7387.17,7387.17,0
2026-01-30,SKU003,22.0,162517.74,7387.17,0
2026-01-31,SKU003,13.0,96033.21,7387.17,0
2026-02-01,SKU003,8.0,59097.36,7387.17,0
2026-02-02,SKU003,12.0,88646.04,7387.17,0
2026-02-03,SKU003,6.0,44323.02,7387.17,0
2026-02-04,SKU003,13.0,96033.21,7387.17,0
2026-02-05,SKU003,19.0,140356.23,7387.17,0
2026-02-06,SKU003,14.0,103420.38,7387.17,0
2026-02-07,SKU003,8.0,59097.36,7387.17,0
2026-02-08,SKU003,12.0,88646.04,7387.17,0
2026-02-09,SKU003,11.0,81258.87,7387.17,0
2026-02-10,SKU003,5.0,36935.85,7387.17,0
2026-02-11,SKU003,9.0,66484.53,7387.17,0
2026-02-12,SKU003,13.0,96033.21,7387.17,0
2026-02-13,SKU003,15.0,110807.55,,0
2026-02-14,SKU003,14.0,103420.38,7387.17,0
2026-02-15,SKU003,10.0,73871.7,7387.17,0
2026-02-16,SKU003,7.0,51710.19,7387.17,0
2026-02-17,SKU003,6.0,44323.02,7387.17,0
2026-02-18,SKU003,14.0,103420.38,7387.17,0
2026-02-19,SKU003,15.0,110807.55,7387.17,0
2026-02-20,SKU003,14.0,103420.38,7387.17,0
2026-02-21,SKU003,13.0,96033.21,7387.17,0
2026-02-22,SKU003,9.0,66484.53,7387.17,0
2026-02-23,SKU003,14.0,103420.38,7387.17,0
2026-02-24,SKU003,15.0,110807.55,7387.17,0
2026-02-25,SKU003,18.0,132969.06,7387.17,0
2026-02-26,SKU003,10.0,73871.7,7387.17,0
2026-02-27,SKU003,14.0,103420.38,7387.17,0
2026-02-28,SKU003,14.0,103420.38,7387.17,0
2026-03-01,SKU003,6.0,44323.02,7387.17,0
2026-03-02,SKU003,15.0,110807.55,7387.17,0
2026-03-03,SKU003,16.0,118194.72,7387.17,0
2026-03-04,SKU003,15.0,110807.55,7387.17,0
2026-03-05,SKU003,17.0,125581.89,7387.17,0
2026-03-06,SKU003,16.0,118194.72,7387.17,0
2026-03-07,SKU003,12.0,88646.04,7387.17,0
2026-03-08,SKU003,10.0,73871.7,7387.17,0
2026-03-09,SKU003,12.0,88646.04,7387.17,0
2026-03-10,SKU003,8.0,59097.36,7387.17,0
2026-03-11,SKU003,12.0,88646.04,7387.17,0
2026-03-12,SKU003,11.0,81258.87,7387.17,0
2026-03-13,SKU003,6.0,44323.02,7387.17,0
2026-03-14,SKU003,17.0,125581.89,7387.17,0
2026-03-15,SKU003,16.0,108739.14,7387.17,1
2026-03-16,SKU003,17.0,115535.34,7387.17,1
2026-03-17,SKU003,14.0,95146.75,7387.17,1
2026-03-18,SKU003,15.0,101942.95,7387.17,1
2026-03-19,SKU003,8.0,54369.57,7387.17,1
2026-03-20,SKU003,10.0,67961.96,7387.17,1
2026-03-21,SKU003,19.0,129127.73,7387.17,1
2026-03-22,SKU003,27.0,183497.3,7387.17,1
2026-03-23,SKU003,13.0,88350.55,7387.17,1
2026-03-24,SKU003,17.0,115535.34,7387.17,1
2026-03-25,SKU003,14.0,95146.75,7387.17,1
2026-03-26,SKU003,11.0,81258.87,7387.17,0
2026-03-27,SKU003,15.0,110807.55,7387.17,0
2026-03-28,SKU003,4.0,29548.68,7387.17,0
2026-03-29,SKU003,5.0,36935.85,7387.17,0
2026-03-30,SKU003,11.0,81258.87,7387.17,0
2026-03-31,SKU003,11.0,81258.87,7387.17,0
2026-04-01,SKU003,14.0,103420.38,7387.17,0
2026-04-02,SKU003,17.0,125581.89,7387.17,0
2026-04-03,SKU003,14.0,103420.38,7387.17,0
2026-04-04,SKU003,15.0,110807.55,7387.17,0
2026-04-05,SKU003,10.0,73871.7,7387.17,0
2026-04-06,SKU003,7.0,51710.19,7387.17,0
2026-04-07,SKU003,11.0,81258.87,7387.17,0
2026-04-08,SKU003,8.0,59097.36,7387.17,0
2026-04-09,SKU003,12.0,88646.04,7387.17,0
2026-04-10,SKU003,21.0,155130.57,7387.17,0
2026-04-11,SKU003,8.0,59097.36,7387.17,0
2026-04-12,SKU003,19.0,140356.23,7387.17,0
2026-04-13,SKU003,9.0,66484.53,7387.17,0
2026-04-14,SKU003,7.0,51710.19,7387.17,0
2026-04-15,SKU003,11.0,81258.87,7387.17,0
2026-04-16,SKU003,6.0,44323.02,7387.17,0
2026-04-17,SKU003,14.0,103420.38,7387.17,0
2026-04-18,SKU003,6.0,44323.02,7387.17,0
2026-04-19,SKU003,22.0,162517.74,7387.17,0
2026-04-20,SKU003,10.0,73871.7,7387.17,0
2026-04-21,SKU003,12.0,88646.04,7387.17,0
2026-04-22,SKU003,7.0,51710.19,7387.17,0
2026-04-23,SKU003,11.0,81258.87,7387.17,0
2026-04-24,SKU003,11.0,81258.87,7387.17,0
2026-04-25,SKU003,9.0,66484.53,7387.17,0
2026-04-26,SKU003,16.0,118194.72,7387.17,0
2026-04-27,SKU003,7.0,51710.19,7387.17,0
2026-04-28,SKU003,15.0,110807.55,7387.17,0
2026-04-29,SKU003,6.0,44323.02,7387.17,0
2026-04-30,SKU003,17.0,125581.89,7387.17,0
2026-05-01,SKU003,12.0,88646.04,7387.17,0
2026-05-02,SKU003,10.0,73871.7,7387.17,0
2026-05-03,SKU003,16.0,118194.72,7387.17,0
2026-05-04,SKU003,16.0,118194.72,7387.17,0
2026-05-05,SKU003,4.0,29548.68,7387.17,0
2026-05-06,SKU003,16.0,118194.72,7387.17,0
2026-05-07,SKU003,16.0,118194.72,7387.17,0
2026-05-08,SKU003,15.0,110807.55,7387.17,0
2026-05-09,SKU003,12.0,88646.04,7387.17,0
2026-05-10,SKU003,6.0,44323.02,7387.17,0
2026-05-11,SKU003,9.0,66484.53,7387.17,0
2026-05-12,SKU003,12.0,88646.04,7387.17,0
2026-05-13,SKU003,11.0,81258.87,7387.17,0
2026-05-14,SKU003,16.0,118194.72,7387.17,0
2026-05-15,SKU003,11.0,81258.87,7387.17,0
2026-05-16,SKU003,6.0,44323.02,7387.17,0
2026-05-17,SKU003,12.0,88646.04,7387.17,0
2026-05-18,SKU003,,73871.7,7387.17,0
2026-05-19,SKU003,10.0,73871.7,7387.17,0
2026-05-20,SKU003,9.0,66484.53,7387.17,0
2026-05-21,SKU003,9.0,66484.53,7387.17,0
2026-05-22,SKU003,17.0,125581.89,7387.17,0
2026-05-23,SKU003,11.0,81258.87,7387.17,0
2026-05-24,SKU003,18.0,132969.06,7387.17,0
2026-05-25,SKU003,11.0,81258.87,7387.17,0
2026-05-26,SKU003,3.0,22161.51,7387.17,0
2026-05-27,SKU003,6.0,44323.02,7387.17,0
2026-05-28,SKU003,19.0,140356.23,7387.17,0
2026-05-29,SKU003,11.0,81258.87,7387.17,0
2026-05-30,SKU003,13.0,96033.21,7387.17,0
2026-05-31,SKU003,9.0,66484.53,7387.17,0
2026-06-01,SKU003,15.0,110807.55,7387.17,0
2026-06-02,SKU003,10.0,73871.7,7387.17,0
2026-06-03,SKU003,13.0,96033.21,7387.17,0
2026-06-04,SKU003,14.0,103420.38,7387.17,0
2026-06-05,SKU003,18.0,132969.06,7387.17,0
2026-06-06,SKU003,21.0,155130.57,7387.17,0
2026-06-07,SKU003,11.0,81258.87,7387.17,0
2026-06-08,SKU003,18.0,132969.06,7387.17,0
2026-06-09,SKU003,7.0,51710.19,7387.17,0
2026-06-10,SKU003,29.0,197089.7,7387.17,1
2026-06-11,SKU003,23.0,156312.52,7387.17,1
2026-06-12,SKU003,20.0,135923.93,7387.17,1
2026-06-13,SKU003,21.0,142720.12,7387.17,1
2026-06-14,SKU003,21.0,142720.12,7387.17,1
2026-06-15,SKU003,18.0,122331.54,7387.17,1
2026-06-16,SKU003,23.0,156312.52,7387.17,1
2026-06-17,SKU003,21.0,142720.12,7387.17,1
2026-06-18,SKU003,12.0,81554.36,7387.17,1
2026-06-19,SKU003,20.0,135923.93,7387.17,1
2026-06-20,SKU003,16.0,108739.14,7387.17,1
2026-06-21,SKU003,20.0,147743.4,7387.17,0
2026-06-22,SKU003,9.0,66484.53,7387.17,0
2026-06-23,SKU003,13.0,96033.21,7387.17,0
2026-06-24,SKU003,12.0,88646.04,7387.17,0
2026-06-25,SKU003,12.0,88646.04,7387.17,0
2026-06-26,SKU003,10.0,73871.7,7387.17,0
2026-06-27,SKU003,17.0,125581.89,7387.17,0
2026-06-28,SKU003,8.0,59097.36,7387.17,0
2026-06-29,SKU003,15.0,110807.55,7387.17,0
2026-06-30,SKU003,16.0,118194.72,7387.17,0
2025-05-02,SKU004,28.0,39322.92,1404.39,0
2025-05-03,SKU004,36.0,50558.04,1404.39,0
2025-05-04,SKU004,32.0,44940.48,1404.39,0
2025-05-05,SKU004,36.0,50558.04,1404.39,0
2025-05-06,SKU004,38.0,53366.82,1404.39,0
2025-05-07,SKU004,31.0,43536.09,1404.39,0
2025-05-08,SKU004,33.0,46344.87,1404.39,0
2025-05-09,SKU004,35.0,49153.65,1404.39,0
2025-05-10,SKU004,54.0,75837.06,1404.39,0
2025-05-11,SKU004,52.0,73028.28,1404.39,0
2025-05-12,SKU004,32.0,44940.48,1404.39,0
2025-05-13,SKU004,49.0,68815.11,1404.39,0
2025-05-14,SKU004,21.0,29492.19,1404.39,0
2025-05-15,SKU004,21.0,29492.19,1404.39,0
2025-05-16,SKU004,40.0,56175.6,1404.39,0
2025-05-17,SKU004,42.0,58984.38,1404.39,0
2025-05-18,SKU004,43.0,60388.77,1404.39,0
2025-05-19,SKU004,38.0,53366.82,1404.39,0
2025-05-20,SKU004,43.0,60388.77,1404.39,0
2025-05-21,SKU004,21.0,29492.19,1404.39,0
2025-05-22,SKU004,45.0,63197.55,1404.39,0
2025-05-23,SKU004,52.0,73028.28,1404.39,0
2025-05-24,SKU004,53.0,74432.67,1404.39,0
2025-05-25,SKU004,42.0,58984.38,1404.39,0
2025-05-26,SKU004,31.0,43536.09,1404.39,0
2025-05-27,SKU004,36.0,50558.04,1404.39,0
2025-05-28,SKU004,40.0,56175.6,1404.39,0
2025-05-29,SKU004,32.0,44940.48,1404.39,0
2025-05-30,SKU004,44.0,61793.16,1404.39,0
2025-05-31,SKU004,32.0,44940.48,1404.39,0
2025-06-01,SKU004,39.0,54771.21,1404.39,0
2025-06-02,SKU004,41.0,57579.99,1404.39,0
2025-06-03,SKU004,35.0,49153.65,1404.39,0
2025-06-04,SKU004,16.0,22470.24,1404.39,0
2025-06-05,SKU004,27.0,37918.53,1404.39,0
2025-06-06,SKU004,66.0,92689.74,1404.39,0
2025-06-07,SKU004,53.0,74432.67,1404.39,0
2025-06-08,SKU004,48.0,67410.72,1404.39,0
2025-06-09,SKU004,45.0,63197.55,1404.39,0
2025-06-10,SKU004,41.0,52973.59,1404.39,1
2025-06-11,SKU004,37.0,47805.44,1404.39,1
2025-06-12,SKU004,48.0,62017.86,1404.39,1
2025-06-13,SKU004,57.0,73646.21,1404.39,1
2025-06-14,SKU004,73.0,94318.83,1404.39,1
2025-06-15,SKU004,82.0,105947.18,1404.39,1
2025-06-16,SKU004,40.0,51681.55,1404.39,1
2025-06-17,SKU004,63.0,81398.44,1404.39,1
2025-06-18,SKU004,42.0,54265.63,1404.39,1
2025-06-19,SKU004,72.0,93026.79,1404.39,1
2025-06-20,SKU004,53.0,68478.06,1404.39,1
2025-06-21,SKU004,43.0,60388.77,1404.39,0
2025-06-22,SKU004,44.0,61793.16,1404.39,0
2025-06-23,SKU004,28.0,39322.92,1404.39,0
2025-06-24,SKU004,36.0,50558.04,1404.39,0
2025-06-25,SKU004,41.0,57579.99,1404.39,0
2025-06-26,SKU004,37.0,51962.43,1404.39,0
2025-06-27,SKU004,49.0,68815.11,1404.39,0
2025-06-28,SKU004,51.0,71623.89,1404.39,0
2025-06-29,SKU004,55.0,77241.45,1404.39,0
2025-06-30,SKU004,42.0,58984.38,1404.39,0
2025-07-01,SKU004,33.0,46344.87,1404.39,0
2025-07-02,SKU004,43.0,60388.77,1404.39,0
2025-07-03,SKU004,34.0,47749.26,1404.39,0
2025-07-04,SKU004,36.0,50558.04,1404.39,0
2025-07-05,SKU004,51.0,71623.89,1404.39,0
2025-07-06,SKU004,38.0,53366.82,1404.39,0
2025-07-07,SKU004,25.0,35109.75,1404.39,0
2025-07-08,SKU004,40.0,56175.6,1404.39,0
2025-07-09,SKU004,37.0,51962.43,1404.39,0
2025-07-10,SKU004,43.0,60388.77,1404.39,0
2025-07-11,SKU004,50.0,70219.5,1404.39,0
2025-07-12,SKU004,45.0,63197.55,1404.39,0
2025-07-13,SKU004,46.0,64601.94,1404.39,0
2025-07-14,SKU004,37.0,51962.43,1404.39,0
2025-07-15,SKU004,38.0,53366.82,1404.39,0
2025-07-16,SKU004,36.0,50558.04,1404.39,0
2025-07-17,SKU004,23.0,32300.97,1404.39,0
2025-07-18,SKU004,58.0,81454.62,1404.39,0
2025-07-19,SKU004,41.0,57579.99,1404.39,0
2025-07-20,SKU004,48.0,67410.72,1404.39,0
2025-07-21,SKU004,41.0,57579.99,1404.39,0
2025-07-22,SKU004,37.0,51962.43,1404.39,0
2025-07-23,SKU004,41.0,57579.99,1404.39,0
2025-07-24,SKU004,35.0,49153.65,1404.39,0
2025-07-25,SKU004,39.0,54771.21,1404.39,0
2025-07-26,SKU004,39.0,54771.21,1404.39,0
2025-07-27,SKU004,37.0,51962.43,1404.39,0
2025-07-28,SKU004,48.0,67410.72,1404.39,0
2025-07-29,SKU004,43.0,60388.77,1404.39,0
2025-07-30,SKU004,39.0,54771.21,1404.39,0
2025-07-31,SKU004,40.0,56175.6,1404.39,0
2025-08-01,SKU004,44.0,61793.16,1404.39,0
2025-08-02,SKU004,42.0,58984.38,1404.39,0
2025-08-03,SKU004,41.0,57579.99,1404.39,0
2025-08-04,SKU004,30.0,42131.7,1404.39,0
2025-08-05,SKU004,54.0,75837.06,1404.39,0
2025-08-06,SKU004,38.0,53366.82,1404.39,0
2025-08-07,SKU004,43.0,60388.77,1404.39,0
2025-08-08,SKU004,48.0,67410.72,1404.39,0
2025-08-09,SKU004,72.0,101116.08,1404.39,0
2025-08-10,SKU004,38.0,53366.82,1404.39,0
2025-08-11,SKU004,36.0,50558.04,1404.39,0
2025-08-12,SKU004,34.0,47749.26,1404.39,0
2025-08-13,SKU004,44.0,61793.16,1404.39,0
2025-08-14,SKU004,39.0,54771.21,1404.39,0
2025-08-15,SKU004,43.0,60388.77,1404.39,0
2025-08-16,SKU004,47.0,66006.33,1404.39,0
2025-08-17,SKU004,27.0,37918.53,1404.39,0
2025-08-18,SKU004,34.0,47749.26,1404.39,0
2025-08-19,SKU004,46.0,64601.94,1404.39,0
2025-08-20,SKU004,42.0,58984.38,1404.39,0
2025-08-21,SKU004,33.0,46344.87,1404.39,0
2025-08-22,SKU004,30.0,42131.7,1404.39,0
2025-08-23,SKU004,51.0,71623.89,1404.39,0
2025-08-24,SKU004,40.0,56175.6,1404.39,0
2025-08-25,SKU004,33.0,46344.87,1404.39,0
2025-08-26,SKU004,41.0,57579.99,1404.39,0
2025-08-27,SKU004,44.0,61793.16,1404.39,0
2025-08-28,SKU004,36.0,50558.04,1404.39,0
2025-08-29,SKU004,47.0,66006.33,1404.39,0
2025-08-30,SKU004,72.0,101116.08,1404.39,0
2025-08-31,SKU004,31.0,43536.09,1404.39,0
2025-09-01,SKU004,24.0,33705.36,1404.39,0
2025-09-02,SKU004,37.0,51962.43,1404.39,0
2025-09-03,SKU004,42.0,58984.38,1404.39,0
2025-09-04,SKU004,42.0,58984.38,1404.39,0
2025-09-05,SKU004,32.0,44940.48,1404.39,0
2025-09-06,SKU004,36.0,50558.04,1404.39,0
2025-09-07,SKU004,36.0,50558.04,1404.39,0
2025-09-08,SKU004,30.0,42131.7,1404.39,0
2025-09-09,SKU004,27.0,37918.53,1404.39,0
2025-09-10,SKU004,43.0,60388.77,1404.39,0
2025-09-11,SKU004,67.0,94094.13,1404.39,0
2025-09-12,SKU004,57.0,80050.23,1404.39,0
2025-09-13,SKU004,56.0,78645.84,1404.39,0
2025-09-14,SKU004,43.0,60388.77,1404.39,0
2025-09-15,SKU004,59.0,82859.01,1404.39,0
2025-09-16,SKU004,45.0,63197.55,1404.39,0
2025-09-17,SKU004,33.0,46344.87,1404.39,0
2025-09-18,SKU004,29.0,40727.31,1404.39,0
2025-09-19,SKU004,49.0,68815.11,1404.39,0
2025-09-20,SKU004,46.0,64601.94,1404.39,0
2025-09-21,SKU004,28.0,39322.92,1404.39,0
2025-09-22,SKU004,35.0,49153.65,1404.39,0
2025-09-23,SKU004,37.0,51962.43,1404.39,0
2025-09-24,SKU004,38.0,53366.82,1404.39,0
2025-09-25,SKU004,25.0,35109.75,1404.39,0
2025-09-26,SKU004,40.0,56175.6,1404.39,0
2025-09-27,SKU004,43.0,60388.77,1404.39,0
2025-09-28,SKU004,34.0,47749.26,1404.39,0
2025-09-29,SKU004,55.0,77241.45,1404.39,0
2025-09-30,SKU004,37.0,51962.43,1404.39,0
2025-10-01,SKU004,55.0,71062.13,1404.39,1
2025-10-02,SKU004,48.0,62017.86,1404.39,1
2025-10-03,SKU004,80.0,103363.1,1404.39,1
2025-10-04,SKU004,78.0,100779.03,1404.39,1
2025-10-05,SKU004,50.0,64601.94,1404.39,1
2025-10-06,SKU004,57.0,73646.21,1404.39,1
2025-10-07,SKU004,46.0,59433.78,1404.39,1
2025-10-08,SKU004,60.0,77522.33,1404.39,1
2025-10-09,SKU004,56.0,72354.17,1404.39,1
2025-10-10,SKU004,44.0,56849.71,,1
2025-10-11,SKU004,60.0,84263.4,1404.39,0
2025-10-12,SKU004,38.0,53366.82,1404.39,0
2025-10-13,SKU004,45.0,63197.55,1404.39,0
2025-10-14,SKU004,23.0,32300.97,1404.39,0
2025-10-15,SKU004,41.0,57579.99,1404.39,0
2025-10-16,SKU004,29.0,40727.31,1404.39,0
2025-10-17,SKU004,44.0,61793.16,1404.39,0
2025-10-18,SKU004,31.0,43536.09,1404.39,0
2025-10-19,SKU004,39.0,54771.21,1404.39,0
2025-10-20,SKU004,35.0,49153.65,1404.39,0
2025-10-21,SKU004,39.0,54771.21,1404.39,0
2025-10-22,SKU004,46.0,64601.94,1404.39,0
2025-10-23,SKU004,41.0,57579.99,1404.39,0
2025-10-24,SKU004,31.0,43536.09,1404.39,0
2025-10-25,SKU004,42.0,58984.38,1404.39,0
2025-10-26,SKU004,30.0,42131.7,1404.39,0
2025-10-27,SKU004,37.0,51962.43,1404.39,0
2025-10-28,SKU004,30.0,42131.7,1404.39,0
2025-10-29,SKU004,47.0,66006.33,1404.39,0
2025-10-30,SKU004,35.0,49153.65,1404.39,0
2025-10-31,SKU004,41.0,57579.99,1404.39,0
2025-11-01,SKU004,39.0,54771.21,1404.39,0
2025-11-02,SKU004,32.0,44940.48,1404.39,0
2025-11-03,SKU004,40.0,56175.6,1404.39,0
2025-11-04,SKU004,41.0,57579.99,1404.39,0
2025-11-05,SKU004,27.0,37918.53,1404.39,0
2025-11-06,SKU004,37.0,51962.43,1404.39,0
2025-11-07,SKU004,42.0,58984.38,1404.39,0
2025-11-08,SKU004,45.0,63197.55,1404.39,0
2025-11-09,SKU004,38.0,53366.82,1404.39,0
2025-11-10,SKU004,21.0,29492.19,1404.39,0
2025-11-11,SKU004,29.0,40727.31,1404.39,0
2025-11-12,SKU004,46.0,64601.94,1404.39,0
2025-11-13,SKU004,34.0,47749.26,1404.39,0
2025-11-14,SKU004,32.0,44940.48,1404.39,0
2025-11-15,SKU004,41.0,57579.99,1404.39,0
2025-11-16,SKU004,45.0,63197.55,1404.39,0
2025-11-17,SKU004,38.0,53366.82,1404.39,0
2025-11-18,SKU004,31.0,43536.09,1404.39,0
2025-11-19,SKU004,34.0,47749.26,1404.39,0
2025-11-20,SKU004,66.0,85274.56,1404.39,1
2025-11-21,SKU004,56.0,72354.17,1404.39,1
2025-11-22,SKU004,48.0,62017.86,1404.39,1
2025-11-23,SKU004,57.0,73646.21,1404.39,1
2025-11-24,SKU004,51.0,65893.98,1404.39,1
2025-11-25,SKU004,63.0,81398.44,1404.39,1
2025-11-26,SKU004,52.0,67186.02,1404.39,1
2025-11-27,SKU004,49.0,63309.9,1404.39,1
2025-11-28,SKU004,68.0,87858.64,1404.39,1
2025-11-29,SKU004,80.0,103363.1,1404.39,1
2025-11-30,SKU004,60.0,77522.33,1404.39,1
2025-12-01,SKU004,38.0,53366.82,1404.39,0
2025-12-02,SKU004,38.0,53366.82,1404.39,0
2025-12-03,SKU004,45.0,63197.55,1404.39,0
2025-12-04,SKU004,51.0,71623.89,1404.39,0
2025-12-05,SKU004,62.0,87072.18,1404.39,0
2025-12-06,SKU004,52.0,73028.28,1404.39,0
2025-12-07,SKU004,33.0,46344.87,1404.39,0
2025-12-08,SKU004,36.0,50558.04,1404.39,0
2025-12-09,SKU004,38.0,53366.82,1404.39,0
2025-12-10,SKU004,42.0,58984.38,1404.39,0
2025-12-11,SKU004,46.0,64601.94,1404.39,0
2025-12-12,SKU004,57.0,80050.23,1404.39,0
2025-12-13,SKU004,34.0,47749.26,1404.39,0
2025-12-14,SKU004,49.0,68815.11,1404.39,0
2025-12-15,SKU004,58.0,74938.25,1404.39,1
2025-12-16,SKU004,45.0,58141.75,1404.39,1
2025-12-17,SKU004,70.0,90442.72,1404.39,1
2025-12-18,SKU004,48.0,62017.86,1404.39,1
2025-12-19,SKU004,53.0,68478.06,1404.39,1
2025-12-20,SKU004,51.0,65893.98,1404.39,1
2025-12-21,SKU004,53.0,68478.06,1404.39,1
2025-12-22,SKU004,55.0,71062.13,1404.39,1
2025-12-23,SKU004,65.0,83982.52,1404.39,1
2025-12-24,SKU004,70.0,90442.72,1404.39,1
2025-12-25,SKU004,85.0,109823.3,1404.39,1
2025-12-26,SKU004,65.0,83982.52,1404.39,1
2025-12-27,SKU004,73.0,94318.83,1404.39,1
2025-12-28,SKU004,49.0,63309.9,1404.39,1
2025-12-29,SKU004,38.0,49097.47,1404.39,1
2025-12-30,SKU004,67.0,86566.6,1404.39,1
2025-12-31,SKU004,50.0,64601.94,1404.39,1
2026-01-01,SKU004,66.0,92689.74,1404.39,0
2026-01-02,SKU004,53.0,74432.67,1404.39,0
2026-01-03,SKU004,55.0,77241.45,1404.39,0
2026-01-04,SKU004,49.0,68815.11,1404.39,0
2026-01-05,SKU004,42.0,58984.38,1404.39,0
2026-01-06,SKU004,44.0,61793.16,1404.39,0
2026-01-07,SKU004,54.0,75837.06,1404.39,0
2026-01-08,SKU004,47.0,66006.33,1404.39,0
2026-01-09,SKU004,47.0,66006.33,1404.39,0
2026-01-10,SKU004,33.0,46344.87,1404.39,0
2026-01-11,SKU004,43.0,60388.77,1404.39,0
2026-01-12,SKU004,44.0,61793.16,1404.39,0
2026-01-13,SKU004,41.0,57579.99,1404.39,0
2026-01-14,SKU004,42.0,58984.38,1404.39,0
2026-01-15,SKU004,39.0,54771.21,1404.39,0
2026-01-16,SKU004,39.0,54771.21,1404.39,0
2026-01-17,SKU004,47.0,66006.33,1404.39,0
2026-01-18,SKU004,27.0,37918.53,1404.39,0
2026-01-19,SKU004,36.0,50558.04,1404.39,0
2026-01-20,SKU004,33.0,46344.87,1404.39,0
2026-01-21,SKU004,45.0,63197.55,1404.39,0
2026-01-22,SKU004,40.0,56175.6,1404.39,0
2026-01-23,SKU004,50.0,70219.5,1404.39,0
2026-01-24,SKU004,54.0,75837.06,1404.39,0
2026-01-25,SKU004,53.0,74432.67,1404.39,0
2026-01-26,SKU004,53.0,74432.67,1404.39,0
2026-01-27,SKU004,52.0,73028.28,1404.39,0
2026-01-28,SKU004,45.0,63197.55,1404.39,0
2026-01-29,SKU004,35.0,49153.65,1404.39,0
2026-01-30,SKU004,50.0,70219.5,1404.39,0
2026-01-31,SKU004,52.0,73028.28,1404.39,0
2026-02-01,SKU004,50.0,70219.5,1404.39,0
2026-02-02,SKU004,31.0,43536.09,1404.39,0
2026-02-03,SKU004,26.0,36514.14,1404.39,0
2026-02-04,SKU004,43.0,60388.77,1404.39,0
2026-02-05,SKU004,41.0,57579.99,1404.39,0
2026-02-06,SKU004,49.0,68815.11,1404.39,0
2026-02-07,SKU004,55.0,77241.45,1404.39,0
2026-02-08,SKU004,44.0,61793.16,1404.39,0
2026-02-09,SKU004,46.0,64601.94,1404.39,0
2026-02-10,SKU004,47.0,66006.33,1404.39,0
2026-02-11,SKU004,45.0,63197.55,1404.39,0
2026-02-12,SKU004,59.0,82859.01,1404.39,0
2026-02-13,SKU004,39.0,54771.21,1404.39,0
2026-02-14,SKU004,51.0,71623.89,1404.39,0
2026-02-15,SKU004,39.0,54771.21,1404.39,0
2026-02-16,SKU004,47.0,66006.33,1404.39,0
2026-02-17,SKU004,41.0,57579.99,1404.39,0
2026-02-18,SKU004,56.0,78645.84,1404.39,0
2026-02-19,SKU004,52.0,73028.28,1404.39,0
2026-02-20,SKU004,50.0,70219.5,1404.39,0
2026-02-21,SKU004,64.0,89880.96,1404.39,0
2026-02-22,SKU004,38.0,53366.82,1404.39,0
2026-02-23,SKU004,51.0,71623.89,1404.39,0
2026-02-24,SKU004,44.0,61793.16,1404.39,0
2026-02-25,SKU004,35.0,49153.65,1404.39,0
2026-02-26,SKU004,36.0,50558.04,1404.39,0
2026-02-27,SKU004,39.0,54771.21,1404.39,0
2026-02-28,SKU004,51.0,71623.89,1404.39,0
2026-03-01,SKU004,35.0,49153.65,1404.39,0
2026-03-02,SKU004,28.0,39322.92,1404.39,0
2026-03-03,SKU004,40.0,56175.6,1404.39,0
2026-03-04,SKU004,46.0,64601.94,1404.39,0
2026-03-05,SKU004,49.0,68815.11,1404.39,0
2026-03-06,SKU004,36.0,50558.04,1404.39,0
2026-03-07,SKU004,46.0,64601.94,1404.39,0
2026-03-08,SKU004,32.0,44940.48,1404.39,0
2026-03-09,SKU004,36.0,50558.04,1404.39,0
2026-03-10,SKU004,34.0,47749.26,1404.39,0
2026-03-11,SKU004,38.0,53366.82,1404.39,0
2026-03-12,SKU004,37.0,51962.43,1404.39,0
2026-03-13,SKU004,50.0,70219.5,1404.39,0
2026-03-14,SKU004,71.0,99711.69,1404.39,0
2026-03-15,SKU004,58.0,74938.25,1404.39,1
2026-03-16,SKU004,45.0,58141.75,1404.39,1
2026-03-17,SKU004,49.0,63309.9,1404.39,1
2026-03-18,SKU004,41.0,52973.59,1404.39,1
2026-03-19,SKU004,72.0,93026.79,1404.39,1
2026-03-20,SKU004,61.0,78814.37,1404.39,1
2026-03-21,SKU004,53.0,68478.06,1404.39,1
2026-03-22,SKU004,93.0,120159.61,1404.39,1
2026-03-23,SKU004,39.0,50389.51,1404.39,1
2026-03-24,SKU004,54.0,69770.1,1404.39,1
2026-03-25,SKU004,54.0,69770.1,1404.39,1
2026-03-26,SKU004,37.0,51962.43,1404.39,0
2026-03-27,SKU004,55.0,77241.45,1404.39,0
2026-03-28,SKU004,49.0,68815.11,1404.39,0
2026-03-29,SKU004,38.0,53366.82,1404.39,0
2026-03-30,SKU004,42.0,58984.38,1404.39,0
2026-03-31,SKU004,45.0,63197.55,1404.39,0
2026-04-01,SKU004,42.0,58984.38,1404.39,0
2026-04-02,SKU004,43.0,60388.77,1404.39,0
2026-04-03,SKU004,48.0,67410.72,1404.39,0
2026-04-04,SKU004,47.0,66006.33,1404.39,0
2026-04-05,SKU004,32.0,44940.48,1404.39,0
2026-04-06,SKU004,38.0,53366.82,1404.39,0
2026-04-07,SKU004,55.0,77241.45,1404.39,0
2026-04-08,SKU004,53.0,74432.67,1404.39,0
2026-04-09,SKU004,38.0,53366.82,1404.39,0
2026-04-10,SKU004,49.0,68815.11,1404.39,0
2026-04-11,SKU004,49.0,68815.11,1404.39,0
2026-04-12,SKU004,29.0,40727.31,1404.39,0
2026-04-13,SKU004,30.0,42131.7,1404.39,0
2026-04-14,SKU004,45.0,63197.55,1404.39,0
2026-04-15,SKU004,36.0,50558.04,1404.39,0
2026-04-16,SKU004,48.0,67410.72,1404.39,0
2026-04-17,SKU004,62.0,87072.18,1404.39,0
2026-04-18,SKU004,58.0,81454.62,1404.39,0
2026-04-19,SKU004,40.0,56175.6,1404.39,0
2026-04-20,SKU004,29.0,40727.31,1404.39,0
2026-04-21,SKU004,28.0,39322.92,1404.39,0
2026-04-22,SKU004,41.0,57579.99,1404.39,0
2026-04-23,SKU004,52.0,73028.28,1404.39,0
2026-04-24,SKU004,48.0,67410.72,1404.39,0
2026-04-25,SKU004,54.0,75837.06,1404.39,0
2026-04-26,SKU004,43.0,60388.77,1404.39,0
2026-04-27,SKU004,46.0,64601.94,1404.39,0
2026-04-28,SKU004,40.0,56175.6,1404.39,0
2026-04-29,SKU004,53.0,74432.67,1404.39,0
2026-04-30,SKU004,38.0,53366.82,1404.39,0
2026-05-01,SKU004,38.0,53366.82,1404.39,0
2026-05-02,SKU004,45.0,63197.55,1404.39,0
2026-05-03,SKU004,37.0,51962.43,1404.39,0
2026-05-04,SKU004,36.0,50558.04,1404.39,0
2026-05-05,SKU004,36.0,50558.04,1404.39,0
2026-05-06,SKU004,39.0,54771.21,1404.39,0
2026-05-07,SKU004,33.0,46344.87,1404.39,0
2026-05-08,SKU004,62.0,87072.18,1404.39,0
2026-05-09,SKU004,41.0,57579.99,1404.39,0
2026-05-10,SKU004,41.0,57579.99,,0
2026-05-11,SKU004,34.0,47749.26,1404.39,0
2026-05-12,SKU004,39.0,54771.21,1404.39,0
2026-05-13,SKU004,36.0,50558.04,1404.39,0
2026-05-14,SKU004,36.0,50558.04,1404.39,0
2026-05-15,SKU004,49.0,68815.11,1404.39,0
2026-05-16,SKU004,33.0,46344.87,1404.39,0
2026-05-17,SKU004,40.0,56175.6,1404.39,0
2026-05-18,SKU004,60.0,84263.4,1404.39,0
2026-05-19,SKU004,34.0,47749.26,1404.39,0
2026-05-20,SKU004,43.0,60388.77,1404.39,0
2026-05-21,SKU004,33.0,46344.87,1404.39,0
2026-05-22,SKU004,45.0,63197.55,1404.39,0
2026-05-23,SKU004,68.0,95498.52,1404.39,0
2026-05-24,SKU004,46.0,64601.94,1404.39,0
2026-05-25,SKU004,36.0,50558.04,1404.39,0
2026-05-26,SKU004,48.0,67410.72,1404.39,0
2026-05-27,SKU004,37.0,51962.43,1404.39,0
2026-05-28,SKU004,39.0,54771.21,1404.39,0
2026-05-29,SKU004,61.0,85667.79,1404.39,0
2026-05-30,SKU004,,87072.18,1404.39,0
2026-05-31,SKU004,40.0,56175.6,1404.39,0
2026-06-01,SKU004,43.0,60388.77,1404.39,0
2026-06-02,SKU004,51.0,71623.89,1404.39,0
2026-06-03,SKU004,40.0,56175.6,1404.39,0
2026-06-04,SKU004,,56175.6,1404.39,0
2026-06-05,SKU004,62.0,87072.18,1404.39,0
2026-06-06,SKU004,51.0,71623.89,1404.39,0
2026-06-07,SKU004,41.0,57579.99,1404.39,0
2026-06-08,SKU004,35.0,49153.65,1404.39,0
2026-06-09,SKU004,40.0,56175.6,1404.39,0
2026-06-10,SKU004,62.0,80106.41,1404.39,1
2026-06-11,SKU004,58.0,74938.25,1404.39,1
2026-06-12,SKU004,85.0,109823.3,1404.39,1
2026-06-13,SKU004,77.0,99486.99,1404.39,1
2026-06-14,SKU004,79.0,102071.07,1404.39,1
2026-06-15,SKU004,76.0,98194.95,1404.39,1
2026-06-16,SKU004,60.0,77522.33,1404.39,1
2026-06-17,SKU004,63.0,81398.44,1404.39,1
2026-06-18,SKU004,54.0,69770.1,1404.39,1
2026-06-19,SKU004,92.0,118867.57,1404.39,1
2026-06-20,SKU004,56.0,72354.17,1404.39,1
2026-06-21,SKU004,49.0,68815.11,1404.39,0
2026-06-22,SKU004,41.0,57579.99,1404.39,0
2026-06-23,SKU004,44.0,61793.16,1404.39,0
2026-06-24,SKU004,42.0,58984.38,1404.39,0
2026-06-25,SKU004,40.0,56175.6,1404.39,0
2026-06-26,SKU004,73.0,102520.47,1404.39,0
2026-06-27,SKU004,52.0,73028.28,1404.39,0
2026-06-28,SKU004,79.0,110946.81,1404.39,0
2026-06-29,SKU004,47.0,66006.33,1404.39,0
2026-06-30,SKU004,60.0,84263.4,1404.39,0
2025-01-01,SKU005,83.0,672466.83,8102.01,0
2025-01-02,SKU005,67.0,542834.67,8102.01,0
2025-01-03,SKU005,95.0,769690.95,8102.01,0
2025-01-04,SKU005,85.0,688670.85,8102.01,0
2025-01-05,SKU005,102.0,826405.02,8102.01,0
2025-01-06,SKU005,77.0,623854.77,8102.01,0
2025-01-07,SKU005,68.0,550936.68,8102.01,0
2025-01-08,SKU005,77.0,623854.77,8102.01,0
2025-01-09,SKU005,69.0,559038.69,8102.01,0
2025-01-10,SKU005,144.0,1073354.28,8102.01,1
2025-01-11,SKU005,164.0,1222431.27,8102.01,1
2025-01-12,SKU005,107.0,797561.86,8102.01,1
2025-01-13,SKU005,103.0,767746.47,8102.01,1
2025-01-14,SKU005,111.0,827377.26,8102.01,1
2025-01-15,SKU005,94.0,700661.82,8102.01,1
2025-01-16,SKU005,71.0,575242.71,8102.01,0
2025-01-17,SKU005,101.0,818303.01,8102.01,0
2025-01-18,SKU005,117.0,947935.17,8102.01,0
2025-01-19,SKU005,74.0,599548.74,8102.01,0
2025-01-20,SKU005,68.0,550936.68,8102.01,0
2025-01-21,SKU005,87.0,704874.87,8102.01,0
2025-01-22,SKU005,82.0,664364.82,8102.01,0
2025-01-23,SKU005,106.0,858813.06,8102.01,0
2025-01-24,SKU005,91.0,737282.91,8102.01,0
2025-01-25,SKU005,94.0,761588.94,8102.01,0
2025-01-26,SKU005,84.0,680568.84,8102.01,0
2025-01-27,SKU005,94.0,761588.94,8102.01,0
2025-01-28,SKU005,108.0,875017.08,8102.01,0
2025-01-29,SKU005,75.0,607650.75,8102.01,0
2025-01-30,SKU005,83.0,672466.83,8102.01,0
2025-01-31,SKU005,108.0,875017.08,8102.01,0
2025-02-01,SKU005,89.0,721078.89,8102.01,0
2025-02-02,SKU005,80.0,648160.8,8102.01,0
2025-02-03,SKU005,77.0,623854.77,8102.01,0
2025-02-04,SKU005,101.0,818303.01,8102.01,0
2025-02-05,SKU005,77.0,623854.77,8102.01,0
2025-02-06,SKU005,82.0,664364.82,8102.01,0
2025-02-07,SKU005,82.0,664364.82,8102.01,0
2025-02-08,SKU005,81.0,656262.81,8102.01,0
2025-02-09,SKU005,84.0,680568.84,8102.01,0
2025-02-10,SKU005,67.0,542834.67,8102.01,0
2025-02-11,SKU005,61.0,494222.61,8102.01,0
2025-02-12,SKU005,65.0,526630.65,8102.01,0
2025-02-13,SKU005,75.0,607650.75,8102.01,0
2025-02-14,SKU005,84.0,680568.84,8102.01,0
2025-02-15,SKU005,57.0,461814.57,8102.01,0
2025-02-16,SKU005,51.0,413202.51,8102.01,0
2025-02-17,SKU005,72.0,583344.72,8102.01,0
2025-02-18,SKU005,92.0,745384.92,8102.01,0
2025-02-19,SKU005,57.0,461814.57,8102.01,0
2025-02-20,SKU005,76.0,615752.76,8102.01,0
2025-02-21,SKU005,102.0,826405.02,8102.01,0
2025-02-22,SKU005,84.0,680568.84,8102.01,0
2025-02-23,SKU005,66.0,534732.66,8102.01,0
2025-02-24,SKU005,66.0,534732.66,8102.01,0
2025-02-25,SKU005,83.0,672466.83,8102.01,0
2025-02-26,SKU005,63.0,510426.63,8102.01,0
2025-02-27,SKU005,72.0,583344.72,8102.01,0
2025-02-28,SKU005,102.0,826405.02,8102.01,0
2025-03-01,SKU005,104.0,842609.04,8102.01,0
2025-03-02,SKU005,70.0,567140.7,8102.01,0
2025-03-03,SKU005,91.0,737282.91,8102.01,0
2025-03-04,SKU005,51.0,413202.51,8102.01,0
2025-03-05,SKU005,42.0,340284.42,8102.01,0
2025-03-06,SKU005,63.0,510426.63,8102.01,0
2025-03-07,SKU005,96.0,777792.96,8102.01,0
2025-03-08,SKU005,91.0,737282.91,8102.01,0
2025-03-09,SKU005,69.0,559038.69,8102.01,0
2025-03-10,SKU005,64.0,518528.64,8102.01,0
2025-03-11,SKU005,87.0,704874.87,8102.01,0
2025-03-12,SKU005,87.0,704874.87,8102.01,0
2025-03-13,SKU005,88.0,712976.88,8102.01,0
2025-03-14,SKU005,87.0,704874.87,8102.01,0
2025-03-15,SKU005,91.0,737282.91,8102.01,0
2025-03-16,SKU005,63.0,510426.63,8102.01,0
2025-03-17,SKU005,73.0,591446.73,8102.01,0
2025-03-18,SKU005,79.0,640058.79,8102.01,0
2025-03-19,SKU005,82.0,664364.82,8102.01,0
2025-03-20,SKU005,95.0,708115.67,8102.01,1
2025-03-21,SKU005,146.0,1088261.98,8102.01,1
2025-03-22,SKU005,107.0,797561.86,8102.01,1
2025-03-23,SKU005,103.0,767746.47,8102.01,1
2025-03-24,SKU005,69.0,514315.59,8102.01,1
2025-03-25,SKU005,145.0,1080808.13,8102.01,1
2025-03-26,SKU005,104.0,775200.32,8102.01,1
2025-03-27,SKU005,100.0,745384.92,8102.01,1
2025-03-28,SKU005,83.0,672466.83,8102.01,0
2025-03-29,SKU005,107.0,866915.07,8102.01,0
2025-03-30,SKU005,68.0,550936.68,8102.01,0
2025-03-31,SKU005,79.0,640058.79,8102.01,0
2025-04-01,SKU005,46.0,372692.46,8102.01,0
2025-04-02,SKU005,68.0,550936.68,8102.01,0
2025-04-03,SKU005,71.0,575242.71,8102.01,0
2025-04-04,SKU005,102.0,826405.02,8102.01,0
2025-04-05,SKU005,89.0,721078.89,8102.01,0
2025-04-06,SKU005,51.0,413202.51,8102.01,0
2025-04-07,SKU005,80.0,648160.8,8102.01,0
2025-04-08,SKU005,71.0,575242.71,8102.01,0
2025-04-09,SKU005,83.0,672466.83,8102.01,0
2025-04-10,SKU005,85.0,688670.85,8102.01,0
2025-04-11,SKU005,72.0,583344.72,8102.01,0
2025-04-12,SKU005,80.0,648160.8,8102.01,0
2025-04-13,SKU005,84.0,680568.84,8102.01,0
2025-04-14,SKU005,69.0,559038.69,8102.01,0
2025-04-15,SKU005,93.0,753486.93,8102.01,0
2025-04-16,SKU005,77.0,623854.77,8102.01,0
2025-04-17,SKU005,95.0,769690.95,8102.01,0
2025-04-18,SKU005,83.0,672466.83,8102.01,0
2025-04-19,SKU005,84.0,680568.84,8102.01,0
2025-04-20,SKU005,75.0,607650.75,8102.01,0
2025-04-21,SKU005,65.0,526630.65,8102.01,0
2025-04-22,SKU005,79.0,640058.79,8102.01,0
2025-04-23,SKU005,77.0,623854.77,8102.01,0
2025-04-24,SKU005,85.0,688670.85,8102.01,0
2025-04-25,SKU005,105.0,850711.05,8102.01,0
2025-04-26,SKU005,84.0,680568.84,8102.01,0
2025-04-27,SKU005,58.0,469916.58,8102.01,0
2025-04-28,SKU005,70.0,567140.7,8102.01,0
2025-04-29,SKU005,76.0,615752.76,8102.01,0
2025-04-30,SKU005,81.0,656262.81,8102.01,0
2025-05-01,SKU005,73.0,591446.73,8102.01,0
2025-05-02,SKU005,60.0,486120.6,8102.01,0
2025-05-03,SKU005,93.0,753486.93,8102.01,0
2025-05-04,SKU005,72.0,583344.72,8102.01,0
2025-05-05,SKU005,92.0,745384.92,8102.01,0
2025-05-06,SKU005,72.0,583344.72,8102.01,0
2025-05-07,SKU005,61.0,494222.61,8102.01,0
2025-05-08,SKU005,59.0,478018.59,8102.01,0
2025-05-09,SKU005,76.0,615752.76,8102.01,0
2025-05-10,SKU005,73.0,591446.73,8102.01,0
2025-05-11,SKU005,55.0,445610.55,8102.01,0
2025-05-12,SKU005,70.0,567140.7,8102.01,0
2025-05-13,SKU005,80.0,648160.8,8102.01,0
2025-05-14,SKU005,71.0,575242.71,8102.01,0
2025-05-15,SKU005,77.0,623854.77,8102.01,0
2025-05-16,SKU005,104.0,842609.04,8102.01,0
2025-05-17,SKU005,95.0,769690.95,8102.01,0
2025-05-18,SKU005,85.0,688670.85,8102.01,0
2025-05-19,SKU005,43.0,348386.43,8102.01,0
2025-05-20,SKU005,84.0,680568.84,8102.01,0
2025-05-21,SKU005,95.0,769690.95,8102.01,0
2025-05-22,SKU005,73.0,591446.73,8102.01,0
2025-05-23,SKU005,106.0,858813.06,8102.01,0
2025-05-24,SKU005,87.0,704874.87,8102.01,0
2025-05-25,SKU005,81.0,656262.81,8102.01,0
2025-05-26,SKU005,65.0,526630.65,8102.01,0
2025-05-27,SKU005,84.0,680568.84,8102.01,0
2025-05-28,SKU005,86.0,696772.86,8102.01,0
2025-05-29,SKU005,79.0,640058.79,8102.01,0
2025-05-30,SKU005,53.0,429406.53,8102.01,0
2025-05-31,SKU005,76.0,615752.76,8102.01,0
2025-06-01,SKU005,80.0,648160.8,8102.01,0
2025-06-02,SKU005,71.0,575242.71,8102.01,0
2025-06-03,SKU005,87.0,704874.87,8102.01,0
2025-06-04,SKU005,89.0,721078.89,8102.01,0
2025-06-05,SKU005,106.0,858813.06,8102.01,0
2025-06-06,SKU005,111.0,899323.11,8102.01,0
2025-06-07,SKU005,116.0,939833.16,8102.01,0
2025-06-08,SKU005,97.0,785894.97,8102.01,0
2025-06-09,SKU005,64.0,518528.64,8102.01,0
2025-06-10,SKU005,113.0,842284.96,8102.01,1
2025-06-11,SKU005,105.0,782654.17,8102.01,1
2025-06-12,SKU005,88.0,655938.73,8102.01,1
2025-06-13,SKU005,120.0,894461.9,8102.01,1
2025-06-14,SKU005,119.0,887008.05,8102.01,1
2025-06-15,SKU005,107.0,797561.86,8102.01,1
2025-06-16,SKU005,97.0,723023.37,8102.01,1
2025-06-17,SKU005,128.0,954092.7,8102.01,1
2025-06-18,SKU005,113.0,842284.96,8102.01,1
2025-06-19,SKU005,116.0,864646.51,8102.01,1
2025-06-20,SKU005,133.0,991361.94,8102.01,1
2025-06-21,SKU005,119.0,964139.19,8102.01,0
2025-06-22,SKU005,68.0,550936.68,8102.01,0
2025-06-23,SKU005,69.0,559038.69,8102.01,0
2025-06-24,SKU005,69.0,559038.69,8102.01,0
2025-06-25,SKU005,79.0,640058.79,8102.01,0
2025-06-26,SKU005,101.0,818303.01,8102.01,0
2025-06-27,SKU005,84.0,680568.84,8102.01,0
2025-06-28,SKU005,87.0,704874.87,8102.01,0
2025-06-29,SKU005,89.0,721078.89,8102.01,0
2025-06-30,SKU005,93.0,753486.93,8102.01,0
2025-07-01,SKU005,80.0,648160.8,8102.01,0
2025-07-02,SKU005,88.0,712976.88,8102.01,0
2025-07-03,SKU005,65.0,526630.65,8102.01,0
2025-07-04,SKU005,99.0,802098.99,8102.01,0
2025-07-05,SKU005,83.0,672466.83,8102.01,0
2025-07-06,SKU005,87.0,704874.87,8102.01,0
2025-07-07,SKU005,69.0,559038.69,8102.01,0
2025-07-08,SKU005,87.0,704874.87,8102.01,0
2025-07-09,SKU005,85.0,688670.85,8102.01,0
2025-07-10,SKU005,74.0,599548.74,8102.01,0
2025-07-11,SKU005,96.0,777792.96,8102.01,0
2025-07-12,SKU005,86.0,696772.86,8102.01,0
2025-07-13,SKU005,87.0,704874.87,8102.01,0
2025-07-14,SKU005,106.0,858813.06,8102.01,0
2025-07-15,SKU005,86.0,696772.86,8102.01,0
2025-07-16,SKU005,75.0,607650.75,8102.01,0
2025-07-17,SKU005,100.0,810201.0,8102.01,0
2025-07-18,SKU005,125.0,1012751.25,8102.01,0
2025-07-19,SKU005,101.0,818303.01,8102.01,0
2025-07-20,SKU005,83.0,672466.83,8102.01,0
2025-07-21,SKU005,75.0,607650.75,8102.01,0
2025-07-22,SKU005,76.0,615752.76,8102.01,0
2025-07-23,SKU005,83.0,672466.83,8102.01,0
2025-07-24,SKU005,96.0,777792.96,8102.01,0
2025-07-25,SKU005,90.0,729180.9,8102.01,0
2025-07-26,SKU005,110.0,891221.1,8102.01,0
2025-07-27,SKU005,81.0,656262.81,8102.01,0
2025-07-28,SKU005,67.0,542834.67,8102.01,0
2025-07-29,SKU005,96.0,777792.96,8102.01,0
2025-07-30,SKU005,91.0,737282.91,8102.01,0
2025-07-31,SKU005,79.0,640058.79,8102.01,0
2025-08-01,SKU005,112.0,907425.12,8102.01,0
2025-08-02,SKU005,106.0,858813.06,8102.01,0
2025-08-03,SKU005,76.0,615752.76,8102.01,0
2025-08-04,SKU005,60.0,486120.6,8102.01,0
2025-08-05,SKU005,67.0,542834.67,8102.01,0
2025-08-06,SKU005,82.0,664364.82,8102.01,0
2025-08-07,SKU005,62.0,502324.62,8102.01,0
2025-08-08,SKU005,117.0,947935.17,8102.01,0
2025-08-09,SKU005,101.0,818303.01,8102.01,0
2025-08-10,SKU005,101.0,818303.01,8102.01,0
2025-08-11,SKU005,60.0,486120.6,8102.01,0
2025-08-12,SKU005,53.0,429406.53,8102.01,0
2025-08-13,SKU005,92.0,745384.92,8102.01,0
2025-08-14,SKU005,99.0,802098.99,8102.01,0
2025-08-15,SKU005,,1053261.3,8102.01,0
2025-08-16,SKU005,102.0,826405.02,8102.01,0
2025-08-17,SKU005,88.0,712976.88,8102.01,0
2025-08-18,SKU005,88.0,712976.88,8102.01,0
2025-08-19,SKU005,112.0,907425.12,8102.01,0
2025-08-20,SKU005,73.0,591446.73,8102.01,0
2025-08-21,SKU005,93.0,753486.93,8102.01,0
2025-08-22,SKU005,115.0,931731.15,8102.01,0
2025-08-23,SKU005,123.0,996547.23,8102.01,0
2025-08-24,SKU005,112.0,907425.12,8102.01,0
2025-08-25,SKU005,89.0,721078.89,8102.01,0
2025-08-26,SKU005,116.0,939833.16,8102.01,0
2025-08-27,SKU005,86.0,696772.86,8102.01,0
2025-08-28,SKU005,92.0,745384.92,8102.01,0
2025-08-29,SKU005,125.0,1012751.25,8102.01,0
2025-08-30,SKU005,108.0,875017.08,8102.01,0
2025-08-31,SKU005,93.0,753486.93,8102.01,0
2025-09-01,SKU005,65.0,526630.65,8102.01,0
2025-09-02,SKU005,90.0,729180.9,8102.01,0
2025-09-03,SKU005,69.0,559038.69,8102.01,0
2025-09-04,SKU005,56.0,453712.56,8102.01,0
2025-09-05,SKU005,73.0,591446.73,8102.01,0
2025-09-06,SKU005,71.0,575242.71,8102.01,0
2025-09-07,SKU005,74.0,599548.74,8102.01,0
2025-09-08,SKU005,56.0,453712.56,8102.01,0
2025-09-09,SKU005,78.0,631956.78,8102.01,0
2025-09-10,SKU005,78.0,631956.78,8102.01,0
2025-09-11,SKU005,71.0,575242.71,8102.01,0
2025-09-12,SKU005,85.0,688670.85,8102.01,0
2025-09-13,SKU005,100.0,810201.0,8102.01,0
2025-09-14,SKU005,51.0,413202.51,8102.01,0
2025-09-15,SKU005,74.0,599548.74,8102.01,0
2025-09-16,SKU005,77.0,623854.77,8102.01,0
2025-09-17,SKU005,89.0,721078.89,8102.01,0
2025-09-18,SKU005,81.0,656262.81,8102.01,0
2025-09-19,SKU005,77.0,623854.77,8102.01,0
2025-09-20,SKU005,85.0,688670.85,8102.01,0
2025-09-21,SKU005,57.0,461814.57,8102.01,0
2025-09-22,SKU005,93.0,753486.93,8102.01,0
2025-09-23,SKU005,76.0,615752.76,8102.01,0
2025-09-24,SKU005,68.0,550936.68,8102.01,0
2025-09-25,SKU005,74.0,599548.74,8102.01,0
2025-09-26,SKU005,103.0,834507.03,8102.01,0
2025-09-27,SKU005,99.0,802098.99,8102.01,0
2025-09-28,SKU005,89.0,721078.89,8102.01,0
2025-09-29,SKU005,74.0,599548.74,8102.01,0
2025-09-30,SKU005,63.0,510426.63,8102.01,0
2025-10-01,SKU005,95.0,708115.67,8102.01,1
2025-10-02,SKU005,111.0,827377.26,8102.01,1
2025-10-03,SKU005,128.0,954092.7,8102.01,1
2025-10-04,SKU005,113.0,842284.96,8102.01,1
2025-10-05,SKU005,137.0,1021177.34,8102.01,1
2025-10-06,SKU005,98.0,730477.22,8102.01,1
2025-10-07,SKU005,99.0,737931.07,8102.01,1
2025-10-08,SKU005,110.0,819923.41,8102.01,1
2025-10-09,SKU005,109.0,812469.56,8102.01,1
2025-10-10,SKU005,116.0,864646.51,8102.01,1
2025-10-11,SKU005,88.0,712976.88,8102.01,0
2025-10-12,SKU005,114.0,923629.14,8102.01,0
2025-10-13,SKU005,67.0,542834.67,8102.01,0
2025-10-14,SKU005,87.0,704874.87,8102.01,0
2025-10-15,SKU005,94.0,761588.94,8102.01,0
2025-10-16,SKU005,68.0,550936.68,8102.01,0
2025-10-17,SKU005,92.0,745384.92,8102.01,0
2025-10-18,SKU005,73.0,591446.73,8102.01,0
2025-10-19,SKU005,87.0,704874.87,8102.01,0
2025-10-20,SKU005,63.0,510426.63,8102.01,0
2025-10-21,SKU005,81.0,656262.81,8102.01,0
2025-10-22,SKU005,75.0,607650.75,8102.01,0
2025-10-23,SKU005,68.0,550936.68,8102.01,0
2025-10-24,SKU005,82.0,664364.82,8102.01,0
2025-10-25,SKU005,98.0,793996.98,8102.01,0
2025-10-26,SKU005,59.0,478018.59,8102.01,0
2025-10-27,SKU005,56.0,453712.56,8102.01,0
2025-10-28,SKU005,83.0,672466.83,8102.01,0
2025-10-29,SKU005,70.0,567140.7,8102.01,0
2025-10-30,SKU005,74.0,599548.74,8102.01,0
2025-10-31,SKU005,66.0,534732.66,8102.01,0
2025-11-01,SKU005,105.0,850711.05,8102.01,0
2025-11-02,SKU005,59.0,478018.59,8102.01,0
2025-11-03,SKU005,86.0,696772.86,8102.01,0
2025-11-04,SKU005,64.0,518528.64,8102.01,0
2025-11-05,SKU005,65.0,526630.65,8102.01,0
2025-11-06,SKU005,78.0,631956.78,8102.01,0
2025-11-07,SKU005,97.0,785894.97,8102.01,0
2025-11-08,SKU005,74.0,599548.74,8102.01,0
2025-11-09,SKU005,79.0,640058.79,8102.01,0
2025-11-10,SKU005,57.0,461814.57,8102.01,0
2025-11-11,SKU005,81.0,656262.81,8102.01,0
2025-11-12,SKU005,69.0,559038.69,8102.01,0
2025-11-13,SKU005,93.0,753486.93,8102.01,0
2025-11-14,SKU005,114.0,923629.14,8102.01,0
2025-11-15,SKU005,101.0,818303.01,8102.01,0
2025-11-16,SKU005,68.0,550936.68,8102.01,0
2025-11-17,SKU005,43.0,348386.43,8102.01,0
2025-11-18,SKU005,83.0,672466.83,8102.01,0
2025-11-19,SKU005,86.0,696772.86,8102.01,0
2025-11-20,SKU005,114.0,849738.81,8102.01,1
2025-11-21,SKU005,156.0,1162800.48,8102.01,1
2025-11-22,SKU005,105.0,782654.17,8102.01,1
2025-11-23,SKU005,79.0,588854.09,8102.01,1
2025-11-24,SKU005,117.0,872100.36,8102.01,1
2025-11-25,SKU005,95.0,708115.67,8102.01,1
2025-11-26,SKU005,97.0,723023.37,8102.01,1
2025-11-27,SKU005,135.0,1006269.64,8102.01,1
2025-11-28,SKU005,101.0,752838.77,8102.01,1
2025-11-29,SKU005,107.0,797561.86,8102.01,1
2025-11-30,SKU005,127.0,946638.85,8102.01,1
2025-12-01,SKU005,82.0,664364.82,8102.01,0
2025-12-02,SKU005,79.0,640058.79,8102.01,0
2025-12-03,SKU005,72.0,583344.72,8102.01,0
2025-12-04,SKU005,95.0,769690.95,8102.01,0
2025-12-05,SKU005,82.0,664364.82,8102.01,0
2025-12-06,SKU005,91.0,737282.91,8102.01,0
2025-12-07,SKU005,83.0,672466.83,8102.01,0
2025-12-08,SKU005,82.0,664364.82,8102.01,0
2025-12-09,SKU005,73.0,591446.73,8102.01,0
2025-12-10,SKU005,94.0,761588.94,8102.01,0
2025-12-11,SKU005,105.0,850711.05,8102.01,0
2025-12-12,SKU005,64.0,518528.64,8102.01,0
2025-12-13,SKU005,128.0,1037057.28,8102.01,0
2025-12-14,SKU005,77.0,623854.77,8102.01,0
2025-12-15,SKU005,88.0,655938.73,8102.01,1
2025-12-16,SKU005,129.0,961546.55,8102.01,1
2025-12-17,SKU005,95.0,708115.67,8102.01,1
2025-12-18,SKU005,106.0,790108.02,8102.01,1
2025-12-19,SKU005,125.0,931731.15,8102.01,1
2025-12-20,SKU005,127.0,946638.85,,1
2025-12-21,SKU005,105.0,782654.17,8102.01,1
2025-12-22,SKU005,108.0,805015.71,8102.01,1
2025-12-23,SKU005,130.0,969000.4,8102.01,1
2025-12-24,SKU005,150.0,1118077.38,8102.01,1
2025-12-25,SKU005,168.0,1252246.67,8102.01,1
2025-12-26,SKU005,126.0,939185.0,8102.01,1
2025-12-27,SKU005,121.0,901915.75,8102.01,1
2025-12-28,SKU005,139.0,1036085.04,8102.01,1
2025-12-29,SKU005,98.0,730477.22,8102.01,1
2025-12-30,SKU005,101.0,752838.77,8102.01,1
2025-12-31,SKU005,134.0,998815.79,8102.01,1
2026-01-01,SKU005,70.0,567140.7,8102.01,0
2026-01-02,SKU005,103.0,834507.03,8102.01,0
2026-01-03,SKU005,109.0,883119.09,8102.01,0
2026-01-04,SKU005,115.0,931731.15,8102.01,0
2026-01-05,SKU005,85.0,688670.85,8102.01,0
2026-01-06,SKU005,103.0,834507.03,8102.01,0
2026-01-07,SKU005,105.0,850711.05,8102.01,0
2026-01-08,SKU005,71.0,575242.71,8102.01,0
2026-01-09,SKU005,129.0,1045159.29,8102.01,0
2026-01-10,SKU005,82.0,664364.82,8102.01,0
2026-01-11,SKU005,76.0,615752.76,8102.01,0
2026-01-12,SKU005,86.0,696772.86,8102.01,0
2026-01-13,SKU005,111.0,899323.11,8102.01,0
2026-01-14,SKU005,76.0,615752.76,8102.01,0
2026-01-15,SKU005,106.0,858813.06,8102.01,0
2026-01-16,SKU005,78.0,631956.78,8102.01,0
2026-01-17,SKU005,91.0,737282.91,8102.01,0
2026-01-18,SKU005,68.0,550936.68,8102.01,0
2026-01-19,SKU005,74.0,599548.74,8102.01,0
2026-01-20,SKU005,82.0,664364.82,8102.01,0
2026-01-21,SKU005,67.0,542834.67,8102.01,0
2026-01-22,SKU005,103.0,834507.03,8102.01,0
2026-01-23,SKU005,101.0,818303.01,8102.01,0
2026-01-24,SKU005,115.0,931731.15,8102.01,0
2026-01-25,SKU005,91.0,737282.91,8102.01,0
2026-01-26,SKU005,110.0,891221.1,8102.01,0
2026-01-27,SKU005,73.0,591446.73,8102.01,0
2026-01-28,SKU005,78.0,631956.78,8102.01,0
2026-01-29,SKU005,92.0,745384.92,8102.01,0
2026-01-30,SKU005,112.0,907425.12,8102.01,0
2026-01-31,SKU005,125.0,1012751.25,8102.01,0
2026-02-01,SKU005,89.0,721078.89,8102.01,0
2026-02-02,SKU005,70.0,567140.7,8102.01,0
2026-02-03,SKU005,90.0,729180.9,8102.01,0
2026-02-04,SKU005,85.0,688670.85,8102.01,0
2026-02-05,SKU005,86.0,696772.86,8102.01,0
2026-02-06,SKU005,100.0,810201.0,8102.01,0
2026-02-07,SKU005,92.0,745384.92,8102.01,0
2026-02-08,SKU005,104.0,842609.04,8102.01,0
2026-02-09,SKU005,67.0,542834.67,8102.01,0
2026-02-10,SKU005,85.0,688670.85,8102.01,0
2026-02-11,SKU005,75.0,607650.75,8102.01,0
2026-02-12,SKU005,118.0,956037.18,8102.01,0
2026-02-13,SKU005,122.0,988445.22,8102.01,0
2026-02-14,SKU005,86.0,696772.86,8102.01,0
2026-02-15,SKU005,103.0,834507.03,8102.01,0
2026-02-16,SKU005,86.0,696772.86,8102.01,0
2026-02-17,SKU005,86.0,696772.86,8102.01,0
2026-02-18,SKU005,52.0,421304.52,8102.01,0
2026-02-19,SKU005,99.0,802098.99,8102.01,0
2026-02-20,SKU005,149.0,1207199.49,8102.01,0
2026-02-21,SKU005,124.0,1004649.24,8102.01,0
2026-02-22,SKU005,81.0,656262.81,8102.01,0
2026-02-23,SKU005,102.0,826405.02,8102.01,0
2026-02-24,SKU005,71.0,575242.71,8102.01,0
2026-02-25,SKU005,76.0,615752.76,8102.01,0
2026-02-26,SKU005,80.0,648160.8,8102.01,0
2026-02-27,SKU005,114.0,923629.14,8102.01,0
2026-02-28,SKU005,125.0,1012751.25,8102.01,0
2026-03-01,SKU005,76.0,615752.76,8102.01,0
2026-03-02,SKU005,73.0,591446.73,8102.01,0
2026-03-03,SKU005,93.0,753486.93,8102.01,0
2026-03-04,SKU005,92.0,745384.92,8102.01,0
2026-03-05,SKU005,74.0,599548.74,8102.01,0
2026-03-06,SKU005,71.0,575242.71,8102.01,0
2026-03-07,SKU005,107.0,866915.07,8102.01,0
2026-03-08,SKU005,77.0,623854.77,8102.01,0
2026-03-09,SKU005,70.0,567140.7,8102.01,0
2026-03-10,SKU005,73.0,591446.73,8102.01,0
2026-03-11,SKU005,85.0,688670.85,8102.01,0
2026-03-12,SKU005,91.0,737282.91,8102.01,0
2026-03-13,SKU005,69.0,559038.69,8102.01,0
2026-03-14,SKU005,119.0,964139.19,8102.01,0
2026-03-15,SKU005,102.0,760292.62,8102.01,1
2026-03-16,SKU005,103.0,767746.47,8102.01,1
2026-03-17,SKU005,127.0,946638.85,8102.01,1
2026-03-18,SKU005,132.0,983908.09,8102.01,1
2026-03-19,SKU005,98.0,730477.22,8102.01,1
2026-03-20,SKU005,154.0,1147892.78,8102.01,1
2026-03-21,SKU005,117.0,872100.36,8102.01,1
2026-03-22,SKU005,114.0,849738.81,8102.01,1
2026-03-23,SKU005,81.0,603761.79,8102.01,1
2026-03-24,SKU005,90.0,670846.43,8102.01,1
2026-03-25,SKU005,150.0,1118077.38,8102.01,1
2026-03-26,SKU005,85.0,688670.85,8102.01,0
2026-03-27,SKU005,124.0,1004649.24,8102.01,0
2026-03-28,SKU005,74.0,599548.74,8102.01,0
2026-03-29,SKU005,68.0,550936.68,8102.01,0
2026-03-30,SKU005,65.0,526630.65,8102.01,0
2026-03-31,SKU005,82.0,664364.82,8102.01,0
2026-04-01,SKU005,60.0,486120.6,8102.01,0
2026-04-02,SKU005,95.0,769690.95,8102.01,0
2026-04-03,SKU005,106.0,858813.06,8102.01,0
2026-04-04,SKU005,103.0,834507.03,8102.01,0
2026-04-05,SKU005,54.0,437508.54,8102.01,0
2026-04-06,SKU005,67.0,542834.67,8102.01,0
2026-04-07,SKU005,67.0,542834.67,8102.01,0
2026-04-08,SKU005,90.0,729180.9,8102.01,0
2026-04-09,SKU005,84.0,680568.84,8102.01,0
2026-04-10,SKU005,65.0,526630.65,8102.01,0
2026-04-11,SKU005,92.0,745384.92,8102.01,0
2026-04-12,SKU005,103.0,834507.03,8102.01,0
2026-04-13,SKU005,79.0,640058.79,8102.01,0
2026-04-14,SKU005,99.0,802098.99,8102.01,0
2026-04-15,SKU005,58.0,469916.58,8102.01,0
2026-04-16,SKU005,73.0,591446.73,8102.01,0
2026-04-17,SKU005,128.0,1037057.28,8102.01,0
2026-04-18,SKU005,89.0,721078.89,8102.01,0
2026-04-19,SKU005,77.0,623854.77,8102.01,0
2026-04-20,SKU005,62.0,502324.62,8102.01,0
2026-04-21,SKU005,84.0,680568.84,8102.01,0
2026-04-22,SKU005,79.0,640058.79,8102.01,0
2026-04-23,SKU005,118.0,956037.18,8102.01,0
2026-04-24,SKU005,125.0,1012751.25,8102.01,0
2026-04-25,SKU005,103.0,834507.03,8102.01,0
2026-04-26,SKU005,71.0,575242.71,8102.01,0
2026-04-27,SKU005,45.0,364590.45,8102.01,0
2026-04-28,SKU005,64.0,518528.64,8102.01,0
2026-04-29,SKU005,95.0,769690.95,8102.01,0
2026-04-30,SKU005,72.0,583344.72,8102.01,0
2026-05-01,SKU005,97.0,785894.97,8102.01,0
2026-05-02,SKU005,102.0,826405.02,8102.01,0
2026-05-03,SKU005,108.0,875017.08,8102.01,0
2026-05-04,SKU005,78.0,631956.78,8102.01,0
2026-05-05,SKU005,78.0,631956.78,8102.01,0
2026-05-06,SKU005,65.0,526630.65,8102.01,0
2026-05-07,SKU005,76.0,615752.76,8102.01,0
2026-05-08,SKU005,97.0,785894.97,8102.01,0
2026-05-09,SKU005,90.0,729180.9,8102.01,0
2026-05-10,SKU005,93.0,753486.93,8102.01,0
2026-05-11,SKU005,75.0,607650.75,8102.01,0
2026-05-12,SKU005,93.0,753486.93,8102.01,0
2026-05-13,SKU005,101.0,818303.01,8102.01,0
2026-05-14,SKU005,76.0,615752.76,8102.01,0
2026-05-15,SKU005,108.0,875017.08,8102.01,0
2026-05-16,SKU005,68.0,550936.68,8102.01,0
2026-05-17,SKU005,104.0,842609.04,8102.01,0
2026-05-18,SKU005,94.0,761588.94,8102.01,0
2026-05-19,SKU005,86.0,696772.86,8102.01,0
2026-05-20,SKU005,113.0,915527.13,8102.01,0
2026-05-21,SKU005,98.0,793996.98,8102.01,0
2026-05-22,SKU005,107.0,866915.07,8102.01,0
2026-05-23,SKU005,100.0,810201.0,8102.01,0
2026-05-24,SKU005,98.0,793996.98,8102.01,0
2026-05-25,SKU005,57.0,461814.57,8102.01,0
2026-05-26,SKU005,104.0,842609.04,8102.01,0
2026-05-27,SKU005,63.0,510426.63,8102.01,0
2026-05-28,SKU005,71.0,575242.71,8102.01,0
2026-05-29,SKU005,104.0,842609.04,8102.01,0
2026-05-30,SKU005,109.0,883119.09,8102.01,0
2026-05-31,SKU005,87.0,704874.87,8102.01,0
2026-06-01,SKU005,84.0,680568.84,8102.01,0
2026-06-02,SKU005,102.0,826405.02,8102.01,0
2026-06-03,SKU005,107.0,866915.07,8102.01,0
2026-06-04,SKU005,100.0,810201.0,8102.01,0
2026-06-05,SKU005,138.0,1118077.38,8102.01,0
2026-06-06,SKU005,123.0,996547.23,8102.01,0
2026-06-07,SKU005,91.0,737282.91,8102.01,0
2026-06-08,SKU005,77.0,623854.77,8102.01,0
2026-06-09,SKU005,94.0,761588.94,8102.01,0
2026-06-10,SKU005,127.0,946638.85,8102.01,1
2026-06-11,SKU005,120.0,894461.9,8102.01,1
2026-06-12,SKU005,147.0,1095715.83,8102.01,1
2026-06-13,SKU005,152.0,1132985.08,8102.01,1
2026-06-14,SKU005,152.0,1132985.08,8102.01,1
2026-06-15,SKU005,106.0,790108.02,8102.01,1
2026-06-16,SKU005,122.0,909369.6,8102.01,1
2026-06-17,SKU005,122.0,909369.6,8102.01,1
2026-06-18,SKU005,144.0,1073354.28,8102.01,1
2026-06-19,SKU005,165.0,1229885.12,8102.01,1
2026-06-20,SKU005,152.0,1132985.08,8102.01,1
2026-06-21,SKU005,79.0,640058.79,8102.01,0
2026-06-22,SKU005,75.0,607650.75,8102.01,0
2026-06-23,SKU005,92.0,745384.92,8102.01,0
2026-06-24,SKU005,113.0,915527.13,8102.01,0
2026-06-25,SKU005,89.0,721078.89,8102.01,0
2026-06-26,SKU005,88.0,712976.88,8102.01,0
2026-06-27,SKU005,105.0,850711.05,8102.01,0
2026-06-28,SKU005,101.0,818303.01,8102.01,0
2026-06-29,SKU005,56.0,453712.56,8102.01,0
2026-06-30,SKU005,103.0,834507.03,8102.01,0
2025-01-01,SKU006,22.0,142172.58,6462.39,0
2025-01-02,SKU006,11.0,71086.29,6462.39,0
2025-01-03,SKU006,14.0,90473.46,6462.39,0
2025-01-04,SKU006,18.0,116323.02,6462.39,0
2025-01-05,SKU006,8.0,51699.12,6462.39,0
2025-01-06,SKU006,13.0,84011.07,6462.39,0
2025-01-07,SKU006,17.0,109860.63,6462.39,0
2025-01-08,SKU006,10.0,64623.9,6462.39,0
2025-01-09,SKU006,13.0,84011.07,6462.39,0
2025-01-10,SKU006,16.0,95126.38,6462.39,1
2025-01-11,SKU006,15.0,89180.98,6462.39,1
2025-01-12,SKU006,22.0,130798.77,6462.39,1
2025-01-13,SKU006,15.0,89180.98,6462.39,1
2025-01-14,SKU006,24.0,142689.57,6462.39,1
2025-01-15,SKU006,10.0,59453.99,6462.39,1
2025-01-16,SKU006,13.0,84011.07,6462.39,0
2025-01-17,SKU006,14.0,90473.46,6462.39,0
2025-01-18,SKU006,17.0,109860.63,6462.39,0
2025-01-19,SKU006,11.0,71086.29,6462.39,0
2025-01-20,SKU006,9.0,58161.51,6462.39,0
2025-01-21,SKU006,11.0,71086.29,6462.39,0
2025-01-22,SKU006,6.0,38774.34,6462.39,0
2025-01-23,SKU006,16.0,103398.24,6462.39,0
2025-01-24,SKU006,18.0,116323.02,6462.39,0
2025-01-25,SKU006,15.0,96935.85,6462.39,0
2025-01-26,SKU006,16.0,103398.24,6462.39,0
2025-01-27,SKU006,15.0,96935.85,6462.39,0
2025-01-28,SKU006,11.0,71086.29,6462.39,0
2025-01-29,SKU006,12.0,77548.68,6462.39,0
2025-01-30,SKU006,14.0,90473.46,6462.39,0
2025-01-31,SKU006,13.0,84011.07,6462.39,0
2025-02-01,SKU006,15.0,96935.85,6462.39,0
2025-02-02,SKU006,14.0,90473.46,6462.39,0
2025-02-03,SKU006,13.0,84011.07,6462.39,0
2025-02-04,SKU006,19.0,122785.41,6462.39,0
2025-02-05,SKU006,14.0,90473.46,6462.39,0
2025-02-06,SKU006,14.0,90473.46,6462.39,0
2025-02-07,SKU006,12.0,77548.68,6462.39,0
2025-02-08,SKU006,13.0,84011.07,6462.39,0
2025-02-09,SKU006,12.0,77548.68,6462.39,0
2025-02-10,SKU006,12.0,77548.68,6462.39,0
2025-02-11,SKU006,10.0,64623.9,6462.39,0
2025-02-12,SKU006,13.0,84011.07,6462.39,0
2025-02-13,SKU006,17.0,109860.63,6462.39,0
2025-02-14,SKU006,17.0,109860.63,6462.39,0
2025-02-15,SKU006,20.0,129247.8,6462.39,0
2025-02-16,SKU006,13.0,84011.07,6462.39,0
2025-02-17,SKU006,12.0,77548.68,6462.39,0
2025-02-18,SKU006,16.0,103398.24,6462.39,0
2025-02-19,SKU006,11.0,71086.29,6462.39,0
2025-02-20,SKU006,12.0,77548.68,6462.39,0
2025-02-21,SKU006,10.0,64623.9,6462.39,0
2025-02-22,SKU006,19.0,122785.41,6462.39,0
2025-02-23,SKU006,11.0,71086.29,6462.39,0
2025-02-24,SKU006,3.0,19387.17,6462.39,0
2025-02-25,SKU006,15.0,96935.85,6462.39,0
2025-02-26,SKU006,14.0,90473.46,6462.39,0
2025-02-27,SKU006,9.0,58161.51,6462.39,0
2025-02-28,SKU006,15.0,96935.85,,0
2025-03-01,SKU006,12.0,77548.68,6462.39,0
2025-03-02,SKU006,16.0,103398.24,6462.39,0
2025-03-03,SKU006,9.0,58161.51,6462.39,0
2025-03-04,SKU006,11.0,71086.29,6462.39,0
2025-03-05,SKU006,12.0,77548.68,6462.39,0
2025-03-06,SKU006,14.0,90473.46,6462.39,0
2025-03-07,SKU006,12.0,77548.68,6462.39,0
2025-03-08,SKU006,11.0,71086.29,6462.39,0
2025-03-09,SKU006,18.0,116323.02,6462.39,0
2025-03-10,SKU006,13.0,84011.07,6462.39,0
2025-03-11,SKU006,6.0,38774.34,6462.39,0
2025-03-12,SKU006,16.0,103398.24,6462.39,0
2025-03-13,SKU006,11.0,71086.29,6462.39,0
2025-03-14,SKU006,9.0,58161.51,6462.39,0
2025-03-15,SKU006,14.0,90473.46,6462.39,0
2025-03-16,SKU006,12.0,77548.68,6462.39,0
2025-03-17,SKU006,10.0,64623.9,6462.39,0
2025-03-18,SKU006,10.0,64623.9,6462.39,0
2025-03-19,SKU006,18.0,116323.02,6462.39,0
2025-03-20,SKU006,19.0,112962.58,6462.39,1
2025-03-21,SKU006,21.0,124853.37,6462.39,1
2025-03-22,SKU006,17.0,101071.78,6462.39,1
2025-03-23,SKU006,18.0,107017.18,6462.39,1
2025-03-24,SKU006,9.0,53508.59,6462.39,1
2025-03-25,SKU006,10.0,59453.99,6462.39,1
2025-03-26,SKU006,16.0,95126.38,6462.39,1
2025-03-27,SKU006,14.0,83235.58,6462.39,1
2025-03-28,SKU006,12.0,77548.68,6462.39,0
2025-03-29,SKU006,15.0,96935.85,6462.39,0
2025-03-30,SKU006,14.0,90473.46,6462.39,0
2025-03-31,SKU006,12.0,77548.68,6462.39,0
2025-04-01,SKU006,9.0,58161.51,6462.39,0
2025-04-02,SKU006,15.0,96935.85,6462.39,0
2025-04-03,SKU006,11.0,71086.29,6462.39,0
2025-04-04,SKU006,19.0,122785.41,6462.39,0
2025-04-05,SKU006,7.0,45236.73,6462.39,0
2025-04-06,SKU006,10.0,64623.9,6462.39,0
2025-04-07,SKU006,13.0,84011.07,6462.39,0
2025-04-08,SKU006,13.0,84011.07,6462.39,0
2025-04-09,SKU006,19.0,122785.41,6462.39,0
2025-04-10,SKU006,20.0,129247.8,6462.39,0
2025-04-11,SKU006,13.0,84011.07,6462.39,0
2025-04-12,SKU006,15.0,96935.85,6462.39,0
2025-04-13,SKU006,11.0,71086.29,6462.39,0
2025-04-14,SKU006,15.0,96935.85,6462.39,0
2025-04-15,SKU006,12.0,77548.68,6462.39,0
2025-04-16,SKU006,13.0,84011.07,6462.39,0
2025-04-17,SKU006,20.0,129247.8,6462.39,0
2025-04-18,SKU006,14.0,90473.46,6462.39,0
2025-04-19,SKU006,9.0,58161.51,6462.39,0
2025-04-20,SKU006,10.0,64623.9,6462.39,0
2025-04-21,SKU006,9.0,58161.51,6462.39,0
2025-04-22,SKU006,13.0,84011.07,6462.39,0
2025-04-23,SKU006,6.0,38774.34,6462.39,0
2025-04-24,SKU006,14.0,90473.46,6462.39,0
2025-04-25,SKU006,11.0,71086.29,6462.39,0
2025-04-26,SKU006,7.0,45236.73,6462.39,0
2025-04-27,SKU006,7.0,45236.73,6462.39,0
2025-04-28,SKU006,11.0,71086.29,6462.39,0
2025-04-29,SKU006,7.0,45236.73,6462.39,0
2025-04-30,SKU006,8.0,51699.12,6462.39,0
2025-05-01,SKU006,16.0,103398.24,6462.39,0
2025-05-02,SKU006,13.0,84011.07,6462.39,0
2025-05-03,SKU006,15.0,96935.85,6462.39,0
2025-05-04,SKU006,12.0,77548.68,6462.39,0
2025-05-05,SKU006,15.0,96935.85,6462.39,0
2025-05-06,SKU006,12.0,77548.68,6462.39,0
2025-05-07,SKU006,6.0,38774.34,6462.39,0
2025-05-08,SKU006,15.0,96935.85,6462.39,0
2025-05-09,SKU006,16.0,103398.24,6462.39,0
2025-05-10,SKU006,17.0,109860.63,6462.39,0
2025-05-11,SKU006,11.0,71086.29,6462.39,0
2025-05-12,SKU006,15.0,96935.85,6462.39,0
2025-05-13,SKU006,13.0,84011.07,6462.39,0
2025-05-14,SKU006,13.0,84011.07,6462.39,0
2025-05-15,SKU006,8.0,51699.12,6462.39,0
2025-05-16,SKU006,18.0,116323.02,6462.39,0
2025-05-17,SKU006,11.0,71086.29,6462.39,0
2025-05-18,SKU006,16.0,103398.24,6462.39,0
2025-05-19,SKU006,8.0,51699.12,6462.39,0
2025-05-20,SKU006,12.0,77548.68,6462.39,0
2025-05-21,SKU006,13.0,84011.07,6462.39,0
2025-05-22,SKU006,14.0,90473.46,6462.39,0
2025-05-23,SKU006,18.0,116323.02,6462.39,0
2025-05-24,SKU006,22.0,142172.58,6462.39,0
2025-05-25,SKU006,17.0,109860.63,6462.39,0
2025-05-26,SKU006,10.0,64623.9,6462.39,0
2025-05-27,SKU006,8.0,51699.12,6462.39,0
2025-05-28,SKU006,6.0,38774.34,6462.39,0
2025-05-29,SKU006,13.0,84011.07,6462.39,0
2025-05-30,SKU006,20.0,129247.8,6462.39,0
2025-05-31,SKU006,13.0,84011.07,6462.39,0
2025-06-01,SKU006,12.0,77548.68,6462.39,0
2025-06-02,SKU006,5.0,32311.95,6462.39,0
2025-06-03,SKU006,18.0,116323.02,6462.39,0
2025-06-04,SKU006,14.0,90473.46,6462.39,0
2025-06-05,SKU006,14.0,90473.46,6462.39,0
2025-06-06,SKU006,13.0,84011.07,6462.39,0
2025-06-07,SKU006,16.0,103398.24,6462.39,0
2025-06-08,SKU006,25.0,161559.75,6462.39,0
2025-06-09,SKU006,9.0,58161.51,6462.39,0
2025-06-10,SKU006,9.0,53508.59,6462.39,1
2025-06-11,SKU006,20.0,118907.98,6462.39,1
2025-06-12,SKU006,23.0,136744.17,6462.39,1
2025-06-13,SKU006,22.0,130798.77,6462.39,1
2025-06-14,SKU006,17.0,101071.78,6462.39,1
2025-06-15,SKU006,15.0,89180.98,6462.39,1
2025-06-16,SKU006,10.0,59453.99,6462.39,1
2025-06-17,SKU006,13.0,77290.18,6462.39,1
2025-06-18,SKU006,21.0,124853.37,6462.39,1
2025-06-19,SKU006,32.0,190252.76,6462.39,1
2025-06-20,SKU006,18.0,107017.18,6462.39,1
2025-06-21,SKU006,18.0,116323.02,6462.39,0
2025-06-22,SKU006,11.0,71086.29,6462.39,0
2025-06-23,SKU006,16.0,103398.24,6462.39,0
2025-06-24,SKU006,11.0,71086.29,6462.39,0
2025-06-25,SKU006,13.0,84011.07,6462.39,0
2025-06-26,SKU006,7.0,45236.73,6462.39,0
2025-06-27,SKU006,20.0,129247.8,6462.39,0
2025-06-28,SKU006,14.0,90473.46,6462.39,0
2025-06-29,SKU006,14.0,90473.46,6462.39,0
2025-06-30,SKU006,17.0,109860.63,6462.39,0
2025-07-01,SKU006,13.0,84011.07,6462.39,0
2025-07-02,SKU006,16.0,103398.24,6462.39,0
2025-07-03,SKU006,15.0,96935.85,6462.39,0
2025-07-04,SKU006,9.0,58161.51,6462.39,0
2025-07-05,SKU006,17.0,109860.63,6462.39,0
2025-07-06,SKU006,12.0,77548.68,6462.39,0
2025-07-07,SKU006,13.0,84011.07,6462.39,0
2025-07-08,SKU006,11.0,71086.29,6462.39,0
2025-07-09,SKU006,15.0,96935.85,6462.39,0
2025-07-10,SKU006,13.0,84011.07,6462.39,0
2025-07-11,SKU006,21.0,135710.19,6462.39,0
2025-07-12,SKU006,20.0,129247.8,6462.39,0
2025-07-13,SKU006,10.0,64623.9,6462.39,0
2025-07-14,SKU006,15.0,96935.85,6462.39,0
2025-07-15,SKU006,10.0,64623.9,6462.39,0
2025-07-16,SKU006,15.0,96935.85,,0
2025-07-17,SKU006,12.0,77548.68,6462.39,0
2025-07-18,SKU006,13.0,84011.07,6462.39,0
2025-07-19,SKU006,8.0,51699.12,6462.39,0
2025-07-20,SKU006,4.0,25849.56,6462.39,0
2025-07-21,SKU006,9.0,58161.51,6462.39,0
2025-07-22,SKU006,5.0,32311.95,6462.39,0
2025-07-23,SKU006,15.0,96935.85,6462.39,0
2025-07-24,SKU006,20.0,129247.8,6462.39,0
2025-07-25,SKU006,17.0,109860.63,6462.39,0
2025-07-26,SKU006,12.0,77548.68,6462.39,0
2025-07-27,SKU006,14.0,90473.46,6462.39,0
2025-07-28,SKU006,19.0,122785.41,6462.39,0
2025-07-29,SKU006,2.0,12924.78,6462.39,0
2025-07-30,SKU006,13.0,84011.07,6462.39,0
2025-07-31,SKU006,11.0,71086.29,6462.39,0
2025-08-01,SKU006,14.0,90473.46,6462.39,0
2025-08-02,SKU006,23.0,148634.97,6462.39,0
2025-08-03,SKU006,15.0,96935.85,6462.39,0
2025-08-04,SKU006,16.0,103398.24,6462.39,0
2025-08-05,SKU006,15.0,96935.85,6462.39,0
2025-08-06,SKU006,22.0,142172.58,6462.39,0
2025-08-07,SKU006,10.0,64623.9,6462.39,0
2025-08-08,SKU006,18.0,116323.02,6462.39,0
2025-08-09,SKU006,11.0,71086.29,6462.39,0
2025-08-10,SKU006,11.0,71086.29,6462.39,0
2025-08-11,SKU006,13.0,84011.07,6462.39,0
2025-08-12,SKU006,11.0,71086.29,6462.39,0
2025-08-13,SKU006,9.0,58161.51,6462.39,0
2025-08-14,SKU006,11.0,71086.29,6462.39,0
2025-08-15,SKU006,14.0,90473.46,6462.39,0
2025-08-16,SKU006,17.0,109860.63,6462.39,0
2025-08-17,SKU006,15.0,96935.85,6462.39,0
2025-08-18,SKU006,9.0,58161.51,6462.39,0
2025-08-19,SKU006,6.0,38774.34,6462.39,0
2025-08-20,SKU006,11.0,71086.29,6462.39,0
2025-08-21,SKU006,17.0,109860.63,6462.39,0
2025-08-22,SKU006,12.0,77548.68,6462.39,0
2025-08-23,SKU006,12.0,77548.68,6462.39,0
2025-08-24,SKU006,13.0,84011.07,6462.39,0
2025-08-25,SKU006,13.0,84011.07,6462.39,0
2025-08-26,SKU006,13.0,84011.07,6462.39,0
2025-08-27,SKU006,12.0,77548.68,6462.39,0
2025-08-28,SKU006,11.0,71086.29,6462.39,0
2025-08-29,SKU006,22.0,142172.58,6462.39,0
2025-08-30,SKU006,16.0,103398.24,6462.39,0
2025-08-31,SKU006,10.0,64623.9,6462.39,0
2025-09-01,SKU006,8.0,51699.12,6462.39,0
2025-09-02,SKU006,7.0,45236.73,6462.39,0
2025-09-03,SKU006,17.0,109860.63,6462.39,0
2025-09-04,SKU006,10.0,64623.9,6462.39,0
2025-09-05,SKU006,13.0,84011.07,6462.39,0
2025-09-06,SKU006,11.0,71086.29,6462.39,0
2025-09-07,SKU006,14.0,90473.46,6462.39,0
2025-09-08,SKU006,13.0,84011.07,6462.39,0
2025-09-09,SKU006,15.0,96935.85,6462.39,0
2025-09-10,SKU006,6.0,38774.34,6462.39,0
2025-09-11,SKU006,13.0,84011.07,6462.39,0
2025-09-12,SKU006,17.0,109860.63,6462.39,0
2025-09-13,SKU006,11.0,71086.29,6462.39,0
2025-09-14,SKU006,16.0,103398.24,6462.39,0
2025-09-15,SKU006,18.0,116323.02,6462.39,0
2025-09-16,SKU006,16.0,103398.24,6462.39,0
2025-09-17,SKU006,9.0,58161.51,6462.39,0
2025-09-18,SKU006,14.0,90473.46,6462.39,0
2025-09-19,SKU006,14.0,90473.46,6462.39,0
2025-09-20,SKU006,18.0,116323.02,6462.39,0
2025-09-21,SKU006,14.0,90473.46,6462.39,0
2025-09-22,SKU006,11.0,71086.29,6462.39,0
2025-09-23,SKU006,10.0,64623.9,6462.39,0
2025-09-24,SKU006,8.0,51699.12,6462.39,0
2025-09-25,SKU006,7.0,45236.73,6462.39,0
2025-09-26,SKU006,10.0,64623.9,6462.39,0
2025-09-27,SKU006,20.0,129247.8,6462.39,0
2025-09-28,SKU006,16.0,103398.24,6462.39,0
2025-09-29,SKU006,5.0,32311.95,6462.39,0
2025-09-30,SKU006,10.0,64623.9,6462.39,0
2025-10-01,SKU006,12.0,71344.79,6462.39,1
2025-10-02,SKU006,14.0,83235.58,6462.39,1
2025-10-03,SKU006,15.0,89180.98,6462.39,1
2025-10-04,SKU006,17.0,101071.78,6462.39,1
2025-10-05,SKU006,14.0,83235.58,6462.39,1
2025-10-06,SKU006,13.0,77290.18,6462.39,1
2025-10-07,SKU006,21.0,124853.37,6462.39,1
2025-10-08,SKU006,12.0,71344.79,6462.39,1
2025-10-09,SKU006,14.0,83235.58,6462.39,1
2025-10-10,SKU006,12.0,71344.79,6462.39,1
2025-10-11,SKU006,13.0,84011.07,6462.39,0
2025-10-12,SKU006,3.0,19387.17,6462.39,0
2025-10-13,SKU006,18.0,116323.02,6462.39,0
2025-10-14,SKU006,12.0,77548.68,6462.39,0
2025-10-15,SKU006,7.0,45236.73,6462.39,0
2025-10-16,SKU006,8.0,51699.12,6462.39,0
2025-10-17,SKU006,9.0,58161.51,6462.39,0
2025-10-18,SKU006,24.0,155097.36,6462.39,0
2025-10-19,SKU006,16.0,103398.24,6462.39,0
2025-10-20,SKU006,13.0,84011.07,6462.39,0
2025-10-21,SKU006,17.0,109860.63,6462.39,0
2025-10-22,SKU006,15.0,96935.85,6462.39,0
2025-10-23,SKU006,12.0,77548.68,6462.39,0
2025-10-24,SKU006,16.0,103398.24,6462.39,0
2025-10-25,SKU006,12.0,77548.68,6462.39,0
2025-10-26,SKU006,14.0,90473.46,6462.39,0
2025-10-27,SKU006,16.0,103398.24,6462.39,0
2025-10-28,SKU006,15.0,96935.85,6462.39,0
2025-10-29,SKU006,15.0,96935.85,6462.39,0
2025-10-30,SKU006,18.0,116323.02,6462.39,0
2025-10-31,SKU006,20.0,129247.8,6462.39,0
2025-11-01,SKU006,14.0,90473.46,6462.39,0
2025-11-02,SKU006,13.0,84011.07,6462.39,0
2025-11-03,SKU006,10.0,64623.9,6462.39,0
2025-11-04,SKU006,9.0,58161.51,6462.39,0
2025-11-05,SKU006,15.0,96935.85,6462.39,0
2025-11-06,SKU006,14.0,90473.46,6462.39,0
2025-11-07,SKU006,14.0,90473.46,6462.39,0
2025-11-08,SKU006,18.0,116323.02,6462.39,0
2025-11-09,SKU006,8.0,51699.12,6462.39,0
2025-11-10,SKU006,11.0,71086.29,6462.39,0
2025-11-11,SKU006,8.0,51699.12,6462.39,0
2025-11-12,SKU006,8.0,51699.12,6462.39,0
2025-11-13,SKU006,12.0,77548.68,6462.39,0
2025-11-14,SKU006,20.0,129247.8,6462.39,0
2025-11-15,SKU006,14.0,90473.46,6462.39,0
2025-11-16,SKU006,8.0,51699.12,6462.39,0
2025-11-17,SKU006,20.0,129247.8,6462.39,0
2025-11-18,SKU006,8.0,51699.12,6462.39,0
2025-11-19,SKU006,6.0,38774.34,6462.39,0
2025-11-20,SKU006,12.0,71344.79,6462.39,1
2025-11-21,SKU006,13.0,77290.18,6462.39,1
2025-11-22,SKU006,13.0,77290.18,6462.39,1
2025-11-23,SKU006,24.0,142689.57,6462.39,1
2025-11-24,SKU006,12.0,71344.79,6462.39,1
2025-11-25,SKU006,17.0,101071.78,6462.39,1
2025-11-26,SKU006,19.0,112962.58,6462.39,1
2025-11-27,SKU006,18.0,107017.18,6462.39,1
2025-11-28,SKU006,14.0,83235.58,6462.39,1
2025-11-29,SKU006,18.0,107017.18,6462.39,1
2025-11-30,SKU006,13.0,77290.18,6462.39,1
2025-12-01,SKU006,11.0,71086.29,6462.39,0
2025-12-02,SKU006,6.0,38774.34,6462.39,0
2025-12-03,SKU006,12.0,77548.68,6462.39,0
2025-12-04,SKU006,13.0,84011.07,6462.39,0
2025-12-05,SKU006,13.0,84011.07,6462.39,0
2025-12-06,SKU006,10.0,64623.9,6462.39,0
2025-12-07,SKU006,11.0,71086.29,6462.39,0
2025-12-08,SKU006,15.0,96935.85,6462.39,0
2025-12-09,SKU006,14.0,90473.46,6462.39,0
2025-12-10,SKU006,18.0,116323.02,6462.39,0
2025-12-11,SKU006,9.0,58161.51,6462.39,0
2025-12-12,SKU006,13.0,84011.07,6462.39,0
2025-12-13,SKU006,22.0,142172.58,6462.39,0
2025-12-14,SKU006,9.0,58161.51,6462.39,0
2025-12-15,SKU006,7.0,41617.79,6462.39,1
2025-12-16,SKU006,25.0,148634.97,6462.39,1
2025-12-17,SKU006,19.0,112962.58,6462.39,1
2025-12-18,SKU006,24.0,142689.57,6462.39,1
2025-12-19,SKU006,17.0,101071.78,6462.39,1
2025-12-20,SKU006,12.0,71344.79,6462.39,1
2025-12-21,SKU006,23.0,136744.17,6462.39,1
2025-12-22,SKU006,18.0,107017.18,6462.39,1
2025-12-23,SKU006,19.0,112962.58,6462.39,1
2025-12-24,SKU006,26.0,154580.37,6462.39,1
2025-12-25,SKU006,23.0,136744.17,6462.39,1
2025-12-26,SKU006,20.0,118907.98,6462.39,1
2025-12-27,SKU006,25.0,148634.97,6462.39,1
2025-12-28,SKU006,20.0,118907.98,6462.39,1
2025-12-29,SKU006,10.0,59453.99,6462.39,1
2025-12-30,SKU006,21.0,124853.37,6462.39,1
2025-12-31,SKU006,24.0,142689.57,6462.39,1
2026-01-01,SKU006,16.0,103398.24,6462.39,0
2026-01-02,SKU006,8.0,51699.12,6462.39,0
2026-01-03,SKU006,14.0,90473.46,6462.39,0
2026-01-04,SKU006,11.0,71086.29,6462.39,0
2026-01-05,SKU006,15.0,96935.85,6462.39,0
2026-01-06,SKU006,13.0,84011.07,6462.39,0
2026-01-07,SKU006,12.0,77548.68,6462.39,0
2026-01-08,SKU006,11.0,71086.29,6462.39,0
2026-01-09,SKU006,14.0,90473.46,6462.39,0
2026-01-10,SKU006,15.0,96935.85,6462.39,0
2026-01-11,SKU006,18.0,116323.02,6462.39,0
2026-01-12,SKU006,14.0,90473.46,6462.39,0
2026-01-13,SKU006,18.0,116323.02,6462.39,0
2026-01-14,SKU006,8.0,51699.12,6462.39,0
2026-01-15,SKU006,11.0,71086.29,6462.39,0
2026-01-16,SKU006,15.0,96935.85,6462.39,0
2026-01-17,SKU006,17.0,109860.63,6462.39,0
2026-01-18,SKU006,12.0,77548.68,6462.39,0
2026-01-19,SKU006,9.0,58161.51,6462.39,0
2026-01-20,SKU006,17.0,109860.63,6462.39,0
2026-01-21,SKU006,12.0,77548.68,6462.39,0
2026-01-22,SKU006,16.0,103398.24,6462.39,0
2026-01-23,SKU006,18.0,116323.02,6462.39,0
2026-01-24,SKU006,21.0,135710.19,6462.39,0
2026-01-25,SKU006,7.0,45236.73,6462.39,0
2026-01-26,SKU006,15.0,96935.85,6462.39,0
2026-01-27,SKU006,12.0,77548.68,6462.39,0
2026-01-28,SKU006,15.0,96935.85,6462.39,0
2026-01-29,SKU006,20.0,129247.8,6462.39,0
2026-01-30,SKU006,14.0,90473.46,6462.39,0
2026-01-31,SKU006,20.0,129247.8,6462.39,0
2026-02-01,SKU006,16.0,103398.24,6462.39,0
2026-02-02,SKU006,11.0,71086.29,6462.39,0
2026-02-03,SKU006,17.0,109860.63,6462.39,0
2026-02-04,SKU006,13.0,84011.07,6462.39,0
2026-02-05,SKU006,14.0,90473.46,6462.39,0
2026-02-06,SKU006,11.0,71086.29,6462.39,0
2026-02-07,SKU006,16.0,103398.24,6462.39,0
2026-02-08,SKU006,9.0,58161.51,6462.39,0
2026-02-09,SKU006,14.0,90473.46,6462.39,0
2026-02-10,SKU006,9.0,58161.51,6462.39,0
2026-02-11,SKU006,12.0,77548.68,6462.39,0
2026-02-12,SKU006,13.0,84011.07,6462.39,0
2026-02-13,SKU006,14.0,90473.46,6462.39,0
2026-02-14,SKU006,14.0,90473.46,6462.39,0
2026-02-15,SKU006,12.0,77548.68,6462.39,0
2026-02-16,SKU006,11.0,71086.29,6462.39,0
2026-02-17,SKU006,13.0,84011.07,6462.39,0
2026-02-18,SKU006,19.0,122785.41,6462.39,0
2026-02-19,SKU006,19.0,122785.41,6462.39,0
2026-02-20,SKU006,10.0,64623.9,6462.39,0
2026-02-21,SKU006,8.0,51699.12,6462.39,0
2026-02-22,SKU006,21.0,135710.19,6462.39,0
2026-02-23,SKU006,11.0,71086.29,6462.39,0
2026-02-24,SKU006,8.0,51699.12,6462.39,0
2026-02-25,SKU006,15.0,96935.85,6462.39,0
2026-02-26,SKU006,14.0,90473.46,6462.39,0
2026-02-27,SKU006,17.0,109860.63,6462.39,0
2026-02-28,SKU006,16.0,103398.24,6462.39,0
2026-03-01,SKU006,14.0,90473.46,6462.39,0
2026-03-02,SKU006,8.0,51699.12,6462.39,0
2026-03-03,SKU006,13.0,84011.07,6462.39,0
2026-03-04,SKU006,15.0,96935.85,6462.39,0
2026-03-05,SKU006,20.0,129247.8,6462.39,0
2026-03-06,SKU006,19.0,122785.41,6462.39,0
2026-03-07,SKU006,11.0,71086.29,6462.39,0
2026-03-08,SKU006,18.0,116323.02,6462.39,0
2026-03-09,SKU006,12.0,77548.68,6462.39,0
2026-03-10,SKU006,13.0,84011.07,6462.39,0
2026-03-11,SKU006,8.0,51699.12,6462.39,0
2026-03-12,SKU006,12.0,77548.68,6462.39,0
2026-03-13,SKU006,11.0,71086.29,6462.39,0
2026-03-14,SKU006,15.0,96935.85,6462.39,0
2026-03-15,SKU006,17.0,101071.78,6462.39,1
2026-03-16,SKU006,15.0,89180.98,6462.39,1
2026-03-17,SKU006,16.0,95126.38,6462.39,1
2026-03-18,SKU006,23.0,136744.17,6462.39,1
2026-03-19,SKU006,17.0,101071.78,6462.39,1
2026-03-20,SKU006,21.0,124853.37,6462.39,1
2026-03-21,SKU006,25.0,148634.97,6462.39,1
2026-03-22,SKU006,6.0,35672.39,6462.39,1
2026-03-23,SKU006,15.0,89180.98,6462.39,1
2026-03-24,SKU006,23.0,136744.17,6462.39,1
2026-03-25,SKU006,19.0,112962.58,6462.39,1
2026-03-26,SKU006,14.0,90473.46,6462.39,0
2026-03-27,SKU006,16.0,103398.24,6462.39,0
2026-03-28,SKU006,10.0,64623.9,6462.39,0
2026-03-29,SKU006,12.0,77548.68,6462.39,0
2026-03-30,SKU006,13.0,84011.07,6462.39,0
2026-03-31,SKU006,9.0,58161.51,6462.39,0
2026-04-01,SKU006,13.0,84011.07,6462.39,0
2026-04-02,SKU006,14.0,90473.46,6462.39,0
2026-04-03,SKU006,29.0,187409.31,6462.39,0
2026-04-04,SKU006,18.0,116323.02,6462.39,0
2026-04-05,SKU006,9.0,58161.51,6462.39,0
2026-04-06,SKU006,8.0,51699.12,6462.39,0
2026-04-07,SKU006,,71086.29,6462.39,0
2026-04-08,SKU006,22.0,142172.58,6462.39,0
2026-04-09,SKU006,10.0,64623.9,6462.39,0
2026-04-10,SKU006,17.0,109860.63,6462.39,0
2026-04-11,SKU006,14.0,90473.46,6462.39,0
2026-04-12,SKU006,9.0,58161.51,6462.39,0
2026-04-13,SKU006,14.0,90473.46,6462.39,0
2026-04-14,SKU006,13.0,84011.07,6462.39,0
2026-04-15,SKU006,7.0,45236.73,6462.39,0
2026-04-16,SKU006,19.0,122785.41,6462.39,0
2026-04-17,SKU006,17.0,109860.63,6462.39,0
2026-04-18,SKU006,20.0,129247.8,6462.39,0
2026-04-19,SKU006,8.0,51699.12,6462.39,0
2026-04-20,SKU006,15.0,96935.85,6462.39,0
2026-04-21,SKU006,14.0,90473.46,6462.39,0
2026-04-22,SKU006,7.0,45236.73,6462.39,0
2026-04-23,SKU006,19.0,122785.41,6462.39,0
2026-04-24,SKU006,21.0,135710.19,6462.39,0
2026-04-25,SKU006,11.0,71086.29,6462.39,0
2026-04-26,SKU006,12.0,77548.68,6462.39,0
2026-04-27,SKU006,15.0,96935.85,6462.39,0
2026-04-28,SKU006,20.0,129247.8,6462.39,0
2026-04-29,SKU006,20.0,129247.8,6462.39,0
2026-04-30,SKU006,9.0,58161.51,6462.39,0
2026-05-01,SKU006,13.0,84011.07,6462.39,0
2026-05-02,SKU006,21.0,135710.19,6462.39,0
2026-05-03,SKU006,15.0,96935.85,6462.39,0
2026-05-04,SKU006,15.0,96935.85,6462.39,0
2026-05-05,SKU006,14.0,90473.46,6462.39,0
2026-05-06,SKU006,16.0,103398.24,6462.39,0
2026-05-07,SKU006,20.0,129247.8,6462.39,0
2026-05-08,SKU006,12.0,77548.68,6462.39,0
2026-05-09,SKU006,19.0,122785.41,6462.39,0
2026-05-10,SKU006,13.0,84011.07,6462.39,0
2026-05-11,SKU006,11.0,71086.29,6462.39,0
2026-05-12,SKU006,6.0,38774.34,6462.39,0
2026-05-13,SKU006,15.0,96935.85,6462.39,0
2026-05-14,SKU006,14.0,90473.46,6462.39,0
2026-05-15,SKU006,14.0,90473.46,6462.39,0
2026-05-16,SKU006,21.0,135710.19,6462.39,0
2026-05-17,SKU006,20.0,129247.8,6462.39,0
2026-05-18,SKU006,11.0,71086.29,6462.39,0
2026-05-19,SKU006,11.0,71086.29,6462.39,0
2026-05-20,SKU006,19.0,122785.41,6462.39,0
2026-05-21,SKU006,12.0,77548.68,6462.39,0
2026-05-22,SKU006,19.0,122785.41,6462.39,0
2026-05-23,SKU006,11.0,71086.29,6462.39,0
2026-05-24,SKU006,12.0,77548.68,6462.39,0
2026-05-25,SKU006,14.0,90473.46,6462.39,0
2026-05-26,SKU006,23.0,148634.97,6462.39,0
2026-05-27,SKU006,15.0,96935.85,6462.39,0
2026-05-28,SKU006,11.0,71086.29,6462.39,0
2026-05-29,SKU006,20.0,129247.8,6462.39,0
2026-05-30,SKU006,8.0,51699.12,6462.39,0
2026-05-31,SKU006,15.0,96935.85,6462.39,0
2026-06-01,SKU006,15.0,96935.85,6462.39,0
2026-06-02,SKU006,17.0,109860.63,6462.39,0
2026-06-03,SKU006,17.0,109860.63,6462.39,0
2026-06-04,SKU006,13.0,84011.07,6462.39,0
2026-06-05,SKU006,12.0,77548.68,6462.39,0
2026-06-06,SKU006,24.0,155097.36,6462.39,0
2026-06-07,SKU006,23.0,148634.97,6462.39,0
2026-06-08,SKU006,12.0,77548.68,6462.39,0
2026-06-09,SKU006,18.0,116323.02,6462.39,0
2026-06-10,SKU006,18.0,107017.18,6462.39,1
2026-06-11,SKU006,15.0,89180.98,6462.39,1
2026-06-12,SKU006,23.0,136744.17,6462.39,1
2026-06-13,SKU006,16.0,95126.38,6462.39,1
2026-06-14,SKU006,17.0,101071.78,6462.39,1
2026-06-15,SKU006,15.0,89180.98,6462.39,1
2026-06-16,SKU006,18.0,107017.18,6462.39,1
2026-06-17,SKU006,36.0,214034.36,6462.39,1
2026-06-18,SKU006,25.0,148634.97,6462.39,1
2026-06-19,SKU006,16.0,95126.38,6462.39,1
2026-06-20,SKU006,25.0,148634.97,6462.39,1
2026-06-21,SKU006,18.0,116323.02,6462.39,0
2026-06-22,SKU006,18.0,116323.02,6462.39,0
2026-06-23,SKU006,8.0,51699.12,6462.39,0
2026-06-24,SKU006,21.0,135710.19,6462.39,0
2026-06-25,SKU006,15.0,96935.85,6462.39,0
2026-06-26,SKU006,19.0,122785.41,6462.39,0
2026-06-27,SKU006,11.0,71086.29,6462.39,0
2026-06-28,SKU006,10.0,64623.9,6462.39,0
2026-06-29,SKU006,13.0,84011.07,6462.39,0
2026-06-30,SKU006,21.0,135710.19,6462.39,0
2025-01-01,SKU007,72.0,269102.88,3737.54,0
2025-01-02,SKU007,91.0,340116.14,3737.54,0
2025-01-03,SKU007,74.0,276577.96,3737.54,0
2025-01-04,SKU007,89.0,332641.06,3737.54,0
2025-01-05,SKU007,81.0,302740.74,3737.54,0
2025-01-06,SKU007,86.0,321428.44,3737.54,0
2025-01-07,SKU007,69.0,257890.26,3737.54,0
2025-01-08,SKU007,66.0,246677.64,3737.54,0
2025-01-09,SKU007,82.0,306478.28,3737.54,0
2025-01-10,SKU007,,443571.25,3737.54,1
2025-01-11,SKU007,121.0,416062.95,3737.54,1
2025-01-12,SKU007,123.0,422940.03,3737.54,1
2025-01-13,SKU007,108.0,371361.97,3737.54,1
2025-01-14,SKU007,105.0,361046.36,3737.54,1
2025-01-15,SKU007,138.0,474518.08,3737.54,1
2025-01-16,SKU007,55.0,205564.7,3737.54,0
2025-01-17,SKU007,106.0,396179.24,3737.54,0
2025-01-18,SKU007,72.0,269102.88,3737.54,0
2025-01-19,SKU007,73.0,272840.42,3737.54,0
2025-01-20,SKU007,,220514.86,3737.54,0
2025-01-21,SKU007,66.0,246677.64,3737.54,0
2025-01-22,SKU007,104.0,388704.16,3737.54,0
2025-01-23,SKU007,90.0,336378.6,3737.54,0
2025-01-24,SKU007,110.0,411129.4,3737.54,0
2025-01-25,SKU007,92.0,343853.68,3737.54,0
2025-01-26,SKU007,95.0,355066.3,3737.54,0
2025-01-27,SKU007,76.0,284053.04,3737.54,0
2025-01-28,SKU007,52.0,194352.08,3737.54,0
2025-01-29,SKU007,73.0,272840.42,3737.54,0
2025-01-30,SKU007,72.0,269102.88,3737.54,0
2025-01-31,SKU007,51.0,190614.54,3737.54,0
2025-02-01,SKU007,113.0,422342.02,3737.54,0
2025-02-02,SKU007,94.0,351328.76,3737.54,0
2025-02-03,SKU007,56.0,209302.24,3737.54,0
2025-02-04,SKU007,76.0,284053.04,3737.54,0
2025-02-05,SKU007,108.0,403654.32,3737.54,0
2025-02-06,SKU007,66.0,246677.64,3737.54,0
2025-02-07,SKU007,91.0,340116.14,3737.54,0
2025-02-08,SKU007,67.0,250415.18,3737.54,0
2025-02-09,SKU007,87.0,325165.98,3737.54,0
2025-02-10,SKU007,88.0,328903.52,3737.54,0
2025-02-11,SKU007,89.0,332641.06,3737.54,0
2025-02-12,SKU007,80.0,299003.2,3737.54,0
2025-02-13,SKU007,104.0,388704.16,3737.54,0
2025-02-14,SKU007,92.0,343853.68,3737.54,0
2025-02-15,SKU007,81.0,302740.74,3737.54,0
2025-02-16,SKU007,87.0,325165.98,3737.54,0
2025-02-17,SKU007,64.0,239202.56,3737.54,0
2025-02-18,SKU007,96.0,358803.84,3737.54,0
2025-02-19,SKU007,61.0,227989.94,3737.54,0
2025-02-20,SKU007,87.0,325165.98,3737.54,0
2025-02-21,SKU007,81.0,302740.74,3737.54,0
2025-02-22,SKU007,92.0,343853.68,3737.54,0
2025-02-23,SKU007,88.0,328903.52,3737.54,0
2025-02-24,SKU007,79.0,295265.66,3737.54,0
2025-02-25,SKU007,97.0,362541.38,3737.54,0
2025-02-26,SKU007,74.0,276577.96,3737.54,0
2025-02-27,SKU007,63.0,235465.02,3737.54,0
2025-02-28,SKU007,89.0,332641.06,3737.54,0
2025-03-01,SKU007,81.0,302740.74,3737.54,0
2025-03-02,SKU007,64.0,239202.56,3737.54,0
2025-03-03,SKU007,46.0,171926.84,3737.54,0
2025-03-04,SKU007,86.0,321428.44,3737.54,0
2025-03-05,SKU007,77.0,287790.58,3737.54,0
2025-03-06,SKU007,87.0,325165.98,3737.54,0
2025-03-07,SKU007,,388704.16,3737.54,0
2025-03-08,SKU007,77.0,287790.58,3737.54,0
2025-03-09,SKU007,66.0,246677.64,3737.54,0
2025-03-10,SKU007,64.0,239202.56,3737.54,0
2025-03-11,SKU007,67.0,250415.18,3737.54,0
2025-03-12,SKU007,106.0,396179.24,3737.54,0
2025-03-13,SKU007,87.0,325165.98,3737.54,0
2025-03-14,SKU007,95.0,355066.3,3737.54,0
2025-03-15,SKU007,84.0,313953.36,3737.54,0
2025-03-16,SKU007,87.0,325165.98,3737.54,0
2025-03-17,SKU007,62.0,231727.48,3737.54,0
2025-03-18,SKU007,59.0,220514.86,3737.54,0
2025-03-19,SKU007,74.0,276577.96,3737.54,0
2025-03-20,SKU007,85.0,292275.63,3737.54,1
2025-03-21,SKU007,147.0,505464.91,3737.54,1
2025-03-22,SKU007,96.0,330099.53,3737.54,1
2025-03-23,SKU007,93.0,319783.92,3737.54,1
2025-03-24,SKU007,97.0,333538.07,3737.54,1
2025-03-25,SKU007,98.0,336976.61,3737.54,1
2025-03-26,SKU007,80.0,275082.94,3737.54,1
2025-03-27,SKU007,118.0,405747.34,3737.54,1
2025-03-28,SKU007,67.0,250415.18,3737.54,0
2025-03-29,SKU007,54.0,201827.16,3737.54,0
2025-03-30,SKU007,94.0,351328.76,3737.54,0
2025-03-31,SKU007,78.0,291528.12,3737.54,0
2025-04-01,SKU007,82.0,306478.28,3737.54,0
2025-04-02,SKU007,76.0,284053.04,3737.54,0
2025-04-03,SKU007,63.0,235465.02,3737.54,0
2025-04-04,SKU007,84.0,313953.36,3737.54,0
2025-04-05,SKU007,89.0,332641.06,3737.54,0
2025-04-06,SKU007,39.0,145764.06,3737.54,0
2025-04-07,SKU007,60.0,224252.4,3737.54,0
2025-04-08,SKU007,67.0,250415.18,3737.54,0
2025-04-09,SKU007,74.0,276577.96,3737.54,0
2025-04-10,SKU007,76.0,284053.04,3737.54,0
2025-04-11,SKU007,93.0,347591.22,3737.54,0
2025-04-12,SKU007,85.0,317690.9,3737.54,0
2025-04-13,SKU007,67.0,250415.18,3737.54,0
2025-04-14,SKU007,57.0,213039.78,3737.54,0
2025-04-15,SKU007,75.0,280315.5,3737.54,0
2025-04-16,SKU007,55.0,205564.7,3737.54,0
2025-04-17,SKU007,89.0,332641.06,3737.54,0
2025-04-18,SKU007,94.0,351328.76,3737.54,0
2025-04-19,SKU007,95.0,355066.3,3737.54,0
2025-04-20,SKU007,,175664.38,3737.54,0
2025-04-21,SKU007,70.0,261627.8,3737.54,0
2025-04-22,SKU007,59.0,220514.86,3737.54,0
2025-04-23,SKU007,71.0,265365.34,3737.54,0
2025-04-24,SKU007,46.0,171926.84,3737.54,0
2025-04-25,SKU007,86.0,321428.44,3737.54,0
2025-04-26,SKU007,98.0,366278.92,3737.54,0
2025-04-27,SKU007,66.0,246677.64,3737.54,0
2025-04-28,SKU007,63.0,235465.02,3737.54,0
2025-04-29,SKU007,95.0,355066.3,3737.54,0
2025-04-30,SKU007,70.0,261627.8,3737.54,0
2025-05-01,SKU007,,295265.66,3737.54,0
2025-05-02,SKU007,98.0,366278.92,3737.54,0
2025-05-03,SKU007,86.0,321428.44,3737.54,0
2025-05-04,SKU007,64.0,239202.56,3737.54,0
2025-05-05,SKU007,61.0,227989.94,3737.54,0
2025-05-06,SKU007,84.0,313953.36,3737.54,0
2025-05-07,SKU007,73.0,272840.42,3737.54,0
2025-05-08,SKU007,84.0,313953.36,3737.54,0
2025-05-09,SKU007,74.0,276577.96,3737.54,0
2025-05-10,SKU007,89.0,332641.06,3737.54,0
2025-05-11,SKU007,81.0,302740.74,3737.54,0
2025-05-12,SKU007,91.0,340116.14,3737.54,0
2025-05-13,SKU007,66.0,246677.64,3737.54,0
2025-05-14,SKU007,53.0,198089.62,3737.54,0
2025-05-15,SKU007,73.0,272840.42,3737.54,0
2025-05-16,SKU007,83.0,310215.82,3737.54,0
2025-05-17,SKU007,77.0,287790.58,3737.54,0
2025-05-18,SKU007,59.0,220514.86,3737.54,0
2025-05-19,SKU007,49.0,183139.46,3737.54,0
2025-05-20,SKU007,52.0,194352.08,3737.54,0
2025-05-21,SKU007,59.0,220514.86,3737.54,0
2025-05-22,SKU007,70.0,261627.8,3737.54,0
2025-05-23,SKU007,89.0,332641.06,3737.54,0
2025-05-24,SKU007,109.0,407391.86,3737.54,0
2025-05-25,SKU007,70.0,261627.8,3737.54,0
2025-05-26,SKU007,47.0,175664.38,3737.54,0
2025-05-27,SKU007,74.0,276577.96,3737.54,0
2025-05-28,SKU007,73.0,272840.42,3737.54,0
2025-05-29,SKU007,79.0,295265.66,3737.54,0
2025-05-30,SKU007,82.0,306478.28,3737.54,0
2025-05-31,SKU007,94.0,351328.76,3737.54,0
2025-06-01,SKU007,78.0,291528.12,3737.54,0
2025-06-02,SKU007,65.0,242940.1,3737.54,0
2025-06-03,SKU007,97.0,362541.38,3737.54,0
2025-06-04,SKU007,63.0,235465.02,3737.54,0
2025-06-05,SKU007,77.0,287790.58,3737.54,0
2025-06-06,SKU007,87.0,325165.98,3737.54,0
2025-06-07,SKU007,81.0,302740.74,3737.54,0
2025-06-08,SKU007,76.0,284053.04,3737.54,0
2025-06-09,SKU007,74.0,276577.96,3737.54,0
2025-06-10,SKU007,137.0,471079.54,3737.54,1
2025-06-11,SKU007,117.0,402308.81,3737.54,1
2025-06-12,SKU007,123.0,422940.03,3737.54,1
2025-06-13,SKU007,97.0,333538.07,3737.54,1
2025-06-14,SKU007,136.0,467641.0,3737.54,1
2025-06-15,SKU007,121.0,416062.95,3737.54,1
2025-06-16,SKU007,109.0,374800.51,3737.54,1
2025-06-17,SKU007,124.0,426378.56,3737.54,1
2025-06-18,SKU007,122.0,419501.49,3737.54,1
2025-06-19,SKU007,109.0,374800.51,3737.54,1
2025-06-20,SKU007,128.0,440132.71,3737.54,1
2025-06-21,SKU007,137.0,512042.98,3737.54,0
2025-06-22,SKU007,80.0,299003.2,3737.54,0
2025-06-23,SKU007,68.0,254152.72,3737.54,0
2025-06-24,SKU007,94.0,351328.76,3737.54,0
2025-06-25,SKU007,87.0,325165.98,3737.54,0
2025-06-26,SKU007,77.0,287790.58,3737.54,0
2025-06-27,SKU007,113.0,422342.02,3737.54,0
2025-06-28,SKU007,84.0,313953.36,3737.54,0
2025-06-29,SKU007,100.0,373754.0,3737.54,0
2025-06-30,SKU007,73.0,272840.42,3737.54,0
2025-07-01,SKU007,89.0,332641.06,3737.54,0
2025-07-02,SKU007,111.0,414866.94,3737.54,0
2025-07-03,SKU007,71.0,265365.34,3737.54,0
2025-07-04,SKU007,103.0,384966.62,3737.54,0
2025-07-05,SKU007,99.0,370016.46,3737.54,0
2025-07-06,SKU007,97.0,362541.38,3737.54,0
2025-07-07,SKU007,50.0,186877.0,3737.54,0
2025-07-08,SKU007,69.0,257890.26,3737.54,0
2025-07-09,SKU007,89.0,332641.06,3737.54,0
2025-07-10,SKU007,94.0,351328.76,3737.54,0
2025-07-11,SKU007,103.0,384966.62,3737.54,0
2025-07-12,SKU007,79.0,295265.66,3737.54,0
2025-07-13,SKU007,59.0,220514.86,3737.54,0
2025-07-14,SKU007,75.0,280315.5,3737.54,0
2025-07-15,SKU007,75.0,280315.5,3737.54,0
2025-07-16,SKU007,103.0,384966.62,3737.54,0
2025-07-17,SKU007,65.0,242940.1,3737.54,0
2025-07-18,SKU007,102.0,381229.08,3737.54,0
2025-07-19,SKU007,94.0,351328.76,3737.54,0
2025-07-20,SKU007,99.0,370016.46,3737.54,0
2025-07-21,SKU007,72.0,269102.88,3737.54,0
2025-07-22,SKU007,90.0,336378.6,3737.54,0
2025-07-23,SKU007,73.0,272840.42,3737.54,0
2025-07-24,SKU007,85.0,317690.9,3737.54,0
2025-07-25,SKU007,88.0,328903.52,3737.54,0
2025-07-26,SKU007,135.0,504567.9,3737.54,0
2025-07-27,SKU007,87.0,325165.98,3737.54,0
2025-07-28,SKU007,79.0,295265.66,3737.54,0
2025-07-29,SKU007,79.0,295265.66,3737.54,0
2025-07-30,SKU007,58.0,216777.32,3737.54,0
2025-07-31,SKU007,102.0,381229.08,3737.54,0
2025-08-01,SKU007,98.0,366278.92,3737.54,0
2025-08-02,SKU007,94.0,351328.76,3737.54,0
2025-08-03,SKU007,104.0,388704.16,3737.54,0
2025-08-04,SKU007,48.0,179401.92,3737.54,0
2025-08-05,SKU007,91.0,340116.14,3737.54,0
2025-08-06,SKU007,112.0,418604.48,3737.54,0
2025-08-07,SKU007,86.0,321428.44,3737.54,0
2025-08-08,SKU007,94.0,351328.76,3737.54,0
2025-08-09,SKU007,93.0,347591.22,3737.54,0
2025-08-10,SKU007,86.0,321428.44,3737.54,0
2025-08-11,SKU007,77.0,287790.58,3737.54,0
2025-08-12,SKU007,81.0,302740.74,3737.54,0
2025-08-13,SKU007,82.0,306478.28,3737.54,0
2025-08-14,SKU007,91.0,340116.14,3737.54,0
2025-08-15,SKU007,117.0,437292.18,3737.54,0
2025-08-16,SKU007,84.0,313953.36,3737.54,0
2025-08-17,SKU007,91.0,340116.14,3737.54,0
2025-08-18,SKU007,92.0,343853.68,3737.54,0
2025-08-19,SKU007,75.0,280315.5,3737.54,0
2025-08-20,SKU007,75.0,280315.5,3737.54,0
2025-08-21,SKU007,93.0,347591.22,3737.54,0
2025-08-22,SKU007,116.0,433554.64,3737.54,0
2025-08-23,SKU007,91.0,340116.14,3737.54,0
2025-08-24,SKU007,88.0,328903.52,3737.54,0
2025-08-25,SKU007,86.0,321428.44,3737.54,0
2025-08-26,SKU007,75.0,280315.5,3737.54,0
2025-08-27,SKU007,80.0,299003.2,3737.54,0
2025-08-28,SKU007,68.0,254152.72,3737.54,0
2025-08-29,SKU007,87.0,325165.98,3737.54,0
2025-08-30,SKU007,79.0,295265.66,3737.54,0
2025-08-31,SKU007,99.0,370016.46,3737.54,0
2025-09-01,SKU007,91.0,340116.14,3737.54,0
2025-09-02,SKU007,87.0,325165.98,3737.54,0
2025-09-03,SKU007,86.0,321428.44,3737.54,0
2025-09-04,SKU007,80.0,299003.2,3737.54,0
2025-09-05,SKU007,86.0,321428.44,3737.54,0
2025-09-06,SKU007,62.0,231727.48,3737.54,0
2025-09-07,SKU007,65.0,242940.1,3737.54,0
2025-09-08,SKU007,66.0,246677.64,3737.54,0
2025-09-09,SKU007,69.0,257890.26,3737.54,0
2025-09-10,SKU007,77.0,287790.58,3737.54,0
2025-09-11,SKU007,92.0,343853.68,3737.54,0
2025-09-12,SKU007,102.0,381229.08,3737.54,0
2025-09-13,SKU007,80.0,299003.2,3737.54,0
2025-09-14,SKU007,69.0,257890.26,3737.54,0
2025-09-15,SKU007,59.0,220514.86,3737.54,0
2025-09-16,SKU007,86.0,321428.44,3737.54,0
2025-09-17,SKU007,70.0,261627.8,3737.54,0
2025-09-18,SKU007,56.0,209302.24,3737.54,0
2025-09-19,SKU007,88.0,328903.52,3737.54,0
2025-09-20,SKU007,105.0,392441.7,3737.54,0
2025-09-21,SKU007,77.0,287790.58,3737.54,0
2025-09-22,SKU007,79.0,295265.66,3737.54,0
2025-09-23,SKU007,55.0,205564.7,3737.54,0
2025-09-24,SKU007,71.0,265365.34,3737.54,0
2025-09-25,SKU007,81.0,302740.74,3737.54,0
2025-09-26,SKU007,76.0,284053.04,3737.54,0
2025-09-27,SKU007,78.0,291528.12,3737.54,0
2025-09-28,SKU007,99.0,370016.46,3737.54,0
2025-09-29,SKU007,70.0,261627.8,3737.54,0
2025-09-30,SKU007,79.0,295265.66,3737.54,0
2025-10-01,SKU007,127.0,436694.17,3737.54,1
2025-10-02,SKU007,139.0,477956.62,3737.54,1
2025-10-03,SKU007,146.0,502026.37,3737.54,1
2025-10-04,SKU007,130.0,447009.78,3737.54,1
2025-10-05,SKU007,114.0,391993.2,3737.54,1
2025-10-06,SKU007,103.0,354169.29,3737.54,1
2025-10-07,SKU007,104.0,357607.83,3737.54,1
2025-10-08,SKU007,100.0,343853.68,3737.54,1
2025-10-09,SKU007,117.0,402308.81,3737.54,1
2025-10-10,SKU007,129.0,443571.25,3737.54,1
2025-10-11,SKU007,94.0,351328.76,3737.54,0
2025-10-12,SKU007,88.0,328903.52,3737.54,0
2025-10-13,SKU007,72.0,269102.88,3737.54,0
2025-10-14,SKU007,53.0,198089.62,3737.54,0
2025-10-15,SKU007,90.0,336378.6,3737.54,0
2025-10-16,SKU007,67.0,250415.18,3737.54,0
2025-10-17,SKU007,82.0,306478.28,3737.54,0
2025-10-18,SKU007,74.0,276577.96,3737.54,0
2025-10-19,SKU007,72.0,269102.88,3737.54,0
2025-10-20,SKU007,62.0,231727.48,3737.54,0
2025-10-21,SKU007,74.0,276577.96,3737.54,0
2025-10-22,SKU007,60.0,224252.4,3737.54,0
2025-10-23,SKU007,72.0,269102.88,3737.54,0
2025-10-24,SKU007,97.0,362541.38,3737.54,0
2025-10-25,SKU007,88.0,328903.52,3737.54,0
2025-10-26,SKU007,73.0,272840.42,3737.54,0
2025-10-27,SKU007,61.0,227989.94,3737.54,0
2025-10-28,SKU007,73.0,272840.42,3737.54,0
2025-10-29,SKU007,76.0,284053.04,3737.54,0
2025-10-30,SKU007,64.0,239202.56,3737.54,0
2025-10-31,SKU007,83.0,310215.82,3737.54,0
2025-11-01,SKU007,132.0,493355.28,3737.54,0
2025-11-02,SKU007,78.0,291528.12,3737.54,0
2025-11-03,SKU007,61.0,227989.94,3737.54,0
2025-11-04,SKU007,61.0,227989.94,3737.54,0
2025-11-05,SKU007,78.0,291528.12,3737.54,0
2025-11-06,SKU007,58.0,216777.32,3737.54,0
2025-11-07,SKU007,85.0,317690.9,3737.54,0
2025-11-08,SKU007,101.0,377491.54,3737.54,0
2025-11-09,SKU007,72.0,269102.88,3737.54,0
2025-11-10,SKU007,74.0,276577.96,3737.54,0
2025-11-11,SKU007,77.0,287790.58,3737.54,0
2025-11-12,SKU007,72.0,269102.88,3737.54,0
2025-11-13,SKU007,78.0,291528.12,3737.54,0
2025-11-14,SKU007,84.0,313953.36,3737.54,0
2025-11-15,SKU007,73.0,272840.42,3737.54,0
2025-11-16,SKU007,109.0,407391.86,3737.54,0
2025-11-17,SKU007,60.0,224252.4,3737.54,0
2025-11-18,SKU007,81.0,302740.74,3737.54,0
2025-11-19,SKU007,88.0,328903.52,3737.54,0
2025-11-20,SKU007,101.0,347292.22,3737.54,1
2025-11-21,SKU007,137.0,471079.54,3737.54,1
2025-11-22,SKU007,142.0,488272.23,3737.54,1
2025-11-23,SKU007,107.0,367923.44,3737.54,1
2025-11-24,SKU007,112.0,385116.12,3737.54,1
2025-11-25,SKU007,135.0,464202.47,3737.54,1
2025-11-26,SKU007,99.0,340415.14,3737.54,1
2025-11-27,SKU007,103.0,354169.29,3737.54,1
2025-11-28,SKU007,139.0,477956.62,3737.54,1
2025-11-29,SKU007,135.0,464202.47,3737.54,1
2025-11-30,SKU007,107.0,367923.44,3737.54,1
2025-12-01,SKU007,74.0,276577.96,3737.54,0
2025-12-02,SKU007,100.0,373754.0,3737.54,0
2025-12-03,SKU007,77.0,287790.58,3737.54,0
2025-12-04,SKU007,100.0,373754.0,3737.54,0
2025-12-05,SKU007,74.0,276577.96,3737.54,0
2025-12-06,SKU007,106.0,396179.24,3737.54,0
2025-12-07,SKU007,87.0,325165.98,3737.54,0
2025-12-08,SKU007,75.0,280315.5,3737.54,0
2025-12-09,SKU007,153.0,571843.62,3737.54,0
2025-12-10,SKU007,110.0,411129.4,3737.54,0
2025-12-11,SKU007,63.0,235465.02,3737.54,0
2025-12-12,SKU007,103.0,384966.62,3737.54,0
2025-12-13,SKU007,125.0,467192.5,3737.54,0
2025-12-14,SKU007,88.0,328903.52,3737.54,0
2025-12-15,SKU007,117.0,402308.81,3737.54,1
2025-12-16,SKU007,108.0,371361.97,3737.54,1
2025-12-17,SKU007,102.0,350730.75,3737.54,1
2025-12-18,SKU007,96.0,330099.53,3737.54,1
2025-12-19,SKU007,135.0,464202.47,3737.54,1
2025-12-20,SKU007,134.0,460763.93,3737.54,1
2025-12-21,SKU007,94.0,323222.46,3737.54,1
2025-12-22,SKU007,100.0,343853.68,3737.54,1
2025-12-23,SKU007,115.0,395431.73,3737.54,1
2025-12-24,SKU007,135.0,464202.47,3737.54,1
2025-12-25,SKU007,146.0,502026.37,3737.54,1
2025-12-26,SKU007,142.0,488272.23,3737.54,1
2025-12-27,SKU007,123.0,422940.03,3737.54,1
2025-12-28,SKU007,108.0,371361.97,3737.54,1
2025-12-29,SKU007,97.0,333538.07,3737.54,1
2025-12-30,SKU007,135.0,464202.47,3737.54,1
2025-12-31,SKU007,103.0,354169.29,3737.54,1
2026-01-01,SKU007,116.0,433554.64,,0
2026-01-02,SKU007,89.0,332641.06,3737.54,0
2026-01-03,SKU007,128.0,478405.12,3737.54,0
2026-01-04,SKU007,,377491.54,3737.54,0
2026-01-05,SKU007,75.0,280315.5,3737.54,0
2026-01-06,SKU007,103.0,384966.62,3737.54,0
2026-01-07,SKU007,105.0,392441.7,3737.54,0
2026-01-08,SKU007,88.0,328903.52,3737.54,0
2026-01-09,SKU007,114.0,426079.56,3737.54,0
2026-01-10,SKU007,109.0,407391.86,3737.54,0
2026-01-11,SKU007,61.0,227989.94,3737.54,0
2026-01-12,SKU007,109.0,407391.86,3737.54,0
2026-01-13,SKU007,93.0,347591.22,3737.54,0
2026-01-14,SKU007,97.0,362541.38,3737.54,0
2026-01-15,SKU007,79.0,295265.66,3737.54,0
2026-01-16,SKU007,84.0,313953.36,3737.54,0
2026-01-17,SKU007,83.0,310215.82,3737.54,0
2026-01-18,SKU007,87.0,325165.98,3737.54,0
2026-01-19,SKU007,82.0,306478.28,3737.54,0
2026-01-20,SKU007,63.0,235465.02,3737.54,0
2026-01-21,SKU007,99.0,370016.46,3737.54,0
2026-01-22,SKU007,96.0,358803.84,3737.54,0
2026-01-23,SKU007,95.0,355066.3,3737.54,0
2026-01-24,SKU007,93.0,347591.22,3737.54,0
2026-01-25,SKU007,106.0,396179.24,3737.54,0
2026-01-26,SKU007,93.0,347591.22,3737.54,0
2026-01-27,SKU007,84.0,313953.36,3737.54,0
2026-01-28,SKU007,87.0,325165.98,3737.54,0
2026-01-29,SKU007,78.0,291528.12,3737.54,0
2026-01-30,SKU007,76.0,284053.04,3737.54,0
2026-01-31,SKU007,86.0,321428.44,3737.54,0
2026-02-01,SKU007,91.0,340116.14,3737.54,0
2026-02-02,SKU007,74.0,276577.96,3737.54,0
2026-02-03,SKU007,80.0,299003.2,3737.54,0
2026-02-04,SKU007,104.0,388704.16,3737.54,0
2026-02-05,SKU007,85.0,317690.9,3737.54,0
2026-02-06,SKU007,105.0,392441.7,3737.54,0
2026-02-07,SKU007,103.0,384966.62,3737.54,0
2026-02-08,SKU007,99.0,370016.46,3737.54,0
2026-02-09,SKU007,70.0,261627.8,3737.54,0
2026-02-10,SKU007,67.0,250415.18,3737.54,0
2026-02-11,SKU007,120.0,448504.8,3737.54,0
2026-02-12,SKU007,70.0,261627.8,3737.54,0
2026-02-13,SKU007,137.0,512042.98,3737.54,0
2026-02-14,SKU007,97.0,362541.38,3737.54,0
2026-02-15,SKU007,83.0,310215.82,3737.54,0
2026-02-16,SKU007,71.0,265365.34,3737.54,0
2026-02-17,SKU007,86.0,321428.44,3737.54,0
2026-02-18,SKU007,83.0,310215.82,3737.54,0
2026-02-19,SKU007,139.0,519518.06,3737.54,0
2026-02-20,SKU007,123.0,459717.42,3737.54,0
2026-02-21,SKU007,117.0,437292.18,3737.54,0
2026-02-22,SKU007,77.0,287790.58,3737.54,0
2026-02-23,SKU007,76.0,284053.04,3737.54,0
2026-02-24,SKU007,107.0,399916.78,3737.54,0
2026-02-25,SKU007,70.0,261627.8,3737.54,0
2026-02-26,SKU007,66.0,246677.64,3737.54,0
2026-02-27,SKU007,115.0,429817.1,3737.54,0
2026-02-28,SKU007,129.0,482142.66,3737.54,0
2026-03-01,SKU007,78.0,291528.12,3737.54,0
2026-03-02,SKU007,69.0,257890.26,3737.54,0
2026-03-03,SKU007,69.0,257890.26,3737.54,0
2026-03-04,SKU007,84.0,313953.36,3737.54,0
2026-03-05,SKU007,58.0,216777.32,3737.54,0
2026-03-06,SKU007,93.0,347591.22,3737.54,0
2026-03-07,SKU007,81.0,302740.74,3737.54,0
2026-03-08,SKU007,91.0,340116.14,3737.54,0
2026-03-09,SKU007,71.0,265365.34,3737.54,0
2026-03-10,SKU007,87.0,325165.98,3737.54,0
2026-03-11,SKU007,76.0,284053.04,3737.54,0
2026-03-12,SKU007,65.0,242940.1,3737.54,0
2026-03-13,SKU007,77.0,287790.58,3737.54,0
2026-03-14,SKU007,95.0,355066.3,3737.54,0
2026-03-15,SKU007,118.0,405747.34,3737.54,1
2026-03-16,SKU007,68.0,233820.5,3737.54,1
2026-03-17,SKU007,95.0,326661.0,3737.54,1
2026-03-18,SKU007,86.0,295714.16,3737.54,1
2026-03-19,SKU007,106.0,364484.9,3737.54,1
2026-03-20,SKU007,140.0,481395.15,3737.54,1
2026-03-21,SKU007,154.0,529534.67,3737.54,1
2026-03-22,SKU007,107.0,367923.44,3737.54,1
2026-03-23,SKU007,104.0,357607.83,3737.54,1
2026-03-24,SKU007,101.0,347292.22,,1
2026-03-25,SKU007,130.0,447009.78,3737.54,1
2026-03-26,SKU007,105.0,392441.7,3737.54,0
2026-03-27,SKU007,110.0,411129.4,3737.54,0
2026-03-28,SKU007,123.0,459717.42,3737.54,0
2026-03-29,SKU007,73.0,272840.42,3737.54,0
2026-03-30,SKU007,56.0,209302.24,3737.54,0
2026-03-31,SKU007,66.0,246677.64,3737.54,0
2026-04-01,SKU007,83.0,310215.82,3737.54,0
2026-04-02,SKU007,111.0,414866.94,3737.54,0
2026-04-03,SKU007,87.0,325165.98,3737.54,0
2026-04-04,SKU007,86.0,321428.44,3737.54,0
2026-04-05,SKU007,75.0,280315.5,3737.54,0
2026-04-06,SKU007,89.0,332641.06,3737.54,0
2026-04-07,SKU007,115.0,429817.1,3737.54,0
2026-04-08,SKU007,90.0,336378.6,3737.54,0
2026-04-09,SKU007,64.0,239202.56,3737.54,0
2026-04-10,SKU007,76.0,284053.04,3737.54,0
2026-04-11,SKU007,117.0,437292.18,3737.54,0
2026-04-12,SKU007,94.0,351328.76,3737.54,0
2026-04-13,SKU007,75.0,280315.5,3737.54,0
2026-04-14,SKU007,104.0,388704.16,3737.54,0
2026-04-15,SKU007,94.0,351328.76,3737.54,0
2026-04-16,SKU007,75.0,280315.5,3737.54,0
2026-04-17,SKU007,87.0,325165.98,3737.54,0
2026-04-18,SKU007,101.0,377491.54,3737.54,0
2026-04-19,SKU007,74.0,276577.96,3737.54,0
2026-04-20,SKU007,61.0,227989.94,,0
2026-04-21,SKU007,65.0,242940.1,3737.54,0
2026-04-22,SKU007,64.0,239202.56,3737.54,0
2026-04-23,SKU007,97.0,362541.38,3737.54,0
2026-04-24,SKU007,85.0,317690.9,3737.54,0
2026-04-25,SKU007,120.0,448504.8,3737.54,0
2026-04-26,SKU007,59.0,220514.86,3737.54,0
2026-04-27,SKU007,88.0,328903.52,3737.54,0
2026-04-28,SKU007,77.0,287790.58,3737.54,0
2026-04-29,SKU007,71.0,265365.34,3737.54,0
2026-04-30,SKU007,107.0,399916.78,3737.54,0
2026-05-01,SKU007,110.0,411129.4,3737.54,0
2026-05-02,SKU007,93.0,347591.22,3737.54,0
2026-05-03,SKU007,73.0,272840.42,3737.54,0
2026-05-04,SKU007,70.0,261627.8,3737.54,0
2026-05-05,SKU007,103.0,384966.62,3737.54,0
2026-05-06,SKU007,76.0,284053.04,3737.54,0
2026-05-07,SKU007,76.0,284053.04,3737.54,0
2026-05-08,SKU007,75.0,280315.5,3737.54,0
2026-05-09,SKU007,101.0,377491.54,3737.54,0
2026-05-10,SKU007,92.0,343853.68,3737.54,0
2026-05-11,SKU007,72.0,269102.88,3737.54,0
2026-05-12,SKU007,86.0,321428.44,3737.54,0
2026-05-13,SKU007,68.0,254152.72,3737.54,0
2026-05-14,SKU007,69.0,257890.26,3737.54,0
2026-05-15,SKU007,117.0,437292.18,3737.54,0
2026-05-16,SKU007,83.0,310215.82,3737.54,0
2026-05-17,SKU007,103.0,384966.62,3737.54,0
2026-05-18,SKU007,82.0,306478.28,3737.54,0
2026-05-19,SKU007,100.0,373754.0,3737.54,0
2026-05-20,SKU007,75.0,280315.5,3737.54,0
2026-05-21,SKU007,70.0,261627.8,3737.54,0
2026-05-22,SKU007,93.0,347591.22,3737.54,0
2026-05-23,SKU007,76.0,284053.04,3737.54,0
2026-05-24,SKU007,97.0,362541.38,3737.54,0
2026-05-25,SKU007,68.0,254152.72,3737.54,0
2026-05-26,SKU007,97.0,362541.38,3737.54,0
2026-05-27,SKU007,80.0,299003.2,3737.54,0
2026-05-28,SKU007,69.0,257890.26,3737.54,0
2026-05-29,SKU007,114.0,426079.56,3737.54,0
2026-05-30,SKU007,95.0,355066.3,3737.54,0
2026-05-31,SKU007,110.0,411129.4,3737.54,0
2026-06-01,SKU007,112.0,418604.48,3737.54,0
2026-06-02,SKU007,94.0,351328.76,3737.54,0
2026-06-03,SKU007,102.0,381229.08,3737.54,0
2026-06-04,SKU007,81.0,302740.74,3737.54,0
2026-06-05,SKU007,102.0,381229.08,3737.54,0
2026-06-06,SKU007,131.0,489617.74,3737.54,0
2026-06-07,SKU007,127.0,474667.58,3737.54,0
2026-06-08,SKU007,92.0,343853.68,3737.54,0
2026-06-09,SKU007,88.0,328903.52,3737.54,0
2026-06-10,SKU007,143.0,491710.76,3737.54,1
2026-06-11,SKU007,139.0,477956.62,3737.54,1
2026-06-12,SKU007,120.0,412624.42,3737.54,1
2026-06-13,SKU007,129.0,443571.25,3737.54,1
2026-06-14,SKU007,140.0,481395.15,3737.54,1
2026-06-15,SKU007,122.0,419501.49,3737.54,1
2026-06-16,SKU007,141.0,484833.69,3737.54,1
2026-06-17,SKU007,116.0,398870.27,3737.54,1
2026-06-18,SKU007,113.0,388554.66,3737.54,1
2026-06-19,SKU007,137.0,471079.54,3737.54,1
2026-06-20,SKU007,147.0,505464.91,3737.54,1
2026-06-21,SKU007,83.0,310215.82,3737.54,0
2026-06-22,SKU007,80.0,299003.2,3737.54,0
2026-06-23,SKU007,,381229.08,3737.54,0
2026-06-24,SKU007,90.0,336378.6,3737.54,0
2026-06-25,SKU007,98.0,366278.92,3737.54,0
2026-06-26,SKU007,91.0,340116.14,3737.54,0
2026-06-27,SKU007,158.0,590531.32,3737.54,0
2026-06-28,SKU007,115.0,429817.1,3737.54,0
2026-06-29,SKU007,102.0,381229.08,3737.54,0
2026-06-30,SKU007,96.0,358803.84,3737.54,0
2025-01-01,SKU008,79.0,571756.18,7237.42,0
2025-01-02,SKU008,72.0,521094.24,7237.42,0
2025-01-03,SKU008,83.0,600705.86,7237.42,0
2025-01-04,SKU008,99.0,716504.58,7237.42,0
2025-01-05,SKU008,123.0,890202.66,7237.42,0
2025-01-06,SKU008,80.0,578993.6,7237.42,0
2025-01-07,SKU008,90.0,651367.8,7237.42,0
2025-01-08,SKU008,89.0,644130.38,7237.42,0
2025-01-09,SKU008,96.0,694792.32,7237.42,0
2025-01-10,SKU008,120.0,799011.17,7237.42,1
2025-01-11,SKU008,121.0,805669.59,7237.42,1
2025-01-12,SKU008,134.0,892229.14,7237.42,1
2025-01-13,SKU008,136.0,905545.99,7237.42,1
2025-01-14,SKU008,111.0,739085.33,7237.42,1
2025-01-15,SKU008,123.0,818986.45,7237.42,1
2025-01-16,SKU008,102.0,738216.84,7237.42,0
2025-01-17,SKU008,103.0,745454.26,7237.42,0
2025-01-18,SKU008,102.0,738216.84,7237.42,0
2025-01-19,SKU008,124.0,897440.08,7237.42,0
2025-01-20,SKU008,98.0,709267.16,7237.42,0
2025-01-21,SKU008,104.0,752691.68,7237.42,0
2025-01-22,SKU008,101.0,730979.42,7237.42,0
2025-01-23,SKU008,68.0,492144.56,,0
2025-01-24,SKU008,101.0,730979.42,7237.42,0
2025-01-25,SKU008,112.0,810591.04,7237.42,0
2025-01-26,SKU008,105.0,759929.1,7237.42,0
2025-01-27,SKU008,,578993.6,7237.42,0
2025-01-28,SKU008,96.0,694792.32,7237.42,0
2025-01-29,SKU008,97.0,702029.74,7237.42,0
2025-01-30,SKU008,78.0,564518.76,7237.42,0
2025-01-31,SKU008,84.0,607943.28,7237.42,0
2025-02-01,SKU008,99.0,716504.58,7237.42,0
2025-02-02,SKU008,141.0,1020476.22,7237.42,0
2025-02-03,SKU008,79.0,571756.18,7237.42,0
2025-02-04,SKU008,83.0,600705.86,7237.42,0
2025-02-05,SKU008,83.0,600705.86,7237.42,0
2025-02-06,SKU008,91.0,658605.22,7237.42,0
2025-02-07,SKU008,101.0,730979.42,7237.42,0
2025-02-08,SKU008,98.0,709267.16,7237.42,0
2025-02-09,SKU008,89.0,644130.38,7237.42,0
2025-02-10,SKU008,63.0,455957.46,7237.42,0
2025-02-11,SKU008,72.0,521094.24,7237.42,0
2025-02-12,SKU008,106.0,767166.52,7237.42,0
2025-02-13,SKU008,97.0,702029.74,7237.42,0
2025-02-14,SKU008,135.0,977051.7,7237.42,0
2025-02-15,SKU008,118.0,854015.56,7237.42,0
2025-02-16,SKU008,93.0,673080.06,7237.42,0
2025-02-17,SKU008,86.0,622418.12,7237.42,0
2025-02-18,SKU008,98.0,709267.16,7237.42,0
2025-02-19,SKU008,96.0,694792.32,7237.42,0
2025-02-20,SKU008,100.0,723742.0,7237.42,0
2025-02-21,SKU008,130.0,940864.6,7237.42,0
2025-02-22,SKU008,131.0,948102.02,7237.42,0
2025-02-23,SKU008,76.0,550043.92,7237.42,0
2025-02-24,SKU008,83.0,600705.86,7237.42,0
2025-02-25,SKU008,101.0,730979.42,7237.42,0
2025-02-26,SKU008,92.0,665842.64,7237.42,0
2025-02-27,SKU008,80.0,578993.6,7237.42,0
2025-02-28,SKU008,76.0,550043.92,7237.42,0
2025-03-01,SKU008,105.0,759929.1,7237.42,0
2025-03-02,SKU008,76.0,550043.92,7237.42,0
2025-03-03,SKU008,57.0,412532.94,7237.42,0
2025-03-04,SKU008,71.0,513856.82,7237.42,0
2025-03-05,SKU008,99.0,716504.58,7237.42,0
2025-03-06,SKU008,94.0,680317.48,7237.42,0
2025-03-07,SKU008,94.0,680317.48,7237.42,0
2025-03-08,SKU008,86.0,622418.12,7237.42,0
2025-03-09,SKU008,71.0,513856.82,7237.42,0
2025-03-10,SKU008,93.0,673080.06,7237.42,0
2025-03-11,SKU008,103.0,745454.26,7237.42,0
2025-03-12,SKU008,89.0,644130.38,7237.42,0
2025-03-13,SKU008,76.0,550043.92,7237.42,0
2025-03-14,SKU008,147.0,1063900.74,7237.42,0
2025-03-15,SKU008,112.0,810591.04,7237.42,0
2025-03-16,SKU008,107.0,774403.94,7237.42,0
2025-03-17,SKU008,75.0,542806.5,7237.42,0
2025-03-18,SKU008,80.0,578993.6,7237.42,0
2025-03-19,SKU008,87.0,629655.54,7237.42,0
2025-03-20,SKU008,105.0,699134.77,7237.42,1
2025-03-21,SKU008,143.0,952154.98,7237.42,1
2025-03-22,SKU008,146.0,972130.25,7237.42,1
2025-03-23,SKU008,115.0,765719.04,7237.42,1
2025-03-24,SKU008,88.0,585941.52,7237.42,1
2025-03-25,SKU008,136.0,905545.99,7237.42,1
2025-03-26,SKU008,136.0,905545.99,7237.42,1
2025-03-27,SKU008,112.0,745743.76,7237.42,1
2025-03-28,SKU008,103.0,745454.26,7237.42,0
2025-03-29,SKU008,75.0,542806.5,7237.42,0
2025-03-30,SKU008,86.0,622418.12,7237.42,0
2025-03-31,SKU008,79.0,571756.18,7237.42,0
2025-04-01,SKU008,96.0,694792.32,7237.42,0
2025-04-02,SKU008,84.0,607943.28,7237.42,0
2025-04-03,SKU008,79.0,571756.18,7237.42,0
2025-04-04,SKU008,98.0,709267.16,7237.42,0
2025-04-05,SKU008,109.0,788878.78,7237.42,0
2025-04-06,SKU008,78.0,564518.76,7237.42,0
2025-04-07,SKU008,70.0,506619.4,7237.42,0
2025-04-08,SKU008,71.0,513856.82,7237.42,0
2025-04-09,SKU008,88.0,636892.96,7237.42,0
2025-04-10,SKU008,106.0,767166.52,7237.42,0
2025-04-11,SKU008,110.0,796116.2,7237.42,0
2025-04-12,SKU008,102.0,738216.84,7237.42,0
2025-04-13,SKU008,101.0,730979.42,7237.42,0
2025-04-14,SKU008,69.0,499381.98,7237.42,0
2025-04-15,SKU008,52.0,376345.84,7237.42,0
2025-04-16,SKU008,81.0,586231.02,7237.42,0
2025-04-17,SKU008,86.0,622418.12,7237.42,0
2025-04-18,SKU008,104.0,752691.68,7237.42,0
2025-04-19,SKU008,107.0,774403.94,7237.42,0
2025-04-20,SKU008,83.0,600705.86,7237.42,0
2025-04-21,SKU008,58.0,419770.36,7237.42,0
2025-04-22,SKU008,91.0,658605.22,7237.42,0
2025-04-23,SKU008,92.0,665842.64,7237.42,0
2025-04-24,SKU008,55.0,398058.1,7237.42,0
2025-04-25,SKU008,105.0,759929.1,7237.42,0
2025-04-26,SKU008,91.0,658605.22,7237.42,0
2025-04-27,SKU008,75.0,542806.5,7237.42,0
2025-04-28,SKU008,120.0,868490.4,7237.42,0
2025-04-29,SKU008,86.0,622418.12,7237.42,0
2025-04-30,SKU008,81.0,586231.02,7237.42,0
2025-05-01,SKU008,99.0,716504.58,7237.42,0
2025-05-02,SKU008,110.0,796116.2,7237.42,0
2025-05-03,SKU008,101.0,730979.42,7237.42,0
2025-05-04,SKU008,104.0,752691.68,7237.42,0
2025-05-05,SKU008,77.0,557281.34,7237.42,0
2025-05-06,SKU008,86.0,622418.12,7237.42,0
2025-05-07,SKU008,84.0,607943.28,7237.42,0
2025-05-08,SKU008,81.0,586231.02,7237.42,0
2025-05-09,SKU008,113.0,817828.46,7237.42,0
2025-05-10,SKU008,102.0,738216.84,7237.42,0
2025-05-11,SKU008,106.0,767166.52,7237.42,0
2025-05-12,SKU008,72.0,521094.24,7237.42,0
2025-05-13,SKU008,105.0,759929.1,7237.42,0
2025-05-14,SKU008,102.0,738216.84,7237.42,0
2025-05-15,SKU008,80.0,578993.6,7237.42,0
2025-05-16,SKU008,105.0,759929.1,7237.42,0
2025-05-17,SKU008,84.0,607943.28,7237.42,0
2025-05-18,SKU008,77.0,557281.34,7237.42,0
2025-05-19,SKU008,88.0,636892.96,7237.42,0
2025-05-20,SKU008,85.0,615180.7,7237.42,0
2025-05-21,SKU008,88.0,636892.96,7237.42,0
2025-05-22,SKU008,78.0,564518.76,7237.42,0
2025-05-23,SKU008,95.0,687554.9,7237.42,0
2025-05-24,SKU008,93.0,673080.06,7237.42,0
2025-05-25,SKU008,97.0,702029.74,7237.42,0
2025-05-26,SKU008,95.0,687554.9,7237.42,0
2025-05-27,SKU008,84.0,607943.28,7237.42,0
2025-05-28,SKU008,110.0,796116.2,7237.42,0
2025-05-29,SKU008,93.0,673080.06,7237.42,0
2025-05-30,SKU008,81.0,586231.02,7237.42,0
2025-05-31,SKU008,103.0,745454.26,7237.42,0
2025-06-01,SKU008,92.0,665842.64,7237.42,0
2025-06-02,SKU008,96.0,694792.32,7237.42,0
2025-06-03,SKU008,104.0,752691.68,7237.42,0
2025-06-04,SKU008,119.0,861252.98,7237.42,0
2025-06-05,SKU008,108.0,781641.36,7237.42,0
2025-06-06,SKU008,155.0,1121800.1,7237.42,0
2025-06-07,SKU008,116.0,839540.72,7237.42,0
2025-06-08,SKU008,92.0,665842.64,7237.42,0
2025-06-09,SKU008,111.0,803353.62,7237.42,0
2025-06-10,SKU008,134.0,892229.14,7237.42,1
2025-06-11,SKU008,159.0,1058689.8,7237.42,1
2025-06-12,SKU008,123.0,818986.45,7237.42,1
2025-06-13,SKU008,145.0,965471.83,7237.42,1
2025-06-14,SKU008,153.0,1018739.24,7237.42,1
2025-06-15,SKU008,135.0,898887.56,7237.42,1
2025-06-16,SKU008,98.0,652525.79,7237.42,1
2025-06-17,SKU008,141.0,938838.12,7237.42,1
2025-06-18,SKU008,152.0,1012080.81,7237.42,1
2025-06-19,SKU008,127.0,845620.15,7237.42,1
2025-06-20,SKU008,169.0,1125274.06,7237.42,1
2025-06-21,SKU008,112.0,810591.04,7237.42,0
2025-06-22,SKU008,106.0,767166.52,7237.42,0
2025-06-23,SKU008,91.0,658605.22,7237.42,0
2025-06-24,SKU008,75.0,542806.5,7237.42,0
2025-06-25,SKU008,113.0,817828.46,7237.42,0
2025-06-26,SKU008,94.0,680317.48,7237.42,0
2025-06-27,SKU008,107.0,774403.94,7237.42,0
2025-06-28,SKU008,99.0,716504.58,7237.42,0
2025-06-29,SKU008,88.0,636892.96,7237.42,0
2025-06-30,SKU008,99.0,716504.58,7237.42,0
2025-07-01,SKU008,102.0,738216.84,7237.42,0
2025-07-02,SKU008,98.0,709267.16,7237.42,0
2025-07-03,SKU008,114.0,825065.88,7237.42,0
2025-07-04,SKU008,96.0,694792.32,7237.42,0
2025-07-05,SKU008,160.0,1157987.2,7237.42,0
2025-07-06,SKU008,73.0,528331.66,7237.42,0
2025-07-07,SKU008,114.0,825065.88,7237.42,0
2025-07-08,SKU008,92.0,665842.64,7237.42,0
2025-07-09,SKU008,132.0,955339.44,7237.42,0
2025-07-10,SKU008,102.0,738216.84,7237.42,0
2025-07-11,SKU008,120.0,868490.4,7237.42,0
2025-07-12,SKU008,96.0,694792.32,7237.42,0
2025-07-13,SKU008,91.0,658605.22,7237.42,0
2025-07-14,SKU008,111.0,803353.62,7237.42,0
2025-07-15,SKU008,87.0,629655.54,7237.42,0
2025-07-16,SKU008,106.0,767166.52,7237.42,0
2025-07-17,SKU008,117.0,846778.14,7237.42,0
2025-07-18,SKU008,118.0,854015.56,7237.42,0
2025-07-19,SKU008,109.0,788878.78,7237.42,0
2025-07-20,SKU008,99.0,716504.58,7237.42,0
2025-07-21,SKU008,90.0,651367.8,7237.42,0
2025-07-22,SKU008,107.0,774403.94,7237.42,0
2025-07-23,SKU008,124.0,897440.08,7237.42,0
2025-07-24,SKU008,107.0,774403.94,7237.42,0
2025-07-25,SKU008,101.0,730979.42,7237.42,0
2025-07-26,SKU008,117.0,846778.14,7237.42,0
2025-07-27,SKU008,122.0,882965.24,7237.42,0
2025-07-28,SKU008,86.0,622418.12,,0
2025-07-29,SKU008,87.0,629655.54,7237.42,0
2025-07-30,SKU008,99.0,716504.58,7237.42,0
2025-07-31,SKU008,86.0,622418.12,7237.42,0
2025-08-01,SKU008,139.0,1006001.38,7237.42,0
2025-08-02,SKU008,142.0,1027713.64,7237.42,0
2025-08-03,SKU008,100.0,723742.0,7237.42,0
2025-08-04,SKU008,71.0,513856.82,7237.42,0
2025-08-05,SKU008,115.0,832303.3,7237.42,0
2025-08-06,SKU008,89.0,644130.38,7237.42,0
2025-08-07,SKU008,127.0,919152.34,7237.42,0
2025-08-08,SKU008,109.0,788878.78,7237.42,0
2025-08-09,SKU008,143.0,1034951.06,7237.42,0
2025-08-10,SKU008,81.0,586231.02,7237.42,0
2025-08-11,SKU008,85.0,615180.7,7237.42,0
2025-08-12,SKU008,113.0,817828.46,7237.42,0
2025-08-13,SKU008,89.0,644130.38,7237.42,0
2025-08-14,SKU008,117.0,846778.14,7237.42,0
2025-08-15,SKU008,148.0,1071138.16,7237.42,0
2025-08-16,SKU008,123.0,890202.66,7237.42,0
2025-08-17,SKU008,97.0,702029.74,7237.42,0
2025-08-18,SKU008,78.0,564518.76,7237.42,0
2025-08-19,SKU008,105.0,759929.1,7237.42,0
2025-08-20,SKU008,107.0,774403.94,7237.42,0
2025-08-21,SKU008,118.0,854015.56,7237.42,0
2025-08-22,SKU008,103.0,745454.26,7237.42,0
2025-08-23,SKU008,103.0,745454.26,7237.42,0
2025-08-24,SKU008,74.0,535569.08,7237.42,0
2025-08-25,SKU008,121.0,875727.82,7237.42,0
2025-08-26,SKU008,133.0,962576.86,7237.42,0
2025-08-27,SKU008,115.0,832303.3,7237.42,0
2025-08-28,SKU008,129.0,933627.18,7237.42,0
2025-08-29,SKU008,92.0,665842.64,7237.42,0
2025-08-30,SKU008,106.0,767166.52,7237.42,0
2025-08-31,SKU008,104.0,752691.68,7237.42,0
2025-09-01,SKU008,77.0,557281.34,7237.42,0
2025-09-02,SKU008,89.0,644130.38,7237.42,0
2025-09-03,SKU008,69.0,499381.98,7237.42,0
2025-09-04,SKU008,81.0,586231.02,7237.42,0
2025-09-05,SKU008,95.0,687554.9,7237.42,0
2025-09-06,SKU008,138.0,998763.96,7237.42,0
2025-09-07,SKU008,81.0,586231.02,7237.42,0
2025-09-08,SKU008,67.0,484907.14,7237.42,0
2025-09-09,SKU008,86.0,622418.12,7237.42,0
2025-09-10,SKU008,89.0,644130.38,7237.42,0
2025-09-11,SKU008,78.0,564518.76,7237.42,0
2025-09-12,SKU008,120.0,868490.4,7237.42,0
2025-09-13,SKU008,119.0,861252.98,7237.42,0
2025-09-14,SKU008,81.0,586231.02,7237.42,0
2025-09-15,SKU008,71.0,513856.82,7237.42,0
2025-09-16,SKU008,75.0,542806.5,7237.42,0
2025-09-17,SKU008,67.0,484907.14,7237.42,0
2025-09-18,SKU008,75.0,542806.5,7237.42,0
2025-09-19,SKU008,101.0,730979.42,7237.42,0
2025-09-20,SKU008,101.0,730979.42,7237.42,0
2025-09-21,SKU008,120.0,868490.4,7237.42,0
2025-09-22,SKU008,106.0,767166.52,7237.42,0
2025-09-23,SKU008,71.0,513856.82,7237.42,0
2025-09-24,SKU008,78.0,564518.76,7237.42,0
2025-09-25,SKU008,89.0,644130.38,7237.42,0
2025-09-26,SKU008,121.0,875727.82,7237.42,0
2025-09-27,SKU008,122.0,882965.24,7237.42,0
2025-09-28,SKU008,114.0,825065.88,7237.42,0
2025-09-29,SKU008,89.0,644130.38,7237.42,0
2025-09-30,SKU008,88.0,636892.96,7237.42,0
2025-10-01,SKU008,108.0,719110.05,7237.42,1
2025-10-02,SKU008,156.0,1038714.52,7237.42,1
2025-10-03,SKU008,121.0,805669.59,7237.42,1
2025-10-04,SKU008,136.0,905545.99,7237.42,1
2025-10-05,SKU008,146.0,972130.25,7237.42,1
2025-10-06,SKU008,110.0,732426.9,7237.42,1
2025-10-07,SKU008,137.0,912204.42,7237.42,1
2025-10-08,SKU008,104.0,692476.35,7237.42,1
2025-10-09,SKU008,159.0,1058689.8,7237.42,1
2025-10-10,SKU008,132.0,878912.28,7237.42,1
2025-10-11,SKU008,112.0,810591.04,7237.42,0
2025-10-12,SKU008,103.0,745454.26,7237.42,0
2025-10-13,SKU008,75.0,542806.5,7237.42,0
2025-10-14,SKU008,113.0,817828.46,7237.42,0
2025-10-15,SKU008,105.0,759929.1,7237.42,0
2025-10-16,SKU008,90.0,651367.8,7237.42,0
2025-10-17,SKU008,90.0,651367.8,7237.42,0
2025-10-18,SKU008,111.0,803353.62,7237.42,0
2025-10-19,SKU008,104.0,752691.68,7237.42,0
2025-10-20,SKU008,102.0,738216.84,7237.42,0
2025-10-21,SKU008,104.0,752691.68,7237.42,0
2025-10-22,SKU008,88.0,636892.96,7237.42,0
2025-10-23,SKU008,103.0,745454.26,7237.42,0
2025-10-24,SKU008,87.0,629655.54,7237.42,0
2025-10-25,SKU008,100.0,723742.0,7237.42,0
2025-10-26,SKU008,90.0,651367.8,7237.42,0
2025-10-27,SKU008,122.0,882965.24,7237.42,0
2025-10-28,SKU008,101.0,730979.42,7237.42,0
2025-10-29,SKU008,115.0,832303.3,7237.42,0
2025-10-30,SKU008,115.0,832303.3,7237.42,0
2025-10-31,SKU008,116.0,839540.72,7237.42,0
2025-11-01,SKU008,139.0,1006001.38,7237.42,0
2025-11-02,SKU008,103.0,745454.26,7237.42,0
2025-11-03,SKU008,83.0,600705.86,7237.42,0
2025-11-04,SKU008,82.0,593468.44,7237.42,0
2025-11-05,SKU008,90.0,651367.8,7237.42,0
2025-11-06,SKU008,106.0,767166.52,7237.42,0
2025-11-07,SKU008,112.0,810591.04,7237.42,0
2025-11-08,SKU008,103.0,745454.26,7237.42,0
2025-11-09,SKU008,90.0,651367.8,7237.42,0
2025-11-10,SKU008,86.0,622418.12,7237.42,0
2025-11-11,SKU008,88.0,636892.96,7237.42,0
2025-11-12,SKU008,79.0,571756.18,7237.42,0
2025-11-13,SKU008,75.0,542806.5,7237.42,0
2025-11-14,SKU008,122.0,882965.24,7237.42,0
2025-11-15,SKU008,108.0,781641.36,7237.42,0
2025-11-16,SKU008,106.0,767166.52,7237.42,0
2025-11-17,SKU008,86.0,622418.12,7237.42,0
2025-11-18,SKU008,134.0,969814.28,7237.42,0
2025-11-19,SKU008,118.0,854015.56,7237.42,0
2025-11-20,SKU008,113.0,752402.18,7237.42,1
2025-11-21,SKU008,136.0,905545.99,7237.42,1
2025-11-22,SKU008,147.0,978788.68,7237.42,1
2025-11-23,SKU008,136.0,905545.99,7237.42,1
2025-11-24,SKU008,92.0,612575.23,7237.42,1
2025-11-25,SKU008,138.0,918862.84,7237.42,1
2025-11-26,SKU008,127.0,845620.15,7237.42,1
2025-11-27,SKU008,118.0,785694.32,7237.42,1
2025-11-28,SKU008,121.0,805669.59,7237.42,1
2025-11-29,SKU008,110.0,732426.9,7237.42,1
2025-11-30,SKU008,153.0,1018739.24,7237.42,1
2025-12-01,SKU008,114.0,825065.88,7237.42,0
2025-12-02,SKU008,95.0,687554.9,7237.42,0
2025-12-03,SKU008,120.0,868490.4,7237.42,0
2025-12-04,SKU008,128.0,926389.76,7237.42,0
2025-12-05,SKU008,132.0,955339.44,7237.42,0
2025-12-06,SKU008,85.0,615180.7,7237.42,0
2025-12-07,SKU008,140.0,1013238.8,7237.42,0
2025-12-08,SKU008,89.0,644130.38,7237.42,0
2025-12-09,SKU008,101.0,730979.42,7237.42,0
2025-12-10,SKU008,88.0,636892.96,7237.42,0
2025-12-11,SKU008,100.0,723742.0,7237.42,0
2025-12-12,SKU008,128.0,926389.76,7237.42,0
2025-12-13,SKU008,110.0,796116.2,7237.42,0
2025-12-14,SKU008,105.0,759929.1,7237.42,0
2025-12-15,SKU008,147.0,978788.68,7237.42,1
2025-12-16,SKU008,123.0,818986.45,7237.42,1
2025-12-17,SKU008,122.0,812328.02,7237.42,1
2025-12-18,SKU008,143.0,952154.98,7237.42,1
2025-12-19,SKU008,157.0,1045372.94,7237.42,1
2025-12-20,SKU008,150.0,998763.96,7237.42,1
2025-12-21,SKU008,117.0,779035.89,7237.42,1
2025-12-22,SKU008,155.0,1032056.09,7237.42,1
2025-12-23,SKU008,148.0,985447.11,7237.42,1
2025-12-24,SKU008,115.0,765719.04,7237.42,1
2025-12-25,SKU008,164.0,1091981.93,7237.42,1
2025-12-26,SKU008,166.0,1105298.78,7237.42,1
2025-12-27,SKU008,150.0,998763.96,7237.42,1
2025-12-28,SKU008,143.0,952154.98,7237.42,1
2025-12-29,SKU008,140.0,932179.7,7237.42,1
2025-12-30,SKU008,142.0,945496.55,7237.42,1
2025-12-31,SKU008,149.0,992105.53,7237.42,1
2026-01-01,SKU008,118.0,854015.56,7237.42,0
2026-01-02,SKU008,130.0,940864.6,7237.42,0
2026-01-03,SKU008,114.0,825065.88,7237.42,0
2026-01-04,SKU008,111.0,803353.62,7237.42,0
2026-01-05,SKU008,115.0,832303.3,7237.42,0
2026-01-06,SKU008,124.0,897440.08,7237.42,0
2026-01-07,SKU008,98.0,709267.16,7237.42,0
2026-01-08,SKU008,129.0,933627.18,7237.42,0
2026-01-09,SKU008,129.0,933627.18,7237.42,0
2026-01-10,SKU008,130.0,940864.6,7237.42,0
2026-01-11,SKU008,101.0,730979.42,7237.42,0
2026-01-12,SKU008,84.0,607943.28,7237.42,0
2026-01-13,SKU008,120.0,868490.4,7237.42,0
2026-01-14,SKU008,116.0,839540.72,7237.42,0
2026-01-15,SKU008,92.0,665842.64,7237.42,0
2026-01-16,SKU008,131.0,948102.02,7237.42,0
2026-01-17,SKU008,112.0,810591.04,7237.42,0
2026-01-18,SKU008,118.0,854015.56,7237.42,0
2026-01-19,SKU008,102.0,738216.84,7237.42,0
2026-01-20,SKU008,103.0,745454.26,7237.42,0
2026-01-21,SKU008,117.0,846778.14,7237.42,0
2026-01-22,SKU008,91.0,658605.22,7237.42,0
2026-01-23,SKU008,89.0,644130.38,7237.42,0
2026-01-24,SKU008,99.0,716504.58,7237.42,0
2026-01-25,SKU008,105.0,759929.1,7237.42,0
2026-01-26,SKU008,111.0,803353.62,7237.42,0
2026-01-27,SKU008,117.0,846778.14,7237.42,0
2026-01-28,SKU008,117.0,846778.14,7237.42,0
2026-01-29,SKU008,111.0,803353.62,7237.42,0
2026-01-30,SKU008,137.0,991526.54,7237.42,0
2026-01-31,SKU008,106.0,767166.52,7237.42,0
2026-02-01,SKU008,117.0,846778.14,7237.42,0
2026-02-02,SKU008,108.0,781641.36,7237.42,0
2026-02-03,SKU008,145.0,1049425.9,7237.42,0
2026-02-04,SKU008,84.0,607943.28,7237.42,0
2026-02-05,SKU008,121.0,875727.82,7237.42,0
2026-02-06,SKU008,81.0,586231.02,7237.42,0
2026-02-07,SKU008,107.0,774403.94,7237.42,0
2026-02-08,SKU008,104.0,752691.68,7237.42,0
2026-02-09,SKU008,66.0,477669.72,7237.42,0
2026-02-10,SKU008,121.0,875727.82,7237.42,0
2026-02-11,SKU008,123.0,890202.66,7237.42,0
2026-02-12,SKU008,106.0,767166.52,7237.42,0
2026-02-13,SKU008,117.0,846778.14,7237.42,0
2026-02-14,SKU008,155.0,1121800.1,7237.42,0
2026-02-15,SKU008,123.0,890202.66,7237.42,0
2026-02-16,SKU008,92.0,665842.64,7237.42,0
2026-02-17,SKU008,112.0,810591.04,7237.42,0
2026-02-18,SKU008,86.0,622418.12,7237.42,0
2026-02-19,SKU008,106.0,767166.52,7237.42,0
2026-02-20,SKU008,109.0,788878.78,7237.42,0
2026-02-21,SKU008,105.0,759929.1,7237.42,0
2026-02-22,SKU008,119.0,861252.98,7237.42,0
2026-02-23,SKU008,99.0,716504.58,7237.42,0
2026-02-24,SKU008,99.0,716504.58,7237.42,0
2026-02-25,SKU008,88.0,636892.96,7237.42,0
2026-02-26,SKU008,103.0,745454.26,7237.42,0
2026-02-27,SKU008,114.0,825065.88,7237.42,0
2026-02-28,SKU008,119.0,861252.98,7237.42,0
2026-03-01,SKU008,77.0,557281.34,7237.42,0
2026-03-02,SKU008,89.0,644130.38,7237.42,0
2026-03-03,SKU008,86.0,622418.12,7237.42,0
2026-03-04,SKU008,93.0,673080.06,7237.42,0
2026-03-05,SKU008,78.0,564518.76,7237.42,0
2026-03-06,SKU008,130.0,940864.6,7237.42,0
2026-03-07,SKU008,111.0,803353.62,7237.42,0
2026-03-08,SKU008,126.0,911914.92,7237.42,0
2026-03-09,SKU008,117.0,846778.14,7237.42,0
2026-03-10,SKU008,121.0,875727.82,7237.42,0
2026-03-11,SKU008,92.0,665842.64,7237.42,0
2026-03-12,SKU008,107.0,774403.94,7237.42,0
2026-03-13,SKU008,132.0,955339.44,7237.42,0
2026-03-14,SKU008,140.0,1013238.8,7237.42,0
2026-03-15,SKU008,132.0,878912.28,7237.42,1
2026-03-16,SKU008,128.0,852278.58,7237.42,1
2026-03-17,SKU008,146.0,972130.25,7237.42,1
2026-03-18,SKU008,177.0,1178541.47,7237.42,1
2026-03-19,SKU008,172.0,1145249.34,7237.42,1
2026-03-20,SKU008,144.0,958813.4,7237.42,1
2026-03-21,SKU008,117.0,779035.89,7237.42,1
2026-03-22,SKU008,131.0,872253.86,7237.42,1
2026-03-23,SKU008,150.0,998763.96,7237.42,1
2026-03-24,SKU008,144.0,958813.4,7237.42,1
2026-03-25,SKU008,155.0,1032056.09,7237.42,1
2026-03-26,SKU008,114.0,825065.88,7237.42,0
2026-03-27,SKU008,105.0,759929.1,7237.42,0
2026-03-28,SKU008,148.0,1071138.16,7237.42,0
2026-03-29,SKU008,91.0,658605.22,7237.42,0
2026-03-30,SKU008,101.0,730979.42,7237.42,0
2026-03-31,SKU008,107.0,774403.94,7237.42,0
2026-04-01,SKU008,76.0,550043.92,7237.42,0
2026-04-02,SKU008,133.0,962576.86,7237.42,0
2026-04-03,SKU008,109.0,788878.78,7237.42,0
2026-04-04,SKU008,122.0,882965.24,7237.42,0
2026-04-05,SKU008,85.0,615180.7,7237.42,0
2026-04-06,SKU008,65.0,470432.3,7237.42,0
2026-04-07,SKU008,129.0,933627.18,7237.42,0
2026-04-08,SKU008,100.0,723742.0,7237.42,0
2026-04-09,SKU008,94.0,680317.48,7237.42,0
2026-04-10,SKU008,130.0,940864.6,7237.42,0
2026-04-11,SKU008,89.0,644130.38,7237.42,0
2026-04-12,SKU008,93.0,673080.06,7237.42,0
2026-04-13,SKU008,110.0,796116.2,7237.42,0
2026-04-14,SKU008,92.0,665842.64,7237.42,0
2026-04-15,SKU008,124.0,897440.08,7237.42,0
2026-04-16,SKU008,93.0,673080.06,7237.42,0
2026-04-17,SKU008,112.0,810591.04,7237.42,0
2026-04-18,SKU008,108.0,781641.36,7237.42,0
2026-04-19,SKU008,87.0,629655.54,7237.42,0
2026-04-20,SKU008,89.0,644130.38,7237.42,0
2026-04-21,SKU008,89.0,644130.38,7237.42,0
2026-04-22,SKU008,115.0,832303.3,7237.42,0
2026-04-23,SKU008,153.0,1107325.26,7237.42,0
2026-04-24,SKU008,122.0,882965.24,7237.42,0
2026-04-25,SKU008,100.0,723742.0,7237.42,0
2026-04-26,SKU008,80.0,578993.6,7237.42,0
2026-04-27,SKU008,81.0,586231.02,7237.42,0
2026-04-28,SKU008,127.0,919152.34,7237.42,0
2026-04-29,SKU008,92.0,665842.64,7237.42,0
2026-04-30,SKU008,81.0,586231.02,7237.42,0
2026-05-01,SKU008,110.0,796116.2,7237.42,0
2026-05-02,SKU008,119.0,861252.98,7237.42,0
2026-05-03,SKU008,95.0,687554.9,7237.42,0
2026-05-04,SKU008,104.0,752691.68,7237.42,0
2026-05-05,SKU008,99.0,716504.58,7237.42,0
2026-05-06,SKU008,138.0,998763.96,7237.42,0
2026-05-07,SKU008,108.0,781641.36,7237.42,0
2026-05-08,SKU008,144.0,1042188.48,7237.42,0
2026-05-09,SKU008,144.0,1042188.48,7237.42,0
2026-05-10,SKU008,99.0,716504.58,7237.42,0
2026-05-11,SKU008,123.0,890202.66,7237.42,0
2026-05-12,SKU008,131.0,948102.02,7237.42,0
2026-05-13,SKU008,96.0,694792.32,7237.42,0
2026-05-14,SKU008,123.0,890202.66,7237.42,0
2026-05-15,SKU008,136.0,984289.12,7237.42,0
2026-05-16,SKU008,130.0,940864.6,7237.42,0
2026-05-17,SKU008,89.0,644130.38,7237.42,0
2026-05-18,SKU008,87.0,629655.54,7237.42,0
2026-05-19,SKU008,100.0,723742.0,7237.42,0
2026-05-20,SKU008,97.0,702029.74,7237.42,0
2026-05-21,SKU008,85.0,615180.7,7237.42,0
2026-05-22,SKU008,121.0,875727.82,7237.42,0
2026-05-23,SKU008,96.0,694792.32,7237.42,0
2026-05-24,SKU008,128.0,926389.76,7237.42,0
2026-05-25,SKU008,109.0,788878.78,7237.42,0
2026-05-26,SKU008,101.0,730979.42,7237.42,0
2026-05-27,SKU008,130.0,940864.6,7237.42,0
2026-05-28,SKU008,103.0,745454.26,7237.42,0
2026-05-29,SKU008,123.0,890202.66,7237.42,0
2026-05-30,SKU008,116.0,839540.72,7237.42,0
2026-05-31,SKU008,94.0,680317.48,7237.42,0
2026-06-01,SKU008,132.0,955339.44,7237.42,0
2026-06-02,SKU008,99.0,716504.58,7237.42,0
2026-06-03,SKU008,115.0,832303.3,7237.42,0
2026-06-04,SKU008,143.0,1034951.06,7237.42,0
2026-06-05,SKU008,135.0,977051.7,7237.42,0
2026-06-06,SKU008,103.0,745454.26,7237.42,0
2026-06-07,SKU008,109.0,788878.78,7237.42,0
2026-06-08,SKU008,80.0,578993.6,7237.42,0
2026-06-09,SKU008,94.0,680317.48,7237.42,0
2026-06-10,SKU008,116.0,772377.46,7237.42,1
2026-06-11,SKU008,139.0,925521.27,7237.42,1
2026-06-12,SKU008,223.0,1484829.09,7237.42,1
2026-06-13,SKU008,190.0,1265101.02,7237.42,1
2026-06-14,SKU008,159.0,1058689.8,7237.42,1
2026-06-15,SKU008,122.0,812328.02,7237.42,1
2026-06-16,SKU008,169.0,1125274.06,7237.42,1
2026-06-17,SKU008,202.0,1345002.13,7237.42,1
2026-06-18,SKU008,175.0,1165224.62,7237.42,1
2026-06-19,SKU008,202.0,1345002.13,7237.42,1
2026-06-20,SKU008,185.0,1231808.88,7237.42,1
2026-06-21,SKU008,130.0,940864.6,7237.42,0
2026-06-22,SKU008,130.0,940864.6,7237.42,0
2026-06-23,SKU008,138.0,998763.96,7237.42,0
2026-06-24,SKU008,103.0,745454.26,7237.42,0
2026-06-25,SKU008,100.0,723742.0,7237.42,0
2026-06-26,SKU008,125.0,904677.5,7237.42,0
2026-06-27,SKU008,132.0,955339.44,7237.42,0
2026-06-28,SKU008,125.0,904677.5,7237.42,0
2026-06-29,SKU008,106.0,767166.52,7237.42,0
2026-06-30,SKU008,112.0,810591.04,7237.42,0
2025-01-01,SKU009,18.0,76898.34,4272.13,0
2025-01-02,SKU009,22.0,93986.86,4272.13,0
2025-01-03,SKU009,24.0,102531.12,4272.13,0
2025-01-04,SKU009,23.0,98258.99,4272.13,0
2025-01-05,SKU009,14.0,59809.82,4272.13,0
2025-01-06,SKU009,15.0,64081.95,4272.13,0
2025-01-07,SKU009,9.0,38449.17,4272.13,0
2025-01-08,SKU009,17.0,72626.21,4272.13,0
2025-01-09,SKU009,16.0,68354.08,4272.13,0
2025-01-10,SKU009,18.0,70746.47,4272.13,1
2025-01-11,SKU009,33.0,129701.87,4272.13,1
2025-01-12,SKU009,23.0,90398.27,4272.13,1
2025-01-13,SKU009,22.0,86467.91,4272.13,1
2025-01-14,SKU009,10.0,39303.6,4272.13,1
2025-01-15,SKU009,19.0,74676.83,4272.13,1
2025-01-16,SKU009,26.0,111075.38,4272.13,0
2025-01-17,SKU009,28.0,119619.64,4272.13,0
2025-01-18,SKU009,23.0,98258.99,4272.13,0
2025-01-19,SKU009,12.0,51265.56,4272.13,0
2025-01-20,SKU009,18.0,76898.34,4272.13,0
2025-01-21,SKU009,14.0,59809.82,4272.13,0
2025-01-22,SKU009,16.0,68354.08,4272.13,0
2025-01-23,SKU009,14.0,59809.82,4272.13,0
2025-01-24,SKU009,17.0,72626.21,4272.13,0
2025-01-25,SKU009,13.0,55537.69,4272.13,0
2025-01-26,SKU009,20.0,85442.6,4272.13,0
2025-01-27,SKU009,13.0,55537.69,4272.13,0
2025-01-28,SKU009,11.0,46993.43,4272.13,0
2025-01-29,SKU009,19.0,81170.47,4272.13,0
2025-01-30,SKU009,12.0,51265.56,4272.13,0
2025-01-31,SKU009,16.0,68354.08,4272.13,0
2025-02-01,SKU009,24.0,102531.12,4272.13,0
2025-02-02,SKU009,21.0,89714.73,4272.13,0
2025-02-03,SKU009,,46993.43,4272.13,0
2025-02-04,SKU009,20.0,85442.6,4272.13,0
2025-02-05,SKU009,21.0,89714.73,4272.13,0
2025-02-06,SKU009,12.0,51265.56,4272.13,0
2025-02-07,SKU009,23.0,98258.99,4272.13,0
2025-02-08,SKU009,27.0,115347.51,4272.13,0
2025-02-09,SKU009,16.0,68354.08,4272.13,0
2025-02-10,SKU009,12.0,51265.56,4272.13,0
2025-02-11,SKU009,8.0,34177.04,4272.13,0
2025-02-12,SKU009,19.0,81170.47,4272.13,0
2025-02-13,SKU009,9.0,38449.17,4272.13,0
2025-02-14,SKU009,19.0,81170.47,4272.13,0
2025-02-15,SKU009,32.0,136708.16,4272.13,0
2025-02-16,SKU009,19.0,81170.47,4272.13,0
2025-02-17,SKU009,18.0,76898.34,4272.13,0
2025-02-18,SKU009,11.0,46993.43,4272.13,0
2025-02-19,SKU009,19.0,81170.47,4272.13,0
2025-02-20,SKU009,17.0,72626.21,4272.13,0
2025-02-21,SKU009,21.0,89714.73,4272.13,0
2025-02-22,SKU009,21.0,89714.73,4272.13,0
2025-02-23,SKU009,14.0,59809.82,4272.13,0
2025-02-24,SKU009,12.0,51265.56,4272.13,0
2025-02-25,SKU009,11.0,46993.43,4272.13,0
2025-02-26,SKU009,15.0,64081.95,4272.13,0
2025-02-27,SKU009,18.0,76898.34,4272.13,0
2025-02-28,SKU009,26.0,111075.38,4272.13,0
2025-03-01,SKU009,15.0,64081.95,4272.13,0
2025-03-02,SKU009,19.0,81170.47,4272.13,0
2025-03-03,SKU009,12.0,51265.56,4272.13,0
2025-03-04,SKU009,16.0,68354.08,4272.13,0
2025-03-05,SKU009,15.0,64081.95,4272.13,0
2025-03-06,SKU009,10.0,42721.3,4272.13,0
2025-03-07,SKU009,16.0,68354.08,4272.13,0
2025-03-08,SKU009,13.0,55537.69,4272.13,0
2025-03-09,SKU009,17.0,72626.21,4272.13,0
2025-03-10,SKU009,16.0,68354.08,4272.13,0
2025-03-11,SKU009,11.0,46993.43,4272.13,0
2025-03-12,SKU009,20.0,85442.6,4272.13,0
2025-03-13,SKU009,23.0,98258.99,4272.13,0
2025-03-14,SKU009,18.0,76898.34,4272.13,0
2025-03-15,SKU009,9.0,38449.17,4272.13,0
2025-03-16,SKU009,19.0,81170.47,4272.13,0
2025-03-17,SKU009,9.0,38449.17,4272.13,0
2025-03-18,SKU009,17.0,72626.21,4272.13,0
2025-03-19,SKU009,15.0,64081.95,4272.13,0
2025-03-20,SKU009,16.0,62885.75,4272.13,1
2025-03-21,SKU009,20.0,78607.19,4272.13,1
2025-03-22,SKU009,19.0,74676.83,4272.13,1
2025-03-23,SKU009,25.0,98258.99,4272.13,1
2025-03-24,SKU009,19.0,74676.83,4272.13,1
2025-03-25,SKU009,15.0,58955.39,4272.13,1
2025-03-26,SKU009,14.0,55025.03,4272.13,1
2025-03-27,SKU009,20.0,78607.19,4272.13,1
2025-03-28,SKU009,15.0,64081.95,4272.13,0
2025-03-29,SKU009,15.0,64081.95,4272.13,0
2025-03-30,SKU009,14.0,59809.82,4272.13,0
2025-03-31,SKU009,13.0,55537.69,4272.13,0
2025-04-01,SKU009,22.0,93986.86,4272.13,0
2025-04-02,SKU009,14.0,59809.82,4272.13,0
2025-04-03,SKU009,9.0,38449.17,4272.13,0
2025-04-04,SKU009,16.0,68354.08,4272.13,0
2025-04-05,SKU009,19.0,81170.47,4272.13,0
2025-04-06,SKU009,22.0,93986.86,4272.13,0
2025-04-07,SKU009,7.0,29904.91,4272.13,0
2025-04-08,SKU009,8.0,34177.04,4272.13,0
2025-04-09,SKU009,17.0,72626.21,4272.13,0
2025-04-10,SKU009,12.0,51265.56,4272.13,0
2025-04-11,SKU009,22.0,93986.86,4272.13,0
2025-04-12,SKU009,17.0,72626.21,4272.13,0
2025-04-13,SKU009,17.0,72626.21,4272.13,0
2025-04-14,SKU009,16.0,68354.08,4272.13,0
2025-04-15,SKU009,11.0,46993.43,4272.13,0
2025-04-16,SKU009,15.0,64081.95,4272.13,0
2025-04-17,SKU009,12.0,51265.56,4272.13,0
2025-04-18,SKU009,23.0,98258.99,4272.13,0
2025-04-19,SKU009,17.0,72626.21,4272.13,0
2025-04-20,SKU009,15.0,64081.95,4272.13,0
2025-04-21,SKU009,7.0,29904.91,4272.13,0
2025-04-22,SKU009,14.0,59809.82,4272.13,0
2025-04-23,SKU009,17.0,72626.21,4272.13,0
2025-04-24,SKU009,18.0,76898.34,4272.13,0
2025-04-25,SKU009,14.0,59809.82,4272.13,0
2025-04-26,SKU009,21.0,89714.73,4272.13,0
2025-04-27,SKU009,19.0,81170.47,4272.13,0
2025-04-28,SKU009,16.0,68354.08,4272.13,0
2025-04-29,SKU009,22.0,93986.86,4272.13,0
2025-04-30,SKU009,11.0,46993.43,4272.13,0
2025-05-01,SKU009,20.0,85442.6,4272.13,0
2025-05-02,SKU009,13.0,55537.69,4272.13,0
2025-05-03,SKU009,15.0,64081.95,4272.13,0
2025-05-04,SKU009,11.0,46993.43,4272.13,0
2025-05-05,SKU009,14.0,59809.82,4272.13,0
2025-05-06,SKU009,14.0,59809.82,4272.13,0
2025-05-07,SKU009,8.0,34177.04,4272.13,0
2025-05-08,SKU009,24.0,102531.12,4272.13,0
2025-05-09,SKU009,16.0,68354.08,4272.13,0
2025-05-10,SKU009,29.0,123891.77,4272.13,0
2025-05-11,SKU009,20.0,85442.6,4272.13,0
2025-05-12,SKU009,17.0,72626.21,4272.13,0
2025-05-13,SKU009,20.0,85442.6,4272.13,0
2025-05-14,SKU009,15.0,64081.95,4272.13,0
2025-05-15,SKU009,10.0,42721.3,4272.13,0
2025-05-16,SKU009,12.0,51265.56,4272.13,0
2025-05-17,SKU009,21.0,89714.73,4272.13,0
2025-05-18,SKU009,12.0,51265.56,4272.13,0
2025-05-19,SKU009,11.0,46993.43,4272.13,0
2025-05-20,SKU009,13.0,55537.69,4272.13,0
2025-05-21,SKU009,16.0,68354.08,4272.13,0
2025-05-22,SKU009,15.0,64081.95,4272.13,0
2025-05-23,SKU009,15.0,64081.95,4272.13,0
2025-05-24,SKU009,16.0,68354.08,4272.13,0
2025-05-25,SKU009,20.0,85442.6,4272.13,0
2025-05-26,SKU009,12.0,51265.56,4272.13,0
2025-05-27,SKU009,26.0,111075.38,4272.13,0
2025-05-28,SKU009,15.0,64081.95,4272.13,0
2025-05-29,SKU009,13.0,55537.69,4272.13,0
2025-05-30,SKU009,23.0,98258.99,4272.13,0
2025-05-31,SKU009,13.0,55537.69,4272.13,0
2025-06-01,SKU009,16.0,68354.08,4272.13,0
2025-06-02,SKU009,18.0,76898.34,4272.13,0
2025-06-03,SKU009,16.0,68354.08,4272.13,0
2025-06-04,SKU009,15.0,64081.95,4272.13,0
2025-06-05,SKU009,18.0,76898.34,4272.13,0
2025-06-06,SKU009,17.0,72626.21,4272.13,0
2025-06-07,SKU009,14.0,59809.82,4272.13,0
2025-06-08,SKU009,22.0,93986.86,4272.13,0
2025-06-09,SKU009,19.0,81170.47,4272.13,0
2025-06-10,SKU009,30.0,117910.79,4272.13,1
2025-06-11,SKU009,20.0,78607.19,4272.13,1
2025-06-12,SKU009,28.0,110050.07,4272.13,1
2025-06-13,SKU009,47.0,184726.9,4272.13,1
2025-06-14,SKU009,22.0,86467.91,4272.13,1
2025-06-15,SKU009,27.0,106119.71,4272.13,1
2025-06-16,SKU009,20.0,78607.19,4272.13,1
2025-06-17,SKU009,19.0,74676.83,4272.13,1
2025-06-18,SKU009,13.0,51094.67,4272.13,1
2025-06-19,SKU009,17.0,66816.11,4272.13,1
2025-06-20,SKU009,26.0,102189.35,4272.13,1
2025-06-21,SKU009,22.0,93986.86,4272.13,0
2025-06-22,SKU009,26.0,111075.38,4272.13,0
2025-06-23,SKU009,24.0,102531.12,4272.13,0
2025-06-24,SKU009,23.0,98258.99,4272.13,0
2025-06-25,SKU009,13.0,55537.69,4272.13,0
2025-06-26,SKU009,11.0,46993.43,4272.13,0
2025-06-27,SKU009,24.0,102531.12,4272.13,0
2025-06-28,SKU009,17.0,72626.21,4272.13,0
2025-06-29,SKU009,16.0,68354.08,4272.13,0
2025-06-30,SKU009,25.0,106803.25,4272.13,0
2025-07-01,SKU009,14.0,59809.82,4272.13,0
2025-07-02,SKU009,15.0,64081.95,4272.13,0
2025-07-03,SKU009,16.0,68354.08,4272.13,0
2025-07-04,SKU009,22.0,93986.86,4272.13,0
2025-07-05,SKU009,18.0,76898.34,4272.13,0
2025-07-06,SKU009,19.0,81170.47,4272.13,0
2025-07-07,SKU009,20.0,85442.6,4272.13,0
2025-07-08,SKU009,23.0,98258.99,4272.13,0
2025-07-09,SKU009,25.0,106803.25,4272.13,0
2025-07-10,SKU009,15.0,64081.95,4272.13,0
2025-07-11,SKU009,18.0,76898.34,4272.13,0
2025-07-12,SKU009,28.0,119619.64,4272.13,0
2025-07-13,SKU009,21.0,89714.73,4272.13,0
2025-07-14,SKU009,23.0,98258.99,4272.13,0
2025-07-15,SKU009,19.0,81170.47,4272.13,0
2025-07-16,SKU009,28.0,119619.64,4272.13,0
2025-07-17,SKU009,14.0,59809.82,4272.13,0
2025-07-18,SKU009,29.0,123891.77,4272.13,0
2025-07-19,SKU009,19.0,81170.47,4272.13,0
2025-07-20,SKU009,16.0,68354.08,4272.13,0
2025-07-21,SKU009,17.0,72626.21,4272.13,0
2025-07-22,SKU009,25.0,106803.25,4272.13,0
2025-07-23,SKU009,22.0,93986.86,4272.13,0
2025-07-24,SKU009,26.0,111075.38,4272.13,0
2025-07-25,SKU009,11.0,46993.43,4272.13,0
2025-07-26,SKU009,15.0,64081.95,4272.13,0
2025-07-27,SKU009,16.0,68354.08,4272.13,0
2025-07-28,SKU009,18.0,76898.34,4272.13,0
2025-07-29,SKU009,11.0,46993.43,4272.13,0
2025-07-30,SKU009,11.0,46993.43,4272.13,0
2025-07-31,SKU009,19.0,81170.47,4272.13,0
2025-08-01,SKU009,11.0,46993.43,4272.13,0
2025-08-02,SKU009,17.0,72626.21,4272.13,0
2025-08-03,SKU009,21.0,89714.73,4272.13,0
2025-08-04,SKU009,22.0,93986.86,4272.13,0
2025-08-05,SKU009,11.0,46993.43,4272.13,0
2025-08-06,SKU009,20.0,85442.6,4272.13,0
2025-08-07,SKU009,18.0,76898.34,4272.13,0
2025-08-08,SKU009,17.0,72626.21,4272.13,0
2025-08-09,SKU009,33.0,140980.29,4272.13,0
2025-08-10,SKU009,11.0,46993.43,4272.13,0
2025-08-11,SKU009,10.0,42721.3,4272.13,0
2025-08-12,SKU009,13.0,55537.69,4272.13,0
2025-08-13,SKU009,23.0,98258.99,4272.13,0
2025-08-14,SKU009,14.0,59809.82,4272.13,0
2025-08-15,SKU009,12.0,51265.56,4272.13,0
2025-08-16,SKU009,21.0,89714.73,4272.13,0
2025-08-17,SKU009,19.0,81170.47,4272.13,0
2025-08-18,SKU009,14.0,59809.82,4272.13,0
2025-08-19,SKU009,15.0,64081.95,4272.13,0
2025-08-20,SKU009,26.0,111075.38,4272.13,0
2025-08-21,SKU009,17.0,72626.21,4272.13,0
2025-08-22,SKU009,23.0,98258.99,4272.13,0
2025-08-23,SKU009,16.0,68354.08,4272.13,0
2025-08-24,SKU009,20.0,85442.6,4272.13,0
2025-08-25,SKU009,20.0,85442.6,4272.13,0
2025-08-26,SKU009,21.0,89714.73,4272.13,0
2025-08-27,SKU009,20.0,85442.6,4272.13,0
2025-08-28,SKU009,16.0,68354.08,4272.13,0
2025-08-29,SKU009,22.0,93986.86,4272.13,0
2025-08-30,SKU009,28.0,119619.64,4272.13,0
2025-08-31,SKU009,16.0,68354.08,4272.13,0
2025-09-01,SKU009,14.0,59809.82,4272.13,0
2025-09-02,SKU009,17.0,72626.21,4272.13,0
2025-09-03,SKU009,14.0,59809.82,4272.13,0
2025-09-04,SKU009,15.0,64081.95,4272.13,0
2025-09-05,SKU009,17.0,72626.21,4272.13,0
2025-09-06,SKU009,17.0,72626.21,4272.13,0
2025-09-07,SKU009,11.0,46993.43,4272.13,0
2025-09-08,SKU009,15.0,64081.95,4272.13,0
2025-09-09,SKU009,19.0,81170.47,4272.13,0
2025-09-10,SKU009,9.0,38449.17,4272.13,0
2025-09-11,SKU009,15.0,64081.95,4272.13,0
2025-09-12,SKU009,,76898.34,4272.13,0
2025-09-13,SKU009,22.0,93986.86,4272.13,0
2025-09-14,SKU009,19.0,81170.47,4272.13,0
2025-09-15,SKU009,12.0,51265.56,4272.13,0
2025-09-16,SKU009,20.0,85442.6,4272.13,0
2025-09-17,SKU009,16.0,68354.08,4272.13,0
2025-09-18,SKU009,13.0,55537.69,4272.13,0
2025-09-19,SKU009,16.0,68354.08,4272.13,0
2025-09-20,SKU009,11.0,46993.43,4272.13,0
2025-09-21,SKU009,21.0,89714.73,4272.13,0
2025-09-22,SKU009,14.0,59809.82,4272.13,0
2025-09-23,SKU009,24.0,102531.12,4272.13,0
2025-09-24,SKU009,10.0,42721.3,4272.13,0
2025-09-25,SKU009,18.0,76898.34,4272.13,0
2025-09-26,SKU009,17.0,72626.21,4272.13,0
2025-09-27,SKU009,22.0,93986.86,4272.13,0
2025-09-28,SKU009,17.0,72626.21,4272.13,0
2025-09-29,SKU009,16.0,68354.08,4272.13,0
2025-09-30,SKU009,18.0,76898.34,4272.13,0
2025-10-01,SKU009,22.0,86467.91,4272.13,1
2025-10-02,SKU009,29.0,113980.43,4272.13,1
2025-10-03,SKU009,35.0,137562.59,4272.13,1
2025-10-04,SKU009,23.0,90398.27,4272.13,1
2025-10-05,SKU009,23.0,90398.27,4272.13,1
2025-10-06,SKU009,22.0,86467.91,4272.13,1
2025-10-07,SKU009,27.0,106119.71,4272.13,1
2025-10-08,SKU009,15.0,58955.39,4272.13,1
2025-10-09,SKU009,22.0,86467.91,4272.13,1
2025-10-10,SKU009,36.0,141492.95,4272.13,1
2025-10-11,SKU009,16.0,68354.08,4272.13,0
2025-10-12,SKU009,20.0,85442.6,4272.13,0
2025-10-13,SKU009,17.0,72626.21,4272.13,0
2025-10-14,SKU009,13.0,55537.69,4272.13,0
2025-10-15,SKU009,16.0,68354.08,4272.13,0
2025-10-16,SKU009,16.0,68354.08,4272.13,0
2025-10-17,SKU009,15.0,64081.95,4272.13,0
2025-10-18,SKU009,28.0,119619.64,4272.13,0
2025-10-19,SKU009,8.0,34177.04,4272.13,0
2025-10-20,SKU009,13.0,55537.69,4272.13,0
2025-10-21,SKU009,24.0,102531.12,4272.13,0
2025-10-22,SKU009,20.0,85442.6,4272.13,0
2025-10-23,SKU009,17.0,72626.21,4272.13,0
2025-10-24,SKU009,14.0,59809.82,4272.13,0
2025-10-25,SKU009,16.0,68354.08,4272.13,0
2025-10-26,SKU009,13.0,55537.69,4272.13,0
2025-10-27,SKU009,13.0,55537.69,4272.13,0
2025-10-28,SKU009,17.0,72626.21,4272.13,0
2025-10-29,SKU009,10.0,42721.3,4272.13,0
2025-10-30,SKU009,13.0,55537.69,4272.13,0
2025-10-31,SKU009,19.0,81170.47,4272.13,0
2025-11-01,SKU009,25.0,106803.25,4272.13,0
2025-11-02,SKU009,26.0,111075.38,4272.13,0
2025-11-03,SKU009,12.0,51265.56,4272.13,0
2025-11-04,SKU009,15.0,64081.95,4272.13,0
2025-11-05,SKU009,10.0,42721.3,4272.13,0
2025-11-06,SKU009,10.0,42721.3,4272.13,0
2025-11-07,SKU009,21.0,89714.73,4272.13,0
2025-11-08,SKU009,23.0,98258.99,4272.13,0
2025-11-09,SKU009,8.0,34177.04,4272.13,0
2025-11-10,SKU009,10.0,42721.3,4272.13,0
2025-11-11,SKU009,15.0,64081.95,4272.13,0
2025-11-12,SKU009,15.0,64081.95,4272.13,0
2025-11-13,SKU009,13.0,55537.69,4272.13,0
2025-11-14,SKU009,14.0,59809.82,4272.13,0
2025-11-15,SKU009,23.0,98258.99,4272.13,0
2025-11-16,SKU009,14.0,59809.82,4272.13,0
2025-11-17,SKU009,15.0,64081.95,4272.13,0
2025-11-18,SKU009,12.0,51265.56,4272.13,0
2025-11-19,SKU009,25.0,106803.25,4272.13,0
2025-11-20,SKU009,18.0,70746.47,4272.13,1
2025-11-21,SKU009,23.0,90398.27,4272.13,1
2025-11-22,SKU009,23.0,90398.27,4272.13,1
2025-11-23,SKU009,24.0,94328.63,4272.13,1
2025-11-24,SKU009,20.0,78607.19,4272.13,1
2025-11-25,SKU009,24.0,94328.63,4272.13,1
2025-11-26,SKU009,29.0,113980.43,4272.13,1
2025-11-27,SKU009,18.0,70746.47,4272.13,1
2025-11-28,SKU009,24.0,94328.63,4272.13,1
2025-11-29,SKU009,29.0,113980.43,4272.13,1
2025-11-30,SKU009,32.0,125771.51,4272.13,1
2025-12-01,SKU009,8.0,34177.04,4272.13,0
2025-12-02,SKU009,19.0,81170.47,4272.13,0
2025-12-03,SKU009,11.0,46993.43,4272.13,0
2025-12-04,SKU009,18.0,76898.34,4272.13,0
2025-12-05,SKU009,30.0,128163.9,4272.13,0
2025-12-06,SKU009,24.0,102531.12,4272.13,0
2025-12-07,SKU009,16.0,68354.08,4272.13,0
2025-12-08,SKU009,15.0,64081.95,4272.13,0
2025-12-09,SKU009,22.0,93986.86,4272.13,0
2025-12-10,SKU009,23.0,98258.99,4272.13,0
2025-12-11,SKU009,25.0,106803.25,4272.13,0
2025-12-12,SKU009,13.0,55537.69,4272.13,0
2025-12-13,SKU009,34.0,145252.42,4272.13,0
2025-12-14,SKU009,18.0,76898.34,4272.13,0
2025-12-15,SKU009,23.0,90398.27,4272.13,1
2025-12-16,SKU009,40.0,157214.38,4272.13,1
2025-12-17,SKU009,22.0,86467.91,4272.13,1
2025-12-18,SKU009,23.0,90398.27,4272.13,1
2025-12-19,SKU009,46.0,180796.54,4272.13,1
2025-12-20,SKU009,33.0,129701.87,4272.13,1
2025-12-21,SKU009,,74676.83,4272.13,1
2025-12-22,SKU009,23.0,90398.27,4272.13,1
2025-12-23,SKU009,28.0,110050.07,4272.13,1
2025-12-24,SKU009,19.0,74676.83,4272.13,1
2025-12-25,SKU009,19.0,74676.83,4272.13,1
2025-12-26,SKU009,34.0,133632.23,4272.13,1
2025-12-27,SKU009,23.0,90398.27,4272.13,1
2025-12-28,SKU009,27.0,106119.71,4272.13,1
2025-12-29,SKU009,35.0,137562.59,4272.13,1
2025-12-30,SKU009,33.0,129701.87,4272.13,1
2025-12-31,SKU009,18.0,70746.47,4272.13,1
2026-01-01,SKU009,13.0,55537.69,4272.13,0
2026-01-02,SKU009,17.0,72626.21,4272.13,0
2026-01-03,SKU009,11.0,46993.43,4272.13,0
2026-01-04,SKU009,12.0,51265.56,4272.13,0
2026-01-05,SKU009,18.0,76898.34,4272.13,0
2026-01-06,SKU009,18.0,76898.34,4272.13,0
2026-01-07,SKU009,18.0,76898.34,4272.13,0
2026-01-08,SKU009,24.0,102531.12,4272.13,0
2026-01-09,SKU009,16.0,68354.08,4272.13,0
2026-01-10,SKU009,27.0,115347.51,4272.13,0
2026-01-11,SKU009,21.0,89714.73,4272.13,0
2026-01-12,SKU009,10.0,42721.3,4272.13,0
2026-01-13,SKU009,20.0,85442.6,4272.13,0
2026-01-14,SKU009,21.0,89714.73,4272.13,0
2026-01-15,SKU009,16.0,68354.08,4272.13,0
2026-01-16,SKU009,31.0,132436.03,4272.13,0
2026-01-17,SKU009,26.0,111075.38,4272.13,0
2026-01-18,SKU009,16.0,68354.08,4272.13,0
2026-01-19,SKU009,17.0,72626.21,4272.13,0
2026-01-20,SKU009,14.0,59809.82,4272.13,0
2026-01-21,SKU009,15.0,64081.95,4272.13,0
2026-01-22,SKU009,20.0,85442.6,4272.13,0
2026-01-23,SKU009,23.0,98258.99,4272.13,0
2026-01-24,SKU009,24.0,102531.12,4272.13,0
2026-01-25,SKU009,20.0,85442.6,4272.13,0
2026-01-26,SKU009,19.0,81170.47,4272.13,0
2026-01-27,SKU009,22.0,93986.86,4272.13,0
2026-01-28,SKU009,18.0,76898.34,4272.13,0
2026-01-29,SKU009,19.0,81170.47,4272.13,0
2026-01-30,SKU009,17.0,72626.21,4272.13,0
2026-01-31,SKU009,26.0,111075.38,4272.13,0
2026-02-01,SKU009,20.0,85442.6,4272.13,0
2026-02-02,SKU009,14.0,59809.82,4272.13,0
2026-02-03,SKU009,24.0,102531.12,4272.13,0
2026-02-04,SKU009,16.0,68354.08,4272.13,0
2026-02-05,SKU009,21.0,89714.73,4272.13,0
2026-02-06,SKU009,11.0,46993.43,4272.13,0
2026-02-07,SKU009,15.0,64081.95,4272.13,0
2026-02-08,SKU009,19.0,81170.47,4272.13,0
2026-02-09,SKU009,21.0,89714.73,4272.13,0
2026-02-10,SKU009,23.0,98258.99,4272.13,0
2026-02-11,SKU009,22.0,93986.86,4272.13,0
2026-02-12,SKU009,10.0,42721.3,4272.13,0
2026-02-13,SKU009,26.0,111075.38,4272.13,0
2026-02-14,SKU009,23.0,98258.99,4272.13,0
2026-02-15,SKU009,17.0,72626.21,4272.13,0
2026-02-16,SKU009,21.0,89714.73,4272.13,0
2026-02-17,SKU009,18.0,76898.34,4272.13,0
2026-02-18,SKU009,12.0,51265.56,4272.13,0
2026-02-19,SKU009,21.0,89714.73,4272.13,0
2026-02-20,SKU009,26.0,111075.38,4272.13,0
2026-02-21,SKU009,15.0,64081.95,4272.13,0
2026-02-22,SKU009,17.0,72626.21,4272.13,0
2026-02-23,SKU009,12.0,51265.56,4272.13,0
2026-02-24,SKU009,20.0,85442.6,4272.13,0
2026-02-25,SKU009,24.0,102531.12,4272.13,0
2026-02-26,SKU009,13.0,55537.69,4272.13,0
2026-02-27,SKU009,25.0,106803.25,4272.13,0
2026-02-28,SKU009,23.0,98258.99,4272.13,0
2026-03-01,SKU009,28.0,119619.64,4272.13,0
2026-03-02,SKU009,17.0,72626.21,4272.13,0
2026-03-03,SKU009,21.0,89714.73,4272.13,0
2026-03-04,SKU009,18.0,76898.34,4272.13,0
2026-03-05,SKU009,16.0,68354.08,4272.13,0
2026-03-06,SKU009,27.0,115347.51,4272.13,0
2026-03-07,SKU009,17.0,72626.21,4272.13,0
2026-03-08,SKU009,18.0,76898.34,4272.13,0
2026-03-09,SKU009,17.0,72626.21,4272.13,0
2026-03-10,SKU009,10.0,42721.3,,0
2026-03-11,SKU009,12.0,51265.56,4272.13,0
2026-03-12,SKU009,12.0,51265.56,4272.13,0
2026-03-13,SKU009,21.0,89714.73,4272.13,0
2026-03-14,SKU009,21.0,89714.73,4272.13,0
2026-03-15,SKU009,19.0,74676.83,4272.13,1
2026-03-16,SKU009,23.0,90398.27,4272.13,1
2026-03-17,SKU009,16.0,62885.75,4272.13,1
2026-03-18,SKU009,35.0,137562.59,4272.13,1
2026-03-19,SKU009,22.0,86467.91,4272.13,1
2026-03-20,SKU009,29.0,113980.43,4272.13,1
2026-03-21,SKU009,21.0,82537.55,4272.13,1
2026-03-22,SKU009,25.0,98258.99,4272.13,1
2026-03-23,SKU009,14.0,55025.03,4272.13,1
2026-03-24,SKU009,29.0,113980.43,4272.13,1
2026-03-25,SKU009,36.0,141492.95,4272.13,1
2026-03-26,SKU009,16.0,68354.08,4272.13,0
2026-03-27,SKU009,33.0,140980.29,4272.13,0
2026-03-28,SKU009,18.0,76898.34,4272.13,0
2026-03-29,SKU009,16.0,68354.08,4272.13,0
2026-03-30,SKU009,13.0,55537.69,4272.13,0
2026-03-31,SKU009,26.0,111075.38,4272.13,0
2026-04-01,SKU009,18.0,76898.34,4272.13,0
2026-04-02,SKU009,19.0,81170.47,4272.13,0
2026-04-03,SKU009,12.0,51265.56,4272.13,0
2026-04-04,SKU009,15.0,64081.95,4272.13,0
2026-04-05,SKU009,14.0,59809.82,4272.13,0
2026-04-06,SKU009,14.0,59809.82,4272.13,0
2026-04-07,SKU009,17.0,72626.21,4272.13,0
2026-04-08,sku009,13.0,55537.69,4272.13,0
2026-04-09,SKU009,12.0,51265.56,4272.13,0
2026-04-10,SKU009,20.0,85442.6,4272.13,0
2026-04-11,SKU009,13.0,55537.69,4272.13,0
2026-04-12,SKU009,19.0,81170.47,4272.13,0
2026-04-13,SKU009,21.0,89714.73,4272.13,0
2026-04-14,SKU009,16.0,68354.08,4272.13,0
2026-04-15,SKU009,25.0,106803.25,4272.13,0
2026-04-16,SKU009,20.0,85442.6,4272.13,0
2026-04-17,SKU009,13.0,55537.69,4272.13,0
2026-04-18,SKU009,19.0,81170.47,4272.13,0
2026-04-19,SKU009,17.0,72626.21,4272.13,0
2026-04-20,SKU009,21.0,89714.73,4272.13,0
2026-04-21,SKU009,13.0,55537.69,4272.13,0
2026-04-22,SKU009,17.0,72626.21,4272.13,0
2026-04-23,SKU009,16.0,68354.08,4272.13,0
2026-04-24,SKU009,14.0,59809.82,4272.13,0
2026-04-25,SKU009,19.0,81170.47,4272.13,0
2026-04-26,SKU009,12.0,51265.56,4272.13,0
2026-04-27,SKU009,16.0,68354.08,4272.13,0
2026-04-28,SKU009,23.0,98258.99,4272.13,0
2026-04-29,SKU009,17.0,72626.21,4272.13,0
2026-04-30,SKU009,20.0,85442.6,4272.13,0
2026-05-01,SKU009,14.0,59809.82,4272.13,0
2026-05-02,SKU009,25.0,106803.25,4272.13,0
2026-05-03,SKU009,22.0,93986.86,4272.13,0
2026-05-04,SKU009,19.0,81170.47,4272.13,0
2026-05-05,SKU009,16.0,68354.08,4272.13,0
2026-05-06,SKU009,14.0,59809.82,4272.13,0
2026-05-07,SKU009,16.0,68354.08,4272.13,0
2026-05-08,SKU009,16.0,68354.08,4272.13,0
2026-05-09,SKU009,28.0,119619.64,4272.13,0
2026-05-10,SKU009,22.0,93986.86,4272.13,0
2026-05-11,SKU009,24.0,102531.12,4272.13,0
2026-05-12,SKU009,16.0,68354.08,4272.13,0
2026-05-13,SKU009,24.0,102531.12,4272.13,0
2026-05-14,SKU009,16.0,68354.08,4272.13,0
2026-05-15,SKU009,14.0,59809.82,4272.13,0
2026-05-16,SKU009,19.0,81170.47,4272.13,0
2026-05-17,SKU009,12.0,51265.56,4272.13,0
2026-05-18,SKU009,17.0,72626.21,4272.13,0
2026-05-19,SKU009,22.0,93986.86,4272.13,0
2026-05-20,SKU009,25.0,106803.25,4272.13,0
2026-05-21,SKU009,19.0,81170.47,4272.13,0
2026-05-22,SKU009,13.0,55537.69,4272.13,0
2026-05-23,SKU009,19.0,81170.47,4272.13,0
2026-05-24,SKU009,18.0,76898.34,4272.13,0
2026-05-25,SKU009,16.0,68354.08,4272.13,0
2026-05-26,SKU009,20.0,85442.6,4272.13,0
2026-05-27,SKU009,17.0,72626.21,4272.13,0
2026-05-28,SKU009,12.0,51265.56,4272.13,0
2026-05-29,SKU009,16.0,68354.08,4272.13,0
2026-05-30,SKU009,21.0,89714.73,4272.13,0
2026-05-31,SKU009,14.0,59809.82,4272.13,0
2026-06-01,SKU009,13.0,55537.69,4272.13,0
2026-06-02,SKU009,20.0,85442.6,4272.13,0
2026-06-03,SKU009,21.0,89714.73,4272.13,0
2026-06-04,SKU009,20.0,85442.6,4272.13,0
2026-06-05,SKU009,29.0,123891.77,4272.13,0
2026-06-06,SKU009,28.0,119619.64,4272.13,0
2026-06-07,SKU009,18.0,76898.34,4272.13,0
2026-06-08,SKU009,26.0,111075.38,4272.13,0
2026-06-09,SKU009,13.0,55537.69,4272.13,0
2026-06-10,SKU009,18.0,70746.47,4272.13,1
2026-06-11,SKU009,34.0,133632.23,4272.13,1
2026-06-12,SKU009,26.0,102189.35,4272.13,1
2026-06-13,SKU009,25.0,98258.99,4272.13,1
2026-06-14,SKU009,36.0,141492.95,4272.13,1
2026-06-15,SKU009,25.0,98258.99,4272.13,1
2026-06-16,SKU009,27.0,106119.71,4272.13,1
2026-06-17,SKU009,28.0,110050.07,4272.13,1
2026-06-18,SKU009,24.0,94328.63,4272.13,1
2026-06-19,SKU009,28.0,110050.07,4272.13,1
2026-06-20,SKU009,30.0,117910.79,4272.13,1
2026-06-21,SKU009,22.0,93986.86,4272.13,0
2026-06-22,SKU009,19.0,81170.47,4272.13,0
2026-06-23,SKU009,23.0,98258.99,4272.13,0
2026-06-24,SKU009,19.0,81170.47,4272.13,0
2026-06-25,SKU009,32.0,136708.16,4272.13,0
2026-06-26,SKU009,22.0,93986.86,4272.13,0
2026-06-27,SKU009,20.0,85442.6,4272.13,0
2026-06-28,SKU009,18.0,76898.34,4272.13,0
2026-06-29,SKU009,17.0,72626.21,4272.13,0
2026-06-30,SKU009,25.0,106803.25,4272.13,0
2025-01-14,SKU010,65.0,509814.73,8525.33,1
2025-01-15,SKU010,69.0,541187.95,8525.33,1
2025-01-16,SKU010,38.0,323962.54,8525.33,0
2025-01-17,SKU010,60.0,511519.8,8525.33,0
2025-01-18,SKU010,43.0,366589.19,8525.33,0
2025-01-19,SKU010,44.0,375114.52,8525.33,0
2025-01-20,SKU010,44.0,375114.52,8525.33,0
2025-01-21,SKU010,46.0,392165.18,8525.33,0
2025-01-22,SKU010,53.0,451842.49,8525.33,0
2025-01-23,SKU010,33.0,281335.89,8525.33,0
2025-01-24,SKU010,42.0,358063.86,8525.33,0
2025-01-25,SKU010,45.0,383639.85,8525.33,0
2025-01-26,SKU010,63.0,537095.79,8525.33,0
2025-01-27,SKU010,51.0,434791.83,8525.33,0
2025-01-28,SKU010,50.0,426266.5,8525.33,0
2025-01-29,SKU010,50.0,426266.5,8525.33,0
2025-01-30,SKU010,53.0,451842.49,8525.33,0
2025-01-31,SKU010,49.0,417741.17,8525.33,0
2025-02-01,SKU010,55.0,468893.15,8525.33,0
2025-02-02,SKU010,32.0,272810.56,8525.33,0
2025-02-03,SKU010,38.0,323962.54,8525.33,0
2025-02-04,SKU010,46.0,392165.18,8525.33,0
2025-02-05,SKU010,50.0,426266.5,8525.33,0
2025-02-06,SKU010,35.0,298386.55,8525.33,0
2025-02-07,SKU010,57.0,485943.81,8525.33,0
2025-02-08,SKU010,71.0,605298.43,8525.33,0
2025-02-09,SKU010,56.0,477418.48,8525.33,0
2025-02-10,SKU010,38.0,323962.54,8525.33,0
2025-02-11,SKU010,68.0,579722.44,8525.33,0
2025-02-12,SKU010,50.0,426266.5,8525.33,0
2025-02-13,SKU010,43.0,366589.19,8525.33,0
2025-02-14,SKU010,46.0,392165.18,8525.33,0
2025-02-15,SKU010,68.0,579722.44,8525.33,0
2025-02-16,SKU010,49.0,417741.17,8525.33,0
2025-02-17,SKU010,39.0,332487.87,8525.33,0
2025-02-18,SKU010,32.0,272810.56,8525.33,0
2025-02-19,SKU010,54.0,460367.82,8525.33,0
2025-02-20,SKU010,40.0,341013.2,8525.33,0
2025-02-21,SKU010,59.0,502994.47,8525.33,0
2025-02-22,SKU010,42.0,358063.86,8525.33,0
2025-02-23,SKU010,52.0,443317.16,8525.33,0
2025-02-24,SKU010,44.0,375114.52,8525.33,0
2025-02-25,SKU010,53.0,451842.49,8525.33,0
2025-02-26,SKU010,55.0,468893.15,8525.33,0
2025-02-27,SKU010,69.0,588247.77,8525.33,0
2025-02-28,SKU010,58.0,494469.14,8525.33,0
2025-03-01,SKU010,49.0,417741.17,8525.33,0
2025-03-02,SKU010,33.0,281335.89,8525.33,0
2025-03-03,SKU010,48.0,409215.84,8525.33,0
2025-03-04,SKU010,33.0,281335.89,8525.33,0
2025-03-05,SKU010,48.0,409215.84,8525.33,0
2025-03-06,SKU010,39.0,332487.87,8525.33,0
2025-03-07,SKU010,58.0,494469.14,8525.33,0
2025-03-08,SKU010,39.0,332487.87,8525.33,0
2025-03-09,SKU010,36.0,306911.88,8525.33,0
2025-03-10,SKU010,44.0,375114.52,8525.33,0
2025-03-11,SKU010,43.0,366589.19,8525.33,0
2025-03-12,SKU010,30.0,255759.9,8525.33,0
2025-03-13,SKU010,35.0,298386.55,8525.33,0
2025-03-14,SKU010,47.0,400690.51,8525.33,0
2025-03-15,SKU010,66.0,562671.78,8525.33,0
2025-03-16,SKU010,71.0,605298.43,8525.33,0
2025-03-17,SKU010,30.0,255759.9,8525.33,0
2025-03-18,SKU010,51.0,434791.83,8525.33,0
2025-03-19,SKU010,42.0,358063.86,8525.33,0
2025-03-20,SKU010,93.0,729427.23,8525.33,1
2025-03-21,SKU010,90.0,705897.32,8525.33,1
2025-03-22,SKU010,83.0,650994.2,8525.33,1
2025-03-23,SKU010,65.0,509814.73,8525.33,1
2025-03-24,SKU010,56.0,439225.0,8525.33,1
2025-03-25,SKU010,70.0,549031.25,8525.33,1
2025-03-26,SKU010,84.0,658837.5,8525.33,1
2025-03-27,SKU010,67.0,525501.34,8525.33,1
2025-03-28,SKU010,38.0,323962.54,8525.33,0
2025-03-29,SKU010,67.0,571197.11,8525.33,0
2025-03-30,SKU010,49.0,417741.17,8525.33,0
2025-03-31,SKU010,25.0,213133.25,8525.33,0
2025-04-01,SKU010,61.0,520045.13,8525.33,0
2025-04-02,SKU010,42.0,358063.86,8525.33,0
2025-04-03,SKU010,49.0,417741.17,8525.33,0
2025-04-04,SKU010,31.0,264285.23,8525.33,0
2025-04-05,SKU010,74.0,630874.42,8525.33,0
2025-04-06,SKU010,49.0,417741.17,8525.33,0
2025-04-07,SKU010,33.0,281335.89,8525.33,0
2025-04-08,SKU010,41.0,349538.53,8525.33,0
2025-04-09,SKU010,43.0,366589.19,8525.33,0
2025-04-10,SKU010,51.0,434791.83,8525.33,0
2025-04-11,SKU010,39.0,332487.87,8525.33,0
2025-04-12,SKU010,54.0,460367.82,8525.33,0
2025-04-13,SKU010,47.0,400690.51,8525.33,0
2025-04-14,SKU010,32.0,272810.56,8525.33,0
2025-04-15,SKU010,40.0,341013.2,8525.33,0
2025-04-16,SKU010,41.0,349538.53,8525.33,0
2025-04-17,SKU010,47.0,400690.51,8525.33,0
2025-04-18,SKU010,52.0,443317.16,8525.33,0
2025-04-19,SKU010,43.0,366589.19,8525.33,0
2025-04-20,SKU010,57.0,485943.81,8525.33,0
2025-04-21,SKU010,54.0,460367.82,8525.33,0
2025-04-22,SKU010,36.0,306911.88,8525.33,0
2025-04-23,SKU010,56.0,477418.48,8525.33,0
2025-04-24,SKU010,33.0,281335.89,8525.33,0
2025-04-25,SKU010,64.0,545621.12,8525.33,0
2025-04-26,SKU010,55.0,468893.15,8525.33,0
2025-04-27,SKU010,39.0,332487.87,8525.33,0
2025-04-28,SKU010,38.0,323962.54,8525.33,0
2025-04-29,SKU010,39.0,332487.87,8525.33,0
2025-04-30,SKU010,46.0,392165.18,8525.33,0
2025-05-01,SKU010,63.0,537095.79,8525.33,0
2025-05-02,SKU010,60.0,511519.8,8525.33,0
2025-05-03,SKU010,47.0,400690.51,8525.33,0
2025-05-04,SKU010,58.0,494469.14,8525.33,0
2025-05-05,SKU010,39.0,332487.87,8525.33,0
2025-05-06,SKU010,44.0,375114.52,8525.33,0
2025-05-07,SKU010,44.0,375114.52,8525.33,0
2025-05-08,SKU010,52.0,443317.16,8525.33,0
2025-05-09,SKU010,58.0,494469.14,8525.33,0
2025-05-10,SKU010,56.0,477418.48,8525.33,0
2025-05-11,SKU010,57.0,485943.81,8525.33,0
2025-05-12,SKU010,28.0,238709.24,8525.33,0
2025-05-13,SKU010,53.0,451842.49,8525.33,0
2025-05-14,SKU010,50.0,426266.5,8525.33,0
2025-05-15,SKU010,53.0,451842.49,8525.33,0
2025-05-16,SKU010,40.0,341013.2,8525.33,0
2025-05-17,SKU010,33.0,281335.89,8525.33,0
2025-05-18,SKU010,45.0,383639.85,8525.33,0
2025-05-19,SKU010,44.0,375114.52,8525.33,0
2025-05-20,SKU010,41.0,349538.53,8525.33,0
2025-05-21,SKU010,48.0,409215.84,8525.33,0
2025-05-22,SKU010,47.0,400690.51,8525.33,0
2025-05-23,SKU010,50.0,426266.5,8525.33,0
2025-05-24,SKU010,56.0,477418.48,,0
2025-05-25,SKU010,59.0,502994.47,8525.33,0
2025-05-26,SKU010,41.0,349538.53,8525.33,0
2025-05-27,SKU010,55.0,468893.15,8525.33,0
2025-05-28,SKU010,54.0,460367.82,8525.33,0
2025-05-29,SKU010,47.0,400690.51,8525.33,0
2025-05-30,SKU010,64.0,545621.12,8525.33,0
2025-05-31,SKU010,58.0,494469.14,8525.33,0
2025-06-01,SKU010,33.0,281335.89,8525.33,0
2025-06-02,SKU010,40.0,341013.2,8525.33,0
2025-06-03,SKU010,54.0,460367.82,8525.33,0
2025-06-04,SKU010,48.0,409215.84,8525.33,0
2025-06-05,SKU010,42.0,358063.86,8525.33,0
2025-06-06,SKU010,69.0,588247.77,8525.33,0
2025-06-07,SKU010,62.0,528570.46,8525.33,0
2025-06-08,SKU010,50.0,426266.5,8525.33,0
2025-06-09,SKU010,49.0,417741.17,8525.33,0
2025-06-10,SKU010,91.0,713740.63,8525.33,1
2025-06-11,SKU010,77.0,603934.38,8525.33,1
2025-06-12,SKU010,56.0,439225.0,8525.33,1
2025-06-13,SKU010,95.0,745113.84,8525.33,1
2025-06-14,SKU010,88.0,690210.72,8525.33,1
2025-06-15,SKU010,58.0,454911.61,8525.33,1
2025-06-16,SKU010,107.0,839233.49,8525.33,1
2025-06-17,SKU010,49.0,384321.88,8525.33,1
2025-06-18,SKU010,92.0,721583.93,8525.33,1
2025-06-19,SKU010,76.0,596091.07,8525.33,1
2025-06-20,SKU010,79.0,619620.98,8525.33,1
2025-06-21,SKU010,64.0,545621.12,8525.33,0
2025-06-22,SKU010,67.0,571197.11,8525.33,0
2025-06-23,SKU010,61.0,520045.13,8525.33,0
2025-06-24,SKU010,39.0,332487.87,8525.33,0
2025-06-25,SKU010,50.0,426266.5,8525.33,0
2025-06-26,SKU010,50.0,426266.5,8525.33,0
2025-06-27,SKU010,45.0,383639.85,8525.33,0
2025-06-28,SKU010,56.0,477418.48,8525.33,0
2025-06-29,SKU010,67.0,571197.11,8525.33,0
2025-06-30,SKU010,38.0,323962.54,8525.33,0
2025-07-01,SKU010,68.0,579722.44,8525.33,0
2025-07-02,SKU010,44.0,375114.52,8525.33,0
2025-07-03,SKU010,60.0,511519.8,8525.33,0
2025-07-04,SKU010,70.0,596773.1,8525.33,0
2025-07-05,SKU010,78.0,664975.74,8525.33,0
2025-07-06,SKU010,56.0,477418.48,8525.33,0
2025-07-07,SKU010,57.0,485943.81,8525.33,0
2025-07-08,SKU010,56.0,477418.48,8525.33,0
2025-07-09,SKU010,54.0,460367.82,8525.33,0
2025-07-10,SKU010,62.0,528570.46,8525.33,0
2025-07-11,SKU010,73.0,622349.09,8525.33,0
2025-07-12,SKU010,56.0,477418.48,8525.33,0
2025-07-13,SKU010,55.0,468893.15,8525.33,0
2025-07-14,SKU010,59.0,502994.47,8525.33,0
2025-07-15,SKU010,55.0,468893.15,8525.33,0
2025-07-16,SKU010,45.0,383639.85,8525.33,0
2025-07-17,SKU010,56.0,477418.48,8525.33,0
2025-07-18,SKU010,55.0,468893.15,8525.33,0
2025-07-19,SKU010,77.0,656450.41,8525.33,0
2025-07-20,SKU010,71.0,605298.43,8525.33,0
2025-07-21,SKU010,49.0,417741.17,8525.33,0
2025-07-22,SKU010,54.0,460367.82,8525.33,0
2025-07-23,SKU010,60.0,511519.8,8525.33,0
2025-07-24,SKU010,56.0,477418.48,8525.33,0
2025-07-25,SKU010,56.0,477418.48,8525.33,0
2025-07-26,SKU010,80.0,682026.4,8525.33,0
2025-07-27,SKU010,55.0,468893.15,8525.33,0
2025-07-28,SKU010,46.0,392165.18,8525.33,0
2025-07-29,SKU010,43.0,366589.19,8525.33,0
2025-07-30,SKU010,52.0,443317.16,8525.33,0
2025-07-31,SKU010,50.0,426266.5,8525.33,0
2025-08-01,SKU010,85.0,724653.05,8525.33,0
2025-08-02,SKU010,57.0,485943.81,8525.33,0
2025-08-03,SKU010,54.0,460367.82,8525.33,0
2025-08-04,SKU010,39.0,332487.87,8525.33,0
2025-08-05,SKU010,46.0,392165.18,8525.33,0
2025-08-06,SKU010,46.0,392165.18,8525.33,0
2025-08-07,SKU010,44.0,375114.52,8525.33,0
2025-08-08,SKU010,86.0,733178.38,8525.33,0
2025-08-09,SKU010,57.0,485943.81,8525.33,0
2025-08-10,SKU010,47.0,400690.51,8525.33,0
2025-08-11,SKU010,46.0,392165.18,8525.33,0
2025-08-12,SKU010,48.0,409215.84,8525.33,0
2025-08-13,SKU010,51.0,434791.83,8525.33,0
2025-08-14,SKU010,52.0,443317.16,8525.33,0
2025-08-15,SKU010,81.0,690551.73,8525.33,0
2025-08-16,SKU010,53.0,451842.49,8525.33,0
2025-08-17,SKU010,58.0,494469.14,8525.33,0
2025-08-18,SKU010,56.0,477418.48,8525.33,0
2025-08-19,SKU010,49.0,417741.17,8525.33,0
2025-08-20,SKU010,52.0,443317.16,8525.33,0
2025-08-21,SKU010,46.0,392165.18,8525.33,0
2025-08-22,SKU010,67.0,571197.11,8525.33,0
2025-08-23,SKU010,71.0,605298.43,8525.33,0
2025-08-24,SKU010,41.0,349538.53,8525.33,0
2025-08-25,SKU010,60.0,511519.8,8525.33,0
2025-08-26,SKU010,42.0,358063.86,8525.33,0
2025-08-27,SKU010,79.0,673501.07,8525.33,0
2025-08-28,SKU010,51.0,434791.83,8525.33,0
2025-08-29,SKU010,66.0,562671.78,8525.33,0
2025-08-30,SKU010,69.0,588247.77,8525.33,0
2025-08-31,SKU010,36.0,306911.88,8525.33,0
2025-09-01,SKU010,,298386.55,8525.33,0
2025-09-02,SKU010,37.0,315437.21,8525.33,0
2025-09-03,SKU010,43.0,366589.19,8525.33,0
2025-09-04,SKU010,62.0,528570.46,8525.33,0
2025-09-05,SKU010,55.0,468893.15,8525.33,0
2025-09-06,SKU010,52.0,443317.16,8525.33,0
2025-09-07,SKU010,52.0,443317.16,8525.33,0
2025-09-08,SKU010,53.0,451842.49,8525.33,0
2025-09-09,SKU010,49.0,417741.17,8525.33,0
2025-09-10,SKU010,58.0,494469.14,8525.33,0
2025-09-11,SKU010,28.0,238709.24,8525.33,0
2025-09-12,SKU010,60.0,511519.8,8525.33,0
2025-09-13,SKU010,41.0,349538.53,8525.33,0
2025-09-14,SKU010,36.0,306911.88,8525.33,0
2025-09-15,SKU010,47.0,400690.51,8525.33,0
2025-09-16,SKU010,37.0,315437.21,8525.33,0
2025-09-17,SKU010,66.0,562671.78,8525.33,0
2025-09-18,SKU010,33.0,281335.89,8525.33,0
2025-09-19,SKU010,39.0,332487.87,8525.33,0
2025-09-20,SKU010,57.0,485943.81,8525.33,0
2025-09-21,SKU010,55.0,468893.15,8525.33,0
2025-09-22,SKU010,48.0,409215.84,8525.33,0
2025-09-23,SKU010,49.0,417741.17,8525.33,0
2025-09-24,SKU010,44.0,375114.52,8525.33,0
2025-09-25,SKU010,46.0,392165.18,8525.33,0
2025-09-26,SKU010,60.0,511519.8,8525.33,0
2025-09-27,SKU010,51.0,434791.83,8525.33,0
2025-09-28,SKU010,64.0,545621.12,8525.33,0
2025-09-29,SKU010,42.0,358063.86,8525.33,0
2025-09-30,SKU010,44.0,375114.52,8525.33,0
2025-10-01,SKU010,56.0,439225.0,8525.33,1
2025-10-02,SKU010,72.0,564717.86,8525.33,1
2025-10-03,SKU010,69.0,541187.95,8525.33,1
2025-10-04,SKU010,57.0,447068.31,8525.33,1
2025-10-05,SKU010,51.0,400008.48,8525.33,1
2025-10-06,SKU010,49.0,384321.88,8525.33,1
2025-10-07,SKU010,84.0,658837.5,8525.33,1
2025-10-08,SKU010,64.0,501971.43,8525.33,1
2025-10-09,SKU010,62.0,486284.82,8525.33,1
2025-10-10,SKU010,61.0,478441.52,8525.33,1
2025-10-11,SKU010,64.0,545621.12,8525.33,0
2025-10-12,SKU010,43.0,366589.19,8525.33,0
2025-10-13,SKU010,41.0,349538.53,8525.33,0
2025-10-14,SKU010,56.0,477418.48,8525.33,0
2025-10-15,SKU010,40.0,341013.2,8525.33,0
2025-10-16,SKU010,50.0,426266.5,8525.33,0
2025-10-17,SKU010,49.0,417741.17,8525.33,0
2025-10-18,SKU010,51.0,434791.83,8525.33,0
2025-10-19,SKU010,41.0,349538.53,8525.33,0
2025-10-20,SKU010,47.0,400690.51,8525.33,0
2025-10-21,SKU010,58.0,494469.14,8525.33,0
2025-10-22,SKU010,54.0,460367.82,8525.33,0
2025-10-23,SKU010,65.0,554146.45,8525.33,0
2025-10-24,SKU010,79.0,673501.07,8525.33,0
2025-10-25,SKU010,66.0,562671.78,8525.33,0
2025-10-26,SKU010,44.0,375114.52,8525.33,0
2025-10-27,SKU010,39.0,332487.87,8525.33,0
2025-10-28,SKU010,56.0,477418.48,8525.33,0
2025-10-29,SKU010,58.0,494469.14,8525.33,0
2025-10-30,SKU010,56.0,477418.48,8525.33,0
2025-10-31,SKU010,64.0,545621.12,8525.33,0
2025-11-01,SKU010,71.0,605298.43,8525.33,0
2025-11-02,SKU010,37.0,315437.21,8525.33,0
2025-11-03,SKU010,42.0,358063.86,8525.33,0
2025-11-04,SKU010,68.0,579722.44,8525.33,0
2025-11-05,SKU010,46.0,392165.18,8525.33,0
2025-11-06,SKU010,44.0,375114.52,8525.33,0
2025-11-07,SKU010,63.0,537095.79,8525.33,0
2025-11-08,SKU010,58.0,494469.14,8525.33,0
2025-11-09,SKU010,46.0,392165.18,8525.33,0
2025-11-10,SKU010,47.0,400690.51,8525.33,0
2025-11-11,SKU010,40.0,341013.2,8525.33,0
2025-11-12,SKU010,57.0,485943.81,8525.33,0
2025-11-13,SKU010,57.0,485943.81,8525.33,0
2025-11-14,SKU010,72.0,613823.76,8525.33,0
2025-11-15,SKU010,58.0,494469.14,8525.33,0
2025-11-16,SKU010,42.0,358063.86,8525.33,0
2025-11-17,SKU010,39.0,332487.87,8525.33,0
2025-11-18,SKU010,54.0,460367.82,8525.33,0
2025-11-19,SKU010,65.0,554146.45,8525.33,0
2025-11-20,SKU010,79.0,619620.98,8525.33,1
2025-11-21,SKU010,81.0,635307.59,8525.33,1
2025-11-22,SKU010,111.0,870606.7,8525.33,1
2025-11-23,SKU010,69.0,541187.95,8525.33,1
2025-11-24,SKU010,46.0,360791.97,8525.33,1
2025-11-25,SKU010,71.0,556874.56,8525.33,1
2025-11-26,SKU010,,635307.59,8525.33,1
2025-11-27,SKU010,70.0,549031.25,8525.33,1
2025-11-28,SKU010,91.0,713740.63,8525.33,1
2025-11-29,SKU010,64.0,501971.43,8525.33,1
2025-11-30,SKU010,61.0,478441.52,8525.33,1
2025-12-01,SKU010,49.0,417741.17,8525.33,0
2025-12-02,SKU010,63.0,537095.79,8525.33,0
2025-12-03,SKU010,50.0,426266.5,8525.33,0
2025-12-04,SKU010,58.0,494469.14,8525.33,0
2025-12-05,SKU010,73.0,622349.09,8525.33,0
2025-12-06,SKU010,81.0,690551.73,8525.33,0
2025-12-07,SKU010,65.0,554146.45,8525.33,0
2025-12-08,SKU010,53.0,451842.49,8525.33,0
2025-12-09,SKU010,65.0,554146.45,8525.33,0
2025-12-10,SKU010,48.0,409215.84,8525.33,0
2025-12-11,SKU010,52.0,443317.16,8525.33,0
2025-12-12,SKU010,72.0,613823.76,8525.33,0
2025-12-13,SKU010,66.0,562671.78,8525.33,0
2025-12-14,SKU010,72.0,613823.76,8525.33,0
2025-12-15,SKU010,71.0,556874.56,8525.33,1
2025-12-16,SKU010,71.0,556874.56,8525.33,1
2025-12-17,SKU010,72.0,564717.86,8525.33,1
2025-12-18,SKU010,92.0,721583.93,8525.33,1
2025-12-19,SKU010,93.0,729427.23,8525.33,1
2025-12-20,SKU010,90.0,705897.32,8525.33,1
2025-12-21,SKU010,80.0,627464.29,8525.33,1
2025-12-22,SKU010,59.0,462754.91,8525.33,1
2025-12-23,SKU010,60.0,470598.22,8525.33,1
2025-12-24,SKU010,85.0,666680.81,8525.33,1
2025-12-25,SKU010,105.0,823546.88,8525.33,1
2025-12-26,SKU010,85.0,666680.81,8525.33,1
2025-12-27,SKU010,69.0,541187.95,8525.33,1
2025-12-28,SKU010,66.0,517658.04,8525.33,1
2025-12-29,SKU010,42.0,329418.75,8525.33,1
2025-12-30,SKU010,64.0,501971.43,8525.33,1
2025-12-31,SKU010,69.0,541187.95,8525.33,1
2026-01-01,SKU010,47.0,400690.51,8525.33,0
2026-01-02,SKU010,67.0,571197.11,8525.33,0
2026-01-03,SKU010,416.0,443317.16,8525.33,0
2026-01-04,SKU010,53.0,451842.49,8525.33,0
2026-01-05,SKU010,63.0,537095.79,8525.33,0
2026-01-06,SKU010,68.0,579722.44,8525.33,0
2026-01-07,SKU010,47.0,400690.51,8525.33,0
2026-01-08,SKU010,61.0,520045.13,8525.33,0
2026-01-09,SKU010,51.0,434791.83,8525.33,0
2026-01-10,SKU010,66.0,562671.78,8525.33,0
2026-01-11,SKU010,47.0,400690.51,8525.33,0
2026-01-12,SKU010,56.0,477418.48,8525.33,0
2026-01-13,SKU010,66.0,562671.78,8525.33,0
2026-01-14,SKU010,71.0,605298.43,8525.33,0
2026-01-15,SKU010,48.0,409215.84,8525.33,0
2026-01-16,SKU010,55.0,468893.15,8525.33,0
2026-01-17,SKU010,59.0,502994.47,8525.33,0
2026-01-18,SKU010,57.0,485943.81,8525.33,0
2026-01-19,SKU010,40.0,341013.2,8525.33,0
2026-01-20,SKU010,57.0,485943.81,8525.33,0
2026-01-21,SKU010,58.0,494469.14,8525.33,0
2026-01-22,SKU010,54.0,460367.82,8525.33,0
2026-01-23,SKU010,59.0,502994.47,8525.33,0
2026-01-24,SKU010,55.0,468893.15,8525.33,0
2026-01-25,SKU010,51.0,434791.83,8525.33,0
2026-01-26,SKU010,62.0,528570.46,8525.33,0
2026-01-27,SKU010,40.0,341013.2,8525.33,0
2026-01-28,SKU010,53.0,451842.49,8525.33,0
2026-01-29,SKU010,61.0,520045.13,8525.33,0
2026-01-30,SKU010,76.0,647925.08,8525.33,0
2026-01-31,SKU010,62.0,528570.46,8525.33,0
2026-02-01,SKU010,56.0,477418.48,8525.33,0
2026-02-02,SKU010,44.0,375114.52,8525.33,0
2026-02-03,SKU010,47.0,400690.51,8525.33,0
2026-02-04,SKU010,80.0,682026.4,8525.33,0
2026-02-05,SKU010,56.0,477418.48,8525.33,0
2026-02-06,SKU010,43.0,366589.19,8525.33,0
2026-02-07,SKU010,73.0,622349.09,8525.33,0
2026-02-08,SKU010,44.0,375114.52,8525.33,0
2026-02-09,SKU010,40.0,341013.2,8525.33,0
2026-02-10,SKU010,59.0,502994.47,8525.33,0
2026-02-11,SKU010,50.0,426266.5,8525.33,0
2026-02-12,SKU010,55.0,468893.15,8525.33,0
2026-02-13,SKU010,62.0,528570.46,8525.33,0
2026-02-14,SKU010,53.0,451842.49,8525.33,0
2026-02-15,SKU010,48.0,409215.84,8525.33,0
2026-02-16,SKU010,43.0,366589.19,8525.33,0
2026-02-17,SKU010,53.0,451842.49,8525.33,0
2026-02-18,SKU010,54.0,460367.82,8525.33,0
2026-02-19,SKU010,67.0,571197.11,8525.33,0
2026-02-20,SKU010,66.0,562671.78,8525.33,0
2026-02-21,SKU010,68.0,579722.44,8525.33,0
2026-02-22,SKU010,58.0,494469.14,8525.33,0
2026-02-23,SKU010,32.0,272810.56,8525.33,0
2026-02-24,SKU010,58.0,494469.14,8525.33,0
2026-02-25,SKU010,43.0,366589.19,8525.33,0
2026-02-26,SKU010,66.0,562671.78,8525.33,0
2026-02-27,SKU010,70.0,596773.1,8525.33,0
2026-02-28,SKU010,59.0,502994.47,8525.33,0
2026-03-01,SKU010,77.0,656450.41,8525.33,0
2026-03-02,SKU010,51.0,434791.83,8525.33,0
2026-03-03,SKU010,50.0,426266.5,8525.33,0
2026-03-04,SKU010,52.0,443317.16,8525.33,0
2026-03-05,SKU010,43.0,366589.19,8525.33,0
2026-03-06,SKU010,43.0,366589.19,8525.33,0
2026-03-07,SKU010,64.0,545621.12,8525.33,0
2026-03-08,SKU010,62.0,528570.46,8525.33,0
2026-03-09,SKU010,43.0,366589.19,8525.33,0
2026-03-10,SKU010,44.0,375114.52,8525.33,0
2026-03-11,SKU010,62.0,528570.46,8525.33,0
2026-03-12,SKU010,68.0,579722.44,8525.33,0
2026-03-13,SKU010,69.0,588247.77,8525.33,0
2026-03-14,SKU010,68.0,579722.44,8525.33,0
2026-03-15,SKU010,63.0,494128.13,8525.33,1
2026-03-16,SKU010,66.0,517658.04,8525.33,1
2026-03-17,SKU010,86.0,674524.11,8525.33,1
2026-03-18,SKU010,64.0,501971.43,8525.33,1
2026-03-19,SKU010,87.0,682367.41,8525.33,1
2026-03-20,SKU010,80.0,627464.29,8525.33,1
2026-03-21,SKU010,83.0,650994.2,8525.33,1
2026-03-22,SKU010,78.0,611777.68,8525.33,1
2026-03-23,SKU010,58.0,454911.61,8525.33,1
2026-03-24,SKU010,63.0,494128.13,8525.33,1
2026-03-25,SKU010,66.0,517658.04,8525.33,1
2026-03-26,SKU010,55.0,468893.15,8525.33,0
2026-03-27,SKU010,56.0,477418.48,8525.33,0
2026-03-28,SKU010,54.0,460367.82,8525.33,0
2026-03-29,SKU010,48.0,409215.84,8525.33,0
2026-03-30,SKU010,39.0,332487.87,8525.33,0
2026-03-31,SKU010,68.0,579722.44,8525.33,0
2026-04-01,SKU010,35.0,298386.55,8525.33,0
2026-04-02,SKU010,56.0,477418.48,8525.33,0
2026-04-03,SKU010,59.0,502994.47,8525.33,0
2026-04-04,SKU010,64.0,545621.12,8525.33,0
2026-04-05,SKU010,49.0,417741.17,8525.33,0
2026-04-06,SKU010,45.0,383639.85,8525.33,0
2026-04-07,SKU010,55.0,468893.15,8525.33,0
2026-04-08,SKU010,45.0,383639.85,8525.33,0
2026-04-09,SKU010,50.0,426266.5,8525.33,0
2026-04-10,SKU010,69.0,588247.77,8525.33,0
2026-04-11,SKU010,55.0,468893.15,8525.33,0
2026-04-12,SKU010,51.0,434791.83,8525.33,0
2026-04-13,SKU010,52.0,443317.16,8525.33,0
2026-04-14,SKU010,52.0,443317.16,8525.33,0
2026-04-15,SKU010,45.0,383639.85,8525.33,0
2026-04-16,SKU010,55.0,468893.15,8525.33,0
2026-04-17,SKU010,59.0,502994.47,8525.33,0
2026-04-18,SKU010,40.0,341013.2,8525.33,0
2026-04-19,SKU010,49.0,417741.17,8525.33,0
2026-04-20,SKU010,50.0,426266.5,8525.33,0
2026-04-21,SKU010,53.0,451842.49,8525.33,0
2026-04-22,SKU010,62.0,528570.46,8525.33,0
2026-04-23,SKU010,55.0,468893.15,8525.33,0
2026-04-24,SKU010,63.0,537095.79,8525.33,0
2026-04-25,SKU010,75.0,639399.75,8525.33,0
2026-04-26,SKU010,47.0,400690.51,8525.33,0
2026-04-27,SKU010,62.0,528570.46,8525.33,0
2026-04-28,SKU010,54.0,460367.82,8525.33,0
2026-04-29,SKU010,44.0,375114.52,8525.33,0
2026-04-30,SKU010,77.0,656450.41,8525.33,0
2026-05-01,SKU010,62.0,528570.46,8525.33,0
2026-05-02,SKU010,63.0,537095.79,8525.33,0
2026-05-03,SKU010,47.0,400690.51,8525.33,0
2026-05-04,SKU010,44.0,375114.52,8525.33,0
2026-05-05,SKU010,55.0,468893.15,8525.33,0
2026-05-06,SKU010,51.0,434791.83,8525.33,0
2026-05-07,SKU010,61.0,520045.13,8525.33,0
2026-05-08,SKU010,64.0,545621.12,8525.33,0
2026-05-09,SKU010,69.0,588247.77,8525.33,0
2026-05-10,SKU010,58.0,494469.14,8525.33,0
2026-05-11,SKU010,59.0,502994.47,,0
2026-05-12,SKU010,73.0,622349.09,8525.33,0
2026-05-13,SKU010,46.0,392165.18,8525.33,0
2026-05-14,SKU010,46.0,392165.18,8525.33,0
2026-05-15,SKU010,43.0,366589.19,8525.33,0
2026-05-16,SKU010,68.0,579722.44,8525.33,0
2026-05-17,SKU010,41.0,349538.53,8525.33,0
2026-05-18,SKU010,42.0,358063.86,8525.33,0
2026-05-19,SKU010,50.0,426266.5,8525.33,0
2026-05-20,SKU010,55.0,468893.15,8525.33,0
2026-05-21,SKU010,47.0,400690.51,8525.33,0
2026-05-22,SKU010,50.0,426266.5,8525.33,0
2026-05-23,SKU010,61.0,520045.13,8525.33,0
2026-05-24,SKU010,48.0,409215.84,8525.33,0
2026-05-25,SKU010,36.0,306911.88,8525.33,0
2026-05-26,SKU010,57.0,485943.81,8525.33,0
2026-05-27,SKU010,49.0,417741.17,8525.33,0
2026-05-28,SKU010,50.0,426266.5,8525.33,0
2026-05-29,SKU010,58.0,494469.14,8525.33,0
2026-05-30,SKU010,66.0,562671.78,8525.33,0
2026-05-31,SKU010,54.0,460367.82,8525.33,0
2026-06-01,SKU010,55.0,468893.15,8525.33,0
2026-06-02,SKU010,62.0,528570.46,8525.33,0
2026-06-03,SKU010,70.0,596773.1,8525.33,0
2026-06-04,SKU010,43.0,366589.19,8525.33,0
2026-06-05,SKU010,54.0,460367.82,8525.33,0
2026-06-06,SKU010,68.0,579722.44,8525.33,0
2026-06-07,SKU010,46.0,392165.18,8525.33,0
2026-06-08,SKU010,72.0,613823.76,8525.33,0
2026-06-09,SKU010,46.0,392165.18,8525.33,0
2026-06-10,SKU010,80.0,627464.29,8525.33,1
2026-06-11,SKU010,54.0,423538.39,8525.33,1
2026-06-12,SKU010,87.0,682367.41,8525.33,1
2026-06-13,SKU010,100.0,784330.36,8525.33,1
2026-06-14,SKU010,66.0,517658.04,8525.33,1
2026-06-15,SKU010,59.0,462754.91,8525.33,1
2026-06-16,SKU010,62.0,486284.82,8525.33,1
2026-06-17,SKU010,65.0,509814.73,8525.33,1
2026-06-18,SKU010,78.0,611777.68,8525.33,1
2026-06-19,SKU010,97.0,760800.45,8525.33,1
2026-06-20,SKU010,110.0,862763.4,8525.33,1
2026-06-21,SKU010,60.0,511519.8,8525.33,0
2026-06-22,SKU010,60.0,511519.8,8525.33,0
2026-06-23,SKU010,57.0,485943.81,8525.33,0
2026-06-24,SKU010,53.0,451842.49,8525.33,0
2026-06-25,SKU010,76.0,647925.08,8525.33,0
2026-06-26,SKU010,102.0,869583.66,8525.33,0
2026-06-27,SKU010,67.0,571197.11,8525.33,0
2026-06-28,SKU010,62.0,528570.46,8525.33,0
2026-06-29,SKU010,68.0,579722.44,8525.33,0
2026-06-30,SKU010,50.0,426266.5,8525.33,0
2025-01-14,SKU011,94.0,274823.93,3177.89,1
2025-01-15,SKU011,92.0,268976.61,3177.89,1
2025-01-16,SKU011,92.0,292365.88,3177.89,0
2025-01-17,SKU011,87.0,276476.43,3177.89,0
2025-01-18,SKU011,99.0,314611.11,3177.89,0
2025-01-19,SKU011,117.0,371813.13,3177.89,0
2025-01-20,SKU011,83.0,263764.87,3177.89,0
2025-01-21,SKU011,71.0,225630.19,3177.89,0
2025-01-22,SKU011,102.0,324144.78,3177.89,0
2025-01-23,SKU011,102.0,324144.78,3177.89,0
2025-01-24,SKU011,114.0,362279.46,3177.89,0
2025-01-25,SKU011,114.0,362279.46,3177.89,0
2025-01-26,SKU011,101.0,320966.89,3177.89,0
2025-01-27,SKU011,98.0,311433.22,3177.89,0
2025-01-28,SKU011,107.0,340034.23,3177.89,0
2025-01-29,SKU011,109.0,346390.01,3177.89,0
2025-01-30,SKU011,89.0,282832.21,3177.89,0
2025-01-31,SKU011,111.0,352745.79,3177.89,0
2025-02-01,SKU011,103.0,327322.67,3177.89,0
2025-02-02,SKU011,76.0,241519.64,3177.89,0
2025-02-03,SKU011,112.0,355923.68,3177.89,0
2025-02-04,SKU011,94.0,298721.66,3177.89,0
2025-02-05,SKU011,94.0,298721.66,3177.89,0
2025-02-06,SKU011,104.0,330500.56,3177.89,0
2025-02-07,SKU011,129.0,409947.81,3177.89,0
2025-02-08,SKU011,152.0,483039.28,3177.89,0
2025-02-09,SKU011,94.0,298721.66,3177.89,0
2025-02-10,SKU011,75.0,238341.75,3177.89,0
2025-02-11,SKU011,74.0,235163.86,3177.89,0
2025-02-12,SKU011,95.0,301899.55,3177.89,0
2025-02-13,SKU011,108.0,343212.12,3177.89,0
2025-02-14,SKU011,111.0,352745.79,3177.89,0
2025-02-15,SKU011,110.0,349567.9,3177.89,0
2025-02-16,SKU011,124.0,394058.36,3177.89,0
2025-02-17,SKU011,88.0,279654.32,3177.89,0
2025-02-18,SKU011,74.0,235163.86,3177.89,0
2025-02-19,SKU011,92.0,292365.88,3177.89,0
2025-02-20,SKU011,101.0,320966.89,3177.89,0
2025-02-21,SKU011,78.0,247875.42,3177.89,0
2025-02-22,SKU011,91.0,289187.99,3177.89,0
2025-02-23,SKU011,109.0,346390.01,3177.89,0
2025-02-24,SKU011,100.0,317789.0,3177.89,0
2025-02-25,SKU011,88.0,279654.32,3177.89,0
2025-02-26,SKU011,96.0,305077.44,3177.89,0
2025-02-27,SKU011,93.0,295543.77,3177.89,0
2025-02-28,SKU011,112.0,355923.68,3177.89,0
2025-03-01,SKU011,71.0,225630.19,3177.89,0
2025-03-02,SKU011,65.0,206562.85,3177.89,0
2025-03-03,SKU011,86.0,273298.54,3177.89,0
2025-03-04,SKU011,92.0,292365.88,3177.89,0
2025-03-05,SKU011,88.0,279654.32,3177.89,0
2025-03-06,SKU011,90.0,286010.1,3177.89,0
2025-03-07,SKU011,120.0,381346.8,3177.89,0
2025-03-08,SKU011,108.0,343212.12,3177.89,0
2025-03-09,SKU011,81.0,257409.09,3177.89,0
2025-03-10,SKU011,80.0,254231.2,3177.89,0
2025-03-11,SKU011,102.0,324144.78,3177.89,0
2025-03-12,SKU011,89.0,282832.21,3177.89,0
2025-03-13,SKU011,91.0,289187.99,3177.89,0
2025-03-14,SKU011,87.0,276476.43,3177.89,0
2025-03-15,SKU011,77.0,244697.53,3177.89,0
2025-03-16,SKU011,61.0,193851.29,3177.89,0
2025-03-17,SKU011,70.0,222452.3,3177.89,0
2025-03-18,SKU011,112.0,355923.68,3177.89,0
2025-03-19,SKU011,94.0,298721.66,3177.89,0
2025-03-20,SKU011,154.0,450243.46,3177.89,1
2025-03-21,SKU011,173.0,505792.97,3177.89,1
2025-03-22,SKU011,137.0,400541.26,3177.89,1
2025-03-23,SKU011,151.0,441472.48,3177.89,1
2025-03-24,SKU011,125.0,365457.35,3177.89,1
2025-03-25,SKU011,124.0,362533.69,3177.89,1
2025-03-26,SKU011,120.0,350839.06,3177.89,1
2025-03-27,SKU011,131.0,382999.3,3177.89,1
2025-03-28,SKU011,85.0,270120.65,3177.89,0
2025-03-29,SKU011,80.0,254231.2,3177.89,0
2025-03-30,SKU011,72.0,228808.08,3177.89,0
2025-03-31,SKU011,79.0,251053.31,3177.89,0
2025-04-01,SKU011,104.0,330500.56,3177.89,0
2025-04-02,SKU011,90.0,286010.1,3177.89,0
2025-04-03,SKU011,137.0,435370.93,3177.89,0
2025-04-04,SKU011,108.0,343212.12,3177.89,0
2025-04-05,SKU011,114.0,362279.46,3177.89,0
2025-04-06,SKU011,100.0,317789.0,3177.89,0
2025-04-07,SKU011,97.0,308255.33,3177.89,0
2025-04-08,SKU011,84.0,266942.76,3177.89,0
2025-04-09,SKU011,111.0,352745.79,3177.89,0
2025-04-10,SKU011,90.0,286010.1,3177.89,0
2025-04-11,SKU011,133.0,422659.37,3177.89,0
2025-04-12,SKU011,120.0,381346.8,3177.89,0
2025-04-13,SKU011,79.0,251053.31,3177.89,0
2025-04-14,SKU011,69.0,219274.41,3177.89,0
2025-04-15,SKU011,76.0,241519.64,3177.89,0
2025-04-16,SKU011,91.0,289187.99,3177.89,0
2025-04-17,SKU011,89.0,282832.21,3177.89,0
2025-04-18,SKU011,77.0,244697.53,3177.89,0
2025-04-19,SKU011,113.0,359101.57,3177.89,0
2025-04-20,SKU011,56.0,177961.84,3177.89,0
2025-04-21,SKU011,107.0,340034.23,3177.89,0
2025-04-22,SKU011,92.0,292365.88,3177.89,0
2025-04-23,SKU011,82.0,260586.98,3177.89,0
2025-04-24,SKU011,100.0,317789.0,3177.89,0
2025-04-25,SKU011,128.0,406769.92,3177.89,0
2025-04-26,SKU011,105.0,333678.45,3177.89,0
2025-04-27,SKU011,109.0,346390.01,3177.89,0
2025-04-28,SKU011,85.0,270120.65,3177.89,0
2025-04-29,SKU011,93.0,295543.77,3177.89,0
2025-04-30,SKU011,69.0,219274.41,3177.89,0
2025-05-01,SKU011,113.0,359101.57,3177.89,0
2025-05-02,SKU011,92.0,292365.88,3177.89,0
2025-05-03,SKU011,96.0,305077.44,3177.89,0
2025-05-04,SKU011,76.0,241519.64,3177.89,0
2025-05-05,SKU011,104.0,330500.56,3177.89,0
2025-05-06,SKU011,72.0,228808.08,3177.89,0
2025-05-07,SKU011,104.0,330500.56,3177.89,0
2025-05-08,SKU011,97.0,308255.33,3177.89,0
2025-05-09,SKU011,136.0,432193.04,3177.89,0
2025-05-10,SKU011,119.0,378168.91,3177.89,0
2025-05-11,SKU011,96.0,305077.44,3177.89,0
2025-05-12,SKU011,97.0,308255.33,3177.89,0
2025-05-13,SKU011,91.0,289187.99,3177.89,0
2025-05-14,SKU011,108.0,343212.12,3177.89,0
2025-05-15,SKU011,102.0,324144.78,3177.89,0
2025-05-16,SKU011,90.0,286010.1,3177.89,0
2025-05-17,SKU011,106.0,336856.34,3177.89,0
2025-05-18,SKU011,93.0,295543.77,3177.89,0
2025-05-19,SKU011,86.0,273298.54,3177.89,0
2025-05-20,SKU011,93.0,295543.77,3177.89,0
2025-05-21,SKU011,88.0,279654.32,3177.89,0
2025-05-22,SKU011,92.0,292365.88,3177.89,0
2025-05-23,SKU011,115.0,365457.35,3177.89,0
2025-05-24,SKU011,112.0,355923.68,3177.89,0
2025-05-25,SKU011,103.0,327322.67,3177.89,0
2025-05-26,SKU011,74.0,235163.86,3177.89,0
2025-05-27,SKU011,75.0,238341.75,3177.89,0
2025-05-28,SKU011,92.0,292365.88,3177.89,0
2025-05-29,SKU011,68.0,216096.52,3177.89,0
2025-05-30,SKU011,119.0,378168.91,3177.89,0
2025-05-31,SKU011,118.0,374991.02,3177.89,0
2025-06-01,SKU011,130.0,413125.7,3177.89,0
2025-06-02,SKU011,88.0,279654.32,3177.89,0
2025-06-03,SKU011,86.0,273298.54,3177.89,0
2025-06-04,SKU011,130.0,413125.7,3177.89,0
2025-06-05,SKU011,82.0,260586.98,3177.89,0
2025-06-06,SKU011,103.0,327322.67,3177.89,0
2025-06-07,SKU011,127.0,403592.03,3177.89,0
2025-06-08,SKU011,86.0,273298.54,3177.89,0
2025-06-09,SKU011,82.0,260586.98,3177.89,0
2025-06-10,SKU011,134.0,391770.28,3177.89,1
2025-06-11,SKU011,137.0,400541.26,3177.89,1
2025-06-12,SKU011,182.0,532105.9,3177.89,1
2025-06-13,SKU011,119.0,347915.4,3177.89,1
2025-06-14,SKU011,170.0,497022.0,3177.89,1
2025-06-15,SKU011,117.0,342068.08,3177.89,1
2025-06-16,SKU011,100.0,292365.88,3177.89,1
2025-06-17,SKU011,155.0,453167.11,3177.89,1
2025-06-18,SKU011,102.0,298213.2,3177.89,1
2025-06-19,SKU011,119.0,347915.4,3177.89,1
2025-06-20,SKU011,163.0,476556.38,3177.89,1
2025-06-21,SKU011,103.0,327322.67,3177.89,0
2025-06-22,SKU011,89.0,282832.21,3177.89,0
2025-06-23,SKU011,110.0,349567.9,3177.89,0
2025-06-24,SKU011,92.0,292365.88,3177.89,0
2025-06-25,SKU011,110.0,349567.9,3177.89,0
2025-06-26,SKU011,93.0,295543.77,3177.89,0
2025-06-27,SKU011,95.0,301899.55,3177.89,0
2025-06-28,SKU011,118.0,374991.02,3177.89,0
2025-06-29,SKU011,120.0,381346.8,3177.89,0
2025-06-30,SKU011,76.0,241519.64,3177.89,0
2025-07-01,SKU011,120.0,381346.8,3177.89,0
2025-07-02,SKU011,88.0,279654.32,3177.89,0
2025-07-03,SKU011,119.0,378168.91,3177.89,0
2025-07-04,SKU011,114.0,362279.46,3177.89,0
2025-07-05,SKU011,118.0,374991.02,3177.89,0
2025-07-06,SKU011,91.0,289187.99,3177.89,0
2025-07-07,SKU011,98.0,311433.22,3177.89,0
2025-07-08,SKU011,125.0,397236.25,3177.89,0
2025-07-09,SKU011,101.0,320966.89,3177.89,0
2025-07-10,SKU011,96.0,305077.44,3177.89,0
2025-07-11,SKU011,131.0,416303.59,3177.89,0
2025-07-12,SKU011,124.0,394058.36,3177.89,0
2025-07-13,SKU011,115.0,365457.35,3177.89,0
2025-07-14,SKU011,99.0,314611.11,3177.89,0
2025-07-15,SKU011,104.0,330500.56,3177.89,0
2025-07-16,SKU011,110.0,349567.9,3177.89,0
2025-07-17,SKU011,117.0,371813.13,3177.89,0
2025-07-18,SKU011,119.0,378168.91,3177.89,0
2025-07-19,SKU011,136.0,432193.04,3177.89,0
2025-07-20,SKU011,95.0,301899.55,3177.89,0
2025-07-21,SKU011,104.0,330500.56,3177.89,0
2025-07-22,SKU011,86.0,273298.54,3177.89,0
2025-07-23,SKU011,133.0,422659.37,3177.89,0
2025-07-24,SKU011,122.0,387702.58,3177.89,0
2025-07-25,SKU011,108.0,343212.12,3177.89,0
2025-07-26,SKU011,130.0,413125.7,3177.89,0
2025-07-27,SKU011,91.0,289187.99,3177.89,0
2025-07-28,SKU011,110.0,349567.9,3177.89,0
2025-07-29,SKU011,140.0,444904.6,3177.89,0
2025-07-30,SKU011,120.0,381346.8,3177.89,0
2025-07-31,SKU011,111.0,352745.79,3177.89,0
2025-08-01,SKU011,119.0,378168.91,3177.89,0
2025-08-02,SKU011,110.0,349567.9,3177.89,0
2025-08-03,SKU011,104.0,330500.56,3177.89,0
2025-08-04,SKU011,95.0,301899.55,3177.89,0
2025-08-05,SKU011,105.0,333678.45,3177.89,0
2025-08-06,SKU011,150.0,476683.5,3177.89,0
2025-08-07,SKU011,99.0,314611.11,3177.89,0
2025-08-08,SKU011,103.0,327322.67,3177.89,0
2025-08-09,SKU011,131.0,416303.59,3177.89,0
2025-08-10,SKU011,121.0,384524.69,3177.89,0
2025-08-11,SKU011,89.0,282832.21,3177.89,0
2025-08-12,SKU011,120.0,381346.8,3177.89,0
2025-08-13,SKU011,119.0,378168.91,3177.89,0
2025-08-14,SKU011,122.0,387702.58,3177.89,0
2025-08-15,SKU011,139.0,441726.71,3177.89,0
2025-08-16,SKU011,113.0,359101.57,3177.89,0
2025-08-17,SKU011,150.0,476683.5,3177.89,0
2025-08-18,SKU011,95.0,301899.55,3177.89,0
2025-08-19,SKU011,121.0,384524.69,3177.89,0
2025-08-20,SKU011,159.0,505284.51,3177.89,0
2025-08-21,SKU011,118.0,374991.02,3177.89,0
2025-08-22,SKU011,84.0,266942.76,3177.89,0
2025-08-23,SKU011,110.0,349567.9,3177.89,0
2025-08-24,SKU011,91.0,289187.99,3177.89,0
2025-08-25,SKU011,104.0,330500.56,3177.89,0
2025-08-26,SKU011,110.0,349567.9,3177.89,0
2025-08-27,SKU011,143.0,454438.27,3177.89,0
2025-08-28,SKU011,102.0,324144.78,3177.89,0
2025-08-29,SKU011,122.0,387702.58,3177.89,0
2025-08-30,SKU011,98.0,311433.22,3177.89,0
2025-08-31,SKU011,123.0,390880.47,3177.89,0
2025-09-01,SKU011,71.0,225630.19,3177.89,0
2025-09-02,SKU011,68.0,216096.52,3177.89,0
2025-09-03,SKU011,87.0,276476.43,3177.89,0
2025-09-04,SKU011,71.0,225630.19,3177.89,0
2025-09-05,SKU011,102.0,324144.78,3177.89,0
2025-09-06,SKU011,,276476.43,3177.89,0
2025-09-07,SKU011,88.0,279654.32,3177.89,0
2025-09-08,SKU011,75.0,238341.75,3177.89,0
2025-09-09,SKU011,83.0,263764.87,3177.89,0
2025-09-10,SKU011,85.0,270120.65,3177.89,0
2025-09-11,SKU011,73.0,231985.97,3177.89,0
2025-09-12,SKU011,100.0,317789.0,3177.89,0
2025-09-13,SKU011,118.0,374991.02,3177.89,0
2025-09-14,SKU011,113.0,359101.57,3177.89,0
2025-09-15,SKU011,90.0,286010.1,3177.89,0
2025-09-16,SKU011,111.0,352745.79,3177.89,0
2025-09-17,SKU011,121.0,384524.69,3177.89,0
2025-09-18,SKU011,110.0,349567.9,3177.89,0
2025-09-19,SKU011,115.0,365457.35,3177.89,0
2025-09-20,SKU011,110.0,349567.9,3177.89,0
2025-09-21,SKU011,100.0,317789.0,3177.89,0
2025-09-22,SKU011,91.0,289187.99,3177.89,0
2025-09-23,SKU011,83.0,263764.87,3177.89,0
2025-09-24,SKU011,85.0,270120.65,3177.89,0
2025-09-25,SKU011,91.0,289187.99,3177.89,0
2025-09-26,SKU011,114.0,362279.46,3177.89,0
2025-09-27,SKU011,127.0,403592.03,3177.89,0
2025-09-28,SKU011,84.0,266942.76,3177.89,0
2025-09-29,SKU011,69.0,219274.41,3177.89,0
2025-09-30,SKU011,120.0,381346.8,3177.89,0
2025-10-01,SKU011,87.0,254358.32,3177.89,1
2025-10-02,SKU011,193.0,564266.15,3177.89,1
2025-10-03,SKU011,117.0,342068.08,3177.89,1
2025-10-04,SKU011,146.0,426854.18,3177.89,1
2025-10-05,SKU011,135.0,394693.94,3177.89,1
2025-10-06,SKU011,123.0,359610.03,3177.89,1
2025-10-07,SKU011,123.0,359610.03,3177.89,1
2025-10-08,SKU011,87.0,254358.32,3177.89,1
2025-10-09,SKU011,112.0,327449.79,3177.89,1
2025-10-10,SKU011,137.0,400541.26,3177.89,1
2025-10-11,SKU011,77.0,244697.53,3177.89,0
2025-10-12,SKU011,89.0,282832.21,3177.89,0
2025-10-13,SKU011,81.0,257409.09,3177.89,0
2025-10-14,SKU011,107.0,340034.23,3177.89,0
2025-10-15,SKU011,90.0,286010.1,3177.89,0
2025-10-16,SKU011,126.0,400414.14,3177.89,0
2025-10-17,SKU011,106.0,336856.34,3177.89,0
2025-10-18,SKU011,121.0,384524.69,3177.89,0
2025-10-19,SKU011,88.0,279654.32,3177.89,0
2025-10-20,SKU011,61.0,193851.29,3177.89,0
2025-10-21,SKU011,89.0,282832.21,3177.89,0
2025-10-22,SKU011,95.0,301899.55,3177.89,0
2025-10-23,SKU011,112.0,355923.68,3177.89,0
2025-10-24,SKU011,118.0,374991.02,3177.89,0
2025-10-25,SKU011,87.0,276476.43,3177.89,0
2025-10-26,SKU011,109.0,346390.01,3177.89,0
2025-10-27,SKU011,82.0,260586.98,3177.89,0
2025-10-28,SKU011,104.0,330500.56,3177.89,0
2025-10-29,SKU011,101.0,320966.89,3177.89,0
2025-10-30,SKU011,77.0,244697.53,3177.89,0
2025-10-31,SKU011,103.0,327322.67,3177.89,0
2025-11-01,SKU011,121.0,384524.69,3177.89,0
2025-11-02,SKU011,92.0,292365.88,3177.89,0
2025-11-03,SKU011,76.0,241519.64,3177.89,0
2025-11-04,SKU011,101.0,320966.89,3177.89,0
2025-11-05,SKU011,104.0,330500.56,3177.89,0
2025-11-06,SKU011,87.0,276476.43,3177.89,0
2025-11-07,SKU011,94.0,298721.66,3177.89,0
2025-11-08,SKU011,111.0,352745.79,3177.89,0
2025-11-09,SKU011,68.0,216096.52,3177.89,0
2025-11-10,SKU011,80.0,254231.2,3177.89,0
2025-11-11,SKU011,120.0,381346.8,3177.89,0
2025-11-12,SKU011,100.0,317789.0,3177.89,0
2025-11-13,SKU011,93.0,295543.77,3177.89,0
2025-11-14,SKU011,115.0,365457.35,3177.89,0
2025-11-15,SKU011,101.0,320966.89,3177.89,0
2025-11-16,SKU011,110.0,349567.9,3177.89,0
2025-11-17,SKU011,87.0,276476.43,3177.89,0
2025-11-18,SKU011,108.0,343212.12,3177.89,0
2025-11-19,SKU011,122.0,387702.58,3177.89,0
2025-11-20,SKU011,88.0,257281.97,3177.89,1
2025-11-21,SKU011,167.0,488251.02,3177.89,1
2025-11-22,SKU011,131.0,382999.3,3177.89,1
2025-11-23,SKU011,107.0,312831.49,3177.89,1
2025-11-24,SKU011,138.0,403464.91,3177.89,1
2025-11-25,SKU011,128.0,374228.33,3177.89,1
2025-11-26,SKU011,139.0,406388.57,3177.89,1
2025-11-27,SKU011,102.0,298213.2,3177.89,1
2025-11-28,SKU011,141.0,412235.89,3177.89,1
2025-11-29,SKU011,164.0,479480.04,3177.89,1
2025-11-30,SKU011,121.0,353762.71,3177.89,1
2025-12-01,SKU011,99.0,314611.11,3177.89,0
2025-12-02,SKU011,100.0,317789.0,3177.89,0
2025-12-03,SKU011,90.0,286010.1,3177.89,0
2025-12-04,SKU011,87.0,276476.43,3177.89,0
2025-12-05,SKU011,116.0,368635.24,3177.89,0
2025-12-06,SKU011,155.0,492572.95,3177.89,0
2025-12-07,SKU011,120.0,381346.8,3177.89,0
2025-12-08,SKU011,78.0,247875.42,3177.89,0
2025-12-09,SKU011,112.0,355923.68,3177.89,0
2025-12-10,SKU011,98.0,311433.22,3177.89,0
2025-12-11,SKU011,126.0,400414.14,3177.89,0
2025-12-12,SKU011,118.0,374991.02,3177.89,0
2025-12-13,SKU011,129.0,409947.81,3177.89,0
2025-12-14,SKU011,94.0,298721.66,3177.89,0
2025-12-15,SKU011,147.0,429777.84,3177.89,1
2025-12-16,SKU011,108.0,315755.15,3177.89,1
2025-12-17,SKU011,140.0,409312.23,3177.89,1
2025-12-18,SKU011,182.0,532105.9,3177.89,1
2025-12-19,SKU011,200.0,584731.76,3177.89,1
2025-12-20,SKU011,176.0,514563.95,3177.89,1
2025-12-21,SKU011,112.0,327449.79,3177.89,1
2025-12-22,SKU011,158.0,461938.09,3177.89,1
2025-12-23,SKU011,115.0,336220.76,3177.89,1
2025-12-24,SKU011,149.0,435625.16,3177.89,1
2025-12-25,SKU011,160.0,467785.41,3177.89,1
2025-12-26,SKU011,155.0,453167.11,3177.89,1
2025-12-27,SKU011,159.0,464861.75,3177.89,1
2025-12-28,SKU011,135.0,394693.94,3177.89,1
2025-12-29,SKU011,134.0,391770.28,3177.89,1
2025-12-30,SKU011,151.0,441472.48,3177.89,1
2025-12-31,SKU011,185.0,540876.88,3177.89,1
2026-01-01,SKU011,97.0,308255.33,3177.89,0
2026-01-02,SKU011,118.0,374991.02,3177.89,0
2026-01-03,SKU011,115.0,365457.35,3177.89,0
2026-01-04,SKU011,128.0,406769.92,3177.89,0
2026-01-05,SKU011,80.0,254231.2,3177.89,0
2026-01-06,SKU011,117.0,371813.13,3177.89,0
2026-01-07,SKU011,75.0,238341.75,3177.89,0
2026-01-08,SKU011,117.0,371813.13,3177.89,0
2026-01-09,SKU011,147.0,467149.83,3177.89,0
2026-01-10,SKU011,102.0,324144.78,3177.89,0
2026-01-11,SKU011,123.0,390880.47,3177.89,0
2026-01-12,SKU011,94.0,298721.66,3177.89,0
2026-01-13,SKU011,107.0,340034.23,3177.89,0
2026-01-14,SKU011,103.0,327322.67,3177.89,0
2026-01-15,SKU011,117.0,371813.13,3177.89,0
2026-01-16,SKU011,101.0,320966.89,3177.89,0
2026-01-17,SKU011,142.0,451260.38,3177.89,0
2026-01-18,SKU011,114.0,362279.46,3177.89,0
2026-01-19,SKU011,99.0,314611.11,3177.89,0
2026-01-20,SKU011,116.0,368635.24,3177.89,0
2026-01-21,SKU011,116.0,368635.24,3177.89,0
2026-01-22,SKU011,105.0,333678.45,3177.89,0
2026-01-23,SKU011,141.0,448082.49,3177.89,0
2026-01-24,SKU011,118.0,374991.02,3177.89,0
2026-01-25,SKU011,103.0,327322.67,3177.89,0
2026-01-26,SKU011,122.0,387702.58,3177.89,0
2026-01-27,SKU011,116.0,368635.24,3177.89,0
2026-01-28,SKU011,118.0,374991.02,3177.89,0
2026-01-29,SKU011,85.0,270120.65,3177.89,0
2026-01-30,SKU011,181.0,575198.09,3177.89,0
2026-01-31,SKU011,166.0,527529.74,3177.89,0
2026-02-01,SKU011,109.0,346390.01,3177.89,0
2026-02-02,SKU011,105.0,333678.45,3177.89,0
2026-02-03,SKU011,95.0,301899.55,3177.89,0
2026-02-04,SKU011,104.0,330500.56,3177.89,0
2026-02-05,SKU011,105.0,333678.45,3177.89,0
2026-02-06,SKU011,121.0,384524.69,3177.89,0
2026-02-07,SKU011,88.0,279654.32,3177.89,0
2026-02-08,SKU011,115.0,365457.35,3177.89,0
2026-02-09,SKU011,101.0,320966.89,3177.89,0
2026-02-10,SKU011,119.0,378168.91,3177.89,0
2026-02-11,SKU011,111.0,352745.79,3177.89,0
2026-02-12,SKU011,84.0,266942.76,3177.89,0
2026-02-13,SKU011,124.0,394058.36,3177.89,0
2026-02-14,SKU011,135.0,429015.15,3177.89,0
2026-02-15,SKU011,121.0,384524.69,3177.89,0
2026-02-16,SKU011,109.0,346390.01,3177.89,0
2026-02-17,SKU011,100.0,317789.0,3177.89,0
2026-02-18,SKU011,111.0,352745.79,3177.89,0
2026-02-19,SKU011,84.0,266942.76,3177.89,0
2026-02-20,SKU011,135.0,429015.15,3177.89,0
2026-02-21,SKU011,157.0,498928.73,3177.89,0
2026-02-22,SKU011,134.0,425837.26,3177.89,0
2026-02-23,SKU011,82.0,260586.98,3177.89,0
2026-02-24,SKU011,86.0,273298.54,3177.89,0
2026-02-25,SKU011,117.0,371813.13,3177.89,0
2026-02-26,SKU011,116.0,368635.24,3177.89,0
2026-02-27,SKU011,133.0,422659.37,3177.89,0
2026-02-28,SKU011,121.0,384524.69,3177.89,0
2026-03-01,SKU011,89.0,282832.21,3177.89,0
2026-03-02,SKU011,63.0,200207.07,3177.89,0
2026-03-03,SKU011,94.0,298721.66,3177.89,0
2026-03-04,SKU011,88.0,279654.32,3177.89,0
2026-03-05,SKU011,78.0,247875.42,3177.89,0
2026-03-06,SKU011,100.0,317789.0,3177.89,0
2026-03-07,SKU011,118.0,374991.02,3177.89,0
2026-03-08,SKU011,107.0,340034.23,3177.89,0
2026-03-09,SKU011,106.0,336856.34,3177.89,0
2026-03-10,SKU011,127.0,403592.03,3177.89,0
2026-03-11,SKU011,110.0,349567.9,3177.89,0
2026-03-12,SKU011,102.0,324144.78,3177.89,0
2026-03-13,SKU011,144.0,457616.16,3177.89,0
2026-03-14,SKU011,104.0,330500.56,3177.89,0
2026-03-15,SKU011,116.0,339144.42,3177.89,1
2026-03-16,SKU011,117.0,342068.08,3177.89,1
2026-03-17,SKU011,142.0,415159.55,3177.89,1
2026-03-18,SKU011,103.0,301136.86,3177.89,1
2026-03-19,SKU011,163.0,476556.38,3177.89,1
2026-03-20,SKU011,158.0,461938.09,3177.89,1
2026-03-21,SKU011,147.0,429777.84,3177.89,1
2026-03-22,SKU011,145.0,423930.53,3177.89,1
2026-03-23,SKU011,154.0,450243.46,3177.89,1
2026-03-24,SKU011,119.0,347915.4,3177.89,1
2026-03-25,SKU011,168.0,491174.68,3177.89,1
2026-03-26,SKU011,102.0,324144.78,3177.89,0
2026-03-27,SKU011,108.0,343212.12,3177.89,0
2026-03-28,SKU011,143.0,454438.27,3177.89,0
2026-03-29,SKU011,91.0,289187.99,3177.89,0
2026-03-30,SKU011,101.0,320966.89,3177.89,0
2026-03-31,SKU011,87.0,276476.43,3177.89,0
2026-04-01,SKU011,102.0,324144.78,3177.89,0
2026-04-02,SKU011,70.0,222452.3,3177.89,0
2026-04-03,SKU011,124.0,394058.36,3177.89,0
2026-04-04,SKU011,119.0,378168.91,3177.89,0
2026-04-05,SKU011,99.0,314611.11,3177.89,0
2026-04-06,SKU011,81.0,257409.09,3177.89,0
2026-04-07,SKU011,133.0,422659.37,3177.89,0
2026-04-08,SKU011,102.0,324144.78,3177.89,0
2026-04-09,SKU011,96.0,305077.44,3177.89,0
2026-04-10,SKU011,104.0,330500.56,3177.89,0
2026-04-11,SKU011,105.0,333678.45,3177.89,0
2026-04-12,SKU011,121.0,384524.69,3177.89,0
2026-04-13,SKU011,92.0,292365.88,3177.89,0
2026-04-14,SKU011,100.0,317789.0,3177.89,0
2026-04-15,SKU011,165.0,524351.85,3177.89,0
2026-04-16,SKU011,119.0,378168.91,3177.89,0
2026-04-17,SKU011,134.0,425837.26,3177.89,0
2026-04-18,SKU011,105.0,333678.45,3177.89,0
2026-04-19,SKU011,84.0,266942.76,3177.89,0
2026-04-20,SKU011,89.0,282832.21,3177.89,0
2026-04-21,SKU011,104.0,330500.56,3177.89,0
2026-04-22,SKU011,132.0,419481.48,3177.89,0
2026-04-23,SKU011,81.0,257409.09,3177.89,0
2026-04-24,SKU011,185.0,587909.65,3177.89,0
2026-04-25,SKU011,123.0,390880.47,3177.89,0
2026-04-26,SKU011,125.0,397236.25,3177.89,0
2026-04-27,SKU011,80.0,254231.2,3177.89,0
2026-04-28,SKU011,125.0,397236.25,3177.89,0
2026-04-29,SKU011,92.0,292365.88,3177.89,0
2026-04-30,SKU011,111.0,352745.79,3177.89,0
2026-05-01,SKU011,100.0,317789.0,3177.89,0
2026-05-02,SKU011,119.0,378168.91,3177.89,0
2026-05-03,SKU011,112.0,355923.68,3177.89,0
2026-05-04,SKU011,72.0,228808.08,3177.89,0
2026-05-05,SKU011,91.0,289187.99,3177.89,0
2026-05-06,SKU011,127.0,403592.03,3177.89,0
2026-05-07,SKU011,111.0,352745.79,3177.89,0
2026-05-08,SKU011,128.0,406769.92,3177.89,0
2026-05-09,SKU011,138.0,438548.82,3177.89,0
2026-05-10,SKU011,69.0,219274.41,3177.89,0
2026-05-11,SKU011,77.0,244697.53,3177.89,0
2026-05-12,SKU011,121.0,384524.69,3177.89,0
2026-05-13,SKU011,121.0,384524.69,3177.89,0
2026-05-14,SKU011,145.0,460794.05,3177.89,0
2026-05-15,SKU011,101.0,320966.89,3177.89,0
2026-05-16,SKU011,107.0,340034.23,3177.89,0
2026-05-17,SKU011,107.0,340034.23,3177.89,0
2026-05-18,SKU011,101.0,320966.89,3177.89,0
2026-05-19,SKU011,114.0,362279.46,3177.89,0
2026-05-20,SKU011,96.0,305077.44,3177.89,0
2026-05-21,SKU011,122.0,387702.58,3177.89,0
2026-05-22,SKU011,113.0,359101.57,3177.89,0
2026-05-23,SKU011,99.0,314611.11,3177.89,0
2026-05-24,SKU011,125.0,397236.25,3177.89,0
2026-05-25,SKU011,102.0,324144.78,3177.89,0
2026-05-26,SKU011,107.0,340034.23,3177.89,0
2026-05-27,SKU011,74.0,235163.86,3177.89,0
2026-05-28,SKU011,125.0,397236.25,3177.89,0
2026-05-29,SKU011,88.0,279654.32,3177.89,0
2026-05-30,SKU011,99.0,314611.11,3177.89,0
2026-05-31,SKU011,106.0,336856.34,3177.89,0
2026-06-01,SKU011,120.0,381346.8,3177.89,0
2026-06-02,SKU011,114.0,362279.46,3177.89,0
2026-06-03,SKU011,106.0,336856.34,3177.89,0
2026-06-04,SKU011,125.0,397236.25,3177.89,0
2026-06-05,SKU011,131.0,416303.59,3177.89,0
2026-06-06,SKU011,149.0,473505.61,3177.89,0
2026-06-07,SKU011,127.0,403592.03,3177.89,0
2026-06-08,SKU011,121.0,384524.69,3177.89,0
2026-06-09,SKU011,102.0,324144.78,3177.89,0
2026-06-10,SKU011,130.0,380075.64,3177.89,1
2026-06-11,SKU011,165.0,482403.7,3177.89,1
2026-06-12,SKU011,226.0,660746.89,3177.89,1
2026-06-13,SKU011,171.0,499945.65,3177.89,1
2026-06-14,SKU011,159.0,464861.75,3177.89,1
2026-06-15,SKU011,124.0,362533.69,3177.89,1
2026-06-16,SKU011,113.0,330373.44,3177.89,1
2026-06-17,SKU011,163.0,476556.38,3177.89,1
2026-06-18,SKU011,151.0,441472.48,3177.89,1
2026-06-19,SKU011,161.0,470709.07,3177.89,1
2026-06-20,SKU011,148.0,432701.5,3177.89,1
2026-06-21,SKU011,86.0,273298.54,3177.89,0
2026-06-22,SKU011,109.0,346390.01,3177.89,0
2026-06-23,SKU011,131.0,416303.59,3177.89,0
2026-06-24,SKU011,139.0,441726.71,3177.89,0
2026-06-25,SKU011,95.0,301899.55,3177.89,0
2026-06-26,SKU011,165.0,524351.85,3177.89,0
2026-06-27,SKU011,138.0,438548.82,3177.89,0
2026-06-28,SKU011,122.0,387702.58,3177.89,0
2026-06-29,SKU011,91.0,289187.99,3177.89,0
2026-06-30,SKU011,114.0,362279.46,3177.89,0
2025-01-01,SKU012,39.0,71276.4,1827.6,0
2025-01-02,SKU012,44.0,80414.4,1827.6,0
2025-01-03,SKU012,43.0,78586.8,1827.6,0
2025-01-04,SKU012,36.0,65793.6,1827.6,0
2025-01-05,SKU012,46.0,84069.6,1827.6,0
2025-01-06,SKU012,47.0,85897.2,1827.6,0
2025-01-07,SKU012,72.0,131587.2,1827.6,0
2025-01-08,SKU012,50.0,91380.0,1827.6,0
2025-01-09,SKU012,41.0,74931.6,1827.6,0
2025-01-10,SKU012,75.0,126104.4,1827.6,1
2025-01-11,SKU012,91.0,153006.67,1827.6,1
2025-01-12,SKU012,55.0,92476.56,1827.6,1
2025-01-13,SKU012,58.0,97520.74,1827.6,1
2025-01-14,SKU012,57.0,95839.34,1827.6,1
2025-01-15,SKU012,74.0,124423.01,1827.6,1
2025-01-16,SKU012,38.0,69448.8,1827.6,0
2025-01-17,SKU012,57.0,104173.2,1827.6,0
2025-01-18,SKU012,54.0,98690.4,1827.6,0
2025-01-19,SKU012,47.0,85897.2,1827.6,0
2025-01-20,SKU012,47.0,85897.2,1827.6,0
2025-01-21,SKU012,41.0,74931.6,1827.6,0
2025-01-22,SKU012,30.0,54828.0,1827.6,0
2025-01-23,SKU012,38.0,69448.8,1827.6,0
2025-01-24,SKU012,59.0,107828.4,1827.6,0
2025-01-25,SKU012,62.0,113311.2,1827.6,0
2025-01-26,SKU012,63.0,115138.8,1827.6,0
2025-01-27,SKU012,51.0,93207.6,1827.6,0
2025-01-28,SKU012,42.0,76759.2,1827.6,0
2025-01-29,SKU012,60.0,109656.0,1827.6,0
2025-01-30,SKU012,44.0,80414.4,1827.6,0
2025-01-31,SKU012,48.0,87724.8,1827.6,0
2025-02-01,SKU012,45.0,82242.0,1827.6,0
2025-02-02,SKU012,45.0,82242.0,1827.6,0
2025-02-03,SKU012,37.0,67621.2,1827.6,0
2025-02-04,SKU012,59.0,107828.4,1827.6,0
2025-02-05,SKU012,43.0,78586.8,1827.6,0
2025-02-06,SKU012,48.0,87724.8,1827.6,0
2025-02-07,SKU012,50.0,91380.0,1827.6,0
2025-02-08,SKU012,70.0,127932.0,1827.6,0
2025-02-09,SKU012,48.0,87724.8,1827.6,0
2025-02-10,SKU012,41.0,74931.6,1827.6,0
2025-02-11,SKU012,43.0,78586.8,1827.6,0
2025-02-12,SKU012,34.0,62138.4,1827.6,0
2025-02-13,SKU012,72.0,131587.2,1827.6,0
2025-02-14,SKU012,58.0,106000.8,1827.6,0
2025-02-15,SKU012,67.0,122449.2,1827.6,0
2025-02-16,SKU012,45.0,82242.0,1827.6,0
2025-02-17,SKU012,54.0,98690.4,1827.6,0
2025-02-18,SKU012,48.0,87724.8,1827.6,0
2025-02-19,SKU012,63.0,115138.8,1827.6,0
2025-02-20,SKU012,65.0,118794.0,1827.6,0
2025-02-21,SKU012,55.0,100518.0,1827.6,0
2025-02-22,SKU012,59.0,107828.4,1827.6,0
2025-02-23,SKU012,48.0,87724.8,1827.6,0
2025-02-24,SKU012,46.0,84069.6,1827.6,0
2025-02-25,SKU012,59.0,107828.4,1827.6,0
2025-02-26,SKU012,49.0,89552.4,1827.6,0
2025-02-27,SKU012,52.0,95035.2,1827.6,0
2025-02-28,SKU012,60.0,109656.0,1827.6,0
2025-03-01,SKU012,42.0,76759.2,1827.6,0
2025-03-02,SKU012,30.0,54828.0,1827.6,0
2025-03-03,SKU012,38.0,69448.8,1827.6,0
2025-03-04,SKU012,35.0,63966.0,1827.6,0
2025-03-05,SKU012,53.0,96862.8,1827.6,0
2025-03-06,SKU012,36.0,65793.6,1827.6,0
2025-03-07,SKU012,61.0,111483.6,1827.6,0
2025-03-08,SKU012,64.0,116966.4,1827.6,0
2025-03-09,SKU012,33.0,60310.8,1827.6,0
2025-03-10,SKU012,30.0,54828.0,1827.6,0
2025-03-11,SKU012,51.0,93207.6,1827.6,0
2025-03-12,SKU012,53.0,96862.8,1827.6,0
2025-03-13,SKU012,42.0,76759.2,1827.6,0
2025-03-14,SKU012,47.0,85897.2,1827.6,0
2025-03-15,SKU012,30.0,54828.0,1827.6,0
2025-03-16,SKU012,49.0,89552.4,1827.6,0
2025-03-17,SKU012,34.0,62138.4,1827.6,0
2025-03-18,SKU012,45.0,82242.0,1827.6,0
2025-03-19,SKU012,45.0,82242.0,1827.6,0
2025-03-20,SKU012,48.0,80706.82,1827.6,1
2025-03-21,SKU012,69.0,116016.05,1827.6,1
2025-03-22,SKU012,73.0,122741.62,1827.6,1
2025-03-23,SKU012,50.0,84069.6,1827.6,1
2025-03-24,SKU012,52.0,87432.38,1827.6,1
2025-03-25,SKU012,67.0,112653.26,1827.6,1
2025-03-26,SKU012,49.0,82388.21,1827.6,1
2025-03-27,SKU012,64.0,107609.09,1827.6,1
2025-03-28,SKU012,46.0,84069.6,1827.6,0
2025-03-29,SKU012,60.0,109656.0,1827.6,0
2025-03-30,SKU012,27.0,49345.2,1827.6,0
2025-03-31,SKU012,29.0,53000.4,1827.6,0
2025-04-01,SKU012,44.0,80414.4,1827.6,0
2025-04-02,SKU012,48.0,87724.8,1827.6,0
2025-04-03,SKU012,48.0,87724.8,1827.6,0
2025-04-04,SKU012,40.0,73104.0,1827.6,0
2025-04-05,SKU012,65.0,118794.0,1827.6,0
2025-04-06,SKU012,44.0,80414.4,1827.6,0
2025-04-07,SKU012,32.0,58483.2,1827.6,0
2025-04-08,SKU012,35.0,63966.0,1827.6,0
2025-04-09,SKU012,30.0,54828.0,1827.6,0
2025-04-10,SKU012,55.0,100518.0,1827.6,0
2025-04-11,SKU012,49.0,89552.4,1827.6,0
2025-04-12,SKU012,46.0,84069.6,1827.6,0
2025-04-13,SKU012,42.0,76759.2,1827.6,0
2025-04-14,SKU012,36.0,65793.6,1827.6,0
2025-04-15,SKU012,43.0,78586.8,1827.6,0
2025-04-16,SKU012,46.0,84069.6,1827.6,0
2025-04-17,SKU012,45.0,82242.0,1827.6,0
2025-04-18,SKU012,56.0,102345.6,1827.6,0
2025-04-19,SKU012,37.0,67621.2,1827.6,0
2025-04-20,SKU012,37.0,67621.2,1827.6,0
2025-04-21,SKU012,44.0,80414.4,1827.6,0
2025-04-22,SKU012,49.0,89552.4,1827.6,0
2025-04-23,SKU012,35.0,63966.0,1827.6,0
2025-04-24,SKU012,36.0,65793.6,1827.6,0
2025-04-25,SKU012,42.0,76759.2,1827.6,0
2025-04-26,SKU012,38.0,69448.8,1827.6,0
2025-04-27,SKU012,53.0,96862.8,1827.6,0
2025-04-28,SKU012,43.0,78586.8,1827.6,0
2025-04-29,SKU012,50.0,91380.0,1827.6,0
2025-04-30,SKU012,59.0,107828.4,1827.6,0
2025-05-01,SKU012,42.0,76759.2,1827.6,0
2025-05-02,SKU012,46.0,84069.6,1827.6,0
2025-05-03,SKU012,59.0,107828.4,1827.6,0
2025-05-04,SKU012,47.0,85897.2,1827.6,0
2025-05-05,SKU012,38.0,69448.8,1827.6,0
2025-05-06,SKU012,39.0,71276.4,1827.6,0
2025-05-07,SKU012,47.0,85897.2,1827.6,0
2025-05-08,SKU012,54.0,98690.4,1827.6,0
2025-05-09,SKU012,44.0,80414.4,1827.6,0
2025-05-10,SKU012,47.0,85897.2,1827.6,0
2025-05-11,SKU012,48.0,87724.8,1827.6,0
2025-05-12,SKU012,47.0,85897.2,1827.6,0
2025-05-13,SKU012,45.0,82242.0,1827.6,0
2025-05-14,SKU012,71.0,129759.6,1827.6,0
2025-05-15,SKU012,37.0,67621.2,1827.6,0
2025-05-16,SKU012,61.0,111483.6,1827.6,0
2025-05-17,SKU012,51.0,93207.6,1827.6,0
2025-05-18,SKU012,53.0,96862.8,1827.6,0
2025-05-19,SKU012,39.0,71276.4,1827.6,0
2025-05-20,SKU012,47.0,85897.2,1827.6,0
2025-05-21,SKU012,58.0,106000.8,1827.6,0
2025-05-22,SKU012,52.0,95035.2,1827.6,0
2025-05-23,SKU012,63.0,115138.8,1827.6,0
2025-05-24,SKU012,56.0,102345.6,1827.6,0
2025-05-25,SKU012,47.0,85897.2,1827.6,0
2025-05-26,SKU012,27.0,49345.2,1827.6,0
2025-05-27,SKU012,69.0,126104.4,1827.6,0
2025-05-28,SKU012,45.0,82242.0,1827.6,0
2025-05-29,SKU012,34.0,62138.4,1827.6,0
2025-05-30,SKU012,59.0,107828.4,1827.6,0
2025-05-31,SKU012,63.0,115138.8,1827.6,0
2025-06-01,SKU012,53.0,96862.8,1827.6,0
2025-06-02,SKU012,54.0,98690.4,1827.6,0
2025-06-03,SKU012,49.0,89552.4,1827.6,0
2025-06-04,SKU012,45.0,82242.0,1827.6,0
2025-06-05,SKU012,58.0,106000.8,1827.6,0
2025-06-06,SKU012,56.0,102345.6,1827.6,0
2025-06-07,SKU012,46.0,84069.6,1827.6,0
2025-06-08,SKU012,41.0,74931.6,1827.6,0
2025-06-09,SKU012,59.0,107828.4,1827.6,0
2025-06-10,SKU012,74.0,124423.01,1827.6,1
2025-06-11,SKU012,76.0,127785.79,1827.6,1
2025-06-12,SKU012,47.0,79025.42,1827.6,1
2025-06-13,SKU012,70.0,117697.44,1827.6,1
2025-06-14,SKU012,57.0,95839.34,1827.6,1
2025-06-15,SKU012,61.0,102564.91,1827.6,1
2025-06-16,SKU012,88.0,147962.5,1827.6,1
2025-06-17,SKU012,55.0,92476.56,1827.6,1
2025-06-18,SKU012,60.0,100883.52,1827.6,1
2025-06-19,SKU012,85.0,142918.32,1827.6,1
2025-06-20,SKU012,80.0,134511.36,1827.6,1
2025-06-21,SKU012,54.0,98690.4,1827.6,0
2025-06-22,SKU012,67.0,122449.2,1827.6,0
2025-06-23,SKU012,57.0,104173.2,1827.6,0
2025-06-24,SKU012,69.0,126104.4,1827.6,0
2025-06-25,SKU012,53.0,96862.8,1827.6,0
2025-06-26,SKU012,49.0,89552.4,1827.6,0
2025-06-27,SKU012,56.0,102345.6,1827.6,0
2025-06-28,SKU012,74.0,135242.4,1827.6,0
2025-06-29,SKU012,45.0,82242.0,1827.6,0
2025-06-30,SKU012,53.0,96862.8,1827.6,0
2025-07-01,SKU012,38.0,69448.8,1827.6,0
2025-07-02,SKU012,52.0,95035.2,1827.6,0
2025-07-03,SKU012,60.0,109656.0,1827.6,0
2025-07-04,SKU012,54.0,98690.4,1827.6,0
2025-07-05,SKU012,74.0,135242.4,1827.6,0
2025-07-06,SKU012,69.0,126104.4,1827.6,0
2025-07-07,SKU012,61.0,111483.6,1827.6,0
2025-07-08,SKU012,44.0,80414.4,1827.6,0
2025-07-09,SKU012,39.0,71276.4,1827.6,0
2025-07-10,SKU012,47.0,85897.2,1827.6,0
2025-07-11,SKU012,78.0,142552.8,1827.6,0
2025-07-12,SKU012,39.0,71276.4,1827.6,0
2025-07-13,SKU012,54.0,98690.4,1827.6,0
2025-07-14,SKU012,44.0,80414.4,1827.6,0
2025-07-15,SKU012,86.0,157173.6,1827.6,0
2025-07-16,SKU012,51.0,93207.6,1827.6,0
2025-07-17,SKU012,52.0,95035.2,1827.6,0
2025-07-18,SKU012,45.0,82242.0,1827.6,0
2025-07-19,SKU012,79.0,144380.4,1827.6,0
2025-07-20,SKU012,31.0,56655.6,1827.6,0
2025-07-21,SKU012,39.0,71276.4,1827.6,0
2025-07-22,SKU012,53.0,96862.8,1827.6,0
2025-07-23,SKU012,51.0,93207.6,1827.6,0
2025-07-24,SKU012,43.0,78586.8,1827.6,0
2025-07-25,SKU012,75.0,137070.0,1827.6,0
2025-07-26,SKU012,65.0,118794.0,1827.6,0
2025-07-27,SKU012,49.0,89552.4,1827.6,0
2025-07-28,SKU012,,98690.4,1827.6,0
2025-07-29,SKU012,66.0,120621.6,1827.6,0
2025-07-30,SKU012,59.0,107828.4,1827.6,0
2025-07-31,SKU012,45.0,82242.0,1827.6,0
2025-08-01,SKU012,37.0,67621.2,1827.6,0
2025-08-02,SKU012,71.0,129759.6,1827.6,0
2025-08-03,SKU012,48.0,87724.8,1827.6,0
2025-08-04,SKU012,33.0,60310.8,1827.6,0
2025-08-05,SKU012,61.0,111483.6,1827.6,0
2025-08-06,SKU012,50.0,91380.0,1827.6,0
2025-08-07,SKU012,57.0,104173.2,1827.6,0
2025-08-08,SKU012,56.0,102345.6,1827.6,0
2025-08-09,SKU012,64.0,116966.4,1827.6,0
2025-08-10,SKU012,65.0,118794.0,1827.6,0
2025-08-11,SKU012,51.0,93207.6,1827.6,0
2025-08-12,SKU012,60.0,109656.0,1827.6,0
2025-08-13,SKU012,67.0,122449.2,1827.6,0
2025-08-14,SKU012,45.0,82242.0,1827.6,0
2025-08-15,SKU012,69.0,126104.4,1827.6,0
2025-08-16,SKU012,55.0,100518.0,1827.6,0
2025-08-17,SKU012,73.0,133414.8,1827.6,0
2025-08-18,SKU012,62.0,113311.2,1827.6,0
2025-08-19,SKU012,43.0,78586.8,1827.6,0
2025-08-20,SKU012,44.0,80414.4,1827.6,0
2025-08-21,SKU012,68.0,124276.8,1827.6,0
2025-08-22,SKU012,71.0,129759.6,1827.6,0
2025-08-23,SKU012,56.0,102345.6,1827.6,0
2025-08-24,SKU012,57.0,104173.2,1827.6,0
2025-08-25,SKU012,39.0,71276.4,1827.6,0
2025-08-26,SKU012,48.0,87724.8,1827.6,0
2025-08-27,SKU012,41.0,74931.6,1827.6,0
2025-08-28,SKU012,65.0,118794.0,1827.6,0
2025-08-29,SKU012,63.0,115138.8,1827.6,0
2025-08-30,SKU012,63.0,115138.8,1827.6,0
2025-08-31,SKU012,47.0,85897.2,1827.6,0
2025-09-01,SKU012,40.0,73104.0,1827.6,0
2025-09-02,SKU012,48.0,87724.8,1827.6,0
2025-09-03,SKU012,45.0,82242.0,1827.6,0
2025-09-04,SKU012,42.0,76759.2,1827.6,0
2025-09-05,SKU012,74.0,135242.4,1827.6,0
2025-09-06,SKU012,55.0,100518.0,1827.6,0
2025-09-07,SKU012,32.0,58483.2,1827.6,0
2025-09-08,SKU012,36.0,65793.6,1827.6,0
2025-09-09,SKU012,47.0,85897.2,1827.6,0
2025-09-10,SKU012,33.0,60310.8,1827.6,0
2025-09-11,SKU012,55.0,100518.0,1827.6,0
2025-09-12,SKU012,78.0,142552.8,1827.6,0
2025-09-13,SKU012,51.0,93207.6,1827.6,0
2025-09-14,SKU012,,104173.2,1827.6,0
2025-09-15,SKU012,41.0,74931.6,1827.6,0
2025-09-16,SKU012,40.0,73104.0,1827.6,0
2025-09-17,SKU012,44.0,80414.4,1827.6,0
2025-09-18,SKU012,41.0,74931.6,1827.6,0
2025-09-19,SKU012,60.0,109656.0,1827.6,0
2025-09-20,SKU012,43.0,78586.8,1827.6,0
2025-09-21,SKU012,61.0,111483.6,1827.6,0
2025-09-22,SKU012,44.0,80414.4,1827.6,0
2025-09-23,SKU012,33.0,60310.8,1827.6,0
2025-09-24,SKU012,35.0,63966.0,1827.6,0
2025-09-25,SKU012,48.0,87724.8,1827.6,0
2025-09-26,SKU012,59.0,107828.4,1827.6,0
2025-09-27,SKU012,51.0,93207.6,1827.6,0
2025-09-28,SKU012,27.0,49345.2,1827.6,0
2025-09-29,SKU012,44.0,80414.4,1827.6,0
2025-09-30,SKU012,50.0,91380.0,1827.6,0
2025-10-01,SKU012,57.0,95839.34,1827.6,1
2025-10-02,SKU012,57.0,95839.34,1827.6,1
2025-10-03,SKU012,81.0,136192.75,1827.6,1
2025-10-04,SKU012,78.0,131148.58,1827.6,1
2025-10-05,SKU012,56.0,94157.95,1827.6,1
2025-10-06,SKU012,51.0,85750.99,1827.6,1
2025-10-07,SKU012,50.0,84069.6,1827.6,1
2025-10-08,SKU012,57.0,95839.34,1827.6,1
2025-10-09,SKU012,83.0,139555.54,1827.6,1
2025-10-10,SKU012,97.0,163095.02,1827.6,1
2025-10-11,SKU012,46.0,84069.6,1827.6,0
2025-10-12,SKU012,46.0,84069.6,1827.6,0
2025-10-13,SKU012,40.0,73104.0,1827.6,0
2025-10-14,SKU012,33.0,60310.8,1827.6,0
2025-10-15,SKU012,44.0,80414.4,1827.6,0
2025-10-16,SKU012,41.0,74931.6,1827.6,0
2025-10-17,SKU012,63.0,115138.8,1827.6,0
2025-10-18,SKU012,60.0,109656.0,1827.6,0
2025-10-19,SKU012,49.0,89552.4,1827.6,0
2025-10-20,SKU012,48.0,87724.8,1827.6,0
2025-10-21,SKU012,59.0,107828.4,1827.6,0
2025-10-22,SKU012,42.0,76759.2,1827.6,0
2025-10-23,SKU012,36.0,65793.6,1827.6,0
2025-10-24,SKU012,61.0,111483.6,1827.6,0
2025-10-25,SKU012,38.0,69448.8,1827.6,0
2025-10-26,SKU012,56.0,102345.6,1827.6,0
2025-10-27,SKU012,51.0,93207.6,1827.6,0
2025-10-28,SKU012,48.0,87724.8,1827.6,0
2025-10-29,SKU012,48.0,87724.8,1827.6,0
2025-10-30,SKU012,50.0,91380.0,1827.6,0
2025-10-31,SKU012,52.0,95035.2,1827.6,0
2025-11-01,SKU012,62.0,113311.2,1827.6,0
2025-11-02,SKU012,50.0,91380.0,1827.6,0
2025-11-03,SKU012,34.0,62138.4,1827.6,0
2025-11-04,SKU012,48.0,87724.8,1827.6,0
2025-11-05,SKU012,48.0,87724.8,1827.6,0
2025-11-06,SKU012,60.0,109656.0,1827.6,0
2025-11-07,SKU012,55.0,100518.0,1827.6,0
2025-11-08,SKU012,55.0,100518.0,1827.6,0
2025-11-09,SKU012,64.0,116966.4,1827.6,0
2025-11-10,SKU012,49.0,89552.4,1827.6,0
2025-11-11,SKU012,59.0,107828.4,1827.6,0
2025-11-12,SKU012,44.0,80414.4,1827.6,0
2025-11-13,SKU012,45.0,82242.0,1827.6,0
2025-11-14,SKU012,37.0,67621.2,1827.6,0
2025-11-15,SKU012,58.0,106000.8,1827.6,0
2025-11-16,SKU012,31.0,56655.6,1827.6,0
2025-11-17,SKU012,48.0,87724.8,1827.6,0
2025-11-18,SKU012,35.0,63966.0,1827.6,0
2025-11-19,SKU012,41.0,74931.6,1827.6,0
2025-11-20,SKU012,61.0,102564.91,1827.6,1
2025-11-21,SKU012,62.0,104246.3,1827.6,1
2025-11-22,SKU012,71.0,119378.83,1827.6,1
2025-11-23,SKU012,63.0,105927.7,1827.6,1
2025-11-24,SKU012,63.0,105927.7,1827.6,1
2025-11-25,SKU012,64.0,107609.09,1827.6,1
2025-11-26,SKU012,67.0,112653.26,1827.6,1
2025-11-27,SKU012,67.0,112653.26,1827.6,1
2025-11-28,SKU012,57.0,95839.34,1827.6,1
2025-11-29,SKU012,64.0,107609.09,1827.6,1
2025-11-30,SKU012,76.0,127785.79,1827.6,1
2025-12-01,SKU012,56.0,102345.6,1827.6,0
2025-12-02,SKU012,45.0,82242.0,1827.6,0
2025-12-03,SKU012,40.0,73104.0,1827.6,0
2025-12-04,SKU012,54.0,98690.4,1827.6,0
2025-12-05,SKU012,46.0,84069.6,1827.6,0
2025-12-06,SKU012,77.0,140725.2,1827.6,0
2025-12-07,SKU012,60.0,109656.0,1827.6,0
2025-12-08,SKU012,46.0,84069.6,1827.6,0
2025-12-09,SKU012,56.0,102345.6,1827.6,0
2025-12-10,SKU012,60.0,109656.0,1827.6,0
2025-12-11,SKU012,65.0,118794.0,1827.6,0
2025-12-12,SKU012,47.0,85897.2,1827.6,0
2025-12-13,SKU012,51.0,93207.6,1827.6,0
2025-12-14,SKU012,41.0,74931.6,1827.6,0
2025-12-15,SKU012,58.0,97520.74,1827.6,1
2025-12-16,SKU012,58.0,97520.74,1827.6,1
2025-12-17,SKU012,94.0,158050.85,1827.6,1
2025-12-18,SKU012,80.0,134511.36,1827.6,1
2025-12-19,SKU012,63.0,105927.7,1827.6,1
2025-12-20,SKU012,86.0,144599.71,1827.6,1
2025-12-21,SKU012,86.0,144599.71,1827.6,1
2025-12-22,SKU012,56.0,94157.95,1827.6,1
2025-12-23,SKU012,71.0,119378.83,1827.6,1
2025-12-24,SKU012,56.0,94157.95,1827.6,1
2025-12-25,SKU012,95.0,159732.24,1827.6,1
2025-12-26,SKU012,66.0,110971.87,1827.6,1
2025-12-27,SKU012,67.0,112653.26,1827.6,1
2025-12-28,SKU012,72.0,121060.22,1827.6,1
2025-12-29,SKU012,77.0,129467.18,1827.6,1
2025-12-30,SKU012,78.0,131148.58,1827.6,1
2025-12-31,SKU012,72.0,121060.22,1827.6,1
2026-01-01,SKU012,61.0,111483.6,1827.6,0
2026-01-02,SKU012,63.0,115138.8,1827.6,0
2026-01-03,SKU012,55.0,100518.0,1827.6,0
2026-01-04,SKU012,53.0,96862.8,1827.6,0
2026-01-05,SKU012,41.0,74931.6,1827.6,0
2026-01-06,SKU012,61.0,111483.6,1827.6,0
2026-01-07,SKU012,61.0,111483.6,1827.6,0
2026-01-08,SKU012,58.0,106000.8,1827.6,0
2026-01-09,SKU012,62.0,113311.2,1827.6,0
2026-01-10,SKU012,55.0,100518.0,1827.6,0
2026-01-11,SKU012,44.0,80414.4,1827.6,0
2026-01-12,SKU012,39.0,71276.4,1827.6,0
2026-01-13,SKU012,52.0,95035.2,1827.6,0
2026-01-14,SKU012,60.0,109656.0,1827.6,0
2026-01-15,SKU012,41.0,74931.6,1827.6,0
2026-01-16,SKU012,67.0,122449.2,1827.6,0
2026-01-17,SKU012,63.0,115138.8,1827.6,0
2026-01-18,SKU012,59.0,107828.4,1827.6,0
2026-01-19,SKU012,55.0,100518.0,1827.6,0
2026-01-20,SKU012,81.0,148035.6,1827.6,0
2026-01-21,SKU012,60.0,109656.0,1827.6,0
2026-01-22,SKU012,52.0,95035.2,1827.6,0
2026-01-23,SKU012,79.0,144380.4,1827.6,0
2026-01-24,SKU012,47.0,85897.2,1827.6,0
2026-01-25,SKU012,57.0,104173.2,1827.6,0
2026-01-26,SKU012,64.0,116966.4,1827.6,0
2026-01-27,SKU012,58.0,106000.8,1827.6,0
2026-01-28,SKU012,54.0,98690.4,1827.6,0
2026-01-29,SKU012,50.0,91380.0,1827.6,0
2026-01-30,SKU012,58.0,106000.8,1827.6,0
2026-01-31,SKU012,51.0,93207.6,1827.6,0
2026-02-01,SKU012,64.0,116966.4,1827.6,0
2026-02-02,SKU012,41.0,74931.6,1827.6,0
2026-02-03,SKU012,78.0,142552.8,1827.6,0
2026-02-04,SKU012,53.0,96862.8,1827.6,0
2026-02-05,SKU012,47.0,85897.2,1827.6,0
2026-02-06,SKU012,75.0,137070.0,1827.6,0
2026-02-07,SKU012,63.0,115138.8,1827.6,0
2026-02-08,SKU012,46.0,84069.6,1827.6,0
2026-02-09,SKU012,35.0,63966.0,1827.6,0
2026-02-10,SKU012,56.0,102345.6,1827.6,0
2026-02-11,SKU012,43.0,78586.8,1827.6,0
2026-02-12,SKU012,56.0,102345.6,1827.6,0
2026-02-13,SKU012,59.0,107828.4,1827.6,0
2026-02-14,SKU012,68.0,124276.8,1827.6,0
2026-02-15,SKU012,49.0,89552.4,1827.6,0
2026-02-16,SKU012,50.0,91380.0,1827.6,0
2026-02-17,SKU012,56.0,102345.6,1827.6,0
2026-02-18,SKU012,51.0,93207.6,1827.6,0
2026-02-19,SKU012,53.0,96862.8,1827.6,0
2026-02-20,SKU012,66.0,120621.6,1827.6,0
2026-02-21,SKU012,51.0,93207.6,1827.6,0
2026-02-22,SKU012,55.0,100518.0,1827.6,0
2026-02-23,SKU012,61.0,111483.6,1827.6,0
2026-02-24,SKU012,51.0,93207.6,1827.6,0
2026-02-25,SKU012,47.0,85897.2,1827.6,0
2026-02-26,SKU012,69.0,126104.4,1827.6,0
2026-02-27,SKU012,70.0,127932.0,1827.6,0
2026-02-28,SKU012,70.0,127932.0,1827.6,0
2026-03-01,SKU012,66.0,120621.6,1827.6,0
2026-03-02,SKU012,42.0,76759.2,1827.6,0
2026-03-03,SKU012,37.0,67621.2,1827.6,0
2026-03-04,SKU012,42.0,76759.2,1827.6,0
2026-03-05,SKU012,36.0,65793.6,1827.6,0
2026-03-06,SKU012,57.0,104173.2,1827.6,0
2026-03-07,SKU012,53.0,96862.8,1827.6,0
2026-03-08,SKU012,37.0,67621.2,1827.6,0
2026-03-09,SKU012,51.0,93207.6,1827.6,0
2026-03-10,SKU012,34.0,62138.4,1827.6,0
2026-03-11,SKU012,57.0,104173.2,1827.6,0
2026-03-12,SKU012,53.0,96862.8,1827.6,0
2026-03-13,SKU012,51.0,93207.6,1827.6,0
2026-03-14,SKU012,42.0,76759.2,1827.6,0
2026-03-15,SKU012,77.0,129467.18,1827.6,1
2026-03-16,SKU012,62.0,104246.3,1827.6,1
2026-03-17,SKU012,53.0,89113.78,1827.6,1
2026-03-18,SKU012,93.0,156369.46,1827.6,1
2026-03-19,SKU012,63.0,105927.7,1827.6,1
2026-03-20,SKU012,66.0,110971.87,1827.6,1
2026-03-21,SKU012,51.0,85750.99,1827.6,1
2026-03-22,SKU012,62.0,104246.3,1827.6,1
2026-03-23,SKU012,62.0,104246.3,1827.6,1
2026-03-24,SKU012,66.0,110971.87,1827.6,1
2026-03-25,SKU012,49.0,82388.21,1827.6,1
2026-03-26,SKU012,44.0,80414.4,1827.6,0
2026-03-27,SKU012,52.0,95035.2,1827.6,0
2026-03-28,SKU012,69.0,126104.4,1827.6,0
2026-03-29,SKU012,54.0,98690.4,1827.6,0
2026-03-30,SKU012,42.0,76759.2,1827.6,0
2026-03-31,SKU012,44.0,80414.4,1827.6,0
2026-04-01,SKU012,55.0,100518.0,1827.6,0
2026-04-02,SKU012,41.0,74931.6,1827.6,0
2026-04-03,SKU012,56.0,102345.6,1827.6,0
2026-04-04,SKU012,43.0,78586.8,1827.6,0
2026-04-05,SKU012,43.0,78586.8,1827.6,0
2026-04-06,SKU012,54.0,98690.4,1827.6,0
2026-04-07,SKU012,46.0,84069.6,1827.6,0
2026-04-08,SKU012,52.0,95035.2,1827.6,0
2026-04-09,SKU012,54.0,98690.4,1827.6,0
2026-04-10,SKU012,65.0,118794.0,1827.6,0
2026-04-11,SKU012,72.0,131587.2,1827.6,0
2026-04-12,SKU012,35.0,63966.0,1827.6,0
2026-04-13,SKU012,47.0,85897.2,1827.6,0
2026-04-14,SKU012,45.0,82242.0,1827.6,0
2026-04-15,SKU012,48.0,87724.8,1827.6,0
2026-04-16,SKU012,58.0,106000.8,1827.6,0
2026-04-17,SKU012,53.0,96862.8,1827.6,0
2026-04-18,SKU012,67.0,122449.2,1827.6,0
2026-04-19,SKU012,43.0,78586.8,1827.6,0
2026-04-20,SKU012,43.0,78586.8,1827.6,0
2026-04-21,SKU012,43.0,78586.8,1827.6,0
2026-04-22,SKU012,52.0,95035.2,1827.6,0
2026-04-23,SKU012,56.0,102345.6,1827.6,0
2026-04-24,SKU012,62.0,113311.2,1827.6,0
2026-04-25,SKU012,51.0,93207.6,1827.6,0
2026-04-26,SKU012,54.0,98690.4,1827.6,0
2026-04-27,SKU012,51.0,93207.6,1827.6,0
2026-04-28,SKU012,50.0,91380.0,1827.6,0
2026-04-29,SKU012,46.0,84069.6,1827.6,0
2026-04-30,SKU012,54.0,98690.4,1827.6,0
2026-05-01,SKU012,68.0,124276.8,1827.6,0
2026-05-02,SKU012,75.0,137070.0,1827.6,0
2026-05-03,SKU012,25.0,45690.0,1827.6,0
2026-05-04,SKU012,36.0,65793.6,1827.6,0
2026-05-05,SKU012,55.0,100518.0,1827.6,0
2026-05-06,SKU012,49.0,89552.4,1827.6,0
2026-05-07,SKU012,53.0,96862.8,1827.6,0
2026-05-08,SKU012,69.0,126104.4,1827.6,0
2026-05-09,SKU012,78.0,142552.8,1827.6,0
2026-05-10,SKU012,56.0,102345.6,1827.6,0
2026-05-11,SKU012,58.0,106000.8,1827.6,0
2026-05-12,SKU012,43.0,78586.8,1827.6,0
2026-05-13,SKU012,50.0,91380.0,1827.6,0
2026-05-14,SKU012,40.0,73104.0,1827.6,0
2026-05-15,SKU012,60.0,109656.0,1827.6,0
2026-05-16,SKU012,46.0,84069.6,1827.6,0
2026-05-17,SKU012,48.0,87724.8,1827.6,0
2026-05-18,SKU012,51.0,93207.6,1827.6,0
2026-05-19,SKU012,58.0,106000.8,1827.6,0
2026-05-20,SKU012,48.0,87724.8,1827.6,0
2026-05-21,SKU012,53.0,96862.8,1827.6,0
2026-05-22,SKU012,67.0,122449.2,1827.6,0
2026-05-23,SKU012,52.0,95035.2,1827.6,0
2026-05-24,SKU012,53.0,96862.8,1827.6,0
2026-05-25,SKU012,39.0,71276.4,1827.6,0
2026-05-26,SKU012,60.0,109656.0,1827.6,0
2026-05-27,SKU012,33.0,60310.8,1827.6,0
2026-05-28,SKU012,56.0,102345.6,1827.6,0
2026-05-29,SKU012,57.0,104173.2,1827.6,0
2026-05-30,SKU012,59.0,107828.4,1827.6,0
2026-05-31,SKU012,29.0,53000.4,1827.6,0
2026-06-01,SKU012,64.0,116966.4,1827.6,0
2026-06-02,SKU012,52.0,95035.2,1827.6,0
2026-06-03,SKU012,55.0,100518.0,1827.6,0
2026-06-04,SKU012,60.0,109656.0,1827.6,0
2026-06-05,SKU012,62.0,113311.2,1827.6,0
2026-06-06,SKU012,55.0,100518.0,1827.6,0
2026-06-07,SKU012,53.0,96862.8,1827.6,0
2026-06-08,SKU012,33.0,60310.8,1827.6,0
2026-06-09,SKU012,60.0,109656.0,1827.6,0
2026-06-10,SKU012,79.0,132829.97,1827.6,1
2026-06-11,SKU012,71.0,119378.83,1827.6,1
2026-06-12,SKU012,70.0,117697.44,1827.6,1
2026-06-13,SKU012,91.0,153006.67,1827.6,1
2026-06-14,SKU012,83.0,139555.54,1827.6,1
2026-06-15,SKU012,71.0,119378.83,1827.6,1
2026-06-16,SKU012,78.0,131148.58,1827.6,1
2026-06-17,SKU012,62.0,104246.3,1827.6,1
2026-06-18,SKU012,81.0,136192.75,1827.6,1
2026-06-19,SKU012,110.0,184953.12,1827.6,1
2026-06-20,SKU012,93.0,156369.46,1827.6,1
2026-06-21,SKU012,64.0,116966.4,1827.6,0
2026-06-22,SKU012,52.0,95035.2,1827.6,0
2026-06-23,SKU012,76.0,138897.6,1827.6,0
2026-06-24,SKU012,67.0,122449.2,1827.6,0
2026-06-25,SKU012,47.0,85897.2,1827.6,0
2026-06-26,SKU012,68.0,124276.8,1827.6,0
2026-06-27,SKU012,,120621.6,1827.6,0
2026-06-28,SKU012,62.0,113311.2,1827.6,0
2026-06-29,SKU012,60.0,109656.0,1827.6,0
2026-06-30,SKU012,49.0,89552.4,1827.6,0
2025-04-06,SKU013,16.0,113063.04,7066.44,0
2025-04-07,SKU013,10.0,70664.4,7066.44,0
2025-04-08,SKU013,10.0,70664.4,7066.44,0
2025-04-09,SKU013,11.0,77730.84,7066.44,0
2025-04-10,SKU013,18.0,127195.92,7066.44,0
2025-04-11,SKU013,16.0,113063.04,7066.44,0
2025-04-12,SKU013,19.0,134262.36,7066.44,0
2025-04-13,SKU013,11.0,77730.84,7066.44,0
2025-04-14,SKU013,8.0,56531.52,7066.44,0
2025-04-15,SKU013,15.0,105996.6,7066.44,0
2025-04-16,SKU013,18.0,127195.92,7066.44,0
2025-04-17,SKU013,15.0,105996.6,7066.44,0
2025-04-18,SKU013,18.0,127195.92,7066.44,0
2025-04-19,SKU013,23.0,162528.12,7066.44,0
2025-04-20,SKU013,17.0,120129.48,7066.44,0
2025-04-21,SKU013,19.0,134262.36,7066.44,0
2025-04-22,SKU013,11.0,77730.84,7066.44,0
2025-04-23,SKU013,20.0,141328.8,7066.44,0
2025-04-24,SKU013,24.0,169594.56,7066.44,0
2025-04-25,SKU013,23.0,162528.12,7066.44,0
2025-04-26,SKU013,17.0,120129.48,7066.44,0
2025-04-27,SKU013,16.0,113063.04,7066.44,0
2025-04-28,SKU013,13.0,91863.72,7066.44,0
2025-04-29,SKU013,7.0,49465.08,7066.44,0
2025-04-30,SKU013,15.0,105996.6,7066.44,0
2025-05-01,SKU013,13.0,91863.72,7066.44,0
2025-05-02,SKU013,23.0,162528.12,7066.44,0
2025-05-03,SKU013,17.0,120129.48,7066.44,0
2025-05-04,SKU013,15.0,105996.6,7066.44,0
2025-05-05,SKU013,15.0,105996.6,7066.44,0
2025-05-06,SKU013,15.0,105996.6,7066.44,0
2025-05-07,SKU013,19.0,134262.36,7066.44,0
2025-05-08,SKU013,19.0,134262.36,7066.44,0
2025-05-09,SKU013,19.0,134262.36,7066.44,0
2025-05-10,SKU013,10.0,70664.4,7066.44,0
2025-05-11,SKU013,17.0,120129.48,7066.44,0
2025-05-12,SKU013,15.0,105996.6,7066.44,0
2025-05-13,SKU013,19.0,134262.36,7066.44,0
2025-05-14,SKU013,14.0,98930.16,7066.44,0
2025-05-15,SKU013,16.0,113063.04,7066.44,0
2025-05-16,SKU013,16.0,113063.04,7066.44,0
2025-05-17,SKU013,14.0,98930.16,7066.44,0
2025-05-18,SKU013,23.0,162528.12,7066.44,0
2025-05-19,SKU013,19.0,134262.36,7066.44,0
2025-05-20,SKU013,15.0,105996.6,7066.44,0
2025-05-21,SKU013,17.0,120129.48,7066.44,0
2025-05-22,SKU013,12.0,84797.28,7066.44,0
2025-05-23,SKU013,21.0,148395.24,7066.44,0
2025-05-24,SKU013,15.0,105996.6,7066.44,0
2025-05-25,SKU013,26.0,183727.44,7066.44,0
2025-05-26,SKU013,15.0,105996.6,7066.44,0
2025-05-27,SKU013,10.0,70664.4,7066.44,0
2025-05-28,SKU013,19.0,134262.36,7066.44,0
2025-05-29,SKU013,17.0,120129.48,7066.44,0
2025-05-30,SKU013,24.0,169594.56,7066.44,0
2025-05-31,SKU013,20.0,141328.8,7066.44,0
2025-06-01,SKU013,16.0,113063.04,7066.44,0
2025-06-02,SKU013,10.0,70664.4,7066.44,0
2025-06-03,SKU013,19.0,134262.36,7066.44,0
2025-06-04,SKU013,18.0,127195.92,7066.44,0
2025-06-05,SKU013,19.0,134262.36,7066.44,0
2025-06-06,SKU013,21.0,148395.24,7066.44,0
2025-06-07,SKU013,14.0,98930.16,7066.44,0
2025-06-08,SKU013,14.0,98930.16,7066.44,0
2025-06-09,SKU013,16.0,113063.04,7066.44,0
2025-06-10,SKU013,30.0,195033.74,7066.44,1
2025-06-11,SKU013,27.0,175530.37,7066.44,1
2025-06-12,SKU013,25.0,162528.12,7066.44,1
2025-06-13,SKU013,28.0,182031.49,7066.44,1
2025-06-14,SKU013,27.0,175530.37,7066.44,1
2025-06-15,SKU013,17.0,110519.12,7066.44,1
2025-06-16,SKU013,19.0,123521.37,7066.44,1
2025-06-17,SKU013,22.0,143024.75,7066.44,1
2025-06-18,SKU013,24.0,156027.0,7066.44,1
2025-06-19,SKU013,27.0,175530.37,7066.44,1
2025-06-20,SKU013,28.0,182031.49,7066.44,1
2025-06-21,SKU013,22.0,155461.68,7066.44,0
2025-06-22,SKU013,16.0,113063.04,7066.44,0
2025-06-23,SKU013,13.0,91863.72,7066.44,0
2025-06-24,SKU013,27.0,190793.88,7066.44,0
2025-06-25,SKU013,22.0,155461.68,7066.44,0
2025-06-26,SKU013,14.0,98930.16,7066.44,0
2025-06-27,SKU013,25.0,176661.0,7066.44,0
2025-06-28,SKU013,24.0,169594.56,7066.44,0
2025-06-29,SKU013,24.0,169594.56,7066.44,0
2025-06-30,SKU013,9.0,63597.96,7066.44,0
2025-07-01,SKU013,21.0,148395.24,7066.44,0
2025-07-02,SKU013,22.0,155461.68,7066.44,0
2025-07-03,SKU013,27.0,190793.88,7066.44,0
2025-07-04,SKU013,24.0,169594.56,7066.44,0
2025-07-05,SKU013,19.0,134262.36,7066.44,0
2025-07-06,SKU013,13.0,91863.72,7066.44,0
2025-07-07,SKU013,11.0,77730.84,7066.44,0
2025-07-08,SKU013,18.0,127195.92,7066.44,0
2025-07-09,SKU013,15.0,105996.6,7066.44,0
2025-07-10,SKU013,19.0,134262.36,7066.44,0
2025-07-11,SKU013,23.0,162528.12,7066.44,0
2025-07-12,SKU013,22.0,155461.68,7066.44,0
2025-07-13,SKU013,17.0,120129.48,7066.44,0
2025-07-14,SKU013,14.0,98930.16,7066.44,0
2025-07-15,SKU013,14.0,98930.16,7066.44,0
2025-07-16,SKU013,19.0,134262.36,7066.44,0
2025-07-17,SKU013,16.0,113063.04,7066.44,0
2025-07-18,SKU013,29.0,204926.76,7066.44,0
2025-07-19,SKU013,23.0,162528.12,7066.44,0
2025-07-20,SKU013,18.0,127195.92,7066.44,0
2025-07-21,SKU013,13.0,91863.72,7066.44,0
2025-07-22,SKU013,21.0,148395.24,7066.44,0
2025-07-23,SKU013,10.0,70664.4,7066.44,0
2025-07-24,SKU013,10.0,70664.4,7066.44,0
2025-07-25,SKU013,24.0,169594.56,7066.44,0
2025-07-26,SKU013,21.0,148395.24,7066.44,0
2025-07-27,SKU013,13.0,91863.72,7066.44,0
2025-07-28,SKU013,14.0,98930.16,7066.44,0
2025-07-29,SKU013,15.0,105996.6,7066.44,0
2025-07-30,SKU013,24.0,169594.56,7066.44,0
2025-07-31,SKU013,12.0,84797.28,7066.44,0
2025-08-01,SKU013,17.0,120129.48,7066.44,0
2025-08-02,SKU013,16.0,113063.04,7066.44,0
2025-08-03,SKU013,19.0,134262.36,7066.44,0
2025-08-04,SKU013,26.0,183727.44,7066.44,0
2025-08-05,SKU013,26.0,183727.44,7066.44,0
2025-08-06,SKU013,16.0,113063.04,7066.44,0
2025-08-07,SKU013,18.0,127195.92,7066.44,0
2025-08-08,SKU013,28.0,197860.32,7066.44,0
2025-08-09,SKU013,18.0,127195.92,7066.44,0
2025-08-10,SKU013,14.0,98930.16,7066.44,0
2025-08-11,SKU013,15.0,105996.6,7066.44,0
2025-08-12,SKU013,17.0,120129.48,7066.44,0
2025-08-13,SKU013,18.0,127195.92,7066.44,0
2025-08-14,SKU013,17.0,120129.48,7066.44,0
2025-08-15,SKU013,26.0,183727.44,7066.44,0
2025-08-16,SKU013,13.0,91863.72,7066.44,0
2025-08-17,SKU013,16.0,113063.04,7066.44,0
2025-08-18,SKU013,19.0,134262.36,7066.44,0
2025-08-19,SKU013,136.0,120129.48,7066.44,0
2025-08-20,SKU013,13.0,91863.72,7066.44,0
2025-08-21,SKU013,14.0,98930.16,7066.44,0
2025-08-22,SKU013,41.0,289724.04,7066.44,0
2025-08-23,SKU013,22.0,155461.68,7066.44,0
2025-08-24,SKU013,,98930.16,7066.44,0
2025-08-25,SKU013,20.0,141328.8,7066.44,0
2025-08-26,SKU013,23.0,162528.12,7066.44,0
2025-08-27,SKU013,11.0,77730.84,7066.44,0
2025-08-28,SKU013,14.0,98930.16,7066.44,0
2025-08-29,SKU013,18.0,127195.92,7066.44,0
2025-08-30,SKU013,16.0,113063.04,7066.44,0
2025-08-31,SKU013,19.0,134262.36,7066.44,0
2025-09-01,SKU013,9.0,63597.96,7066.44,0
2025-09-02,SKU013,11.0,77730.84,7066.44,0
2025-09-03,SKU013,20.0,141328.8,7066.44,0
2025-09-04,SKU013,18.0,127195.92,7066.44,0
2025-09-05,SKU013,23.0,162528.12,7066.44,0
2025-09-06,SKU013,13.0,91863.72,7066.44,0
2025-09-07,SKU013,19.0,134262.36,7066.44,0
2025-09-08,SKU013,10.0,70664.4,7066.44,0
2025-09-09,SKU013,13.0,91863.72,7066.44,0
2025-09-10,SKU013,17.0,120129.48,7066.44,0
2025-09-11,SKU013,16.0,113063.04,7066.44,0
2025-09-12,SKU013,21.0,148395.24,7066.44,0
2025-09-13,SKU013,9.0,63597.96,7066.44,0
2025-09-14,SKU013,25.0,176661.0,7066.44,0
2025-09-15,SKU013,22.0,155461.68,7066.44,0
2025-09-16,SKU013,19.0,134262.36,7066.44,0
2025-09-17,SKU013,17.0,120129.48,7066.44,0
2025-09-18,SKU013,20.0,141328.8,7066.44,0
2025-09-19,SKU013,22.0,155461.68,7066.44,0
2025-09-20,SKU013,17.0,120129.48,7066.44,0
2025-09-21,SKU013,16.0,113063.04,7066.44,0
2025-09-22,SKU013,17.0,120129.48,7066.44,0
2025-09-23,SKU013,10.0,70664.4,7066.44,0
2025-09-24,SKU013,19.0,134262.36,7066.44,0
2025-09-25,SKU013,19.0,134262.36,7066.44,0
2025-09-26,SKU013,14.0,98930.16,7066.44,0
2025-09-27,SKU013,20.0,141328.8,7066.44,0
2025-09-28,SKU013,19.0,134262.36,7066.44,0
2025-09-29,SKU013,24.0,169594.56,7066.44,0
2025-09-30,SKU013,14.0,98930.16,7066.44,0
2025-10-01,SKU013,14.0,91015.75,7066.44,1
2025-10-02,SKU013,24.0,156027.0,7066.44,1
2025-10-03,SKU013,20.0,130022.5,7066.44,1
2025-10-04,SKU013,15.0,97516.87,7066.44,1
2025-10-05,SKU013,14.0,91015.75,7066.44,1
2025-10-06,SKU013,28.0,182031.49,7066.44,1
2025-10-07,SKU013,27.0,175530.37,7066.44,1
2025-10-08,SKU013,16.0,104018.0,7066.44,1
2025-10-09,SKU013,21.0,136523.62,7066.44,1
2025-10-10,SKU013,22.0,143024.75,7066.44,1
2025-10-11,SKU013,12.0,84797.28,7066.44,0
2025-10-12,SKU013,10.0,70664.4,7066.44,0
2025-10-13,SKU013,11.0,77730.84,7066.44,0
2025-10-14,SKU013,16.0,113063.04,7066.44,0
2025-10-15,SKU013,19.0,134262.36,7066.44,0
2025-10-16,SKU013,12.0,84797.28,7066.44,0
2025-10-17,SKU013,16.0,113063.04,7066.44,0
2025-10-18,SKU013,14.0,98930.16,7066.44,0
2025-10-19,SKU013,17.0,120129.48,7066.44,0
2025-10-20,SKU013,23.0,162528.12,7066.44,0
2025-10-21,SKU013,,49465.08,7066.44,0
2025-10-22,SKU013,22.0,155461.68,7066.44,0
2025-10-23,SKU013,18.0,127195.92,7066.44,0
2025-10-24,SKU013,17.0,120129.48,7066.44,0
2025-10-25,SKU013,18.0,127195.92,7066.44,0
2025-10-26,SKU013,19.0,134262.36,7066.44,0
2025-10-27,SKU013,15.0,105996.6,7066.44,0
2025-10-28,SKU013,15.0,105996.6,7066.44,0
2025-10-29,SKU013,18.0,127195.92,7066.44,0
2025-10-30,SKU013,15.0,105996.6,7066.44,0
2025-10-31,SKU013,24.0,169594.56,7066.44,0
2025-11-01,SKU013,20.0,141328.8,7066.44,0
2025-11-02,SKU013,17.0,120129.48,7066.44,0
2025-11-03,SKU013,14.0,98930.16,7066.44,0
2025-11-04,SKU013,20.0,141328.8,7066.44,0
2025-11-05,SKU013,12.0,84797.28,7066.44,0
2025-11-06,SKU013,14.0,98930.16,7066.44,0
2025-11-07,SKU013,13.0,91863.72,7066.44,0
2025-11-08,SKU013,15.0,105996.6,7066.44,0
2025-11-09,SKU013,18.0,127195.92,7066.44,0
2025-11-10,SKU013,16.0,113063.04,7066.44,0
2025-11-11,SKU013,23.0,162528.12,7066.44,0
2025-11-12,SKU013,12.0,84797.28,7066.44,0
2025-11-13,SKU013,9.0,63597.96,7066.44,0
2025-11-14,SKU013,25.0,176661.0,7066.44,0
2025-11-15,SKU013,24.0,169594.56,7066.44,0
2025-11-16,SKU013,8.0,56531.52,7066.44,0
2025-11-17,SKU013,15.0,105996.6,7066.44,0
2025-11-18,SKU013,18.0,127195.92,7066.44,0
2025-11-19,SKU013,22.0,155461.68,7066.44,0
2025-11-20,SKU013,24.0,156027.0,7066.44,1
2025-11-21,SKU013,23.0,149525.87,7066.44,1
2025-11-22,SKU013,39.0,253543.87,7066.44,1
2025-11-23,SKU013,19.0,123521.37,7066.44,1
2025-11-24,SKU013,13.0,84514.62,7066.44,1
2025-11-25,SKU013,23.0,149525.87,7066.44,1
2025-11-26,SKU013,17.0,110519.12,7066.44,1
2025-11-27,SKU013,17.0,110519.12,7066.44,1
2025-11-28,SKU013,19.0,123521.37,7066.44,1
2025-11-29,SKU013,25.0,162528.12,7066.44,1
2025-11-30,SKU013,25.0,162528.12,7066.44,1
2025-12-01,SKU013,22.0,155461.68,7066.44,0
2025-12-02,SKU013,18.0,127195.92,7066.44,0
2025-12-03,SKU013,15.0,105996.6,7066.44,0
2025-12-04,SKU013,21.0,148395.24,7066.44,0
2025-12-05,SKU013,13.0,91863.72,7066.44,0
2025-12-06,SKU013,22.0,155461.68,7066.44,0
2025-12-07,SKU013,33.0,233192.52,7066.44,0
2025-12-08,SKU013,8.0,56531.52,7066.44,0
2025-12-09,SKU013,16.0,113063.04,7066.44,0
2025-12-10,SKU013,16.0,113063.04,7066.44,0
2025-12-11,SKU013,15.0,105996.6,7066.44,0
2025-12-12,SKU013,25.0,176661.0,7066.44,0
2025-12-13,SKU013,21.0,148395.24,7066.44,0
2025-12-14,SKU013,14.0,98930.16,7066.44,0
2025-12-15,SKU013,16.0,104018.0,7066.44,1
2025-12-16,SKU013,25.0,162528.12,7066.44,1
2025-12-17,SKU013,20.0,130022.5,7066.44,1
2025-12-18,SKU013,27.0,175530.37,7066.44,1
2025-12-19,SKU013,26.0,169029.24,7066.44,1
2025-12-20,SKU013,26.0,169029.24,7066.44,1
2025-12-21,SKU013,20.0,130022.5,7066.44,1
2025-12-22,SKU013,19.0,123521.37,7066.44,1
2025-12-23,SKU013,16.0,104018.0,7066.44,1
2025-12-24,SKU013,36.0,234040.49,7066.44,1
2025-12-25,SKU013,28.0,182031.49,7066.44,1
2025-12-26,SKU013,37.0,240541.62,7066.44,1
2025-12-27,SKU013,15.0,97516.87,7066.44,1
2025-12-28,SKU013,18.0,117020.25,7066.44,1
2025-12-29,SKU013,25.0,162528.12,7066.44,1
2025-12-30,SKU013,27.0,175530.37,7066.44,1
2025-12-31,SKU013,19.0,123521.37,7066.44,1
2026-01-01,SKU013,14.0,98930.16,7066.44,0
2026-01-02,SKU013,16.0,113063.04,7066.44,0
2026-01-03,SKU013,20.0,141328.8,7066.44,0
2026-01-04,SKU013,20.0,141328.8,7066.44,0
2026-01-05,SKU013,23.0,162528.12,7066.44,0
2026-01-06,SKU013,20.0,141328.8,7066.44,0
2026-01-07,SKU013,31.0,219059.64,7066.44,0
2026-01-08,SKU013,13.0,91863.72,7066.44,0
2026-01-09,SKU013,19.0,134262.36,7066.44,0
2026-01-10,SKU013,19.0,134262.36,7066.44,0
2026-01-11,SKU013,15.0,105996.6,7066.44,0
2026-01-12,SKU013,18.0,127195.92,7066.44,0
2026-01-13,SKU013,21.0,148395.24,7066.44,0
2026-01-14,SKU013,18.0,127195.92,7066.44,0
2026-01-15,SKU013,19.0,134262.36,7066.44,0
2026-01-16,SKU013,15.0,105996.6,7066.44,0
2026-01-17,SKU013,24.0,169594.56,7066.44,0
2026-01-18,SKU013,20.0,141328.8,7066.44,0
2026-01-19,SKU013,22.0,155461.68,7066.44,0
2026-01-20,SKU013,18.0,127195.92,7066.44,0
2026-01-21,SKU013,22.0,155461.68,7066.44,0
2026-01-22,SKU013,18.0,127195.92,7066.44,0
2026-01-23,SKU013,17.0,120129.48,7066.44,0
2026-01-24,SKU013,13.0,91863.72,7066.44,0
2026-01-25,SKU013,18.0,127195.92,7066.44,0
2026-01-26,SKU013,15.0,105996.6,7066.44,0
2026-01-27,SKU013,16.0,113063.04,7066.44,0
2026-01-28,SKU013,17.0,120129.48,7066.44,0
2026-01-29,SKU013,26.0,183727.44,7066.44,0
2026-01-30,SKU013,35.0,247325.4,7066.44,0
2026-01-31,SKU013,20.0,141328.8,7066.44,0
2026-02-01,SKU013,13.0,91863.72,7066.44,0
2026-02-02,SKU013,20.0,141328.8,7066.44,0
2026-02-03,SKU013,13.0,91863.72,7066.44,0
2026-02-04,SKU013,15.0,105996.6,7066.44,0
2026-02-05,SKU013,16.0,113063.04,7066.44,0
2026-02-06,SKU013,20.0,141328.8,7066.44,0
2026-02-07,SKU013,15.0,105996.6,7066.44,0
2026-02-08,SKU013,20.0,141328.8,7066.44,0
2026-02-09,SKU013,15.0,105996.6,7066.44,0
2026-02-10,SKU013,13.0,91863.72,7066.44,0
2026-02-11,SKU013,25.0,176661.0,7066.44,0
2026-02-12,SKU013,17.0,120129.48,7066.44,0
2026-02-13,SKU013,20.0,141328.8,7066.44,0
2026-02-14,SKU013,27.0,190793.88,7066.44,0
2026-02-15,SKU013,16.0,113063.04,7066.44,0
2026-02-16,SKU013,13.0,91863.72,7066.44,0
2026-02-17,SKU013,15.0,105996.6,7066.44,0
2026-02-18,SKU013,17.0,120129.48,7066.44,0
2026-02-19,SKU013,27.0,190793.88,7066.44,0
2026-02-20,SKU013,19.0,134262.36,7066.44,0
2026-02-21,SKU013,33.0,233192.52,7066.44,0
2026-02-22,SKU013,17.0,120129.48,7066.44,0
2026-02-23,SKU013,21.0,148395.24,7066.44,0
2026-02-24,SKU013,23.0,162528.12,7066.44,0
2026-02-25,SKU013,31.0,219059.64,7066.44,0
2026-02-26,SKU013,25.0,176661.0,7066.44,0
2026-02-27,SKU013,15.0,105996.6,7066.44,0
2026-02-28,SKU013,22.0,155461.68,7066.44,0
2026-03-01,SKU013,12.0,84797.28,7066.44,0
2026-03-02,SKU013,13.0,91863.72,7066.44,0
2026-03-03,SKU013,23.0,162528.12,7066.44,0
2026-03-04,SKU013,25.0,176661.0,7066.44,0
2026-03-05,SKU013,12.0,84797.28,7066.44,0
2026-03-06,SKU013,16.0,113063.04,7066.44,0
2026-03-07,SKU013,23.0,162528.12,7066.44,0
2026-03-08,SKU013,21.0,148395.24,7066.44,0
2026-03-09,SKU013,17.0,120129.48,7066.44,0
2026-03-10,SKU013,22.0,155461.68,7066.44,0
2026-03-11,SKU013,20.0,141328.8,7066.44,0
2026-03-12,SKU013,16.0,113063.04,7066.44,0
2026-03-13,SKU013,24.0,169594.56,7066.44,0
2026-03-14,SKU013,14.0,98930.16,7066.44,0
2026-03-15,SKU013,10.0,65011.25,7066.44,1
2026-03-16,SKU013,17.0,110519.12,7066.44,1
2026-03-17,SKU013,20.0,130022.5,7066.44,1
2026-03-18,SKU013,24.0,156027.0,7066.44,1
2026-03-19,SKU013,15.0,97516.87,7066.44,1
2026-03-20,SKU013,27.0,175530.37,7066.44,1
2026-03-21,SKU013,25.0,162528.12,7066.44,1
2026-03-22,SKU013,17.0,110519.12,7066.44,1
2026-03-23,SKU013,17.0,110519.12,7066.44,1
2026-03-24,SKU013,27.0,175530.37,7066.44,1
2026-03-25,SKU013,20.0,130022.5,7066.44,1
2026-03-26,SKU013,15.0,105996.6,7066.44,0
2026-03-27,SKU013,22.0,155461.68,7066.44,0
2026-03-28,SKU013,19.0,134262.36,7066.44,0
2026-03-29,SKU013,12.0,84797.28,7066.44,0
2026-03-30,SKU013,14.0,98930.16,7066.44,0
2026-03-31,SKU013,17.0,120129.48,7066.44,0
2026-04-01,SKU013,23.0,162528.12,7066.44,0
2026-04-02,SKU013,16.0,113063.04,7066.44,0
2026-04-03,SKU013,22.0,155461.68,7066.44,0
2026-04-04,SKU013,23.0,162528.12,7066.44,0
2026-04-05,SKU013,21.0,148395.24,7066.44,0
2026-04-06,SKU013,6.0,42398.64,7066.44,0
2026-04-07,SKU013,16.0,113063.04,7066.44,0
2026-04-08,SKU013,13.0,91863.72,7066.44,0
2026-04-09,SKU013,22.0,155461.68,7066.44,0
2026-04-10,SKU013,17.0,120129.48,7066.44,0
2026-04-11,SKU013,21.0,148395.24,7066.44,0
2026-04-12,SKU013,17.0,120129.48,7066.44,0
2026-04-13,SKU013,18.0,127195.92,7066.44,0
2026-04-14,SKU013,28.0,197860.32,7066.44,0
2026-04-15,SKU013,26.0,183727.44,7066.44,0
2026-04-16,SKU013,12.0,84797.28,7066.44,0
2026-04-17,SKU013,15.0,105996.6,7066.44,0
2026-04-18,SKU013,18.0,127195.92,7066.44,0
2026-04-19,SKU013,22.0,155461.68,7066.44,0
2026-04-20,SKU013,12.0,84797.28,7066.44,0
2026-04-21,SKU013,22.0,155461.68,7066.44,0
2026-04-22,SKU013,16.0,113063.04,7066.44,0
2026-04-23,SKU013,23.0,162528.12,7066.44,0
2026-04-24,SKU013,21.0,148395.24,7066.44,0
2026-04-25,SKU013,22.0,155461.68,7066.44,0
2026-04-26,SKU013,15.0,105996.6,7066.44,0
2026-04-27,SKU013,21.0,148395.24,7066.44,0
2026-04-28,SKU013,16.0,113063.04,7066.44,0
2026-04-29,SKU013,19.0,134262.36,7066.44,0
2026-04-30,SKU013,16.0,113063.04,7066.44,0
2026-05-01,SKU013,21.0,148395.24,7066.44,0
2026-05-02,SKU013,17.0,120129.48,7066.44,0
2026-05-03,SKU013,26.0,183727.44,7066.44,0
2026-05-04,SKU013,21.0,148395.24,7066.44,0
2026-05-05,SKU013,23.0,162528.12,7066.44,0
2026-05-06,SKU013,20.0,141328.8,7066.44,0
2026-05-07,SKU013,15.0,105996.6,7066.44,0
2026-05-08,SKU013,14.0,98930.16,7066.44,0
2026-05-09,SKU013,20.0,141328.8,7066.44,0
2026-05-10,SKU013,24.0,169594.56,7066.44,0
2026-05-11,SKU013,10.0,70664.4,7066.44,0
2026-05-12,SKU013,19.0,134262.36,7066.44,0
2026-05-13,SKU013,16.0,113063.04,7066.44,0
2026-05-14,SKU013,24.0,169594.56,7066.44,0
2026-05-15,SKU013,27.0,190793.88,7066.44,0
2026-05-16,SKU013,11.0,77730.84,7066.44,0
2026-05-17,SKU013,21.0,148395.24,7066.44,0
2026-05-18,SKU013,12.0,84797.28,7066.44,0
2026-05-19,SKU013,11.0,77730.84,7066.44,0
2026-05-20,SKU013,15.0,105996.6,7066.44,0
2026-05-21,SKU013,23.0,162528.12,7066.44,0
2026-05-22,SKU013,21.0,148395.24,7066.44,0
2026-05-23,SKU013,13.0,91863.72,7066.44,0
2026-05-24,SKU013,14.0,98930.16,7066.44,0
2026-05-25,SKU013,14.0,98930.16,7066.44,0
2026-05-26,SKU013,13.0,91863.72,7066.44,0
2026-05-27,SKU013,19.0,134262.36,7066.44,0
2026-05-28,SKU013,21.0,148395.24,7066.44,0
2026-05-29,SKU013,17.0,120129.48,7066.44,0
2026-05-30,SKU013,14.0,98930.16,7066.44,0
2026-05-31,SKU013,10.0,70664.4,7066.44,0
2026-06-01,SKU013,15.0,105996.6,7066.44,0
2026-06-02,SKU013,11.0,77730.84,7066.44,0
2026-06-03,SKU013,22.0,155461.68,7066.44,0
2026-06-04,SKU013,13.0,91863.72,7066.44,0
2026-06-05,SKU013,25.0,176661.0,7066.44,0
2026-06-06,SKU013,26.0,183727.44,7066.44,0
2026-06-07,SKU013,12.0,84797.28,7066.44,0
2026-06-08,SKU013,13.0,91863.72,7066.44,0
2026-06-09,SKU013,26.0,183727.44,7066.44,0
2026-06-10,SKU013,25.0,162528.12,7066.44,1
2026-06-11,SKU013,28.0,182031.49,7066.44,1
2026-06-12,SKU013,28.0,182031.49,7066.44,1
2026-06-13,SKU013,31.0,201534.87,7066.44,1
2026-06-14,SKU013,25.0,162528.12,7066.44,1
2026-06-15,SKU013,21.0,136523.62,7066.44,1
2026-06-16,SKU013,25.0,162528.12,7066.44,1
2026-06-17,SKU013,29.0,188532.62,7066.44,1
2026-06-18,SKU013,25.0,162528.12,7066.44,1
2026-06-19,SKU013,25.0,162528.12,7066.44,1
2026-06-20,SKU013,39.0,253543.87,7066.44,1
2026-06-21,SKU013,19.0,134262.36,7066.44,0
2026-06-22,SKU013,18.0,127195.92,7066.44,0
2026-06-23,SKU013,5.0,35332.2,7066.44,0
2026-06-24,SKU013,28.0,197860.32,7066.44,0
2026-06-25,SKU013,30.0,211993.2,7066.44,0
2026-06-26,SKU013,31.0,219059.64,7066.44,0
2026-06-27,SKU013,28.0,197860.32,7066.44,0
2026-06-28,SKU013,13.0,91863.72,7066.44,0
2026-06-29,SKU013,22.0,155461.68,7066.44,0
2026-06-30,SKU013,14.0,98930.16,7066.44,0
2025-01-07,SKU014,92.0,295422.12,3211.11,0
2025-01-08,SKU014,85.0,272944.35,3211.11,0
2025-01-09,SKU014,74.0,237622.14,3211.11,0
2025-01-10,SKU014,148.0,437224.74,3211.11,1
2025-01-11,SKU014,127.0,375186.09,3211.11,1
2025-01-12,SKU014,110.0,324964.33,3211.11,1
2025-01-13,SKU014,87.0,257017.24,3211.11,1
2025-01-14,SKU014,91.0,268834.13,3211.11,1
2025-01-15,SKU014,100.0,295422.12,3211.11,1
2025-01-16,SKU014,76.0,244044.36,3211.11,0
2025-01-17,SKU014,109.0,350010.99,3211.11,0
2025-01-18,SKU014,89.0,285788.79,3211.11,0
2025-01-19,SKU014,73.0,234411.03,3211.11,0
2025-01-20,SKU014,57.0,183033.27,3211.11,0
2025-01-21,SKU014,104.0,333955.44,3211.11,0
2025-01-22,SKU014,66.0,211933.26,3211.11,0
2025-01-23,SKU014,78.0,250466.58,3211.11,0
2025-01-24,SKU014,73.0,234411.03,3211.11,0
2025-01-25,SKU014,97.0,311477.67,3211.11,0
2025-01-26,SKU014,94.0,301844.34,3211.11,0
2025-01-27,SKU014,70.0,224777.7,3211.11,0
2025-01-28,SKU014,66.0,211933.26,3211.11,0
2025-01-29,SKU014,68.0,218355.48,3211.11,0
2025-01-30,SKU014,67.0,215144.37,,0
2025-01-31,SKU014,68.0,218355.48,3211.11,0
2025-02-01,SKU014,92.0,295422.12,3211.11,0
2025-02-02,SKU014,68.0,218355.48,3211.11,0
2025-02-03,SKU014,80.0,256888.8,3211.11,0
2025-02-04,SKU014,61.0,195877.71,3211.11,0
2025-02-05,SKU014,64.0,205511.04,3211.11,0
2025-02-06,SKU014,60.0,192666.6,3211.11,0
2025-02-07,SKU014,73.0,234411.03,3211.11,0
2025-02-08,SKU014,102.0,327533.22,3211.11,0
2025-02-09,SKU014,66.0,211933.26,3211.11,0
2025-02-10,SKU014,79.0,253677.69,3211.11,0
2025-02-11,SKU014,74.0,237622.14,3211.11,0
2025-02-12,SKU014,71.0,227988.81,3211.11,0
2025-02-13,SKU014,84.0,269733.24,3211.11,0
2025-02-14,SKU014,78.0,250466.58,3211.11,0
2025-02-15,SKU014,77.0,247255.47,3211.11,0
2025-02-16,SKU014,65.0,208722.15,3211.11,0
2025-02-17,SKU014,78.0,250466.58,3211.11,0
2025-02-18,SKU014,67.0,215144.37,3211.11,0
2025-02-19,SKU014,69.0,221566.59,3211.11,0
2025-02-20,SKU014,89.0,285788.79,3211.11,0
2025-02-21,SKU014,79.0,253677.69,3211.11,0
2025-02-22,SKU014,90.0,288999.9,3211.11,0
2025-02-23,SKU014,65.0,208722.15,3211.11,0
2025-02-24,SKU014,58.0,186244.38,3211.11,0
2025-02-25,SKU014,82.0,263311.02,3211.11,0
2025-02-26,SKU014,90.0,288999.9,3211.11,0
2025-02-27,SKU014,87.0,279366.57,3211.11,0
2025-02-28,SKU014,59.0,189455.49,3211.11,0
2025-03-01,SKU014,81.0,260099.91,3211.11,0
2025-03-02,SKU014,60.0,192666.6,3211.11,0
2025-03-03,SKU014,57.0,183033.27,3211.11,0
2025-03-04,SKU014,73.0,234411.03,3211.11,0
2025-03-05,SKU014,67.0,215144.37,3211.11,0
2025-03-06,SKU014,62.0,199088.82,3211.11,0
2025-03-07,SKU014,90.0,288999.9,3211.11,0
2025-03-08,SKU014,81.0,260099.91,3211.11,0
2025-03-09,SKU014,54.0,173399.94,3211.11,0
2025-03-10,SKU014,59.0,189455.49,3211.11,0
2025-03-11,SKU014,41.0,131655.51,3211.11,0
2025-03-12,SKU014,64.0,205511.04,3211.11,0
2025-03-13,SKU014,66.0,211933.26,3211.11,0
2025-03-14,SKU014,72.0,231199.92,3211.11,0
2025-03-15,SKU014,86.0,276155.46,3211.11,0
2025-03-16,SKU014,53.0,170188.83,3211.11,0
2025-03-17,SKU014,58.0,186244.38,3211.11,0
2025-03-18,SKU014,50.0,160555.5,3211.11,0
2025-03-19,SKU014,61.0,195877.71,3211.11,0
2025-03-20,SKU014,107.0,316101.67,3211.11,1
2025-03-21,SKU014,149.0,440178.96,3211.11,1
2025-03-22,SKU014,104.0,307239.0,3211.11,1
2025-03-23,SKU014,108.0,319055.89,3211.11,1
2025-03-24,SKU014,72.0,212703.93,3211.11,1
2025-03-25,SKU014,86.0,254063.02,3211.11,1
2025-03-26,SKU014,92.0,271788.35,3211.11,1
2025-03-27,SKU014,106.0,313147.45,3211.11,1
2025-03-28,SKU014,78.0,250466.58,3211.11,0
2025-03-29,SKU014,92.0,295422.12,3211.11,0
2025-03-30,SKU014,70.0,224777.7,3211.11,0
2025-03-31,SKU014,57.0,183033.27,3211.11,0
2025-04-01,SKU014,72.0,231199.92,3211.11,0
2025-04-02,SKU014,78.0,250466.58,3211.11,0
2025-04-03,SKU014,67.0,215144.37,3211.11,0
2025-04-04,SKU014,76.0,244044.36,3211.11,0
2025-04-05,SKU014,65.0,208722.15,3211.11,0
2025-04-06,SKU014,81.0,260099.91,3211.11,0
2025-04-07,SKU014,55.0,176611.05,3211.11,0
2025-04-08,SKU014,66.0,211933.26,3211.11,0
2025-04-09,SKU014,68.0,218355.48,3211.11,0
2025-04-10,SKU014,97.0,311477.67,3211.11,0
2025-04-11,SKU014,67.0,215144.37,3211.11,0
2025-04-12,SKU014,90.0,288999.9,3211.11,0
2025-04-13,SKU014,61.0,195877.71,3211.11,0
2025-04-14,SKU014,68.0,218355.48,3211.11,0
2025-04-15,SKU014,72.0,231199.92,3211.11,0
2025-04-16,SKU014,79.0,253677.69,3211.11,0
2025-04-17,SKU014,79.0,253677.69,3211.11,0
2025-04-18,SKU014,76.0,244044.36,3211.11,0
2025-04-19,SKU014,67.0,215144.37,3211.11,0
2025-04-20,SKU014,91.0,292211.01,3211.11,0
2025-04-21,SKU014,61.0,195877.71,3211.11,0
2025-04-22,SKU014,49.0,157344.39,3211.11,0
2025-04-23,SKU014,53.0,170188.83,3211.11,0
2025-04-24,SKU014,75.0,240833.25,3211.11,0
2025-04-25,SKU014,74.0,237622.14,3211.11,0
2025-04-26,SKU014,101.0,324322.11,3211.11,0
2025-04-27,SKU014,47.0,150922.17,3211.11,0
2025-04-28,SKU014,63.0,202299.93,3211.11,0
2025-04-29,SKU014,62.0,199088.82,3211.11,0
2025-04-30,SKU014,77.0,247255.47,3211.11,0
2025-05-01,SKU014,74.0,237622.14,3211.11,0
2025-05-02,SKU014,87.0,279366.57,3211.11,0
2025-05-03,SKU014,70.0,224777.7,3211.11,0
2025-05-04,SKU014,95.0,305055.45,3211.11,0
2025-05-05,SKU014,67.0,215144.37,3211.11,0
2025-05-06,SKU014,64.0,205511.04,3211.11,0
2025-05-07,SKU014,75.0,240833.25,3211.11,0
2025-05-08,SKU014,63.0,202299.93,3211.11,0
2025-05-09,SKU014,74.0,237622.14,3211.11,0
2025-05-10,SKU014,81.0,260099.91,3211.11,0
2025-05-11,SKU014,52.0,166977.72,3211.11,0
2025-05-12,SKU014,70.0,224777.7,3211.11,0
2025-05-13,SKU014,82.0,263311.02,3211.11,0
2025-05-14,SKU014,60.0,192666.6,3211.11,0
2025-05-15,SKU014,77.0,247255.47,3211.11,0
2025-05-16,SKU014,65.0,208722.15,3211.11,0
2025-05-17,SKU014,79.0,253677.69,3211.11,0
2025-05-18,SKU014,74.0,237622.14,3211.11,0
2025-05-19,SKU014,76.0,244044.36,3211.11,0
2025-05-20,SKU014,75.0,240833.25,3211.11,0
2025-05-21,SKU014,49.0,157344.39,3211.11,0
2025-05-22,SKU014,67.0,215144.37,3211.11,0
2025-05-23,SKU014,96.0,308266.56,3211.11,0
2025-05-24,SKU014,74.0,237622.14,3211.11,0
2025-05-25,SKU014,78.0,250466.58,3211.11,0
2025-05-26,SKU014,52.0,166977.72,3211.11,0
2025-05-27,SKU014,85.0,272944.35,3211.11,0
2025-05-28,SKU014,85.0,272944.35,3211.11,0
2025-05-29,SKU014,97.0,311477.67,3211.11,0
2025-05-30,SKU014,105.0,337166.55,3211.11,0
2025-05-31,SKU014,93.0,298633.23,3211.11,0
2025-06-01,SKU014,82.0,263311.02,3211.11,0
2025-06-02,SKU014,81.0,260099.91,3211.11,0
2025-06-03,SKU014,94.0,301844.34,3211.11,0
2025-06-04,SKU014,77.0,247255.47,3211.11,0
2025-06-05,SKU014,73.0,234411.03,3211.11,0
2025-06-06,SKU014,83.0,266522.13,3211.11,0
2025-06-07,SKU014,91.0,292211.01,3211.11,0
2025-06-08,SKU014,70.0,224777.7,3211.11,0
2025-06-09,SKU014,69.0,221566.59,3211.11,0
2025-06-10,SKU014,129.0,381094.53,3211.11,1
2025-06-11,SKU014,77.0,227475.03,3211.11,1
2025-06-12,SKU014,145.0,428362.07,3211.11,1
2025-06-13,SKU014,124.0,366323.43,3211.11,1
2025-06-14,SKU014,102.0,301330.56,3211.11,1
2025-06-15,SKU014,79.0,233383.47,3211.11,1
2025-06-16,SKU014,92.0,271788.35,3211.11,1
2025-06-17,SKU014,109.0,322010.11,3211.11,1
2025-06-18,SKU014,99.0,292467.9,3211.11,1
2025-06-19,SKU014,92.0,271788.35,3211.11,1
2025-06-20,SKU014,113.0,333827.0,3211.11,1
2025-06-21,SKU014,86.0,276155.46,3211.11,0
2025-06-22,SKU014,87.0,279366.57,3211.11,0
2025-06-23,SKU014,74.0,237622.14,3211.11,0
2025-06-24,SKU014,86.0,276155.46,3211.11,0
2025-06-25,SKU014,95.0,305055.45,3211.11,0
2025-06-26,SKU014,115.0,369277.65,3211.11,0
2025-06-27,SKU014,86.0,276155.46,3211.11,0
2025-06-28,SKU014,99.0,317899.89,3211.11,0
2025-06-29,SKU014,69.0,221566.59,3211.11,0
2025-06-30,SKU014,63.0,202299.93,3211.11,0
2025-07-01,SKU014,103.0,330744.33,3211.11,0
2025-07-02,SKU014,88.0,282577.68,3211.11,0
2025-07-03,SKU014,80.0,256888.8,3211.11,0
2025-07-04,SKU014,80.0,256888.8,3211.11,0
2025-07-05,SKU014,76.0,244044.36,3211.11,0
2025-07-06,SKU014,75.0,240833.25,3211.11,0
2025-07-07,SKU014,69.0,221566.59,3211.11,0
2025-07-08,SKU014,91.0,292211.01,3211.11,0
2025-07-09,SKU014,99.0,317899.89,3211.11,0
2025-07-10,SKU014,74.0,237622.14,3211.11,0
2025-07-11,SKU014,103.0,330744.33,3211.11,0
2025-07-12,SKU014,90.0,288999.9,3211.11,0
2025-07-13,SKU014,98.0,314688.78,3211.11,0
2025-07-14,SKU014,84.0,269733.24,3211.11,0
2025-07-15,SKU014,76.0,244044.36,3211.11,0
2025-07-16,SKU014,69.0,221566.59,3211.11,0
2025-07-17,SKU014,63.0,202299.93,3211.11,0
2025-07-18,SKU014,83.0,266522.13,3211.11,0
2025-07-19,SKU014,91.0,292211.01,3211.11,0
2025-07-20,SKU014,97.0,311477.67,3211.11,0
2025-07-21,SKU014,72.0,231199.92,3211.11,0
2025-07-22,SKU014,98.0,314688.78,3211.11,0
2025-07-23,SKU014,91.0,292211.01,3211.11,0
2025-07-24,SKU014,54.0,173399.94,3211.11,0
2025-07-25,SKU014,86.0,276155.46,3211.11,0
2025-07-26,SKU014,106.0,340377.66,3211.11,0
2025-07-27,SKU014,109.0,350010.99,3211.11,0
2025-07-28,SKU014,76.0,244044.36,3211.11,0
2025-07-29,SKU014,74.0,237622.14,3211.11,0
2025-07-30,SKU014,82.0,263311.02,3211.11,0
2025-07-31,SKU014,63.0,202299.93,3211.11,0
2025-08-01,SKU014,68.0,218355.48,3211.11,0
2025-08-02,SKU014,97.0,311477.67,3211.11,0
2025-08-03,SKU014,70.0,224777.7,3211.11,0
2025-08-04,SKU014,90.0,288999.9,3211.11,0
2025-08-05,SKU014,67.0,215144.37,3211.11,0
2025-08-06,SKU014,89.0,285788.79,3211.11,0
2025-08-07,SKU014,117.0,375699.87,3211.11,0
2025-08-08,SKU014,101.0,324322.11,3211.11,0
2025-08-09,SKU014,101.0,324322.11,3211.11,0
2025-08-10,SKU014,73.0,234411.03,3211.11,0
2025-08-11,SKU014,85.0,272944.35,3211.11,0
2025-08-12,SKU014,70.0,224777.7,3211.11,0
2025-08-13,SKU014,69.0,221566.59,3211.11,0
2025-08-14,SKU014,90.0,288999.9,3211.11,0
2025-08-15,SKU014,86.0,276155.46,3211.11,0
2025-08-16,SKU014,106.0,340377.66,3211.11,0
2025-08-17,SKU014,77.0,247255.47,3211.11,0
2025-08-18,SKU014,68.0,218355.48,3211.11,0
2025-08-19,SKU014,70.0,224777.7,3211.11,0
2025-08-20,SKU014,93.0,298633.23,3211.11,0
2025-08-21,SKU014,85.0,272944.35,3211.11,0
2025-08-22,SKU014,78.0,250466.58,3211.11,0
2025-08-23,SKU014,67.0,215144.37,3211.11,0
2025-08-24,SKU014,96.0,308266.56,3211.11,0
2025-08-25,SKU014,79.0,253677.69,3211.11,0
2025-08-26,SKU014,69.0,221566.59,3211.11,0
2025-08-27,SKU014,95.0,305055.45,3211.11,0
2025-08-28,SKU014,91.0,292211.01,3211.11,0
2025-08-29,SKU014,114.0,366066.54,,0
2025-08-30,SKU014,90.0,288999.9,3211.11,0
2025-08-31,SKU014,85.0,272944.35,3211.11,0
2025-09-01,SKU014,91.0,292211.01,3211.11,0
2025-09-02,SKU014,65.0,208722.15,3211.11,0
2025-09-03,SKU014,73.0,234411.03,3211.11,0
2025-09-04,SKU014,76.0,244044.36,3211.11,0
2025-09-05,SKU014,85.0,272944.35,3211.11,0
2025-09-06,SKU014,82.0,263311.02,3211.11,0
2025-09-07,SKU014,59.0,189455.49,3211.11,0
2025-09-08,SKU014,66.0,211933.26,3211.11,0
2025-09-09,SKU014,64.0,205511.04,3211.11,0
2025-09-10,SKU014,75.0,240833.25,3211.11,0
2025-09-11,SKU014,65.0,208722.15,3211.11,0
2025-09-12,SKU014,85.0,272944.35,3211.11,0
2025-09-13,SKU014,68.0,218355.48,3211.11,0
2025-09-14,SKU014,61.0,195877.71,3211.11,0
2025-09-15,SKU014,45.0,144499.95,3211.11,0
2025-09-16,SKU014,73.0,234411.03,3211.11,0
2025-09-17,SKU014,64.0,205511.04,3211.11,0
2025-09-18,SKU014,63.0,202299.93,3211.11,0
2025-09-19,SKU014,63.0,202299.93,3211.11,0
2025-09-20,SKU014,87.0,279366.57,3211.11,0
2025-09-21,SKU014,65.0,208722.15,3211.11,0
2025-09-22,SKU014,66.0,211933.26,3211.11,0
2025-09-23,SKU014,49.0,157344.39,3211.11,0
2025-09-24,SKU014,50.0,160555.5,3211.11,0
2025-09-25,SKU014,77.0,247255.47,3211.11,0
2025-09-26,SKU014,86.0,276155.46,3211.11,0
2025-09-27,SKU014,96.0,308266.56,3211.11,0
2025-09-28,SKU014,58.0,186244.38,3211.11,0
2025-09-29,SKU014,58.0,186244.38,3211.11,0
2025-09-30,SKU014,65.0,208722.15,3211.11,0
2025-10-01,SKU014,110.0,324964.33,3211.11,1
2025-10-02,SKU014,108.0,319055.89,3211.11,1
2025-10-03,SKU014,107.0,316101.67,3211.11,1
2025-10-04,SKU014,103.0,304284.78,3211.11,1
2025-10-05,SKU014,99.0,292467.9,3211.11,1
2025-10-06,SKU014,87.0,257017.24,3211.11,1
2025-10-07,SKU014,93.0,274742.57,3211.11,1
2025-10-08,SKU014,110.0,324964.33,3211.11,1
2025-10-09,SKU014,99.0,292467.9,3211.11,1
2025-10-10,SKU014,111.0,327918.55,3211.11,1
2025-10-11,SKU014,77.0,247255.47,3211.11,0
2025-10-12,SKU014,79.0,253677.69,3211.11,0
2025-10-13,SKU014,49.0,157344.39,3211.11,0
2025-10-14,SKU014,71.0,227988.81,3211.11,0
2025-10-15,SKU014,64.0,205511.04,3211.11,0
2025-10-16,SKU014,68.0,218355.48,3211.11,0
2025-10-17,SKU014,55.0,176611.05,3211.11,0
2025-10-18,SKU014,86.0,276155.46,3211.11,0
2025-10-19,SKU014,72.0,231199.92,3211.11,0
2025-10-20,SKU014,63.0,202299.93,3211.11,0
2025-10-21,SKU014,72.0,231199.92,3211.11,0
2025-10-22,SKU014,81.0,260099.91,3211.11,0
2025-10-23,SKU014,88.0,282577.68,3211.11,0
2025-10-24,SKU014,64.0,205511.04,3211.11,0
2025-10-25,SKU014,86.0,276155.46,3211.11,0
2025-10-26,SKU014,61.0,195877.71,3211.11,0
2025-10-27,SKU014,64.0,205511.04,3211.11,0
2025-10-28,SKU014,84.0,269733.24,3211.11,0
2025-10-29,SKU014,59.0,189455.49,3211.11,0
2025-10-30,SKU014,72.0,231199.92,3211.11,0
2025-10-31,SKU014,77.0,247255.47,3211.11,0
2025-11-01,SKU014,120.0,385333.2,3211.11,0
2025-11-02,SKU014,80.0,256888.8,3211.11,0
2025-11-03,SKU014,54.0,173399.94,3211.11,0
2025-11-04,SKU014,82.0,263311.02,3211.11,0
2025-11-05,SKU014,78.0,250466.58,3211.11,0
2025-11-06,SKU014,78.0,250466.58,3211.11,0
2025-11-07,SKU014,63.0,202299.93,3211.11,0
2025-11-08,SKU014,81.0,260099.91,3211.11,0
2025-11-09,SKU014,81.0,260099.91,3211.11,0
2025-11-10,SKU014,53.0,170188.83,3211.11,0
2025-11-11,SKU014,69.0,221566.59,3211.11,0
2025-11-12,SKU014,74.0,237622.14,3211.11,0
2025-11-13,SKU014,64.0,205511.04,3211.11,0
2025-11-14,SKU014,92.0,295422.12,3211.11,0
2025-11-15,SKU014,80.0,256888.8,3211.11,0
2025-11-16,SKU014,58.0,186244.38,3211.11,0
2025-11-17,SKU014,55.0,176611.05,3211.11,0
2025-11-18,SKU014,70.0,224777.7,3211.11,0
2025-11-19,SKU014,79.0,253677.69,3211.11,0
2025-11-20,SKU014,90.0,265879.91,3211.11,1
2025-11-21,SKU014,114.0,336781.22,3211.11,1
2025-11-22,SKU014,89.0,262925.69,3211.11,1
2025-11-23,SKU014,88.0,259971.47,3211.11,1
2025-11-24,SKU014,82.0,242246.14,3211.11,1
2025-11-25,SKU014,100.0,295422.12,3211.11,1
2025-11-26,SKU014,93.0,274742.57,3211.11,1
2025-11-27,SKU014,80.0,236337.7,3211.11,1
2025-11-28,SKU014,110.0,324964.33,3211.11,1
2025-11-29,SKU014,106.0,313147.45,3211.11,1
2025-11-30,SKU014,113.0,333827.0,3211.11,1
2025-12-01,SKU014,54.0,173399.94,3211.11,0
2025-12-02,SKU014,87.0,279366.57,3211.11,0
2025-12-03,SKU014,80.0,256888.8,3211.11,0
2025-12-04,SKU014,69.0,221566.59,3211.11,0
2025-12-05,SKU014,97.0,311477.67,3211.11,0
2025-12-06,SKU014,97.0,311477.67,3211.11,0
2025-12-07,SKU014,89.0,285788.79,3211.11,0
2025-12-08,SKU014,77.0,247255.47,3211.11,0
2025-12-09,SKU014,107.0,343588.77,3211.11,0
2025-12-10,SKU014,76.0,244044.36,3211.11,0
2025-12-11,SKU014,60.0,192666.6,3211.11,0
2025-12-12,SKU014,107.0,343588.77,3211.11,0
2025-12-13,SKU014,124.0,398177.64,3211.11,0
2025-12-14,SKU014,70.0,224777.7,3211.11,0
2025-12-15,SKU014,87.0,257017.24,3211.11,1
2025-12-16,SKU014,106.0,313147.45,3211.11,1
2025-12-17,SKU014,123.0,363369.21,3211.11,1
2025-12-18,SKU014,131.0,387002.98,3211.11,1
2025-12-19,SKU014,104.0,307239.0,3211.11,1
2025-12-20,SKU014,123.0,363369.21,3211.11,1
2025-12-21,SKU014,104.0,307239.0,3211.11,1
2025-12-22,SKU014,79.0,233383.47,3211.11,1
2025-12-23,SKU014,95.0,280651.01,3211.11,1
2025-12-24,SKU014,107.0,316101.67,3211.11,1
2025-12-25,SKU014,120.0,354506.54,3211.11,1
2025-12-26,SKU014,147.0,434270.52,3211.11,1
2025-12-27,SKU014,137.0,404728.3,3211.11,1
2025-12-28,SKU014,125.0,369277.65,3211.11,1
2025-12-29,SKU014,133.0,392911.42,3211.11,1
2025-12-30,SKU014,98.0,289513.68,3211.11,1
2025-12-31,SKU014,122.0,360414.99,3211.11,1
2026-01-01,SKU014,82.0,263311.02,3211.11,0
2026-01-02,SKU014,82.0,263311.02,3211.11,0
2026-01-03,SKU014,97.0,311477.67,3211.11,0
2026-01-04,SKU014,94.0,301844.34,3211.11,0
2026-01-05,SKU014,55.0,176611.05,3211.11,0
2026-01-06,SKU014,64.0,205511.04,3211.11,0
2026-01-07,SKU014,69.0,221566.59,3211.11,0
2026-01-08,SKU014,64.0,205511.04,3211.11,0
2026-01-09,SKU014,102.0,327533.22,3211.11,0
2026-01-10,SKU014,80.0,256888.8,3211.11,0
2026-01-11,SKU014,95.0,305055.45,3211.11,0
2026-01-12,SKU014,76.0,244044.36,3211.11,0
2026-01-13,SKU014,84.0,269733.24,3211.11,0
2026-01-14,SKU014,93.0,298633.23,3211.11,0
2026-01-15,SKU014,77.0,247255.47,3211.11,0
2026-01-16,SKU014,89.0,285788.79,3211.11,0
2026-01-17,SKU014,85.0,272944.35,3211.11,0
2026-01-18,SKU014,74.0,237622.14,3211.11,0
2026-01-19,SKU014,68.0,218355.48,3211.11,0
2026-01-20,SKU014,83.0,266522.13,3211.11,0
2026-01-21,SKU014,79.0,253677.69,3211.11,0
2026-01-22,SKU014,74.0,237622.14,3211.11,0
2026-01-23,SKU014,79.0,253677.69,3211.11,0
2026-01-24,SKU014,95.0,305055.45,3211.11,0
2026-01-25,SKU014,88.0,282577.68,3211.11,0
2026-01-26,SKU014,,253677.69,3211.11,0
2026-01-27,SKU014,66.0,211933.26,3211.11,0
2026-01-28,SKU014,79.0,253677.69,3211.11,0
2026-01-29,SKU014,64.0,205511.04,3211.11,0
2026-01-30,SKU014,99.0,317899.89,3211.11,0
2026-01-31,SKU014,122.0,391755.42,3211.11,0
2026-02-01,SKU014,115.0,369277.65,3211.11,0
2026-02-02,SKU014,69.0,221566.59,3211.11,0
2026-02-03,SKU014,97.0,311477.67,3211.11,0
2026-02-04,SKU014,93.0,298633.23,3211.11,0
2026-02-05,SKU014,54.0,173399.94,3211.11,0
2026-02-06,SKU014,87.0,279366.57,3211.11,0
2026-02-07,SKU014,72.0,231199.92,3211.11,0
2026-02-08,SKU014,117.0,375699.87,,0
2026-02-09,SKU014,61.0,195877.71,3211.11,0
2026-02-10,SKU014,85.0,272944.35,3211.11,0
2026-02-11,SKU014,83.0,266522.13,3211.11,0
2026-02-12,SKU014,60.0,192666.6,3211.11,0
2026-02-13,SKU014,92.0,295422.12,3211.11,0
2026-02-14,SKU014,101.0,324322.11,3211.11,0
2026-02-15,SKU014,85.0,272944.35,3211.11,0
2026-02-16,SKU014,89.0,285788.79,3211.11,0
2026-02-17,SKU014,101.0,324322.11,3211.11,0
2026-02-18,SKU014,78.0,250466.58,3211.11,0
2026-02-19,SKU014,82.0,263311.02,3211.11,0
2026-02-20,SKU014,79.0,253677.69,3211.11,0
2026-02-21,SKU014,115.0,369277.65,3211.11,0
2026-02-22,SKU014,88.0,282577.68,3211.11,0
2026-02-23,SKU014,55.0,176611.05,3211.11,0
2026-02-24,SKU014,95.0,305055.45,3211.11,0
2026-02-25,SKU014,68.0,218355.48,3211.11,0
2026-02-26,SKU014,64.0,205511.04,3211.11,0
2026-02-27,SKU014,93.0,298633.23,3211.11,0
2026-02-28,SKU014,111.0,356433.21,3211.11,0
2026-03-01,SKU014,81.0,260099.91,3211.11,0
2026-03-02,SKU014,57.0,183033.27,3211.11,0
2026-03-03,SKU014,87.0,279366.57,3211.11,0
2026-03-04,SKU014,87.0,279366.57,3211.11,0
2026-03-05,SKU014,78.0,250466.58,3211.11,0
2026-03-06,SKU014,90.0,288999.9,3211.11,0
2026-03-07,SKU014,78.0,250466.58,3211.11,0
2026-03-08,SKU014,80.0,256888.8,3211.11,0
2026-03-09,SKU014,58.0,186244.38,3211.11,0
2026-03-10,SKU014,93.0,298633.23,3211.11,0
2026-03-11,SKU014,53.0,170188.83,3211.11,0
2026-03-12,SKU014,89.0,285788.79,3211.11,0
2026-03-13,SKU014,84.0,269733.24,3211.11,0
2026-03-14,SKU014,97.0,311477.67,3211.11,0
2026-03-15,SKU014,99.0,292467.9,3211.11,1
2026-03-16,SKU014,73.0,215658.15,3211.11,1
2026-03-17,SKU014,129.0,381094.53,3211.11,1
2026-03-18,SKU014,108.0,319055.89,3211.11,1
2026-03-19,SKU014,85.0,251108.8,3211.11,1
2026-03-20,SKU014,126.0,372231.87,3211.11,1
2026-03-21,SKU014,123.0,363369.21,3211.11,1
2026-03-22,SKU014,86.0,254063.02,3211.11,1
2026-03-23,SKU014,93.0,274742.57,3211.11,1
2026-03-24,SKU014,86.0,254063.02,3211.11,1
2026-03-25,SKU014,133.0,392911.42,3211.11,1
2026-03-26,SKU014,72.0,231199.92,3211.11,0
2026-03-27,SKU014,86.0,276155.46,3211.11,0
2026-03-28,SKU014,87.0,279366.57,3211.11,0
2026-03-29,SKU014,68.0,218355.48,3211.11,0
2026-03-30,SKU014,51.0,163766.61,3211.11,0
2026-03-31,SKU014,81.0,260099.91,3211.11,0
2026-04-01,SKU014,92.0,295422.12,3211.11,0
2026-04-02,SKU014,111.0,356433.21,3211.11,0
2026-04-03,SKU014,94.0,301844.34,3211.11,0
2026-04-04,SKU014,72.0,231199.92,3211.11,0
2026-04-05,SKU014,69.0,221566.59,3211.11,0
2026-04-06,SKU014,52.0,166977.72,3211.11,0
2026-04-07,SKU014,99.0,317899.89,3211.11,0
2026-04-08,SKU014,74.0,237622.14,3211.11,0
2026-04-09,SKU014,63.0,202299.93,3211.11,0
2026-04-10,SKU014,108.0,346799.88,3211.11,0
2026-04-11,SKU014,78.0,250466.58,3211.11,0
2026-04-12,SKU014,76.0,244044.36,3211.11,0
2026-04-13,SKU014,56.0,179822.16,3211.11,0
2026-04-14,SKU014,90.0,288999.9,3211.11,0
2026-04-15,SKU014,86.0,276155.46,3211.11,0
2026-04-16,SKU014,73.0,234411.03,3211.11,0
2026-04-17,SKU014,85.0,272944.35,3211.11,0
2026-04-18,SKU014,100.0,321111.0,3211.11,0
2026-04-19,SKU014,63.0,202299.93,3211.11,0
2026-04-20,SKU014,62.0,199088.82,3211.11,0
2026-04-21,SKU014,92.0,295422.12,3211.11,0
2026-04-22,SKU014,69.0,221566.59,3211.11,0
2026-04-23,SKU014,62.0,199088.82,3211.11,0
2026-04-24,SKU014,98.0,314688.78,3211.11,0
2026-04-25,SKU014,89.0,285788.79,3211.11,0
2026-04-26,SKU014,72.0,231199.92,3211.11,0
2026-04-27,SKU014,84.0,269733.24,3211.11,0
2026-04-28,SKU014,81.0,260099.91,3211.11,0
2026-04-29,SKU014,63.0,202299.93,3211.11,0
2026-04-30,SKU014,78.0,250466.58,3211.11,0
2026-05-01,SKU014,94.0,301844.34,3211.11,0
2026-05-02,SKU014,107.0,343588.77,3211.11,0
2026-05-03,SKU014,76.0,244044.36,3211.11,0
2026-05-04,SKU014,85.0,272944.35,3211.11,0
2026-05-05,SKU014,61.0,195877.71,3211.11,0
2026-05-06,SKU014,84.0,269733.24,3211.11,0
2026-05-07,SKU014,70.0,224777.7,3211.11,0
2026-05-08,SKU014,73.0,234411.03,3211.11,0
2026-05-09,SKU014,147.0,472033.17,3211.11,0
2026-05-10,SKU014,59.0,189455.49,3211.11,0
2026-05-11,SKU014,63.0,202299.93,3211.11,0
2026-05-12,SKU014,89.0,285788.79,3211.11,0
2026-05-13,SKU014,68.0,218355.48,3211.11,0
2026-05-14,SKU014,95.0,305055.45,3211.11,0
2026-05-15,SKU014,121.0,388544.31,3211.11,0
2026-05-16,SKU014,113.0,362855.43,3211.11,0
2026-05-17,SKU014,81.0,260099.91,3211.11,0
2026-05-18,SKU014,66.0,211933.26,3211.11,0
2026-05-19,SKU014,70.0,224777.7,3211.11,0
2026-05-20,SKU014,85.0,272944.35,3211.11,0
2026-05-21,SKU014,74.0,237622.14,3211.11,0
2026-05-22,SKU014,94.0,301844.34,3211.11,0
2026-05-23,SKU014,105.0,337166.55,3211.11,0
2026-05-24,SKU014,69.0,221566.59,3211.11,0
2026-05-25,SKU014,80.0,256888.8,3211.11,0
2026-05-26,SKU014,73.0,234411.03,3211.11,0
2026-05-27,SKU014,71.0,227988.81,3211.11,0
2026-05-28,SKU014,66.0,211933.26,3211.11,0
2026-05-29,SKU014,77.0,247255.47,3211.11,0
2026-05-30,SKU014,76.0,244044.36,3211.11,0
2026-05-31,SKU014,63.0,202299.93,3211.11,0
2026-06-01,SKU014,98.0,314688.78,3211.11,0
2026-06-02,SKU014,132.0,423866.52,3211.11,0
2026-06-03,SKU014,60.0,192666.6,3211.11,0
2026-06-04,SKU014,108.0,346799.88,3211.11,0
2026-06-05,SKU014,100.0,321111.0,3211.11,0
2026-06-06,SKU014,86.0,276155.46,3211.11,0
2026-06-07,SKU014,98.0,314688.78,3211.11,0
2026-06-08,SKU014,73.0,234411.03,3211.11,0
2026-06-09,SKU014,85.0,272944.35,3211.11,0
2026-06-10,SKU014,113.0,333827.0,3211.11,1
2026-06-11,SKU014,123.0,363369.21,3211.11,1
2026-06-12,SKU014,161.0,475629.61,3211.11,1
2026-06-13,SKU014,161.0,475629.61,3211.11,1
2026-06-14,SKU014,113.0,333827.0,3211.11,1
2026-06-15,SKU014,134.0,395865.64,3211.11,1
2026-06-16,SKU014,134.0,395865.64,3211.11,1
2026-06-17,SKU014,133.0,392911.42,3211.11,1
2026-06-18,SKU014,127.0,375186.09,3211.11,1
2026-06-19,SKU014,130.0,384048.76,3211.11,1
2026-06-20,SKU014,127.0,375186.09,3211.11,1
2026-06-21,SKU014,79.0,253677.69,3211.11,0
2026-06-22,SKU014,69.0,221566.59,3211.11,0
2026-06-23,SKU014,56.0,179822.16,3211.11,0
2026-06-24,SKU014,88.0,282577.68,3211.11,0
2026-06-25,SKU014,60.0,192666.6,3211.11,0
2026-06-26,SKU014,101.0,324322.11,3211.11,0
2026-06-27,SKU014,127.0,407810.97,3211.11,0
2026-06-28,SKU014,100.0,321111.0,3211.11,0
2026-06-29,SKU014,60.0,192666.6,3211.11,0
2026-06-30,SKU014,93.0,298633.23,3211.11,0
2025-02-01,SKU015,79.0,113558.55,1437.45,0
2025-02-02,SKU015,51.0,73309.95,1437.45,0
2025-02-03,SKU015,57.0,81934.65,1437.45,0
2025-02-04,SKU015,79.0,113558.55,1437.45,0
2025-02-05,SKU015,63.0,90559.35,1437.45,0
2025-02-06,SKU015,74.0,106371.3,1437.45,0
2025-02-07,SKU015,95.0,136557.75,1437.45,0
2025-02-08,SKU015,74.0,106371.3,1437.45,0
2025-02-09,SKU015,54.0,77622.3,1437.45,0
2025-02-10,SKU015,52.0,74747.4,1437.45,0
2025-02-11,SKU015,67.0,96309.15,1437.45,0
2025-02-12,SKU015,70.0,100621.5,1437.45,0
2025-02-13,SKU015,78.0,112121.1,1437.45,0
2025-02-14,SKU015,57.0,81934.65,1437.45,0
2025-02-15,SKU015,61.0,87684.45,1437.45,0
2025-02-16,SKU015,66.0,94871.7,1437.45,0
2025-02-17,SKU015,52.0,74747.4,1437.45,0
2025-02-18,SKU015,61.0,87684.45,1437.45,0
2025-02-19,SKU015,59.0,84809.55,1437.45,0
2025-02-20,SKU015,84.0,120745.8,1437.45,0
2025-02-21,SKU015,70.0,100621.5,1437.45,0
2025-02-22,SKU015,81.0,116433.45,1437.45,0
2025-02-23,SKU015,68.0,97746.6,1437.45,0
2025-02-24,SKU015,75.0,107808.75,1437.45,0
2025-02-25,SKU015,68.0,97746.6,1437.45,0
2025-02-26,SKU015,53.0,76184.85,1437.45,0
2025-02-27,SKU015,52.0,74747.4,1437.45,0
2025-02-28,SKU015,95.0,136557.75,1437.45,0
2025-03-01,SKU015,94.0,135120.3,1437.45,0
2025-03-02,SKU015,67.0,96309.15,1437.45,0
2025-03-03,SKU015,44.0,63247.8,1437.45,0
2025-03-04,SKU015,68.0,97746.6,1437.45,0
2025-03-05,SKU015,77.0,110683.65,1437.45,0
2025-03-06,SKU015,54.0,77622.3,1437.45,0
2025-03-07,SKU015,58.0,83372.1,1437.45,0
2025-03-08,SKU015,103.0,148057.35,1437.45,0
2025-03-09,SKU015,71.0,102058.95,1437.45,0
2025-03-10,SKU015,52.0,74747.4,1437.45,0
2025-03-11,SKU015,69.0,99184.05,1437.45,0
2025-03-12,SKU015,60.0,86247.0,1437.45,0
2025-03-13,SKU015,58.0,83372.1,1437.45,0
2025-03-14,SKU015,60.0,86247.0,1437.45,0
2025-03-15,SKU015,78.0,112121.1,1437.45,0
2025-03-16,SKU015,47.0,67560.15,1437.45,0
2025-03-17,SKU015,45.0,64685.25,1437.45,0
2025-03-18,SKU015,58.0,83372.1,1437.45,0
2025-03-19,SKU015,60.0,86247.0,1437.45,0
2025-03-20,SKU015,88.0,116375.95,1437.45,1
2025-03-21,SKU015,83.0,109763.68,1437.45,1
2025-03-22,SKU015,90.0,119020.86,1437.45,1
2025-03-23,SKU015,65.0,85959.51,1437.45,1
2025-03-24,SKU015,,93894.23,1437.45,1
2025-03-25,SKU015,80.0,105796.32,1437.45,1
2025-03-26,SKU015,83.0,109763.68,1437.45,1
2025-03-27,SKU015,66.0,87281.96,1437.45,1
2025-03-28,SKU015,73.0,104933.85,1437.45,0
2025-03-29,SKU015,58.0,83372.1,1437.45,0
2025-03-30,SKU015,42.0,60372.9,1437.45,0
2025-03-31,SKU015,50.0,71872.5,1437.45,0
2025-04-01,SKU015,81.0,116433.45,1437.45,0
2025-04-02,SKU015,,70435.05,1437.45,0
2025-04-03,SKU015,77.0,110683.65,1437.45,0
2025-04-04,SKU015,57.0,81934.65,1437.45,0
2025-04-05,SKU015,54.0,77622.3,1437.45,0
2025-04-06,SKU015,50.0,71872.5,1437.45,0
2025-04-07,SKU015,76.0,109246.2,1437.45,0
2025-04-08,SKU015,68.0,97746.6,1437.45,0
2025-04-09,SKU015,63.0,90559.35,1437.45,0
2025-04-10,SKU015,60.0,86247.0,1437.45,0
2025-04-11,SKU015,62.0,89121.9,1437.45,0
2025-04-12,SKU015,84.0,120745.8,1437.45,0
2025-04-13,SKU015,68.0,97746.6,1437.45,0
2025-04-14,SKU015,63.0,90559.35,1437.45,0
2025-04-15,SKU015,66.0,94871.7,1437.45,0
2025-04-16,SKU015,69.0,99184.05,1437.45,0
2025-04-17,SKU015,44.0,63247.8,1437.45,0
2025-04-18,SKU015,90.0,129370.5,1437.45,0
2025-04-19,SKU015,76.0,109246.2,1437.45,0
2025-04-20,SKU015,47.0,67560.15,1437.45,0
2025-04-21,SKU015,72.0,103496.4,1437.45,0
2025-04-22,SKU015,56.0,80497.2,1437.45,0
2025-04-23,SKU015,60.0,86247.0,1437.45,0
2025-04-24,SKU015,53.0,76184.85,1437.45,0
2025-04-25,SKU015,98.0,140870.1,1437.45,0
2025-04-26,SKU015,68.0,97746.6,1437.45,0
2025-04-27,SKU015,74.0,106371.3,1437.45,0
2025-04-28,SKU015,51.0,73309.95,1437.45,0
2025-04-29,SKU015,72.0,103496.4,1437.45,0
2025-04-30,SKU015,67.0,96309.15,1437.45,0
2025-05-01,SKU015,67.0,96309.15,1437.45,0
2025-05-02,SKU015,64.0,91996.8,1437.45,0
2025-05-03,SKU015,80.0,114996.0,1437.45,0
2025-05-04,SKU015,50.0,71872.5,1437.45,0
2025-05-05,SKU015,53.0,76184.85,1437.45,0
2025-05-06,SKU015,60.0,86247.0,1437.45,0
2025-05-07,SKU015,58.0,83372.1,1437.45,0
2025-05-08,SKU015,65.0,93434.25,1437.45,0
2025-05-09,SKU015,76.0,109246.2,1437.45,0
2025-05-10,SKU015,74.0,106371.3,1437.45,0
2025-05-11,SKU015,81.0,116433.45,1437.45,0
2025-05-12,SKU015,65.0,93434.25,1437.45,0
2025-05-13,SKU015,63.0,90559.35,1437.45,0
2025-05-14,SKU015,75.0,107808.75,1437.45,0
2025-05-15,SKU015,67.0,96309.15,1437.45,0
2025-05-16,SKU015,82.0,117870.9,1437.45,0
2025-05-17,SKU015,81.0,116433.45,1437.45,0
2025-05-18,SKU015,57.0,81934.65,1437.45,0
2025-05-19,SKU015,47.0,67560.15,1437.45,0
2025-05-20,SKU015,56.0,80497.2,1437.45,0
2025-05-21,SKU015,50.0,71872.5,1437.45,0
2025-05-22,SKU015,46.0,66122.7,1437.45,0
2025-05-23,SKU015,99.0,142307.55,1437.45,0
2025-05-24,SKU015,47.0,67560.15,1437.45,0
2025-05-25,SKU015,63.0,90559.35,1437.45,0
2025-05-26,SKU015,83.0,119308.35,1437.45,0
2025-05-27,SKU015,63.0,90559.35,1437.45,0
2025-05-28,SKU015,75.0,107808.75,1437.45,0
2025-05-29,SKU015,62.0,89121.9,1437.45,0
2025-05-30,SKU015,74.0,106371.3,1437.45,0
2025-05-31,SKU015,56.0,80497.2,1437.45,0
2025-06-01,SKU015,66.0,94871.7,1437.45,0
2025-06-02,SKU015,75.0,107808.75,1437.45,0
2025-06-03,SKU015,64.0,91996.8,1437.45,0
2025-06-04,SKU015,47.0,67560.15,1437.45,0
2025-06-05,SKU015,90.0,129370.5,1437.45,0
2025-06-06,SKU015,73.0,104933.85,1437.45,0
2025-06-07,SKU015,94.0,135120.3,1437.45,0
2025-06-08,SKU015,92.0,132245.4,1437.45,0
2025-06-09,SKU015,70.0,100621.5,1437.45,0
2025-06-10,SKU015,125.0,165306.75,1437.45,1
2025-06-11,SKU015,114.0,150759.76,1437.45,1
2025-06-12,SKU015,92.0,121665.77,1437.45,1
2025-06-13,SKU015,112.0,148114.85,1437.45,1
2025-06-14,SKU015,114.0,150759.76,1437.45,1
2025-06-15,SKU015,85.0,112408.59,1437.45,1
2025-06-16,SKU015,75.0,99184.05,1437.45,1
2025-06-17,SKU015,77.0,101828.96,1437.45,1
2025-06-18,SKU015,87.0,115053.5,1437.45,1
2025-06-19,SKU015,84.0,111086.14,1437.45,1
2025-06-20,SKU015,85.0,112408.59,1437.45,1
2025-06-21,SKU015,93.0,133682.85,1437.45,0
2025-06-22,SKU015,44.0,63247.8,1437.45,0
2025-06-23,SKU015,62.0,89121.9,1437.45,0
2025-06-24,SKU015,54.0,77622.3,1437.45,0
2025-06-25,SKU015,80.0,114996.0,1437.45,0
2025-06-26,SKU015,71.0,102058.95,1437.45,0
2025-06-27,SKU015,87.0,125058.15,1437.45,0
2025-06-28,SKU015,117.0,168181.65,1437.45,0
2025-06-29,SKU015,76.0,109246.2,1437.45,0
2025-06-30,SKU015,67.0,96309.15,1437.45,0
2025-07-01,SKU015,59.0,84809.55,1437.45,0
2025-07-02,SKU015,78.0,112121.1,1437.45,0
2025-07-03,SKU015,70.0,100621.5,1437.45,0
2025-07-04,SKU015,65.0,93434.25,1437.45,0
2025-07-05,SKU015,85.0,122183.25,1437.45,0
2025-07-06,SKU015,64.0,91996.8,1437.45,0
2025-07-07,SKU015,52.0,74747.4,1437.45,0
2025-07-08,SKU015,59.0,84809.55,1437.45,0
2025-07-09,SKU015,81.0,116433.45,1437.45,0
2025-07-10,SKU015,88.0,126495.6,1437.45,0
2025-07-11,SKU015,97.0,139432.65,1437.45,0
2025-07-12,SKU015,94.0,135120.3,1437.45,0
2025-07-13,SKU015,83.0,119308.35,1437.45,0
2025-07-14,SKU015,65.0,93434.25,1437.45,0
2025-07-15,SKU015,71.0,102058.95,1437.45,0
2025-07-16,SKU015,76.0,109246.2,1437.45,0
2025-07-17,SKU015,70.0,100621.5,1437.45,0
2025-07-18,SKU015,102.0,146619.9,1437.45,0
2025-07-19,SKU015,67.0,96309.15,1437.45,0
2025-07-20,SKU015,62.0,89121.9,1437.45,0
2025-07-21,SKU015,62.0,89121.9,1437.45,0
2025-07-22,SKU015,69.0,99184.05,1437.45,0
2025-07-23,SKU015,69.0,99184.05,1437.45,0
2025-07-24,SKU015,84.0,120745.8,1437.45,0
2025-07-25,SKU015,72.0,103496.4,1437.45,0
2025-07-26,SKU015,77.0,110683.65,1437.45,0
2025-07-27,SKU015,53.0,76184.85,1437.45,0
2025-07-28,SKU015,50.0,71872.5,1437.45,0
2025-07-29,SKU015,69.0,99184.05,1437.45,0
2025-07-30,SKU015,79.0,113558.55,1437.45,0
2025-07-31,SKU015,72.0,103496.4,1437.45,0
2025-08-01,SKU015,94.0,135120.3,1437.45,0
2025-08-02,SKU015,68.0,97746.6,1437.45,0
2025-08-03,SKU015,60.0,86247.0,1437.45,0
2025-08-04,SKU015,59.0,84809.55,1437.45,0
2025-08-05,SKU015,76.0,109246.2,1437.45,0
2025-08-06,SKU015,80.0,114996.0,1437.45,0
2025-08-07,SKU015,62.0,89121.9,1437.45,0
2025-08-08,SKU015,91.0,130807.95,1437.45,0
2025-08-09,SKU015,100.0,143745.0,1437.45,0
2025-08-10,SKU015,80.0,114996.0,1437.45,0
2025-08-11,SKU015,66.0,94871.7,1437.45,0
2025-08-12,SKU015,79.0,113558.55,1437.45,0
2025-08-13,SKU015,83.0,119308.35,1437.45,0
2025-08-14,SKU015,83.0,119308.35,1437.45,0
2025-08-15,SKU015,86.0,123620.7,1437.45,0
2025-08-16,SKU015,103.0,148057.35,1437.45,0
2025-08-17,SKU015,85.0,122183.25,1437.45,0
2025-08-18,SKU015,46.0,66122.7,1437.45,0
2025-08-19,SKU015,82.0,117870.9,1437.45,0
2025-08-20,SKU015,87.0,125058.15,1437.45,0
2025-08-21,SKU015,81.0,116433.45,1437.45,0
2025-08-22,SKU015,62.0,89121.9,1437.45,0
2025-08-23,SKU015,98.0,140870.1,1437.45,0
2025-08-24,SKU015,77.0,110683.65,1437.45,0
2025-08-25,SKU015,60.0,86247.0,1437.45,0
2025-08-26,SKU015,85.0,122183.25,1437.45,0
2025-08-27,SKU015,52.0,74747.4,1437.45,0
2025-08-28,SKU015,62.0,89121.9,1437.45,0
2025-08-29,SKU015,89.0,127933.05,1437.45,0
2025-08-30,SKU015,79.0,113558.55,1437.45,0
2025-08-31,SKU015,76.0,109246.2,1437.45,0
2025-09-01,SKU015,50.0,71872.5,1437.45,0
2025-09-02,SKU015,69.0,99184.05,1437.45,0
2025-09-03,SKU015,54.0,77622.3,1437.45,0
2025-09-04,SKU015,62.0,89121.9,1437.45,0
2025-09-05,SKU015,62.0,89121.9,1437.45,0
2025-09-06,SKU015,76.0,109246.2,1437.45,0
2025-09-07,SKU015,69.0,99184.05,1437.45,0
2025-09-08,SKU015,47.0,67560.15,1437.45,0
2025-09-09,SKU015,73.0,104933.85,1437.45,0
2025-09-10,SKU015,73.0,104933.85,1437.45,0
2025-09-11,SKU015,71.0,102058.95,1437.45,0
2025-09-12,SKU015,74.0,106371.3,1437.45,0
2025-09-13,SKU015,73.0,104933.85,1437.45,0
2025-09-14,SKU015,48.0,68997.6,1437.45,0
2025-09-15,SKU015,52.0,74747.4,1437.45,0
2025-09-16,SKU015,40.0,57498.0,1437.45,0
2025-09-17,SKU015,68.0,97746.6,1437.45,0
2025-09-18,SKU015,63.0,90559.35,1437.45,0
2025-09-19,SKU015,83.0,119308.35,1437.45,0
2025-09-20,SKU015,63.0,90559.35,1437.45,0
2025-09-21,SKU015,55.0,79059.75,1437.45,0
2025-09-22,SKU015,52.0,74747.4,1437.45,0
2025-09-23,SKU015,66.0,94871.7,1437.45,0
2025-09-24,SKU015,58.0,83372.1,1437.45,0
2025-09-25,SKU015,73.0,104933.85,1437.45,0
2025-09-26,SKU015,72.0,103496.4,1437.45,0
2025-09-27,SKU015,68.0,97746.6,1437.45,0
2025-09-28,SKU015,62.0,89121.9,1437.45,0
2025-09-29,SKU015,54.0,77622.3,1437.45,0
2025-09-30,SKU015,59.0,84809.55,1437.45,0
2025-10-01,SKU015,91.0,120343.31,1437.45,1
2025-10-02,SKU015,111.0,146792.39,1437.45,1
2025-10-03,SKU015,125.0,165306.75,1437.45,1
2025-10-04,SKU015,104.0,137535.22,1437.45,1
2025-10-05,SKU015,98.0,129600.49,1437.45,1
2025-10-06,SKU015,79.0,104473.87,1437.45,1
2025-10-07,SKU015,80.0,105796.32,1437.45,1
2025-10-08,SKU015,101.0,133567.85,1437.45,1
2025-10-09,SKU015,79.0,104473.87,1437.45,1
2025-10-10,SKU015,121.0,160016.93,1437.45,1
2025-10-11,SKU015,68.0,97746.6,1437.45,0
2025-10-12,SKU015,50.0,71872.5,1437.45,0
2025-10-13,SKU015,52.0,74747.4,1437.45,0
2025-10-14,SKU015,60.0,86247.0,1437.45,0
2025-10-15,SKU015,71.0,102058.95,1437.45,0
2025-10-16,SKU015,68.0,97746.6,1437.45,0
2025-10-17,SKU015,75.0,107808.75,1437.45,0
2025-10-18,SKU015,71.0,102058.95,1437.45,0
2025-10-19,SKU015,65.0,93434.25,1437.45,0
2025-10-20,SKU015,60.0,86247.0,1437.45,0
2025-10-21,SKU015,80.0,114996.0,1437.45,0
2025-10-22,SKU015,60.0,86247.0,1437.45,0
2025-10-23,SKU015,552.0,99184.05,1437.45,0
2025-10-24,SKU015,64.0,91996.8,1437.45,0
2025-10-25,SKU015,78.0,112121.1,1437.45,0
2025-10-26,SKU015,76.0,109246.2,1437.45,0
2025-10-27,SKU015,57.0,81934.65,1437.45,0
2025-10-28,SKU015,73.0,104933.85,1437.45,0
2025-10-29,SKU015,73.0,104933.85,1437.45,0
2025-10-30,SKU015,51.0,73309.95,1437.45,0
2025-10-31,SKU015,65.0,93434.25,1437.45,0
2025-11-01,SKU015,106.0,152369.7,1437.45,0
2025-11-02,SKU015,54.0,77622.3,1437.45,0
2025-11-03,SKU015,60.0,86247.0,1437.45,0
2025-11-04,SKU015,58.0,83372.1,1437.45,0
2025-11-05,SKU015,82.0,117870.9,1437.45,0
2025-11-06,SKU015,61.0,87684.45,1437.45,0
2025-11-07,SKU015,91.0,130807.95,1437.45,0
2025-11-08,SKU015,85.0,122183.25,1437.45,0
2025-11-09,SKU015,66.0,94871.7,1437.45,0
2025-11-10,SKU015,50.0,71872.5,1437.45,0
2025-11-11,SKU015,40.0,57498.0,1437.45,0
2025-11-12,SKU015,48.0,68997.6,1437.45,0
2025-11-13,SKU015,78.0,112121.1,1437.45,0
2025-11-14,SKU015,74.0,106371.3,1437.45,0
2025-11-15,SKU015,69.0,99184.05,1437.45,0
2025-11-16,SKU015,60.0,86247.0,1437.45,0
2025-11-17,SKU015,63.0,90559.35,1437.45,0
2025-11-18,SKU015,61.0,87684.45,1437.45,0
2025-11-19,SKU015,65.0,93434.25,1437.45,0
2025-11-20,SKU015,109.0,144147.49,1437.45,1
2025-11-21,SKU015,79.0,104473.87,1437.45,1
2025-11-22,SKU015,140.0,185143.56,1437.45,1
2025-11-23,SKU015,89.0,117698.41,1437.45,1
2025-11-24,SKU015,86.0,113731.04,1437.45,1
2025-11-25,SKU015,108.0,142825.03,1437.45,1
2025-11-26,SKU015,74.0,97861.6,1437.45,1
2025-11-27,SKU015,82.0,108441.23,1437.45,1
2025-11-28,SKU015,95.0,125633.13,1437.45,1
2025-11-29,SKU015,98.0,129600.49,1437.45,1
2025-11-30,SKU015,76.0,100506.5,1437.45,1
2025-12-01,SKU015,87.0,125058.15,1437.45,0
2025-12-02,SKU015,81.0,116433.45,1437.45,0
2025-12-03,SKU015,77.0,110683.65,1437.45,0
2025-12-04,SKU015,69.0,99184.05,1437.45,0
2025-12-05,SKU015,71.0,102058.95,1437.45,0
2025-12-06,SKU015,79.0,113558.55,1437.45,0
2025-12-07,SKU015,64.0,91996.8,1437.45,0
2025-12-08,SKU015,59.0,84809.55,1437.45,0
2025-12-09,SKU015,58.0,83372.1,1437.45,0
2025-12-10,SKU015,89.0,127933.05,1437.45,0
2025-12-11,SKU015,75.0,107808.75,,0
2025-12-12,SKU015,75.0,107808.75,1437.45,0
2025-12-13,SKU015,104.0,149494.8,1437.45,0
2025-12-14,SKU015,38.0,54623.1,1437.45,0
2025-12-15,SKU015,83.0,109763.68,1437.45,1
2025-12-16,SKU015,71.0,93894.23,1437.45,1
2025-12-17,SKU015,107.0,141502.58,1437.45,1
2025-12-18,SKU015,102.0,134890.31,1437.45,1
2025-12-19,SKU015,96.0,126955.58,1437.45,1
2025-12-20,SKU015,124.0,163984.3,1437.45,1
2025-12-21,SKU015,130.0,171919.02,1437.45,1
2025-12-22,SKU015,86.0,113731.04,1437.45,1
2025-12-23,SKU015,83.0,109763.68,1437.45,1
2025-12-24,SKU015,73.0,96539.14,1437.45,1
2025-12-25,SKU015,92.0,121665.77,1437.45,1
2025-12-26,SKU015,123.0,162661.84,1437.45,1
2025-12-27,SKU015,160.0,211592.64,1437.45,1
2025-12-28,SKU015,96.0,126955.58,1437.45,1
2025-12-29,SKU015,86.0,113731.04,1437.45,1
2025-12-30,SKU015,131.0,173241.47,1437.45,1
2025-12-31,SKU015,92.0,121665.77,1437.45,1
2026-01-01,SKU015,61.0,87684.45,1437.45,0
2026-01-02,SKU015,75.0,107808.75,1437.45,0
2026-01-03,SKU015,82.0,117870.9,1437.45,0
2026-01-04,SKU015,70.0,100621.5,1437.45,0
2026-01-05,SKU015,78.0,112121.1,1437.45,0
2026-01-06,SKU015,57.0,81934.65,1437.45,0
2026-01-07,SKU015,70.0,100621.5,1437.45,0
2026-01-08,SKU015,59.0,84809.55,1437.45,0
2026-01-09,SKU015,71.0,102058.95,1437.45,0
2026-01-10,SKU015,71.0,102058.95,1437.45,0
2026-01-11,SKU015,69.0,99184.05,1437.45,0
2026-01-12,SKU015,75.0,107808.75,1437.45,0
2026-01-13,SKU015,69.0,99184.05,1437.45,0
2026-01-14,SKU015,74.0,106371.3,1437.45,0
2026-01-15,SKU015,55.0,79059.75,1437.45,0
2026-01-16,SKU015,107.0,153807.15,1437.45,0
2026-01-17,SKU015,83.0,119308.35,1437.45,0
2026-01-18,SKU015,73.0,104933.85,1437.45,0
2026-01-19,SKU015,77.0,110683.65,1437.45,0
2026-01-20,SKU015,75.0,107808.75,1437.45,0
2026-01-21,SKU015,80.0,114996.0,1437.45,0
2026-01-22,SKU015,80.0,114996.0,1437.45,0
2026-01-23,SKU015,66.0,94871.7,1437.45,0
2026-01-24,SKU015,73.0,104933.85,1437.45,0
2026-01-25,SKU015,41.0,58935.45,1437.45,0
2026-01-26,SKU015,89.0,127933.05,1437.45,0
2026-01-27,SKU015,74.0,106371.3,1437.45,0
2026-01-28,SKU015,87.0,125058.15,1437.45,0
2026-01-29,SKU015,68.0,97746.6,1437.45,0
2026-01-30,SKU015,83.0,119308.35,1437.45,0
2026-01-31,SKU015,114.0,163869.3,1437.45,0
2026-02-01,SKU015,81.0,116433.45,1437.45,0
2026-02-02,SKU015,58.0,83372.1,1437.45,0
2026-02-03,SKU015,67.0,96309.15,1437.45,0
2026-02-04,SKU015,60.0,86247.0,1437.45,0
2026-02-05,SKU015,74.0,106371.3,1437.45,0
2026-02-06,SKU015,69.0,99184.05,1437.45,0
2026-02-07,SKU015,71.0,102058.95,1437.45,0
2026-02-08,SKU015,44.0,63247.8,1437.45,0
2026-02-09,SKU015,62.0,89121.9,1437.45,0
2026-02-10,SKU015,45.0,64685.25,1437.45,0
2026-02-11,SKU015,63.0,90559.35,1437.45,0
2026-02-12,SKU015,77.0,110683.65,1437.45,0
2026-02-13,SKU015,59.0,84809.55,1437.45,0
2026-02-14,SKU015,97.0,139432.65,1437.45,0
2026-02-15,SKU015,99.0,142307.55,1437.45,0
2026-02-16,SKU015,56.0,80497.2,1437.45,0
2026-02-17,SKU015,66.0,94871.7,1437.45,0
2026-02-18,SKU015,86.0,123620.7,1437.45,0
2026-02-19,SKU015,87.0,125058.15,1437.45,0
2026-02-20,SKU015,83.0,119308.35,1437.45,0
2026-02-21,SKU015,81.0,116433.45,1437.45,0
2026-02-22,SKU015,71.0,102058.95,1437.45,0
2026-02-23,SKU015,78.0,112121.1,1437.45,0
2026-02-24,SKU015,77.0,110683.65,1437.45,0
2026-02-25,SKU015,76.0,109246.2,1437.45,0
2026-02-26,SKU015,91.0,130807.95,1437.45,0
2026-02-27,SKU015,75.0,107808.75,1437.45,0
2026-02-28,SKU015,75.0,107808.75,1437.45,0
2026-03-01,SKU015,67.0,96309.15,1437.45,0
2026-03-02,SKU015,65.0,93434.25,1437.45,0
2026-03-03,SKU015,55.0,79059.75,1437.45,0
2026-03-04,SKU015,76.0,109246.2,1437.45,0
2026-03-05,SKU015,92.0,132245.4,1437.45,0
2026-03-06,SKU015,74.0,106371.3,1437.45,0
2026-03-07,SKU015,91.0,130807.95,1437.45,0
2026-03-08,SKU015,74.0,106371.3,1437.45,0
2026-03-09,SKU015,56.0,80497.2,1437.45,0
2026-03-10,SKU015,61.0,87684.45,1437.45,0
2026-03-11,SKU015,73.0,104933.85,1437.45,0
2026-03-12,SKU015,60.0,86247.0,1437.45,0
2026-03-13,SKU015,71.0,102058.95,1437.45,0
2026-03-14,SKU015,90.0,129370.5,1437.45,0
2026-03-15,SKU015,88.0,116375.95,1437.45,1
2026-03-16,SKU015,82.0,108441.23,1437.45,1
2026-03-17,SKU015,99.0,130922.95,1437.45,1
2026-03-18,SKU015,92.0,121665.77,1437.45,1
2026-03-19,SKU015,65.0,85959.51,1437.45,1
2026-03-20,SKU015,154.0,203657.92,1437.45,1
2026-03-21,SKU015,100.0,132245.4,1437.45,1
2026-03-22,SKU015,66.0,87281.96,1437.45,1
2026-03-23,SKU015,89.0,117698.41,1437.45,1
2026-03-24,SKU015,98.0,129600.49,1437.45,1
2026-03-25,SKU015,94.0,124310.68,1437.45,1
2026-03-26,SKU015,73.0,104933.85,1437.45,0
2026-03-27,SKU015,49.0,70435.05,1437.45,0
2026-03-28,SKU015,66.0,94871.7,1437.45,0
2026-03-29,sku015,64.0,91996.8,1437.45,0
2026-03-30,SKU015,71.0,102058.95,1437.45,0
2026-03-31,SKU015,72.0,103496.4,1437.45,0
2026-04-01,SKU015,70.0,100621.5,1437.45,0
2026-04-02,SKU015,46.0,66122.7,1437.45,0
2026-04-03,SKU015,98.0,140870.1,1437.45,0
2026-04-04,SKU015,76.0,109246.2,1437.45,0
2026-04-05,SKU015,69.0,99184.05,1437.45,0
2026-04-06,SKU015,48.0,68997.6,1437.45,0
2026-04-07,SKU015,95.0,136557.75,1437.45,0
2026-04-08,SKU015,61.0,87684.45,1437.45,0
2026-04-09,SKU015,66.0,94871.7,1437.45,0
2026-04-10,SKU015,80.0,114996.0,1437.45,0
2026-04-11,SKU015,76.0,109246.2,1437.45,0
2026-04-12,SKU015,51.0,73309.95,1437.45,0
2026-04-13,SKU015,57.0,81934.65,1437.45,0
2026-04-14,SKU015,101.0,145182.45,1437.45,0
2026-04-15,SKU015,92.0,132245.4,1437.45,0
2026-04-16,SKU015,68.0,97746.6,1437.45,0
2026-04-17,SKU015,80.0,114996.0,1437.45,0
2026-04-18,SKU015,70.0,100621.5,1437.45,0
2026-04-19,SKU015,79.0,113558.55,1437.45,0
2026-04-20,SKU015,64.0,91996.8,1437.45,0
2026-04-21,SKU015,79.0,113558.55,1437.45,0
2026-04-22,SKU015,82.0,117870.9,1437.45,0
2026-04-23,SKU015,83.0,119308.35,1437.45,0
2026-04-24,SKU015,65.0,93434.25,1437.45,0
2026-04-25,SKU015,75.0,107808.75,1437.45,0
2026-04-26,SKU015,77.0,110683.65,1437.45,0
2026-04-27,SKU015,67.0,96309.15,1437.45,0
2026-04-28,SKU015,73.0,104933.85,1437.45,0
2026-04-29,SKU015,78.0,112121.1,1437.45,0
2026-04-30,SKU015,67.0,96309.15,1437.45,0
2026-05-01,SKU015,113.0,162431.85,1437.45,0
2026-05-02,SKU015,90.0,129370.5,1437.45,0
2026-05-03,SKU015,84.0,120745.8,1437.45,0
2026-05-04,SKU015,65.0,93434.25,1437.45,0
2026-05-05,SKU015,49.0,70435.05,1437.45,0
2026-05-06,SKU015,76.0,109246.2,1437.45,0
2026-05-07,SKU015,80.0,114996.0,1437.45,0
2026-05-08,SKU015,95.0,136557.75,1437.45,0
2026-05-09,SKU015,95.0,136557.75,1437.45,0
2026-05-10,SKU015,63.0,90559.35,1437.45,0
2026-05-11,SKU015,64.0,91996.8,1437.45,0
2026-05-12,SKU015,67.0,96309.15,1437.45,0
2026-05-13,SKU015,60.0,86247.0,1437.45,0
2026-05-14,SKU015,67.0,96309.15,1437.45,0
2026-05-15,SKU015,76.0,109246.2,1437.45,0
2026-05-16,SKU015,73.0,104933.85,1437.45,0
2026-05-17,SKU015,55.0,79059.75,1437.45,0
2026-05-18,SKU015,56.0,80497.2,1437.45,0
2026-05-19,SKU015,73.0,104933.85,1437.45,0
2026-05-20,SKU015,55.0,79059.75,1437.45,0
2026-05-21,SKU015,47.0,67560.15,1437.45,0
2026-05-22,SKU015,112.0,160994.4,1437.45,0
2026-05-23,SKU015,76.0,109246.2,1437.45,0
2026-05-24,SKU015,76.0,109246.2,1437.45,0
2026-05-25,SKU015,74.0,106371.3,1437.45,0
2026-05-26,SKU015,94.0,135120.3,1437.45,0
2026-05-27,SKU015,57.0,81934.65,1437.45,0
2026-05-28,SKU015,79.0,113558.55,1437.45,0
2026-05-29,SKU015,80.0,114996.0,1437.45,0
2026-05-30,SKU015,110.0,158119.5,1437.45,0
2026-05-31,SKU015,65.0,93434.25,1437.45,0
2026-06-01,SKU015,82.0,117870.9,1437.45,0
2026-06-02,SKU015,80.0,114996.0,1437.45,0
2026-06-03,SKU015,88.0,126495.6,1437.45,0
2026-06-04,SKU015,75.0,107808.75,1437.45,0
2026-06-05,SKU015,117.0,168181.65,1437.45,0
2026-06-06,SKU015,97.0,139432.65,1437.45,0
2026-06-07,SKU015,69.0,99184.05,1437.45,0
2026-06-08,SKU015,88.0,126495.6,1437.45,0
2026-06-09,SKU015,76.0,109246.2,1437.45,0
2026-06-10,SKU015,114.0,150759.76,1437.45,1
2026-06-11,SKU015,80.0,105796.32,1437.45,1
2026-06-12,SKU015,111.0,146792.39,1437.45,1
2026-06-13,SKU015,112.0,148114.85,1437.45,1
2026-06-14,SKU015,96.0,126955.58,1437.45,1
2026-06-15,SKU015,84.0,111086.14,1437.45,1
2026-06-16,SKU015,95.0,125633.13,1437.45,1
2026-06-17,SKU015,102.0,134890.31,1437.45,1
2026-06-18,SKU015,115.0,152082.21,1437.45,1
2026-06-19,SKU015,115.0,152082.21,1437.45,1
2026-06-20,SKU015,134.0,177208.84,1437.45,1
2026-06-21,SKU015,92.0,132245.4,1437.45,0
2026-06-22,SKU015,104.0,149494.8,1437.45,0
2026-06-23,SKU015,99.0,142307.55,1437.45,0
2026-06-24,SKU015,74.0,106371.3,1437.45,0
2026-06-25,SKU015,108.0,155244.6,1437.45,0
2026-06-26,SKU015,101.0,145182.45,1437.45,0
2026-06-27,SKU015,101.0,145182.45,1437.45,0
2026-06-28,SKU015,95.0,136557.75,1437.45,0
2026-06-29,SKU015,69.0,99184.05,1437.45,0
2026-06-30,SKU015,86.0,123620.7,1437.45,0
2025-01-01,SKU016,73.0,176376.03,2416.11,0
2025-01-02,SKU016,75.0,181208.25,2416.11,0
2025-01-03,SKU016,112.0,270604.32,2416.11,0
2025-01-04,SKU016,95.0,229530.45,2416.11,0
2025-01-05,SKU016,83.0,200537.13,2416.11,0
2025-01-06,SKU016,88.0,212617.68,2416.11,0
2025-01-07,SKU016,103.0,248859.33,2416.11,0
2025-01-08,SKU016,106.0,256107.66,2416.11,0
2025-01-09,SKU016,70.0,169127.7,2416.11,0
2025-01-10,SKU016,123.0,273407.01,2416.11,1
2025-01-11,SKU016,135.0,300080.86,2416.11,1
2025-01-12,SKU016,145.0,322309.07,2416.11,1
2025-01-13,SKU016,115.0,255624.44,2416.11,1
2025-01-14,SKU016,129.0,286743.93,2416.11,1
2025-01-15,SKU016,146.0,324531.9,2416.11,1
2025-01-16,SKU016,79.0,190872.69,2416.11,0
2025-01-17,SKU016,99.0,239194.89,2416.11,0
2025-01-18,SKU016,102.0,246443.22,2416.11,0
2025-01-19,SKU016,91.0,219866.01,2416.11,0
2025-01-20,SKU016,60.0,144966.6,2416.11,0
2025-01-21,SKU016,95.0,229530.45,2416.11,0
2025-01-22,SKU016,78.0,188456.58,2416.11,0
2025-01-23,SKU016,80.0,193288.8,2416.11,0
2025-01-24,SKU016,102.0,246443.22,2416.11,0
2025-01-25,SKU016,83.0,200537.13,2416.11,0
2025-01-26,SKU016,78.0,188456.58,2416.11,0
2025-01-27,SKU016,77.0,186040.47,2416.11,0
2025-01-28,SKU016,110.0,265772.1,2416.11,0
2025-01-29,SKU016,63.0,152214.93,2416.11,0
2025-01-30,SKU016,112.0,270604.32,2416.11,0
2025-01-31,SKU016,95.0,229530.45,2416.11,0
2025-02-01,SKU016,107.0,258523.77,2416.11,0
2025-02-02,SKU016,82.0,198121.02,2416.11,0
2025-02-03,SKU016,79.0,190872.69,2416.11,0
2025-02-04,SKU016,109.0,263355.99,2416.11,0
2025-02-05,SKU016,95.0,229530.45,2416.11,0
2025-02-06,SKU016,88.0,212617.68,2416.11,0
2025-02-07,SKU016,95.0,229530.45,2416.11,0
2025-02-08,SKU016,87.0,210201.57,2416.11,0
2025-02-09,SKU016,93.0,224698.23,2416.11,0
2025-02-10,SKU016,82.0,198121.02,2416.11,0
2025-02-11,SKU016,77.0,186040.47,2416.11,0
2025-02-12,SKU016,93.0,224698.23,2416.11,0
2025-02-13,SKU016,96.0,231946.56,2416.11,0
2025-02-14,SKU016,90.0,217449.9,2416.11,0
2025-02-15,SKU016,117.0,282684.87,2416.11,0
2025-02-16,SKU016,91.0,219866.01,2416.11,0
2025-02-17,SKU016,56.0,135302.16,2416.11,0
2025-02-18,SKU016,85.0,205369.35,2416.11,0
2025-02-19,SKU016,81.0,195704.91,2416.11,0
2025-02-20,SKU016,89.0,215033.79,2416.11,0
2025-02-21,SKU016,89.0,215033.79,2416.11,0
2025-02-22,SKU016,115.0,277852.65,2416.11,0
2025-02-23,SKU016,86.0,207785.46,2416.11,0
2025-02-24,SKU016,87.0,210201.57,2416.11,0
2025-02-25,SKU016,81.0,195704.91,2416.11,0
2025-02-26,SKU016,84.0,202953.24,2416.11,0
2025-02-27,SKU016,96.0,231946.56,2416.11,0
2025-02-28,SKU016,85.0,205369.35,2416.11,0
2025-03-01,SKU016,82.0,198121.02,2416.11,0
2025-03-02,SKU016,93.0,224698.23,2416.11,0
2025-03-03,SKU016,62.0,149798.82,2416.11,0
2025-03-04,SKU016,67.0,161879.37,2416.11,0
2025-03-05,SKU016,75.0,181208.25,2416.11,0
2025-03-06,SKU016,59.0,142550.49,2416.11,0
2025-03-07,SKU016,88.0,212617.68,,0
2025-03-08,SKU016,96.0,231946.56,2416.11,0
2025-03-09,SKU016,99.0,239194.89,2416.11,0
2025-03-10,SKU016,82.0,198121.02,2416.11,0
2025-03-11,SKU016,88.0,212617.68,2416.11,0
2025-03-12,SKU016,79.0,190872.69,2416.11,0
2025-03-13,SKU016,87.0,210201.57,2416.11,0
2025-03-14,SKU016,96.0,231946.56,2416.11,0
2025-03-15,SKU016,92.0,222282.12,2416.11,0
2025-03-16,SKU016,81.0,195704.91,2416.11,0
2025-03-17,SKU016,101.0,244027.11,2416.11,0
2025-03-18,SKU016,84.0,202953.24,2416.11,0
2025-03-19,SKU016,82.0,198121.02,2416.11,0
2025-03-20,SKU016,99.0,220059.3,2416.11,1
2025-03-21,SKU016,141.0,313417.79,2416.11,1
2025-03-22,SKU016,129.0,286743.93,2416.11,1
2025-03-23,SKU016,102.0,226727.76,2416.11,1
2025-03-24,SKU016,94.0,208945.19,2416.11,1
2025-03-25,SKU016,103.0,228950.58,2416.11,1
2025-03-26,SKU016,96.0,213390.84,2416.11,1
2025-03-27,SKU016,103.0,228950.58,2416.11,1
2025-03-28,SKU016,84.0,202953.24,2416.11,0
2025-03-29,SKU016,65.0,157047.15,2416.11,0
2025-03-30,SKU016,84.0,202953.24,2416.11,0
2025-03-31,SKU016,96.0,231946.56,2416.11,0
2025-04-01,SKU016,91.0,219866.01,2416.11,0
2025-04-02,SKU016,93.0,224698.23,2416.11,0
2025-04-03,SKU016,65.0,157047.15,2416.11,0
2025-04-04,SKU016,95.0,229530.45,2416.11,0
2025-04-05,SKU016,94.0,227114.34,2416.11,0
2025-04-06,SKU016,84.0,202953.24,2416.11,0
2025-04-07,SKU016,57.0,137718.27,2416.11,0
2025-04-08,SKU016,81.0,195704.91,2416.11,0
2025-04-09,SKU016,69.0,166711.59,2416.11,0
2025-04-10,SKU016,67.0,161879.37,2416.11,0
2025-04-11,SKU016,93.0,224698.23,2416.11,0
2025-04-12,SKU016,83.0,200537.13,2416.11,0
2025-04-13,SKU016,78.0,188456.58,2416.11,0
2025-04-14,SKU016,54.0,130469.94,2416.11,0
2025-04-15,SKU016,88.0,212617.68,2416.11,0
2025-04-16,SKU016,79.0,190872.69,2416.11,0
2025-04-17,SKU016,88.0,212617.68,2416.11,0
2025-04-18,SKU016,86.0,207785.46,2416.11,0
2025-04-19,SKU016,94.0,227114.34,2416.11,0
2025-04-20,SKU016,87.0,210201.57,2416.11,0
2025-04-21,SKU016,80.0,193288.8,2416.11,0
2025-04-22,SKU016,77.0,186040.47,2416.11,0
2025-04-23,SKU016,75.0,181208.25,2416.11,0
2025-04-24,SKU016,97.0,234362.67,2416.11,0
2025-04-25,SKU016,107.0,258523.77,2416.11,0
2025-04-26,SKU016,111.0,268188.21,2416.11,0
2025-04-27,SKU016,85.0,205369.35,2416.11,0
2025-04-28,SKU016,67.0,161879.37,2416.11,0
2025-04-29,SKU016,86.0,207785.46,2416.11,0
2025-04-30,SKU016,76.0,183624.36,2416.11,0
2025-05-01,SKU016,72.0,173959.92,2416.11,0
2025-05-02,SKU016,91.0,219866.01,2416.11,0
2025-05-03,SKU016,89.0,215033.79,2416.11,0
2025-05-04,SKU016,62.0,149798.82,2416.11,0
2025-05-05,SKU016,69.0,166711.59,2416.11,0
2025-05-06,SKU016,69.0,166711.59,2416.11,0
2025-05-07,SKU016,86.0,207785.46,2416.11,0
2025-05-08,SKU016,107.0,258523.77,2416.11,0
2025-05-09,SKU016,94.0,227114.34,2416.11,0
2025-05-10,SKU016,84.0,202953.24,2416.11,0
2025-05-11,SKU016,65.0,157047.15,2416.11,0
2025-05-12,SKU016,68.0,164295.48,2416.11,0
2025-05-13,SKU016,82.0,198121.02,2416.11,0
2025-05-14,SKU016,80.0,193288.8,2416.11,0
2025-05-15,SKU016,81.0,195704.91,2416.11,0
2025-05-16,SKU016,75.0,181208.25,2416.11,0
2025-05-17,SKU016,83.0,200537.13,2416.11,0
2025-05-18,SKU016,73.0,176376.03,2416.11,0
2025-05-19,SKU016,60.0,144966.6,2416.11,0
2025-05-20,SKU016,82.0,198121.02,2416.11,0
2025-05-21,SKU016,94.0,227114.34,2416.11,0
2025-05-22,SKU016,84.0,202953.24,2416.11,0
2025-05-23,SKU016,68.0,164295.48,2416.11,0
2025-05-24,SKU016,82.0,198121.02,2416.11,0
2025-05-25,SKU016,87.0,210201.57,2416.11,0
2025-05-26,SKU016,75.0,181208.25,2416.11,0
2025-05-27,SKU016,62.0,149798.82,2416.11,0
2025-05-28,SKU016,61.0,147382.71,2416.11,0
2025-05-29,SKU016,82.0,198121.02,2416.11,0
2025-05-30,SKU016,110.0,265772.1,2416.11,0
2025-05-31,SKU016,83.0,200537.13,2416.11,0
2025-06-01,SKU016,86.0,207785.46,2416.11,0
2025-06-02,SKU016,91.0,219866.01,2416.11,0
2025-06-03,SKU016,60.0,144966.6,2416.11,0
2025-06-04,SKU016,76.0,183624.36,2416.11,0
2025-06-05,SKU016,96.0,231946.56,2416.11,0
2025-06-06,SKU016,93.0,224698.23,2416.11,0
2025-06-07,SKU016,90.0,217449.9,2416.11,0
2025-06-08,SKU016,87.0,210201.57,2416.11,0
2025-06-09,SKU016,76.0,183624.36,2416.11,0
2025-06-10,SKU016,133.0,295635.22,2416.11,1
2025-06-11,SKU016,151.0,335646.0,2416.11,1
2025-06-12,SKU016,120.0,266738.54,2416.11,1
2025-06-13,SKU016,122.0,271184.19,2416.11,1
2025-06-14,SKU016,127.0,282298.29,2416.11,1
2025-06-15,SKU016,141.0,313417.79,2416.11,1
2025-06-16,SKU016,91.0,202276.73,2416.11,1
2025-06-17,SKU016,146.0,324531.9,2416.11,1
2025-06-18,SKU016,149.0,331200.36,2416.11,1
2025-06-19,SKU016,128.0,284521.11,2416.11,1
2025-06-20,SKU016,125.0,277852.65,2416.11,1
2025-06-21,SKU016,107.0,258523.77,2416.11,0
2025-06-22,SKU016,59.0,142550.49,2416.11,0
2025-06-23,SKU016,75.0,181208.25,2416.11,0
2025-06-24,SKU016,110.0,265772.1,2416.11,0
2025-06-25,SKU016,130.0,314094.3,2416.11,0
2025-06-26,SKU016,78.0,188456.58,2416.11,0
2025-06-27,SKU016,97.0,234362.67,2416.11,0
2025-06-28,SKU016,115.0,277852.65,2416.11,0
2025-06-29,SKU016,106.0,256107.66,2416.11,0
2025-06-30,SKU016,94.0,227114.34,2416.11,0
2025-07-01,SKU016,110.0,265772.1,2416.11,0
2025-07-02,SKU016,75.0,181208.25,2416.11,0
2025-07-03,SKU016,83.0,200537.13,2416.11,0
2025-07-04,SKU016,96.0,231946.56,2416.11,0
2025-07-05,SKU016,113.0,273020.43,2416.11,0
2025-07-06,SKU016,69.0,166711.59,2416.11,0
2025-07-07,SKU016,103.0,248859.33,2416.11,0
2025-07-08,SKU016,99.0,239194.89,2416.11,0
2025-07-09,SKU016,82.0,198121.02,2416.11,0
2025-07-10,SKU016,95.0,229530.45,2416.11,0
2025-07-11,SKU016,97.0,234362.67,2416.11,0
2025-07-12,SKU016,113.0,273020.43,2416.11,0
2025-07-13,SKU016,78.0,188456.58,2416.11,0
2025-07-14,SKU016,93.0,224698.23,2416.11,0
2025-07-15,SKU016,106.0,256107.66,2416.11,0
2025-07-16,SKU016,92.0,222282.12,2416.11,0
2025-07-17,SKU016,95.0,229530.45,2416.11,0
2025-07-18,SKU016,123.0,297181.53,2416.11,0
2025-07-19,SKU016,144.0,347919.84,2416.11,0
2025-07-20,SKU016,76.0,183624.36,2416.11,0
2025-07-21,SKU016,103.0,248859.33,2416.11,0
2025-07-22,SKU016,63.0,152214.93,2416.11,0
2025-07-23,SKU016,89.0,215033.79,2416.11,0
2025-07-24,SKU016,120.0,289933.2,2416.11,0
2025-07-25,SKU016,163.0,393825.93,2416.11,0
2025-07-26,SKU016,106.0,256107.66,2416.11,0
2025-07-27,SKU016,102.0,246443.22,2416.11,0
2025-07-28,SKU016,109.0,263355.99,2416.11,0
2025-07-29,SKU016,83.0,200537.13,2416.11,0
2025-07-30,SKU016,88.0,212617.68,2416.11,0
2025-07-31,SKU016,105.0,253691.55,2416.11,0
2025-08-01,SKU016,106.0,256107.66,2416.11,0
2025-08-02,SKU016,83.0,200537.13,2416.11,0
2025-08-03,SKU016,92.0,222282.12,2416.11,0
2025-08-04,SKU016,70.0,169127.7,2416.11,0
2025-08-05,SKU016,113.0,273020.43,2416.11,0
2025-08-06,SKU016,86.0,207785.46,2416.11,0
2025-08-07,SKU016,100.0,241611.0,2416.11,0
2025-08-08,SKU016,104.0,251275.44,2416.11,0
2025-08-09,SKU016,124.0,299597.64,2416.11,0
2025-08-10,SKU016,85.0,205369.35,2416.11,0
2025-08-11,SKU016,131.0,316510.41,2416.11,0
2025-08-12,SKU016,91.0,219866.01,2416.11,0
2025-08-13,SKU016,101.0,244027.11,2416.11,0
2025-08-14,SKU016,70.0,169127.7,2416.11,0
2025-08-15,SKU016,127.0,306845.97,2416.11,0
2025-08-16,SKU016,106.0,256107.66,2416.11,0
2025-08-17,SKU016,104.0,251275.44,2416.11,0
2025-08-18,SKU016,67.0,161879.37,2416.11,0
2025-08-19,SKU016,89.0,215033.79,2416.11,0
2025-08-20,SKU016,87.0,210201.57,2416.11,0
2025-08-21,SKU016,107.0,258523.77,2416.11,0
2025-08-22,SKU016,108.0,260939.88,2416.11,0
2025-08-23,SKU016,88.0,212617.68,2416.11,0
2025-08-24,SKU016,91.0,219866.01,2416.11,0
2025-08-25,SKU016,79.0,190872.69,2416.11,0
2025-08-26,SKU016,104.0,251275.44,2416.11,0
2025-08-27,SKU016,109.0,263355.99,2416.11,0
2025-08-28,SKU016,78.0,188456.58,2416.11,0
2025-08-29,SKU016,156.0,376913.16,2416.11,0
2025-08-30,SKU016,104.0,251275.44,2416.11,0
2025-08-31,SKU016,106.0,256107.66,2416.11,0
2025-09-01,SKU016,67.0,161879.37,2416.11,0
2025-09-02,SKU016,99.0,239194.89,2416.11,0
2025-09-03,SKU016,86.0,207785.46,2416.11,0
2025-09-04,SKU016,76.0,183624.36,2416.11,0
2025-09-05,SKU016,81.0,195704.91,2416.11,0
2025-09-06,SKU016,109.0,263355.99,2416.11,0
2025-09-07,SKU016,82.0,198121.02,2416.11,0
2025-09-08,SKU016,70.0,169127.7,2416.11,0
2025-09-09,SKU016,95.0,229530.45,2416.11,0
2025-09-10,SKU016,77.0,186040.47,2416.11,0
2025-09-11,SKU016,44.0,106308.84,2416.11,0
2025-09-12,SKU016,112.0,270604.32,2416.11,0
2025-09-13,SKU016,96.0,231946.56,2416.11,0
2025-09-14,SKU016,94.0,227114.34,2416.11,0
2025-09-15,SKU016,73.0,176376.03,2416.11,0
2025-09-16,SKU016,61.0,147382.71,2416.11,0
2025-09-17,SKU016,97.0,234362.67,2416.11,0
2025-09-18,SKU016,87.0,210201.57,2416.11,0
2025-09-19,SKU016,99.0,239194.89,2416.11,0
2025-09-20,SKU016,85.0,205369.35,2416.11,0
2025-09-21,SKU016,96.0,231946.56,2416.11,0
2025-09-22,SKU016,72.0,173959.92,2416.11,0
2025-09-23,SKU016,82.0,198121.02,2416.11,0
2025-09-24,SKU016,64.0,154631.04,2416.11,0
2025-09-25,SKU016,83.0,200537.13,2416.11,0
2025-09-26,SKU016,98.0,236778.78,2416.11,0
2025-09-27,SKU016,98.0,236778.78,2416.11,0
2025-09-28,SKU016,104.0,251275.44,2416.11,0
2025-09-29,SKU016,54.0,130469.94,2416.11,0
2025-09-30,SKU016,77.0,186040.47,2416.11,0
2025-10-01,SKU016,111.0,246733.15,2416.11,1
2025-10-02,SKU016,155.0,344537.29,2416.11,1
2025-10-03,SKU016,97.0,215613.66,2416.11,1
2025-10-04,SKU016,120.0,266738.54,2416.11,1
2025-10-05,SKU016,84.0,186716.98,2416.11,1
2025-10-06,SKU016,115.0,255624.44,2416.11,1
2025-10-07,SKU016,92.0,204499.55,2416.11,1
2025-10-08,SKU016,124.0,275629.83,2416.11,1
2025-10-09,SKU016,103.0,228950.58,2416.11,1
2025-10-10,SKU016,106.0,235619.05,2416.11,1
2025-10-11,SKU016,89.0,215033.79,2416.11,0
2025-10-12,SKU016,105.0,253691.55,2416.11,0
2025-10-13,SKU016,81.0,195704.91,2416.11,0
2025-10-14,SKU016,102.0,246443.22,2416.11,0
2025-10-15,SKU016,94.0,227114.34,2416.11,0
2025-10-16,SKU016,87.0,210201.57,2416.11,0
2025-10-17,SKU016,93.0,224698.23,2416.11,0
2025-10-18,SKU016,84.0,202953.24,2416.11,0
2025-10-19,SKU016,79.0,190872.69,2416.11,0
2025-10-20,SKU016,56.0,135302.16,2416.11,0
2025-10-21,SKU016,76.0,183624.36,2416.11,0
2025-10-22,SKU016,88.0,212617.68,2416.11,0
2025-10-23,SKU016,69.0,166711.59,2416.11,0
2025-10-24,SKU016,80.0,193288.8,2416.11,0
2025-10-25,SKU016,99.0,239194.89,2416.11,0
2025-10-26,SKU016,53.0,128053.83,2416.11,0
2025-10-27,SKU016,102.0,246443.22,2416.11,0
2025-10-28,SKU016,95.0,229530.45,2416.11,0
2025-10-29,SKU016,55.0,132886.05,2416.11,0
2025-10-30,SKU016,73.0,176376.03,2416.11,0
2025-10-31,SKU016,140.0,338255.4,2416.11,0
2025-11-01,SKU016,126.0,304429.86,2416.11,0
2025-11-02,SKU016,75.0,181208.25,2416.11,0
2025-11-03,SKU016,53.0,128053.83,2416.11,0
2025-11-04,SKU016,96.0,231946.56,2416.11,0
2025-11-05,SKU016,82.0,198121.02,2416.11,0
2025-11-06,SKU016,76.0,183624.36,2416.11,0
2025-11-07,SKU016,94.0,227114.34,2416.11,0
2025-11-08,SKU016,72.0,173959.92,2416.11,0
2025-11-09,SKU016,88.0,212617.68,2416.11,0
2025-11-10,SKU016,86.0,207785.46,2416.11,0
2025-11-11,SKU016,99.0,239194.89,2416.11,0
2025-11-12,SKU016,78.0,188456.58,2416.11,0
2025-11-13,SKU016,89.0,215033.79,2416.11,0
2025-11-14,SKU016,98.0,236778.78,2416.11,0
2025-11-15,SKU016,97.0,234362.67,2416.11,0
2025-11-16,SKU016,70.0,169127.7,2416.11,0
2025-11-17,SKU016,81.0,195704.91,2416.11,0
2025-11-18,SKU016,103.0,248859.33,2416.11,0
2025-11-19,SKU016,95.0,229530.45,2416.11,0
2025-11-20,SKU016,101.0,224504.94,2416.11,1
2025-11-21,SKU016,89.0,197831.09,2416.11,1
2025-11-22,SKU016,157.0,348982.93,2416.11,1
2025-11-23,SKU016,115.0,255624.44,2416.11,1
2025-11-24,SKU016,97.0,215613.66,2416.11,1
2025-11-25,SKU016,129.0,286743.93,2416.11,1
2025-11-26,SKU016,115.0,255624.44,2416.11,1
2025-11-27,SKU016,135.0,300080.86,2416.11,1
2025-11-28,SKU016,124.0,275629.83,2416.11,1
2025-11-29,SKU016,154.0,342314.46,2416.11,1
2025-11-30,SKU016,107.0,237841.87,2416.11,1
2025-12-01,SKU016,82.0,198121.02,2416.11,0
2025-12-02,SKU016,81.0,195704.91,2416.11,0
2025-12-03,SKU016,84.0,202953.24,2416.11,0
2025-12-04,SKU016,104.0,251275.44,2416.11,0
2025-12-05,SKU016,99.0,239194.89,2416.11,0
2025-12-06,SKU016,89.0,215033.79,2416.11,0
2025-12-07,SKU016,105.0,253691.55,2416.11,0
2025-12-08,SKU016,75.0,181208.25,2416.11,0
2025-12-09,SKU016,128.0,309262.08,2416.11,0
2025-12-10,SKU016,104.0,251275.44,2416.11,0
2025-12-11,SKU016,70.0,169127.7,2416.11,0
2025-12-12,SKU016,109.0,263355.99,2416.11,0
2025-12-13,SKU016,112.0,270604.32,2416.11,0
2025-12-14,SKU016,72.0,173959.92,2416.11,0
2025-12-15,SKU016,122.0,271184.19,2416.11,1
2025-12-16,SKU016,145.0,322309.07,2416.11,1
2025-12-17,SKU016,121.0,268961.37,2416.11,1
2025-12-18,SKU016,112.0,248955.97,2416.11,1
2025-12-19,SKU016,106.0,235619.05,2416.11,1
2025-12-20,SKU016,149.0,331200.36,2416.11,1
2025-12-21,SKU016,145.0,322309.07,2416.11,1
2025-12-22,SKU016,99.0,220059.3,2416.11,1
2025-12-23,SKU016,147.0,326754.72,2416.11,1
2025-12-24,SKU016,117.0,260070.08,2416.11,1
2025-12-25,SKU016,157.0,348982.93,2416.11,1
2025-12-26,SKU016,144.0,320086.25,2416.11,1
2025-12-27,SKU016,145.0,322309.07,2416.11,1
2025-12-28,SKU016,135.0,300080.86,2416.11,1
2025-12-29,SKU016,100.0,222282.12,2416.11,1
2025-12-30,SKU016,113.0,251178.8,2416.11,1
2025-12-31,SKU016,86.0,191162.62,2416.11,1
2026-01-01,SKU016,120.0,289933.2,2416.11,0
2026-01-02,SKU016,110.0,265772.1,2416.11,0
2026-01-03,SKU016,126.0,304429.86,2416.11,0
2026-01-04,SKU016,82.0,198121.02,2416.11,0
2026-01-05,SKU016,85.0,205369.35,2416.11,0
2026-01-06,SKU016,89.0,215033.79,2416.11,0
2026-01-07,SKU016,73.0,176376.03,2416.11,0
2026-01-08,SKU016,106.0,256107.66,2416.11,0
2026-01-09,SKU016,100.0,241611.0,2416.11,0
2026-01-10,SKU016,119.0,287517.09,2416.11,0
2026-01-11,SKU016,94.0,227114.34,2416.11,0
2026-01-12,SKU016,91.0,219866.01,2416.11,0
2026-01-13,SKU016,88.0,212617.68,2416.11,0
2026-01-14,SKU016,83.0,200537.13,2416.11,0
2026-01-15,SKU016,105.0,253691.55,2416.11,0
2026-01-16,SKU016,127.0,306845.97,2416.11,0
2026-01-17,SKU016,133.0,321342.63,2416.11,0
2026-01-18,SKU016,99.0,239194.89,2416.11,0
2026-01-19,SKU016,96.0,231946.56,2416.11,0
2026-01-20,SKU016,88.0,212617.68,2416.11,0
2026-01-21,SKU016,95.0,229530.45,2416.11,0
2026-01-22,SKU016,101.0,244027.11,2416.11,0
2026-01-23,SKU016,112.0,270604.32,2416.11,0
2026-01-24,SKU016,104.0,251275.44,2416.11,0
2026-01-25,SKU016,92.0,222282.12,2416.11,0
2026-01-26,SKU016,100.0,241611.0,2416.11,0
2026-01-27,SKU016,108.0,260939.88,2416.11,0
2026-01-28,SKU016,84.0,202953.24,2416.11,0
2026-01-29,SKU016,80.0,193288.8,2416.11,0
2026-01-30,SKU016,93.0,224698.23,2416.11,0
2026-01-31,SKU016,102.0,246443.22,2416.11,0
2026-02-01,SKU016,85.0,205369.35,2416.11,0
2026-02-02,SKU016,80.0,193288.8,2416.11,0
2026-02-03,SKU016,132.0,318926.52,2416.11,0
2026-02-04,SKU016,72.0,173959.92,2416.11,0
2026-02-05,SKU016,81.0,195704.91,2416.11,0
2026-02-06,SKU016,104.0,251275.44,2416.11,0
2026-02-07,SKU016,125.0,302013.75,2416.11,0
2026-02-08,SKU016,103.0,248859.33,2416.11,0
2026-02-09,SKU016,102.0,246443.22,2416.11,0
2026-02-10,SKU016,107.0,258523.77,2416.11,0
2026-02-11,SKU016,95.0,229530.45,2416.11,0
2026-02-12,SKU016,108.0,260939.88,2416.11,0
2026-02-13,SKU016,115.0,277852.65,2416.11,0
2026-02-14,SKU016,122.0,294765.42,2416.11,0
2026-02-15,SKU016,111.0,268188.21,2416.11,0
2026-02-16,SKU016,57.0,137718.27,2416.11,0
2026-02-17,SKU016,107.0,258523.77,2416.11,0
2026-02-18,SKU016,95.0,229530.45,2416.11,0
2026-02-19,SKU016,73.0,176376.03,2416.11,0
2026-02-20,SKU016,100.0,241611.0,2416.11,0
2026-02-21,SKU016,121.0,292349.31,2416.11,0
2026-02-22,SKU016,90.0,217449.9,2416.11,0
2026-02-23,SKU016,66.0,159463.26,2416.11,0
2026-02-24,SKU016,105.0,253691.55,2416.11,0
2026-02-25,SKU016,87.0,210201.57,2416.11,0
2026-02-26,SKU016,95.0,229530.45,2416.11,0
2026-02-27,SKU016,117.0,282684.87,2416.11,0
2026-02-28,SKU016,150.0,362416.5,2416.11,0
2026-03-01,SKU016,97.0,234362.67,2416.11,0
2026-03-02,SKU016,110.0,265772.1,2416.11,0
2026-03-03,SKU016,84.0,202953.24,2416.11,0
2026-03-04,SKU016,75.0,181208.25,2416.11,0
2026-03-05,SKU016,79.0,190872.69,2416.11,0
2026-03-06,SKU016,125.0,302013.75,2416.11,0
2026-03-07,SKU016,111.0,268188.21,2416.11,0
2026-03-08,SKU016,94.0,227114.34,2416.11,0
2026-03-09,SKU016,63.0,152214.93,2416.11,0
2026-03-10,SKU016,103.0,248859.33,2416.11,0
2026-03-11,SKU016,100.0,241611.0,2416.11,0
2026-03-12,SKU016,86.0,207785.46,2416.11,0
2026-03-13,SKU016,155.0,374497.05,2416.11,0
2026-03-14,SKU016,91.0,219866.01,2416.11,0
2026-03-15,SKU016,124.0,275629.83,2416.11,1
2026-03-16,SKU016,98.0,217836.48,2416.11,1
2026-03-17,SKU016,109.0,242287.51,2416.11,1
2026-03-18,SKU016,104.0,231173.4,2416.11,1
2026-03-19,SKU016,113.0,251178.8,2416.11,1
2026-03-20,SKU016,146.0,324531.9,2416.11,1
2026-03-21,SKU016,120.0,266738.54,2416.11,1
2026-03-22,SKU016,145.0,322309.07,2416.11,1
2026-03-23,SKU016,133.0,295635.22,2416.11,1
2026-03-24,SKU016,134.0,297858.04,2416.11,1
2026-03-25,SKU016,121.0,268961.37,2416.11,1
2026-03-26,SKU016,91.0,219866.01,2416.11,0
2026-03-27,SKU016,131.0,316510.41,2416.11,0
2026-03-28,SKU016,72.0,173959.92,2416.11,0
2026-03-29,SKU016,102.0,246443.22,2416.11,0
2026-03-30,SKU016,80.0,193288.8,2416.11,0
2026-03-31,SKU016,112.0,270604.32,2416.11,0
2026-04-01,SKU016,87.0,210201.57,2416.11,0
2026-04-02,SKU016,92.0,222282.12,2416.11,0
2026-04-03,SKU016,95.0,229530.45,2416.11,0
2026-04-04,SKU016,77.0,186040.47,2416.11,0
2026-04-05,SKU016,67.0,161879.37,2416.11,0
2026-04-06,SKU016,86.0,207785.46,2416.11,0
2026-04-07,SKU016,114.0,275436.54,2416.11,0
2026-04-08,SKU016,101.0,244027.11,2416.11,0
2026-04-09,SKU016,104.0,251275.44,2416.11,0
2026-04-10,SKU016,105.0,253691.55,2416.11,0
2026-04-11,SKU016,103.0,248859.33,2416.11,0
2026-04-12,SKU016,75.0,181208.25,2416.11,0
2026-04-13,SKU016,103.0,248859.33,2416.11,0
2026-04-14,SKU016,83.0,200537.13,2416.11,0
2026-04-15,SKU016,83.0,200537.13,2416.11,0
2026-04-16,SKU016,95.0,229530.45,2416.11,0
2026-04-17,SKU016,103.0,248859.33,2416.11,0
2026-04-18,SKU016,102.0,246443.22,2416.11,0
2026-04-19,SKU016,80.0,193288.8,2416.11,0
2026-04-20,SKU016,86.0,207785.46,2416.11,0
2026-04-21,SKU016,81.0,195704.91,2416.11,0
2026-04-22,SKU016,93.0,224698.23,2416.11,0
2026-04-23,SKU016,84.0,202953.24,2416.11,0
2026-04-24,SKU016,121.0,292349.31,2416.11,0
2026-04-25,SKU016,111.0,268188.21,2416.11,0
2026-04-26,SKU016,79.0,190872.69,2416.11,0
2026-04-27,SKU016,86.0,207785.46,2416.11,0
2026-04-28,SKU016,80.0,193288.8,2416.11,0
2026-04-29,SKU016,88.0,212617.68,2416.11,0
2026-04-30,SKU016,88.0,212617.68,2416.11,0
2026-05-01,SKU016,105.0,253691.55,2416.11,0
2026-05-02,SKU016,99.0,239194.89,2416.11,0
2026-05-03,SKU016,94.0,227114.34,2416.11,0
2026-05-04,SKU016,73.0,176376.03,2416.11,0
2026-05-05,SKU016,92.0,222282.12,2416.11,0
2026-05-06,SKU016,69.0,166711.59,2416.11,0
2026-05-07,SKU016,109.0,263355.99,2416.11,0
2026-05-08,SKU016,101.0,244027.11,2416.11,0
2026-05-09,SKU016,110.0,265772.1,2416.11,0
2026-05-10,SKU016,81.0,195704.91,2416.11,0
2026-05-11,SKU016,98.0,236778.78,2416.11,0
2026-05-12,SKU016,72.0,173959.92,2416.11,0
2026-05-13,SKU016,76.0,183624.36,2416.11,0
2026-05-14,SKU016,71.0,171543.81,2416.11,0
2026-05-15,SKU016,119.0,287517.09,2416.11,0
2026-05-16,SKU016,112.0,270604.32,2416.11,0
2026-05-17,SKU016,91.0,219866.01,2416.11,0
2026-05-18,SKU016,91.0,219866.01,2416.11,0
2026-05-19,SKU016,91.0,219866.01,2416.11,0
2026-05-20,SKU016,112.0,270604.32,2416.11,0
2026-05-21,SKU016,91.0,219866.01,2416.11,0
2026-05-22,SKU016,97.0,234362.67,2416.11,0
2026-05-23,SKU016,102.0,246443.22,2416.11,0
2026-05-24,SKU016,90.0,217449.9,2416.11,0
2026-05-25,SKU016,88.0,212617.68,2416.11,0
2026-05-26,SKU016,73.0,176376.03,2416.11,0
2026-05-27,SKU016,59.0,142550.49,2416.11,0
2026-05-28,SKU016,81.0,195704.91,2416.11,0
2026-05-29,SKU016,95.0,229530.45,2416.11,0
2026-05-30,SKU016,83.0,200537.13,2416.11,0
2026-05-31,SKU016,120.0,289933.2,2416.11,0
2026-06-01,SKU016,88.0,212617.68,2416.11,0
2026-06-02,SKU016,103.0,248859.33,2416.11,0
2026-06-03,SKU016,84.0,202953.24,2416.11,0
2026-06-04,SKU016,105.0,253691.55,2416.11,0
2026-06-05,SKU016,128.0,309262.08,2416.11,0
2026-06-06,SKU016,125.0,302013.75,2416.11,0
2026-06-07,SKU016,100.0,241611.0,2416.11,0
2026-06-08,SKU016,88.0,212617.68,2416.11,0
2026-06-09,SKU016,99.0,239194.89,2416.11,0
2026-06-10,SKU016,146.0,324531.9,2416.11,1
2026-06-11,SKU016,159.0,353428.57,2416.11,1
2026-06-12,SKU016,149.0,331200.36,2416.11,1
2026-06-13,SKU016,134.0,297858.04,2416.11,1
2026-06-14,SKU016,168.0,373433.96,2416.11,1
2026-06-15,SKU016,106.0,235619.05,2416.11,1
2026-06-16,SKU016,152.0,337868.82,2416.11,1
2026-06-17,SKU016,91.0,202276.73,2416.11,1
2026-06-18,SKU016,134.0,297858.04,2416.11,1
2026-06-19,SKU016,198.0,440118.6,2416.11,1
2026-06-20,SKU016,176.0,391216.53,2416.11,1
2026-06-21,SKU016,100.0,241611.0,2416.11,0
2026-06-22,SKU016,78.0,188456.58,2416.11,0
2026-06-23,SKU016,99.0,239194.89,2416.11,0
2026-06-24,SKU016,118.0,285100.98,2416.11,0
2026-06-25,SKU016,124.0,299597.64,2416.11,0
2026-06-26,SKU016,159.0,384161.49,2416.11,0
2026-06-27,SKU016,128.0,309262.08,2416.11,0
2026-06-28,SKU016,100.0,241611.0,2416.11,0
2026-06-29,SKU016,90.0,217449.9,2416.11,0
2026-06-30,SKU016,94.0,227114.34,2416.11,0
2025-04-15,SKU017,57.0,432819.24,7593.32,0
2025-04-16,SKU017,43.0,326512.76,7593.32,0
2025-04-17,SKU017,50.0,379666.0,7593.32,0
2025-04-18,SKU017,49.0,372072.68,7593.32,0
2025-04-19,SKU017,38.0,288546.16,7593.32,0
2025-04-20,SKU017,48.0,364479.36,7593.32,0
2025-04-21,SKU017,55.0,417632.6,7593.32,0
2025-04-22,SKU017,39.0,296139.48,7593.32,0
2025-04-23,SKU017,50.0,379666.0,7593.32,0
2025-04-24,SKU017,37.0,280952.84,7593.32,0
2025-04-25,SKU017,46.0,349292.72,7593.32,0
2025-04-26,SKU017,48.0,364479.36,7593.32,0
2025-04-27,SKU017,55.0,417632.6,7593.32,0
2025-04-28,SKU017,48.0,364479.36,7593.32,0
2025-04-29,SKU017,68.0,516345.76,7593.32,0
2025-04-30,SKU017,37.0,280952.84,7593.32,0
2025-05-01,SKU017,39.0,296139.48,7593.32,0
2025-05-02,SKU017,55.0,417632.6,7593.32,0
2025-05-03,SKU017,53.0,402445.96,7593.32,0
2025-05-04,SKU017,41.0,311326.12,7593.32,0
2025-05-05,SKU017,33.0,250579.56,7593.32,0
2025-05-06,SKU017,42.0,318919.44,7593.32,0
2025-05-07,SKU017,43.0,326512.76,7593.32,0
2025-05-08,SKU017,53.0,402445.96,7593.32,0
2025-05-09,SKU017,63.0,478379.16,7593.32,0
2025-05-10,SKU017,48.0,364479.36,7593.32,0
2025-05-11,SKU017,61.0,463192.52,7593.32,0
2025-05-12,SKU017,34.0,258172.88,7593.32,0
2025-05-13,SKU017,34.0,258172.88,7593.32,0
2025-05-14,SKU017,40.0,303732.8,7593.32,0
2025-05-15,SKU017,47.0,356886.04,7593.32,0
2025-05-16,SKU017,47.0,356886.04,7593.32,0
2025-05-17,SKU017,48.0,364479.36,7593.32,0
2025-05-18,SKU017,52.0,394852.64,7593.32,0
2025-05-19,SKU017,27.0,205019.64,7593.32,0
2025-05-20,SKU017,46.0,349292.72,7593.32,0
2025-05-21,SKU017,62.0,470785.84,7593.32,0
2025-05-22,SKU017,59.0,448005.88,7593.32,0
2025-05-23,SKU017,36.0,273359.52,7593.32,0
2025-05-24,SKU017,51.0,387259.32,7593.32,0
2025-05-25,SKU017,48.0,364479.36,7593.32,0
2025-05-26,SKU017,36.0,273359.52,7593.32,0
2025-05-27,SKU017,46.0,349292.72,7593.32,0
2025-05-28,SKU017,47.0,356886.04,7593.32,0
2025-05-29,SKU017,36.0,273359.52,7593.32,0
2025-05-30,SKU017,59.0,448005.88,7593.32,0
2025-05-31,SKU017,55.0,417632.6,7593.32,0
2025-06-01,SKU017,54.0,410039.28,7593.32,0
2025-06-02,SKU017,47.0,356886.04,7593.32,0
2025-06-03,SKU017,65.0,493565.8,7593.32,0
2025-06-04,SKU017,54.0,410039.28,7593.32,0
2025-06-05,SKU017,83.0,630245.56,7593.32,0
2025-06-06,SKU017,61.0,463192.52,7593.32,0
2025-06-07,SKU017,52.0,394852.64,7593.32,0
2025-06-08,SKU017,52.0,394852.64,7593.32,0
2025-06-09,SKU017,42.0,318919.44,7593.32,0
2025-06-10,SKU017,72.0,502981.52,7593.32,1
2025-06-11,SKU017,55.0,384221.99,7593.32,1
2025-06-12,SKU017,64.0,447094.68,7593.32,1
2025-06-13,SKU017,68.0,475038.1,7593.32,1
2025-06-14,SKU017,66.0,461066.39,7593.32,1
2025-06-15,SKU017,58.0,405179.56,7593.32,1
2025-06-16,SKU017,63.0,440108.83,7593.32,1
2025-06-17,SKU017,83.0,579825.92,7593.32,1
2025-06-18,SKU017,74.0,516953.23,7593.32,1
2025-06-19,SKU017,66.0,461066.39,7593.32,1
2025-06-20,SKU017,88.0,614755.19,7593.32,1
2025-06-21,SKU017,51.0,387259.32,7593.32,0
2025-06-22,SKU017,50.0,379666.0,7593.32,0
2025-06-23,SKU017,63.0,478379.16,7593.32,0
2025-06-24,SKU017,72.0,546719.04,7593.32,0
2025-06-25,SKU017,41.0,311326.12,7593.32,0
2025-06-26,SKU017,48.0,364479.36,7593.32,0
2025-06-27,SKU017,58.0,440412.56,7593.32,0
2025-06-28,SKU017,48.0,364479.36,7593.32,0
2025-06-29,SKU017,47.0,356886.04,7593.32,0
2025-06-30,SKU017,56.0,425225.92,7593.32,0
2025-07-01,SKU017,48.0,364479.36,7593.32,0
2025-07-02,SKU017,55.0,417632.6,7593.32,0
2025-07-03,SKU017,56.0,425225.92,7593.32,0
2025-07-04,SKU017,56.0,425225.92,7593.32,0
2025-07-05,SKU017,64.0,485972.48,7593.32,0
2025-07-06,SKU017,53.0,402445.96,7593.32,0
2025-07-07,SKU017,63.0,478379.16,7593.32,0
2025-07-08,SKU017,54.0,410039.28,7593.32,0
2025-07-09,SKU017,83.0,630245.56,7593.32,0
2025-07-10,SKU017,61.0,463192.52,7593.32,0
2025-07-11,SKU017,51.0,387259.32,7593.32,0
2025-07-12,SKU017,69.0,523939.08,7593.32,0
2025-07-13,SKU017,57.0,432819.24,7593.32,0
2025-07-14,SKU017,39.0,296139.48,7593.32,0
2025-07-15,SKU017,48.0,364479.36,7593.32,0
2025-07-16,SKU017,58.0,440412.56,7593.32,0
2025-07-17,SKU017,43.0,326512.76,7593.32,0
2025-07-18,SKU017,52.0,394852.64,7593.32,0
2025-07-19,SKU017,61.0,463192.52,7593.32,0
2025-07-20,SKU017,61.0,463192.52,7593.32,0
2025-07-21,SKU017,33.0,250579.56,7593.32,0
2025-07-22,SKU017,44.0,334106.08,7593.32,0
2025-07-23,SKU017,61.0,463192.52,7593.32,0
2025-07-24,SKU017,57.0,432819.24,7593.32,0
2025-07-25,SKU017,71.0,539125.72,7593.32,0
2025-07-26,SKU017,68.0,516345.76,7593.32,0
2025-07-27,SKU017,43.0,326512.76,7593.32,0
2025-07-28,SKU017,34.0,258172.88,7593.32,0
2025-07-29,SKU017,53.0,402445.96,7593.32,0
2025-07-30,SKU017,59.0,448005.88,7593.32,0
2025-07-31,SKU017,63.0,478379.16,7593.32,0
2025-08-01,SKU017,57.0,432819.24,7593.32,0
2025-08-02,SKU017,62.0,470785.84,7593.32,0
2025-08-03,SKU017,62.0,470785.84,7593.32,0
2025-08-04,SKU017,55.0,417632.6,7593.32,0
2025-08-05,SKU017,46.0,349292.72,7593.32,0
2025-08-06,SKU017,62.0,470785.84,7593.32,0
2025-08-07,SKU017,72.0,546719.04,7593.32,0
2025-08-08,SKU017,73.0,554312.36,7593.32,0
2025-08-09,SKU017,62.0,470785.84,7593.32,0
2025-08-10,SKU017,35.0,265766.2,7593.32,0
2025-08-11,SKU017,51.0,387259.32,7593.32,0
2025-08-12,SKU017,53.0,402445.96,7593.32,0
2025-08-13,SKU017,41.0,311326.12,7593.32,0
2025-08-14,SKU017,38.0,288546.16,7593.32,0
2025-08-15,SKU017,60.0,455599.2,7593.32,0
2025-08-16,SKU017,70.0,531532.4,7593.32,0
2025-08-17,SKU017,62.0,470785.84,7593.32,0
2025-08-18,SKU017,32.0,242986.24,7593.32,0
2025-08-19,SKU017,43.0,326512.76,7593.32,0
2025-08-20,SKU017,69.0,523939.08,7593.32,0
2025-08-21,SKU017,47.0,356886.04,7593.32,0
2025-08-22,SKU017,63.0,478379.16,7593.32,0
2025-08-23,SKU017,54.0,410039.28,7593.32,0
2025-08-24,SKU017,56.0,425225.92,7593.32,0
2025-08-25,SKU017,44.0,334106.08,7593.32,0
2025-08-26,SKU017,59.0,448005.88,7593.32,0
2025-08-27,SKU017,45.0,341699.4,7593.32,0
2025-08-28,SKU017,47.0,356886.04,7593.32,0
2025-08-29,SKU017,74.0,561905.68,7593.32,0
2025-08-30,SKU017,64.0,485972.48,7593.32,0
2025-08-31,SKU017,76.0,577092.32,7593.32,0
2025-09-01,SKU017,40.0,303732.8,7593.32,0
2025-09-02,SKU017,45.0,341699.4,7593.32,0
2025-09-03,SKU017,43.0,326512.76,7593.32,0
2025-09-04,SKU017,50.0,379666.0,7593.32,0
2025-09-05,SKU017,50.0,379666.0,7593.32,0
2025-09-06,SKU017,59.0,448005.88,7593.32,0
2025-09-07,SKU017,36.0,273359.52,7593.32,0
2025-09-08,SKU017,46.0,349292.72,7593.32,0
2025-09-09,SKU017,32.0,242986.24,7593.32,0
2025-09-10,SKU017,63.0,478379.16,7593.32,0
2025-09-11,SKU017,36.0,273359.52,7593.32,0
2025-09-12,SKU017,56.0,425225.92,7593.32,0
2025-09-13,SKU017,57.0,432819.24,7593.32,0
2025-09-14,SKU017,40.0,303732.8,7593.32,0
2025-09-15,SKU017,28.0,212612.96,7593.32,0
2025-09-16,SKU017,40.0,303732.8,7593.32,0
2025-09-17,SKU017,54.0,410039.28,7593.32,0
2025-09-18,SKU017,51.0,387259.32,7593.32,0
2025-09-19,SKU017,51.0,387259.32,7593.32,0
2025-09-20,SKU017,46.0,349292.72,7593.32,0
2025-09-21,SKU017,63.0,478379.16,7593.32,0
2025-09-22,SKU017,45.0,341699.4,7593.32,0
2025-09-23,SKU017,46.0,349292.72,7593.32,0
2025-09-24,SKU017,45.0,341699.4,7593.32,0
2025-09-25,SKU017,44.0,334106.08,7593.32,0
2025-09-26,SKU017,51.0,387259.32,7593.32,0
2025-09-27,SKU017,47.0,356886.04,7593.32,0
2025-09-28,SKU017,46.0,349292.72,7593.32,0
2025-09-29,SKU017,40.0,303732.8,7593.32,0
2025-09-30,SKU017,35.0,265766.2,7593.32,0
2025-10-01,SKU017,62.0,433122.97,7593.32,1
2025-10-02,SKU017,76.0,530924.93,,1
2025-10-03,SKU017,72.0,502981.52,7593.32,1
2025-10-04,SKU017,82.0,572840.06,7593.32,1
2025-10-05,SKU017,45.0,314363.45,7593.32,1
2025-10-06,SKU017,47.0,328335.16,7593.32,1
2025-10-07,SKU017,63.0,440108.83,7593.32,1
2025-10-08,SKU017,73.0,509967.37,7593.32,1
2025-10-09,SKU017,76.0,530924.93,7593.32,1
2025-10-10,SKU017,68.0,475038.1,7593.32,1
2025-10-11,SKU017,63.0,478379.16,7593.32,0
2025-10-12,SKU017,40.0,303732.8,7593.32,0
2025-10-13,SKU017,61.0,463192.52,7593.32,0
2025-10-14,SKU017,60.0,455599.2,7593.32,0
2025-10-15,SKU017,59.0,448005.88,7593.32,0
2025-10-16,SKU017,71.0,539125.72,7593.32,0
2025-10-17,SKU017,57.0,432819.24,7593.32,0
2025-10-18,SKU017,52.0,394852.64,7593.32,0
2025-10-19,SKU017,47.0,356886.04,7593.32,0
2025-10-20,SKU017,40.0,303732.8,7593.32,0
2025-10-21,SKU017,50.0,379666.0,7593.32,0
2025-10-22,SKU017,55.0,417632.6,7593.32,0
2025-10-23,SKU017,64.0,485972.48,7593.32,0
2025-10-24,SKU017,45.0,341699.4,7593.32,0
2025-10-25,SKU017,39.0,296139.48,7593.32,0
2025-10-26,SKU017,48.0,364479.36,7593.32,0
2025-10-27,SKU017,47.0,356886.04,7593.32,0
2025-10-28,SKU017,49.0,372072.68,7593.32,0
2025-10-29,SKU017,54.0,410039.28,7593.32,0
2025-10-30,SKU017,43.0,326512.76,7593.32,0
2025-10-31,SKU017,54.0,410039.28,7593.32,0
2025-11-01,SKU017,84.0,637838.88,7593.32,0
2025-11-02,SKU017,57.0,432819.24,7593.32,0
2025-11-03,SKU017,46.0,349292.72,7593.32,0
2025-11-04,SKU017,66.0,501159.12,7593.32,0
2025-11-05,SKU017,40.0,303732.8,7593.32,0
2025-11-06,SKU017,62.0,470785.84,7593.32,0
2025-11-07,SKU017,62.0,470785.84,7593.32,0
2025-11-08,SKU017,72.0,546719.04,7593.32,0
2025-11-09,SKU017,61.0,463192.52,7593.32,0
2025-11-10,SKU017,35.0,265766.2,7593.32,0
2025-11-11,SKU017,62.0,470785.84,7593.32,0
2025-11-12,SKU017,55.0,417632.6,7593.32,0
2025-11-13,SKU017,48.0,364479.36,7593.32,0
2025-11-14,SKU017,52.0,394852.64,7593.32,0
2025-11-15,SKU017,50.0,379666.0,7593.32,0
2025-11-16,SKU017,62.0,470785.84,7593.32,0
2025-11-17,SKU017,46.0,349292.72,7593.32,0
2025-11-18,SKU017,36.0,273359.52,7593.32,0
2025-11-19,SKU017,40.0,303732.8,7593.32,0
2025-11-20,SKU017,57.0,398193.7,7593.32,1
2025-11-21,SKU017,60.0,419151.26,7593.32,1
2025-11-22,SKU017,73.0,509967.37,7593.32,1
2025-11-23,SKU017,77.0,537910.79,7593.32,1
2025-11-24,SKU017,57.0,398193.7,7593.32,1
2025-11-25,SKU017,77.0,537910.79,7593.32,1
2025-11-26,SKU017,67.0,468052.24,7593.32,1
2025-11-27,SKU017,51.0,356278.57,7593.32,1
2025-11-28,SKU017,63.0,440108.83,7593.32,1
2025-11-29,SKU017,77.0,537910.79,7593.32,1
2025-11-30,SKU017,55.0,384221.99,7593.32,1
2025-12-01,SKU017,36.0,273359.52,7593.32,0
2025-12-02,SKU017,75.0,569499.0,7593.32,0
2025-12-03,SKU017,44.0,334106.08,7593.32,0
2025-12-04,SKU017,55.0,417632.6,7593.32,0
2025-12-05,SKU017,69.0,523939.08,7593.32,0
2025-12-06,SKU017,72.0,546719.04,7593.32,0
2025-12-07,SKU017,40.0,303732.8,7593.32,0
2025-12-08,SKU017,39.0,296139.48,7593.32,0
2025-12-09,SKU017,65.0,493565.8,7593.32,0
2025-12-10,SKU017,44.0,334106.08,7593.32,0
2025-12-11,SKU017,53.0,402445.96,7593.32,0
2025-12-12,SKU017,67.0,508752.44,7593.32,0
2025-12-13,SKU017,67.0,508752.44,7593.32,0
2025-12-14,SKU017,54.0,410039.28,7593.32,0
2025-12-15,SKU017,87.0,607769.33,7593.32,1
2025-12-16,SKU017,66.0,461066.39,7593.32,1
2025-12-17,SKU017,75.0,523939.08,7593.32,1
2025-12-18,SKU017,59.0,412165.41,7593.32,1
2025-12-19,SKU017,85.0,593797.62,7593.32,1
2025-12-20,SKU017,98.0,684613.73,7593.32,1
2025-12-21,SKU017,74.0,516953.23,7593.32,1
2025-12-22,SKU017,89.0,621741.04,7593.32,1
2025-12-23,SKU017,75.0,523939.08,7593.32,1
2025-12-24,SKU017,79.0,551882.5,7593.32,1
2025-12-25,SKU017,51.0,356278.57,7593.32,1
2025-12-26,SKU017,64.0,447094.68,7593.32,1
2025-12-27,SKU017,101.0,705571.29,7593.32,1
2025-12-28,SKU017,100.0,698585.44,7593.32,1
2025-12-29,SKU017,70.0,489009.81,7593.32,1
2025-12-30,SKU017,59.0,412165.41,7593.32,1
2025-12-31,SKU017,88.0,614755.19,7593.32,1
2026-01-01,SKU017,41.0,311326.12,7593.32,0
2026-01-02,SKU017,72.0,546719.04,7593.32,0
2026-01-03,SKU017,44.0,334106.08,7593.32,0
2026-01-04,SKU017,59.0,448005.88,7593.32,0
2026-01-05,SKU017,65.0,493565.8,7593.32,0
2026-01-06,SKU017,57.0,432819.24,7593.32,0
2026-01-07,SKU017,61.0,463192.52,7593.32,0
2026-01-08,SKU017,61.0,463192.52,7593.32,0
2026-01-09,SKU017,67.0,508752.44,7593.32,0
2026-01-10,SKU017,65.0,493565.8,7593.32,0
2026-01-11,SKU017,70.0,531532.4,7593.32,0
2026-01-12,SKU017,53.0,402445.96,7593.32,0
2026-01-13,SKU017,59.0,448005.88,7593.32,0
2026-01-14,SKU017,61.0,463192.52,7593.32,0
2026-01-15,SKU017,47.0,356886.04,7593.32,0
2026-01-16,SKU017,63.0,478379.16,7593.32,0
2026-01-17,SKU017,73.0,554312.36,7593.32,0
2026-01-18,SKU017,55.0,417632.6,7593.32,0
2026-01-19,SKU017,43.0,326512.76,7593.32,0
2026-01-20,SKU017,57.0,432819.24,7593.32,0
2026-01-21,SKU017,51.0,387259.32,7593.32,0
2026-01-22,SKU017,69.0,523939.08,7593.32,0
2026-01-23,SKU017,74.0,561905.68,7593.32,0
2026-01-24,SKU017,60.0,455599.2,7593.32,0
2026-01-25,SKU017,55.0,417632.6,7593.32,0
2026-01-26,SKU017,69.0,523939.08,7593.32,0
2026-01-27,SKU017,42.0,318919.44,7593.32,0
2026-01-28,SKU017,70.0,531532.4,7593.32,0
2026-01-29,SKU017,61.0,463192.52,7593.32,0
2026-01-30,SKU017,61.0,463192.52,7593.32,0
2026-01-31,SKU017,71.0,539125.72,7593.32,0
2026-02-01,SKU017,62.0,470785.84,7593.32,0
2026-02-02,SKU017,48.0,364479.36,7593.32,0
2026-02-03,SKU017,60.0,455599.2,7593.32,0
2026-02-04,SKU017,67.0,508752.44,7593.32,0
2026-02-05,SKU017,62.0,470785.84,7593.32,0
2026-02-06,SKU017,78.0,592278.96,7593.32,0
2026-02-07,SKU017,103.0,782111.96,7593.32,0
2026-02-08,SKU017,58.0,440412.56,7593.32,0
2026-02-09,SKU017,48.0,364479.36,7593.32,0
2026-02-10,SKU017,49.0,372072.68,7593.32,0
2026-02-11,SKU017,61.0,463192.52,7593.32,0
2026-02-12,SKU017,74.0,561905.68,7593.32,0
2026-02-13,SKU017,55.0,417632.6,7593.32,0
2026-02-14,SKU017,64.0,485972.48,7593.32,0
2026-02-15,SKU017,44.0,334106.08,7593.32,0
2026-02-16,SKU017,55.0,417632.6,7593.32,0
2026-02-17,SKU017,70.0,531532.4,7593.32,0
2026-02-18,SKU017,75.0,569499.0,7593.32,0
2026-02-19,SKU017,58.0,440412.56,7593.32,0
2026-02-20,SKU017,66.0,501159.12,7593.32,0
2026-02-21,SKU017,63.0,478379.16,7593.32,0
2026-02-22,SKU017,43.0,326512.76,7593.32,0
2026-02-23,SKU017,52.0,394852.64,7593.32,0
2026-02-24,SKU017,60.0,455599.2,7593.32,0
2026-02-25,SKU017,38.0,288546.16,7593.32,0
2026-02-26,SKU017,67.0,508752.44,7593.32,0
2026-02-27,SKU017,61.0,463192.52,7593.32,0
2026-02-28,SKU017,76.0,577092.32,7593.32,0
2026-03-01,SKU017,45.0,341699.4,7593.32,0
2026-03-02,SKU017,54.0,410039.28,7593.32,0
2026-03-03,SKU017,63.0,478379.16,7593.32,0
2026-03-04,SKU017,50.0,379666.0,7593.32,0
2026-03-05,SKU017,41.0,311326.12,7593.32,0
2026-03-06,SKU017,54.0,410039.28,7593.32,0
2026-03-07,SKU017,47.0,356886.04,7593.32,0
2026-03-08,SKU017,49.0,372072.68,7593.32,0
2026-03-09,SKU017,75.0,569499.0,7593.32,0
2026-03-10,SKU017,50.0,379666.0,7593.32,0
2026-03-11,SKU017,44.0,334106.08,7593.32,0
2026-03-12,SKU017,42.0,318919.44,7593.32,0
2026-03-13,SKU017,67.0,508752.44,7593.32,0
2026-03-14,SKU017,71.0,539125.72,7593.32,0
2026-03-15,SKU017,77.0,537910.79,7593.32,1
2026-03-16,SKU017,60.0,419151.26,7593.32,1
2026-03-17,SKU017,63.0,440108.83,7593.32,1
2026-03-18,SKU017,58.0,405179.56,7593.32,1
2026-03-19,SKU017,85.0,593797.62,7593.32,1
2026-03-20,SKU017,83.0,579825.92,7593.32,1
2026-03-21,SKU017,100.0,698585.44,7593.32,1
2026-03-22,SKU017,76.0,530924.93,7593.32,1
2026-03-23,SKU017,54.0,377236.14,7593.32,1
2026-03-24,SKU017,77.0,537910.79,7593.32,1
2026-03-25,SKU017,62.0,433122.97,7593.32,1
2026-03-26,SKU017,46.0,349292.72,7593.32,0
2026-03-27,SKU017,56.0,425225.92,7593.32,0
2026-03-28,SKU017,60.0,455599.2,7593.32,0
2026-03-29,SKU017,49.0,372072.68,7593.32,0
2026-03-30,SKU017,45.0,341699.4,7593.32,0
2026-03-31,SKU017,52.0,394852.64,7593.32,0
2026-04-01,SKU017,62.0,470785.84,7593.32,0
2026-04-02,SKU017,34.0,258172.88,7593.32,0
2026-04-03,SKU017,68.0,516345.76,7593.32,0
2026-04-04,SKU017,61.0,463192.52,,0
2026-04-05,SKU017,48.0,364479.36,7593.32,0
2026-04-06,SKU017,38.0,288546.16,7593.32,0
2026-04-07,SKU017,44.0,334106.08,7593.32,0
2026-04-08,SKU017,49.0,372072.68,7593.32,0
2026-04-09,SKU017,57.0,432819.24,7593.32,0
2026-04-10,SKU017,64.0,485972.48,7593.32,0
2026-04-11,SKU017,41.0,311326.12,7593.32,0
2026-04-12,SKU017,70.0,531532.4,7593.32,0
2026-04-13,SKU017,49.0,372072.68,7593.32,0
2026-04-14,SKU017,46.0,349292.72,7593.32,0
2026-04-15,SKU017,45.0,341699.4,7593.32,0
2026-04-16,SKU017,54.0,410039.28,7593.32,0
2026-04-17,SKU017,59.0,448005.88,7593.32,0
2026-04-18,SKU017,47.0,356886.04,7593.32,0
2026-04-19,SKU017,53.0,402445.96,7593.32,0
2026-04-20,SKU017,35.0,265766.2,7593.32,0
2026-04-21,SKU017,50.0,379666.0,7593.32,0
2026-04-22,SKU017,50.0,379666.0,7593.32,0
2026-04-23,SKU017,55.0,417632.6,7593.32,0
2026-04-24,SKU017,67.0,508752.44,7593.32,0
2026-04-25,SKU017,58.0,440412.56,7593.32,0
2026-04-26,SKU017,52.0,394852.64,7593.32,0
2026-04-27,SKU017,53.0,402445.96,7593.32,0
2026-04-28,SKU017,52.0,394852.64,7593.32,0
2026-04-29,SKU017,61.0,463192.52,7593.32,0
2026-04-30,SKU017,39.0,296139.48,7593.32,0
2026-05-01,SKU017,76.0,577092.32,7593.32,0
2026-05-02,SKU017,52.0,394852.64,7593.32,0
2026-05-03,SKU017,61.0,463192.52,7593.32,0
2026-05-04,SKU017,52.0,394852.64,7593.32,0
2026-05-05,SKU017,65.0,493565.8,7593.32,0
2026-05-06,SKU017,43.0,326512.76,7593.32,0
2026-05-07,SKU017,55.0,417632.6,7593.32,0
2026-05-08,SKU017,62.0,470785.84,7593.32,0
2026-05-09,SKU017,61.0,463192.52,7593.32,0
2026-05-10,SKU017,39.0,296139.48,7593.32,0
2026-05-11,SKU017,51.0,387259.32,7593.32,0
2026-05-12,SKU017,63.0,478379.16,7593.32,0
2026-05-13,SKU017,47.0,356886.04,7593.32,0
2026-05-14,SKU017,54.0,410039.28,7593.32,0
2026-05-15,SKU017,63.0,478379.16,7593.32,0
2026-05-16,SKU017,59.0,448005.88,7593.32,0
2026-05-17,SKU017,43.0,326512.76,7593.32,0
2026-05-18,SKU017,45.0,341699.4,7593.32,0
2026-05-19,SKU017,36.0,273359.52,7593.32,0
2026-05-20,SKU017,53.0,402445.96,7593.32,0
2026-05-21,SKU017,72.0,546719.04,7593.32,0
2026-05-22,SKU017,56.0,425225.92,7593.32,0
2026-05-23,SKU017,49.0,372072.68,7593.32,0
2026-05-24,SKU017,52.0,394852.64,7593.32,0
2026-05-25,SKU017,41.0,311326.12,7593.32,0
2026-05-26,SKU017,76.0,577092.32,7593.32,0
2026-05-27,SKU017,52.0,394852.64,7593.32,0
2026-05-28,SKU017,54.0,410039.28,7593.32,0
2026-05-29,SKU017,71.0,539125.72,7593.32,0
2026-05-30,SKU017,74.0,561905.68,7593.32,0
2026-05-31,SKU017,40.0,303732.8,7593.32,0
2026-06-01,SKU017,58.0,440412.56,7593.32,0
2026-06-02,SKU017,77.0,584685.64,7593.32,0
2026-06-03,SKU017,38.0,288546.16,7593.32,0
2026-06-04,SKU017,47.0,356886.04,7593.32,0
2026-06-05,SKU017,77.0,584685.64,7593.32,0
2026-06-06,SKU017,58.0,440412.56,7593.32,0
2026-06-07,SKU017,54.0,410039.28,7593.32,0
2026-06-08,SKU017,39.0,296139.48,7593.32,0
2026-06-09,SKU017,74.0,561905.68,7593.32,0
2026-06-10,SKU017,65.0,454080.54,7593.32,1
2026-06-11,SKU017,80.0,558868.35,7593.32,1
2026-06-12,SKU017,82.0,572840.06,7593.32,1
2026-06-13,SKU017,90.0,628726.9,7593.32,1
2026-06-14,SKU017,73.0,509967.37,7593.32,1
2026-06-15,SKU017,67.0,468052.24,7593.32,1
2026-06-16,SKU017,91.0,635712.75,7593.32,1
2026-06-17,SKU017,73.0,509967.37,7593.32,1
2026-06-18,SKU017,75.0,523939.08,7593.32,1
2026-06-19,SKU017,91.0,635712.75,7593.32,1
2026-06-20,SKU017,84.0,586811.77,7593.32,1
2026-06-21,SKU017,76.0,577092.32,7593.32,0
2026-06-22,SKU017,50.0,379666.0,7593.32,0
2026-06-23,SKU017,68.0,516345.76,7593.32,0
2026-06-24,SKU017,50.0,379666.0,7593.32,0
2026-06-25,SKU017,83.0,630245.56,7593.32,0
2026-06-26,SKU017,83.0,630245.56,7593.32,0
2026-06-27,SKU017,80.0,607465.6,7593.32,0
2026-06-28,SKU017,57.0,432819.24,7593.32,0
2026-06-29,SKU017,46.0,349292.72,7593.32,0
2026-06-30,SKU017,59.0,448005.88,7593.32,0
2025-01-01,SKU018,59.0,205066.3,3475.7,0
2025-01-02,SKU018,63.0,218969.1,3475.7,0
2025-01-03,SKU018,93.0,323240.1,3475.7,0
2025-01-04,SKU018,105.0,364948.5,3475.7,0
2025-01-05,SKU018,84.0,291958.8,3475.7,0
2025-01-06,SKU018,56.0,194639.2,3475.7,0
2025-01-07,SKU018,71.0,246774.7,3475.7,0
2025-01-08,SKU018,74.0,257201.8,3475.7,0
2025-01-09,SKU018,63.0,218969.1,3475.7,0
2025-01-10,SKU018,95.0,303776.18,3475.7,1
2025-01-11,SKU018,110.0,351740.84,3475.7,1
2025-01-12,SKU018,102.0,326159.69,3475.7,1
2025-01-13,SKU018,81.0,259009.16,3475.7,1
2025-01-14,SKU018,113.0,361333.77,3475.7,1
2025-01-15,SKU018,108.0,345345.55,3475.7,1
2025-01-16,SKU018,74.0,257201.8,3475.7,0
2025-01-17,SKU018,99.0,344094.3,3475.7,0
2025-01-18,SKU018,82.0,285007.4,3475.7,0
2025-01-19,SKU018,75.0,260677.5,3475.7,0
2025-01-20,SKU018,78.0,271104.6,3475.7,0
2025-01-21,SKU018,67.0,232871.9,3475.7,0
2025-01-22,SKU018,91.0,316288.7,3475.7,0
2025-01-23,SKU018,66.0,229396.2,3475.7,0
2025-01-24,SKU018,66.0,229396.2,3475.7,0
2025-01-25,SKU018,86.0,298910.2,3475.7,0
2025-01-26,SKU018,91.0,316288.7,3475.7,0
2025-01-27,SKU018,51.0,177260.7,3475.7,0
2025-01-28,SKU018,66.0,229396.2,3475.7,0
2025-01-29,SKU018,78.0,271104.6,3475.7,0
2025-01-30,SKU018,99.0,344094.3,3475.7,0
2025-01-31,SKU018,68.0,236347.6,3475.7,0
2025-02-01,SKU018,82.0,285007.4,3475.7,0
2025-02-02,SKU018,84.0,291958.8,3475.7,0
2025-02-03,SKU018,65.0,225920.5,3475.7,0
2025-02-04,SKU018,80.0,278056.0,3475.7,0
2025-02-05,SKU018,78.0,271104.6,3475.7,0
2025-02-06,SKU018,77.0,267628.9,3475.7,0
2025-02-07,SKU018,82.0,285007.4,3475.7,0
2025-02-08,SKU018,77.0,267628.9,3475.7,0
2025-02-09,SKU018,68.0,236347.6,3475.7,0
2025-02-10,SKU018,55.0,191163.5,3475.7,0
2025-02-11,SKU018,75.0,260677.5,3475.7,0
2025-02-12,SKU018,86.0,298910.2,3475.7,0
2025-02-13,SKU018,95.0,330191.5,3475.7,0
2025-02-14,SKU018,111.0,385802.7,3475.7,0
2025-02-15,SKU018,86.0,298910.2,3475.7,0
2025-02-16,SKU018,87.0,302385.9,3475.7,0
2025-02-17,SKU018,70.0,243299.0,3475.7,0
2025-02-18,SKU018,67.0,232871.9,3475.7,0
2025-02-19,SKU018,75.0,260677.5,3475.7,0
2025-02-20,SKU018,61.0,212017.7,3475.7,0
2025-02-21,SKU018,89.0,309337.3,3475.7,0
2025-02-22,SKU018,87.0,302385.9,3475.7,0
2025-02-23,SKU018,73.0,253726.1,3475.7,0
2025-02-24,SKU018,89.0,309337.3,3475.7,0
2025-02-25,SKU018,90.0,312813.0,3475.7,0
2025-02-26,SKU018,86.0,298910.2,3475.7,0
2025-02-27,SKU018,46.0,159882.2,3475.7,0
2025-02-28,SKU018,69.0,239823.3,3475.7,0
2025-03-01,SKU018,76.0,264153.2,3475.7,0
2025-03-02,SKU018,91.0,316288.7,3475.7,0
2025-03-03,SKU018,76.0,264153.2,3475.7,0
2025-03-04,SKU018,70.0,243299.0,3475.7,0
2025-03-05,SKU018,78.0,271104.6,3475.7,0
2025-03-06,SKU018,54.0,187687.8,3475.7,0
2025-03-07,SKU018,77.0,267628.9,3475.7,0
2025-03-08,SKU018,86.0,298910.2,3475.7,0
2025-03-09,SKU018,52.0,180736.4,3475.7,0
2025-03-10,SKU018,50.0,173785.0,3475.7,0
2025-03-11,SKU018,63.0,218969.1,3475.7,0
2025-03-12,SKU018,77.0,267628.9,3475.7,0
2025-03-13,SKU018,88.0,305861.6,3475.7,0
2025-03-14,SKU018,89.0,309337.3,3475.7,0
2025-03-15,SKU018,92.0,319764.4,3475.7,0
2025-03-16,SKU018,74.0,257201.8,3475.7,0
2025-03-17,SKU018,57.0,198114.9,3475.7,0
2025-03-18,SKU018,72.0,250250.4,3475.7,0
2025-03-19,SKU018,81.0,281531.7,3475.7,0
2025-03-20,SKU018,103.0,329357.33,3475.7,1
2025-03-21,SKU018,101.0,322962.04,3475.7,1
2025-03-22,SKU018,125.0,399705.5,3475.7,1
2025-03-23,SKU018,75.0,239823.3,3475.7,1
2025-03-24,SKU018,76.0,243020.94,3475.7,1
2025-03-25,SKU018,103.0,329357.33,3475.7,1
2025-03-26,SKU018,86.0,274997.38,3475.7,1
2025-03-27,SKU018,105.0,335752.62,3475.7,1
2025-03-28,SKU018,94.0,326715.8,3475.7,0
2025-03-29,SKU018,90.0,312813.0,3475.7,0
2025-03-30,SKU018,83.0,288483.1,3475.7,0
2025-03-31,SKU018,57.0,198114.9,3475.7,0
2025-04-01,SKU018,64.0,222444.8,3475.7,0
2025-04-02,SKU018,73.0,253726.1,3475.7,0
2025-04-03,SKU018,58.0,201590.6,3475.7,0
2025-04-04,SKU018,59.0,205066.3,3475.7,0
2025-04-05,SKU018,77.0,267628.9,3475.7,0
2025-04-06,SKU018,59.0,205066.3,3475.7,0
2025-04-07,SKU018,47.0,163357.9,3475.7,0
2025-04-08,SKU018,51.0,177260.7,3475.7,0
2025-04-09,SKU018,84.0,291958.8,3475.7,0
2025-04-10,SKU018,81.0,281531.7,3475.7,0
2025-04-11,SKU018,84.0,291958.8,3475.7,0
2025-04-12,SKU018,72.0,250250.4,3475.7,0
2025-04-13,SKU018,71.0,246774.7,3475.7,0
2025-04-14,SKU018,68.0,236347.6,3475.7,0
2025-04-15,SKU018,71.0,246774.7,3475.7,0
2025-04-16,SKU018,83.0,288483.1,3475.7,0
2025-04-17,SKU018,63.0,218969.1,3475.7,0
2025-04-18,SKU018,99.0,344094.3,3475.7,0
2025-04-19,SKU018,90.0,312813.0,3475.7,0
2025-04-20,SKU018,56.0,194639.2,3475.7,0
2025-04-21,SKU018,69.0,239823.3,3475.7,0
2025-04-22,SKU018,55.0,191163.5,3475.7,0
2025-04-23,SKU018,70.0,243299.0,3475.7,0
2025-04-24,SKU018,72.0,250250.4,3475.7,0
2025-04-25,SKU018,59.0,205066.3,3475.7,0
2025-04-26,SKU018,78.0,271104.6,3475.7,0
2025-04-27,SKU018,75.0,260677.5,3475.7,0
2025-04-28,SKU018,55.0,191163.5,3475.7,0
2025-04-29,SKU018,80.0,278056.0,3475.7,0
2025-04-30,SKU018,77.0,267628.9,3475.7,0
2025-05-01,SKU018,61.0,212017.7,3475.7,0
2025-05-02,SKU018,96.0,333667.2,3475.7,0
2025-05-03,SKU018,106.0,368424.2,3475.7,0
2025-05-04,SKU018,69.0,239823.3,3475.7,0
2025-05-05,SKU018,45.0,156406.5,3475.7,0
2025-05-06,SKU018,72.0,250250.4,3475.7,0
2025-05-07,SKU018,84.0,291958.8,3475.7,0
2025-05-08,SKU018,62.0,215493.4,3475.7,0
2025-05-09,SKU018,76.0,264153.2,3475.7,0
2025-05-10,SKU018,77.0,267628.9,3475.7,0
2025-05-11,SKU018,70.0,243299.0,3475.7,0
2025-05-12,SKU018,49.0,170309.3,3475.7,0
2025-05-13,SKU018,64.0,222444.8,3475.7,0
2025-05-14,SKU018,73.0,253726.1,3475.7,0
2025-05-15,SKU018,68.0,236347.6,3475.7,0
2025-05-16,SKU018,84.0,291958.8,3475.7,0
2025-05-17,SKU018,75.0,260677.5,3475.7,0
2025-05-18,SKU018,70.0,243299.0,3475.7,0
2025-05-19,SKU018,54.0,187687.8,3475.7,0
2025-05-20,SKU018,63.0,218969.1,3475.7,0
2025-05-21,SKU018,68.0,236347.6,3475.7,0
2025-05-22,SKU018,53.0,184212.1,3475.7,0
2025-05-23,SKU018,68.0,236347.6,3475.7,0
2025-05-24,SKU018,91.0,316288.7,3475.7,0
2025-05-25,SKU018,79.0,274580.3,3475.7,0
2025-05-26,SKU018,54.0,187687.8,3475.7,0
2025-05-27,SKU018,72.0,250250.4,3475.7,0
2025-05-28,SKU018,70.0,243299.0,3475.7,0
2025-05-29,SKU018,58.0,201590.6,3475.7,0
2025-05-30,SKU018,80.0,278056.0,3475.7,0
2025-05-31,SKU018,83.0,288483.1,3475.7,0
2025-06-01,SKU018,63.0,218969.1,3475.7,0
2025-06-02,SKU018,110.0,382327.0,3475.7,0
2025-06-03,SKU018,70.0,243299.0,3475.7,0
2025-06-04,SKU018,65.0,225920.5,3475.7,0
2025-06-05,SKU018,88.0,305861.6,3475.7,0
2025-06-06,SKU018,109.0,378851.3,3475.7,0
2025-06-07,SKU018,90.0,312813.0,3475.7,0
2025-06-08,SKU018,96.0,333667.2,3475.7,0
2025-06-09,SKU018,82.0,285007.4,3475.7,0
2025-06-10,SKU018,109.0,348543.2,3475.7,1
2025-06-11,SKU018,140.0,447670.16,3475.7,1
2025-06-12,SKU018,129.0,412496.08,3475.7,1
2025-06-13,SKU018,110.0,351740.84,3475.7,1
2025-06-14,SKU018,118.0,377321.99,3475.7,1
2025-06-15,SKU018,87.0,278195.03,3475.7,1
2025-06-16,SKU018,92.0,294183.25,3475.7,1
2025-06-17,SKU018,136.0,434879.58,3475.7,1
2025-06-18,SKU018,108.0,345345.55,3475.7,1
2025-06-19,SKU018,81.0,259009.16,3475.7,1
2025-06-20,SKU018,147.0,470053.67,3475.7,1
2025-06-21,SKU018,,337142.9,3475.7,0
2025-06-22,SKU018,66.0,229396.2,3475.7,0
2025-06-23,SKU018,82.0,285007.4,3475.7,0
2025-06-24,SKU018,88.0,305861.6,3475.7,0
2025-06-25,SKU018,92.0,319764.4,3475.7,0
2025-06-26,SKU018,71.0,246774.7,3475.7,0
2025-06-27,SKU018,94.0,326715.8,3475.7,0
2025-06-28,SKU018,98.0,340618.6,3475.7,0
2025-06-29,SKU018,81.0,281531.7,3475.7,0
2025-06-30,SKU018,72.0,250250.4,3475.7,0
2025-07-01,SKU018,42.0,145979.4,3475.7,0
2025-07-02,SKU018,65.0,225920.5,3475.7,0
2025-07-03,SKU018,89.0,309337.3,3475.7,0
2025-07-04,SKU018,94.0,326715.8,3475.7,0
2025-07-05,SKU018,94.0,326715.8,3475.7,0
2025-07-06,SKU018,70.0,243299.0,3475.7,0
2025-07-07,SKU018,72.0,250250.4,3475.7,0
2025-07-08,SKU018,89.0,309337.3,3475.7,0
2025-07-09,SKU018,66.0,229396.2,3475.7,0
2025-07-10,SKU018,60.0,208542.0,3475.7,0
2025-07-11,SKU018,80.0,278056.0,3475.7,0
2025-07-12,SKU018,89.0,309337.3,3475.7,0
2025-07-13,SKU018,66.0,229396.2,3475.7,0
2025-07-14,SKU018,63.0,218969.1,,0
2025-07-15,SKU018,72.0,250250.4,3475.7,0
2025-07-16,SKU018,70.0,243299.0,3475.7,0
2025-07-17,SKU018,93.0,323240.1,3475.7,0
2025-07-18,SKU018,85.0,295434.5,3475.7,0
2025-07-19,SKU018,125.0,434462.5,3475.7,0
2025-07-20,SKU018,60.0,208542.0,3475.7,0
2025-07-21,SKU018,65.0,225920.5,3475.7,0
2025-07-22,SKU018,68.0,236347.6,3475.7,0
2025-07-23,SKU018,70.0,243299.0,3475.7,0
2025-07-24,SKU018,101.0,351045.7,3475.7,0
2025-07-25,SKU018,86.0,298910.2,3475.7,0
2025-07-26,SKU018,101.0,351045.7,3475.7,0
2025-07-27,SKU018,70.0,243299.0,3475.7,0
2025-07-28,SKU018,77.0,267628.9,3475.7,0
2025-07-29,SKU018,68.0,236347.6,3475.7,0
2025-07-30,SKU018,85.0,295434.5,3475.7,0
2025-07-31,SKU018,95.0,330191.5,3475.7,0
2025-08-01,SKU018,103.0,357997.1,3475.7,0
2025-08-02,SKU018,95.0,330191.5,3475.7,0
2025-08-03,SKU018,75.0,260677.5,3475.7,0
2025-08-04,SKU018,74.0,257201.8,3475.7,0
2025-08-05,SKU018,80.0,278056.0,3475.7,0
2025-08-06,SKU018,67.0,232871.9,3475.7,0
2025-08-07,SKU018,61.0,212017.7,3475.7,0
2025-08-08,SKU018,84.0,291958.8,3475.7,0
2025-08-09,SKU018,85.0,295434.5,3475.7,0
2025-08-10,SKU018,86.0,298910.2,3475.7,0
2025-08-11,SKU018,84.0,291958.8,3475.7,0
2025-08-12,SKU018,108.0,375375.6,3475.7,0
2025-08-13,SKU018,87.0,302385.9,3475.7,0
2025-08-14,SKU018,61.0,212017.7,3475.7,0
2025-08-15,SKU018,149.0,517879.3,3475.7,0
2025-08-16,SKU018,91.0,316288.7,3475.7,0
2025-08-17,SKU018,74.0,257201.8,3475.7,0
2025-08-18,SKU018,85.0,295434.5,3475.7,0
2025-08-19,SKU018,71.0,246774.7,3475.7,0
2025-08-20,SKU018,67.0,232871.9,3475.7,0
2025-08-21,SKU018,86.0,298910.2,3475.7,0
2025-08-22,SKU018,101.0,351045.7,3475.7,0
2025-08-23,SKU018,89.0,309337.3,3475.7,0
2025-08-24,SKU018,60.0,208542.0,3475.7,0
2025-08-25,SKU018,68.0,236347.6,3475.7,0
2025-08-26,SKU018,71.0,246774.7,3475.7,0
2025-08-27,SKU018,83.0,288483.1,3475.7,0
2025-08-28,SKU018,79.0,274580.3,3475.7,0
2025-08-29,SKU018,100.0,347570.0,3475.7,0
2025-08-30,SKU018,84.0,291958.8,3475.7,0
2025-08-31,SKU018,114.0,396229.8,3475.7,0
2025-09-01,SKU018,76.0,264153.2,3475.7,0
2025-09-02,SKU018,82.0,285007.4,3475.7,0
2025-09-03,SKU018,67.0,232871.9,3475.7,0
2025-09-04,SKU018,86.0,298910.2,3475.7,0
2025-09-05,SKU018,99.0,344094.3,3475.7,0
2025-09-06,SKU018,72.0,250250.4,3475.7,0
2025-09-07,SKU018,64.0,222444.8,3475.7,0
2025-09-08,SKU018,60.0,208542.0,3475.7,0
2025-09-09,SKU018,74.0,257201.8,3475.7,0
2025-09-10,SKU018,77.0,267628.9,3475.7,0
2025-09-11,SKU018,56.0,194639.2,3475.7,0
2025-09-12,SKU018,65.0,225920.5,3475.7,0
2025-09-13,SKU018,85.0,295434.5,3475.7,0
2025-09-14,SKU018,68.0,236347.6,3475.7,0
2025-09-15,SKU018,57.0,198114.9,3475.7,0
2025-09-16,SKU018,51.0,177260.7,3475.7,0
2025-09-17,SKU018,70.0,243299.0,3475.7,0
2025-09-18,SKU018,66.0,229396.2,3475.7,0
2025-09-19,SKU018,66.0,229396.2,3475.7,0
2025-09-20,SKU018,95.0,330191.5,3475.7,0
2025-09-21,SKU018,75.0,260677.5,3475.7,0
2025-09-22,SKU018,72.0,250250.4,3475.7,0
2025-09-23,SKU018,73.0,253726.1,3475.7,0
2025-09-24,SKU018,73.0,253726.1,3475.7,0
2025-09-25,SKU018,54.0,187687.8,3475.7,0
2025-09-26,SKU018,90.0,312813.0,3475.7,0
2025-09-27,SKU018,66.0,229396.2,3475.7,0
2025-09-28,SKU018,82.0,285007.4,3475.7,0
2025-09-29,SKU018,51.0,177260.7,3475.7,0
2025-09-30,SKU018,52.0,180736.4,3475.7,0
2025-10-01,SKU018,69.0,220637.44,3475.7,1
2025-10-02,SKU018,107.0,342147.91,3475.7,1
2025-10-03,SKU018,123.0,393310.21,3475.7,1
2025-10-04,SKU018,92.0,294183.25,3475.7,1
2025-10-05,SKU018,106.0,338950.26,3475.7,1
2025-10-06,SKU018,89.0,284590.32,3475.7,1
2025-10-07,SKU018,99.0,316566.76,3475.7,1
2025-10-08,SKU018,73.0,233428.01,3475.7,1
2025-10-09,SKU018,110.0,351740.84,3475.7,1
2025-10-10,SKU018,115.0,367729.06,3475.7,1
2025-10-11,SKU018,72.0,250250.4,3475.7,0
2025-10-12,SKU018,79.0,274580.3,3475.7,0
2025-10-13,SKU018,43.0,149455.1,3475.7,0
2025-10-14,SKU018,76.0,264153.2,3475.7,0
2025-10-15,SKU018,80.0,278056.0,3475.7,0
2025-10-16,SKU018,90.0,312813.0,3475.7,0
2025-10-17,SKU018,71.0,246774.7,3475.7,0
2025-10-18,SKU018,69.0,239823.3,3475.7,0
2025-10-19,SKU018,57.0,198114.9,3475.7,0
2025-10-20,SKU018,62.0,215493.4,3475.7,0
2025-10-21,SKU018,67.0,232871.9,3475.7,0
2025-10-22,SKU018,64.0,222444.8,3475.7,0
2025-10-23,SKU018,82.0,285007.4,3475.7,0
2025-10-24,SKU018,78.0,271104.6,3475.7,0
2025-10-25,SKU018,56.0,194639.2,3475.7,0
2025-10-26,SKU018,56.0,194639.2,3475.7,0
2025-10-27,SKU018,53.0,184212.1,3475.7,0
2025-10-28,SKU018,64.0,222444.8,3475.7,0
2025-10-29,SKU018,48.0,166833.6,3475.7,0
2025-10-30,SKU018,62.0,215493.4,3475.7,0
2025-10-31,SKU018,79.0,274580.3,3475.7,0
2025-11-01,SKU018,90.0,312813.0,3475.7,0
2025-11-02,SKU018,71.0,246774.7,3475.7,0
2025-11-03,SKU018,72.0,250250.4,3475.7,0
2025-11-04,SKU018,64.0,222444.8,3475.7,0
2025-11-05,SKU018,47.0,163357.9,3475.7,0
2025-11-06,SKU018,84.0,291958.8,3475.7,0
2025-11-07,SKU018,82.0,285007.4,3475.7,0
2025-11-08,SKU018,87.0,302385.9,3475.7,0
2025-11-09,SKU018,84.0,291958.8,3475.7,0
2025-11-10,SKU018,49.0,170309.3,3475.7,0
2025-11-11,SKU018,85.0,295434.5,3475.7,0
2025-11-12,SKU018,79.0,274580.3,3475.7,0
2025-11-13,SKU018,55.0,191163.5,3475.7,0
2025-11-14,SKU018,72.0,250250.4,3475.7,0
2025-11-15,SKU018,84.0,291958.8,3475.7,0
2025-11-16,SKU018,55.0,191163.5,3475.7,0
2025-11-17,SKU018,61.0,212017.7,3475.7,0
2025-11-18,SKU018,61.0,212017.7,3475.7,0
2025-11-19,SKU018,67.0,232871.9,3475.7,0
2025-11-20,SKU018,95.0,303776.18,3475.7,1
2025-11-21,SKU018,96.0,306973.82,3475.7,1
2025-11-22,SKU018,104.0,332554.98,3475.7,1
2025-11-23,SKU018,86.0,274997.38,3475.7,1
2025-11-24,SKU018,83.0,265404.45,3475.7,1
2025-11-25,SKU018,104.0,332554.98,3475.7,1
2025-11-26,SKU018,86.0,274997.38,3475.7,1
2025-11-27,SKU018,90.0,287787.96,3475.7,1
2025-11-28,SKU018,109.0,348543.2,3475.7,1
2025-11-29,SKU018,94.0,300578.54,3475.7,1
2025-11-30,SKU018,82.0,262206.81,3475.7,1
2025-12-01,SKU018,72.0,250250.4,3475.7,0
2025-12-02,SKU018,63.0,218969.1,3475.7,0
2025-12-03,SKU018,73.0,253726.1,3475.7,0
2025-12-04,SKU018,82.0,285007.4,3475.7,0
2025-12-05,SKU018,85.0,295434.5,3475.7,0
2025-12-06,SKU018,85.0,295434.5,3475.7,0
2025-12-07,SKU018,84.0,291958.8,3475.7,0
2025-12-08,SKU018,50.0,173785.0,3475.7,0
2025-12-09,SKU018,107.0,371899.9,3475.7,0
2025-12-10,SKU018,93.0,323240.1,3475.7,0
2025-12-11,SKU018,62.0,215493.4,3475.7,0
2025-12-12,SKU018,68.0,236347.6,3475.7,0
2025-12-13,SKU018,84.0,291958.8,3475.7,0
2025-12-14,SKU018,64.0,222444.8,3475.7,0
2025-12-15,SKU018,66.0,211044.5,3475.7,1
2025-12-16,SKU018,128.0,409298.43,3475.7,1
2025-12-17,SKU018,121.0,386914.92,3475.7,1
2025-12-18,SKU018,137.0,438077.23,3475.7,1
2025-12-19,SKU018,112.0,358136.13,3475.7,1
2025-12-20,SKU018,120.0,383717.28,3475.7,1
2025-12-21,SKU018,99.0,316566.76,3475.7,1
2025-12-22,SKU018,114.0,364531.42,3475.7,1
2025-12-23,SKU018,118.0,377321.99,3475.7,1
2025-12-24,SKU018,104.0,332554.98,3475.7,1
2025-12-25,SKU018,151.0,482844.24,3475.7,1
2025-12-26,SKU018,152.0,486041.89,3475.7,1
2025-12-27,SKU018,128.0,409298.43,,1
2025-12-28,SKU018,76.0,243020.94,3475.7,1
2025-12-29,SKU018,106.0,338950.26,3475.7,1
2025-12-30,SKU018,107.0,342147.91,3475.7,1
2025-12-31,SKU018,98.0,313369.11,3475.7,1
2026-01-01,SKU018,91.0,316288.7,3475.7,0
2026-01-02,SKU018,80.0,278056.0,3475.7,0
2026-01-03,SKU018,106.0,368424.2,3475.7,0
2026-01-04,SKU018,73.0,253726.1,3475.7,0
2026-01-05,SKU018,73.0,253726.1,3475.7,0
2026-01-06,SKU018,79.0,274580.3,3475.7,0
2026-01-07,SKU018,83.0,288483.1,3475.7,0
2026-01-08,SKU018,103.0,357997.1,3475.7,0
2026-01-09,SKU018,76.0,264153.2,3475.7,0
2026-01-10,SKU018,106.0,368424.2,3475.7,0
2026-01-11,SKU018,78.0,271104.6,3475.7,0
2026-01-12,SKU018,70.0,243299.0,3475.7,0
2026-01-13,SKU018,90.0,312813.0,3475.7,0
2026-01-14,SKU018,83.0,288483.1,3475.7,0
2026-01-15,SKU018,68.0,236347.6,3475.7,0
2026-01-16,SKU018,103.0,357997.1,3475.7,0
2026-01-17,SKU018,113.0,392754.1,3475.7,0
2026-01-18,SKU018,73.0,253726.1,3475.7,0
2026-01-19,SKU018,76.0,264153.2,3475.7,0
2026-01-20,SKU018,70.0,243299.0,3475.7,0
2026-01-21,SKU018,107.0,371899.9,3475.7,0
2026-01-22,SKU018,83.0,288483.1,3475.7,0
2026-01-23,SKU018,112.0,389278.4,3475.7,0
2026-01-24,SKU018,71.0,246774.7,3475.7,0
2026-01-25,SKU018,67.0,232871.9,3475.7,0
2026-01-26,SKU018,94.0,326715.8,3475.7,0
2026-01-27,SKU018,82.0,285007.4,3475.7,0
2026-01-28,SKU018,76.0,264153.2,3475.7,0
2026-01-29,SKU018,73.0,253726.1,3475.7,0
2026-01-30,SKU018,84.0,291958.8,3475.7,0
2026-01-31,SKU018,116.0,403181.2,3475.7,0
2026-02-01,SKU018,76.0,264153.2,3475.7,0
2026-02-02,SKU018,78.0,271104.6,3475.7,0
2026-02-03,SKU018,77.0,267628.9,3475.7,0
2026-02-04,SKU018,56.0,194639.2,3475.7,0
2026-02-05,SKU018,80.0,278056.0,3475.7,0
2026-02-06,SKU018,88.0,305861.6,3475.7,0
2026-02-07,SKU018,97.0,337142.9,3475.7,0
2026-02-08,SKU018,101.0,351045.7,3475.7,0
2026-02-09,SKU018,70.0,243299.0,3475.7,0
2026-02-10,SKU018,83.0,288483.1,3475.7,0
2026-02-11,SKU018,67.0,232871.9,3475.7,0
2026-02-12,SKU018,96.0,333667.2,3475.7,0
2026-02-13,SKU018,116.0,403181.2,3475.7,0
2026-02-14,SKU018,90.0,312813.0,3475.7,0
2026-02-15,SKU018,58.0,201590.6,3475.7,0
2026-02-16,SKU018,87.0,302385.9,3475.7,0
2026-02-17,SKU018,82.0,285007.4,3475.7,0
2026-02-18,SKU018,74.0,257201.8,3475.7,0
2026-02-19,SKU018,78.0,271104.6,3475.7,0
2026-02-20,SKU018,78.0,271104.6,3475.7,0
2026-02-21,SKU018,92.0,319764.4,3475.7,0
2026-02-22,SKU018,85.0,295434.5,3475.7,0
2026-02-23,SKU018,76.0,264153.2,3475.7,0
2026-02-24,SKU018,76.0,264153.2,3475.7,0
2026-02-25,SKU018,42.0,145979.4,3475.7,0
2026-02-26,SKU018,94.0,326715.8,3475.7,0
2026-02-27,SKU018,109.0,378851.3,3475.7,0
2026-02-28,SKU018,93.0,323240.1,3475.7,0
2026-03-01,SKU018,74.0,257201.8,3475.7,0
2026-03-02,SKU018,72.0,250250.4,3475.7,0
2026-03-03,SKU018,100.0,347570.0,3475.7,0
2026-03-04,SKU018,83.0,288483.1,3475.7,0
2026-03-05,SKU018,84.0,291958.8,3475.7,0
2026-03-06,SKU018,80.0,278056.0,3475.7,0
2026-03-07,SKU018,106.0,368424.2,3475.7,0
2026-03-08,SKU018,75.0,260677.5,3475.7,0
2026-03-09,SKU018,62.0,215493.4,3475.7,0
2026-03-10,SKU018,73.0,253726.1,3475.7,0
2026-03-11,SKU018,75.0,260677.5,3475.7,0
2026-03-12,SKU018,86.0,298910.2,3475.7,0
2026-03-13,SKU018,93.0,323240.1,3475.7,0
2026-03-14,SKU018,76.0,264153.2,3475.7,0
2026-03-15,SKU018,96.0,306973.82,3475.7,1
2026-03-16,SKU018,90.0,287787.96,3475.7,1
2026-03-17,SKU018,80.0,255811.52,3475.7,1
2026-03-18,SKU018,103.0,329357.33,3475.7,1
2026-03-19,SKU018,104.0,332554.98,3475.7,1
2026-03-20,SKU018,146.0,466856.02,3475.7,1
2026-03-21,SKU018,155.0,495634.82,3475.7,1
2026-03-22,SKU018,136.0,434879.58,3475.7,1
2026-03-23,SKU018,103.0,329357.33,3475.7,1
2026-03-24,SKU018,88.0,281392.67,3475.7,1
2026-03-25,SKU018,107.0,342147.91,3475.7,1
2026-03-26,SKU018,75.0,260677.5,3475.7,0
2026-03-27,SKU018,114.0,396229.8,3475.7,0
2026-03-28,SKU018,95.0,330191.5,3475.7,0
2026-03-29,SKU018,68.0,236347.6,3475.7,0
2026-03-30,SKU018,82.0,285007.4,3475.7,0
2026-03-31,SKU018,85.0,295434.5,3475.7,0
2026-04-01,SKU018,71.0,246774.7,3475.7,0
2026-04-02,SKU018,51.0,177260.7,3475.7,0
2026-04-03,SKU018,84.0,291958.8,3475.7,0
2026-04-04,SKU018,76.0,264153.2,3475.7,0
2026-04-05,SKU018,78.0,271104.6,3475.7,0
2026-04-06,SKU018,73.0,253726.1,3475.7,0
2026-04-07,SKU018,70.0,243299.0,3475.7,0
2026-04-08,SKU018,87.0,302385.9,3475.7,0
2026-04-09,SKU018,57.0,198114.9,3475.7,0
2026-04-10,SKU018,87.0,302385.9,3475.7,0
2026-04-11,SKU018,79.0,274580.3,3475.7,0
2026-04-12,SKU018,91.0,316288.7,3475.7,0
2026-04-13,SKU018,,267628.9,3475.7,0
2026-04-14,SKU018,78.0,271104.6,3475.7,0
2026-04-15,SKU018,72.0,250250.4,3475.7,0
2026-04-16,SKU018,61.0,212017.7,3475.7,0
2026-04-17,SKU018,94.0,326715.8,3475.7,0
2026-04-18,SKU018,75.0,260677.5,3475.7,0
2026-04-19,SKU018,68.0,236347.6,3475.7,0
2026-04-20,SKU018,72.0,250250.4,3475.7,0
2026-04-21,SKU018,53.0,184212.1,3475.7,0
2026-04-22,SKU018,84.0,291958.8,3475.7,0
2026-04-23,SKU018,60.0,208542.0,3475.7,0
2026-04-24,SKU018,81.0,281531.7,3475.7,0
2026-04-25,SKU018,111.0,385802.7,3475.7,0
2026-04-26,SKU018,81.0,281531.7,3475.7,0
2026-04-27,SKU018,75.0,260677.5,3475.7,0
2026-04-28,SKU018,79.0,274580.3,3475.7,0
2026-04-29,SKU018,80.0,278056.0,3475.7,0
2026-04-30,SKU018,77.0,267628.9,3475.7,0
2026-05-01,SKU018,99.0,344094.3,3475.7,0
2026-05-02,SKU018,105.0,364948.5,3475.7,0
2026-05-03,SKU018,63.0,218969.1,3475.7,0
2026-05-04,SKU018,62.0,215493.4,3475.7,0
2026-05-05,SKU018,74.0,257201.8,3475.7,0
2026-05-06,SKU018,82.0,285007.4,3475.7,0
2026-05-07,SKU018,77.0,267628.9,3475.7,0
2026-05-08,SKU018,,319764.4,3475.7,0
2026-05-09,SKU018,86.0,298910.2,3475.7,0
2026-05-10,SKU018,87.0,302385.9,3475.7,0
2026-05-11,SKU018,96.0,333667.2,3475.7,0
2026-05-12,SKU018,113.0,392754.1,3475.7,0
2026-05-13,SKU018,57.0,198114.9,3475.7,0
2026-05-14,SKU018,78.0,271104.6,3475.7,0
2026-05-15,SKU018,65.0,225920.5,3475.7,0
2026-05-16,SKU018,81.0,281531.7,3475.7,0
2026-05-17,SKU018,78.0,271104.6,3475.7,0
2026-05-18,SKU018,78.0,271104.6,3475.7,0
2026-05-19,SKU018,60.0,208542.0,3475.7,0
2026-05-20,SKU018,92.0,319764.4,3475.7,0
2026-05-21,SKU018,57.0,198114.9,3475.7,0
2026-05-22,SKU018,83.0,288483.1,3475.7,0
2026-05-23,SKU018,75.0,260677.5,3475.7,0
2026-05-24,SKU018,88.0,305861.6,3475.7,0
2026-05-25,SKU018,75.0,260677.5,3475.7,0
2026-05-26,SKU018,105.0,364948.5,3475.7,0
2026-05-27,SKU018,64.0,222444.8,3475.7,0
2026-05-28,SKU018,62.0,215493.4,3475.7,0
2026-05-29,SKU018,70.0,243299.0,3475.7,0
2026-05-30,SKU018,108.0,375375.6,3475.7,0
2026-05-31,SKU018,81.0,281531.7,3475.7,0
2026-06-01,SKU018,97.0,337142.9,3475.7,0
2026-06-02,SKU018,90.0,312813.0,3475.7,0
2026-06-03,SKU018,60.0,208542.0,3475.7,0
2026-06-04,SKU018,75.0,260677.5,3475.7,0
2026-06-05,SKU018,106.0,368424.2,3475.7,0
2026-06-06,SKU018,130.0,451841.0,3475.7,0
2026-06-07,SKU018,98.0,340618.6,3475.7,0
2026-06-08,SKU018,94.0,326715.8,3475.7,0
2026-06-09,SKU018,78.0,271104.6,3475.7,0
2026-06-10,SKU018,97.0,310171.47,3475.7,1
2026-06-11,SKU018,168.0,537204.19,3475.7,1
2026-06-12,SKU018,135.0,431681.94,3475.7,1
2026-06-13,SKU018,133.0,425286.65,3475.7,1
2026-06-14,SKU018,111.0,354938.48,3475.7,1
2026-06-15,SKU018,113.0,361333.77,3475.7,1
2026-06-16,SKU018,132.0,422089.01,3475.7,1
2026-06-17,SKU018,131.0,418891.36,3475.7,1
2026-06-18,SKU018,126.0,402903.14,3475.7,1
2026-06-19,SKU018,125.0,399705.5,3475.7,1
2026-06-20,SKU018,148.0,473251.31,3475.7,1
2026-06-21,SKU018,86.0,298910.2,3475.7,0
2026-06-22,SKU018,86.0,298910.2,3475.7,0
2026-06-23,SKU018,69.0,239823.3,3475.7,0
2026-06-24,SKU018,73.0,253726.1,3475.7,0
2026-06-25,SKU018,125.0,434462.5,3475.7,0
2026-06-26,SKU018,121.0,420559.7,3475.7,0
2026-06-27,SKU018,113.0,392754.1,3475.7,0
2026-06-28,SKU018,78.0,271104.6,3475.7,0
2026-06-29,SKU018,62.0,215493.4,3475.7,0
2026-06-30,SKU018,90.0,312813.0,3475.7,0
2025-01-01,SKU019,32.0,97093.76,3034.18,0
2025-01-02,SKU019,33.0,100127.94,3034.18,0
2025-01-03,SKU019,24.0,72820.32,3034.18,0
2025-01-04,SKU019,50.0,151709.0,3034.18,0
2025-01-05,SKU019,34.0,103162.12,3034.18,0
2025-01-06,SKU019,29.0,87991.22,3034.18,0
2025-01-07,SKU019,30.0,91025.4,3034.18,0
2025-01-08,SKU019,41.0,124401.38,3034.18,0
2025-01-09,SKU019,41.0,124401.38,3034.18,0
2025-01-10,SKU019,51.0,142363.73,3034.18,1
2025-01-11,SKU019,50.0,139572.28,3034.18,1
2025-01-12,SKU019,38.0,106074.93,3034.18,1
2025-01-13,SKU019,33.0,92117.7,3034.18,1
2025-01-14,SKU019,62.0,173069.63,3034.18,1
2025-01-15,SKU019,53.0,147946.62,3034.18,1
2025-01-16,SKU019,38.0,115298.84,3034.18,0
2025-01-17,SKU019,49.0,148674.82,3034.18,0
2025-01-18,SKU019,31.0,94059.58,3034.18,0
2025-01-19,SKU019,39.0,118333.02,3034.18,0
2025-01-20,SKU019,47.0,142606.46,3034.18,0
2025-01-21,SKU019,31.0,94059.58,3034.18,0
2025-01-22,SKU019,33.0,100127.94,3034.18,0
2025-01-23,SKU019,30.0,91025.4,3034.18,0
2025-01-24,SKU019,43.0,130469.74,3034.18,0
2025-01-25,SKU019,33.0,100127.94,3034.18,0
2025-01-26,SKU019,38.0,115298.84,3034.18,0
2025-01-27,SKU019,34.0,103162.12,3034.18,0
2025-01-28,SKU019,37.0,112264.66,3034.18,0
2025-01-29,SKU019,36.0,109230.48,3034.18,0
2025-01-30,SKU019,49.0,148674.82,3034.18,0
2025-01-31,SKU019,39.0,118333.02,3034.18,0
2025-02-01,SKU019,42.0,127435.56,3034.18,0
2025-02-02,SKU019,32.0,97093.76,3034.18,0
2025-02-03,SKU019,31.0,94059.58,3034.18,0
2025-02-04,SKU019,34.0,103162.12,3034.18,0
2025-02-05,SKU019,55.0,166879.9,3034.18,0
2025-02-06,SKU019,32.0,97093.76,3034.18,0
2025-02-07,SKU019,43.0,130469.74,3034.18,0
2025-02-08,SKU019,43.0,130469.74,3034.18,0
2025-02-09,SKU019,24.0,72820.32,3034.18,0
2025-02-10,SKU019,40.0,121367.2,3034.18,0
2025-02-11,SKU019,34.0,103162.12,3034.18,0
2025-02-12,SKU019,42.0,127435.56,3034.18,0
2025-02-13,SKU019,33.0,100127.94,3034.18,0
2025-02-14,SKU019,44.0,133503.92,3034.18,0
2025-02-15,SKU019,41.0,124401.38,3034.18,0
2025-02-16,SKU019,38.0,115298.84,3034.18,0
2025-02-17,SKU019,47.0,142606.46,3034.18,0
2025-02-18,SKU019,27.0,81922.86,3034.18,0
2025-02-19,SKU019,28.0,84957.04,3034.18,0
2025-02-20,SKU019,38.0,115298.84,3034.18,0
2025-02-21,SKU019,41.0,124401.38,3034.18,0
2025-02-22,SKU019,51.0,154743.18,3034.18,0
2025-02-23,SKU019,34.0,103162.12,3034.18,0
2025-02-24,SKU019,21.0,63717.78,3034.18,0
2025-02-25,SKU019,33.0,100127.94,3034.18,0
2025-02-26,SKU019,33.0,100127.94,3034.18,0
2025-02-27,SKU019,41.0,124401.38,3034.18,0
2025-02-28,SKU019,44.0,133503.92,3034.18,0
2025-03-01,SKU019,40.0,121367.2,3034.18,0
2025-03-02,SKU019,26.0,78888.68,3034.18,0
2025-03-03,SKU019,22.0,66751.96,3034.18,0
2025-03-04,SKU019,28.0,84957.04,3034.18,0
2025-03-05,SKU019,43.0,130469.74,3034.18,0
2025-03-06,SKU019,39.0,118333.02,3034.18,0
2025-03-07,SKU019,43.0,130469.74,3034.18,0
2025-03-08,SKU019,35.0,106196.3,3034.18,0
2025-03-09,SKU019,33.0,100127.94,3034.18,0
2025-03-10,SKU019,42.0,127435.56,3034.18,0
2025-03-11,SKU019,29.0,87991.22,3034.18,0
2025-03-12,SKU019,30.0,91025.4,3034.18,0
2025-03-13,SKU019,41.0,124401.38,3034.18,0
2025-03-14,SKU019,40.0,121367.2,3034.18,0
2025-03-15,SKU019,33.0,100127.94,3034.18,0
2025-03-16,SKU019,40.0,121367.2,3034.18,0
2025-03-17,SKU019,23.0,69786.14,3034.18,0
2025-03-18,SKU019,41.0,124401.38,3034.18,0
2025-03-19,SKU019,29.0,87991.22,3034.18,0
2025-03-20,SKU019,44.0,122823.61,3034.18,1
2025-03-21,SKU019,72.0,200984.08,3034.18,1
2025-03-22,SKU019,58.0,161903.84,3034.18,1
2025-03-23,SKU019,35.0,97700.6,3034.18,1
2025-03-24,SKU019,40.0,111657.82,3034.18,1
2025-03-25,SKU019,34.0,94909.15,3034.18,1
2025-03-26,SKU019,38.0,106074.93,3034.18,1
2025-03-27,SKU019,36.0,100492.04,3034.18,1
2025-03-28,SKU019,45.0,136538.1,3034.18,0
2025-03-29,SKU019,30.0,91025.4,3034.18,0
2025-03-30,SKU019,45.0,136538.1,3034.18,0
2025-03-31,SKU019,16.0,48546.88,3034.18,0
2025-04-01,SKU019,28.0,84957.04,3034.18,0
2025-04-02,SKU019,39.0,118333.02,3034.18,0
2025-04-03,SKU019,34.0,103162.12,3034.18,0
2025-04-04,SKU019,33.0,100127.94,3034.18,0
2025-04-05,SKU019,45.0,136538.1,3034.18,0
2025-04-06,SKU019,37.0,112264.66,3034.18,0
2025-04-07,SKU019,34.0,103162.12,3034.18,0
2025-04-08,SKU019,19.0,57649.42,3034.18,0
2025-04-09,SKU019,45.0,136538.1,3034.18,0
2025-04-10,SKU019,39.0,118333.02,3034.18,0
2025-04-11,SKU019,29.0,87991.22,3034.18,0
2025-04-12,SKU019,50.0,151709.0,3034.18,0
2025-04-13,SKU019,31.0,94059.58,3034.18,0
2025-04-14,SKU019,22.0,66751.96,3034.18,0
2025-04-15,SKU019,49.0,148674.82,3034.18,0
2025-04-16,SKU019,33.0,100127.94,3034.18,0
2025-04-17,SKU019,36.0,109230.48,3034.18,0
2025-04-18,SKU019,43.0,130469.74,3034.18,0
2025-04-19,SKU019,49.0,148674.82,3034.18,0
2025-04-20,SKU019,42.0,127435.56,3034.18,0
2025-04-21,SKU019,17.0,51581.06,3034.18,0
2025-04-22,SKU019,62.0,188119.16,3034.18,0
2025-04-23,SKU019,26.0,78888.68,3034.18,0
2025-04-24,SKU019,30.0,91025.4,3034.18,0
2025-04-25,SKU019,29.0,87991.22,3034.18,0
2025-04-26,SKU019,46.0,139572.28,3034.18,0
2025-04-27,SKU019,26.0,78888.68,3034.18,0
2025-04-28,SKU019,28.0,84957.04,3034.18,0
2025-04-29,SKU019,35.0,106196.3,3034.18,0
2025-04-30,SKU019,40.0,121367.2,3034.18,0
2025-05-01,SKU019,29.0,87991.22,3034.18,0
2025-05-02,SKU019,33.0,100127.94,3034.18,0
2025-05-03,SKU019,48.0,145640.64,3034.18,0
2025-05-04,SKU019,41.0,124401.38,3034.18,0
2025-05-05,SKU019,43.0,130469.74,3034.18,0
2025-05-06,SKU019,30.0,91025.4,3034.18,0
2025-05-07,SKU019,36.0,109230.48,3034.18,0
2025-05-08,SKU019,40.0,121367.2,3034.18,0
2025-05-09,SKU019,35.0,106196.3,3034.18,0
2025-05-10,SKU019,71.0,215426.78,3034.18,0
2025-05-11,SKU019,37.0,112264.66,3034.18,0
2025-05-12,SKU019,21.0,63717.78,3034.18,0
2025-05-13,SKU019,31.0,94059.58,3034.18,0
2025-05-14,SKU019,37.0,112264.66,3034.18,0
2025-05-15,SKU019,28.0,84957.04,3034.18,0
2025-05-16,SKU019,30.0,91025.4,3034.18,0
2025-05-17,SKU019,28.0,84957.04,3034.18,0
2025-05-18,SKU019,44.0,133503.92,3034.18,0
2025-05-19,SKU019,35.0,106196.3,3034.18,0
2025-05-20,SKU019,27.0,81922.86,3034.18,0
2025-05-21,SKU019,38.0,115298.84,3034.18,0
2025-05-22,SKU019,24.0,72820.32,3034.18,0
2025-05-23,SKU019,39.0,118333.02,3034.18,0
2025-05-24,SKU019,28.0,84957.04,3034.18,0
2025-05-25,SKU019,37.0,112264.66,3034.18,0
2025-05-26,SKU019,19.0,57649.42,3034.18,0
2025-05-27,SKU019,34.0,103162.12,3034.18,0
2025-05-28,SKU019,47.0,142606.46,3034.18,0
2025-05-29,SKU019,33.0,100127.94,3034.18,0
2025-05-30,SKU019,29.0,87991.22,3034.18,0
2025-05-31,SKU019,42.0,127435.56,3034.18,0
2025-06-01,SKU019,41.0,124401.38,3034.18,0
2025-06-02,SKU019,48.0,145640.64,3034.18,0
2025-06-03,SKU019,44.0,133503.92,3034.18,0
2025-06-04,SKU019,37.0,112264.66,3034.18,0
2025-06-05,SKU019,36.0,109230.48,3034.18,0
2025-06-06,SKU019,36.0,109230.48,3034.18,0
2025-06-07,SKU019,29.0,87991.22,3034.18,0
2025-06-08,SKU019,34.0,103162.12,3034.18,0
2025-06-09,SKU019,31.0,94059.58,3034.18,0
2025-06-10,SKU019,45.0,125615.05,3034.18,1
2025-06-11,SKU019,45.0,125615.05,3034.18,1
2025-06-12,SKU019,53.0,147946.62,3034.18,1
2025-06-13,SKU019,51.0,142363.73,3034.18,1
2025-06-14,SKU019,64.0,178652.52,3034.18,1
2025-06-15,SKU019,55.0,153529.51,3034.18,1
2025-06-16,SKU019,43.0,120032.16,3034.18,1
2025-06-17,SKU019,44.0,122823.61,3034.18,1
2025-06-18,SKU019,44.0,122823.61,3034.18,1
2025-06-19,SKU019,47.0,131197.94,3034.18,1
2025-06-20,SKU019,47.0,131197.94,3034.18,1
2025-06-21,SKU019,42.0,127435.56,3034.18,0
2025-06-22,SKU019,27.0,81922.86,3034.18,0
2025-06-23,SKU019,30.0,91025.4,3034.18,0
2025-06-24,SKU019,43.0,130469.74,3034.18,0
2025-06-25,SKU019,35.0,106196.3,3034.18,0
2025-06-26,SKU019,37.0,112264.66,3034.18,0
2025-06-27,SKU019,47.0,142606.46,3034.18,0
2025-06-28,SKU019,47.0,142606.46,3034.18,0
2025-06-29,SKU019,44.0,133503.92,3034.18,0
2025-06-30,SKU019,28.0,84957.04,3034.18,0
2025-07-01,SKU019,33.0,100127.94,3034.18,0
2025-07-02,SKU019,46.0,139572.28,3034.18,0
2025-07-03,SKU019,38.0,115298.84,3034.18,0
2025-07-04,SKU019,30.0,91025.4,3034.18,0
2025-07-05,SKU019,37.0,112264.66,3034.18,0
2025-07-06,SKU019,31.0,94059.58,3034.18,0
2025-07-07,SKU019,39.0,118333.02,3034.18,0
2025-07-08,SKU019,48.0,145640.64,3034.18,0
2025-07-09,SKU019,50.0,151709.0,3034.18,0
2025-07-10,SKU019,31.0,94059.58,3034.18,0
2025-07-11,SKU019,28.0,84957.04,3034.18,0
2025-07-12,SKU019,59.0,179016.62,3034.18,0
2025-07-13,SKU019,41.0,124401.38,3034.18,0
2025-07-14,SKU019,32.0,97093.76,3034.18,0
2025-07-15,SKU019,36.0,109230.48,3034.18,0
2025-07-16,SKU019,30.0,91025.4,3034.18,0
2025-07-17,SKU019,28.0,84957.04,3034.18,0
2025-07-18,SKU019,35.0,106196.3,3034.18,0
2025-07-19,SKU019,38.0,115298.84,3034.18,0
2025-07-20,SKU019,34.0,103162.12,3034.18,0
2025-07-21,SKU019,35.0,106196.3,3034.18,0
2025-07-22,SKU019,56.0,169914.08,3034.18,0
2025-07-23,SKU019,34.0,103162.12,3034.18,0
2025-07-24,SKU019,32.0,97093.76,3034.18,0
2025-07-25,SKU019,36.0,109230.48,3034.18,0
2025-07-26,SKU019,38.0,115298.84,3034.18,0
2025-07-27,SKU019,39.0,118333.02,3034.18,0
2025-07-28,SKU019,41.0,124401.38,3034.18,0
2025-07-29,SKU019,48.0,145640.64,3034.18,0
2025-07-30,SKU019,43.0,130469.74,3034.18,0
2025-07-31,SKU019,35.0,106196.3,3034.18,0
2025-08-01,SKU019,62.0,188119.16,3034.18,0
2025-08-02,SKU019,41.0,124401.38,3034.18,0
2025-08-03,SKU019,46.0,139572.28,3034.18,0
2025-08-04,SKU019,33.0,100127.94,3034.18,0
2025-08-05,SKU019,40.0,121367.2,3034.18,0
2025-08-06,SKU019,38.0,115298.84,3034.18,0
2025-08-07,SKU019,43.0,130469.74,3034.18,0
2025-08-08,SKU019,61.0,185084.98,3034.18,0
2025-08-09,SKU019,55.0,166879.9,3034.18,0
2025-08-10,SKU019,32.0,97093.76,3034.18,0
2025-08-11,SKU019,25.0,75854.5,3034.18,0
2025-08-12,SKU019,47.0,142606.46,3034.18,0
2025-08-13,SKU019,49.0,148674.82,3034.18,0
2025-08-14,SKU019,38.0,115298.84,3034.18,0
2025-08-15,SKU019,62.0,188119.16,3034.18,0
2025-08-16,SKU019,50.0,151709.0,3034.18,0
2025-08-17,SKU019,34.0,103162.12,3034.18,0
2025-08-18,SKU019,38.0,115298.84,3034.18,0
2025-08-19,SKU019,35.0,106196.3,3034.18,0
2025-08-20,SKU019,45.0,136538.1,3034.18,0
2025-08-21,SKU019,55.0,166879.9,3034.18,0
2025-08-22,SKU019,55.0,166879.9,3034.18,0
2025-08-23,SKU019,46.0,139572.28,3034.18,0
2025-08-24,SKU019,39.0,118333.02,3034.18,0
2025-08-25,SKU019,31.0,94059.58,3034.18,0
2025-08-26,SKU019,26.0,78888.68,3034.18,0
2025-08-27,SKU019,34.0,103162.12,3034.18,0
2025-08-28,SKU019,38.0,115298.84,3034.18,0
2025-08-29,SKU019,34.0,103162.12,3034.18,0
2025-08-30,SKU019,46.0,139572.28,3034.18,0
2025-08-31,SKU019,39.0,118333.02,3034.18,0
2025-09-01,SKU019,27.0,81922.86,3034.18,0
2025-09-02,SKU019,48.0,145640.64,3034.18,0
2025-09-03,SKU019,33.0,100127.94,3034.18,0
2025-09-04,SKU019,37.0,112264.66,3034.18,0
2025-09-05,SKU019,36.0,109230.48,3034.18,0
2025-09-06,SKU019,42.0,127435.56,3034.18,0
2025-09-07,SKU019,31.0,94059.58,3034.18,0
2025-09-08,SKU019,28.0,84957.04,3034.18,0
2025-09-09,SKU019,32.0,97093.76,3034.18,0
2025-09-10,SKU019,29.0,87991.22,3034.18,0
2025-09-11,SKU019,18.0,54615.24,3034.18,0
2025-09-12,SKU019,34.0,103162.12,3034.18,0
2025-09-13,SKU019,26.0,78888.68,3034.18,0
2025-09-14,SKU019,30.0,91025.4,3034.18,0
2025-09-15,SKU019,31.0,94059.58,3034.18,0
2025-09-16,SKU019,35.0,106196.3,3034.18,0
2025-09-17,SKU019,41.0,124401.38,3034.18,0
2025-09-18,SKU019,53.0,160811.54,3034.18,0
2025-09-19,SKU019,52.0,157777.36,3034.18,0
2025-09-20,SKU019,36.0,109230.48,3034.18,0
2025-09-21,SKU019,49.0,148674.82,3034.18,0
2025-09-22,SKU019,29.0,87991.22,3034.18,0
2025-09-23,SKU019,27.0,81922.86,3034.18,0
2025-09-24,SKU019,39.0,118333.02,3034.18,0
2025-09-25,SKU019,25.0,75854.5,3034.18,0
2025-09-26,SKU019,36.0,109230.48,3034.18,0
2025-09-27,SKU019,31.0,94059.58,3034.18,0
2025-09-28,SKU019,47.0,142606.46,3034.18,0
2025-09-29,SKU019,28.0,84957.04,3034.18,0
2025-09-30,SKU019,34.0,103162.12,3034.18,0
2025-10-01,SKU019,46.0,128406.5,3034.18,1
2025-10-02,SKU019,51.0,142363.73,3034.18,1
2025-10-03,SKU019,67.0,187026.86,3034.18,1
2025-10-04,SKU019,54.0,150738.06,3034.18,1
2025-10-05,SKU019,41.0,114449.27,3034.18,1
2025-10-06,SKU019,64.0,178652.52,3034.18,1
2025-10-07,SKU019,32.0,89326.26,3034.18,1
2025-10-08,SKU019,50.0,139572.28,3034.18,1
2025-10-09,SKU019,51.0,142363.73,3034.18,1
2025-10-10,SKU019,44.0,122823.61,3034.18,1
2025-10-11,SKU019,45.0,136538.1,3034.18,0
2025-10-12,SKU019,27.0,81922.86,3034.18,0
2025-10-13,SKU019,29.0,87991.22,3034.18,0
2025-10-14,SKU019,32.0,97093.76,3034.18,0
2025-10-15,SKU019,33.0,100127.94,3034.18,0
2025-10-16,SKU019,25.0,75854.5,3034.18,0
2025-10-17,SKU019,38.0,115298.84,3034.18,0
2025-10-18,SKU019,38.0,115298.84,3034.18,0
2025-10-19,SKU019,24.0,72820.32,3034.18,0
2025-10-20,SKU019,28.0,84957.04,3034.18,0
2025-10-21,SKU019,44.0,133503.92,3034.18,0
2025-10-22,SKU019,42.0,127435.56,3034.18,0
2025-10-23,SKU019,38.0,115298.84,3034.18,0
2025-10-24,SKU019,44.0,133503.92,3034.18,0
2025-10-25,SKU019,39.0,118333.02,3034.18,0
2025-10-26,SKU019,42.0,127435.56,3034.18,0
2025-10-27,SKU019,,103162.12,3034.18,0
2025-10-28,SKU019,31.0,94059.58,3034.18,0
2025-10-29,SKU019,33.0,100127.94,3034.18,0
2025-10-30,SKU019,42.0,127435.56,3034.18,0
2025-10-31,SKU019,51.0,154743.18,3034.18,0
2025-11-01,SKU019,49.0,148674.82,3034.18,0
2025-11-02,SKU019,30.0,91025.4,3034.18,0
2025-11-03,SKU019,21.0,63717.78,3034.18,0
2025-11-04,SKU019,33.0,100127.94,3034.18,0
2025-11-05,SKU019,31.0,94059.58,3034.18,0
2025-11-06,SKU019,37.0,112264.66,3034.18,0
2025-11-07,SKU019,41.0,124401.38,3034.18,0
2025-11-08,SKU019,51.0,154743.18,3034.18,0
2025-11-09,SKU019,50.0,151709.0,3034.18,0
2025-11-10,SKU019,28.0,84957.04,3034.18,0
2025-11-11,SKU019,37.0,112264.66,3034.18,0
2025-11-12,SKU019,36.0,109230.48,3034.18,0
2025-11-13,SKU019,35.0,106196.3,3034.18,0
2025-11-14,SKU019,60.0,182050.8,3034.18,0
2025-11-15,SKU019,44.0,133503.92,3034.18,0
2025-11-16,SKU019,36.0,109230.48,3034.18,0
2025-11-17,SKU019,32.0,97093.76,3034.18,0
2025-11-18,SKU019,38.0,115298.84,3034.18,0
2025-11-19,SKU019,44.0,133503.92,3034.18,0
2025-11-20,SKU019,45.0,125615.05,3034.18,1
2025-11-21,SKU019,41.0,114449.27,3034.18,1
2025-11-22,SKU019,59.0,164695.29,3034.18,1
2025-11-23,SKU019,49.0,136780.83,3034.18,1
2025-11-24,SKU019,35.0,97700.6,3034.18,1
2025-11-25,SKU019,45.0,125615.05,3034.18,1
2025-11-26,SKU019,48.0,133989.39,3034.18,1
2025-11-27,SKU019,48.0,133989.39,3034.18,1
2025-11-28,SKU019,46.0,128406.5,3034.18,1
2025-11-29,SKU019,60.0,167486.74,3034.18,1
2025-11-30,SKU019,46.0,128406.5,3034.18,1
2025-12-01,SKU019,22.0,66751.96,3034.18,0
2025-12-02,SKU019,42.0,127435.56,3034.18,0
2025-12-03,SKU019,43.0,130469.74,3034.18,0
2025-12-04,SKU019,45.0,136538.1,3034.18,0
2025-12-05,SKU019,53.0,160811.54,3034.18,0
2025-12-06,SKU019,46.0,139572.28,3034.18,0
2025-12-07,SKU019,47.0,142606.46,3034.18,0
2025-12-08,SKU019,51.0,154743.18,3034.18,0
2025-12-09,SKU019,45.0,136538.1,3034.18,0
2025-12-10,SKU019,36.0,109230.48,3034.18,0
2025-12-11,SKU019,31.0,94059.58,3034.18,0
2025-12-12,SKU019,44.0,133503.92,3034.18,0
2025-12-13,SKU019,35.0,106196.3,3034.18,0
2025-12-14,SKU019,43.0,130469.74,3034.18,0
2025-12-15,SKU019,39.0,108866.38,3034.18,1
2025-12-16,SKU019,56.0,156320.95,3034.18,1
2025-12-17,SKU019,42.0,117240.72,3034.18,1
2025-12-18,SKU019,64.0,178652.52,3034.18,1
2025-12-19,SKU019,79.0,220524.2,3034.18,1
2025-12-20,SKU019,73.0,203775.53,3034.18,1
2025-12-21,SKU019,44.0,122823.61,3034.18,1
2025-12-22,SKU019,45.0,125615.05,3034.18,1
2025-12-23,SKU019,65.0,181443.96,3034.18,1
2025-12-24,SKU019,51.0,142363.73,3034.18,1
2025-12-25,SKU019,52.0,145155.17,3034.18,1
2025-12-26,SKU019,63.0,175861.07,3034.18,1
2025-12-27,SKU019,41.0,114449.27,3034.18,1
2025-12-28,SKU019,56.0,156320.95,3034.18,1
2025-12-29,SKU019,40.0,111657.82,3034.18,1
2025-12-30,SKU019,57.0,159112.4,3034.18,1
2025-12-31,SKU019,63.0,175861.07,3034.18,1
2026-01-01,SKU019,39.0,118333.02,3034.18,0
2026-01-02,SKU019,38.0,115298.84,3034.18,0
2026-01-03,SKU019,53.0,160811.54,3034.18,0
2026-01-04,SKU019,36.0,109230.48,3034.18,0
2026-01-05,SKU019,27.0,81922.86,3034.18,0
2026-01-06,SKU019,24.0,72820.32,3034.18,0
2026-01-07,SKU019,45.0,136538.1,3034.18,0
2026-01-08,SKU019,44.0,133503.92,3034.18,0
2026-01-09,SKU019,64.0,194187.52,3034.18,0
2026-01-10,SKU019,38.0,115298.84,3034.18,0
2026-01-11,SKU019,42.0,127435.56,3034.18,0
2026-01-12,SKU019,41.0,124401.38,3034.18,0
2026-01-13,SKU019,46.0,139572.28,3034.18,0
2026-01-14,SKU019,57.0,172948.26,3034.18,0
2026-01-15,SKU019,32.0,97093.76,3034.18,0
2026-01-16,SKU019,42.0,127435.56,3034.18,0
2026-01-17,SKU019,41.0,124401.38,3034.18,0
2026-01-18,SKU019,39.0,118333.02,3034.18,0
2026-01-19,SKU019,40.0,121367.2,3034.18,0
2026-01-20,SKU019,31.0,94059.58,3034.18,0
2026-01-21,SKU019,32.0,97093.76,3034.18,0
2026-01-22,SKU019,34.0,103162.12,3034.18,0
2026-01-23,SKU019,39.0,118333.02,3034.18,0
2026-01-24,SKU019,52.0,157777.36,3034.18,0
2026-01-25,SKU019,39.0,118333.02,3034.18,0
2026-01-26,SKU019,44.0,133503.92,3034.18,0
2026-01-27,SKU019,60.0,182050.8,3034.18,0
2026-01-28,SKU019,41.0,124401.38,3034.18,0
2026-01-29,SKU019,42.0,127435.56,3034.18,0
2026-01-30,SKU019,32.0,97093.76,3034.18,0
2026-01-31,SKU019,46.0,139572.28,3034.18,0
2026-02-01,SKU019,40.0,121367.2,3034.18,0
2026-02-02,SKU019,34.0,103162.12,3034.18,0
2026-02-03,SKU019,43.0,130469.74,3034.18,0
2026-02-04,SKU019,30.0,91025.4,3034.18,0
2026-02-05,SKU019,54.0,163845.72,3034.18,0
2026-02-06,SKU019,44.0,133503.92,3034.18,0
2026-02-07,SKU019,45.0,136538.1,3034.18,0
2026-02-08,SKU019,55.0,166879.9,3034.18,0
2026-02-09,SKU019,33.0,100127.94,3034.18,0
2026-02-10,SKU019,29.0,87991.22,3034.18,0
2026-02-11,SKU019,39.0,118333.02,3034.18,0
2026-02-12,SKU019,45.0,136538.1,3034.18,0
2026-02-13,SKU019,37.0,112264.66,3034.18,0
2026-02-14,SKU019,42.0,127435.56,3034.18,0
2026-02-15,SKU019,47.0,142606.46,3034.18,0
2026-02-16,SKU019,27.0,81922.86,3034.18,0
2026-02-17,SKU019,44.0,133503.92,3034.18,0
2026-02-18,SKU019,31.0,94059.58,3034.18,0
2026-02-19,SKU019,38.0,115298.84,3034.18,0
2026-02-20,SKU019,52.0,157777.36,3034.18,0
2026-02-21,SKU019,41.0,124401.38,3034.18,0
2026-02-22,SKU019,39.0,118333.02,3034.18,0
2026-02-23,SKU019,36.0,109230.48,3034.18,0
2026-02-24,SKU019,41.0,124401.38,3034.18,0
2026-02-25,SKU019,40.0,121367.2,3034.18,0
2026-02-26,SKU019,33.0,100127.94,3034.18,0
2026-02-27,SKU019,40.0,121367.2,3034.18,0
2026-02-28,SKU019,32.0,97093.76,3034.18,0
2026-03-01,SKU019,34.0,103162.12,3034.18,0
2026-03-02,SKU019,59.0,179016.62,3034.18,0
2026-03-03,SKU019,42.0,127435.56,3034.18,0
2026-03-04,SKU019,37.0,112264.66,3034.18,0
2026-03-05,SKU019,38.0,115298.84,3034.18,0
2026-03-06,SKU019,64.0,194187.52,3034.18,0
2026-03-07,SKU019,49.0,148674.82,3034.18,0
2026-03-08,SKU019,46.0,139572.28,3034.18,0
2026-03-09,SKU019,41.0,124401.38,3034.18,0
2026-03-10,SKU019,51.0,154743.18,3034.18,0
2026-03-11,SKU019,38.0,115298.84,3034.18,0
2026-03-12,SKU019,28.0,84957.04,3034.18,0
2026-03-13,SKU019,27.0,81922.86,3034.18,0
2026-03-14,SKU019,26.0,78888.68,3034.18,0
2026-03-15,SKU019,51.0,142363.73,3034.18,1
2026-03-16,SKU019,34.0,94909.15,3034.18,1
2026-03-17,SKU019,42.0,117240.72,3034.18,1
2026-03-18,SKU019,40.0,111657.82,3034.18,1
2026-03-19,SKU019,53.0,147946.62,3034.18,1
2026-03-20,SKU019,47.0,131197.94,3034.18,1
2026-03-21,SKU019,57.0,159112.4,3034.18,1
2026-03-22,SKU019,44.0,122823.61,3034.18,1
2026-03-23,SKU019,59.0,164695.29,3034.18,1
2026-03-24,SKU019,53.0,147946.62,3034.18,1
2026-03-25,SKU019,58.0,161903.84,3034.18,1
2026-03-26,SKU019,35.0,106196.3,3034.18,0
2026-03-27,SKU019,40.0,121367.2,3034.18,0
2026-03-28,SKU019,39.0,118333.02,3034.18,0
2026-03-29,SKU019,35.0,106196.3,3034.18,0
2026-03-30,SKU019,28.0,84957.04,3034.18,0
2026-03-31,SKU019,58.0,175982.44,3034.18,0
2026-04-01,SKU019,46.0,139572.28,3034.18,0
2026-04-02,SKU019,39.0,118333.02,3034.18,0
2026-04-03,SKU019,56.0,169914.08,3034.18,0
2026-04-04,SKU019,50.0,151709.0,3034.18,0
2026-04-05,SKU019,42.0,127435.56,3034.18,0
2026-04-06,SKU019,29.0,87991.22,3034.18,0
2026-04-07,SKU019,39.0,118333.02,3034.18,0
2026-04-08,SKU019,38.0,115298.84,3034.18,0
2026-04-09,SKU019,41.0,124401.38,3034.18,0
2026-04-10,SKU019,40.0,121367.2,3034.18,0
2026-04-11,SKU019,46.0,139572.28,3034.18,0
2026-04-12,SKU019,38.0,115298.84,3034.18,0
2026-04-13,SKU019,39.0,118333.02,3034.18,0
2026-04-14,SKU019,44.0,133503.92,3034.18,0
2026-04-15,SKU019,38.0,115298.84,3034.18,0
2026-04-16,SKU019,36.0,109230.48,3034.18,0
2026-04-17,SKU019,43.0,130469.74,3034.18,0
2026-04-18,SKU019,50.0,151709.0,3034.18,0
2026-04-19,SKU019,43.0,130469.74,3034.18,0
2026-04-20,SKU019,40.0,121367.2,3034.18,0
2026-04-21,SKU019,37.0,112264.66,3034.18,0
2026-04-22,SKU019,41.0,124401.38,3034.18,0
2026-04-23,SKU019,34.0,103162.12,3034.18,0
2026-04-24,SKU019,41.0,124401.38,3034.18,0
2026-04-25,SKU019,46.0,139572.28,3034.18,0
2026-04-26,SKU019,48.0,145640.64,3034.18,0
2026-04-27,SKU019,43.0,130469.74,3034.18,0
2026-04-28,SKU019,30.0,91025.4,3034.18,0
2026-04-29,SKU019,35.0,106196.3,3034.18,0
2026-04-30,SKU019,42.0,127435.56,3034.18,0
2026-05-01,SKU019,51.0,154743.18,3034.18,0
2026-05-02,SKU019,39.0,118333.02,3034.18,0
2026-05-03,SKU019,41.0,124401.38,3034.18,0
2026-05-04,SKU019,28.0,84957.04,3034.18,0
2026-05-05,SKU019,31.0,94059.58,3034.18,0
2026-05-06,SKU019,47.0,142606.46,3034.18,0
2026-05-07,SKU019,35.0,106196.3,3034.18,0
2026-05-08,SKU019,42.0,127435.56,3034.18,0
2026-05-09,SKU019,58.0,175982.44,3034.18,0
2026-05-10,SKU019,34.0,103162.12,3034.18,0
2026-05-11,SKU019,42.0,127435.56,3034.18,0
2026-05-12,SKU019,31.0,94059.58,3034.18,0
2026-05-13,SKU019,39.0,118333.02,3034.18,0
2026-05-14,SKU019,38.0,115298.84,3034.18,0
2026-05-15,SKU019,34.0,103162.12,3034.18,0
2026-05-16,SKU019,51.0,154743.18,3034.18,0
2026-05-17,SKU019,43.0,130469.74,3034.18,0
2026-05-18,SKU019,29.0,87991.22,3034.18,0
2026-05-19,SKU019,40.0,121367.2,3034.18,0
2026-05-20,SKU019,34.0,103162.12,3034.18,0
2026-05-21,SKU019,32.0,97093.76,3034.18,0
2026-05-22,SKU019,48.0,145640.64,3034.18,0
2026-05-23,SKU019,38.0,115298.84,3034.18,0
2026-05-24,SKU019,52.0,157777.36,3034.18,0
2026-05-25,SKU019,41.0,124401.38,3034.18,0
2026-05-26,SKU019,32.0,97093.76,3034.18,0
2026-05-27,SKU019,45.0,136538.1,3034.18,0
2026-05-28,SKU019,29.0,87991.22,3034.18,0
2026-05-29,SKU019,38.0,115298.84,3034.18,0
2026-05-30,SKU019,59.0,179016.62,3034.18,0
2026-05-31,SKU019,42.0,127435.56,3034.18,0
2026-06-01,SKU019,40.0,121367.2,3034.18,0
2026-06-02,SKU019,42.0,127435.56,3034.18,0
2026-06-03,SKU019,54.0,163845.72,3034.18,0
2026-06-04,SKU019,32.0,97093.76,3034.18,0
2026-06-05,SKU019,45.0,136538.1,3034.18,0
2026-06-06,SKU019,52.0,157777.36,3034.18,0
2026-06-07,SKU019,42.0,127435.56,3034.18,0
2026-06-08,SKU019,57.0,172948.26,3034.18,0
2026-06-09,SKU019,33.0,100127.94,3034.18,0
2026-06-10,SKU019,60.0,167486.74,3034.18,1
2026-06-11,SKU019,60.0,167486.74,3034.18,1
2026-06-12,SKU019,85.0,237272.88,3034.18,1
2026-06-13,SKU019,65.0,181443.96,3034.18,1
2026-06-14,SKU019,64.0,178652.52,3034.18,1
2026-06-15,SKU019,58.0,161903.84,3034.18,1
2026-06-16,SKU019,57.0,159112.4,3034.18,1
2026-06-17,SKU019,54.0,150738.06,3034.18,1
2026-06-18,SKU019,78.0,217732.76,3034.18,1
2026-06-19,SKU019,83.0,231689.98,3034.18,1
2026-06-20,SKU019,52.0,145155.17,3034.18,1
2026-06-21,SKU019,40.0,121367.2,3034.18,0
2026-06-22,SKU019,33.0,100127.94,3034.18,0
2026-06-23,SKU019,35.0,106196.3,3034.18,0
2026-06-24,SKU019,44.0,133503.92,3034.18,0
2026-06-25,SKU019,57.0,172948.26,3034.18,0
2026-06-26,SKU019,57.0,172948.26,3034.18,0
2026-06-27,SKU019,48.0,145640.64,3034.18,0
2026-06-28,SKU019,41.0,124401.38,3034.18,0
2026-06-29,SKU019,27.0,81922.86,3034.18,0
2026-06-30,SKU019,38.0,115298.84,3034.18,0
2025-02-06,SKU020,80.0,373616.8,4670.21,0
2025-02-07,SKU020,80.0,373616.8,4670.21,0
2025-02-08,SKU020,117.0,546414.57,4670.21,0
2025-02-09,SKU020,90.0,420318.9,4670.21,0
2025-02-10,SKU020,91.0,424989.11,4670.21,0
2025-02-11,SKU020,120.0,560425.2,4670.21,0
2025-02-12,SKU020,104.0,485701.84,4670.21,0
2025-02-13,SKU020,94.0,438999.74,4670.21,0
2025-02-14,SKU020,106.0,495042.26,4670.21,0
2025-02-15,SKU020,107.0,499712.47,4670.21,0
2025-02-16,SKU020,76.0,354935.96,4670.21,0
2025-02-17,SKU020,81.0,378287.01,4670.21,0
2025-02-18,SKU020,85.0,396967.85,4670.21,0
2025-02-19,SKU020,104.0,485701.84,4670.21,0
2025-02-20,SKU020,88.0,410978.48,4670.21,0
2025-02-21,SKU020,101.0,471691.21,4670.21,0
2025-02-22,SKU020,92.0,429659.32,4670.21,0
2025-02-23,SKU020,88.0,410978.48,4670.21,0
2025-02-24,SKU020,102.0,476361.42,4670.21,0
2025-02-25,SKU020,77.0,359606.17,4670.21,0
2025-02-26,SKU020,99.0,462350.79,4670.21,0
2025-02-27,SKU020,99.0,462350.79,4670.21,0
2025-02-28,SKU020,149.0,695861.29,4670.21,0
2025-03-01,SKU020,100.0,467021.0,4670.21,0
2025-03-02,SKU020,63.0,294223.23,4670.21,0
2025-03-03,SKU020,71.0,331584.91,4670.21,0
2025-03-04,SKU020,110.0,513723.1,4670.21,0
2025-03-05,SKU020,93.0,434329.53,4670.21,0
2025-03-06,SKU020,76.0,354935.96,4670.21,0
2025-03-07,SKU020,97.0,453010.37,4670.21,0
2025-03-08,SKU020,117.0,546414.57,4670.21,0
2025-03-09,SKU020,71.0,331584.91,4670.21,0
2025-03-10,SKU020,95.0,443669.95,4670.21,0
2025-03-11,SKU020,99.0,462350.79,4670.21,0
2025-03-12,SKU020,60.0,280212.6,4670.21,0
2025-03-13,SKU020,74.0,345595.54,4670.21,0
2025-03-14,SKU020,72.0,336255.12,4670.21,0
2025-03-15,SKU020,106.0,495042.26,4670.21,0
2025-03-16,SKU020,79.0,368946.59,4670.21,0
2025-03-17,SKU020,76.0,354935.96,4670.21,0
2025-03-18,SKU020,92.0,429659.32,4670.21,0
2025-03-19,SKU020,71.0,331584.91,4670.21,0
2025-03-20,SKU020,96.0,412472.95,4670.21,1
2025-03-21,SKU020,98.0,421066.13,4670.21,1
2025-03-22,SKU020,152.0,653082.17,4670.21,1
2025-03-23,SKU020,125.0,537074.15,4670.21,1
2025-03-24,SKU020,113.0,485515.03,4670.21,1
2025-03-25,SKU020,94.0,403879.76,4670.21,1
2025-03-26,SKU020,120.0,515591.18,4670.21,1
2025-03-27,SKU020,142.0,610116.23,4670.21,1
2025-03-28,SKU020,96.0,448340.16,4670.21,0
2025-03-29,SKU020,89.0,415648.69,4670.21,0
2025-03-30,SKU020,100.0,467021.0,4670.21,0
2025-03-31,SKU020,70.0,326914.7,4670.21,0
2025-04-01,SKU020,88.0,410978.48,4670.21,0
2025-04-02,SKU020,61.0,284882.81,4670.21,0
2025-04-03,SKU020,89.0,415648.69,4670.21,0
2025-04-04,SKU020,96.0,448340.16,4670.21,0
2025-04-05,SKU020,122.0,569765.62,4670.21,0
2025-04-06,SKU020,78.0,364276.38,4670.21,0
2025-04-07,SKU020,87.0,406308.27,4670.21,0
2025-04-08,SKU020,92.0,429659.32,4670.21,0
2025-04-09,SKU020,87.0,406308.27,4670.21,0
2025-04-10,SKU020,99.0,462350.79,4670.21,0
2025-04-11,SKU020,99.0,462350.79,4670.21,0
2025-04-12,SKU020,105.0,490372.05,4670.21,0
2025-04-13,SKU020,94.0,438999.74,4670.21,0
2025-04-14,SKU020,84.0,392297.64,4670.21,0
2025-04-15,SKU020,46.0,214829.66,4670.21,0
2025-04-16,SKU020,109.0,509052.89,4670.21,0
2025-04-17,SKU020,82.0,382957.22,4670.21,0
2025-04-18,SKU020,83.0,387627.43,4670.21,0
2025-04-19,SKU020,109.0,509052.89,4670.21,0
2025-04-20,SKU020,82.0,382957.22,4670.21,0
2025-04-21,SKU020,84.0,392297.64,4670.21,0
2025-04-22,SKU020,78.0,364276.38,4670.21,0
2025-04-23,SKU020,97.0,453010.37,4670.21,0
2025-04-24,SKU020,88.0,410978.48,4670.21,0
2025-04-25,SKU020,87.0,406308.27,4670.21,0
2025-04-26,SKU020,107.0,499712.47,4670.21,0
2025-04-27,SKU020,80.0,373616.8,4670.21,0
2025-04-28,SKU020,72.0,336255.12,4670.21,0
2025-04-29,SKU020,92.0,429659.32,4670.21,0
2025-04-30,SKU020,103.0,481031.63,4670.21,0
2025-05-01,SKU020,85.0,396967.85,4670.21,0
2025-05-02,SKU020,102.0,476361.42,4670.21,0
2025-05-03,SKU020,101.0,471691.21,4670.21,0
2025-05-04,SKU020,78.0,364276.38,4670.21,0
2025-05-05,SKU020,94.0,438999.74,4670.21,0
2025-05-06,SKU020,122.0,569765.62,4670.21,0
2025-05-07,SKU020,82.0,382957.22,4670.21,0
2025-05-08,SKU020,54.0,252191.34,4670.21,0
2025-05-09,SKU020,128.0,597786.88,4670.21,0
2025-05-10,SKU020,92.0,429659.32,4670.21,0
2025-05-11,SKU020,103.0,481031.63,4670.21,0
2025-05-12,SKU020,93.0,434329.53,4670.21,0
2025-05-13,SKU020,84.0,392297.64,4670.21,0
2025-05-14,SKU020,74.0,345595.54,4670.21,0
2025-05-15,SKU020,67.0,312904.07,4670.21,0
2025-05-16,SKU020,101.0,471691.21,4670.21,0
2025-05-17,SKU020,100.0,467021.0,4670.21,0
2025-05-18,SKU020,67.0,312904.07,4670.21,0
2025-05-19,SKU020,103.0,481031.63,4670.21,0
2025-05-20,SKU020,104.0,485701.84,4670.21,0
2025-05-21,SKU020,72.0,336255.12,4670.21,0
2025-05-22,SKU020,84.0,392297.64,4670.21,0
2025-05-23,SKU020,97.0,453010.37,4670.21,0
2025-05-24,SKU020,104.0,485701.84,4670.21,0
2025-05-25,SKU020,78.0,364276.38,4670.21,0
2025-05-26,SKU020,74.0,345595.54,4670.21,0
2025-05-27,SKU020,95.0,443669.95,4670.21,0
2025-05-28,SKU020,105.0,490372.05,4670.21,0
2025-05-29,SKU020,115.0,537074.15,4670.21,0
2025-05-30,SKU020,88.0,410978.48,4670.21,0
2025-05-31,SKU020,77.0,359606.17,4670.21,0
2025-06-01,SKU020,120.0,560425.2,4670.21,0
2025-06-02,SKU020,96.0,448340.16,4670.21,0
2025-06-03,SKU020,103.0,481031.63,4670.21,0
2025-06-04,SKU020,73.0,340925.33,4670.21,0
2025-06-05,SKU020,92.0,429659.32,4670.21,0
2025-06-06,SKU020,116.0,541744.36,4670.21,0
2025-06-07,SKU020,86.0,401638.06,4670.21,0
2025-06-08,SKU020,104.0,485701.84,4670.21,0
2025-06-09,SKU020,119.0,555754.99,4670.21,0
2025-06-10,SKU020,181.0,777683.37,4670.21,1
2025-06-11,SKU020,153.0,657378.76,4670.21,1
2025-06-12,SKU020,116.0,498404.81,4670.21,1
2025-06-13,SKU020,142.0,610116.23,4670.21,1
2025-06-14,SKU020,152.0,653082.17,4670.21,1
2025-06-15,SKU020,168.0,721827.66,4670.21,1
2025-06-16,SKU020,105.0,451142.29,4670.21,1
2025-06-17,SKU020,131.0,562853.71,4670.21,1
2025-06-18,SKU020,149.0,640192.39,4670.21,1
2025-06-19,SKU020,102.0,438252.51,4670.21,1
2025-06-20,SKU020,129.0,554260.52,4670.21,1
2025-06-21,SKU020,88.0,410978.48,4670.21,0
2025-06-22,SKU020,103.0,481031.63,4670.21,0
2025-06-23,SKU020,83.0,387627.43,4670.21,0
2025-06-24,SKU020,113.0,527733.73,4670.21,0
2025-06-25,SKU020,82.0,382957.22,4670.21,0
2025-06-26,SKU020,96.0,448340.16,4670.21,0
2025-06-27,SKU020,123.0,574435.83,4670.21,0
2025-06-28,SKU020,110.0,513723.1,4670.21,0
2025-06-29,SKU020,78.0,364276.38,4670.21,0
2025-06-30,SKU020,103.0,481031.63,4670.21,0
2025-07-01,SKU020,86.0,401638.06,4670.21,0
2025-07-02,SKU020,100.0,467021.0,4670.21,0
2025-07-03,SKU020,84.0,392297.64,4670.21,0
2025-07-04,SKU020,115.0,537074.15,4670.21,0
2025-07-05,SKU020,118.0,551084.78,4670.21,0
2025-07-06,SKU020,89.0,415648.69,4670.21,0
2025-07-07,SKU020,87.0,406308.27,4670.21,0
2025-07-08,SKU020,106.0,495042.26,4670.21,0
2025-07-09,SKU020,111.0,518393.31,4670.21,0
2025-07-10,SKU020,90.0,420318.9,4670.21,0
2025-07-11,SKU020,100.0,467021.0,4670.21,0
2025-07-12,SKU020,95.0,443669.95,4670.21,0
2025-07-13,SKU020,92.0,429659.32,4670.21,0
2025-07-14,SKU020,86.0,401638.06,4670.21,0
2025-07-15,SKU020,113.0,527733.73,4670.21,0
2025-07-16,SKU020,118.0,551084.78,4670.21,0
2025-07-17,SKU020,147.0,686520.87,4670.21,0
2025-07-18,SKU020,93.0,434329.53,4670.21,0
2025-07-19,SKU020,91.0,424989.11,4670.21,0
2025-07-20,SKU020,106.0,495042.26,4670.21,0
2025-07-21,SKU020,99.0,462350.79,4670.21,0
2025-07-22,SKU020,102.0,476361.42,4670.21,0
2025-07-23,SKU020,94.0,438999.74,4670.21,0
2025-07-24,SKU020,92.0,429659.32,4670.21,0
2025-07-25,SKU020,121.0,565095.41,4670.21,0
2025-07-26,SKU020,99.0,462350.79,4670.21,0
2025-07-27,SKU020,142.0,663169.82,4670.21,0
2025-07-28,SKU020,92.0,429659.32,4670.21,0
2025-07-29,SKU020,92.0,429659.32,4670.21,0
2025-07-30,SKU020,98.0,457680.58,4670.21,0
2025-07-31,SKU020,117.0,546414.57,4670.21,0
2025-08-01,SKU020,117.0,546414.57,4670.21,0
2025-08-02,SKU020,95.0,443669.95,4670.21,0
2025-08-03,SKU020,86.0,401638.06,4670.21,0
2025-08-04,SKU020,87.0,406308.27,4670.21,0
2025-08-05,SKU020,106.0,495042.26,4670.21,0
2025-08-06,SKU020,85.0,396967.85,4670.21,0
2025-08-07,SKU020,99.0,462350.79,4670.21,0
2025-08-08,SKU020,111.0,518393.31,4670.21,0
2025-08-09,SKU020,97.0,453010.37,4670.21,0
2025-08-10,SKU020,85.0,396967.85,4670.21,0
2025-08-11,SKU020,86.0,401638.06,4670.21,0
2025-08-12,SKU020,105.0,490372.05,4670.21,0
2025-08-13,SKU020,100.0,467021.0,4670.21,0
2025-08-14,SKU020,84.0,392297.64,4670.21,0
2025-08-15,SKU020,210.0,980744.1,4670.21,0
2025-08-16,SKU020,136.0,635148.56,4670.21,0
2025-08-17,SKU020,121.0,565095.41,4670.21,0
2025-08-18,SKU020,85.0,396967.85,4670.21,0
2025-08-19,SKU020,110.0,513723.1,4670.21,0
2025-08-20,SKU020,104.0,485701.84,4670.21,0
2025-08-21,SKU020,95.0,443669.95,4670.21,0
2025-08-22,SKU020,153.0,714542.13,4670.21,0
2025-08-23,SKU020,117.0,546414.57,4670.21,0
2025-08-24,SKU020,115.0,537074.15,4670.21,0
2025-08-25,SKU020,81.0,378287.01,4670.21,0
2025-08-26,SKU020,97.0,453010.37,4670.21,0
2025-08-27,SKU020,125.0,583776.25,4670.21,0
2025-08-28,SKU020,92.0,429659.32,4670.21,0
2025-08-29,SKU020,83.0,387627.43,4670.21,0
2025-08-30,SKU020,128.0,597786.88,4670.21,0
2025-08-31,SKU020,110.0,513723.1,4670.21,0
2025-09-01,SKU020,85.0,396967.85,4670.21,0
2025-09-02,SKU020,76.0,354935.96,4670.21,0
2025-09-03,SKU020,98.0,457680.58,4670.21,0
2025-09-04,SKU020,95.0,443669.95,4670.21,0
2025-09-05,SKU020,97.0,453010.37,4670.21,0
2025-09-06,SKU020,85.0,396967.85,4670.21,0
2025-09-07,SKU020,84.0,392297.64,4670.21,0
2025-09-08,SKU020,87.0,406308.27,4670.21,0
2025-09-09,SKU020,98.0,457680.58,4670.21,0
2025-09-10,SKU020,91.0,424989.11,4670.21,0
2025-09-11,SKU020,113.0,527733.73,4670.21,0
2025-09-12,SKU020,112.0,523063.52,4670.21,0
2025-09-13,SKU020,118.0,551084.78,4670.21,0
2025-09-14,SKU020,91.0,424989.11,4670.21,0
2025-09-15,SKU020,74.0,345595.54,4670.21,0
2025-09-16,SKU020,113.0,527733.73,4670.21,0
2025-09-17,SKU020,107.0,499712.47,4670.21,0
2025-09-18,SKU020,77.0,359606.17,4670.21,0
2025-09-19,SKU020,116.0,541744.36,4670.21,0
2025-09-20,SKU020,99.0,462350.79,4670.21,0
2025-09-21,SKU020,77.0,359606.17,4670.21,0
2025-09-22,SKU020,78.0,364276.38,4670.21,0
2025-09-23,SKU020,117.0,546414.57,4670.21,0
2025-09-24,SKU020,93.0,434329.53,4670.21,0
2025-09-25,SKU020,100.0,467021.0,4670.21,0
2025-09-26,SKU020,85.0,396967.85,4670.21,0
2025-09-27,SKU020,116.0,541744.36,4670.21,0
2025-09-28,SKU020,79.0,368946.59,4670.21,0
2025-09-29,SKU020,57.0,266201.97,4670.21,0
2025-09-30,SKU020,84.0,392297.64,4670.21,0
2025-10-01,SKU020,123.0,528480.96,4670.21,1
2025-10-02,SKU020,139.0,597226.45,4670.21,1
2025-10-03,SKU020,168.0,721827.66,4670.21,1
2025-10-04,SKU020,148.0,635895.79,4670.21,1
2025-10-05,SKU020,122.0,524184.37,4670.21,1
2025-10-06,SKU020,113.0,485515.03,4670.21,1
2025-10-07,SKU020,108.0,464032.07,4670.21,1
2025-10-08,SKU020,106.0,455438.88,4670.21,1
2025-10-09,SKU020,141.0,605819.64,4670.21,1
2025-10-10,SKU020,113.0,485515.03,4670.21,1
2025-10-11,SKU020,99.0,462350.79,4670.21,0
2025-10-12,SKU020,74.0,345595.54,4670.21,0
2025-10-13,SKU020,99.0,462350.79,4670.21,0
2025-10-14,SKU020,99.0,462350.79,4670.21,0
2025-10-15,SKU020,76.0,354935.96,4670.21,0
2025-10-16,SKU020,115.0,537074.15,4670.21,0
2025-10-17,SKU020,76.0,354935.96,4670.21,0
2025-10-18,SKU020,102.0,476361.42,4670.21,0
2025-10-19,SKU020,82.0,382957.22,4670.21,0
2025-10-20,SKU020,55.0,256861.55,4670.21,0
2025-10-21,SKU020,116.0,541744.36,4670.21,0
2025-10-22,SKU020,109.0,509052.89,4670.21,0
2025-10-23,SKU020,102.0,476361.42,4670.21,0
2025-10-24,SKU020,83.0,387627.43,4670.21,0
2025-10-25,SKU020,105.0,490372.05,4670.21,0
2025-10-26,SKU020,79.0,368946.59,4670.21,0
2025-10-27,SKU020,45.0,210159.45,4670.21,0
2025-10-28,SKU020,94.0,438999.74,4670.21,0
2025-10-29,SKU020,77.0,359606.17,4670.21,0
2025-10-30,SKU020,102.0,476361.42,4670.21,0
2025-10-31,SKU020,84.0,392297.64,4670.21,0
2025-11-01,SKU020,99.0,462350.79,4670.21,0
2025-11-02,SKU020,94.0,438999.74,4670.21,0
2025-11-03,SKU020,68.0,317574.28,4670.21,0
2025-11-04,SKU020,115.0,537074.15,4670.21,0
2025-11-05,SKU020,86.0,401638.06,4670.21,0
2025-11-06,SKU020,80.0,373616.8,4670.21,0
2025-11-07,SKU020,81.0,378287.01,4670.21,0
2025-11-08,SKU020,119.0,555754.99,4670.21,0
2025-11-09,SKU020,60.0,280212.6,4670.21,0
2025-11-10,SKU020,112.0,523063.52,4670.21,0
2025-11-11,SKU020,87.0,406308.27,4670.21,0
2025-11-12,SKU020,74.0,345595.54,4670.21,0
2025-11-13,SKU020,66.0,308233.86,4670.21,0
2025-11-14,SKU020,129.0,602457.09,4670.21,0
2025-11-15,SKU020,96.0,448340.16,4670.21,0
2025-11-16,SKU020,90.0,420318.9,4670.21,0
2025-11-17,SKU020,84.0,392297.64,4670.21,0
2025-11-18,SKU020,66.0,308233.86,4670.21,0
2025-11-19,SKU020,95.0,443669.95,4670.21,0
2025-11-20,SKU020,104.0,446845.69,4670.21,1
2025-11-21,SKU020,123.0,528480.96,4670.21,1
2025-11-22,SKU020,134.0,575743.49,4670.21,1
2025-11-23,SKU020,121.0,519887.78,4670.21,1
2025-11-24,SKU020,108.0,464032.07,4670.21,1
2025-11-25,SKU020,105.0,451142.29,4670.21,1
2025-11-26,SKU020,104.0,446845.69,4670.21,1
2025-11-27,SKU020,112.0,481218.44,4670.21,1
2025-11-28,SKU020,115.0,494108.22,4670.21,1
2025-11-29,SKU020,127.0,545667.34,4670.21,1
2025-11-30,SKU020,84.0,360913.83,4670.21,1
2025-12-01,SKU020,81.0,378287.01,4670.21,0
2025-12-02,SKU020,94.0,438999.74,4670.21,0
2025-12-03,SKU020,91.0,424989.11,4670.21,0
2025-12-04,SKU020,118.0,551084.78,4670.21,0
2025-12-05,SKU020,110.0,513723.1,4670.21,0
2025-12-06,SKU020,84.0,392297.64,4670.21,0
2025-12-07,SKU020,117.0,546414.57,4670.21,0
2025-12-08,SKU020,87.0,406308.27,4670.21,0
2025-12-09,SKU020,108.0,504382.68,4670.21,0
2025-12-10,SKU020,87.0,406308.27,4670.21,0
2025-12-11,SKU020,103.0,481031.63,4670.21,0
2025-12-12,SKU020,120.0,560425.2,4670.21,0
2025-12-13,SKU020,85.0,396967.85,4670.21,0
2025-12-14,SKU020,108.0,504382.68,4670.21,0
2025-12-15,SKU020,119.0,511294.59,4670.21,1
2025-12-16,SKU020,168.0,721827.66,4670.21,1
2025-12-17,SKU020,136.0,584336.68,4670.21,1
2025-12-18,SKU020,136.0,584336.68,4670.21,1
2025-12-19,SKU020,150.0,644488.98,4670.21,1
2025-12-20,SKU020,147.0,631599.2,4670.21,1
2025-12-21,SKU020,120.0,515591.18,4670.21,1
2025-12-22,SKU020,133.0,571446.9,4670.21,1
2025-12-23,SKU020,120.0,515591.18,4670.21,1
2025-12-24,SKU020,164.0,704641.28,4670.21,1
2025-12-25,SKU020,175.0,751903.81,4670.21,1
2025-12-26,SKU020,171.0,734717.44,4670.21,1
2025-12-27,SKU020,169.0,726124.25,4670.21,1
2025-12-28,SKU020,122.0,524184.37,4670.21,1
2025-12-29,SKU020,88.0,378100.2,4670.21,1
2025-12-30,SKU020,140.0,601523.05,4670.21,1
2025-12-31,SKU020,167.0,717531.06,4670.21,1
2026-01-01,SKU020,125.0,583776.25,4670.21,0
2026-01-02,SKU020,125.0,583776.25,4670.21,0
2026-01-03,SKU020,136.0,635148.56,4670.21,0
2026-01-04,SKU020,118.0,551084.78,4670.21,0
2026-01-05,SKU020,63.0,294223.23,4670.21,0
2026-01-06,SKU020,96.0,448340.16,4670.21,0
2026-01-07,SKU020,105.0,490372.05,4670.21,0
2026-01-08,SKU020,139.0,649159.19,4670.21,0
2026-01-09,SKU020,102.0,476361.42,4670.21,0
2026-01-10,SKU020,89.0,415648.69,4670.21,0
2026-01-11,SKU020,106.0,495042.26,4670.21,0
2026-01-12,SKU020,107.0,499712.47,4670.21,0
2026-01-13,SKU020,70.0,326914.7,4670.21,0
2026-01-14,SKU020,127.0,593116.67,4670.21,0
2026-01-15,SKU020,90.0,420318.9,4670.21,0
2026-01-16,SKU020,138.0,644488.98,4670.21,0
2026-01-17,SKU020,103.0,481031.63,4670.21,0
2026-01-18,SKU020,94.0,438999.74,4670.21,0
2026-01-19,SKU020,90.0,420318.9,4670.21,0
2026-01-20,SKU020,128.0,597786.88,4670.21,0
2026-01-21,SKU020,90.0,420318.9,4670.21,0
2026-01-22,SKU020,139.0,649159.19,4670.21,0
2026-01-23,SKU020,95.0,443669.95,4670.21,0
2026-01-24,SKU020,98.0,457680.58,4670.21,0
2026-01-25,SKU020,97.0,453010.37,4670.21,0
2026-01-26,SKU020,109.0,509052.89,4670.21,0
2026-01-27,SKU020,105.0,490372.05,4670.21,0
2026-01-28,SKU020,92.0,429659.32,4670.21,0
2026-01-29,SKU020,104.0,485701.84,4670.21,0
2026-01-30,SKU020,132.0,616467.72,4670.21,0
2026-01-31,SKU020,127.0,593116.67,4670.21,0
2026-02-01,SKU020,99.0,462350.79,4670.21,0
2026-02-02,SKU020,85.0,396967.85,4670.21,0
2026-02-03,SKU020,129.0,602457.09,4670.21,0
2026-02-04,SKU020,93.0,434329.53,4670.21,0
2026-02-05,SKU020,108.0,504382.68,4670.21,0
2026-02-06,SKU020,90.0,420318.9,4670.21,0
2026-02-07,SKU020,131.0,611797.51,4670.21,0
2026-02-08,SKU020,98.0,457680.58,4670.21,0
2026-02-09,SKU020,89.0,415648.69,4670.21,0
2026-02-10,SKU020,93.0,434329.53,4670.21,0
2026-02-11,SKU020,59.0,275542.39,4670.21,0
2026-02-12,SKU020,109.0,509052.89,4670.21,0
2026-02-13,SKU020,104.0,485701.84,4670.21,0
2026-02-14,SKU020,133.0,621137.93,4670.21,0
2026-02-15,SKU020,73.0,340925.33,4670.21,0
2026-02-16,SKU020,88.0,410978.48,4670.21,0
2026-02-17,SKU020,88.0,410978.48,4670.21,0
2026-02-18,SKU020,99.0,462350.79,4670.21,0
2026-02-19,SKU020,116.0,541744.36,4670.21,0
2026-02-20,SKU020,153.0,714542.13,4670.21,0
2026-02-21,SKU020,130.0,607127.3,4670.21,0
2026-02-22,SKU020,114.0,532403.94,4670.21,0
2026-02-23,SKU020,97.0,453010.37,4670.21,0
2026-02-24,SKU020,122.0,569765.62,4670.21,0
2026-02-25,SKU020,92.0,429659.32,4670.21,0
2026-02-26,SKU020,104.0,485701.84,4670.21,0
2026-02-27,SKU020,141.0,658499.61,4670.21,0
2026-02-28,SKU020,145.0,677180.45,4670.21,0
2026-03-01,SKU020,118.0,551084.78,4670.21,0
2026-03-02,SKU020,85.0,396967.85,4670.21,0
2026-03-03,SKU020,81.0,378287.01,4670.21,0
2026-03-04,SKU020,90.0,420318.9,4670.21,0
2026-03-05,SKU020,101.0,471691.21,4670.21,0
2026-03-06,SKU020,144.0,672510.24,4670.21,0
2026-03-07,SKU020,117.0,546414.57,4670.21,0
2026-03-08,SKU020,100.0,467021.0,4670.21,0
2026-03-09,SKU020,79.0,368946.59,4670.21,0
2026-03-10,SKU020,116.0,541744.36,4670.21,0
2026-03-11,SKU020,105.0,490372.05,4670.21,0
2026-03-12,SKU020,122.0,569765.62,4670.21,0
2026-03-13,SKU020,137.0,639818.77,4670.21,0
2026-03-14,SKU020,85.0,396967.85,4670.21,0
2026-03-15,SKU020,122.0,524184.37,4670.21,1
2026-03-16,SKU020,159.0,683158.32,4670.21,1
2026-03-17,SKU020,138.0,592929.86,4670.21,1
2026-03-18,SKU020,143.0,614412.83,4670.21,1
2026-03-19,SKU020,163.0,700344.69,4670.21,1
2026-03-20,SKU020,133.0,571446.9,4670.21,1
2026-03-21,SKU020,144.0,618709.42,4670.21,1
2026-03-22,SKU020,123.0,528480.96,4670.21,1
2026-03-23,SKU020,94.0,403879.76,4670.21,1
2026-03-24,SKU020,130.0,558557.12,4670.21,1
2026-03-25,SKU020,152.0,653082.17,4670.21,1
2026-03-26,SKU020,117.0,546414.57,4670.21,0
2026-03-27,SKU020,129.0,602457.09,4670.21,0
2026-03-28,SKU020,98.0,457680.58,4670.21,0
2026-03-29,SKU020,125.0,583776.25,4670.21,0
2026-03-30,SKU020,69.0,322244.49,4670.21,0
2026-03-31,SKU020,98.0,457680.58,4670.21,0
2026-04-01,SKU020,85.0,396967.85,4670.21,0
2026-04-02,SKU020,97.0,453010.37,4670.21,0
2026-04-03,SKU020,113.0,527733.73,4670.21,0
2026-04-04,SKU020,105.0,490372.05,4670.21,0
2026-04-05,SKU020,98.0,457680.58,4670.21,0
2026-04-06,SKU020,80.0,373616.8,4670.21,0
2026-04-07,SKU020,93.0,434329.53,4670.21,0
2026-04-08,SKU020,90.0,420318.9,4670.21,0
2026-04-09,SKU020,89.0,415648.69,4670.21,0
2026-04-10,SKU020,95.0,443669.95,4670.21,0
2026-04-11,SKU020,118.0,551084.78,4670.21,0
2026-04-12,SKU020,83.0,387627.43,4670.21,0
2026-04-13,SKU020,71.0,331584.91,4670.21,0
2026-04-14,SKU020,89.0,415648.69,4670.21,0
2026-04-15,SKU020,76.0,354935.96,4670.21,0
2026-04-16,SKU020,106.0,495042.26,4670.21,0
2026-04-17,SKU020,115.0,537074.15,4670.21,0
2026-04-18,SKU020,97.0,453010.37,4670.21,0
2026-04-19,SKU020,122.0,569765.62,4670.21,0
2026-04-20,SKU020,91.0,424989.11,4670.21,0
2026-04-21,SKU020,95.0,443669.95,4670.21,0
2026-04-22,SKU020,143.0,667840.03,4670.21,0
2026-04-23,SKU020,86.0,401638.06,4670.21,0
2026-04-24,SKU020,128.0,597786.88,4670.21,0
2026-04-25,SKU020,124.0,579106.04,4670.21,0
2026-04-26,SKU020,85.0,396967.85,4670.21,0
2026-04-27,SKU020,76.0,354935.96,4670.21,0
2026-04-28,SKU020,65.0,303563.65,4670.21,0
2026-04-29,SKU020,86.0,401638.06,4670.21,0
2026-04-30,SKU020,80.0,373616.8,4670.21,0
2026-05-01,SKU020,108.0,504382.68,4670.21,0
2026-05-02,SKU020,109.0,509052.89,4670.21,0
2026-05-03,SKU020,94.0,438999.74,4670.21,0
2026-05-04,SKU020,93.0,434329.53,4670.21,0
2026-05-05,SKU020,109.0,509052.89,4670.21,0
2026-05-06,SKU020,97.0,453010.37,4670.21,0
2026-05-07,SKU020,100.0,467021.0,4670.21,0
2026-05-08,SKU020,109.0,509052.89,4670.21,0
2026-05-09,SKU020,127.0,593116.67,4670.21,0
2026-05-10,SKU020,92.0,429659.32,4670.21,0
2026-05-11,SKU020,102.0,476361.42,4670.21,0
2026-05-12,SKU020,101.0,471691.21,4670.21,0
2026-05-13,SKU020,121.0,565095.41,4670.21,0
2026-05-14,SKU020,94.0,438999.74,4670.21,0
2026-05-15,SKU020,127.0,593116.67,4670.21,0
2026-05-16,SKU020,132.0,616467.72,4670.21,0
2026-05-17,SKU020,67.0,312904.07,4670.21,0
2026-05-18,SKU020,91.0,424989.11,4670.21,0
2026-05-19,SKU020,94.0,438999.74,4670.21,0
2026-05-20,SKU020,117.0,546414.57,4670.21,0
2026-05-21,SKU020,104.0,485701.84,4670.21,0
2026-05-22,SKU020,96.0,448340.16,4670.21,0
2026-05-23,SKU020,94.0,438999.74,4670.21,0
2026-05-24,SKU020,96.0,448340.16,,0
2026-05-25,SKU020,76.0,354935.96,4670.21,0
2026-05-26,SKU020,166.0,775254.86,4670.21,0
2026-05-27,SKU020,103.0,481031.63,4670.21,0
2026-05-28,SKU020,135.0,630478.35,4670.21,0
2026-05-29,SKU020,102.0,476361.42,4670.21,0
2026-05-30,SKU020,117.0,546414.57,4670.21,0
2026-05-31,SKU020,107.0,499712.47,4670.21,0
2026-06-01,SKU020,102.0,476361.42,4670.21,0
2026-06-02,SKU020,131.0,611797.51,4670.21,0
2026-06-03,SKU020,111.0,518393.31,4670.21,0
2026-06-04,SKU020,113.0,527733.73,4670.21,0
2026-06-05,SKU020,112.0,523063.52,4670.21,0
2026-06-06,SKU020,132.0,616467.72,4670.21,0
2026-06-07,SKU020,150.0,700531.5,4670.21,0
2026-06-08,SKU020,131.0,611797.51,4670.21,0
2026-06-09,SKU020,102.0,476361.42,4670.21,0
2026-06-10,SKU020,120.0,515591.18,4670.21,1
2026-06-11,SKU020,171.0,734717.44,4670.21,1
2026-06-12,SKU020,181.0,777683.37,4670.21,1
2026-06-13,SKU020,160.0,687454.91,4670.21,1
2026-06-14,SKU020,126.0,541370.74,4670.21,1
2026-06-15,SKU020,118.0,506998.0,4670.21,1
2026-06-16,SKU020,135.0,580040.08,4670.21,1
2026-06-17,SKU020,183.0,786276.56,4670.21,1
2026-06-18,SKU020,159.0,683158.32,4670.21,1
2026-06-19,SKU020,169.0,726124.25,4670.21,1
2026-06-20,SKU020,164.0,704641.28,4670.21,1
2026-06-21,SKU020,74.0,345595.54,4670.21,0
2026-06-22,SKU020,92.0,429659.32,4670.21,0
2026-06-23,SKU020,122.0,569765.62,4670.21,0
2026-06-24,SKU020,105.0,490372.05,4670.21,0
2026-06-25,SKU020,89.0,415648.69,4670.21,0
2026-06-26,SKU020,165.0,770584.65,4670.21,0
2026-06-27,SKU020,107.0,499712.47,4670.21,0
2026-06-28,SKU020,154.0,719212.34,4670.21,0
2026-06-29,SKU020,143.0,667840.03,4670.21,0
2026-06-30,SKU020,122.0,569765.62,4670.21,0
2025-02-20,SKU021,97.0,61871.45,637.85,0
2025-02-21,SKU021,108.0,68887.8,637.85,0
2025-02-22,SKU021,79.0,50390.15,637.85,0
2025-02-23,SKU021,77.0,49114.45,637.85,0
2025-02-24,SKU021,72.0,45925.2,637.85,0
2025-02-25,SKU021,75.0,47838.75,637.85,0
2025-02-26,SKU021,82.0,52303.7,637.85,0
2025-02-27,SKU021,61.0,38908.85,637.85,0
2025-02-28,SKU021,70.0,44649.5,637.85,0
2025-03-01,SKU021,77.0,49114.45,637.85,0
2025-03-02,SKU021,48.0,30616.8,637.85,0
2025-03-03,SKU021,70.0,44649.5,637.85,0
2025-03-04,SKU021,80.0,51028.0,637.85,0
2025-03-05,SKU021,59.0,37633.15,637.85,0
2025-03-06,SKU021,76.0,48476.6,637.85,0
2025-03-07,SKU021,65.0,41460.25,637.85,0
2025-03-08,SKU021,105.0,66974.25,637.85,0
2025-03-09,SKU021,114.0,72714.9,637.85,0
2025-03-10,SKU021,71.0,45287.35,637.85,0
2025-03-11,SKU021,99.0,63147.15,637.85,0
2025-03-12,SKU021,68.0,43373.8,637.85,0
2025-03-13,SKU021,61.0,38908.85,637.85,0
2025-03-14,SKU021,56.0,35719.6,637.85,0
2025-03-15,SKU021,124.0,79093.4,637.85,0
2025-03-16,SKU021,48.0,30616.8,637.85,0
2025-03-17,SKU021,58.0,36995.3,637.85,0
2025-03-18,SKU021,61.0,38908.85,637.85,0
2025-03-19,SKU021,87.0,55492.95,637.85,0
2025-03-20,SKU021,108.0,63376.78,637.85,1
2025-03-21,SKU021,106.0,62203.13,637.85,1
2025-03-22,SKU021,,65724.06,637.85,1
2025-03-23,SKU021,84.0,49293.05,637.85,1
2025-03-24,SKU021,86.0,50466.69,637.85,1
2025-03-25,SKU021,110.0,64550.42,637.85,1
2025-03-26,SKU021,101.0,59269.02,637.85,1
2025-03-27,SKU021,87.0,51053.51,637.85,1
2025-03-28,SKU021,104.0,66336.4,637.85,0
2025-03-29,SKU021,83.0,52941.55,637.85,0
2025-03-30,SKU021,87.0,55492.95,637.85,0
2025-03-31,SKU021,58.0,36995.3,637.85,0
2025-04-01,SKU021,66.0,42098.1,637.85,0
2025-04-02,SKU021,91.0,58044.35,637.85,0
2025-04-03,SKU021,48.0,30616.8,637.85,0
2025-04-04,SKU021,59.0,37633.15,637.85,0
2025-04-05,SKU021,79.0,50390.15,637.85,0
2025-04-06,SKU021,64.0,40822.4,637.85,0
2025-04-07,SKU021,53.0,33806.05,637.85,0
2025-04-08,SKU021,72.0,45925.2,637.85,0
2025-04-09,SKU021,62.0,39546.7,637.85,0
2025-04-10,SKU021,76.0,48476.6,637.85,0
2025-04-11,SKU021,79.0,50390.15,637.85,0
2025-04-12,SKU021,94.0,59957.9,637.85,0
2025-04-13,SKU021,56.0,35719.6,637.85,0
2025-04-14,SKU021,63.0,40184.55,637.85,0
2025-04-15,SKU021,87.0,55492.95,637.85,0
2025-04-16,SKU021,70.0,44649.5,637.85,0
2025-04-17,SKU021,63.0,40184.55,637.85,0
2025-04-18,SKU021,78.0,49752.3,637.85,0
2025-04-19,SKU021,103.0,65698.55,637.85,0
2025-04-20,SKU021,65.0,41460.25,637.85,0
2025-04-21,SKU021,58.0,36995.3,637.85,0
2025-04-22,SKU021,65.0,41460.25,637.85,0
2025-04-23,SKU021,48.0,30616.8,637.85,0
2025-04-24,SKU021,86.0,54855.1,637.85,0
2025-04-25,SKU021,72.0,45925.2,637.85,0
2025-04-26,SKU021,84.0,53579.4,637.85,0
2025-04-27,SKU021,71.0,45287.35,637.85,0
2025-04-28,SKU021,60.0,38271.0,637.85,0
2025-04-29,SKU021,84.0,53579.4,637.85,0
2025-04-30,SKU021,63.0,40184.55,637.85,0
2025-05-01,SKU021,69.0,44011.65,637.85,0
2025-05-02,SKU021,93.0,59320.05,637.85,0
2025-05-03,SKU021,108.0,68887.8,637.85,0
2025-05-04,SKU021,72.0,45925.2,637.85,0
2025-05-05,SKU021,45.0,28703.25,637.85,0
2025-05-06,SKU021,77.0,49114.45,637.85,0
2025-05-07,SKU021,77.0,49114.45,637.85,0
2025-05-08,SKU021,69.0,44011.65,637.85,0
2025-05-09,SKU021,72.0,45925.2,637.85,0
2025-05-10,SKU021,76.0,48476.6,637.85,0
2025-05-11,SKU021,70.0,44649.5,637.85,0
2025-05-12,SKU021,69.0,44011.65,637.85,0
2025-05-13,SKU021,76.0,48476.6,637.85,0
2025-05-14,SKU021,59.0,37633.15,637.85,0
2025-05-15,SKU021,88.0,56130.8,637.85,0
2025-05-16,SKU021,71.0,45287.35,637.85,0
2025-05-17,SKU021,73.0,46563.05,637.85,0
2025-05-18,SKU021,70.0,44649.5,637.85,0
2025-05-19,SKU021,63.0,40184.55,637.85,0
2025-05-20,SKU021,78.0,49752.3,637.85,0
2025-05-21,SKU021,78.0,49752.3,637.85,0
2025-05-22,SKU021,67.0,42735.95,637.85,0
2025-05-23,SKU021,89.0,56768.65,637.85,0
2025-05-24,SKU021,84.0,53579.4,637.85,0
2025-05-25,SKU021,71.0,45287.35,637.85,0
2025-05-26,SKU021,85.0,54217.25,637.85,0
2025-05-27,SKU021,108.0,68887.8,637.85,0
2025-05-28,SKU021,77.0,49114.45,637.85,0
2025-05-29,SKU021,49.0,31254.65,637.85,0
2025-05-30,SKU021,61.0,38908.85,637.85,0
2025-05-31,SKU021,73.0,46563.05,637.85,0
2025-06-01,SKU021,74.0,47200.9,637.85,0
2025-06-02,SKU021,83.0,52941.55,637.85,0
2025-06-03,SKU021,67.0,42735.95,637.85,0
2025-06-04,SKU021,81.0,51665.85,637.85,0
2025-06-05,SKU021,69.0,44011.65,637.85,0
2025-06-06,SKU021,116.0,73990.6,637.85,0
2025-06-07,SKU021,100.0,63785.0,637.85,0
2025-06-08,SKU021,77.0,49114.45,637.85,0
2025-06-09,SKU021,110.0,70163.5,637.85,0
2025-06-10,SKU021,122.0,71592.28,637.85,1
2025-06-11,SKU021,122.0,71592.28,637.85,1
2025-06-12,SKU021,124.0,72765.93,637.85,1
2025-06-13,SKU021,131.0,76873.68,637.85,1
2025-06-14,SKU021,102.0,59855.84,637.85,1
2025-06-15,SKU021,125.0,73352.75,637.85,1
2025-06-16,SKU021,,53987.62,637.85,1
2025-06-17,SKU021,91.0,53400.8,637.85,1
2025-06-18,SKU021,133.0,78047.33,637.85,1
2025-06-19,SKU021,125.0,73352.75,637.85,1
2025-06-20,SKU021,143.0,83915.55,637.85,1
2025-06-21,SKU021,112.0,71439.2,637.85,0
2025-06-22,SKU021,74.0,47200.9,637.85,0
2025-06-23,SKU021,74.0,47200.9,637.85,0
2025-06-24,SKU021,96.0,61233.6,637.85,0
2025-06-25,SKU021,72.0,45925.2,637.85,0
2025-06-26,SKU021,102.0,65060.7,637.85,0
2025-06-27,SKU021,101.0,64422.85,637.85,0
2025-06-28,SKU021,80.0,51028.0,637.85,0
2025-06-29,SKU021,74.0,47200.9,637.85,0
2025-06-30,SKU021,96.0,61233.6,637.85,0
2025-07-01,SKU021,67.0,42735.95,637.85,0
2025-07-02,SKU021,101.0,64422.85,637.85,0
2025-07-03,SKU021,100.0,63785.0,637.85,0
2025-07-04,SKU021,69.0,44011.65,637.85,0
2025-07-05,SKU021,112.0,71439.2,637.85,0
2025-07-06,SKU021,106.0,67612.1,637.85,0
2025-07-07,SKU021,80.0,51028.0,637.85,0
2025-07-08,SKU021,82.0,52303.7,637.85,0
2025-07-09,SKU021,80.0,51028.0,637.85,0
2025-07-10,SKU021,85.0,54217.25,637.85,0
2025-07-11,SKU021,121.0,77179.85,637.85,0
2025-07-12,SKU021,90.0,57406.5,637.85,0
2025-07-13,SKU021,106.0,67612.1,637.85,0
2025-07-14,SKU021,63.0,40184.55,637.85,0
2025-07-15,SKU021,118.0,75266.3,637.85,0
2025-07-16,SKU021,70.0,44649.5,637.85,0
2025-07-17,SKU021,107.0,68249.95,637.85,0
2025-07-18,SKU021,93.0,59320.05,637.85,0
2025-07-19,SKU021,133.0,84834.05,637.85,0
2025-07-20,SKU021,,56130.8,637.85,0
2025-07-21,SKU021,81.0,51665.85,637.85,0
2025-07-22,SKU021,76.0,48476.6,637.85,0
2025-07-23,SKU021,75.0,47838.75,637.85,0
2025-07-24,SKU021,83.0,52941.55,637.85,0
2025-07-25,SKU021,88.0,56130.8,637.85,0
2025-07-26,SKU021,96.0,61233.6,637.85,0
2025-07-27,SKU021,67.0,42735.95,637.85,0
2025-07-28,SKU021,57.0,36357.45,637.85,0
2025-07-29,SKU021,100.0,63785.0,637.85,0
2025-07-30,SKU021,52.0,33168.2,637.85,0
2025-07-31,SKU021,73.0,46563.05,637.85,0
2025-08-01,SKU021,102.0,65060.7,637.85,0
2025-08-02,SKU021,69.0,44011.65,637.85,0
2025-08-03,SKU021,75.0,47838.75,637.85,0
2025-08-04,SKU021,74.0,47200.9,637.85,0
2025-08-05,SKU021,84.0,53579.4,637.85,0
2025-08-06,SKU021,109.0,69525.65,637.85,0
2025-08-07,SKU021,90.0,57406.5,637.85,0
2025-08-08,SKU021,92.0,58682.2,637.85,0
2025-08-09,SKU021,81.0,51665.85,637.85,0
2025-08-10,SKU021,123.0,78455.55,637.85,0
2025-08-11,SKU021,79.0,50390.15,637.85,0
2025-08-12,SKU021,84.0,53579.4,637.85,0
2025-08-13,SKU021,73.0,46563.05,637.85,0
2025-08-14,SKU021,67.0,42735.95,637.85,0
2025-08-15,SKU021,120.0,76542.0,637.85,0
2025-08-16,SKU021,123.0,78455.55,637.85,0
2025-08-17,SKU021,87.0,55492.95,637.85,0
2025-08-18,SKU021,70.0,44649.5,637.85,0
2025-08-19,SKU021,107.0,68249.95,637.85,0
2025-08-20,SKU021,81.0,51665.85,637.85,0
2025-08-21,SKU021,78.0,49752.3,637.85,0
2025-08-22,SKU021,95.0,60595.75,637.85,0
2025-08-23,SKU021,111.0,70801.35,637.85,0
2025-08-24,SKU021,65.0,41460.25,637.85,0
2025-08-25,SKU021,61.0,38908.85,637.85,0
2025-08-26,SKU021,109.0,69525.65,637.85,0
2025-08-27,SKU021,61.0,38908.85,637.85,0
2025-08-28,SKU021,85.0,54217.25,637.85,0
2025-08-29,SKU021,99.0,63147.15,637.85,0
2025-08-30,SKU021,84.0,53579.4,637.85,0
2025-08-31,SKU021,84.0,53579.4,637.85,0
2025-09-01,SKU021,58.0,36995.3,637.85,0
2025-09-02,SKU021,50.0,31892.5,637.85,0
2025-09-03,SKU021,44.0,28065.4,637.85,0
2025-09-04,SKU021,76.0,48476.6,637.85,0
2025-09-05,SKU021,78.0,49752.3,637.85,0
2025-09-06,SKU021,86.0,54855.1,637.85,0
2025-09-07,SKU021,79.0,50390.15,637.85,0
2025-09-08,SKU021,58.0,36995.3,637.85,0
2025-09-09,SKU021,62.0,39546.7,637.85,0
2025-09-10,SKU021,82.0,52303.7,637.85,0
2025-09-11,SKU021,100.0,63785.0,637.85,0
2025-09-12,SKU021,78.0,49752.3,637.85,0
2025-09-13,SKU021,82.0,52303.7,637.85,0
2025-09-14,SKU021,72.0,45925.2,637.85,0
2025-09-15,SKU021,69.0,44011.65,637.85,0
2025-09-16,SKU021,79.0,50390.15,637.85,0
2025-09-17,SKU021,68.0,43373.8,637.85,0
2025-09-18,SKU021,60.0,38271.0,637.85,0
2025-09-19,SKU021,59.0,37633.15,637.85,0
2025-09-20,SKU021,113.0,72077.05,637.85,0
2025-09-21,SKU021,71.0,45287.35,637.85,0
2025-09-22,SKU021,71.0,45287.35,637.85,0
2025-09-23,SKU021,70.0,44649.5,637.85,0
2025-09-24,SKU021,62.0,39546.7,637.85,0
2025-09-25,SKU021,51.0,32530.35,637.85,0
2025-09-26,SKU021,116.0,73990.6,637.85,0
2025-09-27,SKU021,104.0,66336.4,637.85,0
2025-09-28,SKU021,70.0,44649.5,637.85,0
2025-09-29,SKU021,53.0,33806.05,637.85,0
2025-09-30,SKU021,60.0,38271.0,637.85,0
2025-10-01,SKU021,90.0,52813.98,637.85,1
2025-10-02,SKU021,77.0,45185.29,637.85,1
2025-10-03,SKU021,117.0,68658.17,637.85,1
2025-10-04,SKU021,127.0,74526.39,637.85,1
2025-10-05,SKU021,102.0,59855.84,637.85,1
2025-10-06,SKU021,95.0,55748.09,637.85,1
2025-10-07,SKU021,132.0,77460.5,637.85,1
2025-10-08,SKU021,117.0,68658.17,637.85,1
2025-10-09,SKU021,89.0,52227.16,637.85,1
2025-10-10,SKU021,112.0,65724.06,637.85,1
2025-10-11,SKU021,103.0,65698.55,637.85,0
2025-10-12,SKU021,71.0,45287.35,637.85,0
2025-10-13,SKU021,77.0,49114.45,637.85,0
2025-10-14,SKU021,103.0,65698.55,637.85,0
2025-10-15,SKU021,69.0,44011.65,637.85,0
2025-10-16,SKU021,52.0,33168.2,637.85,0
2025-10-17,SKU021,82.0,52303.7,637.85,0
2025-10-18,SKU021,99.0,63147.15,637.85,0
2025-10-19,SKU021,48.0,30616.8,637.85,0
2025-10-20,SKU021,67.0,42735.95,637.85,0
2025-10-21,SKU021,66.0,42098.1,637.85,0
2025-10-22,SKU021,67.0,42735.95,637.85,0
2025-10-23,SKU021,63.0,40184.55,637.85,0
2025-10-24,SKU021,98.0,62509.3,637.85,0
2025-10-25,SKU021,75.0,47838.75,637.85,0
2025-10-26,SKU021,87.0,55492.95,637.85,0
2025-10-27,SKU021,70.0,44649.5,637.85,0
2025-10-28,SKU021,59.0,37633.15,637.85,0
2025-10-29,SKU021,60.0,38271.0,637.85,0
2025-10-30,SKU021,76.0,48476.6,637.85,0
2025-10-31,SKU021,96.0,61233.6,637.85,0
2025-11-01,SKU021,129.0,82282.65,637.85,0
2025-11-02,SKU021,80.0,51028.0,637.85,0
2025-11-03,SKU021,65.0,41460.25,637.85,0
2025-11-04,SKU021,85.0,54217.25,637.85,0
2025-11-05,SKU021,89.0,56768.65,637.85,0
2025-11-06,SKU021,98.0,62509.3,637.85,0
2025-11-07,SKU021,81.0,51665.85,637.85,0
2025-11-08,SKU021,90.0,57406.5,637.85,0
2025-11-09,SKU021,64.0,40822.4,637.85,0
2025-11-10,SKU021,71.0,45287.35,637.85,0
2025-11-11,SKU021,79.0,50390.15,637.85,0
2025-11-12,SKU021,69.0,44011.65,637.85,0
2025-11-13,SKU021,58.0,36995.3,637.85,0
2025-11-14,SKU021,92.0,58682.2,637.85,0
2025-11-15,SKU021,93.0,59320.05,637.85,0
2025-11-16,SKU021,70.0,44649.5,637.85,0
2025-11-17,SKU021,62.0,39546.7,637.85,0
2025-11-18,SKU021,109.0,69525.65,637.85,0
2025-11-19,SKU021,79.0,50390.15,637.85,0
2025-11-20,SKU021,93.0,54574.45,637.85,1
2025-11-21,SKU021,123.0,72179.11,637.85,1
2025-11-22,SKU021,102.0,59855.84,637.85,1
2025-11-23,SKU021,111.0,65137.24,637.85,1
2025-11-24,SKU021,103.0,60442.67,637.85,1
2025-11-25,SKU021,139.0,81568.26,637.85,1
2025-11-26,SKU021,102.0,59855.84,637.85,1
2025-11-27,SKU021,103.0,60442.67,637.85,1
2025-11-28,SKU021,132.0,77460.5,637.85,1
2025-11-29,SKU021,97.0,56921.73,637.85,1
2025-11-30,SKU021,79.0,46358.94,637.85,1
2025-12-01,SKU021,,52303.7,637.85,0
2025-12-02,SKU021,86.0,54855.1,637.85,0
2025-12-03,SKU021,81.0,51665.85,637.85,0
2025-12-04,SKU021,101.0,64422.85,637.85,0
2025-12-05,SKU021,77.0,49114.45,637.85,0
2025-12-06,SKU021,76.0,48476.6,,0
2025-12-07,SKU021,77.0,49114.45,637.85,0
2025-12-08,SKU021,61.0,38908.85,637.85,0
2025-12-09,SKU021,89.0,56768.65,637.85,0
2025-12-10,SKU021,90.0,57406.5,637.85,0
2025-12-11,SKU021,70.0,44649.5,637.85,0
2025-12-12,SKU021,94.0,59957.9,637.85,0
2025-12-13,SKU021,83.0,52941.55,637.85,0
2025-12-14,SKU021,78.0,49752.3,637.85,0
2025-12-15,SKU021,115.0,67484.53,637.85,1
2025-12-16,SKU021,105.0,61616.31,637.85,1
2025-12-17,SKU021,99.0,58095.38,637.85,1
2025-12-18,SKU021,131.0,76873.68,637.85,1
2025-12-19,SKU021,157.0,92131.05,637.85,1
2025-12-20,SKU021,128.0,75113.22,637.85,1
2025-12-21,SKU021,121.0,71005.46,637.85,1
2025-12-22,SKU021,99.0,58095.38,637.85,1
2025-12-23,SKU021,99.0,58095.38,637.85,1
2025-12-24,SKU021,122.0,71592.28,637.85,1
2025-12-25,SKU021,152.0,89196.94,637.85,1
2025-12-26,SKU021,89.0,52227.16,637.85,1
2025-12-27,SKU021,124.0,72765.93,637.85,1
2025-12-28,SKU021,130.0,76286.86,637.85,1
2025-12-29,SKU021,103.0,60442.67,637.85,1
2025-12-30,SKU021,122.0,71592.28,637.85,1
2025-12-31,SKU021,129.0,75700.04,637.85,1
2026-01-01,SKU021,100.0,63785.0,637.85,0
2026-01-02,SKU021,121.0,77179.85,637.85,0
2026-01-03,SKU021,117.0,74628.45,637.85,0
2026-01-04,SKU021,84.0,53579.4,637.85,0
2026-01-05,SKU021,69.0,44011.65,637.85,0
2026-01-06,SKU021,77.0,49114.45,637.85,0
2026-01-07,SKU021,58.0,36995.3,637.85,0
2026-01-08,SKU021,115.0,73352.75,637.85,0
2026-01-09,SKU021,99.0,63147.15,637.85,0
2026-01-10,SKU021,103.0,65698.55,637.85,0
2026-01-11,SKU021,77.0,49114.45,637.85,0
2026-01-12,SKU021,74.0,47200.9,637.85,0
2026-01-13,SKU021,90.0,57406.5,637.85,0
2026-01-14,SKU021,99.0,63147.15,637.85,0
2026-01-15,SKU021,110.0,70163.5,637.85,0
2026-01-16,SKU021,79.0,50390.15,637.85,0
2026-01-17,SKU021,112.0,71439.2,637.85,0
2026-01-18,SKU021,74.0,47200.9,637.85,0
2026-01-19,SKU021,60.0,38271.0,637.85,0
2026-01-20,SKU021,97.0,61871.45,637.85,0
2026-01-21,SKU021,74.0,47200.9,637.85,0
2026-01-22,SKU021,92.0,58682.2,637.85,0
2026-01-23,SKU021,93.0,59320.05,637.85,0
2026-01-24,SKU021,83.0,52941.55,637.85,0
2026-01-25,SKU021,79.0,50390.15,637.85,0
2026-01-26,SKU021,90.0,57406.5,637.85,0
2026-01-27,SKU021,93.0,59320.05,637.85,0
2026-01-28,SKU021,97.0,61871.45,637.85,0
2026-01-29,SKU021,102.0,65060.7,637.85,0
2026-01-30,SKU021,94.0,59957.9,637.85,0
2026-01-31,SKU021,97.0,61871.45,637.85,0
2026-02-01,SKU021,118.0,75266.3,637.85,0
2026-02-02,SKU021,66.0,42098.1,637.85,0
2026-02-03,SKU021,74.0,47200.9,637.85,0
2026-02-04,SKU021,71.0,45287.35,637.85,0
2026-02-05,SKU021,112.0,71439.2,637.85,0
2026-02-06,SKU021,130.0,82920.5,637.85,0
2026-02-07,SKU021,84.0,53579.4,637.85,0
2026-02-08,SKU021,98.0,62509.3,637.85,0
2026-02-09,SKU021,109.0,69525.65,637.85,0
2026-02-10,SKU021,85.0,54217.25,,0
2026-02-11,SKU021,90.0,57406.5,637.85,0
2026-02-12,SKU021,89.0,56768.65,637.85,0
2026-02-13,SKU021,93.0,59320.05,637.85,0
2026-02-14,SKU021,82.0,52303.7,637.85,0
2026-02-15,SKU021,102.0,65060.7,637.85,0
2026-02-16,SKU021,68.0,43373.8,637.85,0
2026-02-17,SKU021,75.0,47838.75,637.85,0
2026-02-18,SKU021,73.0,46563.05,637.85,0
2026-02-19,SKU021,80.0,51028.0,637.85,0
2026-02-20,SKU021,93.0,59320.05,637.85,0
2026-02-21,SKU021,102.0,65060.7,637.85,0
2026-02-22,SKU021,83.0,52941.55,637.85,0
2026-02-23,SKU021,64.0,40822.4,637.85,0
2026-02-24,SKU021,72.0,45925.2,637.85,0
2026-02-25,SKU021,75.0,47838.75,637.85,0
2026-02-26,SKU021,78.0,49752.3,637.85,0
2026-02-27,SKU021,118.0,75266.3,637.85,0
2026-02-28,SKU021,81.0,51665.85,637.85,0
2026-03-01,SKU021,101.0,64422.85,637.85,0
2026-03-02,SKU021,66.0,42098.1,637.85,0
2026-03-03,SKU021,88.0,56130.8,637.85,0
2026-03-04,SKU021,78.0,49752.3,637.85,0
2026-03-05,SKU021,84.0,53579.4,637.85,0
2026-03-06,SKU021,80.0,51028.0,637.85,0
2026-03-07,SKU021,120.0,76542.0,637.85,0
2026-03-08,SKU021,74.0,47200.9,637.85,0
2026-03-09,SKU021,94.0,59957.9,637.85,0
2026-03-10,SKU021,98.0,62509.3,637.85,0
2026-03-11,SKU021,87.0,55492.95,637.85,0
2026-03-12,SKU021,93.0,59320.05,637.85,0
2026-03-13,SKU021,90.0,57406.5,637.85,0
2026-03-14,SKU021,118.0,75266.3,637.85,0
2026-03-15,SKU021,118.0,69245.0,637.85,1
2026-03-16,SKU021,108.0,63376.78,637.85,1
2026-03-17,SKU021,75.0,44011.65,637.85,1
2026-03-18,SKU021,104.0,61029.49,637.85,1
2026-03-19,SKU021,115.0,67484.53,637.85,1
2026-03-20,SKU021,106.0,62203.13,637.85,1
2026-03-21,SKU021,131.0,76873.68,637.85,1
2026-03-22,SKU021,96.0,56334.91,637.85,1
2026-03-23,SKU021,106.0,62203.13,637.85,1
2026-03-24,SKU021,129.0,75700.04,637.85,1
2026-03-25,SKU021,72.0,42251.18,637.85,1
2026-03-26,SKU021,84.0,53579.4,637.85,0
2026-03-27,SKU021,84.0,53579.4,637.85,0
2026-03-28,SKU021,73.0,46563.05,637.85,0
2026-03-29,SKU021,84.0,53579.4,637.85,0
2026-03-30,SKU021,60.0,38271.0,637.85,0
2026-03-31,SKU021,86.0,54855.1,637.85,0
2026-04-01,SKU021,70.0,44649.5,637.85,0
2026-04-02,SKU021,71.0,45287.35,637.85,0
2026-04-03,SKU021,97.0,61871.45,637.85,0
2026-04-04,SKU021,114.0,72714.9,637.85,0
2026-04-05,SKU021,84.0,53579.4,637.85,0
2026-04-06,SKU021,72.0,45925.2,637.85,0
2026-04-07,SKU021,67.0,42735.95,637.85,0
2026-04-08,SKU021,102.0,65060.7,637.85,0
2026-04-09,SKU021,89.0,56768.65,637.85,0
2026-04-10,SKU021,67.0,42735.95,637.85,0
2026-04-11,SKU021,101.0,64422.85,637.85,0
2026-04-12,SKU021,72.0,45925.2,637.85,0
2026-04-13,SKU021,59.0,37633.15,637.85,0
2026-04-14,SKU021,95.0,60595.75,637.85,0
2026-04-15,SKU021,76.0,48476.6,637.85,0
2026-04-16,SKU021,97.0,61871.45,637.85,0
2026-04-17,SKU021,97.0,61871.45,637.85,0
2026-04-18,SKU021,89.0,56768.65,637.85,0
2026-04-19,SKU021,84.0,53579.4,637.85,0
2026-04-20,SKU021,61.0,38908.85,637.85,0
2026-04-21,SKU021,92.0,58682.2,637.85,0
2026-04-22,SKU021,91.0,58044.35,637.85,0
2026-04-23,SKU021,77.0,49114.45,637.85,0
2026-04-24,SKU021,106.0,67612.1,637.85,0
2026-04-25,SKU021,90.0,57406.5,637.85,0
2026-04-26,SKU021,77.0,49114.45,637.85,0
2026-04-27,SKU021,68.0,43373.8,637.85,0
2026-04-28,SKU021,60.0,38271.0,637.85,0
2026-04-29,SKU021,100.0,63785.0,637.85,0
2026-04-30,SKU021,61.0,38908.85,637.85,0
2026-05-01,SKU021,99.0,63147.15,637.85,0
2026-05-02,SKU021,106.0,67612.1,637.85,0
2026-05-03,SKU021,81.0,51665.85,637.85,0
2026-05-04,SKU021,86.0,54855.1,637.85,0
2026-05-05,SKU021,76.0,48476.6,637.85,0
2026-05-06,SKU021,84.0,53579.4,637.85,0
2026-05-07,SKU021,87.0,55492.95,637.85,0
2026-05-08,SKU021,86.0,54855.1,637.85,0
2026-05-09,SKU021,90.0,57406.5,637.85,0
2026-05-10,SKU021,111.0,70801.35,637.85,0
2026-05-11,SKU021,90.0,57406.5,637.85,0
2026-05-12,SKU021,51.0,32530.35,637.85,0
2026-05-13,SKU021,94.0,59957.9,637.85,0
2026-05-14,SKU021,81.0,51665.85,637.85,0
2026-05-15,SKU021,89.0,56768.65,637.85,0
2026-05-16,SKU021,86.0,54855.1,637.85,0
2026-05-17,SKU021,85.0,54217.25,637.85,0
2026-05-18,SKU021,67.0,42735.95,637.85,0
2026-05-19,SKU021,73.0,46563.05,637.85,0
2026-05-20,SKU021,104.0,66336.4,637.85,0
2026-05-21,SKU021,85.0,54217.25,637.85,0
2026-05-22,SKU021,113.0,72077.05,637.85,0
2026-05-23,SKU021,96.0,61233.6,637.85,0
2026-05-24,SKU021,78.0,49752.3,637.85,0
2026-05-25,SKU021,60.0,38271.0,637.85,0
2026-05-26,SKU021,84.0,53579.4,637.85,0
2026-05-27,SKU021,83.0,52941.55,637.85,0
2026-05-28,SKU021,56.0,35719.6,637.85,0
2026-05-29,SKU021,79.0,50390.15,637.85,0
2026-05-30,SKU021,114.0,72714.9,637.85,0
2026-05-31,SKU021,81.0,51665.85,637.85,0
2026-06-01,SKU021,73.0,46563.05,637.85,0
2026-06-02,SKU021,73.0,46563.05,637.85,0
2026-06-03,SKU021,90.0,57406.5,637.85,0
2026-06-04,SKU021,109.0,69525.65,637.85,0
2026-06-05,SKU021,121.0,77179.85,637.85,0
2026-06-06,SKU021,89.0,56768.65,637.85,0
2026-06-07,SKU021,83.0,52941.55,637.85,0
2026-06-08,SKU021,84.0,53579.4,637.85,0
2026-06-09,SKU021,110.0,70163.5,637.85,0
2026-06-10,SKU021,108.0,63376.78,637.85,1
2026-06-11,SKU021,122.0,71592.28,637.85,1
2026-06-12,SKU021,160.0,93891.52,637.85,1
2026-06-13,SKU021,160.0,93891.52,637.85,1
2026-06-14,SKU021,89.0,52227.16,637.85,1
2026-06-15,SKU021,114.0,66897.71,637.85,1
2026-06-16,SKU021,118.0,69245.0,637.85,1
2026-06-17,SKU021,140.0,82155.08,637.85,1
2026-06-18,SKU021,159.0,93304.7,637.85,1
2026-06-19,SKU021,146.0,85676.01,637.85,1
2026-06-20,SKU021,130.0,76286.86,637.85,1
2026-06-21,SKU021,92.0,58682.2,637.85,0
2026-06-22,SKU021,63.0,40184.55,637.85,0
2026-06-23,SKU021,111.0,70801.35,637.85,0
2026-06-24,SKU021,117.0,74628.45,637.85,0
2026-06-25,SKU021,104.0,66336.4,637.85,0
2026-06-26,SKU021,95.0,60595.75,637.85,0
2026-06-27,SKU021,125.0,79731.25,637.85,0
2026-06-28,SKU021,101.0,64422.85,637.85,0
2026-06-29,SKU021,81.0,51665.85,637.85,0
2026-06-30,SKU021,112.0,71439.2,637.85,0
2025-01-01,SKU022,55.0,340503.9,6190.98,0
2025-01-02,SKU022,53.0,328121.94,6190.98,0
2025-01-03,SKU022,45.0,278594.1,6190.98,0
2025-01-04,SKU022,53.0,328121.94,6190.98,0
2025-01-05,SKU022,58.0,359076.84,6190.98,0
2025-01-06,SKU022,42.0,260021.16,6190.98,0
2025-01-07,SKU022,48.0,297167.04,6190.98,0
2025-01-08,SKU022,58.0,359076.84,6190.98,0
2025-01-09,SKU022,40.0,247639.2,6190.98,0
2025-01-10,SKU022,94.0,535395.95,6190.98,1
2025-01-11,SKU022,83.0,472743.23,6190.98,1
2025-01-12,SKU022,79.0,449960.43,6190.98,1
2025-01-13,SKU022,69.0,393003.41,6190.98,1
2025-01-14,SKU022,86.0,489830.34,6190.98,1
2025-01-15,SKU022,51.0,290480.78,6190.98,1
2025-01-16,SKU022,55.0,340503.9,6190.98,0
2025-01-17,SKU022,74.0,458132.52,6190.98,0
2025-01-18,SKU022,52.0,321930.96,6190.98,0
2025-01-19,SKU022,47.0,290976.06,6190.98,0
2025-01-20,SKU022,36.0,222875.28,6190.98,0
2025-01-21,SKU022,60.0,371458.8,6190.98,0
2025-01-22,SKU022,56.0,346694.88,6190.98,0
2025-01-23,SKU022,56.0,346694.88,6190.98,0
2025-01-24,SKU022,44.0,272403.12,6190.98,0
2025-01-25,sku022,66.0,408604.68,6190.98,0
2025-01-26,SKU022,57.0,352885.86,6190.98,0
2025-01-27,SKU022,44.0,272403.12,6190.98,0
2025-01-28,SKU022,54.0,334312.92,6190.98,0
2025-01-29,SKU022,54.0,334312.92,6190.98,0
2025-01-30,SKU022,47.0,290976.06,6190.98,0
2025-01-31,SKU022,55.0,340503.9,6190.98,0
2025-02-01,SKU022,49.0,303358.02,6190.98,0
2025-02-02,SKU022,57.0,352885.86,6190.98,0
2025-02-03,SKU022,56.0,346694.88,6190.98,0
2025-02-04,SKU022,48.0,297167.04,6190.98,0
2025-02-05,SKU022,67.0,414795.66,6190.98,0
2025-02-06,SKU022,49.0,303358.02,6190.98,0
2025-02-07,SKU022,73.0,451941.54,6190.98,0
2025-02-08,SKU022,39.0,241448.22,6190.98,0
2025-02-09,SKU022,58.0,359076.84,6190.98,0
2025-02-10,SKU022,37.0,229066.26,6190.98,0
2025-02-11,SKU022,41.0,253830.18,6190.98,0
2025-02-12,SKU022,55.0,340503.9,6190.98,0
2025-02-13,SKU022,57.0,352885.86,6190.98,0
2025-02-14,SKU022,55.0,340503.9,6190.98,0
2025-02-15,SKU022,69.0,427177.62,6190.98,0
2025-02-16,SKU022,50.0,309549.0,6190.98,0
2025-02-17,SKU022,47.0,290976.06,6190.98,0
2025-02-18,SKU022,55.0,340503.9,6190.98,0
2025-02-19,SKU022,58.0,359076.84,6190.98,0
2025-02-20,SKU022,55.0,340503.9,6190.98,0
2025-02-21,SKU022,73.0,451941.54,6190.98,0
2025-02-22,SKU022,50.0,309549.0,6190.98,0
2025-02-23,SKU022,55.0,340503.9,6190.98,0
2025-02-24,SKU022,41.0,253830.18,6190.98,0
2025-02-25,SKU022,51.0,315739.98,6190.98,0
2025-02-26,SKU022,60.0,371458.8,6190.98,0
2025-02-27,SKU022,47.0,290976.06,6190.98,0
2025-02-28,SKU022,49.0,303358.02,6190.98,0
2025-03-01,SKU022,43.0,266212.14,6190.98,0
2025-03-02,SKU022,61.0,377649.78,6190.98,0
2025-03-03,SKU022,27.0,167156.46,6190.98,0
2025-03-04,SKU022,42.0,260021.16,6190.98,0
2025-03-05,SKU022,51.0,315739.98,6190.98,0
2025-03-06,SKU022,56.0,346694.88,6190.98,0
2025-03-07,SKU022,44.0,272403.12,6190.98,0
2025-03-08,SKU022,67.0,414795.66,6190.98,0
2025-03-09,SKU022,48.0,297167.04,6190.98,0
2025-03-10,SKU022,44.0,272403.12,6190.98,0
2025-03-11,SKU022,57.0,352885.86,6190.98,0
2025-03-12,SKU022,41.0,253830.18,6190.98,0
2025-03-13,SKU022,53.0,328121.94,6190.98,0
2025-03-14,SKU022,58.0,359076.84,6190.98,0
2025-03-15,SKU022,40.0,247639.2,6190.98,0
2025-03-16,SKU022,53.0,328121.94,6190.98,0
2025-03-17,SKU022,54.0,334312.92,6190.98,0
2025-03-18,SKU022,46.0,284785.08,6190.98,0
2025-03-19,SKU022,43.0,266212.14,6190.98,0
2025-03-20,SKU022,90.0,512613.14,6190.98,1
2025-03-21,SKU022,85.0,484134.64,6190.98,1
2025-03-22,SKU022,80.0,455656.13,6190.98,1
2025-03-23,SKU022,74.0,421481.92,6190.98,1
2025-03-24,SKU022,67.0,381612.01,6190.98,1
2025-03-25,SKU022,61.0,347437.8,6190.98,1
2025-03-26,SKU022,50.0,284785.08,6190.98,1
2025-03-27,SKU022,74.0,421481.92,6190.98,1
2025-03-28,SKU022,69.0,427177.62,6190.98,0
2025-03-29,SKU022,43.0,266212.14,6190.98,0
2025-03-30,SKU022,54.0,334312.92,6190.98,0
2025-03-31,SKU022,48.0,297167.04,6190.98,0
2025-04-01,SKU022,45.0,278594.1,6190.98,0
2025-04-02,SKU022,38.0,235257.24,6190.98,0
2025-04-03,SKU022,43.0,266212.14,6190.98,0
2025-04-04,SKU022,53.0,328121.94,6190.98,0
2025-04-05,SKU022,34.0,210493.32,6190.98,0
2025-04-06,SKU022,35.0,216684.3,6190.98,0
2025-04-07,SKU022,51.0,315739.98,6190.98,0
2025-04-08,SKU022,52.0,321930.96,6190.98,0
2025-04-09,SKU022,38.0,235257.24,6190.98,0
2025-04-10,SKU022,40.0,247639.2,6190.98,0
2025-04-11,SKU022,49.0,303358.02,6190.98,0
2025-04-12,SKU022,56.0,346694.88,6190.98,0
2025-04-13,SKU022,47.0,290976.06,6190.98,0
2025-04-14,SKU022,45.0,278594.1,6190.98,0
2025-04-15,SKU022,44.0,272403.12,6190.98,0
2025-04-16,SKU022,38.0,235257.24,6190.98,0
2025-04-17,SKU022,49.0,303358.02,6190.98,0
2025-04-18,SKU022,61.0,377649.78,6190.98,0
2025-04-19,SKU022,60.0,371458.8,6190.98,0
2025-04-20,SKU022,39.0,241448.22,6190.98,0
2025-04-21,SKU022,43.0,266212.14,6190.98,0
2025-04-22,SKU022,52.0,321930.96,6190.98,0
2025-04-23,SKU022,35.0,216684.3,6190.98,0
2025-04-24,SKU022,51.0,315739.98,6190.98,0
2025-04-25,SKU022,78.0,482896.44,6190.98,0
2025-04-26,SKU022,47.0,290976.06,6190.98,0
2025-04-27,SKU022,49.0,303358.02,6190.98,0
2025-04-28,SKU022,39.0,241448.22,6190.98,0
2025-04-29,SKU022,48.0,297167.04,6190.98,0
2025-04-30,SKU022,45.0,278594.1,6190.98,0
2025-05-01,SKU022,47.0,290976.06,6190.98,0
2025-05-02,SKU022,42.0,260021.16,6190.98,0
2025-05-03,SKU022,57.0,352885.86,6190.98,0
2025-05-04,SKU022,55.0,340503.9,6190.98,0
2025-05-05,SKU022,56.0,346694.88,6190.98,0
2025-05-06,SKU022,58.0,359076.84,6190.98,0
2025-05-07,SKU022,47.0,290976.06,6190.98,0
2025-05-08,SKU022,41.0,253830.18,6190.98,0
2025-05-09,SKU022,54.0,334312.92,6190.98,0
2025-05-10,SKU022,63.0,390031.74,6190.98,0
2025-05-11,SKU022,46.0,284785.08,6190.98,0
2025-05-12,SKU022,71.0,439559.58,6190.98,0
2025-05-13,SKU022,53.0,328121.94,6190.98,0
2025-05-14,SKU022,55.0,340503.9,6190.98,0
2025-05-15,SKU022,42.0,260021.16,6190.98,0
2025-05-16,SKU022,51.0,315739.98,6190.98,0
2025-05-17,SKU022,57.0,352885.86,6190.98,0
2025-05-18,SKU022,43.0,266212.14,6190.98,0
2025-05-19,SKU022,51.0,315739.98,6190.98,0
2025-05-20,SKU022,35.0,216684.3,6190.98,0
2025-05-21,SKU022,51.0,315739.98,6190.98,0
2025-05-22,SKU022,45.0,278594.1,6190.98,0
2025-05-23,SKU022,60.0,371458.8,6190.98,0
2025-05-24,SKU022,52.0,321930.96,6190.98,0
2025-05-25,SKU022,49.0,303358.02,6190.98,0
2025-05-26,SKU022,52.0,321930.96,6190.98,0
2025-05-27,SKU022,47.0,290976.06,6190.98,0
2025-05-28,SKU022,46.0,284785.08,6190.98,0
2025-05-29,SKU022,39.0,241448.22,6190.98,0
2025-05-30,SKU022,57.0,352885.86,6190.98,0
2025-05-31,SKU022,57.0,352885.86,6190.98,0
2025-06-01,SKU022,49.0,303358.02,6190.98,0
2025-06-02,SKU022,50.0,309549.0,6190.98,0
2025-06-03,SKU022,65.0,402413.7,6190.98,0
2025-06-04,SKU022,45.0,278594.1,6190.98,0
2025-06-05,SKU022,45.0,278594.1,6190.98,0
2025-06-06,SKU022,58.0,359076.84,6190.98,0
2025-06-07,SKU022,78.0,482896.44,6190.98,0
2025-06-08,SKU022,47.0,290976.06,6190.98,0
2025-06-09,SKU022,51.0,315739.98,6190.98,0
2025-06-10,SKU022,67.0,381612.01,6190.98,1
2025-06-11,SKU022,82.0,467047.53,6190.98,1
2025-06-12,SKU022,68.0,387307.71,6190.98,1
2025-06-13,SKU022,94.0,535395.95,6190.98,1
2025-06-14,SKU022,65.0,370220.6,6190.98,1
2025-06-15,SKU022,72.0,410090.52,6190.98,1
2025-06-16,SKU022,83.0,472743.23,6190.98,1
2025-06-17,SKU022,104.0,592352.97,6190.98,1
2025-06-18,SKU022,73.0,415786.22,6190.98,1
2025-06-19,SKU022,61.0,347437.8,6190.98,1
2025-06-20,SKU022,90.0,512613.14,6190.98,1
2025-06-21,SKU022,85.0,526233.3,6190.98,0
2025-06-22,SKU022,44.0,272403.12,6190.98,0
2025-06-23,SKU022,61.0,377649.78,6190.98,0
2025-06-24,SKU022,43.0,266212.14,6190.98,0
2025-06-25,SKU022,51.0,315739.98,6190.98,0
2025-06-26,SKU022,68.0,420986.64,6190.98,0
2025-06-27,SKU022,50.0,309549.0,6190.98,0
2025-06-28,SKU022,90.0,557188.2,6190.98,0
2025-06-29,SKU022,55.0,340503.9,6190.98,0
2025-06-30,SKU022,55.0,340503.9,6190.98,0
2025-07-01,SKU022,49.0,303358.02,6190.98,0
2025-07-02,SKU022,62.0,383840.76,6190.98,0
2025-07-03,SKU022,48.0,297167.04,6190.98,0
2025-07-04,SKU022,61.0,377649.78,6190.98,0
2025-07-05,SKU022,58.0,359076.84,6190.98,0
2025-07-06,SKU022,38.0,235257.24,6190.98,0
2025-07-07,SKU022,52.0,321930.96,6190.98,0
2025-07-08,SKU022,39.0,241448.22,6190.98,0
2025-07-09,SKU022,37.0,229066.26,6190.98,0
2025-07-10,SKU022,70.0,433368.6,6190.98,0
2025-07-11,SKU022,71.0,439559.58,6190.98,0
2025-07-12,SKU022,70.0,433368.6,6190.98,0
2025-07-13,SKU022,66.0,408604.68,6190.98,0
2025-07-14,SKU022,69.0,427177.62,6190.98,0
2025-07-15,SKU022,65.0,402413.7,6190.98,0
2025-07-16,SKU022,63.0,390031.74,6190.98,0
2025-07-17,SKU022,54.0,334312.92,6190.98,0
2025-07-18,SKU022,55.0,340503.9,6190.98,0
2025-07-19,SKU022,62.0,383840.76,6190.98,0
2025-07-20,SKU022,71.0,439559.58,6190.98,0
2025-07-21,SKU022,70.0,433368.6,6190.98,0
2025-07-22,SKU022,61.0,377649.78,6190.98,0
2025-07-23,SKU022,44.0,272403.12,6190.98,0
2025-07-24,SKU022,43.0,266212.14,6190.98,0
2025-07-25,SKU022,42.0,260021.16,6190.98,0
2025-07-26,SKU022,71.0,439559.58,6190.98,0
2025-07-27,SKU022,62.0,383840.76,6190.98,0
2025-07-28,SKU022,61.0,377649.78,6190.98,0
2025-07-29,SKU022,61.0,377649.78,6190.98,0
2025-07-30,SKU022,37.0,229066.26,6190.98,0
2025-07-31,SKU022,44.0,272403.12,6190.98,0
2025-08-01,SKU022,74.0,458132.52,6190.98,0
2025-08-02,SKU022,63.0,390031.74,6190.98,0
2025-08-03,SKU022,48.0,297167.04,6190.98,0
2025-08-04,SKU022,52.0,321930.96,6190.98,0
2025-08-05,SKU022,53.0,328121.94,6190.98,0
2025-08-06,SKU022,47.0,290976.06,6190.98,0
2025-08-07,SKU022,53.0,328121.94,6190.98,0
2025-08-08,SKU022,73.0,451941.54,6190.98,0
2025-08-09,SKU022,63.0,390031.74,6190.98,0
2025-08-10,SKU022,49.0,303358.02,6190.98,0
2025-08-11,SKU022,41.0,253830.18,6190.98,0
2025-08-12,SKU022,55.0,340503.9,6190.98,0
2025-08-13,SKU022,59.0,365267.82,6190.98,0
2025-08-14,SKU022,50.0,309549.0,6190.98,0
2025-08-15,SKU022,93.0,575761.14,6190.98,0
2025-08-16,SKU022,69.0,427177.62,6190.98,0
2025-08-17,SKU022,61.0,377649.78,6190.98,0
2025-08-18,SKU022,43.0,266212.14,6190.98,0
2025-08-19,SKU022,58.0,359076.84,6190.98,0
2025-08-20,SKU022,64.0,396222.72,6190.98,0
2025-08-21,SKU022,51.0,315739.98,6190.98,0
2025-08-22,SKU022,65.0,402413.7,6190.98,0
2025-08-23,SKU022,64.0,396222.72,6190.98,0
2025-08-24,SKU022,45.0,278594.1,6190.98,0
2025-08-25,SKU022,51.0,315739.98,6190.98,0
2025-08-26,SKU022,54.0,334312.92,6190.98,0
2025-08-27,SKU022,82.0,507660.36,6190.98,0
2025-08-28,SKU022,80.0,495278.4,6190.98,0
2025-08-29,SKU022,65.0,402413.7,6190.98,0
2025-08-30,SKU022,64.0,396222.72,6190.98,0
2025-08-31,SKU022,64.0,396222.72,6190.98,0
2025-09-01,SKU022,46.0,284785.08,6190.98,0
2025-09-02,SKU022,35.0,216684.3,6190.98,0
2025-09-03,SKU022,72.0,445750.56,6190.98,0
2025-09-04,SKU022,28.0,173347.44,6190.98,0
2025-09-05,SKU022,38.0,235257.24,6190.98,0
2025-09-06,SKU022,68.0,420986.64,6190.98,0
2025-09-07,SKU022,49.0,303358.02,6190.98,0
2025-09-08,SKU022,43.0,266212.14,6190.98,0
2025-09-09,SKU022,69.0,427177.62,6190.98,0
2025-09-10,SKU022,63.0,390031.74,6190.98,0
2025-09-11,SKU022,46.0,284785.08,6190.98,0
2025-09-12,SKU022,57.0,352885.86,6190.98,0
2025-09-13,SKU022,52.0,321930.96,6190.98,0
2025-09-14,SKU022,57.0,352885.86,6190.98,0
2025-09-15,SKU022,45.0,278594.1,6190.98,0
2025-09-16,SKU022,67.0,414795.66,6190.98,0
2025-09-17,SKU022,49.0,303358.02,6190.98,0
2025-09-18,SKU022,70.0,433368.6,6190.98,0
2025-09-19,SKU022,46.0,284785.08,6190.98,0
2025-09-20,SKU022,59.0,365267.82,6190.98,0
2025-09-21,SKU022,52.0,321930.96,6190.98,0
2025-09-22,SKU022,51.0,315739.98,6190.98,0
2025-09-23,SKU022,48.0,297167.04,6190.98,0
2025-09-24,SKU022,40.0,247639.2,6190.98,0
2025-09-25,SKU022,52.0,321930.96,6190.98,0
2025-09-26,SKU022,53.0,328121.94,6190.98,0
2025-09-27,SKU022,52.0,321930.96,6190.98,0
2025-09-28,SKU022,35.0,216684.3,6190.98,0
2025-09-29,SKU022,29.0,179538.42,6190.98,0
2025-09-30,SKU022,47.0,290976.06,6190.98,0
2025-10-01,SKU022,71.0,404394.81,6190.98,1
2025-10-02,SKU022,58.0,330350.69,6190.98,1
2025-10-03,SKU022,88.0,501221.74,6190.98,1
2025-10-04,SKU022,90.0,512613.14,6190.98,1
2025-10-05,SKU022,72.0,410090.52,6190.98,1
2025-10-06,SKU022,57.0,324654.99,6190.98,1
2025-10-07,SKU022,64.0,364524.9,6190.98,1
2025-10-08,SKU022,69.0,393003.41,6190.98,1
2025-10-09,SKU022,76.0,432873.32,6190.98,1
2025-10-10,SKU022,68.0,387307.71,6190.98,1
2025-10-11,SKU022,41.0,253830.18,6190.98,0
2025-10-12,SKU022,31.0,191920.38,6190.98,0
2025-10-13,SKU022,64.0,396222.72,6190.98,0
2025-10-14,SKU022,73.0,451941.54,6190.98,0
2025-10-15,SKU022,46.0,284785.08,6190.98,0
2025-10-16,SKU022,63.0,390031.74,6190.98,0
2025-10-17,SKU022,46.0,284785.08,6190.98,0
2025-10-18,SKU022,47.0,290976.06,6190.98,0
2025-10-19,SKU022,41.0,253830.18,6190.98,0
2025-10-20,SKU022,54.0,334312.92,6190.98,0
2025-10-21,SKU022,49.0,303358.02,6190.98,0
2025-10-22,SKU022,51.0,315739.98,6190.98,0
2025-10-23,SKU022,53.0,328121.94,6190.98,0
2025-10-24,SKU022,60.0,371458.8,6190.98,0
2025-10-25,SKU022,66.0,408604.68,6190.98,0
2025-10-26,SKU022,50.0,309549.0,6190.98,0
2025-10-27,SKU022,48.0,297167.04,6190.98,0
2025-10-28,SKU022,67.0,414795.66,6190.98,0
2025-10-29,SKU022,56.0,346694.88,6190.98,0
2025-10-30,SKU022,50.0,309549.0,6190.98,0
2025-10-31,SKU022,51.0,315739.98,6190.98,0
2025-11-01,SKU022,71.0,439559.58,6190.98,0
2025-11-02,SKU022,38.0,235257.24,6190.98,0
2025-11-03,SKU022,38.0,235257.24,6190.98,0
2025-11-04,SKU022,59.0,365267.82,6190.98,0
2025-11-05,SKU022,68.0,420986.64,6190.98,0
2025-11-06,SKU022,41.0,253830.18,6190.98,0
2025-11-07,SKU022,49.0,303358.02,6190.98,0
2025-11-08,SKU022,55.0,340503.9,6190.98,0
2025-11-09,SKU022,61.0,377649.78,6190.98,0
2025-11-10,SKU022,52.0,321930.96,6190.98,0
2025-11-11,SKU022,49.0,303358.02,6190.98,0
2025-11-12,SKU022,70.0,433368.6,6190.98,0
2025-11-13,SKU022,40.0,247639.2,6190.98,0
2025-11-14,SKU022,51.0,315739.98,6190.98,0
2025-11-15,SKU022,67.0,414795.66,6190.98,0
2025-11-16,SKU022,46.0,284785.08,6190.98,0
2025-11-17,SKU022,45.0,278594.1,6190.98,0
2025-11-18,SKU022,46.0,284785.08,6190.98,0
2025-11-19,SKU022,52.0,321930.96,6190.98,0
2025-11-20,SKU022,60.0,341742.1,6190.98,1
2025-11-21,SKU022,81.0,461351.83,6190.98,1
2025-11-22,SKU022,76.0,432873.32,6190.98,1
2025-11-23,SKU022,63.0,358829.2,6190.98,1
2025-11-24,SKU022,44.0,250610.87,6190.98,1
2025-11-25,SKU022,66.0,375916.31,6190.98,1
2025-11-26,SKU022,81.0,461351.83,6190.98,1
2025-11-27,SKU022,73.0,415786.22,6190.98,1
2025-11-28,SKU022,72.0,410090.52,6190.98,1
2025-11-29,SKU022,73.0,415786.22,6190.98,1
2025-11-30,SKU022,73.0,415786.22,6190.98,1
2025-12-01,SKU022,39.0,241448.22,6190.98,0
2025-12-02,SKU022,64.0,396222.72,6190.98,0
2025-12-03,SKU022,61.0,377649.78,6190.98,0
2025-12-04,SKU022,37.0,229066.26,6190.98,0
2025-12-05,SKU022,86.0,532424.28,6190.98,0
2025-12-06,SKU022,78.0,482896.44,6190.98,0
2025-12-07,SKU022,64.0,396222.72,6190.98,0
2025-12-08,SKU022,57.0,352885.86,6190.98,0
2025-12-09,SKU022,70.0,433368.6,6190.98,0
2025-12-10,SKU022,78.0,482896.44,6190.98,0
2025-12-11,SKU022,72.0,445750.56,6190.98,0
2025-12-12,SKU022,63.0,390031.74,6190.98,0
2025-12-13,SKU022,48.0,297167.04,6190.98,0
2025-12-14,SKU022,57.0,352885.86,6190.98,0
2025-12-15,SKU022,57.0,324654.99,6190.98,1
2025-12-16,SKU022,86.0,489830.34,6190.98,1
2025-12-17,SKU022,76.0,432873.32,6190.98,1
2025-12-18,SKU022,58.0,330350.69,6190.98,1
2025-12-19,SKU022,101.0,575265.86,6190.98,1
2025-12-20,SKU022,90.0,512613.14,6190.98,1
2025-12-21,SKU022,53.0,301872.18,6190.98,1
2025-12-22,SKU022,78.0,444264.72,6190.98,1
2025-12-23,SKU022,89.0,506917.44,6190.98,1
2025-12-24,SKU022,80.0,455656.13,6190.98,1
2025-12-25,SKU022,89.0,506917.44,6190.98,1
2025-12-26,SKU022,89.0,506917.44,6190.98,1
2025-12-27,SKU022,61.0,347437.8,6190.98,1
2025-12-28,SKU022,87.0,495526.04,6190.98,1
2025-12-29,SKU022,72.0,410090.52,6190.98,1
2025-12-30,SKU022,79.0,449960.43,6190.98,1
2025-12-31,SKU022,79.0,449960.43,6190.98,1
2026-01-01,SKU022,67.0,414795.66,6190.98,0
2026-01-02,SKU022,49.0,303358.02,6190.98,0
2026-01-03,SKU022,60.0,371458.8,6190.98,0
2026-01-04,SKU022,57.0,352885.86,6190.98,0
2026-01-05,SKU022,61.0,377649.78,6190.98,0
2026-01-06,SKU022,64.0,396222.72,6190.98,0
2026-01-07,SKU022,69.0,427177.62,6190.98,0
2026-01-08,SKU022,36.0,222875.28,6190.98,0
2026-01-09,SKU022,63.0,390031.74,6190.98,0
2026-01-10,SKU022,58.0,359076.84,6190.98,0
2026-01-11,SKU022,75.0,464323.5,6190.98,0
2026-01-12,SKU022,57.0,352885.86,6190.98,0
2026-01-13,SKU022,65.0,402413.7,6190.98,0
2026-01-14,SKU022,82.0,507660.36,6190.98,0
2026-01-15,SKU022,47.0,290976.06,6190.98,0
2026-01-16,SKU022,74.0,458132.52,6190.98,0
2026-01-17,SKU022,63.0,390031.74,6190.98,0
2026-01-18,SKU022,46.0,284785.08,6190.98,0
2026-01-19,SKU022,47.0,290976.06,6190.98,0
2026-01-20,SKU022,52.0,321930.96,6190.98,0
2026-01-21,SKU022,83.0,513851.34,6190.98,0
2026-01-22,SKU022,45.0,278594.1,6190.98,0
2026-01-23,SKU022,78.0,482896.44,6190.98,0
2026-01-24,SKU022,67.0,414795.66,6190.98,0
2026-01-25,SKU022,75.0,464323.5,6190.98,0
2026-01-26,SKU022,68.0,420986.64,6190.98,0
2026-01-27,SKU022,48.0,297167.04,6190.98,0
2026-01-28,SKU022,75.0,464323.5,6190.98,0
2026-01-29,SKU022,46.0,284785.08,6190.98,0
2026-01-30,SKU022,53.0,328121.94,6190.98,0
2026-01-31,SKU022,64.0,396222.72,6190.98,0
2026-02-01,SKU022,57.0,352885.86,6190.98,0
2026-02-02,SKU022,60.0,371458.8,6190.98,0
2026-02-03,SKU022,36.0,222875.28,6190.98,0
2026-02-04,SKU022,50.0,309549.0,6190.98,0
2026-02-05,SKU022,47.0,290976.06,6190.98,0
2026-02-06,SKU022,80.0,495278.4,6190.98,0
2026-02-07,SKU022,63.0,390031.74,6190.98,0
2026-02-08,SKU022,69.0,427177.62,6190.98,0
2026-02-09,SKU022,77.0,476705.46,6190.98,0
2026-02-10,SKU022,49.0,303358.02,6190.98,0
2026-02-11,SKU022,67.0,414795.66,6190.98,0
2026-02-12,SKU022,66.0,408604.68,6190.98,0
2026-02-13,SKU022,58.0,359076.84,6190.98,0
2026-02-14,SKU022,50.0,309549.0,6190.98,0
2026-02-15,SKU022,42.0,260021.16,6190.98,0
2026-02-16,SKU022,51.0,315739.98,6190.98,0
2026-02-17,SKU022,59.0,365267.82,6190.98,0
2026-02-18,SKU022,65.0,402413.7,6190.98,0
2026-02-19,SKU022,61.0,377649.78,6190.98,0
2026-02-20,SKU022,87.0,538615.26,6190.98,0
2026-02-21,SKU022,75.0,464323.5,6190.98,0
2026-02-22,SKU022,68.0,420986.64,6190.98,0
2026-02-23,SKU022,40.0,247639.2,6190.98,0
2026-02-24,SKU022,38.0,235257.24,6190.98,0
2026-02-25,SKU022,58.0,359076.84,6190.98,0
2026-02-26,SKU022,46.0,284785.08,6190.98,0
2026-02-27,SKU022,71.0,439559.58,6190.98,0
2026-02-28,SKU022,60.0,371458.8,6190.98,0
2026-03-01,SKU022,58.0,359076.84,6190.98,0
2026-03-02,SKU022,66.0,408604.68,6190.98,0
2026-03-03,SKU022,42.0,260021.16,6190.98,0
2026-03-04,SKU022,55.0,340503.9,6190.98,0
2026-03-05,SKU022,41.0,253830.18,6190.98,0
2026-03-06,SKU022,83.0,513851.34,6190.98,0
2026-03-07,SKU022,68.0,420986.64,6190.98,0
2026-03-08,SKU022,56.0,346694.88,6190.98,0
2026-03-09,SKU022,59.0,365267.82,6190.98,0
2026-03-10,SKU022,44.0,272403.12,6190.98,0
2026-03-11,SKU022,68.0,420986.64,6190.98,0
2026-03-12,SKU022,65.0,402413.7,6190.98,0
2026-03-13,SKU022,49.0,303358.02,6190.98,0
2026-03-14,SKU022,51.0,315739.98,6190.98,0
2026-03-15,SKU022,74.0,421481.92,6190.98,1
2026-03-16,SKU022,70.0,398699.11,6190.98,1
2026-03-17,SKU022,64.0,364524.9,6190.98,1
2026-03-18,SKU022,82.0,467047.53,6190.98,1
2026-03-19,SKU022,62.0,353133.5,6190.98,1
2026-03-20,SKU022,99.0,563874.46,6190.98,1
2026-03-21,SKU022,94.0,535395.95,6190.98,1
2026-03-22,SKU022,70.0,398699.11,6190.98,1
2026-03-23,SKU022,77.0,438569.02,6190.98,1
2026-03-24,SKU022,88.0,501221.74,6190.98,1
2026-03-25,SKU022,60.0,341742.1,6190.98,1
2026-03-26,SKU022,58.0,359076.84,6190.98,0
2026-03-27,SKU022,59.0,365267.82,6190.98,0
2026-03-28,SKU022,65.0,402413.7,6190.98,0
2026-03-29,SKU022,58.0,359076.84,6190.98,0
2026-03-30,SKU022,56.0,346694.88,6190.98,0
2026-03-31,SKU022,49.0,303358.02,6190.98,0
2026-04-01,SKU022,63.0,390031.74,6190.98,0
2026-04-02,SKU022,55.0,340503.9,6190.98,0
2026-04-03,SKU022,65.0,402413.7,6190.98,0
2026-04-04,SKU022,72.0,445750.56,6190.98,0
2026-04-05,SKU022,58.0,359076.84,6190.98,0
2026-04-06,SKU022,73.0,451941.54,6190.98,0
2026-04-07,SKU022,68.0,420986.64,6190.98,0
2026-04-08,SKU022,55.0,340503.9,6190.98,0
2026-04-09,SKU022,55.0,340503.9,6190.98,0
2026-04-10,SKU022,68.0,420986.64,6190.98,0
2026-04-11,SKU022,48.0,297167.04,6190.98,0
2026-04-12,SKU022,62.0,383840.76,6190.98,0
2026-04-13,SKU022,46.0,284785.08,6190.98,0
2026-04-14,SKU022,58.0,359076.84,6190.98,0
2026-04-15,SKU022,67.0,414795.66,6190.98,0
2026-04-16,SKU022,51.0,315739.98,6190.98,0
2026-04-17,SKU022,61.0,377649.78,6190.98,0
2026-04-18,SKU022,62.0,383840.76,6190.98,0
2026-04-19,SKU022,70.0,433368.6,6190.98,0
2026-04-20,SKU022,49.0,303358.02,6190.98,0
2026-04-21,SKU022,44.0,272403.12,6190.98,0
2026-04-22,SKU022,45.0,278594.1,6190.98,0
2026-04-23,SKU022,51.0,315739.98,6190.98,0
2026-04-24,SKU022,65.0,402413.7,6190.98,0
2026-04-25,SKU022,53.0,328121.94,6190.98,0
2026-04-26,SKU022,53.0,328121.94,6190.98,0
2026-04-27,SKU022,49.0,303358.02,6190.98,0
2026-04-28,SKU022,49.0,303358.02,6190.98,0
2026-04-29,SKU022,62.0,383840.76,6190.98,0
2026-04-30,SKU022,62.0,383840.76,6190.98,0
2026-05-01,SKU022,64.0,396222.72,6190.98,0
2026-05-02,SKU022,78.0,482896.44,6190.98,0
2026-05-03,SKU022,68.0,420986.64,6190.98,0
2026-05-04,SKU022,61.0,377649.78,6190.98,0
2026-05-05,SKU022,60.0,371458.8,6190.98,0
2026-05-06,SKU022,57.0,352885.86,6190.98,0
2026-05-07,SKU022,72.0,445750.56,6190.98,0
2026-05-08,SKU022,69.0,427177.62,6190.98,0
2026-05-09,SKU022,61.0,377649.78,6190.98,0
2026-05-10,SKU022,51.0,315739.98,6190.98,0
2026-05-11,SKU022,35.0,216684.3,6190.98,0
2026-05-12,SKU022,45.0,278594.1,6190.98,0
2026-05-13,SKU022,58.0,359076.84,6190.98,0
2026-05-14,SKU022,67.0,414795.66,6190.98,0
2026-05-15,SKU022,70.0,433368.6,6190.98,0
2026-05-16,SKU022,70.0,433368.6,6190.98,0
2026-05-17,SKU022,44.0,272403.12,6190.98,0
2026-05-18,SKU022,59.0,365267.82,6190.98,0
2026-05-19,SKU022,45.0,278594.1,6190.98,0
2026-05-20,SKU022,61.0,377649.78,6190.98,0
2026-05-21,SKU022,56.0,346694.88,6190.98,0
2026-05-22,SKU022,48.0,297167.04,6190.98,0
2026-05-23,SKU022,50.0,309549.0,6190.98,0
2026-05-24,SKU022,45.0,278594.1,6190.98,0
2026-05-25,SKU022,43.0,266212.14,6190.98,0
2026-05-26,SKU022,75.0,464323.5,6190.98,0
2026-05-27,SKU022,55.0,340503.9,6190.98,0
2026-05-28,SKU022,65.0,402413.7,6190.98,0
2026-05-29,SKU022,62.0,383840.76,6190.98,0
2026-05-30,SKU022,50.0,309549.0,6190.98,0
2026-05-31,SKU022,47.0,290976.06,6190.98,0
2026-06-01,SKU022,59.0,365267.82,6190.98,0
2026-06-02,SKU022,55.0,340503.9,6190.98,0
2026-06-03,SKU022,87.0,538615.26,6190.98,0
2026-06-04,SKU022,70.0,433368.6,6190.98,0
2026-06-05,SKU022,73.0,451941.54,6190.98,0
2026-06-06,SKU022,64.0,396222.72,6190.98,0
2026-06-07,SKU022,53.0,328121.94,6190.98,0
2026-06-08,SKU022,38.0,235257.24,6190.98,0
2026-06-09,SKU022,60.0,371458.8,6190.98,0
2026-06-10,SKU022,70.0,398699.11,6190.98,1
2026-06-11,SKU022,76.0,432873.32,6190.98,1
2026-06-12,SKU022,95.0,541091.65,6190.98,1
2026-06-13,SKU022,67.0,381612.01,6190.98,1
2026-06-14,SKU022,63.0,358829.2,6190.98,1
2026-06-15,SKU022,70.0,398699.11,6190.98,1
2026-06-16,SKU022,71.0,404394.81,6190.98,1
2026-06-17,SKU022,105.0,598048.67,6190.98,1
2026-06-18,SKU022,103.0,586657.26,6190.98,1
2026-06-19,SKU022,115.0,655005.68,6190.98,1
2026-06-20,SKU022,82.0,467047.53,6190.98,1
2026-06-21,SKU022,63.0,390031.74,6190.98,0
2026-06-22,SKU022,51.0,315739.98,6190.98,0
2026-06-23,SKU022,56.0,346694.88,6190.98,0
2026-06-24,SKU022,67.0,414795.66,6190.98,0
2026-06-25,SKU022,47.0,290976.06,6190.98,0
2026-06-26,SKU022,78.0,482896.44,6190.98,0
2026-06-27,SKU022,80.0,495278.4,6190.98,0
2026-06-28,SKU022,54.0,334312.92,6190.98,0
2026-06-29,SKU022,66.0,408604.68,6190.98,0
2026-06-30,SKU022,44.0,272403.12,6190.98,0
2025-01-01,SKU023,84.0,343427.28,4088.42,0
2025-01-02,SKU023,79.0,322985.18,4088.42,0
2025-01-03,SKU023,108.0,441549.36,4088.42,0
2025-01-04,SKU023,77.0,314808.34,4088.42,0
2025-01-05,SKU023,97.0,396576.74,4088.42,0
2025-01-06,SKU023,87.0,355692.54,4088.42,0
2025-01-07,SKU023,79.0,322985.18,4088.42,0
2025-01-08,SKU023,99.0,404753.58,4088.42,0
2025-01-09,SKU023,91.0,372046.22,4088.42,0
2025-01-10,SKU023,172.0,646951.58,4088.42,1
2025-01-11,SKU023,139.0,522827.15,4088.42,1
2025-01-12,SKU023,140.0,526588.5,4088.42,1
2025-01-13,SKU023,105.0,394941.37,4088.42,1
2025-01-14,SKU023,110.0,413748.1,4088.42,1
2025-01-15,SKU023,99.0,372373.29,4088.42,1
2025-01-16,SKU023,87.0,355692.54,4088.42,0
2025-01-17,SKU023,134.0,547848.28,4088.42,0
2025-01-18,SKU023,72.0,294366.24,4088.42,0
2025-01-19,SKU023,83.0,339338.86,4088.42,0
2025-01-20,SKU023,84.0,343427.28,4088.42,0
2025-01-21,SKU023,79.0,322985.18,4088.42,0
2025-01-22,SKU023,77.0,314808.34,4088.42,0
2025-01-23,SKU023,101.0,412930.42,4088.42,0
2025-01-24,SKU023,87.0,355692.54,4088.42,0
2025-01-25,SKU023,92.0,376134.64,4088.42,0
2025-01-26,SKU023,111.0,453814.62,4088.42,0
2025-01-27,SKU023,90.0,367957.8,4088.42,0
2025-01-28,SKU023,85.0,347515.7,4088.42,0
2025-01-29,SKU023,61.0,249393.62,4088.42,0
2025-01-30,SKU023,88.0,359780.96,4088.42,0
2025-01-31,SKU023,95.0,388399.9,4088.42,0
2025-02-01,SKU023,92.0,376134.64,4088.42,0
2025-02-02,SKU023,85.0,347515.7,4088.42,0
2025-02-03,SKU023,57.0,233039.94,4088.42,0
2025-02-04,SKU023,83.0,339338.86,4088.42,0
2025-02-05,SKU023,62.0,253482.04,4088.42,0
2025-02-06,SKU023,98.0,400665.16,4088.42,0
2025-02-07,SKU023,135.0,551936.7,4088.42,0
2025-02-08,SKU023,101.0,412930.42,4088.42,0
2025-02-09,SKU023,76.0,310719.92,4088.42,0
2025-02-10,SKU023,102.0,417018.84,4088.42,0
2025-02-11,SKU023,92.0,376134.64,4088.42,0
2025-02-12,SKU023,93.0,380223.06,4088.42,0
2025-02-13,SKU023,68.0,278012.56,4088.42,0
2025-02-14,SKU023,97.0,396576.74,4088.42,0
2025-02-15,SKU023,126.0,515140.92,4088.42,0
2025-02-16,SKU023,88.0,359780.96,4088.42,0
2025-02-17,SKU023,66.0,269835.72,4088.42,0
2025-02-18,SKU023,73.0,298454.66,4088.42,0
2025-02-19,SKU023,96.0,392488.32,4088.42,0
2025-02-20,SKU023,92.0,376134.64,4088.42,0
2025-02-21,SKU023,97.0,396576.74,4088.42,0
2025-02-22,SKU023,111.0,453814.62,4088.42,0
2025-02-23,SKU023,89.0,363869.38,4088.42,0
2025-02-24,SKU023,66.0,269835.72,4088.42,0
2025-02-25,SKU023,94.0,384311.48,4088.42,0
2025-02-26,SKU023,116.0,474256.72,4088.42,0
2025-02-27,SKU023,70.0,286189.4,4088.42,0
2025-02-28,SKU023,97.0,396576.74,4088.42,0
2025-03-01,SKU023,99.0,404753.58,4088.42,0
2025-03-02,SKU023,83.0,339338.86,4088.42,0
2025-03-03,SKU023,82.0,335250.44,4088.42,0
2025-03-04,SKU023,103.0,421107.26,4088.42,0
2025-03-05,SKU023,75.0,306631.5,4088.42,0
2025-03-06,SKU023,100.0,408842.0,4088.42,0
2025-03-07,SKU023,101.0,412930.42,4088.42,0
2025-03-08,SKU023,121.0,494698.82,4088.42,0
2025-03-09,SKU023,80.0,327073.6,4088.42,0
2025-03-10,SKU023,90.0,367957.8,4088.42,0
2025-03-11,SKU023,80.0,327073.6,4088.42,0
2025-03-12,SKU023,96.0,392488.32,4088.42,0
2025-03-13,SKU023,87.0,355692.54,4088.42,0
2025-03-14,SKU023,65.0,265747.3,4088.42,0
2025-03-15,SKU023,85.0,347515.7,4088.42,0
2025-03-16,SKU023,105.0,429284.1,4088.42,0
2025-03-17,SKU023,65.0,265747.3,4088.42,0
2025-03-18,SKU023,78.0,318896.76,4088.42,0
2025-03-19,SKU023,107.0,437460.94,4088.42,0
2025-03-20,SKU023,154.0,579247.35,4088.42,1
2025-03-21,SKU023,125.0,470168.3,4088.42,1
2025-03-22,SKU023,131.0,492736.38,4088.42,1
2025-03-23,SKU023,108.0,406225.41,4088.42,1
2025-03-24,SKU023,130.0,488975.03,4088.42,1
2025-03-25,SKU023,119.0,447600.22,4088.42,1
2025-03-26,SKU023,102.0,383657.33,4088.42,1
2025-03-27,SKU023,150.0,564201.96,4088.42,1
2025-03-28,SKU023,95.0,388399.9,4088.42,0
2025-03-29,SKU023,83.0,339338.86,4088.42,0
2025-03-30,SKU023,87.0,355692.54,4088.42,0
2025-03-31,SKU023,95.0,388399.9,4088.42,0
2025-04-01,SKU023,69.0,282100.98,4088.42,0
2025-04-02,SKU023,77.0,314808.34,4088.42,0
2025-04-03,SKU023,680.0,347515.7,4088.42,0
2025-04-04,SKU023,113.0,461991.46,4088.42,0
2025-04-05,SKU023,89.0,363869.38,4088.42,0
2025-04-06,SKU023,90.0,367957.8,4088.42,0
2025-04-07,SKU023,81.0,331162.02,4088.42,0
2025-04-08,SKU023,75.0,306631.5,4088.42,0
2025-04-09,SKU023,66.0,269835.72,4088.42,0
2025-04-10,SKU023,104.0,425195.68,4088.42,0
2025-04-11,SKU023,83.0,339338.86,4088.42,0
2025-04-12,SKU023,76.0,310719.92,4088.42,0
2025-04-13,SKU023,66.0,269835.72,4088.42,0
2025-04-14,SKU023,73.0,298454.66,4088.42,0
2025-04-15,SKU023,103.0,421107.26,4088.42,0
2025-04-16,SKU023,68.0,278012.56,4088.42,0
2025-04-17,SKU023,81.0,331162.02,4088.42,0
2025-04-18,SKU023,101.0,412930.42,4088.42,0
2025-04-19,SKU023,87.0,355692.54,4088.42,0
2025-04-20,SKU023,81.0,331162.02,4088.42,0
2025-04-21,SKU023,80.0,327073.6,4088.42,0
2025-04-22,SKU023,94.0,384311.48,4088.42,0
2025-04-23,SKU023,73.0,298454.66,4088.42,0
2025-04-24,SKU023,82.0,335250.44,4088.42,0
2025-04-25,SKU023,100.0,408842.0,4088.42,0
2025-04-26,SKU023,96.0,392488.32,4088.42,0
2025-04-27,SKU023,71.0,290277.82,4088.42,0
2025-04-28,SKU023,77.0,314808.34,4088.42,0
2025-04-29,SKU023,87.0,355692.54,4088.42,0
2025-04-30,SKU023,78.0,318896.76,4088.42,0
2025-05-01,SKU023,75.0,306631.5,4088.42,0
2025-05-02,SKU023,116.0,474256.72,4088.42,0
2025-05-03,SKU023,107.0,437460.94,4088.42,0
2025-05-04,SKU023,88.0,359780.96,4088.42,0
2025-05-05,SKU023,75.0,306631.5,4088.42,0
2025-05-06,SKU023,99.0,404753.58,4088.42,0
2025-05-07,SKU023,94.0,384311.48,4088.42,0
2025-05-08,SKU023,69.0,282100.98,4088.42,0
2025-05-09,SKU023,91.0,372046.22,4088.42,0
2025-05-10,SKU023,117.0,478345.14,4088.42,0
2025-05-11,SKU023,76.0,310719.92,4088.42,0
2025-05-12,SKU023,78.0,318896.76,4088.42,0
2025-05-13,SKU023,88.0,359780.96,4088.42,0
2025-05-14,SKU023,69.0,282100.98,4088.42,0
2025-05-15,SKU023,78.0,318896.76,4088.42,0
2025-05-16,SKU023,100.0,408842.0,4088.42,0
2025-05-17,SKU023,127.0,519229.34,4088.42,0
2025-05-18,SKU023,90.0,367957.8,4088.42,0
2025-05-19,SKU023,70.0,286189.4,4088.42,0
2025-05-20,SKU023,84.0,343427.28,4088.42,0
2025-05-21,SKU023,89.0,363869.38,4088.42,0
2025-05-22,SKU023,80.0,327073.6,4088.42,0
2025-05-23,SKU023,97.0,396576.74,4088.42,0
2025-05-24,SKU023,95.0,388399.9,4088.42,0
2025-05-25,SKU023,98.0,400665.16,4088.42,0
2025-05-26,SKU023,81.0,331162.02,4088.42,0
2025-05-27,SKU023,88.0,359780.96,4088.42,0
2025-05-28,SKU023,111.0,453814.62,4088.42,0
2025-05-29,SKU023,77.0,314808.34,4088.42,0
2025-05-30,SKU023,101.0,412930.42,4088.42,0
2025-05-31,SKU023,120.0,490610.4,4088.42,0
2025-06-01,SKU023,95.0,388399.9,4088.42,0
2025-06-02,SKU023,76.0,310719.92,4088.42,0
2025-06-03,SKU023,96.0,392488.32,4088.42,0
2025-06-04,SKU023,93.0,380223.06,4088.42,0
2025-06-05,SKU023,113.0,461991.46,4088.42,0
2025-06-06,SKU023,105.0,429284.1,4088.42,0
2025-06-07,SKU023,99.0,404753.58,4088.42,0
2025-06-08,SKU023,118.0,482433.56,4088.42,0
2025-06-09,SKU023,83.0,339338.86,4088.42,0
2025-06-10,SKU023,119.0,447600.22,4088.42,1
2025-06-11,SKU023,122.0,458884.26,4088.42,1
2025-06-12,SKU023,130.0,488975.03,4088.42,1
2025-06-13,SKU023,91.0,342282.52,4088.42,1
2025-06-14,SKU023,169.0,635667.54,4088.42,1
2025-06-15,SKU023,149.0,560440.61,4088.42,1
2025-06-16,SKU023,126.0,473929.65,4088.42,1
2025-06-17,SKU023,124.0,466406.95,4088.42,1
2025-06-18,SKU023,128.0,481452.34,4088.42,1
2025-06-19,SKU023,134.0,504020.42,4088.42,1
2025-06-20,SKU023,161.0,605576.77,4088.42,1
2025-06-21,SKU023,130.0,531494.6,4088.42,0
2025-06-22,SKU023,108.0,441549.36,4088.42,0
2025-06-23,SKU023,96.0,392488.32,4088.42,0
2025-06-24,SKU023,88.0,359780.96,4088.42,0
2025-06-25,SKU023,87.0,355692.54,4088.42,0
2025-06-26,SKU023,84.0,343427.28,4088.42,0
2025-06-27,SKU023,100.0,408842.0,4088.42,0
2025-06-28,SKU023,91.0,372046.22,4088.42,0
2025-06-29,SKU023,110.0,449726.2,4088.42,0
2025-06-30,SKU023,76.0,310719.92,4088.42,0
2025-07-01,SKU023,69.0,282100.98,4088.42,0
2025-07-02,SKU023,74.0,302543.08,4088.42,0
2025-07-03,SKU023,119.0,486521.98,4088.42,0
2025-07-04,SKU023,90.0,367957.8,4088.42,0
2025-07-05,SKU023,87.0,355692.54,4088.42,0
2025-07-06,SKU023,90.0,367957.8,4088.42,0
2025-07-07,SKU023,75.0,306631.5,4088.42,0
2025-07-08,SKU023,119.0,486521.98,4088.42,0
2025-07-09,SKU023,88.0,359780.96,4088.42,0
2025-07-10,SKU023,109.0,445637.78,4088.42,0
2025-07-11,SKU023,128.0,523317.76,4088.42,0
2025-07-12,SKU023,117.0,478345.14,4088.42,0
2025-07-13,SKU023,91.0,372046.22,4088.42,0
2025-07-14,SKU023,86.0,351604.12,4088.42,0
2025-07-15,SKU023,111.0,453814.62,4088.42,0
2025-07-16,SKU023,82.0,335250.44,4088.42,0
2025-07-17,SKU023,82.0,335250.44,4088.42,0
2025-07-18,SKU023,100.0,408842.0,4088.42,0
2025-07-19,SKU023,136.0,556025.12,4088.42,0
2025-07-20,SKU023,104.0,425195.68,4088.42,0
2025-07-21,SKU023,100.0,408842.0,4088.42,0
2025-07-22,SKU023,127.0,519229.34,4088.42,0
2025-07-23,SKU023,111.0,453814.62,4088.42,0
2025-07-24,SKU023,88.0,359780.96,4088.42,0
2025-07-25,SKU023,91.0,372046.22,4088.42,0
2025-07-26,SKU023,104.0,425195.68,4088.42,0
2025-07-27,SKU023,112.0,457903.04,4088.42,0
2025-07-28,SKU023,84.0,343427.28,4088.42,0
2025-07-29,SKU023,68.0,278012.56,4088.42,0
2025-07-30,SKU023,119.0,486521.98,4088.42,0
2025-07-31,SKU023,83.0,339338.86,4088.42,0
2025-08-01,SKU023,144.0,588732.48,4088.42,0
2025-08-02,SKU023,119.0,486521.98,4088.42,0
2025-08-03,SKU023,89.0,363869.38,4088.42,0
2025-08-04,SKU023,87.0,355692.54,4088.42,0
2025-08-05,SKU023,128.0,523317.76,4088.42,0
2025-08-06,SKU023,91.0,372046.22,4088.42,0
2025-08-07,SKU023,94.0,384311.48,4088.42,0
2025-08-08,SKU023,114.0,466079.88,4088.42,0
2025-08-09,SKU023,133.0,543759.86,4088.42,0
2025-08-10,SKU023,79.0,322985.18,4088.42,0
2025-08-11,SKU023,70.0,286189.4,4088.42,0
2025-08-12,SKU023,98.0,400665.16,4088.42,0
2025-08-13,SKU023,79.0,322985.18,4088.42,0
2025-08-14,SKU023,99.0,404753.58,4088.42,0
2025-08-15,SKU023,144.0,588732.48,4088.42,0
2025-08-16,SKU023,112.0,457903.04,4088.42,0
2025-08-17,SKU023,98.0,400665.16,4088.42,0
2025-08-18,SKU023,114.0,466079.88,4088.42,0
2025-08-19,SKU023,96.0,392488.32,4088.42,0
2025-08-20,SKU023,73.0,298454.66,4088.42,0
2025-08-21,SKU023,98.0,400665.16,4088.42,0
2025-08-22,SKU023,116.0,474256.72,4088.42,0
2025-08-23,SKU023,103.0,421107.26,4088.42,0
2025-08-24,SKU023,100.0,408842.0,4088.42,0
2025-08-25,SKU023,130.0,531494.6,4088.42,0
2025-08-26,SKU023,88.0,359780.96,4088.42,0
2025-08-27,SKU023,128.0,523317.76,4088.42,0
2025-08-28,SKU023,67.0,273924.14,4088.42,0
2025-08-29,SKU023,98.0,400665.16,4088.42,0
2025-08-30,SKU023,111.0,453814.62,4088.42,0
2025-08-31,SKU023,113.0,461991.46,4088.42,0
2025-09-01,SKU023,83.0,339338.86,4088.42,0
2025-09-02,SKU023,106.0,433372.52,4088.42,0
2025-09-03,SKU023,84.0,343427.28,4088.42,0
2025-09-04,SKU023,93.0,380223.06,4088.42,0
2025-09-05,SKU023,85.0,347515.7,4088.42,0
2025-09-06,SKU023,133.0,543759.86,4088.42,0
2025-09-07,SKU023,68.0,278012.56,4088.42,0
2025-09-08,SKU023,73.0,298454.66,4088.42,0
2025-09-09,SKU023,80.0,327073.6,4088.42,0
2025-09-10,SKU023,89.0,363869.38,4088.42,0
2025-09-11,SKU023,72.0,294366.24,4088.42,0
2025-09-12,SKU023,122.0,498787.24,4088.42,0
2025-09-13,SKU023,96.0,392488.32,4088.42,0
2025-09-14,SKU023,72.0,294366.24,4088.42,0
2025-09-15,SKU023,74.0,302543.08,4088.42,0
2025-09-16,SKU023,95.0,388399.9,4088.42,0
2025-09-17,SKU023,86.0,351604.12,4088.42,0
2025-09-18,SKU023,88.0,359780.96,4088.42,0
2025-09-19,SKU023,116.0,474256.72,4088.42,0
2025-09-20,SKU023,82.0,335250.44,4088.42,0
2025-09-21,SKU023,75.0,306631.5,4088.42,0
2025-09-22,SKU023,74.0,302543.08,4088.42,0
2025-09-23,SKU023,92.0,376134.64,4088.42,0
2025-09-24,SKU023,65.0,265747.3,4088.42,0
2025-09-25,SKU023,82.0,335250.44,4088.42,0
2025-09-26,SKU023,129.0,527406.18,4088.42,0
2025-09-27,SKU023,105.0,429284.1,4088.42,0
2025-09-28,SKU023,77.0,314808.34,4088.42,0
2025-09-29,SKU023,62.0,253482.04,4088.42,0
2025-09-30,SKU023,69.0,282100.98,4088.42,0
2025-10-01,SKU023,122.0,458884.26,4088.42,1
2025-10-02,SKU023,137.0,515304.46,4088.42,1
2025-10-03,SKU023,157.0,590531.38,4088.42,1
2025-10-04,SKU023,110.0,413748.1,4088.42,1
2025-10-05,SKU023,107.0,402464.06,4088.42,1
2025-10-06,SKU023,129.0,485213.69,4088.42,1
2025-10-07,SKU023,103.0,387418.68,4088.42,1
2025-10-08,SKU023,114.0,428793.49,4088.42,1
2025-10-09,SKU023,102.0,383657.33,4088.42,1
2025-10-10,SKU023,142.0,534111.19,4088.42,1
2025-10-11,SKU023,116.0,474256.72,4088.42,0
2025-10-12,SKU023,99.0,404753.58,4088.42,0
2025-10-13,SKU023,107.0,437460.94,4088.42,0
2025-10-14,SKU023,89.0,363869.38,4088.42,0
2025-10-15,SKU023,68.0,278012.56,4088.42,0
2025-10-16,SKU023,91.0,372046.22,4088.42,0
2025-10-17,SKU023,90.0,367957.8,4088.42,0
2025-10-18,SKU023,140.0,572378.8,4088.42,0
2025-10-19,SKU023,98.0,400665.16,4088.42,0
2025-10-20,SKU023,53.0,216686.26,4088.42,0
2025-10-21,SKU023,98.0,400665.16,4088.42,0
2025-10-22,SKU023,82.0,335250.44,4088.42,0
2025-10-23,SKU023,88.0,359780.96,4088.42,0
2025-10-24,SKU023,78.0,318896.76,4088.42,0
2025-10-25,SKU023,104.0,425195.68,4088.42,0
2025-10-26,SKU023,89.0,363869.38,4088.42,0
2025-10-27,SKU023,66.0,269835.72,4088.42,0
2025-10-28,SKU023,80.0,327073.6,4088.42,0
2025-10-29,SKU023,102.0,417018.84,4088.42,0
2025-10-30,SKU023,105.0,429284.1,4088.42,0
2025-10-31,SKU023,106.0,433372.52,4088.42,0
2025-11-01,SKU023,124.0,506964.08,4088.42,0
2025-11-02,SKU023,70.0,286189.4,4088.42,0
2025-11-03,SKU023,79.0,322985.18,4088.42,0
2025-11-04,SKU023,60.0,245305.2,4088.42,0
2025-11-05,SKU023,78.0,318896.76,4088.42,0
2025-11-06,SKU023,80.0,327073.6,4088.42,0
2025-11-07,SKU023,96.0,392488.32,4088.42,0
2025-11-08,SKU023,116.0,474256.72,4088.42,0
2025-11-09,SKU023,74.0,302543.08,4088.42,0
2025-11-10,SKU023,78.0,318896.76,4088.42,0
2025-11-11,SKU023,88.0,359780.96,4088.42,0
2025-11-12,SKU023,122.0,498787.24,4088.42,0
2025-11-13,SKU023,105.0,429284.1,4088.42,0
2025-11-14,SKU023,69.0,282100.98,4088.42,0
2025-11-15,SKU023,96.0,392488.32,4088.42,0
2025-11-16,SKU023,79.0,322985.18,4088.42,0
2025-11-17,SKU023,83.0,339338.86,4088.42,0
2025-11-18,SKU023,82.0,335250.44,4088.42,0
2025-11-19,SKU023,76.0,310719.92,4088.42,0
2025-11-20,SKU023,145.0,545395.23,4088.42,1
2025-11-21,SKU023,153.0,575486.0,4088.42,1
2025-11-22,SKU023,126.0,473929.65,4088.42,1
2025-11-23,SKU023,137.0,515304.46,4088.42,1
2025-11-24,SKU023,107.0,402464.06,4088.42,1
2025-11-25,SKU023,94.0,353566.56,4088.42,1
2025-11-26,SKU023,131.0,492736.38,4088.42,1
2025-11-27,SKU023,120.0,451361.57,4088.42,1
2025-11-28,SKU023,155.0,583008.69,4088.42,1
2025-11-29,SKU023,100.0,376134.64,4088.42,1
2025-11-30,SKU023,130.0,488975.03,4088.42,1
2025-12-01,SKU023,86.0,351604.12,4088.42,0
2025-12-02,SKU023,97.0,396576.74,4088.42,0
2025-12-03,SKU023,106.0,433372.52,4088.42,0
2025-12-04,SKU023,91.0,372046.22,4088.42,0
2025-12-05,SKU023,88.0,359780.96,4088.42,0
2025-12-06,SKU023,110.0,449726.2,4088.42,0
2025-12-07,SKU023,82.0,335250.44,4088.42,0
2025-12-08,SKU023,82.0,335250.44,4088.42,0
2025-12-09,SKU023,73.0,298454.66,4088.42,0
2025-12-10,SKU023,126.0,515140.92,4088.42,0
2025-12-11,SKU023,94.0,384311.48,4088.42,0
2025-12-12,SKU023,126.0,515140.92,4088.42,0
2025-12-13,SKU023,135.0,551936.7,4088.42,0
2025-12-14,SKU023,115.0,470168.3,4088.42,0
2025-12-15,SKU023,108.0,406225.41,4088.42,1
2025-12-16,SKU023,125.0,470168.3,4088.42,1
2025-12-17,SKU023,141.0,530349.84,4088.42,1
2025-12-18,SKU023,193.0,725939.86,4088.42,1
2025-12-19,SKU023,171.0,643190.23,4088.42,1
2025-12-20,SKU023,175.0,658235.62,4088.42,1
2025-12-21,SKU023,167.0,628144.85,4088.42,1
2025-12-22,SKU023,130.0,488975.03,4088.42,1
2025-12-23,SKU023,155.0,583008.69,4088.42,1
2025-12-24,SKU023,149.0,560440.61,4088.42,1
2025-12-25,SKU023,171.0,643190.23,4088.42,1
2025-12-26,SKU023,150.0,564201.96,4088.42,1
2025-12-27,SKU023,128.0,481452.34,4088.42,1
2025-12-28,SKU023,114.0,428793.49,4088.42,1
2025-12-29,SKU023,130.0,488975.03,4088.42,1
2025-12-30,SKU023,171.0,643190.23,4088.42,1
2025-12-31,SKU023,165.0,620622.16,4088.42,1
2026-01-01,SKU023,106.0,433372.52,4088.42,0
2026-01-02,SKU023,143.0,584644.06,4088.42,0
2026-01-03,SKU023,120.0,490610.4,4088.42,0
2026-01-04,SKU023,89.0,363869.38,4088.42,0
2026-01-05,SKU023,98.0,400665.16,4088.42,0
2026-01-06,SKU023,81.0,331162.02,4088.42,0
2026-01-07,SKU023,112.0,457903.04,4088.42,0
2026-01-08,SKU023,90.0,367957.8,4088.42,0
2026-01-09,SKU023,136.0,556025.12,4088.42,0
2026-01-10,SKU023,103.0,421107.26,4088.42,0
2026-01-11,SKU023,104.0,425195.68,4088.42,0
2026-01-12,SKU023,104.0,425195.68,4088.42,0
2026-01-13,SKU023,103.0,421107.26,4088.42,0
2026-01-14,SKU023,116.0,474256.72,4088.42,0
2026-01-15,SKU023,98.0,400665.16,4088.42,0
2026-01-16,SKU023,101.0,412930.42,4088.42,0
2026-01-17,SKU023,114.0,466079.88,4088.42,0
2026-01-18,SKU023,93.0,380223.06,4088.42,0
2026-01-19,SKU023,87.0,355692.54,4088.42,0
2026-01-20,SKU023,103.0,421107.26,4088.42,0
2026-01-21,SKU023,122.0,498787.24,4088.42,0
2026-01-22,SKU023,89.0,363869.38,4088.42,0
2026-01-23,SKU023,127.0,519229.34,4088.42,0
2026-01-24,SKU023,155.0,633705.1,4088.42,0
2026-01-25,SKU023,114.0,466079.88,4088.42,0
2026-01-26,SKU023,120.0,490610.4,4088.42,0
2026-01-27,SKU023,125.0,511052.5,4088.42,0
2026-01-28,SKU023,109.0,445637.78,4088.42,0
2026-01-29,SKU023,86.0,351604.12,4088.42,0
2026-01-30,SKU023,117.0,478345.14,4088.42,0
2026-01-31,SKU023,141.0,576467.22,4088.42,0
2026-02-01,SKU023,116.0,474256.72,4088.42,0
2026-02-02,SKU023,64.0,261658.88,4088.42,0
2026-02-03,SKU023,91.0,372046.22,4088.42,0
2026-02-04,SKU023,93.0,380223.06,4088.42,0
2026-02-05,SKU023,108.0,441549.36,4088.42,0
2026-02-06,SKU023,88.0,359780.96,4088.42,0
2026-02-07,SKU023,126.0,515140.92,4088.42,0
2026-02-08,SKU023,102.0,417018.84,4088.42,0
2026-02-09,SKU023,111.0,453814.62,4088.42,0
2026-02-10,SKU023,124.0,506964.08,4088.42,0
2026-02-11,SKU023,111.0,453814.62,4088.42,0
2026-02-12,SKU023,117.0,478345.14,4088.42,0
2026-02-13,SKU023,117.0,478345.14,4088.42,0
2026-02-14,SKU023,88.0,359780.96,4088.42,0
2026-02-15,SKU023,112.0,457903.04,4088.42,0
2026-02-16,SKU023,86.0,351604.12,4088.42,0
2026-02-17,SKU023,88.0,359780.96,4088.42,0
2026-02-18,SKU023,103.0,421107.26,4088.42,0
2026-02-19,SKU023,96.0,392488.32,4088.42,0
2026-02-20,SKU023,136.0,556025.12,4088.42,0
2026-02-21,SKU023,112.0,457903.04,4088.42,0
2026-02-22,SKU023,105.0,429284.1,4088.42,0
2026-02-23,SKU023,126.0,515140.92,4088.42,0
2026-02-24,SKU023,112.0,457903.04,4088.42,0
2026-02-25,SKU023,59.0,241216.78,4088.42,0
2026-02-26,SKU023,127.0,519229.34,4088.42,0
2026-02-27,SKU023,136.0,556025.12,4088.42,0
2026-02-28,SKU023,85.0,347515.7,4088.42,0
2026-03-01,SKU023,83.0,339338.86,4088.42,0
2026-03-02,SKU023,108.0,441549.36,4088.42,0
2026-03-03,SKU023,110.0,449726.2,4088.42,0
2026-03-04,SKU023,97.0,396576.74,4088.42,0
2026-03-05,SKU023,92.0,376134.64,4088.42,0
2026-03-06,SKU023,117.0,478345.14,4088.42,0
2026-03-07,SKU023,97.0,396576.74,4088.42,0
2026-03-08,SKU023,95.0,388399.9,4088.42,0
2026-03-09,SKU023,124.0,506964.08,4088.42,0
2026-03-10,SKU023,101.0,412930.42,4088.42,0
2026-03-11,SKU023,96.0,392488.32,4088.42,0
2026-03-12,SKU023,99.0,404753.58,4088.42,0
2026-03-13,SKU023,84.0,343427.28,4088.42,0
2026-03-14,SKU023,109.0,445637.78,4088.42,0
2026-03-15,SKU023,98.0,368611.95,4088.42,1
2026-03-16,SKU023,131.0,492736.38,4088.42,1
2026-03-17,SKU023,148.0,556679.27,4088.42,1
2026-03-18,SKU023,111.0,417509.45,4088.42,1
2026-03-19,SKU023,113.0,425032.14,4088.42,1
2026-03-20,SKU023,139.0,522827.15,4088.42,1
2026-03-21,SKU023,137.0,515304.46,4088.42,1
2026-03-22,SKU023,155.0,583008.69,4088.42,1
2026-03-23,SKU023,103.0,387418.68,4088.42,1
2026-03-24,SKU023,128.0,481452.34,4088.42,1
2026-03-25,SKU023,130.0,488975.03,4088.42,1
2026-03-26,SKU023,115.0,470168.3,4088.42,0
2026-03-27,SKU023,110.0,449726.2,4088.42,0
2026-03-28,SKU023,131.0,535583.02,4088.42,0
2026-03-29,SKU023,92.0,376134.64,4088.42,0
2026-03-30,SKU023,110.0,449726.2,4088.42,0
2026-03-31,SKU023,100.0,408842.0,4088.42,0
2026-04-01,SKU023,80.0,327073.6,4088.42,0
2026-04-02,SKU023,88.0,359780.96,4088.42,0
2026-04-03,SKU023,103.0,421107.26,4088.42,0
2026-04-04,SKU023,72.0,294366.24,4088.42,0
2026-04-05,SKU023,110.0,449726.2,4088.42,0
2026-04-06,SKU023,85.0,347515.7,4088.42,0
2026-04-07,SKU023,79.0,322985.18,4088.42,0
2026-04-08,SKU023,92.0,376134.64,4088.42,0
2026-04-09,SKU023,98.0,400665.16,4088.42,0
2026-04-10,SKU023,137.0,560113.54,4088.42,0
2026-04-11,SKU023,106.0,433372.52,4088.42,0
2026-04-12,SKU023,89.0,363869.38,4088.42,0
2026-04-13,SKU023,86.0,351604.12,4088.42,0
2026-04-14,SKU023,91.0,372046.22,4088.42,0
2026-04-15,SKU023,103.0,421107.26,4088.42,0
2026-04-16,SKU023,124.0,506964.08,4088.42,0
2026-04-17,SKU023,83.0,339338.86,4088.42,0
2026-04-18,SKU023,93.0,380223.06,4088.42,0
2026-04-19,SKU023,95.0,388399.9,4088.42,0
2026-04-20,SKU023,68.0,278012.56,4088.42,0
2026-04-21,SKU023,113.0,461991.46,4088.42,0
2026-04-22,SKU023,68.0,278012.56,4088.42,0
2026-04-23,SKU023,97.0,396576.74,4088.42,0
2026-04-24,SKU023,90.0,367957.8,4088.42,0
2026-04-25,SKU023,134.0,547848.28,4088.42,0
2026-04-26,SKU023,108.0,441549.36,4088.42,0
2026-04-27,SKU023,76.0,310719.92,4088.42,0
2026-04-28,SKU023,123.0,502875.66,4088.42,0
2026-04-29,SKU023,76.0,310719.92,4088.42,0
2026-04-30,SKU023,112.0,457903.04,4088.42,0
2026-05-01,SKU023,105.0,429284.1,4088.42,0
2026-05-02,SKU023,122.0,498787.24,4088.42,0
2026-05-03,SKU023,103.0,421107.26,4088.42,0
2026-05-04,SKU023,93.0,380223.06,4088.42,0
2026-05-05,SKU023,126.0,515140.92,4088.42,0
2026-05-06,SKU023,91.0,372046.22,4088.42,0
2026-05-07,SKU023,99.0,404753.58,4088.42,0
2026-05-08,SKU023,125.0,511052.5,4088.42,0
2026-05-09,SKU023,112.0,457903.04,4088.42,0
2026-05-10,SKU023,98.0,400665.16,4088.42,0
2026-05-11,SKU023,84.0,343427.28,4088.42,0
2026-05-12,SKU023,107.0,437460.94,4088.42,0
2026-05-13,SKU023,100.0,408842.0,4088.42,0
2026-05-14,SKU023,104.0,425195.68,4088.42,0
2026-05-15,SKU023,113.0,461991.46,4088.42,0
2026-05-16,SKU023,118.0,482433.56,4088.42,0
2026-05-17,SKU023,68.0,278012.56,4088.42,0
2026-05-18,SKU023,66.0,269835.72,4088.42,0
2026-05-19,SKU023,92.0,376134.64,4088.42,0
2026-05-20,SKU023,94.0,384311.48,4088.42,0
2026-05-21,SKU023,96.0,392488.32,4088.42,0
2026-05-22,SKU023,104.0,425195.68,4088.42,0
2026-05-23,SKU023,126.0,515140.92,4088.42,0
2026-05-24,SKU023,107.0,437460.94,4088.42,0
2026-05-25,SKU023,72.0,294366.24,4088.42,0
2026-05-26,SKU023,114.0,466079.88,4088.42,0
2026-05-27,SKU023,89.0,363869.38,4088.42,0
2026-05-28,SKU023,131.0,535583.02,4088.42,0
2026-05-29,SKU023,108.0,441549.36,4088.42,0
2026-05-30,SKU023,108.0,441549.36,4088.42,0
2026-05-31,SKU023,110.0,449726.2,4088.42,0
2026-06-01,SKU023,128.0,523317.76,4088.42,0
2026-06-02,SKU023,106.0,433372.52,4088.42,0
2026-06-03,SKU023,112.0,457903.04,4088.42,0
2026-06-04,SKU023,114.0,466079.88,4088.42,0
2026-06-05,SKU023,110.0,449726.2,4088.42,0
2026-06-06,SKU023,113.0,461991.46,4088.42,0
2026-06-07,SKU023,104.0,425195.68,4088.42,0
2026-06-08,SKU023,118.0,482433.56,4088.42,0
2026-06-09,SKU023,100.0,408842.0,4088.42,0
2026-06-10,SKU023,153.0,575486.0,4088.42,1
2026-06-11,SKU023,101.0,379895.99,4088.42,1
2026-06-12,SKU023,147.0,552917.92,4088.42,1
2026-06-13,SKU023,168.0,631906.2,4088.42,1
2026-06-14,SKU023,151.0,567963.31,4088.42,1
2026-06-15,SKU023,129.0,485213.69,4088.42,1
2026-06-16,SKU023,135.0,507781.76,4088.42,1
2026-06-17,SKU023,158.0,594292.73,4088.42,1
2026-06-18,SKU023,154.0,579247.35,4088.42,1
2026-06-19,SKU023,181.0,680803.7,4088.42,1
2026-06-20,SKU023,153.0,575486.0,4088.42,1
2026-06-21,SKU023,90.0,367957.8,4088.42,0
2026-06-22,SKU023,132.0,539671.44,4088.42,0
2026-06-23,SKU023,120.0,490610.4,4088.42,0
2026-06-24,SKU023,109.0,445637.78,4088.42,0
2026-06-25,SKU023,97.0,396576.74,4088.42,0
2026-06-26,SKU023,114.0,466079.88,4088.42,0
2026-06-27,SKU023,142.0,580555.64,4088.42,0
2026-06-28,SKU023,91.0,372046.22,4088.42,0
2026-06-29,SKU023,102.0,417018.84,4088.42,0
2026-06-30,SKU023,98.0,400665.16,4088.42,0
2025-01-25,SKU024,53.0,66749.26,1259.42,0
2025-01-26,SKU024,50.0,62971.0,1259.42,0
2025-01-27,SKU024,30.0,37782.6,1259.42,0
2025-01-28,SKU024,34.0,42820.28,1259.42,0
2025-01-29,SKU024,40.0,50376.8,1259.42,0
2025-01-30,SKU024,40.0,50376.8,1259.42,0
2025-01-31,SKU024,32.0,40301.44,1259.42,0
2025-02-01,SKU024,55.0,69268.1,1259.42,0
2025-02-02,SKU024,42.0,52895.64,1259.42,0
2025-02-03,SKU024,36.0,45339.12,1259.42,0
2025-02-04,SKU024,37.0,46598.54,1259.42,0
2025-02-05,SKU024,29.0,36523.18,1259.42,0
2025-02-06,SKU024,43.0,54155.06,1259.42,0
2025-02-07,SKU024,44.0,55414.48,1259.42,0
2025-02-08,SKU024,50.0,62971.0,1259.42,0
2025-02-09,SKU024,22.0,27707.24,1259.42,0
2025-02-10,SKU024,36.0,45339.12,1259.42,0
2025-02-11,SKU024,45.0,56673.9,1259.42,0
2025-02-12,SKU024,42.0,52895.64,1259.42,0
2025-02-13,SKU024,39.0,49117.38,1259.42,0
2025-02-14,SKU024,46.0,57933.32,1259.42,0
2025-02-15,SKU024,66.0,83121.72,1259.42,0
2025-02-16,SKU024,40.0,50376.8,1259.42,0
2025-02-17,SKU024,43.0,54155.06,1259.42,0
2025-02-18,SKU024,41.0,51636.22,1259.42,0
2025-02-19,SKU024,37.0,46598.54,1259.42,0
2025-02-20,SKU024,57.0,71786.94,1259.42,0
2025-02-21,SKU024,40.0,50376.8,1259.42,0
2025-02-22,SKU024,32.0,40301.44,1259.42,0
2025-02-23,SKU024,34.0,42820.28,1259.42,0
2025-02-24,SKU024,44.0,55414.48,1259.42,0
2025-02-25,SKU024,42.0,52895.64,1259.42,0
2025-02-26,SKU024,48.0,60452.16,1259.42,0
2025-02-27,SKU024,30.0,37782.6,1259.42,0
2025-02-28,SKU024,38.0,47857.96,1259.42,0
2025-03-01,SKU024,58.0,73046.36,1259.42,0
2025-03-02,SKU024,48.0,60452.16,1259.42,0
2025-03-03,SKU024,28.0,35263.76,1259.42,0
2025-03-04,SKU024,33.0,41560.86,1259.42,0
2025-03-05,SKU024,45.0,56673.9,1259.42,0
2025-03-06,SKU024,51.0,64230.42,1259.42,0
2025-03-07,SKU024,51.0,64230.42,1259.42,0
2025-03-08,SKU024,70.0,88159.4,1259.42,0
2025-03-09,SKU024,44.0,55414.48,1259.42,0
2025-03-10,SKU024,32.0,40301.44,1259.42,0
2025-03-11,SKU024,27.0,34004.34,1259.42,0
2025-03-12,SKU024,45.0,56673.9,1259.42,0
2025-03-13,SKU024,36.0,45339.12,1259.42,0
2025-03-14,SKU024,44.0,55414.48,1259.42,0
2025-03-15,SKU024,47.0,59192.74,1259.42,0
2025-03-16,SKU024,29.0,36523.18,1259.42,0
2025-03-17,SKU024,27.0,34004.34,1259.42,0
2025-03-18,SKU024,29.0,36523.18,1259.42,0
2025-03-19,SKU024,30.0,37782.6,1259.42,0
2025-03-20,SKU024,52.0,60250.65,1259.42,1
2025-03-21,SKU024,75.0,86899.98,1259.42,1
2025-03-22,SKU024,74.0,85741.31,1259.42,1
2025-03-23,SKU024,45.0,52139.99,1259.42,1
2025-03-24,SKU024,50.0,57933.32,1259.42,1
2025-03-25,SKU024,56.0,64885.32,1259.42,1
2025-03-26,SKU024,55.0,63726.65,1259.42,1
2025-03-27,SKU024,52.0,60250.65,1259.42,1
2025-03-28,SKU024,55.0,69268.1,1259.42,0
2025-03-29,SKU024,30.0,37782.6,1259.42,0
2025-03-30,SKU024,25.0,31485.5,1259.42,0
2025-03-31,SKU024,42.0,52895.64,1259.42,0
2025-04-01,SKU024,44.0,55414.48,1259.42,0
2025-04-02,SKU024,35.0,44079.7,1259.42,0
2025-04-03,SKU024,41.0,51636.22,1259.42,0
2025-04-04,SKU024,38.0,47857.96,1259.42,0
2025-04-05,SKU024,38.0,47857.96,1259.42,0
2025-04-06,SKU024,38.0,47857.96,1259.42,0
2025-04-07,SKU024,39.0,49117.38,1259.42,0
2025-04-08,SKU024,33.0,41560.86,1259.42,0
2025-04-09,SKU024,29.0,36523.18,1259.42,0
2025-04-10,SKU024,45.0,56673.9,1259.42,0
2025-04-11,SKU024,45.0,56673.9,1259.42,0
2025-04-12,SKU024,39.0,49117.38,1259.42,0
2025-04-13,SKU024,34.0,42820.28,1259.42,0
2025-04-14,SKU024,34.0,42820.28,1259.42,0
2025-04-15,SKU024,46.0,57933.32,1259.42,0
2025-04-16,SKU024,36.0,45339.12,1259.42,0
2025-04-17,SKU024,38.0,47857.96,1259.42,0
2025-04-18,SKU024,48.0,60452.16,1259.42,0
2025-04-19,SKU024,61.0,76824.62,1259.42,0
2025-04-20,SKU024,36.0,45339.12,1259.42,0
2025-04-21,SKU024,56.0,70527.52,1259.42,0
2025-04-22,SKU024,29.0,36523.18,1259.42,0
2025-04-23,SKU024,28.0,35263.76,1259.42,0
2025-04-24,SKU024,39.0,49117.38,1259.42,0
2025-04-25,SKU024,36.0,45339.12,1259.42,0
2025-04-26,SKU024,46.0,57933.32,1259.42,0
2025-04-27,SKU024,27.0,34004.34,1259.42,0
2025-04-28,SKU024,48.0,60452.16,1259.42,0
2025-04-29,SKU024,35.0,44079.7,1259.42,0
2025-04-30,SKU024,49.0,61711.58,1259.42,0
2025-05-01,SKU024,41.0,51636.22,1259.42,0
2025-05-02,SKU024,43.0,54155.06,1259.42,0
2025-05-03,SKU024,38.0,47857.96,1259.42,0
2025-05-04,SKU024,36.0,45339.12,1259.42,0
2025-05-05,SKU024,30.0,37782.6,1259.42,0
2025-05-06,SKU024,37.0,46598.54,1259.42,0
2025-05-07,SKU024,43.0,54155.06,1259.42,0
2025-05-08,SKU024,27.0,34004.34,1259.42,0
2025-05-09,SKU024,62.0,78084.04,1259.42,0
2025-05-10,SKU024,38.0,47857.96,1259.42,0
2025-05-11,SKU024,37.0,46598.54,1259.42,0
2025-05-12,SKU024,24.0,30226.08,1259.42,0
2025-05-13,SKU024,41.0,51636.22,1259.42,0
2025-05-14,SKU024,52.0,65489.84,1259.42,0
2025-05-15,SKU024,41.0,51636.22,1259.42,0
2025-05-16,SKU024,46.0,57933.32,1259.42,0
2025-05-17,SKU024,37.0,46598.54,1259.42,0
2025-05-18,SKU024,40.0,50376.8,1259.42,0
2025-05-19,SKU024,46.0,57933.32,1259.42,0
2025-05-20,SKU024,47.0,59192.74,1259.42,0
2025-05-21,SKU024,37.0,46598.54,1259.42,0
2025-05-22,SKU024,35.0,44079.7,1259.42,0
2025-05-23,SKU024,30.0,37782.6,1259.42,0
2025-05-24,SKU024,37.0,46598.54,1259.42,0
2025-05-25,SKU024,43.0,54155.06,1259.42,0
2025-05-26,SKU024,42.0,52895.64,1259.42,0
2025-05-27,SKU024,34.0,42820.28,1259.42,0
2025-05-28,SKU024,45.0,56673.9,1259.42,0
2025-05-29,SKU024,41.0,51636.22,1259.42,0
2025-05-30,SKU024,42.0,52895.64,1259.42,0
2025-05-31,SKU024,33.0,41560.86,1259.42,0
2025-06-01,SKU024,44.0,55414.48,1259.42,0
2025-06-02,SKU024,37.0,46598.54,1259.42,0
2025-06-03,SKU024,42.0,52895.64,1259.42,0
2025-06-04,SKU024,44.0,55414.48,1259.42,0
2025-06-05,SKU024,38.0,47857.96,1259.42,0
2025-06-06,SKU024,58.0,73046.36,1259.42,0
2025-06-07,SKU024,52.0,65489.84,1259.42,0
2025-06-08,SKU024,37.0,46598.54,1259.42,0
2025-06-09,SKU024,30.0,37782.6,1259.42,0
2025-06-10,SKU024,47.0,54457.32,1259.42,1
2025-06-11,SKU024,55.0,63726.65,1259.42,1
2025-06-12,SKU024,51.0,59091.99,1259.42,1
2025-06-13,SKU024,58.0,67202.65,1259.42,1
2025-06-14,SKU024,93.0,107755.98,1259.42,1
2025-06-15,SKU024,80.0,92693.31,1259.42,1
2025-06-16,SKU024,35.0,40553.32,1259.42,1
2025-06-17,SKU024,75.0,86899.98,1259.42,1
2025-06-18,SKU024,55.0,63726.65,1259.42,1
2025-06-19,SKU024,51.0,59091.99,1259.42,1
2025-06-20,SKU024,92.0,106597.31,1259.42,1
2025-06-21,SKU024,40.0,50376.8,1259.42,0
2025-06-22,SKU024,51.0,64230.42,1259.42,0
2025-06-23,SKU024,50.0,62971.0,1259.42,0
2025-06-24,SKU024,42.0,52895.64,1259.42,0
2025-06-25,SKU024,48.0,60452.16,1259.42,0
2025-06-26,SKU024,33.0,41560.86,1259.42,0
2025-06-27,SKU024,40.0,50376.8,1259.42,0
2025-06-28,SKU024,53.0,66749.26,1259.42,0
2025-06-29,SKU024,47.0,59192.74,1259.42,0
2025-06-30,SKU024,49.0,61711.58,1259.42,0
2025-07-01,SKU024,41.0,51636.22,1259.42,0
2025-07-02,SKU024,47.0,59192.74,1259.42,0
2025-07-03,SKU024,35.0,44079.7,1259.42,0
2025-07-04,SKU024,47.0,59192.74,1259.42,0
2025-07-05,SKU024,47.0,59192.74,1259.42,0
2025-07-06,SKU024,38.0,47857.96,1259.42,0
2025-07-07,SKU024,54.0,68008.68,1259.42,0
2025-07-08,SKU024,39.0,49117.38,1259.42,0
2025-07-09,SKU024,46.0,57933.32,1259.42,0
2025-07-10,SKU024,30.0,37782.6,1259.42,0
2025-07-11,SKU024,43.0,54155.06,1259.42,0
2025-07-12,SKU024,47.0,59192.74,1259.42,0
2025-07-13,SKU024,48.0,60452.16,1259.42,0
2025-07-14,SKU024,54.0,68008.68,1259.42,0
2025-07-15,SKU024,45.0,56673.9,1259.42,0
2025-07-16,SKU024,49.0,61711.58,1259.42,0
2025-07-17,SKU024,32.0,40301.44,1259.42,0
2025-07-18,SKU024,48.0,60452.16,1259.42,0
2025-07-19,SKU024,43.0,54155.06,1259.42,0
2025-07-20,SKU024,29.0,36523.18,1259.42,0
2025-07-21,SKU024,35.0,44079.7,1259.42,0
2025-07-22,SKU024,41.0,51636.22,1259.42,0
2025-07-23,SKU024,51.0,64230.42,1259.42,0
2025-07-24,SKU024,34.0,42820.28,1259.42,0
2025-07-25,SKU024,44.0,55414.48,1259.42,0
2025-07-26,SKU024,56.0,70527.52,1259.42,0
2025-07-27,SKU024,39.0,49117.38,1259.42,0
2025-07-28,SKU024,34.0,42820.28,1259.42,0
2025-07-29,SKU024,51.0,64230.42,1259.42,0
2025-07-30,SKU024,38.0,47857.96,1259.42,0
2025-07-31,SKU024,57.0,71786.94,1259.42,0
2025-08-01,SKU024,46.0,57933.32,1259.42,0
2025-08-02,SKU024,58.0,73046.36,1259.42,0
2025-08-03,SKU024,40.0,50376.8,1259.42,0
2025-08-04,SKU024,39.0,49117.38,1259.42,0
2025-08-05,SKU024,41.0,51636.22,1259.42,0
2025-08-06,SKU024,59.0,74305.78,1259.42,0
2025-08-07,SKU024,44.0,55414.48,1259.42,0
2025-08-08,SKU024,55.0,69268.1,1259.42,0
2025-08-09,SKU024,40.0,50376.8,1259.42,0
2025-08-10,SKU024,49.0,61711.58,1259.42,0
2025-08-11,SKU024,38.0,47857.96,1259.42,0
2025-08-12,SKU024,45.0,56673.9,1259.42,0
2025-08-13,SKU024,55.0,69268.1,1259.42,0
2025-08-14,SKU024,48.0,60452.16,1259.42,0
2025-08-15,SKU024,46.0,57933.32,1259.42,0
2025-08-16,SKU024,54.0,68008.68,1259.42,0
2025-08-17,SKU024,32.0,40301.44,1259.42,0
2025-08-18,SKU024,47.0,59192.74,1259.42,0
2025-08-19,SKU024,33.0,41560.86,1259.42,0
2025-08-20,SKU024,65.0,81862.3,1259.42,0
2025-08-21,SKU024,26.0,32744.92,1259.42,0
2025-08-22,SKU024,53.0,66749.26,1259.42,0
2025-08-23,SKU024,56.0,70527.52,1259.42,0
2025-08-24,SKU024,46.0,57933.32,1259.42,0
2025-08-25,SKU024,47.0,59192.74,1259.42,0
2025-08-26,SKU024,37.0,46598.54,1259.42,0
2025-08-27,SKU024,64.0,80602.88,1259.42,0
2025-08-28,SKU024,,50376.8,1259.42,0
2025-08-29,SKU024,61.0,76824.62,1259.42,0
2025-08-30,SKU024,52.0,65489.84,1259.42,0
2025-08-31,SKU024,42.0,52895.64,1259.42,0
2025-09-01,SKU024,36.0,45339.12,1259.42,0
2025-09-02,SKU024,29.0,36523.18,1259.42,0
2025-09-03,SKU024,30.0,37782.6,1259.42,0
2025-09-04,SKU024,29.0,36523.18,1259.42,0
2025-09-05,SKU024,44.0,55414.48,1259.42,0
2025-09-06,SKU024,57.0,71786.94,1259.42,0
2025-09-07,SKU024,56.0,70527.52,1259.42,0
2025-09-08,SKU024,36.0,45339.12,1259.42,0
2025-09-09,SKU024,36.0,45339.12,1259.42,0
2025-09-10,SKU024,,50376.8,1259.42,0
2025-09-11,SKU024,40.0,50376.8,1259.42,0
2025-09-12,SKU024,56.0,70527.52,1259.42,0
2025-09-13,SKU024,50.0,62971.0,1259.42,0
2025-09-14,SKU024,46.0,57933.32,1259.42,0
2025-09-15,SKU024,34.0,42820.28,1259.42,0
2025-09-16,SKU024,38.0,47857.96,1259.42,0
2025-09-17,SKU024,27.0,34004.34,1259.42,0
2025-09-18,SKU024,38.0,47857.96,1259.42,0
2025-09-19,SKU024,28.0,35263.76,1259.42,0
2025-09-20,SKU024,44.0,55414.48,1259.42,0
2025-09-21,SKU024,56.0,70527.52,1259.42,0
2025-09-22,SKU024,35.0,44079.7,1259.42,0
2025-09-23,SKU024,38.0,47857.96,1259.42,0
2025-09-24,SKU024,30.0,37782.6,1259.42,0
2025-09-25,SKU024,42.0,52895.64,1259.42,0
2025-09-26,SKU024,46.0,57933.32,1259.42,0
2025-09-27,SKU024,34.0,42820.28,1259.42,0
2025-09-28,SKU024,39.0,49117.38,1259.42,0
2025-09-29,SKU024,23.0,28966.66,1259.42,0
2025-09-30,SKU024,27.0,34004.34,1259.42,0
2025-10-01,SKU024,70.0,81106.65,1259.42,1
2025-10-02,SKU024,44.0,50981.32,1259.42,1
2025-10-03,SKU024,42.0,48663.99,1259.42,1
2025-10-04,SKU024,,63726.65,1259.42,1
2025-10-05,SKU024,35.0,40553.32,1259.42,1
2025-10-06,SKU024,57.0,66043.98,1259.42,1
2025-10-07,SKU024,36.0,41711.99,1259.42,1
2025-10-08,SKU024,50.0,57933.32,1259.42,1
2025-10-09,SKU024,43.0,49822.66,1259.42,1
2025-10-10,SKU024,49.0,56774.65,1259.42,1
2025-10-11,SKU024,42.0,52895.64,1259.42,0
2025-10-12,SKU024,40.0,50376.8,1259.42,0
2025-10-13,SKU024,40.0,50376.8,1259.42,0
2025-10-14,SKU024,40.0,50376.8,1259.42,0
2025-10-15,SKU024,38.0,47857.96,1259.42,0
2025-10-16,SKU024,27.0,34004.34,1259.42,0
2025-10-17,SKU024,38.0,47857.96,1259.42,0
2025-10-18,SKU024,32.0,40301.44,1259.42,0
2025-10-19,SKU024,33.0,41560.86,1259.42,0
2025-10-20,SKU024,41.0,51636.22,1259.42,0
2025-10-21,SKU024,35.0,44079.7,1259.42,0
2025-10-22,SKU024,33.0,41560.86,1259.42,0
2025-10-23,SKU024,35.0,44079.7,1259.42,0
2025-10-24,SKU024,52.0,65489.84,1259.42,0
2025-10-25,SKU024,41.0,51636.22,1259.42,0
2025-10-26,SKU024,56.0,70527.52,1259.42,0
2025-10-27,SKU024,33.0,41560.86,1259.42,0
2025-10-28,SKU024,38.0,47857.96,1259.42,0
2025-10-29,SKU024,52.0,65489.84,1259.42,0
2025-10-30,SKU024,36.0,45339.12,1259.42,0
2025-10-31,SKU024,33.0,41560.86,1259.42,0
2025-11-01,SKU024,66.0,83121.72,1259.42,0
2025-11-02,SKU024,27.0,34004.34,1259.42,0
2025-11-03,SKU024,34.0,42820.28,1259.42,0
2025-11-04,SKU024,24.0,30226.08,1259.42,0
2025-11-05,SKU024,27.0,34004.34,1259.42,0
2025-11-06,SKU024,43.0,54155.06,1259.42,0
2025-11-07,SKU024,45.0,56673.9,1259.42,0
2025-11-08,SKU024,37.0,46598.54,1259.42,0
2025-11-09,SKU024,39.0,49117.38,1259.42,0
2025-11-10,SKU024,47.0,59192.74,1259.42,0
2025-11-11,SKU024,28.0,35263.76,1259.42,0
2025-11-12,SKU024,52.0,65489.84,1259.42,0
2025-11-13,SKU024,25.0,31485.5,1259.42,0
2025-11-14,SKU024,39.0,49117.38,1259.42,0
2025-11-15,SKU024,45.0,56673.9,1259.42,0
2025-11-16,SKU024,46.0,57933.32,1259.42,0
2025-11-17,SKU024,43.0,54155.06,1259.42,0
2025-11-18,SKU024,48.0,60452.16,1259.42,0
2025-11-19,SKU024,41.0,51636.22,1259.42,0
2025-11-20,SKU024,57.0,66043.98,1259.42,1
2025-11-21,SKU024,57.0,66043.98,1259.42,1
2025-11-22,SKU024,60.0,69519.98,1259.42,1
2025-11-23,SKU024,42.0,48663.99,1259.42,1
2025-11-24,SKU024,45.0,52139.99,1259.42,1
2025-11-25,SKU024,42.0,48663.99,1259.42,1
2025-11-26,SKU024,49.0,56774.65,1259.42,1
2025-11-27,SKU024,40.0,46346.66,1259.42,1
2025-11-28,SKU024,48.0,55615.99,1259.42,1
2025-11-29,SKU024,44.0,50981.32,1259.42,1
2025-11-30,SKU024,46.0,53298.65,1259.42,1
2025-12-01,SKU024,46.0,57933.32,1259.42,0
2025-12-02,SKU024,28.0,35263.76,1259.42,0
2025-12-03,SKU024,29.0,36523.18,1259.42,0
2025-12-04,SKU024,45.0,56673.9,1259.42,0
2025-12-05,SKU024,57.0,71786.94,1259.42,0
2025-12-06,SKU024,52.0,65489.84,1259.42,0
2025-12-07,SKU024,41.0,51636.22,1259.42,0
2025-12-08,SKU024,37.0,46598.54,1259.42,0
2025-12-09,SKU024,43.0,54155.06,1259.42,0
2025-12-10,SKU024,42.0,52895.64,1259.42,0
2025-12-11,SKU024,38.0,47857.96,1259.42,0
2025-12-12,SKU024,58.0,73046.36,1259.42,0
2025-12-13,SKU024,55.0,69268.1,1259.42,0
2025-12-14,SKU024,59.0,74305.78,1259.42,0
2025-12-15,SKU024,65.0,75313.32,1259.42,1
2025-12-16,SKU024,65.0,75313.32,1259.42,1
2025-12-17,SKU024,46.0,53298.65,1259.42,1
2025-12-18,SKU024,47.0,54457.32,1259.42,1
2025-12-19,SKU024,60.0,69519.98,1259.42,1
2025-12-20,SKU024,73.0,84582.65,1259.42,1
2025-12-21,SKU024,63.0,72995.98,1259.42,1
2025-12-22,SKU024,55.0,63726.65,1259.42,1
2025-12-23,SKU024,62.0,71837.32,1259.42,1
2025-12-24,SKU024,71.0,82265.31,1259.42,1
2025-12-25,SKU024,72.0,83423.98,1259.42,1
2025-12-26,SKU024,66.0,76471.98,1259.42,1
2025-12-27,SKU024,58.0,67202.65,1259.42,1
2025-12-28,SKU024,67.0,77630.65,1259.42,1
2025-12-29,SKU024,50.0,57933.32,1259.42,1
2025-12-30,SKU024,64.0,74154.65,1259.42,1
2025-12-31,SKU024,59.0,68361.32,1259.42,1
2026-01-01,SKU024,48.0,60452.16,1259.42,0
2026-01-02,SKU024,50.0,62971.0,1259.42,0
2026-01-03,SKU024,64.0,80602.88,1259.42,0
2026-01-04,SKU024,50.0,62971.0,1259.42,0
2026-01-05,SKU024,42.0,52895.64,1259.42,0
2026-01-06,SKU024,44.0,55414.48,1259.42,0
2026-01-07,SKU024,37.0,46598.54,1259.42,0
2026-01-08,SKU024,55.0,69268.1,1259.42,0
2026-01-09,SKU024,44.0,55414.48,1259.42,0
2026-01-10,SKU024,36.0,45339.12,1259.42,0
2026-01-11,SKU024,38.0,47857.96,1259.42,0
2026-01-12,SKU024,26.0,32744.92,1259.42,0
2026-01-13,SKU024,36.0,45339.12,1259.42,0
2026-01-14,SKU024,66.0,83121.72,1259.42,0
2026-01-15,SKU024,28.0,35263.76,1259.42,0
2026-01-16,SKU024,55.0,69268.1,1259.42,0
2026-01-17,SKU024,50.0,62971.0,1259.42,0
2026-01-18,SKU024,39.0,49117.38,1259.42,0
2026-01-19,SKU024,55.0,69268.1,1259.42,0
2026-01-20,SKU024,40.0,50376.8,1259.42,0
2026-01-21,SKU024,60.0,75565.2,1259.42,0
2026-01-22,SKU024,38.0,47857.96,1259.42,0
2026-01-23,SKU024,46.0,57933.32,1259.42,0
2026-01-24,SKU024,53.0,66749.26,1259.42,0
2026-01-25,SKU024,44.0,55414.48,1259.42,0
2026-01-26,SKU024,51.0,64230.42,1259.42,0
2026-01-27,SKU024,57.0,71786.94,1259.42,0
2026-01-28,SKU024,34.0,42820.28,1259.42,0
2026-01-29,SKU024,49.0,61711.58,1259.42,0
2026-01-30,SKU024,46.0,57933.32,1259.42,0
2026-01-31,SKU024,58.0,73046.36,1259.42,0
2026-02-01,SKU024,33.0,41560.86,1259.42,0
2026-02-02,SKU024,26.0,32744.92,1259.42,0
2026-02-03,SKU024,43.0,54155.06,1259.42,0
2026-02-04,SKU024,53.0,66749.26,1259.42,0
2026-02-05,SKU024,35.0,44079.7,1259.42,0
2026-02-06,SKU024,74.0,93197.08,1259.42,0
2026-02-07,SKU024,53.0,66749.26,1259.42,0
2026-02-08,SKU024,34.0,42820.28,1259.42,0
2026-02-09,SKU024,54.0,68008.68,1259.42,0
2026-02-10,SKU024,42.0,52895.64,1259.42,0
2026-02-11,SKU024,48.0,60452.16,1259.42,0
2026-02-12,SKU024,38.0,47857.96,1259.42,0
2026-02-13,SKU024,61.0,76824.62,1259.42,0
2026-02-14,SKU024,45.0,56673.9,1259.42,0
2026-02-15,SKU024,40.0,50376.8,1259.42,0
2026-02-16,SKU024,42.0,52895.64,1259.42,0
2026-02-17,SKU024,27.0,34004.34,1259.42,0
2026-02-18,SKU024,45.0,56673.9,1259.42,0
2026-02-19,SKU024,34.0,42820.28,1259.42,0
2026-02-20,SKU024,46.0,57933.32,1259.42,0
2026-02-21,SKU024,61.0,76824.62,1259.42,0
2026-02-22,SKU024,46.0,57933.32,1259.42,0
2026-02-23,SKU024,34.0,42820.28,1259.42,0
2026-02-24,SKU024,42.0,52895.64,1259.42,0
2026-02-25,SKU024,46.0,57933.32,1259.42,0
2026-02-26,SKU024,54.0,68008.68,1259.42,0
2026-02-27,SKU024,48.0,60452.16,1259.42,0
2026-02-28,SKU024,48.0,60452.16,1259.42,0
2026-03-01,SKU024,42.0,52895.64,1259.42,0
2026-03-02,SKU024,37.0,46598.54,1259.42,0
2026-03-03,SKU024,52.0,65489.84,1259.42,0
2026-03-04,SKU024,55.0,69268.1,1259.42,0
2026-03-05,SKU024,32.0,40301.44,1259.42,0
2026-03-06,SKU024,44.0,55414.48,1259.42,0
2026-03-07,SKU024,45.0,56673.9,1259.42,0
2026-03-08,SKU024,35.0,44079.7,1259.42,0
2026-03-09,SKU024,25.0,31485.5,1259.42,0
2026-03-10,SKU024,30.0,37782.6,1259.42,0
2026-03-11,SKU024,40.0,50376.8,1259.42,0
2026-03-12,SKU024,60.0,75565.2,1259.42,0
2026-03-13,SKU024,64.0,80602.88,1259.42,0
2026-03-14,SKU024,44.0,55414.48,1259.42,0
2026-03-15,SKU024,45.0,52139.99,1259.42,1
2026-03-16,SKU024,60.0,69519.98,1259.42,1
2026-03-17,SKU024,,69519.98,1259.42,1
2026-03-18,SKU024,71.0,82265.31,1259.42,1
2026-03-19,SKU024,59.0,68361.32,1259.42,1
2026-03-20,SKU024,55.0,63726.65,1259.42,1
2026-03-21,SKU024,,92693.31,1259.42,1
2026-03-22,SKU024,53.0,61409.32,1259.42,1
2026-03-23,SKU024,49.0,56774.65,1259.42,1
2026-03-24,SKU024,58.0,67202.65,1259.42,1
2026-03-25,SKU024,51.0,59091.99,1259.42,1
2026-03-26,SKU024,49.0,61711.58,1259.42,0
2026-03-27,SKU024,37.0,46598.54,1259.42,0
2026-03-28,SKU024,59.0,74305.78,1259.42,0
2026-03-29,SKU024,35.0,44079.7,1259.42,0
2026-03-30,SKU024,25.0,31485.5,1259.42,0
2026-03-31,SKU024,44.0,55414.48,1259.42,0
2026-04-01,SKU024,44.0,55414.48,1259.42,0
2026-04-02,SKU024,44.0,55414.48,1259.42,0
2026-04-03,SKU024,47.0,59192.74,1259.42,0
2026-04-04,SKU024,38.0,47857.96,1259.42,0
2026-04-05,SKU024,60.0,75565.2,1259.42,0
2026-04-06,SKU024,31.0,39042.02,1259.42,0
2026-04-07,SKU024,57.0,71786.94,1259.42,0
2026-04-08,SKU024,35.0,44079.7,1259.42,0
2026-04-09,SKU024,39.0,49117.38,1259.42,0
2026-04-10,SKU024,60.0,75565.2,1259.42,0
2026-04-11,SKU024,51.0,64230.42,1259.42,0
2026-04-12,SKU024,50.0,62971.0,1259.42,0
2026-04-13,SKU024,52.0,65489.84,1259.42,0
2026-04-14,SKU024,46.0,57933.32,1259.42,0
2026-04-15,SKU024,50.0,62971.0,1259.42,0
2026-04-16,SKU024,43.0,54155.06,1259.42,0
2026-04-17,SKU024,35.0,44079.7,1259.42,0
2026-04-18,SKU024,45.0,56673.9,1259.42,0
2026-04-19,SKU024,34.0,42820.28,1259.42,0
2026-04-20,SKU024,36.0,45339.12,1259.42,0
2026-04-21,SKU024,34.0,42820.28,1259.42,0
2026-04-22,SKU024,44.0,55414.48,1259.42,0
2026-04-23,SKU024,43.0,54155.06,1259.42,0
2026-04-24,SKU024,46.0,57933.32,1259.42,0
2026-04-25,SKU024,53.0,66749.26,1259.42,0
2026-04-26,SKU024,53.0,66749.26,1259.42,0
2026-04-27,SKU024,38.0,47857.96,1259.42,0
2026-04-28,SKU024,46.0,57933.32,1259.42,0
2026-04-29,SKU024,50.0,62971.0,1259.42,0
2026-04-30,SKU024,42.0,52895.64,1259.42,0
2026-05-01,SKU024,49.0,61711.58,1259.42,0
2026-05-02,SKU024,44.0,55414.48,1259.42,0
2026-05-03,SKU024,46.0,57933.32,1259.42,0
2026-05-04,SKU024,39.0,49117.38,1259.42,0
2026-05-05,SKU024,27.0,34004.34,1259.42,0
2026-05-06,SKU024,41.0,51636.22,1259.42,0
2026-05-07,SKU024,24.0,30226.08,1259.42,0
2026-05-08,SKU024,39.0,49117.38,1259.42,0
2026-05-09,SKU024,38.0,47857.96,1259.42,0
2026-05-10,SKU024,35.0,44079.7,1259.42,0
2026-05-11,SKU024,47.0,59192.74,1259.42,0
2026-05-12,SKU024,45.0,56673.9,1259.42,0
2026-05-13,SKU024,30.0,37782.6,1259.42,0
2026-05-14,SKU024,44.0,55414.48,1259.42,0
2026-05-15,SKU024,53.0,66749.26,1259.42,0
2026-05-16,SKU024,46.0,57933.32,1259.42,0
2026-05-17,SKU024,37.0,46598.54,1259.42,0
2026-05-18,SKU024,29.0,36523.18,1259.42,0
2026-05-19,SKU024,38.0,47857.96,1259.42,0
2026-05-20,SKU024,52.0,65489.84,1259.42,0
2026-05-21,SKU024,57.0,71786.94,1259.42,0
2026-05-22,SKU024,44.0,55414.48,1259.42,0
2026-05-23,SKU024,40.0,50376.8,1259.42,0
2026-05-24,SKU024,33.0,41560.86,1259.42,0
2026-05-25,SKU024,41.0,51636.22,1259.42,0
2026-05-26,SKU024,41.0,51636.22,1259.42,0
2026-05-27,SKU024,20.0,25188.4,1259.42,0
2026-05-28,SKU024,42.0,52895.64,1259.42,0
2026-05-29,SKU024,72.0,90678.24,1259.42,0
2026-05-30,SKU024,53.0,66749.26,1259.42,0
2026-05-31,SKU024,51.0,64230.42,1259.42,0
2026-06-01,SKU024,43.0,54155.06,1259.42,0
2026-06-02,SKU024,40.0,50376.8,1259.42,0
2026-06-03,SKU024,42.0,52895.64,1259.42,0
2026-06-04,SKU024,55.0,69268.1,1259.42,0
2026-06-05,SKU024,58.0,73046.36,1259.42,0
2026-06-06,SKU024,58.0,73046.36,1259.42,0
2026-06-07,SKU024,47.0,59192.74,1259.42,0
2026-06-08,SKU024,47.0,59192.74,1259.42,0
2026-06-09,SKU024,54.0,68008.68,1259.42,0
2026-06-10,SKU024,57.0,66043.98,1259.42,1
2026-06-11,SKU024,67.0,77630.65,1259.42,1
2026-06-12,SKU024,104.0,120501.31,1259.42,1
2026-06-13,SKU024,66.0,76471.98,1259.42,1
2026-06-14,SKU024,57.0,66043.98,1259.42,1
2026-06-15,SKU024,69.0,79947.98,1259.42,1
2026-06-16,SKU024,71.0,82265.31,1259.42,1
2026-06-17,SKU024,64.0,74154.65,1259.42,1
2026-06-18,SKU024,89.0,103121.31,1259.42,1
2026-06-19,SKU024,76.0,88058.65,1259.42,1
2026-06-20,SKU024,92.0,106597.31,1259.42,1
2026-06-21,SKU024,55.0,69268.1,1259.42,0
2026-06-22,SKU024,35.0,44079.7,1259.42,0
2026-06-23,SKU024,50.0,62971.0,1259.42,0
2026-06-24,SKU024,40.0,50376.8,1259.42,0
2026-06-25,SKU024,62.0,78084.04,1259.42,0
2026-06-26,SKU024,52.0,65489.84,1259.42,0
2026-06-27,SKU024,62.0,78084.04,1259.42,0
2026-06-28,SKU024,44.0,55414.48,1259.42,0
2026-06-29,SKU024,49.0,61711.58,1259.42,0
2026-06-30,SKU024,48.0,60452.16,1259.42,0
2025-01-01,SKU025,45.0,187882.65,4175.17,0
2025-01-02,SKU025,87.0,363239.79,4175.17,0
2025-01-03,SKU025,76.0,317312.92,4175.17,0
2025-01-04,SKU025,72.0,300612.24,4175.17,0
2025-01-05,SKU025,60.0,250510.2,4175.17,0
2025-01-06,SKU025,61.0,254685.37,4175.17,0
2025-01-07,SKU025,47.0,196232.99,4175.17,0
2025-01-08,SKU025,58.0,242159.86,4175.17,0
2025-01-09,SKU025,66.0,275561.22,4175.17,0
2025-01-10,SKU025,77.0,295769.04,4175.17,1
2025-01-11,SKU025,92.0,353386.39,4175.17,1
2025-01-12,SKU025,96.0,368751.01,4175.17,1
2025-01-13,SKU025,93.0,357227.55,4175.17,1
2025-01-14,SKU025,66.0,253516.32,4175.17,1
2025-01-15,SKU025,46.0,176693.19,4175.17,1
2025-01-16,SKU025,68.0,283911.56,4175.17,0
2025-01-17,SKU025,62.0,258860.54,4175.17,0
2025-01-18,SKU025,69.0,288086.73,4175.17,0
2025-01-19,SKU025,62.0,258860.54,4175.17,0
2025-01-20,SKU025,47.0,196232.99,4175.17,0
2025-01-21,SKU025,53.0,221284.01,4175.17,0
2025-01-22,SKU025,69.0,288086.73,4175.17,0
2025-01-23,SKU025,42.0,175357.14,4175.17,0
2025-01-24,SKU025,83.0,346539.11,4175.17,0
2025-01-25,SKU025,76.0,317312.92,4175.17,0
2025-01-26,SKU025,76.0,317312.92,4175.17,0
2025-01-27,SKU025,38.0,158656.46,4175.17,0
2025-01-28,SKU025,55.0,229634.35,4175.17,0
2025-01-29,SKU025,61.0,254685.37,4175.17,0
2025-01-30,SKU025,46.0,192057.82,4175.17,0
2025-01-31,SKU025,62.0,258860.54,4175.17,0
2025-02-01,SKU025,66.0,275561.22,4175.17,0
2025-02-02,SKU025,59.0,246335.03,4175.17,0
2025-02-03,SKU025,48.0,200408.16,4175.17,0
2025-02-04,SKU025,67.0,279736.39,4175.17,0
2025-02-05,SKU025,82.0,342363.94,4175.17,0
2025-02-06,SKU025,39.0,162831.63,4175.17,0
2025-02-07,SKU025,67.0,279736.39,4175.17,0
2025-02-08,SKU025,66.0,275561.22,4175.17,0
2025-02-09,SKU025,65.0,271386.05,4175.17,0
2025-02-10,SKU025,57.0,237984.69,4175.17,0
2025-02-11,SKU025,67.0,279736.39,4175.17,0
2025-02-12,SKU025,46.0,192057.82,4175.17,0
2025-02-13,SKU025,55.0,229634.35,4175.17,0
2025-02-14,SKU025,64.0,267210.88,4175.17,0
2025-02-15,SKU025,58.0,242159.86,4175.17,0
2025-02-16,SKU025,43.0,179532.31,4175.17,0
2025-02-17,SKU025,39.0,162831.63,4175.17,0
2025-02-18,SKU025,88.0,367414.96,4175.17,0
2025-02-19,SKU025,70.0,292261.9,4175.17,0
2025-02-20,SKU025,70.0,292261.9,4175.17,0
2025-02-21,SKU025,90.0,375765.3,4175.17,0
2025-02-22,SKU025,51.0,212933.67,4175.17,0
2025-02-23,SKU025,57.0,237984.69,4175.17,0
2025-02-24,SKU025,41.0,171181.97,4175.17,0
2025-02-25,SKU025,61.0,254685.37,4175.17,0
2025-02-26,SKU025,29.0,121079.93,4175.17,0
2025-02-27,SKU025,58.0,242159.86,4175.17,0
2025-02-28,SKU025,68.0,283911.56,4175.17,0
2025-03-01,SKU025,62.0,258860.54,4175.17,0
2025-03-02,SKU025,50.0,208758.5,4175.17,0
2025-03-03,SKU025,40.0,167006.8,4175.17,0
2025-03-04,SKU025,53.0,221284.01,4175.17,0
2025-03-05,SKU025,67.0,279736.39,4175.17,0
2025-03-06,SKU025,45.0,187882.65,4175.17,0
2025-03-07,SKU025,70.0,292261.9,4175.17,0
2025-03-08,SKU025,61.0,254685.37,4175.17,0
2025-03-09,SKU025,50.0,208758.5,4175.17,0
2025-03-10,SKU025,52.0,217108.84,4175.17,0
2025-03-11,SKU025,45.0,187882.65,4175.17,0
2025-03-12,SKU025,72.0,300612.24,4175.17,0
2025-03-13,SKU025,47.0,196232.99,4175.17,0
2025-03-14,SKU025,55.0,229634.35,4175.17,0
2025-03-15,SKU025,75.0,313137.75,4175.17,0
2025-03-16,SKU025,61.0,254685.37,4175.17,0
2025-03-17,SKU025,39.0,162831.63,4175.17,0
2025-03-18,SKU025,57.0,237984.69,4175.17,0
2025-03-19,SKU025,59.0,246335.03,4175.17,0
2025-03-20,SKU025,67.0,257357.48,4175.17,1
2025-03-21,SKU025,74.0,284245.57,4175.17,1
2025-03-22,SKU025,95.0,364909.86,4175.17,1
2025-03-23,SKU025,77.0,295769.04,4175.17,1
2025-03-24,SKU025,64.0,245834.01,4175.17,1
2025-03-25,SKU025,69.0,265039.79,4175.17,1
2025-03-26,SKU025,86.0,330339.45,4175.17,1
2025-03-27,SKU025,94.0,361068.7,4175.17,1
2025-03-28,SKU025,62.0,258860.54,4175.17,0
2025-03-29,SKU025,68.0,283911.56,4175.17,0
2025-03-30,SKU025,53.0,221284.01,4175.17,0
2025-03-31,SKU025,50.0,208758.5,4175.17,0
2025-04-01,SKU025,49.0,204583.33,4175.17,0
2025-04-02,SKU025,54.0,225459.18,4175.17,0
2025-04-03,SKU025,65.0,271386.05,4175.17,0
2025-04-04,SKU025,41.0,171181.97,4175.17,0
2025-04-05,SKU025,47.0,196232.99,4175.17,0
2025-04-06,SKU025,67.0,279736.39,4175.17,0
2025-04-07,SKU025,40.0,167006.8,4175.17,0
2025-04-08,SKU025,57.0,237984.69,4175.17,0
2025-04-09,SKU025,48.0,200408.16,4175.17,0
2025-04-10,SKU025,50.0,208758.5,4175.17,0
2025-04-11,SKU025,86.0,359064.62,4175.17,0
2025-04-12,SKU025,56.0,233809.52,4175.17,0
2025-04-13,SKU025,73.0,304787.41,4175.17,0
2025-04-14,SKU025,70.0,292261.9,4175.17,0
2025-04-15,SKU025,55.0,229634.35,4175.17,0
2025-04-16,SKU025,71.0,296437.07,4175.17,0
2025-04-17,SKU025,71.0,296437.07,4175.17,0
2025-04-18,SKU025,72.0,300612.24,4175.17,0
2025-04-19,SKU025,63.0,263035.71,4175.17,0
2025-04-20,SKU025,58.0,242159.86,4175.17,0
2025-04-21,SKU025,64.0,267210.88,4175.17,0
2025-04-22,SKU025,68.0,283911.56,4175.17,0
2025-04-23,SKU025,44.0,183707.48,4175.17,0
2025-04-24,SKU025,58.0,242159.86,4175.17,0
2025-04-25,SKU025,54.0,225459.18,4175.17,0
2025-04-26,SKU025,68.0,283911.56,4175.17,0
2025-04-27,SKU025,66.0,275561.22,4175.17,0
2025-04-28,SKU025,47.0,196232.99,4175.17,0
2025-04-29,SKU025,53.0,221284.01,4175.17,0
2025-04-30,SKU025,55.0,229634.35,4175.17,0
2025-05-01,SKU025,49.0,204583.33,4175.17,0
2025-05-02,SKU025,73.0,304787.41,4175.17,0
2025-05-03,SKU025,62.0,258860.54,4175.17,0
2025-05-04,SKU025,48.0,200408.16,4175.17,0
2025-05-05,SKU025,45.0,187882.65,4175.17,0
2025-05-06,SKU025,71.0,296437.07,4175.17,0
2025-05-07,SKU025,46.0,192057.82,4175.17,0
2025-05-08,SKU025,60.0,250510.2,4175.17,0
2025-05-09,SKU025,58.0,242159.86,4175.17,0
2025-05-10,SKU025,59.0,246335.03,4175.17,0
2025-05-11,SKU025,55.0,229634.35,4175.17,0
2025-05-12,SKU025,52.0,217108.84,4175.17,0
2025-05-13,SKU025,52.0,217108.84,4175.17,0
2025-05-14,SKU025,59.0,246335.03,4175.17,0
2025-05-15,SKU025,50.0,208758.5,4175.17,0
2025-05-16,SKU025,72.0,300612.24,4175.17,0
2025-05-17,SKU025,57.0,237984.69,4175.17,0
2025-05-18,SKU025,52.0,217108.84,4175.17,0
2025-05-19,SKU025,56.0,233809.52,4175.17,0
2025-05-20,SKU025,53.0,221284.01,4175.17,0
2025-05-21,SKU025,49.0,204583.33,4175.17,0
2025-05-22,SKU025,53.0,221284.01,4175.17,0
2025-05-23,SKU025,55.0,229634.35,4175.17,0
2025-05-24,SKU025,73.0,304787.41,4175.17,0
2025-05-25,SKU025,63.0,263035.71,4175.17,0
2025-05-26,SKU025,52.0,217108.84,,0
2025-05-27,SKU025,52.0,217108.84,4175.17,0
2025-05-28,SKU025,63.0,263035.71,4175.17,0
2025-05-29,SKU025,69.0,288086.73,4175.17,0
2025-05-30,SKU025,60.0,250510.2,4175.17,0
2025-05-31,SKU025,55.0,229634.35,4175.17,0
2025-06-01,SKU025,,267210.88,4175.17,0
2025-06-02,SKU025,53.0,221284.01,4175.17,0
2025-06-03,SKU025,65.0,271386.05,4175.17,0
2025-06-04,SKU025,58.0,242159.86,4175.17,0
2025-06-05,SKU025,68.0,283911.56,4175.17,0
2025-06-06,SKU025,94.0,392465.98,4175.17,0
2025-06-07,SKU025,87.0,363239.79,4175.17,0
2025-06-08,SKU025,51.0,212933.67,4175.17,0
2025-06-09,SKU025,38.0,158656.46,4175.17,0
2025-06-10,SKU025,91.0,349545.23,4175.17,1
2025-06-11,SKU025,91.0,349545.23,4175.17,1
2025-06-12,SKU025,65.0,249675.17,4175.17,1
2025-06-13,SKU025,102.0,391797.95,4175.17,1
2025-06-14,SKU025,88.0,338021.76,4175.17,1
2025-06-15,SKU025,76.0,291927.89,4175.17,1
2025-06-16,SKU025,65.0,249675.17,4175.17,1
2025-06-17,SKU025,73.0,280404.42,4175.17,1
2025-06-18,SKU025,81.0,311133.67,4175.17,1
2025-06-19,SKU025,85.0,326498.29,4175.17,1
2025-06-20,SKU025,104.0,399480.27,4175.17,1
2025-06-21,SKU025,95.0,396641.15,4175.17,0
2025-06-22,SKU025,73.0,304787.41,4175.17,0
2025-06-23,SKU025,50.0,208758.5,4175.17,0
2025-06-24,SKU025,75.0,313137.75,4175.17,0
2025-06-25,SKU025,70.0,292261.9,4175.17,0
2025-06-26,SKU025,63.0,263035.71,4175.17,0
2025-06-27,SKU025,82.0,342363.94,4175.17,0
2025-06-28,SKU025,83.0,346539.11,4175.17,0
2025-06-29,SKU025,65.0,271386.05,4175.17,0
2025-06-30,SKU025,54.0,225459.18,4175.17,0
2025-07-01,SKU025,79.0,329838.43,4175.17,0
2025-07-02,SKU025,75.0,313137.75,4175.17,0
2025-07-03,SKU025,66.0,275561.22,4175.17,0
2025-07-04,SKU025,52.0,217108.84,4175.17,0
2025-07-05,SKU025,77.0,321488.09,4175.17,0
2025-07-06,SKU025,59.0,246335.03,4175.17,0
2025-07-07,SKU025,66.0,275561.22,4175.17,0
2025-07-08,SKU025,75.0,313137.75,4175.17,0
2025-07-09,SKU025,75.0,313137.75,4175.17,0
2025-07-10,SKU025,63.0,263035.71,4175.17,0
2025-07-11,SKU025,62.0,258860.54,4175.17,0
2025-07-12,SKU025,90.0,375765.3,4175.17,0
2025-07-13,SKU025,60.0,250510.2,4175.17,0
2025-07-14,SKU025,57.0,237984.69,4175.17,0
2025-07-15,SKU025,69.0,288086.73,4175.17,0
2025-07-16,SKU025,94.0,392465.98,4175.17,0
2025-07-17,SKU025,87.0,363239.79,4175.17,0
2025-07-18,SKU025,59.0,246335.03,4175.17,0
2025-07-19,SKU025,97.0,404991.49,4175.17,0
2025-07-20,SKU025,57.0,237984.69,4175.17,0
2025-07-21,SKU025,72.0,300612.24,4175.17,0
2025-07-22,SKU025,54.0,225459.18,4175.17,0
2025-07-23,SKU025,74.0,308962.58,4175.17,0
2025-07-24,SKU025,73.0,304787.41,4175.17,0
2025-07-25,SKU025,87.0,363239.79,4175.17,0
2025-07-26,SKU025,80.0,334013.6,4175.17,0
2025-07-27,SKU025,69.0,288086.73,4175.17,0
2025-07-28,SKU025,55.0,229634.35,4175.17,0
2025-07-29,SKU025,61.0,254685.37,4175.17,0
2025-07-30,SKU025,67.0,279736.39,4175.17,0
2025-07-31,SKU025,60.0,250510.2,4175.17,0
2025-08-01,SKU025,61.0,254685.37,4175.17,0
2025-08-02,SKU025,78.0,325663.26,4175.17,0
2025-08-03,SKU025,59.0,246335.03,4175.17,0
2025-08-04,SKU025,73.0,304787.41,4175.17,0
2025-08-05,SKU025,63.0,263035.71,4175.17,0
2025-08-06,SKU025,96.0,400816.32,4175.17,0
2025-08-07,SKU025,68.0,283911.56,4175.17,0
2025-08-08,SKU025,63.0,263035.71,4175.17,0
2025-08-09,SKU025,68.0,283911.56,4175.17,0
2025-08-10,SKU025,90.0,375765.3,4175.17,0
2025-08-11,SKU025,41.0,171181.97,4175.17,0
2025-08-12,SKU025,54.0,225459.18,4175.17,0
2025-08-13,SKU025,62.0,258860.54,4175.17,0
2025-08-14,SKU025,65.0,271386.05,4175.17,0
2025-08-15,SKU025,109.0,455093.53,4175.17,0
2025-08-16,SKU025,80.0,334013.6,4175.17,0
2025-08-17,SKU025,74.0,308962.58,4175.17,0
2025-08-18,SKU025,54.0,225459.18,4175.17,0
2025-08-19,SKU025,63.0,263035.71,4175.17,0
2025-08-20,SKU025,49.0,204583.33,4175.17,0
2025-08-21,SKU025,94.0,392465.98,4175.17,0
2025-08-22,SKU025,93.0,388290.81,4175.17,0
2025-08-23,SKU025,84.0,350714.28,4175.17,0
2025-08-24,SKU025,60.0,250510.2,4175.17,0
2025-08-25,SKU025,66.0,275561.22,4175.17,0
2025-08-26,SKU025,52.0,217108.84,4175.17,0
2025-08-27,SKU025,66.0,275561.22,4175.17,0
2025-08-28,SKU025,56.0,233809.52,4175.17,0
2025-08-29,SKU025,67.0,279736.39,4175.17,0
2025-08-30,SKU025,76.0,317312.92,4175.17,0
2025-08-31,SKU025,60.0,250510.2,4175.17,0
2025-09-01,SKU025,61.0,254685.37,4175.17,0
2025-09-02,SKU025,49.0,204583.33,4175.17,0
2025-09-03,SKU025,48.0,200408.16,4175.17,0
2025-09-04,SKU025,63.0,263035.71,4175.17,0
2025-09-05,SKU025,65.0,271386.05,4175.17,0
2025-09-06,SKU025,74.0,308962.58,4175.17,0
2025-09-07,SKU025,38.0,158656.46,4175.17,0
2025-09-08,SKU025,41.0,171181.97,4175.17,0
2025-09-09,SKU025,65.0,271386.05,4175.17,0
2025-09-10,SKU025,51.0,212933.67,4175.17,0
2025-09-11,SKU025,67.0,279736.39,4175.17,0
2025-09-12,SKU025,71.0,296437.07,4175.17,0
2025-09-13,SKU025,64.0,267210.88,4175.17,0
2025-09-14,SKU025,58.0,242159.86,4175.17,0
2025-09-15,SKU025,69.0,288086.73,4175.17,0
2025-09-16,SKU025,58.0,242159.86,4175.17,0
2025-09-17,SKU025,61.0,254685.37,4175.17,0
2025-09-18,SKU025,63.0,263035.71,4175.17,0
2025-09-19,SKU025,73.0,304787.41,4175.17,0
2025-09-20,SKU025,76.0,317312.92,4175.17,0
2025-09-21,SKU025,56.0,233809.52,4175.17,0
2025-09-22,SKU025,43.0,179532.31,4175.17,0
2025-09-23,SKU025,62.0,258860.54,4175.17,0
2025-09-24,SKU025,56.0,233809.52,4175.17,0
2025-09-25,SKU025,56.0,233809.52,4175.17,0
2025-09-26,SKU025,86.0,359064.62,4175.17,0
2025-09-27,SKU025,80.0,334013.6,4175.17,0
2025-09-28,SKU025,86.0,359064.62,4175.17,0
2025-09-29,SKU025,43.0,179532.31,4175.17,0
2025-09-30,SKU025,53.0,221284.01,4175.17,0
2025-10-01,SKU025,76.0,291927.89,4175.17,1
2025-10-02,SKU025,95.0,364909.86,4175.17,1
2025-10-03,SKU025,92.0,353386.39,4175.17,1
2025-10-04,SKU025,76.0,291927.89,4175.17,1
2025-10-05,SKU025,,395639.11,4175.17,1
2025-10-06,SKU025,78.0,299610.2,4175.17,1
2025-10-07,SKU025,90.0,345704.08,4175.17,1
2025-10-08,SKU025,72.0,276563.26,4175.17,1
2025-10-09,SKU025,65.0,249675.17,4175.17,1
2025-10-10,SKU025,94.0,361068.7,4175.17,1
2025-10-11,SKU025,71.0,296437.07,4175.17,0
2025-10-12,SKU025,51.0,212933.67,4175.17,0
2025-10-13,SKU025,57.0,237984.69,4175.17,0
2025-10-14,SKU025,46.0,192057.82,4175.17,0
2025-10-15,SKU025,72.0,300612.24,4175.17,0
2025-10-16,SKU025,54.0,225459.18,4175.17,0
2025-10-17,SKU025,56.0,233809.52,4175.17,0
2025-10-18,SKU025,68.0,283911.56,4175.17,0
2025-10-19,SKU025,53.0,221284.01,4175.17,0
2025-10-20,SKU025,47.0,196232.99,4175.17,0
2025-10-21,SKU025,45.0,187882.65,4175.17,0
2025-10-22,SKU025,54.0,225459.18,4175.17,0
2025-10-23,SKU025,65.0,271386.05,4175.17,0
2025-10-24,SKU025,61.0,254685.37,4175.17,0
2025-10-25,SKU025,75.0,313137.75,4175.17,0
2025-10-26,SKU025,57.0,237984.69,4175.17,0
2025-10-27,SKU025,53.0,221284.01,4175.17,0
2025-10-28,SKU025,66.0,275561.22,4175.17,0
2025-10-29,SKU025,52.0,217108.84,4175.17,0
2025-10-30,SKU025,77.0,321488.09,4175.17,0
2025-10-31,SKU025,80.0,334013.6,4175.17,0
2025-11-01,SKU025,80.0,334013.6,4175.17,0
2025-11-02,SKU025,54.0,225459.18,4175.17,0
2025-11-03,SKU025,46.0,192057.82,4175.17,0
2025-11-04,SKU025,62.0,258860.54,4175.17,0
2025-11-05,SKU025,66.0,275561.22,4175.17,0
2025-11-06,SKU025,45.0,187882.65,4175.17,0
2025-11-07,SKU025,71.0,296437.07,4175.17,0
2025-11-08,SKU025,71.0,296437.07,4175.17,0
2025-11-09,SKU025,57.0,237984.69,4175.17,0
2025-11-10,SKU025,49.0,204583.33,4175.17,0
2025-11-11,SKU025,63.0,263035.71,4175.17,0
2025-11-12,SKU025,53.0,221284.01,4175.17,0
2025-11-13,SKU025,49.0,204583.33,4175.17,0
2025-11-14,SKU025,94.0,392465.98,4175.17,0
2025-11-15,SKU025,87.0,363239.79,4175.17,0
2025-11-16,SKU025,56.0,233809.52,4175.17,0
2025-11-17,SKU025,56.0,233809.52,4175.17,0
2025-11-18,SKU025,59.0,246335.03,4175.17,0
2025-11-19,SKU025,63.0,263035.71,4175.17,0
2025-11-20,SKU025,85.0,326498.29,4175.17,1
2025-11-21,SKU025,93.0,357227.55,4175.17,1
2025-11-22,SKU025,92.0,353386.39,4175.17,1
2025-11-23,SKU025,64.0,245834.01,4175.17,1
2025-11-24,SKU025,86.0,330339.45,4175.17,1
2025-11-25,SKU025,78.0,299610.2,4175.17,1
2025-11-26,SKU025,77.0,295769.04,4175.17,1
2025-11-27,SKU025,69.0,265039.79,4175.17,1
2025-11-28,SKU025,93.0,357227.55,4175.17,1
2025-11-29,SKU025,84.0,322657.14,4175.17,1
2025-11-30,SKU025,79.0,303451.36,4175.17,1
2025-12-01,SKU025,49.0,204583.33,4175.17,0
2025-12-02,SKU025,77.0,321488.09,4175.17,0
2025-12-03,SKU025,61.0,254685.37,4175.17,0
2025-12-04,SKU025,64.0,267210.88,4175.17,0
2025-12-05,SKU025,75.0,313137.75,4175.17,0
2025-12-06,SKU025,85.0,354889.45,4175.17,0
2025-12-07,SKU025,68.0,283911.56,4175.17,0
2025-12-08,SKU025,62.0,258860.54,4175.17,0
2025-12-09,SKU025,66.0,275561.22,4175.17,0
2025-12-10,SKU025,61.0,254685.37,4175.17,0
2025-12-11,SKU025,54.0,225459.18,4175.17,0
2025-12-12,SKU025,84.0,350714.28,4175.17,0
2025-12-13,SKU025,56.0,233809.52,4175.17,0
2025-12-14,SKU025,60.0,250510.2,4175.17,0
2025-12-15,SKU025,97.0,372592.17,4175.17,1
2025-12-16,SKU025,92.0,353386.39,4175.17,1
2025-12-17,SKU025,82.0,314974.82,4175.17,1
2025-12-18,SKU025,112.0,430209.52,4175.17,1
2025-12-19,SKU025,102.0,391797.95,4175.17,1
2025-12-20,SKU025,125.0,480144.55,4175.17,1
2025-12-21,SKU025,92.0,353386.39,4175.17,1
2025-12-22,SKU025,87.0,334180.61,4175.17,1
2025-12-23,SKU025,97.0,372592.17,4175.17,1
2025-12-24,SKU025,83.0,318815.98,4175.17,1
2025-12-25,SKU025,105.0,403321.42,4175.17,1
2025-12-26,SKU025,72.0,276563.26,4175.17,1
2025-12-27,SKU025,85.0,326498.29,4175.17,1
2025-12-28,SKU025,103.0,395639.11,4175.17,1
2025-12-29,SKU025,82.0,314974.82,4175.17,1
2025-12-30,SKU025,90.0,345704.08,4175.17,1
2025-12-31,SKU025,99.0,380274.48,4175.17,1
2026-01-01,SKU025,58.0,242159.86,4175.17,0
2026-01-02,SKU025,79.0,329838.43,4175.17,0
2026-01-03,SKU025,77.0,321488.09,4175.17,0
2026-01-04,SKU025,64.0,267210.88,4175.17,0
2026-01-05,SKU025,92.0,384115.64,4175.17,0
2026-01-06,SKU025,60.0,250510.2,4175.17,0
2026-01-07,SKU025,99.0,413341.83,4175.17,0
2026-01-08,SKU025,78.0,325663.26,4175.17,0
2026-01-09,SKU025,74.0,308962.58,4175.17,0
2026-01-10,SKU025,94.0,392465.98,4175.17,0
2026-01-11,SKU025,62.0,258860.54,4175.17,0
2026-01-12,SKU025,60.0,250510.2,4175.17,0
2026-01-13,SKU025,68.0,283911.56,4175.17,0
2026-01-14,SKU025,57.0,237984.69,4175.17,0
2026-01-15,SKU025,71.0,296437.07,4175.17,0
2026-01-16,SKU025,90.0,375765.3,4175.17,0
2026-01-17,SKU025,105.0,438392.85,4175.17,0
2026-01-18,SKU025,46.0,192057.82,4175.17,0
2026-01-19,SKU025,55.0,229634.35,4175.17,0
2026-01-20,SKU025,58.0,242159.86,4175.17,0
2026-01-21,SKU025,59.0,246335.03,4175.17,0
2026-01-22,SKU025,61.0,254685.37,4175.17,0
2026-01-23,SKU025,77.0,321488.09,4175.17,0
2026-01-24,SKU025,64.0,267210.88,4175.17,0
2026-01-25,SKU025,64.0,267210.88,4175.17,0
2026-01-26,SKU025,61.0,254685.37,4175.17,0
2026-01-27,SKU025,64.0,267210.88,4175.17,0
2026-01-28,SKU025,61.0,254685.37,4175.17,0
2026-01-29,SKU025,55.0,229634.35,4175.17,0
2026-01-30,SKU025,103.0,430042.51,4175.17,0
2026-01-31,SKU025,65.0,271386.05,4175.17,0
2026-02-01,SKU025,51.0,212933.67,4175.17,0
2026-02-02,SKU025,81.0,338188.77,4175.17,0
2026-02-03,SKU025,72.0,300612.24,4175.17,0
2026-02-04,SKU025,77.0,321488.09,4175.17,0
2026-02-05,SKU025,76.0,317312.92,4175.17,0
2026-02-06,SKU025,102.0,425867.34,4175.17,0
2026-02-07,SKU025,85.0,354889.45,4175.17,0
2026-02-08,SKU025,63.0,263035.71,4175.17,0
2026-02-09,SKU025,46.0,192057.82,4175.17,0
2026-02-10,SKU025,61.0,254685.37,4175.17,0
2026-02-11,SKU025,54.0,225459.18,4175.17,0
2026-02-12,SKU025,48.0,200408.16,4175.17,0
2026-02-13,SKU025,73.0,304787.41,4175.17,0
2026-02-14,SKU025,92.0,384115.64,4175.17,0
2026-02-15,SKU025,81.0,338188.77,4175.17,0
2026-02-16,SKU025,47.0,196232.99,4175.17,0
2026-02-17,SKU025,65.0,271386.05,4175.17,0
2026-02-18,SKU025,59.0,246335.03,4175.17,0
2026-02-19,SKU025,59.0,246335.03,4175.17,0
2026-02-20,SKU025,76.0,317312.92,4175.17,0
2026-02-21,SKU025,67.0,279736.39,4175.17,0
2026-02-22,SKU025,73.0,304787.41,4175.17,0
2026-02-23,SKU025,74.0,308962.58,4175.17,0
2026-02-24,SKU025,63.0,263035.71,4175.17,0
2026-02-25,SKU025,73.0,304787.41,4175.17,0
2026-02-26,SKU025,71.0,296437.07,4175.17,0
2026-02-27,SKU025,77.0,321488.09,4175.17,0
2026-02-28,SKU025,102.0,425867.34,4175.17,0
2026-03-01,SKU025,53.0,221284.01,4175.17,0
2026-03-02,SKU025,54.0,225459.18,4175.17,0
2026-03-03,SKU025,96.0,400816.32,4175.17,0
2026-03-04,SKU025,71.0,296437.07,4175.17,0
2026-03-05,SKU025,55.0,229634.35,4175.17,0
2026-03-06,SKU025,79.0,329838.43,4175.17,0
2026-03-07,SKU025,57.0,237984.69,4175.17,0
2026-03-08,SKU025,63.0,263035.71,4175.17,0
2026-03-09,SKU025,60.0,250510.2,4175.17,0
2026-03-10,SKU025,56.0,233809.52,4175.17,0
2026-03-11,SKU025,69.0,288086.73,4175.17,0
2026-03-12,SKU025,38.0,158656.46,4175.17,0
2026-03-13,SKU025,90.0,375765.3,4175.17,0
2026-03-14,SKU025,86.0,359064.62,4175.17,0
2026-03-15,SKU025,78.0,299610.2,4175.17,1
2026-03-16,SKU025,78.0,299610.2,4175.17,1
2026-03-17,SKU025,65.0,249675.17,4175.17,1
2026-03-18,SKU025,62.0,238151.7,4175.17,1
2026-03-19,SKU025,111.0,426368.36,4175.17,1
2026-03-20,SKU025,132.0,507032.64,4175.17,1
2026-03-21,SKU025,101.0,387956.8,4175.17,1
2026-03-22,SKU025,89.0,341862.92,4175.17,1
2026-03-23,SKU025,86.0,330339.45,4175.17,1
2026-03-24,SKU025,96.0,368751.01,4175.17,1
2026-03-25,SKU025,110.0,422527.2,4175.17,1
2026-03-26,SKU025,61.0,254685.37,4175.17,0
2026-03-27,SKU025,59.0,246335.03,4175.17,0
2026-03-28,SKU025,92.0,384115.64,4175.17,0
2026-03-29,SKU025,80.0,334013.6,4175.17,0
2026-03-30,SKU025,51.0,212933.67,4175.17,0
2026-03-31,SKU025,82.0,342363.94,4175.17,0
2026-04-01,SKU025,62.0,258860.54,4175.17,0
2026-04-02,SKU025,74.0,308962.58,4175.17,0
2026-04-03,SKU025,65.0,271386.05,4175.17,0
2026-04-04,SKU025,90.0,375765.3,4175.17,0
2026-04-05,SKU025,40.0,167006.8,4175.17,0
2026-04-06,SKU025,57.0,237984.69,4175.17,0
2026-04-07,SKU025,66.0,275561.22,4175.17,0
2026-04-08,SKU025,74.0,308962.58,4175.17,0
2026-04-09,SKU025,62.0,258860.54,4175.17,0
2026-04-10,SKU025,63.0,263035.71,4175.17,0
2026-04-11,SKU025,90.0,375765.3,4175.17,0
2026-04-12,SKU025,57.0,237984.69,4175.17,0
2026-04-13,SKU025,57.0,237984.69,4175.17,0
2026-04-14,SKU025,49.0,204583.33,4175.17,0
2026-04-15,SKU025,69.0,288086.73,4175.17,0
2026-04-16,SKU025,60.0,250510.2,4175.17,0
2026-04-17,SKU025,62.0,258860.54,4175.17,0
2026-04-18,SKU025,74.0,308962.58,4175.17,0
2026-04-19,SKU025,61.0,254685.37,4175.17,0
2026-04-20,SKU025,55.0,229634.35,4175.17,0
2026-04-21,SKU025,48.0,200408.16,4175.17,0
2026-04-22,SKU025,67.0,279736.39,4175.17,0
2026-04-23,SKU025,68.0,283911.56,4175.17,0
2026-04-24,SKU025,89.0,371590.13,4175.17,0
2026-04-25,SKU025,94.0,392465.98,4175.17,0
2026-04-26,SKU025,71.0,296437.07,4175.17,0
2026-04-27,SKU025,51.0,212933.67,4175.17,0
2026-04-28,SKU025,64.0,267210.88,4175.17,0
2026-04-29,SKU025,49.0,204583.33,4175.17,0
2026-04-30,SKU025,77.0,321488.09,4175.17,0
2026-05-01,SKU025,82.0,342363.94,4175.17,0
2026-05-02,SKU025,59.0,246335.03,4175.17,0
2026-05-03,SKU025,74.0,308962.58,4175.17,0
2026-05-04,SKU025,53.0,221284.01,4175.17,0
2026-05-05,SKU025,64.0,267210.88,4175.17,0
2026-05-06,SKU025,79.0,329838.43,4175.17,0
2026-05-07,SKU025,70.0,292261.9,4175.17,0
2026-05-08,SKU025,82.0,342363.94,4175.17,0
2026-05-09,SKU025,80.0,334013.6,4175.17,0
2026-05-10,SKU025,52.0,217108.84,4175.17,0
2026-05-11,SKU025,33.0,137780.61,4175.17,0
2026-05-12,SKU025,69.0,288086.73,4175.17,0
2026-05-13,SKU025,49.0,204583.33,4175.17,0
2026-05-14,SKU025,69.0,288086.73,4175.17,0
2026-05-15,SKU025,88.0,367414.96,4175.17,0
2026-05-16,SKU025,67.0,279736.39,4175.17,0
2026-05-17,SKU025,67.0,279736.39,4175.17,0
2026-05-18,SKU025,61.0,254685.37,4175.17,0
2026-05-19,SKU025,58.0,242159.86,4175.17,0
2026-05-20,SKU025,63.0,263035.71,4175.17,0
2026-05-21,SKU025,80.0,334013.6,4175.17,0
2026-05-22,SKU025,72.0,300612.24,4175.17,0
2026-05-23,SKU025,88.0,367414.96,4175.17,0
2026-05-24,SKU025,66.0,275561.22,4175.17,0
2026-05-25,SKU025,48.0,200408.16,4175.17,0
2026-05-26,SKU025,65.0,271386.05,4175.17,0
2026-05-27,SKU025,68.0,283911.56,4175.17,0
2026-05-28,SKU025,61.0,254685.37,4175.17,0
2026-05-29,SKU025,57.0,237984.69,4175.17,0
2026-05-30,SKU025,79.0,329838.43,4175.17,0
2026-05-31,SKU025,94.0,392465.98,4175.17,0
2026-06-01,SKU025,66.0,275561.22,4175.17,0
2026-06-02,SKU025,82.0,342363.94,4175.17,0
2026-06-03,SKU025,53.0,221284.01,4175.17,0
2026-06-04,SKU025,57.0,237984.69,4175.17,0
2026-06-05,SKU025,86.0,359064.62,4175.17,0
2026-06-06,SKU025,90.0,375765.3,4175.17,0
2026-06-07,SKU025,92.0,384115.64,4175.17,0
2026-06-08,SKU025,68.0,283911.56,4175.17,0
2026-06-09,SKU025,69.0,288086.73,4175.17,0
2026-06-10,SKU025,100.0,384115.64,4175.17,1
2026-06-11,SKU025,81.0,311133.67,4175.17,1
2026-06-12,SKU025,118.0,453256.46,4175.17,1
2026-06-13,SKU025,88.0,338021.76,4175.17,1
2026-06-14,SKU025,106.0,407162.58,4175.17,1
2026-06-15,SKU025,93.0,357227.55,4175.17,1
2026-06-16,SKU025,100.0,384115.64,4175.17,1
2026-06-17,SKU025,111.0,426368.36,4175.17,1
2026-06-18,SKU025,98.0,376433.33,4175.17,1
2026-06-19,SKU025,157.0,603061.55,4175.17,1
2026-06-20,SKU025,120.0,460938.77,4175.17,1
2026-06-21,SKU025,85.0,354889.45,4175.17,0
2026-06-22,SKU025,66.0,275561.22,4175.17,0
2026-06-23,SKU025,84.0,350714.28,4175.17,0
2026-06-24,SKU025,57.0,237984.69,4175.17,0
2026-06-25,SKU025,71.0,296437.07,4175.17,0
2026-06-26,SKU025,82.0,342363.94,4175.17,0
2026-06-27,SKU025,60.0,250510.2,4175.17,0
2026-06-28,SKU025,61.0,254685.37,4175.17,0
2026-06-29,SKU025,68.0,283911.56,4175.17,0
2026-06-30,SKU025,89.0,371590.13,4175.17,0
2025-01-01,SKU026,93.0,626947.41,6741.37,0
2025-01-02,SKU026,78.0,525826.86,6741.37,0
2025-01-03,SKU026,100.0,674137.0,6741.37,0
2025-01-04,SKU026,121.0,815705.77,6741.37,0
2025-01-05,SKU026,104.0,701102.48,6741.37,0
2025-01-06,SKU026,75.0,505602.75,6741.37,0
2025-01-07,SKU026,95.0,640430.15,6741.37,0
2025-01-08,SKU026,78.0,525826.86,6741.37,0
2025-01-09,SKU026,72.0,485378.64,6741.37,0
2025-01-10,SKU026,147.0,911702.88,6741.37,1
2025-01-11,SKU026,131.0,812469.91,6741.37,1
2025-01-12,SKU026,104.0,645014.28,6741.37,1
2025-01-13,SKU026,99.0,614003.98,6741.37,1
2025-01-14,SKU026,120.0,744247.25,6741.37,1
2025-01-15,SKU026,106.0,657418.4,6741.37,1
2025-01-16,SKU026,77.0,519085.49,6741.37,0
2025-01-17,SKU026,96.0,647171.52,6741.37,0
2025-01-18,SKU026,110.0,741550.7,6741.37,0
2025-01-19,SKU026,95.0,640430.15,6741.37,0
2025-01-20,SKU026,83.0,559533.71,6741.37,0
2025-01-21,SKU026,105.0,707843.85,6741.37,0
2025-01-22,SKU026,86.0,579757.82,6741.37,0
2025-01-23,SKU026,108.0,728067.96,6741.37,0
2025-01-24,SKU026,126.0,849412.62,6741.37,0
2025-01-25,SKU026,102.0,687619.74,6741.37,0
2025-01-26,SKU026,99.0,667395.63,6741.37,0
2025-01-27,SKU026,77.0,519085.49,6741.37,0
2025-01-28,SKU026,73.0,492120.01,6741.37,0
2025-01-29,SKU026,65.0,438189.05,6741.37,0
2025-01-30,SKU026,96.0,647171.52,6741.37,0
2025-01-31,SKU026,113.0,761774.81,6741.37,0
2025-02-01,SKU026,91.0,613464.67,6741.37,0
2025-02-02,SKU026,122.0,822447.14,6741.37,0
2025-02-03,SKU026,59.0,397740.83,6741.37,0
2025-02-04,SKU026,105.0,707843.85,6741.37,0
2025-02-05,SKU026,80.0,539309.6,6741.37,0
2025-02-06,SKU026,126.0,849412.62,6741.37,0
2025-02-07,SKU026,97.0,653912.89,6741.37,0
2025-02-08,SKU026,116.0,781998.92,6741.37,0
2025-02-09,SKU026,81.0,546050.97,6741.37,0
2025-02-10,SKU026,105.0,707843.85,6741.37,0
2025-02-11,SKU026,79.0,532568.23,6741.37,0
2025-02-12,SKU026,77.0,519085.49,6741.37,0
2025-02-13,SKU026,96.0,647171.52,6741.37,0
2025-02-14,SKU026,104.0,701102.48,6741.37,0
2025-02-15,SKU026,81.0,546050.97,6741.37,0
2025-02-16,SKU026,89.0,599981.93,6741.37,0
2025-02-17,SKU026,86.0,579757.82,6741.37,0
2025-02-18,SKU026,101.0,680878.37,6741.37,0
2025-02-19,SKU026,123.0,829188.51,6741.37,0
2025-02-20,SKU026,98.0,660654.26,6741.37,0
2025-02-21,SKU026,115.0,775257.55,6741.37,0
2025-02-22,SKU026,107.0,721326.59,6741.37,0
2025-02-23,SKU026,95.0,640430.15,6741.37,0
2025-02-24,SKU026,72.0,485378.64,6741.37,0
2025-02-25,SKU026,84.0,566275.08,6741.37,0
2025-02-26,SKU026,95.0,640430.15,6741.37,0
2025-02-27,SKU026,86.0,579757.82,6741.37,0
2025-02-28,SKU026,75.0,505602.75,6741.37,0
2025-03-01,SKU026,107.0,721326.59,6741.37,0
2025-03-02,SKU026,70.0,471895.9,6741.37,0
2025-03-03,SKU026,51.0,343809.87,6741.37,0
2025-03-04,SKU026,68.0,458413.16,6741.37,0
2025-03-05,SKU026,71.0,478637.27,6741.37,0
2025-03-06,SKU026,71.0,478637.27,6741.37,0
2025-03-07,SKU026,86.0,579757.82,6741.37,0
2025-03-08,SKU026,92.0,620206.04,6741.37,0
2025-03-09,SKU026,88.0,593240.56,6741.37,0
2025-03-10,SKU026,77.0,519085.49,6741.37,0
2025-03-11,SKU026,85.0,573016.45,6741.37,0
2025-03-12,SKU026,92.0,620206.04,6741.37,0
2025-03-13,SKU026,83.0,559533.71,6741.37,0
2025-03-14,SKU026,105.0,707843.85,6741.37,0
2025-03-15,SKU026,89.0,599981.93,6741.37,0
2025-03-16,SKU026,102.0,687619.74,6741.37,0
2025-03-17,SKU026,60.0,404482.2,6741.37,0
2025-03-18,SKU026,78.0,525826.86,6741.37,0
2025-03-19,SKU026,71.0,478637.27,6741.37,0
2025-03-20,SKU026,99.0,614003.98,6741.37,1
2025-03-21,SKU026,143.0,886894.64,6741.37,1
2025-03-22,SKU026,143.0,886894.64,6741.37,1
2025-03-23,SKU026,122.0,756651.37,6741.37,1
2025-03-24,SKU026,95.0,589195.74,6741.37,1
2025-03-25,SKU026,123.0,762853.43,6741.37,1
2025-03-26,SKU026,101.0,626408.1,6741.37,1
2025-03-27,SKU026,112.0,694630.76,6741.37,1
2025-03-28,SKU026,88.0,593240.56,6741.37,0
2025-03-29,SKU026,111.0,748292.07,6741.37,0
2025-03-30,SKU026,70.0,471895.9,6741.37,0
2025-03-31,SKU026,81.0,546050.97,6741.37,0
2025-04-01,SKU026,92.0,620206.04,6741.37,0
2025-04-02,SKU026,78.0,525826.86,6741.37,0
2025-04-03,SKU026,74.0,498861.38,6741.37,0
2025-04-04,SKU026,88.0,593240.56,6741.37,0
2025-04-05,SKU026,102.0,687619.74,6741.37,0
2025-04-06,SKU026,92.0,620206.04,6741.37,0
2025-04-07,SKU026,62.0,417964.94,6741.37,0
2025-04-08,SKU026,75.0,505602.75,6741.37,0
2025-04-09,SKU026,66.0,444930.42,6741.37,0
2025-04-10,SKU026,99.0,667395.63,6741.37,0
2025-04-11,SKU026,120.0,808964.4,6741.37,0
2025-04-12,SKU026,66.0,444930.42,6741.37,0
2025-04-13,SKU026,111.0,748292.07,6741.37,0
2025-04-14,SKU026,69.0,465154.53,6741.37,0
2025-04-15,SKU026,97.0,653912.89,6741.37,0
2025-04-16,SKU026,88.0,593240.56,6741.37,0
2025-04-17,SKU026,97.0,653912.89,6741.37,0
2025-04-18,SKU026,98.0,660654.26,6741.37,0
2025-04-19,SKU026,102.0,687619.74,6741.37,0
2025-04-20,SKU026,94.0,633688.78,6741.37,0
2025-04-21,SKU026,84.0,566275.08,6741.37,0
2025-04-22,SKU026,60.0,404482.2,6741.37,0
2025-04-23,SKU026,103.0,694361.11,6741.37,0
2025-04-24,SKU026,74.0,498861.38,6741.37,0
2025-04-25,SKU026,66.0,444930.42,6741.37,0
2025-04-26,SKU026,102.0,687619.74,6741.37,0
2025-04-27,SKU026,83.0,559533.71,6741.37,0
2025-04-28,SKU026,56.0,377516.72,6741.37,0
2025-04-29,SKU026,66.0,444930.42,6741.37,0
2025-04-30,SKU026,89.0,599981.93,6741.37,0
2025-05-01,SKU026,74.0,498861.38,6741.37,0
2025-05-02,SKU026,125.0,842671.25,6741.37,0
2025-05-03,SKU026,94.0,633688.78,6741.37,0
2025-05-04,SKU026,87.0,586499.19,6741.37,0
2025-05-05,SKU026,78.0,525826.86,6741.37,0
2025-05-06,SKU026,113.0,761774.81,6741.37,0
2025-05-07,SKU026,78.0,525826.86,6741.37,0
2025-05-08,SKU026,70.0,471895.9,6741.37,0
2025-05-09,SKU026,83.0,559533.71,6741.37,0
2025-05-10,SKU026,116.0,781998.92,6741.37,0
2025-05-11,SKU026,94.0,633688.78,6741.37,0
2025-05-12,SKU026,92.0,620206.04,6741.37,0
2025-05-13,SKU026,96.0,647171.52,6741.37,0
2025-05-14,SKU026,61.0,411223.57,6741.37,0
2025-05-15,SKU026,82.0,552792.34,6741.37,0
2025-05-16,SKU026,88.0,593240.56,6741.37,0
2025-05-17,SKU026,113.0,761774.81,6741.37,0
2025-05-18,SKU026,73.0,492120.01,6741.37,0
2025-05-19,SKU026,61.0,411223.57,6741.37,0
2025-05-20,SKU026,120.0,808964.4,6741.37,0
2025-05-21,SKU026,103.0,694361.11,6741.37,0
2025-05-22,SKU026,90.0,606723.3,6741.37,0
2025-05-23,SKU026,87.0,586499.19,6741.37,0
2025-05-24,SKU026,90.0,606723.3,6741.37,0
2025-05-25,SKU026,89.0,599981.93,6741.37,0
2025-05-26,SKU026,103.0,694361.11,6741.37,0
2025-05-27,SKU026,59.0,397740.83,6741.37,0
2025-05-28,SKU026,91.0,613464.67,6741.37,0
2025-05-29,SKU026,87.0,586499.19,6741.37,0
2025-05-30,SKU026,89.0,599981.93,6741.37,0
2025-05-31,SKU026,103.0,694361.11,6741.37,0
2025-06-01,SKU026,88.0,593240.56,6741.37,0
2025-06-02,SKU026,85.0,573016.45,6741.37,0
2025-06-03,SKU026,78.0,525826.86,6741.37,0
2025-06-04,SKU026,108.0,728067.96,6741.37,0
2025-06-05,SKU026,111.0,748292.07,6741.37,0
2025-06-06,SKU026,105.0,707843.85,6741.37,0
2025-06-07,SKU026,132.0,889860.84,6741.37,0
2025-06-08,SKU026,104.0,701102.48,6741.37,0
2025-06-09,SKU026,82.0,552792.34,6741.37,0
2025-06-10,SKU026,138.0,855884.34,6741.37,1
2025-06-11,SKU026,133.0,824874.03,6741.37,1
2025-06-12,SKU026,140.0,868288.46,6741.37,1
2025-06-13,SKU026,131.0,812469.91,6741.37,1
2025-06-14,SKU026,157.0,973723.48,6741.37,1
2025-06-15,SKU026,114.0,707034.89,6741.37,1
2025-06-16,SKU026,89.0,551983.38,6741.37,1
2025-06-17,SKU026,124.0,769055.49,6741.37,1
2025-06-18,SKU026,,917904.94,6741.37,1
2025-06-19,SKU026,159.0,986127.6,6741.37,1
2025-06-20,SKU026,156.0,967521.42,6741.37,1
2025-06-21,SKU026,141.0,950533.17,6741.37,0
2025-06-22,SKU026,96.0,647171.52,6741.37,0
2025-06-23,SKU026,96.0,647171.52,6741.37,0
2025-06-24,SKU026,100.0,674137.0,6741.37,0
2025-06-25,SKU026,107.0,721326.59,6741.37,0
2025-06-26,SKU026,89.0,599981.93,6741.37,0
2025-06-27,SKU026,134.0,903343.58,6741.37,0
2025-06-28,SKU026,93.0,626947.41,6741.37,0
2025-06-29,SKU026,100.0,674137.0,6741.37,0
2025-06-30,SKU026,80.0,539309.6,6741.37,0
2025-07-01,SKU026,90.0,606723.3,6741.37,0
2025-07-02,SKU026,126.0,849412.62,6741.37,0
2025-07-03,SKU026,89.0,599981.93,6741.37,0
2025-07-04,SKU026,107.0,721326.59,6741.37,0
2025-07-05,SKU026,122.0,822447.14,6741.37,0
2025-07-06,SKU026,69.0,465154.53,6741.37,0
2025-07-07,SKU026,88.0,593240.56,6741.37,0
2025-07-08,SKU026,122.0,822447.14,6741.37,0
2025-07-09,SKU026,81.0,546050.97,6741.37,0
2025-07-10,SKU026,99.0,667395.63,6741.37,0
2025-07-11,SKU026,95.0,640430.15,6741.37,0
2025-07-12,SKU026,95.0,640430.15,6741.37,0
2025-07-13,SKU026,80.0,539309.6,6741.37,0
2025-07-14,SKU026,118.0,795481.66,6741.37,0
2025-07-15,SKU026,49.0,330327.13,6741.37,0
2025-07-16,SKU026,99.0,667395.63,6741.37,0
2025-07-17,SKU026,124.0,835929.88,6741.37,0
2025-07-18,SKU026,114.0,768516.18,6741.37,0
2025-07-19,SKU026,131.0,883119.47,6741.37,0
2025-07-20,SKU026,89.0,599981.93,6741.37,0
2025-07-21,SKU026,74.0,498861.38,6741.37,0
2025-07-22,SKU026,102.0,687619.74,6741.37,0
2025-07-23,SKU026,92.0,620206.04,6741.37,0
2025-07-24,SKU026,101.0,680878.37,6741.37,0
2025-07-25,SKU026,101.0,680878.37,6741.37,0
2025-07-26,SKU026,109.0,734809.33,6741.37,0
2025-07-27,SKU026,77.0,519085.49,6741.37,0
2025-07-28,SKU026,75.0,505602.75,6741.37,0
2025-07-29,SKU026,97.0,653912.89,6741.37,0
2025-07-30,SKU026,90.0,606723.3,6741.37,0
2025-07-31,SKU026,88.0,593240.56,6741.37,0
2025-08-01,SKU026,100.0,674137.0,6741.37,0
2025-08-02,SKU026,106.0,714585.22,6741.37,0
2025-08-03,SKU026,124.0,835929.88,6741.37,0
2025-08-04,SKU026,89.0,599981.93,6741.37,0
2025-08-05,SKU026,101.0,680878.37,6741.37,0
2025-08-06,SKU026,115.0,775257.55,6741.37,0
2025-08-07,SKU026,102.0,687619.74,6741.37,0
2025-08-08,SKU026,121.0,815705.77,6741.37,0
2025-08-09,SKU026,143.0,964015.91,6741.37,0
2025-08-10,SKU026,101.0,680878.37,6741.37,0
2025-08-11,SKU026,75.0,505602.75,6741.37,0
2025-08-12,SKU026,121.0,815705.77,6741.37,0
2025-08-13,SKU026,86.0,579757.82,6741.37,0
2025-08-14,SKU026,,721326.59,6741.37,0
2025-08-15,SKU026,107.0,721326.59,6741.37,0
2025-08-16,SKU026,113.0,761774.81,6741.37,0
2025-08-17,SKU026,77.0,519085.49,6741.37,0
2025-08-18,SKU026,97.0,653912.89,6741.37,0
2025-08-19,SKU026,86.0,579757.82,6741.37,0
2025-08-20,SKU026,91.0,613464.67,6741.37,0
2025-08-21,SKU026,121.0,815705.77,6741.37,0
2025-08-22,SKU026,107.0,721326.59,6741.37,0
2025-08-23,SKU026,111.0,748292.07,6741.37,0
2025-08-24,SKU026,93.0,626947.41,6741.37,0
2025-08-25,SKU026,69.0,465154.53,6741.37,0
2025-08-26,SKU026,87.0,586499.19,6741.37,0
2025-08-27,SKU026,72.0,485378.64,6741.37,0
2025-08-28,SKU026,88.0,593240.56,6741.37,0
2025-08-29,SKU026,119.0,802223.03,6741.37,0
2025-08-30,SKU026,84.0,566275.08,6741.37,0
2025-08-31,SKU026,92.0,620206.04,6741.37,0
2025-09-01,SKU026,61.0,411223.57,6741.37,0
2025-09-02,SKU026,63.0,424706.31,6741.37,0
2025-09-03,SKU026,86.0,579757.82,6741.37,0
2025-09-04,SKU026,88.0,593240.56,6741.37,0
2025-09-05,SKU026,74.0,498861.38,6741.37,0
2025-09-06,SKU026,92.0,620206.04,6741.37,0
2025-09-07,SKU026,96.0,647171.52,6741.37,0
2025-09-08,SKU026,99.0,667395.63,6741.37,0
2025-09-09,SKU026,76.0,512344.12,6741.37,0
2025-09-10,SKU026,78.0,525826.86,6741.37,0
2025-09-11,SKU026,88.0,593240.56,6741.37,0
2025-09-12,SKU026,111.0,748292.07,6741.37,0
2025-09-13,SKU026,69.0,465154.53,6741.37,0
2025-09-14,SKU026,95.0,640430.15,6741.37,0
2025-09-15,SKU026,84.0,566275.08,6741.37,0
2025-09-16,SKU026,83.0,559533.71,6741.37,0
2025-09-17,SKU026,84.0,566275.08,6741.37,0
2025-09-18,SKU026,105.0,707843.85,6741.37,0
2025-09-19,SKU026,95.0,640430.15,6741.37,0
2025-09-20,SKU026,99.0,667395.63,6741.37,0
2025-09-21,SKU026,59.0,397740.83,6741.37,0
2025-09-22,SKU026,70.0,471895.9,6741.37,0
2025-09-23,SKU026,89.0,599981.93,6741.37,0
2025-09-24,SKU026,115.0,775257.55,6741.37,0
2025-09-25,SKU026,83.0,559533.71,6741.37,0
2025-09-26,SKU026,108.0,728067.96,6741.37,0
2025-09-27,SKU026,96.0,647171.52,6741.37,0
2025-09-28,SKU026,65.0,438189.05,6741.37,0
2025-09-29,SKU026,59.0,397740.83,6741.37,0
2025-09-30,SKU026,91.0,613464.67,6741.37,0
2025-10-01,SKU026,102.0,632610.16,6741.37,1
2025-10-02,SKU026,122.0,756651.37,6741.37,1
2025-10-03,SKU026,148.0,917904.94,6741.37,1
2025-10-04,SKU026,135.0,837278.15,6741.37,1
2025-10-05,SKU026,131.0,812469.91,6741.37,1
2025-10-06,SKU026,126.0,781459.61,6741.37,1
2025-10-07,SKU026,95.0,589195.74,6741.37,1
2025-10-08,SKU026,125.0,775257.55,6741.37,1
2025-10-09,SKU026,136.0,843480.21,6741.37,1
2025-10-10,SKU026,151.0,936511.12,6741.37,1
2025-10-11,SKU026,124.0,835929.88,6741.37,0
2025-10-12,SKU026,84.0,566275.08,6741.37,0
2025-10-13,SKU026,70.0,471895.9,6741.37,0
2025-10-14,SKU026,77.0,519085.49,6741.37,0
2025-10-15,SKU026,94.0,633688.78,6741.37,0
2025-10-16,SKU026,85.0,573016.45,6741.37,0
2025-10-17,SKU026,104.0,701102.48,6741.37,0
2025-10-18,SKU026,115.0,775257.55,6741.37,0
2025-10-19,SKU026,69.0,465154.53,6741.37,0
2025-10-20,SKU026,84.0,566275.08,6741.37,0
2025-10-21,SKU026,90.0,606723.3,6741.37,0
2025-10-22,SKU026,125.0,842671.25,6741.37,0
2025-10-23,SKU026,101.0,680878.37,6741.37,0
2025-10-24,SKU026,95.0,640430.15,6741.37,0
2025-10-25,SKU026,79.0,532568.23,6741.37,0
2025-10-26,SKU026,82.0,552792.34,6741.37,0
2025-10-27,SKU026,74.0,498861.38,6741.37,0
2025-10-28,SKU026,108.0,728067.96,6741.37,0
2025-10-29,SKU026,75.0,505602.75,6741.37,0
2025-10-30,SKU026,108.0,728067.96,6741.37,0
2025-10-31,SKU026,114.0,768516.18,6741.37,0
2025-11-01,SKU026,140.0,943791.8,6741.37,0
2025-11-02,SKU026,82.0,552792.34,6741.37,0
2025-11-03,SKU026,76.0,512344.12,6741.37,0
2025-11-04,SKU026,84.0,566275.08,6741.37,0
2025-11-05,SKU026,112.0,755033.44,6741.37,0
2025-11-06,SKU026,86.0,579757.82,6741.37,0
2025-11-07,SKU026,90.0,606723.3,6741.37,0
2025-11-08,SKU026,102.0,687619.74,6741.37,0
2025-11-09,SKU026,109.0,734809.33,6741.37,0
2025-11-10,SKU026,84.0,566275.08,6741.37,0
2025-11-11,SKU026,98.0,660654.26,6741.37,0
2025-11-12,SKU026,59.0,397740.83,6741.37,0
2025-11-13,SKU026,98.0,660654.26,6741.37,0
2025-11-14,SKU026,119.0,802223.03,6741.37,0
2025-11-15,SKU026,123.0,829188.51,6741.37,0
2025-11-16,SKU026,77.0,519085.49,6741.37,0
2025-11-17,SKU026,62.0,417964.94,6741.37,0
2025-11-18,SKU026,111.0,748292.07,6741.37,0
2025-11-19,SKU026,98.0,660654.26,6741.37,0
2025-11-20,SKU026,147.0,911702.88,6741.37,1
2025-11-21,SKU026,123.0,762853.43,6741.37,1
2025-11-22,SKU026,151.0,936511.12,6741.37,1
2025-11-23,SKU026,96.0,595397.8,6741.37,1
2025-11-24,SKU026,90.0,558185.44,6741.37,1
2025-11-25,SKU026,138.0,855884.34,6741.37,1
2025-11-26,SKU026,94.0,582993.68,6741.37,1
2025-11-27,SKU026,92.0,570589.56,6741.37,1
2025-11-28,SKU026,161.0,998531.72,6741.37,1
2025-11-29,SKU026,158.0,979925.54,6741.37,1
2025-11-30,SKU026,102.0,632610.16,6741.37,1
2025-12-01,SKU026,85.0,573016.45,6741.37,0
2025-12-02,SKU026,89.0,599981.93,6741.37,0
2025-12-03,SKU026,86.0,579757.82,6741.37,0
2025-12-04,SKU026,109.0,734809.33,6741.37,0
2025-12-05,SKU026,112.0,755033.44,6741.37,0
2025-12-06,SKU026,107.0,721326.59,6741.37,0
2025-12-07,SKU026,98.0,660654.26,6741.37,0
2025-12-08,SKU026,82.0,552792.34,6741.37,0
2025-12-09,SKU026,94.0,633688.78,6741.37,0
2025-12-10,SKU026,103.0,694361.11,6741.37,0
2025-12-11,SKU026,99.0,667395.63,6741.37,0
2025-12-12,SKU026,122.0,822447.14,6741.37,0
2025-12-13,SKU026,100.0,674137.0,6741.37,0
2025-12-14,SKU026,107.0,721326.59,6741.37,0
2025-12-15,SKU026,124.0,769055.49,6741.37,1
2025-12-16,SKU026,100.0,620206.04,6741.37,1
2025-12-17,SKU026,123.0,762853.43,6741.37,1
2025-12-18,SKU026,115.0,713236.95,6741.37,1
2025-12-19,SKU026,185.0,1147381.17,6741.37,1
2025-12-20,SKU026,116.0,719439.01,6741.37,1
2025-12-21,SKU026,172.0,1066754.39,6741.37,1
2025-12-22,SKU026,89.0,551983.38,6741.37,1
2025-12-23,SKU026,151.0,936511.12,6741.37,1
2025-12-24,SKU026,125.0,775257.55,6741.37,1
2025-12-25,SKU026,171.0,1060552.33,6741.37,1
2025-12-26,SKU026,164.0,1017137.91,6741.37,1
2025-12-27,SKU026,138.0,855884.34,6741.37,1
2025-12-28,SKU026,161.0,998531.72,6741.37,1
2025-12-29,SKU026,124.0,769055.49,6741.37,1
2025-12-30,SKU026,68.0,421740.11,6741.37,1
2025-12-31,SKU026,119.0,738045.19,6741.37,1
2026-01-01,SKU026,103.0,694361.11,6741.37,0
2026-01-02,SKU026,143.0,964015.91,6741.37,0
2026-01-03,SKU026,132.0,889860.84,6741.37,0
2026-01-04,SKU026,116.0,781998.92,6741.37,0
2026-01-05,SKU026,78.0,525826.86,6741.37,0
2026-01-06,SKU026,107.0,721326.59,6741.37,0
2026-01-07,SKU026,122.0,822447.14,6741.37,0
2026-01-08,SKU026,79.0,532568.23,6741.37,0
2026-01-09,SKU026,120.0,808964.4,6741.37,0
2026-01-10,SKU026,117.0,788740.29,6741.37,0
2026-01-11,SKU026,87.0,586499.19,6741.37,0
2026-01-12,SKU026,90.0,606723.3,6741.37,0
2026-01-13,SKU026,105.0,707843.85,6741.37,0
2026-01-14,SKU026,120.0,808964.4,6741.37,0
2026-01-15,SKU026,133.0,896602.21,6741.37,0
2026-01-16,SKU026,132.0,889860.84,6741.37,0
2026-01-17,SKU026,115.0,775257.55,6741.37,0
2026-01-18,SKU026,113.0,761774.81,6741.37,0
2026-01-19,SKU026,92.0,620206.04,6741.37,0
2026-01-20,SKU026,98.0,660654.26,6741.37,0
2026-01-21,SKU026,106.0,714585.22,6741.37,0
2026-01-22,SKU026,132.0,889860.84,6741.37,0
2026-01-23,SKU026,119.0,802223.03,6741.37,0
2026-01-24,SKU026,96.0,647171.52,6741.37,0
2026-01-25,SKU026,82.0,552792.34,6741.37,0
2026-01-26,SKU026,92.0,620206.04,6741.37,0
2026-01-27,SKU026,108.0,728067.96,6741.37,0
2026-01-28,SKU026,86.0,579757.82,6741.37,0
2026-01-29,SKU026,92.0,620206.04,6741.37,0
2026-01-30,SKU026,99.0,667395.63,6741.37,0
2026-01-31,SKU026,124.0,835929.88,6741.37,0
2026-02-01,SKU026,840.0,707843.85,6741.37,0
2026-02-02,SKU026,86.0,579757.82,6741.37,0
2026-02-03,SKU026,92.0,620206.04,6741.37,0
2026-02-04,SKU026,109.0,734809.33,6741.37,0
2026-02-05,SKU026,97.0,653912.89,6741.37,0
2026-02-06,SKU026,120.0,808964.4,6741.37,0
2026-02-07,SKU026,125.0,842671.25,6741.37,0
2026-02-08,SKU026,82.0,552792.34,6741.37,0
2026-02-09,SKU026,73.0,492120.01,6741.37,0
2026-02-10,SKU026,105.0,707843.85,6741.37,0
2026-02-11,SKU026,103.0,694361.11,6741.37,0
2026-02-12,SKU026,117.0,788740.29,6741.37,0
2026-02-13,SKU026,136.0,916826.32,6741.37,0
2026-02-14,SKU026,100.0,674137.0,6741.37,0
2026-02-15,SKU026,107.0,721326.59,6741.37,0
2026-02-16,SKU026,112.0,755033.44,6741.37,0
2026-02-17,SKU026,96.0,647171.52,6741.37,0
2026-02-18,SKU026,120.0,808964.4,6741.37,0
2026-02-19,SKU026,100.0,674137.0,6741.37,0
2026-02-20,SKU026,102.0,687619.74,6741.37,0
2026-02-21,SKU026,98.0,660654.26,6741.37,0
2026-02-22,SKU026,104.0,701102.48,6741.37,0
2026-02-23,SKU026,61.0,411223.57,6741.37,0
2026-02-24,SKU026,120.0,808964.4,6741.37,0
2026-02-25,SKU026,110.0,741550.7,6741.37,0
2026-02-26,SKU026,69.0,465154.53,6741.37,0
2026-02-27,SKU026,148.0,997722.76,6741.37,0
2026-02-28,SKU026,96.0,647171.52,6741.37,0
2026-03-01,SKU026,113.0,761774.81,6741.37,0
2026-03-02,SKU026,94.0,633688.78,6741.37,0
2026-03-03,SKU026,99.0,667395.63,6741.37,0
2026-03-04,SKU026,,728067.96,6741.37,0
2026-03-05,SKU026,80.0,539309.6,6741.37,0
2026-03-06,SKU026,138.0,930309.06,6741.37,0
2026-03-07,SKU026,104.0,701102.48,6741.37,0
2026-03-08,SKU026,80.0,539309.6,6741.37,0
2026-03-09,SKU026,93.0,626947.41,6741.37,0
2026-03-10,SKU026,79.0,532568.23,6741.37,0
2026-03-11,SKU026,98.0,660654.26,6741.37,0
2026-03-12,SKU026,99.0,667395.63,6741.37,0
2026-03-13,SKU026,121.0,815705.77,6741.37,0
2026-03-14,SKU026,115.0,775257.55,6741.37,0
2026-03-15,SKU026,110.0,682226.64,6741.37,1
2026-03-16,SKU026,100.0,620206.04,6741.37,1
2026-03-17,SKU026,144.0,893096.7,6741.37,1
2026-03-18,SKU026,154.0,955117.3,6741.37,1
2026-03-19,SKU026,141.0,874490.52,6741.37,1
2026-03-20,SKU026,118.0,731843.13,6741.37,1
2026-03-21,SKU026,151.0,936511.12,6741.37,1
2026-03-22,SKU026,129.0,800065.79,6741.37,1
2026-03-23,SKU026,93.0,576791.62,6741.37,1
2026-03-24,SKU026,126.0,781459.61,6741.37,1
2026-03-25,SKU026,128.0,793863.73,6741.37,1
2026-03-26,SKU026,98.0,660654.26,6741.37,0
2026-03-27,SKU026,115.0,775257.55,6741.37,0
2026-03-28,SKU026,108.0,728067.96,6741.37,0
2026-03-29,SKU026,84.0,566275.08,6741.37,0
2026-03-30,SKU026,73.0,492120.01,6741.37,0
2026-03-31,SKU026,82.0,552792.34,6741.37,0
2026-04-01,SKU026,99.0,667395.63,6741.37,0
2026-04-02,SKU026,66.0,444930.42,6741.37,0
2026-04-03,SKU026,137.0,923567.69,6741.37,0
2026-04-04,SKU026,126.0,849412.62,6741.37,0
2026-04-05,SKU026,90.0,606723.3,6741.37,0
2026-04-06,SKU026,65.0,438189.05,6741.37,0
2026-04-07,SKU026,108.0,728067.96,6741.37,0
2026-04-08,SKU026,112.0,755033.44,6741.37,0
2026-04-09,SKU026,98.0,660654.26,6741.37,0
2026-04-10,SKU026,111.0,748292.07,6741.37,0
2026-04-11,SKU026,100.0,674137.0,6741.37,0
2026-04-12,SKU026,102.0,687619.74,6741.37,0
2026-04-13,SKU026,109.0,734809.33,6741.37,0
2026-04-14,SKU026,95.0,640430.15,6741.37,0
2026-04-15,SKU026,119.0,802223.03,6741.37,0
2026-04-16,SKU026,83.0,559533.71,6741.37,0
2026-04-17,SKU026,116.0,781998.92,6741.37,0
2026-04-18,SKU026,117.0,788740.29,6741.37,0
2026-04-19,SKU026,117.0,788740.29,6741.37,0
2026-04-20,SKU026,88.0,593240.56,6741.37,0
2026-04-21,SKU026,104.0,701102.48,6741.37,0
2026-04-22,SKU026,122.0,822447.14,6741.37,0
2026-04-23,SKU026,115.0,775257.55,6741.37,0
2026-04-24,SKU026,133.0,896602.21,6741.37,0
2026-04-25,SKU026,112.0,755033.44,6741.37,0
2026-04-26,SKU026,100.0,674137.0,6741.37,0
2026-04-27,SKU026,82.0,552792.34,6741.37,0
2026-04-28,SKU026,80.0,539309.6,6741.37,0
2026-04-29,SKU026,67.0,451671.79,6741.37,0
2026-04-30,SKU026,104.0,701102.48,6741.37,0
2026-05-01,SKU026,90.0,606723.3,6741.37,0
2026-05-02,SKU026,128.0,862895.36,6741.37,0
2026-05-03,SKU026,93.0,626947.41,6741.37,0
2026-05-04,SKU026,67.0,451671.79,6741.37,0
2026-05-05,SKU026,104.0,701102.48,6741.37,0
2026-05-06,SKU026,74.0,498861.38,6741.37,0
2026-05-07,SKU026,90.0,606723.3,6741.37,0
2026-05-08,SKU026,112.0,755033.44,6741.37,0
2026-05-09,SKU026,117.0,788740.29,6741.37,0
2026-05-10,SKU026,88.0,593240.56,6741.37,0
2026-05-11,SKU026,95.0,640430.15,6741.37,0
2026-05-12,SKU026,69.0,465154.53,6741.37,0
2026-05-13,SKU026,149.0,1004464.13,6741.37,0
2026-05-14,SKU026,79.0,532568.23,6741.37,0
2026-05-15,SKU026,131.0,883119.47,6741.37,0
2026-05-16,SKU026,135.0,910084.95,6741.37,0
2026-05-17,SKU026,93.0,626947.41,6741.37,0
2026-05-18,SKU026,83.0,559533.71,6741.37,0
2026-05-19,SKU026,106.0,714585.22,6741.37,0
2026-05-20,SKU026,92.0,620206.04,6741.37,0
2026-05-21,SKU026,92.0,620206.04,6741.37,0
2026-05-22,SKU026,118.0,795481.66,6741.37,0
2026-05-23,SKU026,128.0,862895.36,6741.37,0
2026-05-24,SKU026,94.0,633688.78,6741.37,0
2026-05-25,SKU026,99.0,667395.63,6741.37,0
2026-05-26,SKU026,111.0,748292.07,6741.37,0
2026-05-27,SKU026,79.0,532568.23,6741.37,0
2026-05-28,SKU026,101.0,680878.37,6741.37,0
2026-05-29,SKU026,152.0,1024688.24,6741.37,0
2026-05-30,SKU026,116.0,781998.92,6741.37,0
2026-05-31,SKU026,92.0,620206.04,6741.37,0
2026-06-01,SKU026,113.0,761774.81,6741.37,0
2026-06-02,SKU026,141.0,950533.17,6741.37,0
2026-06-03,SKU026,117.0,788740.29,6741.37,0
2026-06-04,SKU026,99.0,667395.63,6741.37,0
2026-06-05,SKU026,128.0,862895.36,6741.37,0
2026-06-06,SKU026,159.0,1071877.83,6741.37,0
2026-06-07,SKU026,113.0,761774.81,6741.37,0
2026-06-08,SKU026,111.0,748292.07,6741.37,0
2026-06-09,SKU026,106.0,714585.22,6741.37,0
2026-06-10,SKU026,159.0,986127.6,6741.37,1
2026-06-11,SKU026,152.0,942713.18,6741.37,1
2026-06-12,SKU026,138.0,855884.34,6741.37,1
2026-06-13,SKU026,160.0,992329.66,6741.37,1
2026-06-14,SKU026,131.0,812469.91,6741.37,1
2026-06-15,SKU026,138.0,855884.34,6741.37,1
2026-06-16,SKU026,144.0,893096.7,6741.37,1
2026-06-17,SKU026,146.0,905500.82,6741.37,1
2026-06-18,SKU026,151.0,936511.12,6741.37,1
2026-06-19,SKU026,233.0,1445080.07,6741.37,1
2026-06-20,SKU026,143.0,886894.64,6741.37,1
2026-06-21,SKU026,99.0,667395.63,6741.37,0
2026-06-22,SKU026,86.0,579757.82,6741.37,0
2026-06-23,SKU026,99.0,667395.63,6741.37,0
2026-06-24,SKU026,91.0,613464.67,6741.37,0
2026-06-25,SKU026,157.0,1058395.09,6741.37,0
2026-06-26,SKU026,141.0,950533.17,6741.37,0
2026-06-27,SKU026,111.0,748292.07,6741.37,0
2026-06-28,SKU026,136.0,916826.32,6741.37,0
2026-06-29,SKU026,81.0,546050.97,,0
2026-06-30,SKU026,120.0,808964.4,6741.37,0
2025-01-01,SKU027,25.0,105543.5,4221.74,0
2025-01-02,SKU027,31.0,130873.94,4221.74,0
2025-01-03,SKU027,34.0,143539.16,4221.74,0
2025-01-04,SKU027,31.0,130873.94,4221.74,0
2025-01-05,SKU027,21.0,88656.54,4221.74,0
2025-01-06,SKU027,30.0,126652.2,4221.74,0
2025-01-07,SKU027,34.0,143539.16,4221.74,0
2025-01-08,SKU027,25.0,105543.5,4221.74,0
2025-01-09,SKU027,36.0,151982.64,4221.74,0
2025-01-10,SKU027,41.0,159244.03,4221.74,1
2025-01-11,SKU027,52.0,201968.04,4221.74,1
2025-01-12,SKU027,55.0,213620.04,4221.74,1
2025-01-13,SKU027,25.0,97100.02,4221.74,1
2025-01-14,SKU027,44.0,170896.04,4221.74,1
2025-01-15,SKU027,50.0,194200.04,4221.74,1
2025-01-16,SKU027,24.0,101321.76,4221.74,0
2025-01-17,SKU027,40.0,168869.6,4221.74,0
2025-01-18,SKU027,31.0,130873.94,4221.74,0
2025-01-19,SKU027,31.0,130873.94,4221.74,0
2025-01-20,SKU027,31.0,130873.94,4221.74,0
2025-01-21,SKU027,33.0,139317.42,4221.74,0
2025-01-22,SKU027,25.0,105543.5,4221.74,0
2025-01-23,SKU027,42.0,177313.08,4221.74,0
2025-01-24,SKU027,38.0,160426.12,4221.74,0
2025-01-25,SKU027,39.0,164647.86,4221.74,0
2025-01-26,SKU027,46.0,194200.04,4221.74,0
2025-01-27,SKU027,22.0,92878.28,4221.74,0
2025-01-28,SKU027,39.0,164647.86,4221.74,0
2025-01-29,SKU027,45.0,189978.3,4221.74,0
2025-01-30,SKU027,34.0,143539.16,4221.74,0
2025-01-31,SKU027,26.0,109765.24,4221.74,0
2025-02-01,SKU027,41.0,173091.34,4221.74,0
2025-02-02,SKU027,24.0,101321.76,4221.74,0
2025-02-03,SKU027,27.0,113986.98,4221.74,0
2025-02-04,SKU027,29.0,122430.46,4221.74,0
2025-02-05,SKU027,35.0,147760.9,4221.74,0
2025-02-06,SKU027,44.0,185756.56,4221.74,0
2025-02-07,SKU027,43.0,181534.82,4221.74,0
2025-02-08,SKU027,42.0,177313.08,4221.74,0
2025-02-09,SKU027,34.0,143539.16,4221.74,0
2025-02-10,SKU027,26.0,109765.24,4221.74,0
2025-02-11,SKU027,35.0,147760.9,4221.74,0
2025-02-12,SKU027,28.0,118208.72,4221.74,0
2025-02-13,SKU027,27.0,113986.98,4221.74,0
2025-02-14,SKU027,45.0,189978.3,4221.74,0
2025-02-15,SKU027,44.0,185756.56,4221.74,0
2025-02-16,SKU027,34.0,143539.16,4221.74,0
2025-02-17,SKU027,41.0,173091.34,4221.74,0
2025-02-18,SKU027,21.0,88656.54,4221.74,0
2025-02-19,SKU027,27.0,113986.98,4221.74,0
2025-02-20,SKU027,23.0,97100.02,4221.74,0
2025-02-21,SKU027,25.0,105543.5,4221.74,0
2025-02-22,SKU027,39.0,164647.86,4221.74,0
2025-02-23,SKU027,26.0,109765.24,4221.74,0
2025-02-24,SKU027,30.0,126652.2,4221.74,0
2025-02-25,SKU027,35.0,147760.9,4221.74,0
2025-02-26,SKU027,33.0,139317.42,4221.74,0
2025-02-27,SKU027,26.0,109765.24,4221.74,0
2025-02-28,SKU027,52.0,219530.48,4221.74,0
2025-03-01,SKU027,22.0,92878.28,4221.74,0
2025-03-02,SKU027,43.0,181534.82,4221.74,0
2025-03-03,SKU027,24.0,101321.76,4221.74,0
2025-03-04,SKU027,36.0,151982.64,4221.74,0
2025-03-05,SKU027,28.0,118208.72,4221.74,0
2025-03-06,SKU027,27.0,113986.98,4221.74,0
2025-03-07,SKU027,47.0,198421.78,4221.74,0
2025-03-08,SKU027,32.0,135095.68,4221.74,0
2025-03-09,SKU027,20.0,84434.8,4221.74,0
2025-03-10,SKU027,42.0,177313.08,4221.74,0
2025-03-11,SKU027,34.0,143539.16,4221.74,0
2025-03-12,SKU027,31.0,130873.94,4221.74,0
2025-03-13,SKU027,29.0,122430.46,4221.74,0
2025-03-14,SKU027,38.0,160426.12,4221.74,0
2025-03-15,SKU027,27.0,113986.98,4221.74,0
2025-03-16,SKU027,32.0,135095.68,4221.74,0
2025-03-17,SKU027,24.0,101321.76,4221.74,0
2025-03-18,SKU027,23.0,97100.02,4221.74,0
2025-03-19,SKU027,21.0,88656.54,4221.74,0
2025-03-20,SKU027,44.0,170896.04,4221.74,1
2025-03-21,SKU027,44.0,170896.04,4221.74,1
2025-03-22,SKU027,36.0,139824.03,4221.74,1
2025-03-23,SKU027,47.0,182548.04,4221.74,1
2025-03-24,SKU027,54.0,209736.04,4221.74,1
2025-03-25,SKU027,33.0,128172.03,4221.74,1
2025-03-26,SKU027,51.0,198084.04,4221.74,1
2025-03-27,SKU027,41.0,159244.03,4221.74,1
2025-03-28,SKU027,25.0,105543.5,4221.74,0
2025-03-29,SKU027,29.0,122430.46,4221.74,0
2025-03-30,SKU027,33.0,139317.42,4221.74,0
2025-03-31,SKU027,24.0,101321.76,4221.74,0
2025-04-01,SKU027,44.0,185756.56,4221.74,0
2025-04-02,SKU027,24.0,101321.76,4221.74,0
2025-04-03,SKU027,39.0,164647.86,4221.74,0
2025-04-04,SKU027,35.0,147760.9,4221.74,0
2025-04-05,SKU027,37.0,156204.38,4221.74,0
2025-04-06,SKU027,31.0,130873.94,4221.74,0
2025-04-07,SKU027,13.0,54882.62,4221.74,0
2025-04-08,SKU027,32.0,135095.68,4221.74,0
2025-04-09,SKU027,27.0,113986.98,4221.74,0
2025-04-10,SKU027,29.0,122430.46,4221.74,0
2025-04-11,SKU027,28.0,118208.72,4221.74,0
2025-04-12,SKU027,39.0,164647.86,4221.74,0
2025-04-13,SKU027,27.0,113986.98,4221.74,0
2025-04-14,SKU027,23.0,97100.02,4221.74,0
2025-04-15,SKU027,31.0,130873.94,4221.74,0
2025-04-16,SKU027,40.0,168869.6,4221.74,0
2025-04-17,SKU027,40.0,168869.6,4221.74,0
2025-04-18,SKU027,37.0,156204.38,4221.74,0
2025-04-19,SKU027,39.0,164647.86,4221.74,0
2025-04-20,SKU027,25.0,105543.5,4221.74,0
2025-04-21,SKU027,27.0,113986.98,4221.74,0
2025-04-22,SKU027,33.0,139317.42,4221.74,0
2025-04-23,SKU027,26.0,109765.24,4221.74,0
2025-04-24,SKU027,31.0,130873.94,4221.74,0
2025-04-25,SKU027,29.0,122430.46,4221.74,0
2025-04-26,SKU027,30.0,126652.2,4221.74,0
2025-04-27,SKU027,25.0,105543.5,4221.74,0
2025-04-28,SKU027,22.0,92878.28,4221.74,0
2025-04-29,SKU027,24.0,101321.76,4221.74,0
2025-04-30,SKU027,23.0,97100.02,4221.74,0
2025-05-01,SKU027,31.0,130873.94,4221.74,0
2025-05-02,SKU027,36.0,151982.64,4221.74,0
2025-05-03,SKU027,23.0,97100.02,4221.74,0
2025-05-04,SKU027,23.0,97100.02,4221.74,0
2025-05-05,SKU027,27.0,113986.98,4221.74,0
2025-05-06,SKU027,29.0,122430.46,4221.74,0
2025-05-07,SKU027,39.0,164647.86,4221.74,0
2025-05-08,SKU027,28.0,118208.72,4221.74,0
2025-05-09,SKU027,36.0,151982.64,4221.74,0
2025-05-10,SKU027,35.0,147760.9,4221.74,0
2025-05-11,SKU027,26.0,109765.24,4221.74,0
2025-05-12,SKU027,27.0,113986.98,4221.74,0
2025-05-13,SKU027,19.0,80213.06,4221.74,0
2025-05-14,SKU027,23.0,97100.02,4221.74,0
2025-05-15,SKU027,20.0,84434.8,4221.74,0
2025-05-16,SKU027,29.0,122430.46,4221.74,0
2025-05-17,SKU027,44.0,185756.56,4221.74,0
2025-05-18,SKU027,31.0,130873.94,4221.74,0
2025-05-19,SKU027,23.0,97100.02,4221.74,0
2025-05-20,SKU027,35.0,147760.9,4221.74,0
2025-05-21,SKU027,31.0,130873.94,4221.74,0
2025-05-22,SKU027,31.0,130873.94,4221.74,0
2025-05-23,SKU027,41.0,173091.34,4221.74,0
2025-05-24,SKU027,20.0,84434.8,4221.74,0
2025-05-25,SKU027,30.0,126652.2,4221.74,0
2025-05-26,SKU027,24.0,101321.76,4221.74,0
2025-05-27,SKU027,11.0,46439.14,4221.74,0
2025-05-28,SKU027,40.0,168869.6,4221.74,0
2025-05-29,SKU027,20.0,84434.8,4221.74,0
2025-05-30,SKU027,40.0,168869.6,4221.74,0
2025-05-31,SKU027,51.0,215308.74,4221.74,0
2025-06-01,SKU027,44.0,185756.56,4221.74,0
2025-06-02,SKU027,34.0,143539.16,4221.74,0
2025-06-03,SKU027,43.0,181534.82,4221.74,0
2025-06-04,SKU027,34.0,143539.16,4221.74,0
2025-06-05,SKU027,36.0,151982.64,4221.74,0
2025-06-06,SKU027,40.0,168869.6,4221.74,0
2025-06-07,SKU027,47.0,198421.78,4221.74,0
2025-06-08,SKU027,33.0,139317.42,4221.74,0
2025-06-09,SKU027,21.0,88656.54,4221.74,0
2025-06-10,SKU027,39.0,151476.03,4221.74,1
2025-06-11,SKU027,42.0,163128.03,4221.74,1
2025-06-12,SKU027,47.0,182548.04,4221.74,1
2025-06-13,SKU027,52.0,201968.04,4221.74,1
2025-06-14,SKU027,49.0,190316.04,4221.74,1
2025-06-15,SKU027,53.0,205852.04,4221.74,1
2025-06-16,SKU027,38.0,147592.03,4221.74,1
2025-06-17,SKU027,37.0,143708.03,4221.74,1
2025-06-18,SKU027,59.0,229156.05,4221.74,1
2025-06-19,SKU027,51.0,198084.04,4221.74,1
2025-06-20,SKU027,45.0,174780.04,4221.74,1
2025-06-21,SKU027,43.0,181534.82,4221.74,0
2025-06-22,SKU027,18.0,75991.32,4221.74,0
2025-06-23,SKU027,43.0,181534.82,4221.74,0
2025-06-24,SKU027,41.0,173091.34,4221.74,0
2025-06-25,SKU027,43.0,181534.82,4221.74,0
2025-06-26,SKU027,30.0,126652.2,4221.74,0
2025-06-27,SKU027,24.0,101321.76,4221.74,0
2025-06-28,SKU027,43.0,181534.82,4221.74,0
2025-06-29,SKU027,46.0,194200.04,4221.74,0
2025-06-30,SKU027,38.0,160426.12,4221.74,0
2025-07-01,SKU027,28.0,118208.72,4221.74,0
2025-07-02,SKU027,39.0,164647.86,4221.74,0
2025-07-03,SKU027,36.0,151982.64,4221.74,0
2025-07-04,SKU027,53.0,223752.22,4221.74,0
2025-07-05,SKU027,50.0,211087.0,4221.74,0
2025-07-06,SKU027,25.0,105543.5,4221.74,0
2025-07-07,SKU027,50.0,211087.0,4221.74,0
2025-07-08,SKU027,24.0,101321.76,4221.74,0
2025-07-09,SKU027,35.0,147760.9,4221.74,0
2025-07-10,SKU027,29.0,122430.46,4221.74,0
2025-07-11,SKU027,38.0,160426.12,4221.74,0
2025-07-12,SKU027,40.0,168869.6,4221.74,0
2025-07-13,SKU027,45.0,189978.3,4221.74,0
2025-07-14,SKU027,38.0,160426.12,4221.74,0
2025-07-15,SKU027,20.0,84434.8,4221.74,0
2025-07-16,SKU027,36.0,151982.64,4221.74,0
2025-07-17,SKU027,44.0,185756.56,4221.74,0
2025-07-18,SKU027,42.0,177313.08,4221.74,0
2025-07-19,SKU027,32.0,135095.68,4221.74,0
2025-07-20,SKU027,36.0,151982.64,4221.74,0
2025-07-21,SKU027,34.0,143539.16,4221.74,0
2025-07-22,SKU027,32.0,135095.68,4221.74,0
2025-07-23,SKU027,41.0,173091.34,4221.74,0
2025-07-24,SKU027,31.0,130873.94,4221.74,0
2025-07-25,SKU027,30.0,126652.2,4221.74,0
2025-07-26,SKU027,41.0,173091.34,4221.74,0
2025-07-27,SKU027,40.0,168869.6,4221.74,0
2025-07-28,SKU027,24.0,101321.76,4221.74,0
2025-07-29,SKU027,32.0,135095.68,4221.74,0
2025-07-30,SKU027,35.0,147760.9,4221.74,0
2025-07-31,SKU027,43.0,181534.82,4221.74,0
2025-08-01,SKU027,31.0,130873.94,4221.74,0
2025-08-02,SKU027,45.0,189978.3,4221.74,0
2025-08-03,SKU027,38.0,160426.12,4221.74,0
2025-08-04,SKU027,27.0,113986.98,4221.74,0
2025-08-05,SKU027,30.0,126652.2,4221.74,0
2025-08-06,SKU027,34.0,143539.16,4221.74,0
2025-08-07,SKU027,26.0,109765.24,4221.74,0
2025-08-08,SKU027,34.0,143539.16,4221.74,0
2025-08-09,SKU027,60.0,253304.4,4221.74,0
2025-08-10,SKU027,23.0,97100.02,4221.74,0
2025-08-11,SKU027,33.0,139317.42,4221.74,0
2025-08-12,SKU027,38.0,160426.12,4221.74,0
2025-08-13,SKU027,40.0,168869.6,4221.74,0
2025-08-14,SKU027,32.0,135095.68,4221.74,0
2025-08-15,SKU027,42.0,177313.08,4221.74,0
2025-08-16,SKU027,43.0,181534.82,4221.74,0
2025-08-17,SKU027,35.0,147760.9,4221.74,0
2025-08-18,SKU027,28.0,118208.72,4221.74,0
2025-08-19,SKU027,29.0,122430.46,4221.74,0
2025-08-20,SKU027,38.0,160426.12,4221.74,0
2025-08-21,SKU027,29.0,122430.46,4221.74,0
2025-08-22,SKU027,32.0,135095.68,4221.74,0
2025-08-23,SKU027,33.0,139317.42,4221.74,0
2025-08-24,SKU027,48.0,202643.52,4221.74,0
2025-08-25,SKU027,43.0,181534.82,4221.74,0
2025-08-26,SKU027,32.0,135095.68,4221.74,0
2025-08-27,SKU027,46.0,194200.04,4221.74,0
2025-08-28,SKU027,35.0,147760.9,4221.74,0
2025-08-29,SKU027,32.0,135095.68,4221.74,0
2025-08-30,SKU027,27.0,113986.98,4221.74,0
2025-08-31,SKU027,28.0,118208.72,4221.74,0
2025-09-01,SKU027,44.0,185756.56,4221.74,0
2025-09-02,SKU027,41.0,173091.34,4221.74,0
2025-09-03,SKU027,32.0,135095.68,4221.74,0
2025-09-04,SKU027,43.0,181534.82,4221.74,0
2025-09-05,SKU027,32.0,135095.68,4221.74,0
2025-09-06,SKU027,35.0,147760.9,4221.74,0
2025-09-07,SKU027,25.0,105543.5,4221.74,0
2025-09-08,SKU027,20.0,84434.8,4221.74,0
2025-09-09,SKU027,22.0,92878.28,4221.74,0
2025-09-10,SKU027,25.0,105543.5,4221.74,0
2025-09-11,SKU027,34.0,143539.16,4221.74,0
2025-09-12,SKU027,36.0,151982.64,4221.74,0
2025-09-13,SKU027,32.0,135095.68,4221.74,0
2025-09-14,SKU027,35.0,147760.9,4221.74,0
2025-09-15,SKU027,24.0,101321.76,4221.74,0
2025-09-16,SKU027,23.0,97100.02,4221.74,0
2025-09-17,SKU027,28.0,118208.72,4221.74,0
2025-09-18,SKU027,30.0,126652.2,4221.74,0
2025-09-19,SKU027,35.0,147760.9,,0
2025-09-20,SKU027,35.0,147760.9,4221.74,0
2025-09-21,SKU027,33.0,139317.42,4221.74,0
2025-09-22,SKU027,34.0,143539.16,4221.74,0
2025-09-23,SKU027,28.0,118208.72,4221.74,0
2025-09-24,SKU027,30.0,126652.2,4221.74,0
2025-09-25,SKU027,28.0,118208.72,4221.74,0
2025-09-26,SKU027,42.0,177313.08,4221.74,0
2025-09-27,SKU027,41.0,173091.34,4221.74,0
2025-09-28,SKU027,21.0,88656.54,4221.74,0
2025-09-29,SKU027,28.0,118208.72,4221.74,0
2025-09-30,SKU027,32.0,135095.68,4221.74,0
2025-10-01,SKU027,31.0,120404.02,4221.74,1
2025-10-02,SKU027,49.0,190316.04,4221.74,1
2025-10-03,SKU027,49.0,190316.04,4221.74,1
2025-10-04,SKU027,45.0,174780.04,4221.74,1
2025-10-05,SKU027,23.0,89332.02,4221.74,1
2025-10-06,SKU027,42.0,163128.03,4221.74,1
2025-10-07,SKU027,34.0,132056.03,4221.74,1
2025-10-08,SKU027,50.0,194200.04,4221.74,1
2025-10-09,SKU027,28.0,108752.02,4221.74,1
2025-10-10,SKU027,46.0,178664.04,4221.74,1
2025-10-11,SKU027,39.0,164647.86,4221.74,0
2025-10-12,SKU027,22.0,92878.28,4221.74,0
2025-10-13,SKU027,30.0,126652.2,4221.74,0
2025-10-14,SKU027,25.0,105543.5,4221.74,0
2025-10-15,SKU027,25.0,105543.5,4221.74,0
2025-10-16,SKU027,22.0,92878.28,4221.74,0
2025-10-17,SKU027,28.0,118208.72,4221.74,0
2025-10-18,SKU027,37.0,156204.38,4221.74,0
2025-10-19,SKU027,36.0,151982.64,4221.74,0
2025-10-20,SKU027,33.0,139317.42,4221.74,0
2025-10-21,SKU027,24.0,101321.76,4221.74,0
2025-10-22,SKU027,24.0,101321.76,4221.74,0
2025-10-23,SKU027,33.0,139317.42,4221.74,0
2025-10-24,SKU027,27.0,113986.98,4221.74,0
2025-10-25,SKU027,30.0,126652.2,4221.74,0
2025-10-26,SKU027,35.0,147760.9,4221.74,0
2025-10-27,SKU027,23.0,97100.02,4221.74,0
2025-10-28,SKU027,34.0,143539.16,4221.74,0
2025-10-29,SKU027,34.0,143539.16,4221.74,0
2025-10-30,SKU027,31.0,130873.94,4221.74,0
2025-10-31,SKU027,37.0,156204.38,4221.74,0
2025-11-01,SKU027,34.0,143539.16,4221.74,0
2025-11-02,SKU027,28.0,118208.72,4221.74,0
2025-11-03,SKU027,23.0,97100.02,4221.74,0
2025-11-04,SKU027,27.0,113986.98,4221.74,0
2025-11-05,SKU027,31.0,130873.94,4221.74,0
2025-11-06,SKU027,30.0,126652.2,4221.74,0
2025-11-07,SKU027,30.0,126652.2,4221.74,0
2025-11-08,SKU027,30.0,126652.2,4221.74,0
2025-11-09,SKU027,25.0,105543.5,4221.74,0
2025-11-10,SKU027,27.0,113986.98,4221.74,0
2025-11-11,SKU027,26.0,109765.24,4221.74,0
2025-11-12,SKU027,31.0,130873.94,4221.74,0
2025-11-13,SKU027,25.0,105543.5,4221.74,0
2025-11-14,SKU027,47.0,198421.78,4221.74,0
2025-11-15,SKU027,47.0,198421.78,4221.74,0
2025-11-16,SKU027,40.0,168869.6,4221.74,0
2025-11-17,SKU027,35.0,147760.9,4221.74,0
2025-11-18,SKU027,32.0,135095.68,4221.74,0
2025-11-19,SKU027,30.0,126652.2,4221.74,0
2025-11-20,SKU027,25.0,97100.02,4221.74,1
2025-11-21,SKU027,50.0,194200.04,4221.74,1
2025-11-22,SKU027,55.0,213620.04,4221.74,1
2025-11-23,SKU027,41.0,159244.03,4221.74,1
2025-11-24,SKU027,53.0,205852.04,4221.74,1
2025-11-25,SKU027,43.0,167012.03,4221.74,1
2025-11-26,SKU027,41.0,159244.03,4221.74,1
2025-11-27,SKU027,55.0,213620.04,4221.74,1
2025-11-28,SKU027,54.0,209736.04,4221.74,1
2025-11-29,SKU027,37.0,143708.03,4221.74,1
2025-11-30,SKU027,47.0,182548.04,4221.74,1
2025-12-01,SKU027,44.0,185756.56,4221.74,0
2025-12-02,SKU027,37.0,156204.38,4221.74,0
2025-12-03,SKU027,35.0,147760.9,4221.74,0
2025-12-04,SKU027,25.0,105543.5,4221.74,0
2025-12-05,SKU027,40.0,168869.6,4221.74,0
2025-12-06,SKU027,38.0,160426.12,4221.74,0
2025-12-07,SKU027,42.0,177313.08,4221.74,0
2025-12-08,SKU027,43.0,181534.82,4221.74,0
2025-12-09,SKU027,26.0,109765.24,4221.74,0
2025-12-10,SKU027,49.0,206865.26,4221.74,0
2025-12-11,SKU027,45.0,189978.3,4221.74,0
2025-12-12,SKU027,31.0,130873.94,4221.74,0
2025-12-13,SKU027,38.0,160426.12,4221.74,0
2025-12-14,SKU027,24.0,101321.76,4221.74,0
2025-12-15,SKU027,27.0,104868.02,4221.74,1
2025-12-16,SKU027,43.0,167012.03,4221.74,1
2025-12-17,SKU027,47.0,182548.04,4221.74,1
2025-12-18,SKU027,44.0,170896.04,4221.74,1
2025-12-19,SKU027,57.0,221388.05,4221.74,1
2025-12-20,SKU027,63.0,244692.05,4221.74,1
2025-12-21,SKU027,45.0,174780.04,4221.74,1
2025-12-22,SKU027,37.0,143708.03,4221.74,1
2025-12-23,SKU027,58.0,225272.05,4221.74,1
2025-12-24,SKU027,70.0,271880.06,4221.74,1
2025-12-25,SKU027,61.0,236924.05,4221.74,1
2025-12-26,SKU027,70.0,271880.06,4221.74,1
2025-12-27,SKU027,60.0,233040.05,4221.74,1
2025-12-28,SKU027,71.0,275764.06,4221.74,1
2025-12-29,SKU027,41.0,159244.03,4221.74,1
2025-12-30,SKU027,43.0,167012.03,4221.74,1
2025-12-31,SKU027,49.0,190316.04,4221.74,1
2026-01-01,SKU027,43.0,181534.82,4221.74,0
2026-01-02,SKU027,40.0,168869.6,4221.74,0
2026-01-03,SKU027,29.0,122430.46,4221.74,0
2026-01-04,SKU027,32.0,135095.68,4221.74,0
2026-01-05,SKU027,39.0,164647.86,4221.74,0
2026-01-06,SKU027,66.0,278634.84,4221.74,0
2026-01-07,SKU027,32.0,135095.68,4221.74,0
2026-01-08,SKU027,45.0,189978.3,4221.74,0
2026-01-09,SKU027,39.0,164647.86,4221.74,0
2026-01-10,SKU027,33.0,139317.42,4221.74,0
2026-01-11,SKU027,32.0,135095.68,4221.74,0
2026-01-12,SKU027,36.0,151982.64,4221.74,0
2026-01-13,SKU027,38.0,160426.12,4221.74,0
2026-01-14,SKU027,38.0,160426.12,4221.74,0
2026-01-15,SKU027,38.0,160426.12,4221.74,0
2026-01-16,SKU027,42.0,177313.08,4221.74,0
2026-01-17,SKU027,46.0,194200.04,4221.74,0
2026-01-18,SKU027,34.0,143539.16,4221.74,0
2026-01-19,SKU027,30.0,126652.2,4221.74,0
2026-01-20,SKU027,40.0,168869.6,4221.74,0
2026-01-21,SKU027,39.0,164647.86,4221.74,0
2026-01-22,SKU027,34.0,143539.16,4221.74,0
2026-01-23,SKU027,54.0,227973.96,4221.74,0
2026-01-24,SKU027,53.0,223752.22,4221.74,0
2026-01-25,SKU027,42.0,177313.08,4221.74,0
2026-01-26,SKU027,29.0,122430.46,4221.74,0
2026-01-27,SKU027,32.0,135095.68,4221.74,0
2026-01-28,SKU027,31.0,130873.94,4221.74,0
2026-01-29,SKU027,22.0,92878.28,4221.74,0
2026-01-30,SKU027,43.0,181534.82,4221.74,0
2026-01-31,SKU027,30.0,126652.2,4221.74,0
2026-02-01,SKU027,41.0,173091.34,4221.74,0
2026-02-02,SKU027,36.0,151982.64,4221.74,0
2026-02-03,SKU027,46.0,194200.04,4221.74,0
2026-02-04,SKU027,29.0,122430.46,4221.74,0
2026-02-05,SKU027,49.0,206865.26,4221.74,0
2026-02-06,SKU027,48.0,202643.52,4221.74,0
2026-02-07,SKU027,35.0,147760.9,4221.74,0
2026-02-08,SKU027,37.0,156204.38,4221.74,0
2026-02-09,SKU027,37.0,156204.38,4221.74,0
2026-02-10,SKU027,35.0,147760.9,4221.74,0
2026-02-11,SKU027,50.0,211087.0,4221.74,0
2026-02-12,SKU027,49.0,206865.26,4221.74,0
2026-02-13,SKU027,45.0,189978.3,4221.74,0
2026-02-14,SKU027,37.0,156204.38,4221.74,0
2026-02-15,SKU027,36.0,151982.64,4221.74,0
2026-02-16,SKU027,18.0,75991.32,4221.74,0
2026-02-17,SKU027,58.0,244860.92,4221.74,0
2026-02-18,SKU027,31.0,130873.94,4221.74,0
2026-02-19,SKU027,41.0,173091.34,4221.74,0
2026-02-20,SKU027,39.0,164647.86,4221.74,0
2026-02-21,SKU027,50.0,211087.0,4221.74,0
2026-02-22,SKU027,46.0,194200.04,4221.74,0
2026-02-23,SKU027,33.0,139317.42,4221.74,0
2026-02-24,SKU027,30.0,126652.2,4221.74,0
2026-02-25,SKU027,39.0,164647.86,4221.74,0
2026-02-26,SKU027,33.0,139317.42,4221.74,0
2026-02-27,SKU027,56.0,236417.44,4221.74,0
2026-02-28,SKU027,37.0,156204.38,4221.74,0
2026-03-01,SKU027,34.0,143539.16,4221.74,0
2026-03-02,SKU027,26.0,109765.24,4221.74,0
2026-03-03,SKU027,39.0,164647.86,4221.74,0
2026-03-04,SKU027,31.0,130873.94,4221.74,0
2026-03-05,SKU027,25.0,105543.5,4221.74,0
2026-03-06,SKU027,33.0,139317.42,4221.74,0
2026-03-07,SKU027,39.0,164647.86,4221.74,0
2026-03-08,SKU027,46.0,194200.04,4221.74,0
2026-03-09,SKU027,29.0,122430.46,4221.74,0
2026-03-10,SKU027,41.0,173091.34,4221.74,0
2026-03-11,SKU027,31.0,130873.94,4221.74,0
2026-03-12,SKU027,28.0,118208.72,4221.74,0
2026-03-13,SKU027,49.0,206865.26,4221.74,0
2026-03-14,SKU027,43.0,181534.82,4221.74,0
2026-03-15,SKU027,46.0,178664.04,4221.74,1
2026-03-16,SKU027,39.0,151476.03,4221.74,1
2026-03-17,SKU027,41.0,159244.03,4221.74,1
2026-03-18,SKU027,49.0,190316.04,,1
2026-03-19,SKU027,45.0,174780.04,4221.74,1
2026-03-20,SKU027,61.0,236924.05,4221.74,1
2026-03-21,SKU027,35.0,135940.03,4221.74,1
2026-03-22,SKU027,49.0,190316.04,4221.74,1
2026-03-23,SKU027,44.0,170896.04,4221.74,1
2026-03-24,SKU027,44.0,170896.04,4221.74,1
2026-03-25,SKU027,50.0,194200.04,4221.74,1
2026-03-26,SKU027,47.0,198421.78,4221.74,0
2026-03-27,SKU027,50.0,211087.0,4221.74,0
2026-03-28,SKU027,44.0,185756.56,4221.74,0
2026-03-29,SKU027,47.0,198421.78,4221.74,0
2026-03-30,SKU027,33.0,139317.42,4221.74,0
2026-03-31,SKU027,45.0,189978.3,4221.74,0
2026-04-01,SKU027,42.0,177313.08,4221.74,0
2026-04-02,SKU027,45.0,189978.3,4221.74,0
2026-04-03,SKU027,42.0,177313.08,4221.74,0
2026-04-04,SKU027,39.0,164647.86,4221.74,0
2026-04-05,SKU027,33.0,139317.42,4221.74,0
2026-04-06,SKU027,24.0,101321.76,4221.74,0
2026-04-07,SKU027,36.0,151982.64,4221.74,0
2026-04-08,SKU027,38.0,160426.12,4221.74,0
2026-04-09,SKU027,26.0,109765.24,4221.74,0
2026-04-10,SKU027,39.0,164647.86,4221.74,0
2026-04-11,SKU027,47.0,198421.78,4221.74,0
2026-04-12,SKU027,48.0,202643.52,4221.74,0
2026-04-13,SKU027,28.0,118208.72,4221.74,0
2026-04-14,SKU027,40.0,168869.6,4221.74,0
2026-04-15,SKU027,30.0,126652.2,4221.74,0
2026-04-16,SKU027,31.0,130873.94,4221.74,0
2026-04-17,SKU027,42.0,177313.08,4221.74,0
2026-04-18,SKU027,45.0,189978.3,4221.74,0
2026-04-19,SKU027,32.0,135095.68,4221.74,0
2026-04-20,SKU027,36.0,151982.64,4221.74,0
2026-04-21,SKU027,45.0,189978.3,4221.74,0
2026-04-22,SKU027,25.0,105543.5,4221.74,0
2026-04-23,SKU027,39.0,164647.86,4221.74,0
2026-04-24,SKU027,63.0,265969.62,4221.74,0
2026-04-25,SKU027,29.0,122430.46,4221.74,0
2026-04-26,SKU027,35.0,147760.9,4221.74,0
2026-04-27,SKU027,30.0,126652.2,4221.74,0
2026-04-28,SKU027,38.0,160426.12,4221.74,0
2026-04-29,SKU027,31.0,130873.94,4221.74,0
2026-04-30,SKU027,19.0,80213.06,4221.74,0
2026-05-01,SKU027,26.0,109765.24,4221.74,0
2026-05-02,SKU027,46.0,194200.04,4221.74,0
2026-05-03,SKU027,27.0,113986.98,4221.74,0
2026-05-04,SKU027,37.0,156204.38,4221.74,0
2026-05-05,SKU027,29.0,122430.46,4221.74,0
2026-05-06,SKU027,35.0,147760.9,4221.74,0
2026-05-07,SKU027,31.0,130873.94,4221.74,0
2026-05-08,SKU027,37.0,156204.38,4221.74,0
2026-05-09,SKU027,38.0,160426.12,4221.74,0
2026-05-10,SKU027,40.0,168869.6,4221.74,0
2026-05-11,SKU027,31.0,130873.94,4221.74,0
2026-05-12,SKU027,23.0,97100.02,4221.74,0
2026-05-13,SKU027,41.0,173091.34,4221.74,0
2026-05-14,SKU027,42.0,177313.08,4221.74,0
2026-05-15,SKU027,38.0,160426.12,4221.74,0
2026-05-16,SKU027,34.0,143539.16,4221.74,0
2026-05-17,SKU027,34.0,143539.16,4221.74,0
2026-05-18,SKU027,35.0,147760.9,4221.74,0
2026-05-19,SKU027,29.0,122430.46,4221.74,0
2026-05-20,SKU027,41.0,173091.34,4221.74,0
2026-05-21,SKU027,27.0,113986.98,4221.74,0
2026-05-22,SKU027,43.0,181534.82,4221.74,0
2026-05-23,SKU027,27.0,113986.98,4221.74,0
2026-05-24,SKU027,35.0,147760.9,4221.74,0
2026-05-25,SKU027,29.0,122430.46,4221.74,0
2026-05-26,SKU027,42.0,177313.08,4221.74,0
2026-05-27,SKU027,46.0,194200.04,4221.74,0
2026-05-28,SKU027,32.0,135095.68,4221.74,0
2026-05-29,SKU027,40.0,168869.6,4221.74,0
2026-05-30,SKU027,44.0,185756.56,4221.74,0
2026-05-31,SKU027,25.0,105543.5,4221.74,0
2026-06-01,SKU027,25.0,105543.5,4221.74,0
2026-06-02,SKU027,33.0,139317.42,4221.74,0
2026-06-03,SKU027,50.0,211087.0,4221.74,0
2026-06-04,SKU027,34.0,143539.16,4221.74,0
2026-06-05,SKU027,40.0,168869.6,4221.74,0
2026-06-06,SKU027,33.0,139317.42,4221.74,0
2026-06-07,SKU027,44.0,185756.56,4221.74,0
2026-06-08,SKU027,41.0,173091.34,4221.74,0
2026-06-09,SKU027,35.0,147760.9,4221.74,0
2026-06-10,SKU027,43.0,167012.03,4221.74,1
2026-06-11,SKU027,55.0,213620.04,4221.74,1
2026-06-12,SKU027,76.0,295184.06,4221.74,1
2026-06-13,SKU027,65.0,252460.05,4221.74,1
2026-06-14,SKU027,63.0,244692.05,4221.74,1
2026-06-15,SKU027,45.0,174780.04,4221.74,1
2026-06-16,SKU027,43.0,167012.03,4221.74,1
2026-06-17,SKU027,51.0,198084.04,4221.74,1
2026-06-18,SKU027,36.0,139824.03,4221.74,1
2026-06-19,SKU027,60.0,233040.05,4221.74,1
2026-06-20,SKU027,62.0,240808.05,4221.74,1
2026-06-21,SKU027,49.0,206865.26,4221.74,0
2026-06-22,SKU027,41.0,173091.34,4221.74,0
2026-06-23,SKU027,32.0,135095.68,4221.74,0
2026-06-24,SKU027,35.0,147760.9,4221.74,0
2026-06-25,SKU027,56.0,236417.44,4221.74,0
2026-06-26,SKU027,31.0,130873.94,4221.74,0
2026-06-27,SKU027,38.0,160426.12,4221.74,0
2026-06-28,SKU027,36.0,151982.64,4221.74,0
2026-06-29,SKU027,23.0,97100.02,4221.74,0
2026-06-30,SKU027,44.0,185756.56,4221.74,0
2025-01-01,SKU028,56.0,38493.28,687.38,0
2025-01-02,SKU028,60.0,41242.8,687.38,0
2025-01-03,SKU028,78.0,53615.64,687.38,0
2025-01-04,SKU028,48.0,32994.24,687.38,0
2025-01-05,SKU028,59.0,40555.42,687.38,0
2025-01-06,SKU028,54.0,37118.52,687.38,0
2025-01-07,SKU028,48.0,32994.24,687.38,0
2025-01-08,SKU028,58.0,39868.04,687.38,0
2025-01-09,SKU028,90.0,61864.2,687.38,0
2025-01-10,SKU028,114.0,72092.41,687.38,1
2025-01-11,SKU028,81.0,51223.56,687.38,1
2025-01-12,SKU028,86.0,54385.51,687.38,1
2025-01-13,SKU028,75.0,47429.22,687.38,1
2025-01-14,SKU028,83.0,52488.34,687.38,1
2025-01-15,SKU028,79.0,49958.78,687.38,1
2025-01-16,SKU028,79.0,54303.02,687.38,0
2025-01-17,SKU028,52.0,35743.76,687.38,0
2025-01-18,SKU028,103.0,70800.14,687.38,0
2025-01-19,SKU028,65.0,44679.7,687.38,0
2025-01-20,SKU028,58.0,39868.04,687.38,0
2025-01-21,SKU028,61.0,41930.18,687.38,0
2025-01-22,SKU028,78.0,53615.64,687.38,0
2025-01-23,SKU028,57.0,39180.66,687.38,0
2025-01-24,SKU028,90.0,61864.2,687.38,0
2025-01-25,SKU028,90.0,61864.2,687.38,0
2025-01-26,SKU028,71.0,48803.98,687.38,0
2025-01-27,SKU028,61.0,41930.18,687.38,0
2025-01-28,SKU028,79.0,54303.02,687.38,0
2025-01-29,SKU028,52.0,35743.76,687.38,0
2025-01-30,SKU028,63.0,43304.94,687.38,0
2025-01-31,SKU028,86.0,59114.68,687.38,0
2025-02-01,SKU028,60.0,41242.8,687.38,0
2025-02-02,SKU028,61.0,41930.18,687.38,0
2025-02-03,SKU028,61.0,41930.18,687.38,0
2025-02-04,SKU028,63.0,43304.94,687.38,0
2025-02-05,SKU028,58.0,39868.04,687.38,0
2025-02-06,SKU028,53.0,36431.14,687.38,0
2025-02-07,SKU028,52.0,35743.76,687.38,0
2025-02-08,SKU028,65.0,44679.7,687.38,0
2025-02-09,SKU028,79.0,54303.02,687.38,0
2025-02-10,SKU028,51.0,35056.38,687.38,0
2025-02-11,SKU028,54.0,37118.52,687.38,0
2025-02-12,SKU028,57.0,39180.66,687.38,0
2025-02-13,SKU028,68.0,46741.84,687.38,0
2025-02-14,SKU028,76.0,52240.88,687.38,0
2025-02-15,SKU028,59.0,40555.42,687.38,0
2025-02-16,SKU028,75.0,51553.5,687.38,0
2025-02-17,SKU028,52.0,35743.76,687.38,0
2025-02-18,SKU028,44.0,30244.72,687.38,0
2025-02-19,SKU028,48.0,32994.24,687.38,0
2025-02-20,SKU028,69.0,47429.22,687.38,0
2025-02-21,SKU028,61.0,41930.18,687.38,0
2025-02-22,SKU028,54.0,37118.52,687.38,0
2025-02-23,SKU028,66.0,45367.08,687.38,0
2025-02-24,SKU028,49.0,33681.62,687.38,0
2025-02-25,SKU028,72.0,49491.36,687.38,0
2025-02-26,SKU028,58.0,39868.04,687.38,0
2025-02-27,SKU028,63.0,43304.94,687.38,0
2025-02-28,SKU028,80.0,54990.4,687.38,0
2025-03-01,SKU028,49.0,33681.62,687.38,0
2025-03-02,SKU028,51.0,35056.38,687.38,0
2025-03-03,SKU028,49.0,33681.62,687.38,0
2025-03-04,SKU028,79.0,54303.02,687.38,0
2025-03-05,SKU028,55.0,37805.9,687.38,0
2025-03-06,SKU028,41.0,28182.58,687.38,0
2025-03-07,SKU028,57.0,39180.66,687.38,0
2025-03-08,SKU028,56.0,38493.28,687.38,0
2025-03-09,SKU028,55.0,37805.9,687.38,0
2025-03-10,SKU028,67.0,46054.46,687.38,0
2025-03-11,SKU028,45.0,30932.1,687.38,0
2025-03-12,SKU028,70.0,48116.6,687.38,0
2025-03-13,SKU028,57.0,39180.66,687.38,0
2025-03-14,SKU028,74.0,50866.12,687.38,0
2025-03-15,SKU028,49.0,33681.62,687.38,0
2025-03-16,SKU028,57.0,39180.66,687.38,0
2025-03-17,SKU028,74.0,50866.12,687.38,0
2025-03-18,SKU028,68.0,46741.84,687.38,0
2025-03-19,SKU028,63.0,43304.94,687.38,0
2025-03-20,SKU028,96.0,60709.4,687.38,1
2025-03-21,SKU028,87.0,55017.9,687.38,1
2025-03-22,SKU028,85.0,53753.12,687.38,1
2025-03-23,SKU028,60.0,37943.38,687.38,1
2025-03-24,SKU028,76.0,48061.61,687.38,1
2025-03-25,SKU028,64.0,40472.93,687.38,1
2025-03-26,SKU028,90.0,56915.06,687.38,1
2025-03-27,SKU028,46.0,29089.92,687.38,1
2025-03-28,SKU028,88.0,60489.44,687.38,0
2025-03-29,SKU028,83.0,57052.54,687.38,0
2025-03-30,SKU028,91.0,62551.58,687.38,0
2025-03-31,SKU028,49.0,33681.62,687.38,0
2025-04-01,SKU028,56.0,38493.28,687.38,0
2025-04-02,SKU028,53.0,36431.14,687.38,0
2025-04-03,SKU028,61.0,41930.18,687.38,0
2025-04-04,SKU028,69.0,47429.22,687.38,0
2025-04-05,SKU028,53.0,36431.14,687.38,0
2025-04-06,SKU028,57.0,39180.66,687.38,0
2025-04-07,SKU028,47.0,32306.86,687.38,0
2025-04-08,SKU028,65.0,44679.7,687.38,0
2025-04-09,SKU028,55.0,37805.9,687.38,0
2025-04-10,SKU028,75.0,51553.5,687.38,0
2025-04-11,SKU028,65.0,44679.7,687.38,0
2025-04-12,SKU028,60.0,41242.8,687.38,0
2025-04-13,SKU028,49.0,33681.62,687.38,0
2025-04-14,SKU028,41.0,28182.58,687.38,0
2025-04-15,SKU028,44.0,30244.72,687.38,0
2025-04-16,SKU028,63.0,43304.94,687.38,0
2025-04-17,SKU028,65.0,44679.7,687.38,0
2025-04-18,SKU028,53.0,36431.14,687.38,0
2025-04-19,SKU028,66.0,45367.08,687.38,0
2025-04-20,SKU028,41.0,28182.58,687.38,0
2025-04-21,SKU028,46.0,31619.48,687.38,0
2025-04-22,SKU028,66.0,45367.08,687.38,0
2025-04-23,SKU028,52.0,35743.76,687.38,0
2025-04-24,SKU028,80.0,54990.4,687.38,0
2025-04-25,SKU028,72.0,49491.36,687.38,0
2025-04-26,SKU028,72.0,49491.36,687.38,0
2025-04-27,SKU028,66.0,45367.08,687.38,0
2025-04-28,SKU028,48.0,32994.24,687.38,0
2025-04-29,SKU028,59.0,40555.42,687.38,0
2025-04-30,SKU028,52.0,35743.76,687.38,0
2025-05-01,SKU028,75.0,51553.5,687.38,0
2025-05-02,SKU028,79.0,54303.02,687.38,0
2025-05-03,SKU028,58.0,39868.04,687.38,0
2025-05-04,SKU028,60.0,41242.8,687.38,0
2025-05-05,SKU028,54.0,37118.52,687.38,0
2025-05-06,SKU028,37.0,25433.06,687.38,0
2025-05-07,SKU028,70.0,48116.6,687.38,0
2025-05-08,SKU028,61.0,41930.18,687.38,0
2025-05-09,SKU028,62.0,42617.56,687.38,0
2025-05-10,SKU028,75.0,51553.5,687.38,0
2025-05-11,SKU028,56.0,38493.28,687.38,0
2025-05-12,SKU028,55.0,37805.9,687.38,0
2025-05-13,SKU028,39.0,26807.82,687.38,0
2025-05-14,SKU028,69.0,47429.22,687.38,0
2025-05-15,SKU028,53.0,36431.14,687.38,0
2025-05-16,SKU028,60.0,41242.8,687.38,0
2025-05-17,SKU028,48.0,32994.24,687.38,0
2025-05-18,SKU028,50.0,34369.0,687.38,0
2025-05-19,SKU028,58.0,39868.04,687.38,0
2025-05-20,SKU028,54.0,37118.52,687.38,0
2025-05-21,SKU028,42.0,28869.96,687.38,0
2025-05-22,SKU028,70.0,48116.6,687.38,0
2025-05-23,SKU028,56.0,38493.28,687.38,0
2025-05-24,SKU028,67.0,46054.46,687.38,0
2025-05-25,SKU028,52.0,35743.76,687.38,0
2025-05-26,SKU028,61.0,41930.18,687.38,0
2025-05-27,SKU028,49.0,33681.62,687.38,0
2025-05-28,SKU028,49.0,33681.62,687.38,0
2025-05-29,SKU028,75.0,51553.5,687.38,0
2025-05-30,SKU028,59.0,40555.42,687.38,0
2025-05-31,SKU028,86.0,59114.68,687.38,0
2025-06-01,SKU028,85.0,58427.3,687.38,0
2025-06-02,SKU028,62.0,42617.56,687.38,0
2025-06-03,SKU028,73.0,50178.74,687.38,0
2025-06-04,SKU028,58.0,39868.04,687.38,0
2025-06-05,SKU028,77.0,52928.26,687.38,0
2025-06-06,SKU028,73.0,50178.74,687.38,0
2025-06-07,SKU028,74.0,50866.12,687.38,0
2025-06-08,SKU028,45.0,30932.1,687.38,0
2025-06-09,SKU028,60.0,41242.8,687.38,0
2025-06-10,SKU028,105.0,66400.91,687.38,1
2025-06-11,SKU028,80.0,50591.17,687.38,1
2025-06-12,SKU028,114.0,72092.41,687.38,1
2025-06-13,SKU028,117.0,73989.58,687.38,1
2025-06-14,SKU028,133.0,84107.82,687.38,1
2025-06-15,SKU028,87.0,55017.9,687.38,1
2025-06-16,SKU028,81.0,51223.56,687.38,1
2025-06-17,SKU028,87.0,55017.9,687.38,1
2025-06-18,SKU028,86.0,54385.51,687.38,1
2025-06-19,SKU028,,61341.79,687.38,1
2025-06-20,SKU028,87.0,55017.9,687.38,1
2025-06-21,SKU028,90.0,61864.2,687.38,0
2025-06-22,SKU028,54.0,37118.52,687.38,0
2025-06-23,SKU028,78.0,53615.64,687.38,0
2025-06-24,SKU028,76.0,52240.88,687.38,0
2025-06-25,SKU028,89.0,61176.82,687.38,0
2025-06-26,SKU028,68.0,46741.84,687.38,0
2025-06-27,SKU028,87.0,59802.06,687.38,0
2025-06-28,SKU028,67.0,46054.46,687.38,0
2025-06-29,SKU028,56.0,38493.28,687.38,0
2025-06-30,SKU028,75.0,51553.5,687.38,0
2025-07-01,SKU028,59.0,40555.42,687.38,0
2025-07-02,SKU028,72.0,49491.36,687.38,0
2025-07-03,SKU028,70.0,48116.6,687.38,0
2025-07-04,SKU028,71.0,48803.98,687.38,0
2025-07-05,SKU028,66.0,45367.08,687.38,0
2025-07-06,SKU028,67.0,46054.46,687.38,0
2025-07-07,SKU028,71.0,48803.98,687.38,0
2025-07-08,SKU028,51.0,35056.38,687.38,0
2025-07-09,SKU028,74.0,50866.12,687.38,0
2025-07-10,SKU028,80.0,54990.4,687.38,0
2025-07-11,SKU028,94.0,64613.72,687.38,0
2025-07-12,SKU028,100.0,68738.0,687.38,0
2025-07-13,SKU028,55.0,37805.9,687.38,0
2025-07-14,SKU028,70.0,48116.6,687.38,0
2025-07-15,SKU028,56.0,38493.28,687.38,0
2025-07-16,SKU028,66.0,45367.08,687.38,0
2025-07-17,SKU028,66.0,45367.08,687.38,0
2025-07-18,SKU028,65.0,44679.7,687.38,0
2025-07-19,SKU028,79.0,54303.02,687.38,0
2025-07-20,SKU028,60.0,41242.8,687.38,0
2025-07-21,sku028,73.0,50178.74,687.38,0
2025-07-22,SKU028,78.0,53615.64,687.38,0
2025-07-23,SKU028,68.0,46741.84,687.38,0
2025-07-24,SKU028,64.0,43992.32,687.38,0
2025-07-25,SKU028,63.0,43304.94,687.38,0
2025-07-26,SKU028,71.0,48803.98,687.38,0
2025-07-27,SKU028,64.0,43992.32,687.38,0
2025-07-28,SKU028,81.0,55677.78,687.38,0
2025-07-29,SKU028,49.0,33681.62,687.38,0
2025-07-30,SKU028,65.0,44679.7,687.38,0
2025-07-31,SKU028,72.0,49491.36,687.38,0
2025-08-01,SKU028,72.0,49491.36,687.38,0
2025-08-02,SKU028,79.0,54303.02,687.38,0
2025-08-03,SKU028,56.0,38493.28,687.38,0
2025-08-04,SKU028,64.0,43992.32,687.38,0
2025-08-05,SKU028,71.0,48803.98,687.38,0
2025-08-06,SKU028,79.0,54303.02,687.38,0
2025-08-07,SKU028,80.0,54990.4,687.38,0
2025-08-08,SKU028,93.0,63926.34,687.38,0
2025-08-09,SKU028,80.0,54990.4,687.38,0
2025-08-10,SKU028,65.0,44679.7,687.38,0
2025-08-11,SKU028,63.0,43304.94,687.38,0
2025-08-12,SKU028,91.0,62551.58,687.38,0
2025-08-13,SKU028,70.0,48116.6,687.38,0
2025-08-14,SKU028,80.0,54990.4,687.38,0
2025-08-15,SKU028,87.0,59802.06,687.38,0
2025-08-16,SKU028,79.0,54303.02,687.38,0
2025-08-17,SKU028,56.0,38493.28,687.38,0
2025-08-18,SKU028,71.0,48803.98,687.38,0
2025-08-19,SKU028,76.0,52240.88,687.38,0
2025-08-20,SKU028,62.0,42617.56,687.38,0
2025-08-21,SKU028,74.0,50866.12,687.38,0
2025-08-22,SKU028,84.0,57739.92,687.38,0
2025-08-23,SKU028,62.0,42617.56,687.38,0
2025-08-24,SKU028,75.0,51553.5,687.38,0
2025-08-25,SKU028,70.0,48116.6,687.38,0
2025-08-26,SKU028,73.0,50178.74,687.38,0
2025-08-27,SKU028,72.0,49491.36,687.38,0
2025-08-28,SKU028,63.0,43304.94,687.38,0
2025-08-29,SKU028,95.0,65301.1,687.38,0
2025-08-30,SKU028,97.0,66675.86,687.38,0
2025-08-31,SKU028,79.0,54303.02,687.38,0
2025-09-01,SKU028,67.0,46054.46,687.38,0
2025-09-02,SKU028,51.0,35056.38,687.38,0
2025-09-03,SKU028,70.0,48116.6,687.38,0
2025-09-04,SKU028,61.0,41930.18,687.38,0
2025-09-05,SKU028,81.0,55677.78,687.38,0
2025-09-06,SKU028,45.0,30932.1,687.38,0
2025-09-07,SKU028,77.0,52928.26,687.38,0
2025-09-08,SKU028,77.0,52928.26,687.38,0
2025-09-09,SKU028,70.0,48116.6,687.38,0
2025-09-10,SKU028,70.0,48116.6,687.38,0
2025-09-11,SKU028,77.0,52928.26,687.38,0
2025-09-12,SKU028,46.0,31619.48,687.38,0
2025-09-13,SKU028,79.0,54303.02,687.38,0
2025-09-14,SKU028,48.0,32994.24,687.38,0
2025-09-15,SKU028,62.0,42617.56,687.38,0
2025-09-16,SKU028,63.0,43304.94,687.38,0
2025-09-17,SKU028,72.0,49491.36,687.38,0
2025-09-18,SKU028,63.0,43304.94,687.38,0
2025-09-19,SKU028,65.0,44679.7,687.38,0
2025-09-20,SKU028,73.0,50178.74,687.38,0
2025-09-21,SKU028,72.0,49491.36,687.38,0
2025-09-22,SKU028,54.0,37118.52,687.38,0
2025-09-23,SKU028,78.0,53615.64,687.38,0
2025-09-24,SKU028,50.0,34369.0,687.38,0
2025-09-25,SKU028,67.0,46054.46,687.38,0
2025-09-26,SKU028,77.0,52928.26,687.38,0
2025-09-27,SKU028,65.0,44679.7,687.38,0
2025-09-28,SKU028,64.0,43992.32,687.38,0
2025-09-29,SKU028,54.0,37118.52,687.38,0
2025-09-30,SKU028,46.0,31619.48,687.38,0
2025-10-01,SKU028,74.0,46796.83,687.38,1
2025-10-02,SKU028,69.0,43634.88,687.38,1
2025-10-03,SKU028,98.0,61974.18,687.38,1
2025-10-04,SKU028,87.0,55017.9,687.38,1
2025-10-05,SKU028,75.0,47429.22,687.38,1
2025-10-06,SKU028,74.0,46796.83,687.38,1
2025-10-07,SKU028,68.0,43002.49,687.38,1
2025-10-08,SKU028,100.0,63238.96,687.38,1
2025-10-09,SKU028,91.0,57547.45,687.38,1
2025-10-10,SKU028,97.0,61341.79,687.38,1
2025-10-11,SKU028,73.0,50178.74,687.38,0
2025-10-12,SKU028,48.0,32994.24,687.38,0
2025-10-13,SKU028,41.0,28182.58,687.38,0
2025-10-14,SKU028,67.0,46054.46,687.38,0
2025-10-15,SKU028,50.0,34369.0,687.38,0
2025-10-16,SKU028,56.0,38493.28,687.38,0
2025-10-17,SKU028,76.0,52240.88,687.38,0
2025-10-18,SKU028,69.0,47429.22,687.38,0
2025-10-19,SKU028,51.0,35056.38,687.38,0
2025-10-20,SKU028,71.0,48803.98,687.38,0
2025-10-21,SKU028,73.0,50178.74,687.38,0
2025-10-22,SKU028,39.0,26807.82,687.38,0
2025-10-23,SKU028,47.0,32306.86,687.38,0
2025-10-24,SKU028,49.0,33681.62,687.38,0
2025-10-25,SKU028,71.0,48803.98,687.38,0
2025-10-26,SKU028,60.0,41242.8,687.38,0
2025-10-27,SKU028,47.0,32306.86,687.38,0
2025-10-28,SKU028,63.0,43304.94,687.38,0
2025-10-29,SKU028,50.0,34369.0,687.38,0
2025-10-30,SKU028,54.0,37118.52,687.38,0
2025-10-31,SKU028,71.0,48803.98,687.38,0
2025-11-01,SKU028,76.0,52240.88,687.38,0
2025-11-02,SKU028,53.0,36431.14,687.38,0
2025-11-03,SKU028,43.0,29557.34,687.38,0
2025-11-04,SKU028,56.0,38493.28,687.38,0
2025-11-05,SKU028,58.0,39868.04,687.38,0
2025-11-06,SKU028,53.0,36431.14,687.38,0
2025-11-07,SKU028,53.0,36431.14,687.38,0
2025-11-08,SKU028,70.0,48116.6,687.38,0
2025-11-09,SKU028,62.0,42617.56,687.38,0
2025-11-10,SKU028,62.0,42617.56,687.38,0
2025-11-11,SKU028,68.0,46741.84,687.38,0
2025-11-12,SKU028,64.0,43992.32,687.38,0
2025-11-13,SKU028,73.0,50178.74,687.38,0
2025-11-14,SKU028,58.0,39868.04,687.38,0
2025-11-15,SKU028,63.0,43304.94,687.38,0
2025-11-16,SKU028,87.0,59802.06,687.38,0
2025-11-17,SKU028,42.0,28869.96,687.38,0
2025-11-18,SKU028,504.0,43304.94,687.38,0
2025-11-19,SKU028,42.0,28869.96,687.38,0
2025-11-20,SKU028,79.0,49958.78,687.38,1
2025-11-21,SKU028,98.0,61974.18,687.38,1
2025-11-22,SKU028,76.0,48061.61,687.38,1
2025-11-23,SKU028,66.0,41737.71,687.38,1
2025-11-24,SKU028,78.0,49326.39,687.38,1
2025-11-25,SKU028,82.0,51855.95,687.38,1
2025-11-26,SKU028,90.0,56915.06,687.38,1
2025-11-27,SKU028,75.0,47429.22,687.38,1
2025-11-28,SKU028,98.0,61974.18,687.38,1
2025-11-29,SKU028,103.0,65136.13,687.38,1
2025-11-30,SKU028,78.0,49326.39,687.38,1
2025-12-01,SKU028,59.0,40555.42,687.38,0
2025-12-02,SKU028,77.0,52928.26,687.38,0
2025-12-03,SKU028,58.0,39868.04,687.38,0
2025-12-04,SKU028,61.0,41930.18,687.38,0
2025-12-05,SKU028,57.0,39180.66,687.38,0
2025-12-06,SKU028,62.0,42617.56,687.38,0
2025-12-07,SKU028,66.0,45367.08,687.38,0
2025-12-08,SKU028,45.0,30932.1,687.38,0
2025-12-09,SKU028,60.0,41242.8,687.38,0
2025-12-10,SKU028,70.0,48116.6,687.38,0
2025-12-11,SKU028,62.0,42617.56,687.38,0
2025-12-12,SKU028,75.0,51553.5,687.38,0
2025-12-13,SKU028,88.0,60489.44,687.38,0
2025-12-14,SKU028,54.0,37118.52,687.38,0
2025-12-15,SKU028,75.0,47429.22,687.38,1
2025-12-16,SKU028,96.0,60709.4,687.38,1
2025-12-17,SKU028,57.0,36046.21,687.38,1
2025-12-18,SKU028,82.0,51855.95,687.38,1
2025-12-19,SKU028,90.0,56915.06,687.38,1
2025-12-20,SKU028,110.0,69562.86,687.38,1
2025-12-21,SKU028,103.0,65136.13,687.38,1
2025-12-22,SKU028,73.0,46164.44,687.38,1
2025-12-23,SKU028,105.0,66400.91,687.38,1
2025-12-24,SKU028,92.0,58179.84,687.38,1
2025-12-25,SKU028,107.0,67665.69,687.38,1
2025-12-26,SKU028,97.0,61341.79,687.38,1
2025-12-27,SKU028,116.0,73357.19,687.38,1
2025-12-28,SKU028,70.0,44267.27,687.38,1
2025-12-29,SKU028,96.0,60709.4,687.38,1
2025-12-30,SKU028,112.0,70827.64,687.38,1
2025-12-31,SKU028,64.0,40472.93,687.38,1
2026-01-01,SKU028,68.0,46741.84,687.38,0
2026-01-02,SKU028,91.0,62551.58,687.38,0
2026-01-03,SKU028,78.0,53615.64,687.38,0
2026-01-04,SKU028,71.0,48803.98,687.38,0
2026-01-05,SKU028,77.0,52928.26,687.38,0
2026-01-06,SKU028,63.0,43304.94,687.38,0
2026-01-07,SKU028,72.0,49491.36,687.38,0
2026-01-08,SKU028,74.0,50866.12,687.38,0
2026-01-09,SKU028,78.0,53615.64,687.38,0
2026-01-10,SKU028,81.0,55677.78,687.38,0
2026-01-11,SKU028,100.0,68738.0,687.38,0
2026-01-12,SKU028,60.0,41242.8,687.38,0
2026-01-13,SKU028,67.0,46054.46,687.38,0
2026-01-14,SKU028,83.0,57052.54,687.38,0
2026-01-15,SKU028,63.0,43304.94,687.38,0
2026-01-16,SKU028,69.0,47429.22,687.38,0
2026-01-17,SKU028,69.0,47429.22,687.38,0
2026-01-18,SKU028,52.0,35743.76,687.38,0
2026-01-19,SKU028,55.0,37805.9,687.38,0
2026-01-20,SKU028,56.0,38493.28,687.38,0
2026-01-21,SKU028,69.0,47429.22,687.38,0
2026-01-22,SKU028,70.0,48116.6,687.38,0
2026-01-23,SKU028,96.0,65988.48,687.38,0
2026-01-24,SKU028,80.0,54990.4,687.38,0
2026-01-25,SKU028,69.0,47429.22,687.38,0
2026-01-26,SKU028,79.0,54303.02,687.38,0
2026-01-27,SKU028,69.0,47429.22,687.38,0
2026-01-28,SKU028,79.0,54303.02,687.38,0
2026-01-29,SKU028,75.0,51553.5,687.38,0
2026-01-30,SKU028,85.0,58427.3,687.38,0
2026-01-31,SKU028,65.0,44679.7,687.38,0
2026-02-01,SKU028,,50178.74,687.38,0
2026-02-02,SKU028,57.0,39180.66,687.38,0
2026-02-03,SKU028,66.0,45367.08,687.38,0
2026-02-04,SKU028,57.0,39180.66,687.38,0
2026-02-05,SKU028,61.0,41930.18,687.38,0
2026-02-06,SKU028,91.0,62551.58,687.38,0
2026-02-07,SKU028,98.0,67363.24,687.38,0
2026-02-08,SKU028,66.0,45367.08,687.38,0
2026-02-09,SKU028,60.0,41242.8,687.38,0
2026-02-10,SKU028,62.0,42617.56,687.38,0
2026-02-11,SKU028,81.0,55677.78,687.38,0
2026-02-12,SKU028,57.0,39180.66,687.38,0
2026-02-13,SKU028,70.0,48116.6,687.38,0
2026-02-14,SKU028,87.0,59802.06,687.38,0
2026-02-15,SKU028,48.0,32994.24,687.38,0
2026-02-16,SKU028,58.0,39868.04,687.38,0
2026-02-17,SKU028,76.0,52240.88,687.38,0
2026-02-18,SKU028,71.0,48803.98,687.38,0
2026-02-19,SKU028,67.0,46054.46,687.38,0
2026-02-20,SKU028,85.0,58427.3,687.38,0
2026-02-21,SKU028,75.0,51553.5,687.38,0
2026-02-22,SKU028,63.0,43304.94,687.38,0
2026-02-23,SKU028,54.0,37118.52,687.38,0
2026-02-24,SKU028,85.0,58427.3,687.38,0
2026-02-25,SKU028,92.0,63238.96,687.38,0
2026-02-26,SKU028,82.0,56365.16,687.38,0
2026-02-27,SKU028,74.0,50866.12,687.38,0
2026-02-28,SKU028,65.0,44679.7,687.38,0
2026-03-01,SKU028,94.0,64613.72,687.38,0
2026-03-02,SKU028,67.0,46054.46,687.38,0
2026-03-03,SKU028,82.0,56365.16,687.38,0
2026-03-04,SKU028,65.0,44679.7,687.38,0
2026-03-05,SKU028,54.0,37118.52,687.38,0
2026-03-06,SKU028,92.0,63238.96,687.38,0
2026-03-07,SKU028,76.0,52240.88,687.38,0
2026-03-08,SKU028,84.0,57739.92,687.38,0
2026-03-09,SKU028,68.0,46741.84,687.38,0
2026-03-10,SKU028,74.0,50866.12,687.38,0
2026-03-11,SKU028,51.0,35056.38,687.38,0
2026-03-12,SKU028,76.0,52240.88,687.38,0
2026-03-13,SKU028,78.0,53615.64,687.38,0
2026-03-14,SKU028,80.0,54990.4,687.38,0
2026-03-15,SKU028,100.0,63238.96,687.38,1
2026-03-16,SKU028,96.0,60709.4,687.38,1
2026-03-17,SKU028,68.0,43002.49,687.38,1
2026-03-18,SKU028,111.0,70195.25,687.38,1
2026-03-19,SKU028,87.0,55017.9,687.38,1
2026-03-20,SKU028,74.0,46796.83,687.38,1
2026-03-21,SKU028,88.0,55650.28,687.38,1
2026-03-22,SKU028,82.0,51855.95,687.38,1
2026-03-23,SKU028,86.0,54385.51,687.38,1
2026-03-24,SKU028,79.0,49958.78,687.38,1
2026-03-25,SKU028,98.0,61974.18,687.38,1
2026-03-26,SKU028,58.0,39868.04,687.38,0
2026-03-27,SKU028,57.0,39180.66,687.38,0
2026-03-28,SKU028,56.0,38493.28,687.38,0
2026-03-29,SKU028,61.0,41930.18,687.38,0
2026-03-30,SKU028,55.0,37805.9,687.38,0
2026-03-31,SKU028,69.0,47429.22,687.38,0
2026-04-01,SKU028,60.0,41242.8,687.38,0
2026-04-02,SKU028,74.0,50866.12,687.38,0
2026-04-03,SKU028,50.0,34369.0,687.38,0
2026-04-04,SKU028,60.0,41242.8,687.38,0
2026-04-05,SKU028,64.0,43992.32,687.38,0
2026-04-06,SKU028,69.0,47429.22,687.38,0
2026-04-07,SKU028,56.0,38493.28,687.38,0
2026-04-08,SKU028,55.0,37805.9,687.38,0
2026-04-09,SKU028,47.0,32306.86,687.38,0
2026-04-10,SKU028,96.0,65988.48,687.38,0
2026-04-11,SKU028,88.0,60489.44,687.38,0
2026-04-12,SKU028,76.0,52240.88,687.38,0
2026-04-13,SKU028,54.0,37118.52,687.38,0
2026-04-14,SKU028,86.0,59114.68,687.38,0
2026-04-15,SKU028,70.0,48116.6,687.38,0
2026-04-16,SKU028,65.0,44679.7,687.38,0
2026-04-17,SKU028,59.0,40555.42,687.38,0
2026-04-18,SKU028,79.0,54303.02,687.38,0
2026-04-19,SKU028,70.0,48116.6,687.38,0
2026-04-20,SKU028,77.0,52928.26,687.38,0
2026-04-21,SKU028,61.0,41930.18,687.38,0
2026-04-22,SKU028,69.0,47429.22,687.38,0
2026-04-23,SKU028,,34369.0,687.38,0
2026-04-24,SKU028,103.0,70800.14,687.38,0
2026-04-25,SKU028,72.0,49491.36,687.38,0
2026-04-26,SKU028,78.0,53615.64,687.38,0
2026-04-27,SKU028,64.0,43992.32,687.38,0
2026-04-28,SKU028,72.0,49491.36,687.38,0
2026-04-29,SKU028,79.0,54303.02,687.38,0
2026-04-30,SKU028,74.0,50866.12,687.38,0
2026-05-01,SKU028,104.0,71487.52,687.38,0
2026-05-02,SKU028,92.0,63238.96,687.38,0
2026-05-03,SKU028,81.0,55677.78,687.38,0
2026-05-04,SKU028,63.0,43304.94,687.38,0
2026-05-05,SKU028,70.0,48116.6,687.38,0
2026-05-06,SKU028,82.0,56365.16,687.38,0
2026-05-07,SKU028,74.0,50866.12,687.38,0
2026-05-08,SKU028,99.0,68050.62,687.38,0
2026-05-09,SKU028,62.0,42617.56,687.38,0
2026-05-10,SKU028,58.0,39868.04,687.38,0
2026-05-11,SKU028,88.0,60489.44,687.38,0
2026-05-12,SKU028,72.0,49491.36,687.38,0
2026-05-13,SKU028,64.0,43992.32,687.38,0
2026-05-14,SKU028,61.0,41930.18,687.38,0
2026-05-15,SKU028,70.0,48116.6,687.38,0
2026-05-16,SKU028,67.0,46054.46,687.38,0
2026-05-17,SKU028,57.0,39180.66,687.38,0
2026-05-18,SKU028,64.0,43992.32,687.38,0
2026-05-19,SKU028,62.0,42617.56,687.38,0
2026-05-20,SKU028,49.0,33681.62,687.38,0
2026-05-21,SKU028,59.0,40555.42,687.38,0
2026-05-22,SKU028,77.0,52928.26,687.38,0
2026-05-23,SKU028,74.0,50866.12,687.38,0
2026-05-24,SKU028,46.0,31619.48,687.38,0
2026-05-25,SKU028,65.0,44679.7,687.38,0
2026-05-26,SKU028,56.0,38493.28,687.38,0
2026-05-27,SKU028,53.0,36431.14,687.38,0
2026-05-28,SKU028,88.0,60489.44,687.38,0
2026-05-29,SKU028,73.0,50178.74,687.38,0
2026-05-30,SKU028,72.0,49491.36,687.38,0
2026-05-31,SKU028,57.0,39180.66,687.38,0
2026-06-01,SKU028,66.0,45367.08,687.38,0
2026-06-02,SKU028,76.0,52240.88,687.38,0
2026-06-03,SKU028,76.0,52240.88,687.38,0
2026-06-04,SKU028,84.0,57739.92,687.38,0
2026-06-05,SKU028,75.0,51553.5,687.38,0
2026-06-06,SKU028,92.0,63238.96,687.38,0
2026-06-07,SKU028,72.0,49491.36,687.38,0
2026-06-08,SKU028,59.0,40555.42,687.38,0
2026-06-09,SKU028,71.0,48803.98,687.38,0
2026-06-10,SKU028,94.0,59444.62,687.38,1
2026-06-11,SKU028,80.0,50591.17,687.38,1
2026-06-12,SKU028,137.0,86637.38,687.38,1
2026-06-13,SKU028,123.0,77783.92,687.38,1
2026-06-14,SKU028,60.0,37943.38,687.38,1
2026-06-15,SKU028,119.0,75254.36,687.38,1
2026-06-16,SKU028,110.0,69562.86,687.38,1
2026-06-17,SKU028,101.0,63871.35,687.38,1
2026-06-18,SKU028,103.0,65136.13,687.38,1
2026-06-19,SKU028,96.0,60709.4,687.38,1
2026-06-20,SKU028,98.0,61974.18,687.38,1
2026-06-21,SKU028,83.0,57052.54,687.38,0
2026-06-22,SKU028,65.0,44679.7,687.38,0
2026-06-23,SKU028,60.0,41242.8,687.38,0
2026-06-24,SKU028,78.0,53615.64,687.38,0
2026-06-25,SKU028,68.0,46741.84,687.38,0
2026-06-26,SKU028,81.0,55677.78,687.38,0
2026-06-27,SKU028,105.0,72174.9,687.38,0
2026-06-28,SKU028,68.0,46741.84,687.38,0
2026-06-29,SKU028,66.0,45367.08,687.38,0
2026-06-30,SKU028,68.0,46741.84,687.38,0
2025-05-06,SKU029,25.0,110714.25,4428.57,0
2025-05-07,SKU029,16.0,70857.12,4428.57,0
2025-05-08,SKU029,25.0,110714.25,4428.57,0
2025-05-09,SKU029,44.0,194857.08,4428.57,0
2025-05-10,SKU029,24.0,106285.68,4428.57,0
2025-05-11,SKU029,35.0,154999.95,4428.57,0
2025-05-12,SKU029,14.0,61999.98,4428.57,0
2025-05-13,SKU029,24.0,106285.68,4428.57,0
2025-05-14,SKU029,16.0,70857.12,4428.57,0
2025-05-15,SKU029,15.0,66428.55,4428.57,0
2025-05-16,SKU029,36.0,159428.52,4428.57,0
2025-05-17,SKU029,22.0,97428.54,4428.57,0
2025-05-18,SKU029,34.0,150571.38,4428.57,0
2025-05-19,SKU029,16.0,70857.12,4428.57,0
2025-05-20,SKU029,22.0,97428.54,4428.57,0
2025-05-21,SKU029,25.0,110714.25,4428.57,0
2025-05-22,SKU029,21.0,92999.97,4428.57,0
2025-05-23,SKU029,37.0,163857.09,4428.57,0
2025-05-24,SKU029,30.0,132857.1,4428.57,0
2025-05-25,SKU029,18.0,79714.26,4428.57,0
2025-05-26,SKU029,36.0,159428.52,4428.57,0
2025-05-27,SKU029,22.0,97428.54,4428.57,0
2025-05-28,SKU029,21.0,92999.97,4428.57,0
2025-05-29,SKU029,25.0,110714.25,4428.57,0
2025-05-30,SKU029,51.0,225857.07,4428.57,0
2025-05-31,SKU029,29.0,128428.53,4428.57,0
2025-06-01,SKU029,23.0,101857.11,4428.57,0
2025-06-02,SKU029,19.0,84142.83,4428.57,0
2025-06-03,SKU029,30.0,132857.1,4428.57,0
2025-06-04,SKU029,29.0,128428.53,4428.57,0
2025-06-05,SKU029,30.0,132857.1,4428.57,0
2025-06-06,SKU029,23.0,101857.11,4428.57,0
2025-06-07,SKU029,33.0,146142.81,4428.57,0
2025-06-08,SKU029,36.0,159428.52,4428.57,0
2025-06-09,SKU029,38.0,168285.66,4428.57,0
2025-06-10,SKU029,34.0,138525.67,4428.57,1
2025-06-11,SKU029,39.0,158897.09,4428.57,1
2025-06-12,SKU029,46.0,187417.08,4428.57,1
2025-06-13,SKU029,42.0,171119.94,4428.57,1
2025-06-14,SKU029,58.0,236308.5,4428.57,1
2025-06-15,SKU029,29.0,118154.25,4428.57,1
2025-06-16,SKU029,25.0,101857.11,4428.57,1
2025-06-17,SKU029,43.0,175194.23,4428.57,1
2025-06-18,SKU029,39.0,158897.09,4428.57,1
2025-06-19,SKU029,30.0,122228.53,4428.57,1
2025-06-20,SKU029,58.0,236308.5,4428.57,1
2025-06-21,SKU029,30.0,132857.1,4428.57,0
2025-06-22,SKU029,31.0,137285.67,4428.57,0
2025-06-23,SKU029,29.0,128428.53,4428.57,0
2025-06-24,SKU029,35.0,154999.95,4428.57,0
2025-06-25,SKU029,17.0,75285.69,4428.57,0
2025-06-26,SKU029,27.0,119571.39,4428.57,0
2025-06-27,SKU029,32.0,141714.24,4428.57,0
2025-06-28,SKU029,39.0,172714.23,4428.57,0
2025-06-29,SKU029,37.0,163857.09,4428.57,0
2025-06-30,SKU029,38.0,168285.66,4428.57,0
2025-07-01,SKU029,27.0,119571.39,4428.57,0
2025-07-02,SKU029,23.0,101857.11,4428.57,0
2025-07-03,SKU029,28.0,123999.96,4428.57,0
2025-07-04,SKU029,41.0,181571.37,4428.57,0
2025-07-05,SKU029,37.0,163857.09,4428.57,0
2025-07-06,SKU029,28.0,123999.96,4428.57,0
2025-07-07,SKU029,30.0,132857.1,4428.57,0
2025-07-08,SKU029,26.0,115142.82,4428.57,0
2025-07-09,SKU029,20.0,88571.4,4428.57,0
2025-07-10,SKU029,40.0,177142.8,4428.57,0
2025-07-11,SKU029,20.0,88571.4,4428.57,0
2025-07-12,SKU029,35.0,154999.95,4428.57,0
2025-07-13,SKU029,38.0,168285.66,4428.57,0
2025-07-14,SKU029,36.0,159428.52,4428.57,0
2025-07-15,SKU029,24.0,106285.68,4428.57,0
2025-07-16,SKU029,31.0,137285.67,4428.57,0
2025-07-17,SKU029,22.0,97428.54,4428.57,0
2025-07-18,SKU029,32.0,141714.24,4428.57,0
2025-07-19,SKU029,43.0,190428.51,4428.57,0
2025-07-20,SKU029,23.0,101857.11,4428.57,0
2025-07-21,SKU029,26.0,115142.82,4428.57,0
2025-07-22,SKU029,,141714.24,4428.57,0
2025-07-23,SKU029,31.0,137285.67,4428.57,0
2025-07-24,SKU029,29.0,128428.53,4428.57,0
2025-07-25,SKU029,48.0,212571.36,4428.57,0
2025-07-26,SKU029,34.0,150571.38,4428.57,0
2025-07-27,SKU029,29.0,128428.53,4428.57,0
2025-07-28,SKU029,20.0,88571.4,4428.57,0
2025-07-29,SKU029,22.0,97428.54,4428.57,0
2025-07-30,SKU029,31.0,137285.67,4428.57,0
2025-07-31,SKU029,25.0,110714.25,4428.57,0
2025-08-01,SKU029,37.0,163857.09,4428.57,0
2025-08-02,SKU029,40.0,177142.8,4428.57,0
2025-08-03,SKU029,25.0,110714.25,4428.57,0
2025-08-04,SKU029,31.0,137285.67,4428.57,0
2025-08-05,SKU029,24.0,106285.68,4428.57,0
2025-08-06,SKU029,22.0,97428.54,4428.57,0
2025-08-07,SKU029,34.0,150571.38,4428.57,0
2025-08-08,SKU029,58.0,256857.06,4428.57,0
2025-08-09,SKU029,29.0,128428.53,4428.57,0
2025-08-10,SKU029,30.0,132857.1,4428.57,0
2025-08-11,SKU029,22.0,97428.54,4428.57,0
2025-08-12,SKU029,23.0,101857.11,4428.57,0
2025-08-13,SKU029,35.0,154999.95,4428.57,0
2025-08-14,SKU029,32.0,141714.24,4428.57,0
2025-08-15,SKU029,36.0,159428.52,4428.57,0
2025-08-16,SKU029,43.0,190428.51,4428.57,0
2025-08-17,SKU029,28.0,123999.96,4428.57,0
2025-08-18,SKU029,21.0,92999.97,4428.57,0
2025-08-19,SKU029,20.0,88571.4,4428.57,0
2025-08-20,SKU029,25.0,110714.25,4428.57,0
2025-08-21,SKU029,37.0,163857.09,4428.57,0
2025-08-22,SKU029,43.0,190428.51,4428.57,0
2025-08-23,SKU029,33.0,146142.81,4428.57,0
2025-08-24,SKU029,33.0,146142.81,4428.57,0
2025-08-25,SKU029,29.0,128428.53,4428.57,0
2025-08-26,SKU029,33.0,146142.81,4428.57,0
2025-08-27,SKU029,42.0,185999.94,4428.57,0
2025-08-28,SKU029,22.0,97428.54,4428.57,0
2025-08-29,SKU029,42.0,185999.94,4428.57,0
2025-08-30,SKU029,27.0,119571.39,4428.57,0
2025-08-31,SKU029,41.0,181571.37,4428.57,0
2025-09-01,SKU029,25.0,110714.25,4428.57,0
2025-09-02,SKU029,27.0,119571.39,4428.57,0
2025-09-03,SKU029,21.0,92999.97,4428.57,0
2025-09-04,SKU029,23.0,101857.11,4428.57,0
2025-09-05,SKU029,20.0,88571.4,4428.57,0
2025-09-06,SKU029,41.0,181571.37,4428.57,0
2025-09-07,SKU029,26.0,115142.82,4428.57,0
2025-09-08,SKU029,22.0,97428.54,4428.57,0
2025-09-09,SKU029,32.0,141714.24,4428.57,0
2025-09-10,SKU029,21.0,92999.97,4428.57,0
2025-09-11,SKU029,16.0,70857.12,4428.57,0
2025-09-12,SKU029,24.0,106285.68,4428.57,0
2025-09-13,SKU029,37.0,163857.09,4428.57,0
2025-09-14,SKU029,27.0,119571.39,4428.57,0
2025-09-15,SKU029,22.0,97428.54,4428.57,0
2025-09-16,SKU029,29.0,128428.53,4428.57,0
2025-09-17,SKU029,21.0,92999.97,4428.57,0
2025-09-18,SKU029,29.0,128428.53,4428.57,0
2025-09-19,SKU029,31.0,137285.67,4428.57,0
2025-09-20,SKU029,36.0,159428.52,4428.57,0
2025-09-21,SKU029,24.0,106285.68,4428.57,0
2025-09-22,SKU029,27.0,119571.39,4428.57,0
2025-09-23,SKU029,16.0,70857.12,4428.57,0
2025-09-24,SKU029,48.0,212571.36,4428.57,0
2025-09-25,SKU029,20.0,88571.4,4428.57,0
2025-09-26,SKU029,31.0,137285.67,4428.57,0
2025-09-27,SKU029,21.0,92999.97,4428.57,0
2025-09-28,SKU029,36.0,159428.52,4428.57,0
2025-09-29,SKU029,23.0,101857.11,4428.57,0
2025-09-30,SKU029,23.0,101857.11,4428.57,0
2025-10-01,SKU029,32.0,130377.1,4428.57,1
2025-10-02,SKU029,40.0,162971.38,4428.57,1
2025-10-03,SKU029,29.0,118154.25,4428.57,1
2025-10-04,SKU029,47.0,191491.37,4428.57,1
2025-10-05,SKU029,39.0,158897.09,4428.57,1
2025-10-06,SKU029,46.0,187417.08,4428.57,1
2025-10-07,SKU029,35.0,142599.95,4428.57,1
2025-10-08,SKU029,43.0,175194.23,4428.57,1
2025-10-09,SKU029,36.0,146674.24,4428.57,1
2025-10-10,SKU029,50.0,203714.22,4428.57,1
2025-10-11,SKU029,39.0,172714.23,4428.57,0
2025-10-12,SKU029,33.0,146142.81,4428.57,0
2025-10-13,SKU029,17.0,75285.69,4428.57,0
2025-10-14,SKU029,24.0,106285.68,4428.57,0
2025-10-15,SKU029,19.0,84142.83,4428.57,0
2025-10-16,SKU029,27.0,119571.39,4428.57,0
2025-10-17,SKU029,33.0,146142.81,4428.57,0
2025-10-18,SKU029,21.0,92999.97,4428.57,0
2025-10-19,SKU029,22.0,97428.54,4428.57,0
2025-10-20,SKU029,17.0,75285.69,4428.57,0
2025-10-21,SKU029,23.0,101857.11,4428.57,0
2025-10-22,SKU029,25.0,110714.25,4428.57,0
2025-10-23,SKU029,14.0,61999.98,4428.57,0
2025-10-24,SKU029,35.0,154999.95,4428.57,0
2025-10-25,SKU029,20.0,88571.4,4428.57,0
2025-10-26,SKU029,33.0,146142.81,4428.57,0
2025-10-27,SKU029,22.0,97428.54,4428.57,0
2025-10-28,SKU029,24.0,106285.68,4428.57,0
2025-10-29,SKU029,42.0,185999.94,4428.57,0
2025-10-30,SKU029,30.0,132857.1,4428.57,0
2025-10-31,SKU029,31.0,137285.67,4428.57,0
2025-11-01,SKU029,29.0,128428.53,4428.57,0
2025-11-02,SKU029,26.0,115142.82,4428.57,0
2025-11-03,SKU029,29.0,128428.53,4428.57,0
2025-11-04,SKU029,18.0,79714.26,4428.57,0
2025-11-05,SKU029,21.0,92999.97,4428.57,0
2025-11-06,SKU029,35.0,154999.95,4428.57,0
2025-11-07,SKU029,41.0,181571.37,4428.57,0
2025-11-08,SKU029,30.0,132857.1,4428.57,0
2025-11-09,SKU029,18.0,79714.26,4428.57,0
2025-11-10,SKU029,21.0,92999.97,4428.57,0
2025-11-11,SKU029,22.0,97428.54,4428.57,0
2025-11-12,SKU029,13.0,57571.41,4428.57,0
2025-11-13,SKU029,36.0,159428.52,4428.57,0
2025-11-14,SKU029,43.0,190428.51,4428.57,0
2025-11-15,SKU029,34.0,150571.38,4428.57,0
2025-11-16,SKU029,21.0,92999.97,4428.57,0
2025-11-17,SKU029,23.0,101857.11,4428.57,0
2025-11-18,SKU029,29.0,128428.53,4428.57,0
2025-11-19,SKU029,32.0,141714.24,4428.57,0
2025-11-20,SKU029,38.0,154822.81,4428.57,1
2025-11-21,SKU029,24.0,97782.83,4428.57,1
2025-11-22,SKU029,30.0,122228.53,4428.57,1
2025-11-23,SKU029,30.0,122228.53,4428.57,1
2025-11-24,SKU029,29.0,118154.25,4428.57,1
2025-11-25,SKU029,22.0,89634.26,4428.57,1
2025-11-26,SKU029,37.0,150748.52,4428.57,1
2025-11-27,SKU029,23.0,93708.54,4428.57,1
2025-11-28,SKU029,38.0,154822.81,4428.57,1
2025-11-29,SKU029,41.0,167045.66,4428.57,1
2025-11-30,SKU029,32.0,130377.1,4428.57,1
2025-12-01,SKU029,23.0,101857.11,4428.57,0
2025-12-02,SKU029,30.0,132857.1,4428.57,0
2025-12-03,SKU029,28.0,123999.96,4428.57,0
2025-12-04,SKU029,25.0,110714.25,4428.57,0
2025-12-05,SKU029,13.0,57571.41,4428.57,0
2025-12-06,SKU029,37.0,163857.09,4428.57,0
2025-12-07,SKU029,27.0,119571.39,4428.57,0
2025-12-08,SKU029,27.0,119571.39,4428.57,0
2025-12-09,SKU029,30.0,132857.1,4428.57,0
2025-12-10,SKU029,26.0,115142.82,4428.57,0
2025-12-11,SKU029,31.0,137285.67,4428.57,0
2025-12-12,SKU029,52.0,230285.64,4428.57,0
2025-12-13,SKU029,31.0,137285.67,4428.57,0
2025-12-14,SKU029,23.0,101857.11,4428.57,0
2025-12-15,SKU029,34.0,138525.67,4428.57,1
2025-12-16,SKU029,35.0,142599.95,4428.57,1
2025-12-17,SKU029,37.0,150748.52,4428.57,1
2025-12-18,SKU029,40.0,162971.38,4428.57,1
2025-12-19,SKU029,48.0,195565.65,4428.57,1
2025-12-20,SKU029,41.0,167045.66,4428.57,1
2025-12-21,SKU029,49.0,199639.94,4428.57,1
2025-12-22,SKU029,33.0,134451.39,4428.57,1
2025-12-23,SKU029,37.0,150748.52,4428.57,1
2025-12-24,SKU029,32.0,130377.1,4428.57,1
2025-12-25,SKU029,43.0,175194.23,4428.57,1
2025-12-26,SKU029,53.0,215937.07,4428.57,1
2025-12-27,SKU029,43.0,175194.23,4428.57,1
2025-12-28,SKU029,36.0,146674.24,4428.57,1
2025-12-29,SKU029,23.0,93708.54,4428.57,1
2025-12-30,SKU029,39.0,158897.09,4428.57,1
2025-12-31,SKU029,44.0,179268.51,4428.57,1
2026-01-01,SKU029,24.0,106285.68,4428.57,0
2026-01-02,SKU029,37.0,163857.09,4428.57,0
2026-01-03,SKU029,31.0,137285.67,4428.57,0
2026-01-04,SKU029,30.0,132857.1,4428.57,0
2026-01-05,SKU029,19.0,84142.83,4428.57,0
2026-01-06,SKU029,30.0,132857.1,4428.57,0
2026-01-07,SKU029,22.0,97428.54,4428.57,0
2026-01-08,SKU029,33.0,146142.81,4428.57,0
2026-01-09,SKU029,41.0,181571.37,4428.57,0
2026-01-10,SKU029,33.0,146142.81,4428.57,0
2026-01-11,SKU029,26.0,115142.82,4428.57,0
2026-01-12,SKU029,26.0,115142.82,4428.57,0
2026-01-13,SKU029,19.0,84142.83,4428.57,0
2026-01-14,SKU029,20.0,88571.4,4428.57,0
2026-01-15,SKU029,27.0,119571.39,4428.57,0
2026-01-16,SKU029,28.0,123999.96,4428.57,0
2026-01-17,SKU029,35.0,154999.95,4428.57,0
2026-01-18,SKU029,29.0,128428.53,4428.57,0
2026-01-19,SKU029,30.0,132857.1,4428.57,0
2026-01-20,SKU029,28.0,123999.96,4428.57,0
2026-01-21,SKU029,30.0,132857.1,4428.57,0
2026-01-22,SKU029,40.0,177142.8,4428.57,0
2026-01-23,SKU029,33.0,146142.81,4428.57,0
2026-01-24,SKU029,25.0,110714.25,4428.57,0
2026-01-25,SKU029,23.0,101857.11,4428.57,0
2026-01-26,SKU029,30.0,132857.1,4428.57,0
2026-01-27,SKU029,32.0,141714.24,4428.57,0
2026-01-28,SKU029,37.0,163857.09,4428.57,0
2026-01-29,SKU029,28.0,123999.96,4428.57,0
2026-01-30,SKU029,42.0,185999.94,4428.57,0
2026-01-31,SKU029,35.0,154999.95,4428.57,0
2026-02-01,SKU029,31.0,137285.67,4428.57,0
2026-02-02,SKU029,27.0,119571.39,4428.57,0
2026-02-03,SKU029,29.0,128428.53,4428.57,0
2026-02-04,SKU029,28.0,123999.96,4428.57,0
2026-02-05,SKU029,40.0,177142.8,4428.57,0
2026-02-06,SKU029,41.0,181571.37,4428.57,0
2026-02-07,SKU029,36.0,159428.52,4428.57,0
2026-02-08,SKU029,18.0,79714.26,4428.57,0
2026-02-09,SKU029,29.0,128428.53,4428.57,0
2026-02-10,SKU029,32.0,141714.24,4428.57,0
2026-02-11,SKU029,50.0,221428.5,4428.57,0
2026-02-12,SKU029,42.0,185999.94,4428.57,0
2026-02-13,SKU029,45.0,199285.65,4428.57,0
2026-02-14,SKU029,30.0,132857.1,4428.57,0
2026-02-15,SKU029,30.0,132857.1,4428.57,0
2026-02-16,SKU029,34.0,150571.38,4428.57,0
2026-02-17,SKU029,20.0,88571.4,4428.57,0
2026-02-18,SKU029,25.0,110714.25,4428.57,0
2026-02-19,SKU029,29.0,128428.53,4428.57,0
2026-02-20,SKU029,37.0,163857.09,4428.57,0
2026-02-21,SKU029,31.0,137285.67,4428.57,0
2026-02-22,SKU029,35.0,154999.95,4428.57,0
2026-02-23,SKU029,32.0,141714.24,4428.57,0
2026-02-24,SKU029,20.0,88571.4,4428.57,0
2026-02-25,SKU029,34.0,150571.38,4428.57,0
2026-02-26,SKU029,27.0,119571.39,4428.57,0
2026-02-27,SKU029,27.0,119571.39,4428.57,0
2026-02-28,SKU029,34.0,150571.38,4428.57,0
2026-03-01,SKU029,25.0,110714.25,4428.57,0
2026-03-02,SKU029,19.0,84142.83,4428.57,0
2026-03-03,SKU029,33.0,146142.81,4428.57,0
2026-03-04,SKU029,38.0,168285.66,4428.57,0
2026-03-05,SKU029,24.0,106285.68,4428.57,0
2026-03-06,SKU029,31.0,137285.67,4428.57,0
2026-03-07,SKU029,33.0,146142.81,4428.57,0
2026-03-08,SKU029,21.0,92999.97,4428.57,0
2026-03-09,SKU029,35.0,154999.95,4428.57,0
2026-03-10,SKU029,37.0,163857.09,4428.57,0
2026-03-11,SKU029,27.0,119571.39,4428.57,0
2026-03-12,SKU029,29.0,128428.53,4428.57,0
2026-03-13,SKU029,32.0,141714.24,4428.57,0
2026-03-14,SKU029,41.0,181571.37,4428.57,0
2026-03-15,SKU029,48.0,195565.65,4428.57,1
2026-03-16,SKU029,22.0,89634.26,4428.57,1
2026-03-17,SKU029,28.0,114079.96,4428.57,1
2026-03-18,SKU029,35.0,142599.95,4428.57,1
2026-03-19,SKU029,30.0,122228.53,4428.57,1
2026-03-20,SKU029,31.0,126302.82,4428.57,1
2026-03-21,SKU029,49.0,199639.94,4428.57,1
2026-03-22,SKU029,25.0,101857.11,4428.57,1
2026-03-23,SKU029,38.0,154822.81,4428.57,1
2026-03-24,SKU029,49.0,199639.94,4428.57,1
2026-03-25,SKU029,27.0,110005.68,4428.57,1
2026-03-26,SKU029,24.0,106285.68,4428.57,0
2026-03-27,SKU029,31.0,137285.67,4428.57,0
2026-03-28,SKU029,37.0,163857.09,4428.57,0
2026-03-29,SKU029,28.0,123999.96,4428.57,0
2026-03-30,SKU029,23.0,101857.11,4428.57,0
2026-03-31,SKU029,31.0,137285.67,4428.57,0
2026-04-01,SKU029,39.0,172714.23,4428.57,0
2026-04-02,SKU029,35.0,154999.95,4428.57,0
2026-04-03,SKU029,40.0,177142.8,4428.57,0
2026-04-04,SKU029,42.0,185999.94,4428.57,0
2026-04-05,SKU029,35.0,154999.95,4428.57,0
2026-04-06,SKU029,28.0,123999.96,4428.57,0
2026-04-07,SKU029,37.0,163857.09,4428.57,0
2026-04-08,SKU029,43.0,190428.51,4428.57,0
2026-04-09,SKU029,31.0,137285.67,4428.57,0
2026-04-10,SKU029,31.0,137285.67,4428.57,0
2026-04-11,SKU029,43.0,190428.51,4428.57,0
2026-04-12,SKU029,35.0,154999.95,4428.57,0
2026-04-13,SKU029,31.0,137285.67,4428.57,0
2026-04-14,SKU029,15.0,66428.55,4428.57,0
2026-04-15,SKU029,25.0,110714.25,4428.57,0
2026-04-16,SKU029,21.0,92999.97,4428.57,0
2026-04-17,SKU029,36.0,159428.52,4428.57,0
2026-04-18,SKU029,23.0,101857.11,4428.57,0
2026-04-19,SKU029,24.0,106285.68,4428.57,0
2026-04-20,SKU029,33.0,146142.81,4428.57,0
2026-04-21,SKU029,20.0,88571.4,4428.57,0
2026-04-22,SKU029,29.0,128428.53,4428.57,0
2026-04-23,SKU029,24.0,106285.68,4428.57,0
2026-04-24,SKU029,44.0,194857.08,4428.57,0
2026-04-25,SKU029,28.0,123999.96,4428.57,0
2026-04-26,SKU029,21.0,92999.97,4428.57,0
2026-04-27,SKU029,18.0,79714.26,4428.57,0
2026-04-28,SKU029,30.0,132857.1,4428.57,0
2026-04-29,SKU029,34.0,150571.38,4428.57,0
2026-04-30,SKU029,28.0,123999.96,4428.57,0
2026-05-01,SKU029,23.0,101857.11,4428.57,0
2026-05-02,SKU029,39.0,172714.23,4428.57,0
2026-05-03,SKU029,24.0,106285.68,4428.57,0
2026-05-04,SKU029,23.0,101857.11,4428.57,0
2026-05-05,SKU029,28.0,123999.96,4428.57,0
2026-05-06,SKU029,38.0,168285.66,4428.57,0
2026-05-07,SKU029,37.0,163857.09,4428.57,0
2026-05-08,SKU029,37.0,163857.09,4428.57,0
2026-05-09,SKU029,42.0,185999.94,4428.57,0
2026-05-10,SKU029,19.0,84142.83,4428.57,0
2026-05-11,SKU029,17.0,75285.69,4428.57,0
2026-05-12,SKU029,22.0,97428.54,4428.57,0
2026-05-13,SKU029,21.0,92999.97,4428.57,0
2026-05-14,SKU029,48.0,212571.36,4428.57,0
2026-05-15,SKU029,31.0,137285.67,4428.57,0
2026-05-16,SKU029,23.0,101857.11,4428.57,0
2026-05-17,SKU029,39.0,172714.23,4428.57,0
2026-05-18,SKU029,27.0,119571.39,4428.57,0
2026-05-19,SKU029,37.0,163857.09,4428.57,0
2026-05-20,SKU029,35.0,154999.95,4428.57,0
2026-05-21,SKU029,28.0,123999.96,4428.57,0
2026-05-22,SKU029,33.0,146142.81,4428.57,0
2026-05-23,SKU029,34.0,150571.38,4428.57,0
2026-05-24,SKU029,31.0,137285.67,4428.57,0
2026-05-25,SKU029,29.0,128428.53,4428.57,0
2026-05-26,SKU029,35.0,154999.95,4428.57,0
2026-05-27,SKU029,23.0,101857.11,4428.57,0
2026-05-28,SKU029,37.0,163857.09,4428.57,0
2026-05-29,SKU029,43.0,190428.51,4428.57,0
2026-05-30,SKU029,37.0,163857.09,4428.57,0
2026-05-31,SKU029,36.0,159428.52,4428.57,0
2026-06-01,SKU029,31.0,137285.67,4428.57,0
2026-06-02,SKU029,28.0,123999.96,4428.57,0
2026-06-03,SKU029,35.0,154999.95,4428.57,0
2026-06-04,SKU029,29.0,128428.53,4428.57,0
2026-06-05,SKU029,30.0,132857.1,4428.57,0
2026-06-06,SKU029,26.0,115142.82,4428.57,0
2026-06-07,SKU029,30.0,132857.1,4428.57,0
2026-06-08,SKU029,23.0,101857.11,4428.57,0
2026-06-09,SKU029,37.0,163857.09,4428.57,0
2026-06-10,SKU029,48.0,195565.65,4428.57,1
2026-06-11,SKU029,41.0,167045.66,4428.57,1
2026-06-12,SKU029,64.0,260754.2,4428.57,1
2026-06-13,SKU029,50.0,203714.22,4428.57,1
2026-06-14,SKU029,45.0,183342.8,4428.57,1
2026-06-15,SKU029,42.0,171119.94,4428.57,1
2026-06-16,SKU029,32.0,130377.1,4428.57,1
2026-06-17,SKU029,45.0,183342.8,4428.57,1
2026-06-18,SKU029,37.0,150748.52,4428.57,1
2026-06-19,SKU029,57.0,232234.21,4428.57,1
2026-06-20,SKU029,62.0,252605.63,4428.57,1
2026-06-21,SKU029,30.0,132857.1,4428.57,0
2026-06-22,SKU029,32.0,141714.24,4428.57,0
2026-06-23,SKU029,39.0,172714.23,4428.57,0
2026-06-24,SKU029,41.0,181571.37,4428.57,0
2026-06-25,SKU029,23.0,101857.11,4428.57,0
2026-06-26,SKU029,46.0,203714.22,4428.57,0
2026-06-27,SKU029,35.0,154999.95,4428.57,0
2026-06-28,SKU029,29.0,128428.53,4428.57,0
2026-06-29,SKU029,21.0,92999.97,4428.57,0
2026-06-30,SKU029,30.0,132857.1,4428.57,0
2025-01-01,SKU030,47.0,84373.93,1795.19,0
2025-01-02,SKU030,46.0,82578.74,1795.19,0
2025-01-03,SKU030,53.0,95145.07,1795.19,0
2025-01-04,SKU030,48.0,86169.12,1795.19,0
2025-01-05,SKU030,42.0,75397.98,1795.19,0
2025-01-06,SKU030,43.0,77193.17,1795.19,0
2025-01-07,SKU030,50.0,89759.5,1795.19,0
2025-01-08,SKU030,29.0,52060.51,1795.19,0
2025-01-09,SKU030,46.0,82578.74,1795.19,0
2025-01-10,SKU030,75.0,123868.11,1795.19,1
2025-01-11,SKU030,80.0,132125.98,1795.19,1
2025-01-12,SKU030,56.0,92488.19,1795.19,1
2025-01-13,SKU030,71.0,117261.81,1795.19,1
2025-01-14,SKU030,60.0,99094.49,1795.19,1
2025-01-15,SKU030,50.0,82578.74,1795.19,1
2025-01-16,SKU030,39.0,70012.41,1795.19,0
2025-01-17,SKU030,59.0,105916.21,1795.19,0
2025-01-18,SKU030,44.0,78988.36,1795.19,0
2025-01-19,SKU030,53.0,95145.07,1795.19,0
2025-01-20,SKU030,52.0,93349.88,1795.19,0
2025-01-21,SKU030,38.0,68217.22,1795.19,0
2025-01-22,SKU030,55.0,98735.45,1795.19,0
2025-01-23,SKU030,52.0,93349.88,1795.19,0
2025-01-24,SKU030,76.0,136434.44,1795.19,0
2025-01-25,SKU030,34.0,61036.46,1795.19,0
2025-01-26,SKU030,55.0,98735.45,1795.19,0
2025-01-27,SKU030,42.0,75397.98,1795.19,0
2025-01-28,SKU030,46.0,82578.74,1795.19,0
2025-01-29,SKU030,55.0,98735.45,1795.19,0
2025-01-30,SKU030,26.0,46674.94,1795.19,0
2025-01-31,SKU030,74.0,132844.06,1795.19,0
2025-02-01,SKU030,60.0,107711.4,1795.19,0
2025-02-02,SKU030,34.0,61036.46,1795.19,0
2025-02-03,SKU030,44.0,78988.36,1795.19,0
2025-02-04,SKU030,38.0,68217.22,1795.19,0
2025-02-05,SKU030,55.0,98735.45,1795.19,0
2025-02-06,SKU030,49.0,87964.31,1795.19,0
2025-02-07,SKU030,47.0,84373.93,1795.19,0
2025-02-08,SKU030,55.0,98735.45,1795.19,0
2025-02-09,SKU030,49.0,87964.31,1795.19,0
2025-02-10,SKU030,37.0,66422.03,1795.19,0
2025-02-11,SKU030,34.0,61036.46,1795.19,0
2025-02-12,SKU030,40.0,71807.6,1795.19,0
2025-02-13,SKU030,54.0,96940.26,1795.19,0
2025-02-14,SKU030,43.0,77193.17,1795.19,0
2025-02-15,SKU030,44.0,78988.36,1795.19,0
2025-02-16,SKU030,40.0,71807.6,1795.19,0
2025-02-17,sku030,44.0,78988.36,1795.19,0
2025-02-18,SKU030,47.0,84373.93,1795.19,0
2025-02-19,SKU030,57.0,102325.83,1795.19,0
2025-02-20,SKU030,40.0,71807.6,1795.19,0
2025-02-21,SKU030,52.0,93349.88,1795.19,0
2025-02-22,SKU030,70.0,125663.3,1795.19,0
2025-02-23,SKU030,43.0,77193.17,1795.19,0
2025-02-24,SKU030,44.0,78988.36,1795.19,0
2025-02-25,SKU030,48.0,86169.12,1795.19,0
2025-02-26,SKU030,37.0,66422.03,1795.19,0
2025-02-27,SKU030,60.0,107711.4,1795.19,0
2025-02-28,SKU030,77.0,138229.63,1795.19,0
2025-03-01,SKU030,44.0,78988.36,1795.19,0
2025-03-02,SKU030,55.0,98735.45,1795.19,0
2025-03-03,SKU030,44.0,78988.36,1795.19,0
2025-03-04,SKU030,37.0,66422.03,1795.19,0
2025-03-05,SKU030,49.0,87964.31,1795.19,0
2025-03-06,SKU030,46.0,82578.74,1795.19,0
2025-03-07,SKU030,56.0,100530.64,1795.19,0
2025-03-08,SKU030,49.0,87964.31,1795.19,0
2025-03-09,SKU030,64.0,114892.16,1795.19,0
2025-03-10,SKU030,43.0,77193.17,1795.19,0
2025-03-11,SKU030,50.0,89759.5,1795.19,0
2025-03-12,SKU030,19.0,34108.61,1795.19,0
2025-03-13,SKU030,41.0,73602.79,1795.19,0
2025-03-14,SKU030,62.0,111301.78,1795.19,0
2025-03-15,SKU030,37.0,66422.03,1795.19,0
2025-03-16,SKU030,29.0,52060.51,1795.19,0
2025-03-17,SKU030,30.0,53855.7,1795.19,0
2025-03-18,SKU030,34.0,61036.46,1795.19,0
2025-03-19,SKU030,56.0,100530.64,1795.19,0
2025-03-20,SKU030,54.0,89185.04,1795.19,1
2025-03-21,SKU030,59.0,97442.91,1795.19,1
2025-03-22,SKU030,80.0,132125.98,1795.19,1
2025-03-23,SKU030,64.0,105700.79,1795.19,1
2025-03-24,SKU030,60.0,99094.49,1795.19,1
2025-03-25,SKU030,57.0,94139.76,1795.19,1
2025-03-26,SKU030,66.0,109003.94,1795.19,1
2025-03-27,SKU030,52.0,85881.89,1795.19,1
2025-03-28,SKU030,38.0,68217.22,1795.19,0
2025-03-29,SKU030,60.0,107711.4,1795.19,0
2025-03-30,SKU030,49.0,87964.31,1795.19,0
2025-03-31,SKU030,47.0,84373.93,1795.19,0
2025-04-01,SKU030,57.0,102325.83,1795.19,0
2025-04-02,SKU030,40.0,71807.6,1795.19,0
2025-04-03,SKU030,45.0,80783.55,1795.19,0
2025-04-04,SKU030,53.0,95145.07,1795.19,0
2025-04-05,SKU030,42.0,75397.98,1795.19,0
2025-04-06,SKU030,44.0,78988.36,1795.19,0
2025-04-07,SKU030,53.0,95145.07,1795.19,0
2025-04-08,SKU030,40.0,71807.6,1795.19,0
2025-04-09,SKU030,43.0,77193.17,1795.19,0
2025-04-10,SKU030,50.0,89759.5,1795.19,0
2025-04-11,SKU030,67.0,120277.73,1795.19,0
2025-04-12,SKU030,52.0,93349.88,1795.19,0
2025-04-13,SKU030,42.0,75397.98,1795.19,0
2025-04-14,SKU030,37.0,66422.03,1795.19,0
2025-04-15,SKU030,46.0,82578.74,1795.19,0
2025-04-16,SKU030,36.0,64626.84,1795.19,0
2025-04-17,SKU030,54.0,96940.26,1795.19,0
2025-04-18,SKU030,51.0,91554.69,1795.19,0
2025-04-19,SKU030,63.0,113096.97,1795.19,0
2025-04-20,SKU030,24.0,43084.56,1795.19,0
2025-04-21,SKU030,33.0,59241.27,1795.19,0
2025-04-22,SKU030,67.0,120277.73,1795.19,0
2025-04-23,SKU030,38.0,68217.22,1795.19,0
2025-04-24,SKU030,34.0,61036.46,1795.19,0
2025-04-25,SKU030,44.0,78988.36,1795.19,0
2025-04-26,SKU030,65.0,116687.35,1795.19,0
2025-04-27,SKU030,50.0,89759.5,1795.19,0
2025-04-28,SKU030,27.0,48470.13,1795.19,0
2025-04-29,SKU030,44.0,78988.36,1795.19,0
2025-04-30,SKU030,38.0,68217.22,1795.19,0
2025-05-01,SKU030,60.0,107711.4,1795.19,0
2025-05-02,SKU030,42.0,75397.98,1795.19,0
2025-05-03,SKU030,43.0,77193.17,1795.19,0
2025-05-04,SKU030,34.0,61036.46,1795.19,0
2025-05-05,SKU030,43.0,77193.17,1795.19,0
2025-05-06,SKU030,49.0,87964.31,1795.19,0
2025-05-07,SKU030,47.0,84373.93,1795.19,0
2025-05-08,SKU030,43.0,77193.17,1795.19,0
2025-05-09,SKU030,47.0,84373.93,1795.19,0
2025-05-10,SKU030,48.0,86169.12,1795.19,0
2025-05-11,SKU030,41.0,73602.79,1795.19,0
2025-05-12,SKU030,35.0,62831.65,1795.19,0
2025-05-13,SKU030,39.0,70012.41,1795.19,0
2025-05-14,SKU030,53.0,95145.07,1795.19,0
2025-05-15,SKU030,54.0,96940.26,1795.19,0
2025-05-16,SKU030,68.0,122072.92,1795.19,0
2025-05-17,SKU030,58.0,104121.02,1795.19,0
2025-05-18,SKU030,39.0,70012.41,1795.19,0
2025-05-19,SKU030,37.0,66422.03,1795.19,0
2025-05-20,SKU030,42.0,75397.98,1795.19,0
2025-05-21,SKU030,34.0,61036.46,1795.19,0
2025-05-22,SKU030,50.0,89759.5,1795.19,0
2025-05-23,SKU030,37.0,66422.03,1795.19,0
2025-05-24,SKU030,33.0,59241.27,1795.19,0
2025-05-25,SKU030,51.0,91554.69,1795.19,0
2025-05-26,SKU030,54.0,96940.26,1795.19,0
2025-05-27,SKU030,30.0,53855.7,1795.19,0
2025-05-28,SKU030,49.0,87964.31,1795.19,0
2025-05-29,SKU030,45.0,80783.55,1795.19,0
2025-05-30,SKU030,51.0,91554.69,1795.19,0
2025-05-31,SKU030,50.0,89759.5,1795.19,0
2025-06-01,SKU030,39.0,70012.41,1795.19,0
2025-06-02,SKU030,43.0,77193.17,1795.19,0
2025-06-03,SKU030,63.0,113096.97,1795.19,0
2025-06-04,SKU030,60.0,107711.4,1795.19,0
2025-06-05,SKU030,37.0,66422.03,1795.19,0
2025-06-06,SKU030,63.0,113096.97,1795.19,0
2025-06-07,SKU030,49.0,87964.31,1795.19,0
2025-06-08,SKU030,54.0,96940.26,1795.19,0
2025-06-09,SKU030,41.0,73602.79,1795.19,0
2025-06-10,SKU030,52.0,85881.89,1795.19,1
2025-06-11,SKU030,60.0,99094.49,1795.19,1
2025-06-12,SKU030,82.0,135429.13,1795.19,1
2025-06-13,SKU030,79.0,130474.41,1795.19,1
2025-06-14,SKU030,83.0,137080.71,1795.19,1
2025-06-15,SKU030,71.0,117261.81,1795.19,1
2025-06-16,SKU030,75.0,123868.11,1795.19,1
2025-06-17,SKU030,90.0,148641.73,1795.19,1
2025-06-18,SKU030,82.0,135429.13,1795.19,1
2025-06-19,SKU030,72.0,118913.39,1795.19,1
2025-06-20,SKU030,80.0,132125.98,1795.19,1
2025-06-21,SKU030,61.0,109506.59,1795.19,0
2025-06-22,SKU030,49.0,87964.31,1795.19,0
2025-06-23,SKU030,61.0,109506.59,1795.19,0
2025-06-24,SKU030,60.0,107711.4,1795.19,0
2025-06-25,SKU030,60.0,107711.4,1795.19,0
2025-06-26,SKU030,47.0,84373.93,1795.19,0
2025-06-27,SKU030,71.0,127458.49,1795.19,0
2025-06-28,SKU030,61.0,109506.59,1795.19,0
2025-06-29,SKU030,47.0,84373.93,1795.19,0
2025-06-30,SKU030,39.0,70012.41,1795.19,0
2025-07-01,SKU030,45.0,80783.55,1795.19,0
2025-07-02,SKU030,55.0,98735.45,1795.19,0
2025-07-03,SKU030,57.0,102325.83,1795.19,0
2025-07-04,SKU030,54.0,96940.26,1795.19,0
2025-07-05,SKU030,47.0,84373.93,1795.19,0
2025-07-06,SKU030,42.0,75397.98,1795.19,0
2025-07-07,SKU030,48.0,86169.12,1795.19,0
2025-07-08,SKU030,49.0,87964.31,1795.19,0
2025-07-09,SKU030,39.0,70012.41,1795.19,0
2025-07-10,SKU030,46.0,82578.74,1795.19,0
2025-07-11,SKU030,52.0,93349.88,1795.19,0
2025-07-12,SKU030,72.0,129253.68,1795.19,0
2025-07-13,SKU030,40.0,71807.6,1795.19,0
2025-07-14,SKU030,45.0,80783.55,1795.19,0
2025-07-15,SKU030,54.0,96940.26,1795.19,0
2025-07-16,SKU030,36.0,64626.84,1795.19,0
2025-07-17,SKU030,66.0,118482.54,1795.19,0
2025-07-18,SKU030,69.0,123868.11,1795.19,0
2025-07-19,SKU030,57.0,102325.83,1795.19,0
2025-07-20,SKU030,49.0,87964.31,1795.19,0
2025-07-21,SKU030,45.0,80783.55,1795.19,0
2025-07-22,SKU030,57.0,102325.83,1795.19,0
2025-07-23,SKU030,45.0,80783.55,1795.19,0
2025-07-24,SKU030,50.0,89759.5,1795.19,0
2025-07-25,SKU030,48.0,86169.12,1795.19,0
2025-07-26,SKU030,68.0,122072.92,1795.19,0
2025-07-27,SKU030,45.0,80783.55,1795.19,0
2025-07-28,SKU030,59.0,105916.21,1795.19,0
2025-07-29,SKU030,69.0,123868.11,1795.19,0
2025-07-30,SKU030,65.0,116687.35,1795.19,0
2025-07-31,SKU030,58.0,104121.02,1795.19,0
2025-08-01,SKU030,54.0,96940.26,1795.19,0
2025-08-02,SKU030,57.0,102325.83,1795.19,0
2025-08-03,SKU030,52.0,93349.88,1795.19,0
2025-08-04,SKU030,46.0,82578.74,1795.19,0
2025-08-05,SKU030,39.0,70012.41,1795.19,0
2025-08-06,SKU030,58.0,104121.02,1795.19,0
2025-08-07,SKU030,67.0,120277.73,1795.19,0
2025-08-08,SKU030,48.0,86169.12,1795.19,0
2025-08-09,SKU030,67.0,120277.73,1795.19,0
2025-08-10,SKU030,42.0,75397.98,1795.19,0
2025-08-11,SKU030,54.0,96940.26,1795.19,0
2025-08-12,SKU030,55.0,98735.45,1795.19,0
2025-08-13,SKU030,52.0,93349.88,1795.19,0
2025-08-14,SKU030,44.0,78988.36,1795.19,0
2025-08-15,SKU030,82.0,147205.58,1795.19,0
2025-08-16,SKU030,42.0,75397.98,1795.19,0
2025-08-17,SKU030,52.0,93349.88,1795.19,0
2025-08-18,SKU030,30.0,53855.7,1795.19,0
2025-08-19,SKU030,34.0,61036.46,1795.19,0
2025-08-20,SKU030,29.0,52060.51,1795.19,0
2025-08-21,SKU030,36.0,64626.84,1795.19,0
2025-08-22,SKU030,59.0,105916.21,1795.19,0
2025-08-23,SKU030,58.0,104121.02,1795.19,0
2025-08-24,SKU030,58.0,104121.02,1795.19,0
2025-08-25,SKU030,48.0,86169.12,1795.19,0
2025-08-26,SKU030,50.0,89759.5,1795.19,0
2025-08-27,SKU030,43.0,77193.17,1795.19,0
2025-08-28,SKU030,47.0,84373.93,1795.19,0
2025-08-29,SKU030,45.0,80783.55,1795.19,0
2025-08-30,SKU030,70.0,125663.3,1795.19,0
2025-08-31,SKU030,48.0,86169.12,1795.19,0
2025-09-01,SKU030,41.0,73602.79,1795.19,0
2025-09-02,SKU030,53.0,95145.07,1795.19,0
2025-09-03,SKU030,39.0,70012.41,1795.19,0
2025-09-04,SKU030,32.0,57446.08,1795.19,0
2025-09-05,SKU030,47.0,84373.93,1795.19,0
2025-09-06,SKU030,60.0,107711.4,1795.19,0
2025-09-07,SKU030,45.0,80783.55,1795.19,0
2025-09-08,SKU030,43.0,77193.17,1795.19,0
2025-09-09,SKU030,39.0,70012.41,1795.19,0
2025-09-10,SKU030,57.0,102325.83,1795.19,0
2025-09-11,SKU030,38.0,68217.22,1795.19,0
2025-09-12,SKU030,39.0,70012.41,1795.19,0
2025-09-13,SKU030,44.0,78988.36,1795.19,0
2025-09-14,SKU030,42.0,75397.98,1795.19,0
2025-09-15,SKU030,38.0,68217.22,1795.19,0
2025-09-16,SKU030,40.0,71807.6,1795.19,0
2025-09-17,SKU030,44.0,78988.36,1795.19,0
2025-09-18,SKU030,35.0,62831.65,1795.19,0
2025-09-19,SKU030,73.0,131048.87,1795.19,0
2025-09-20,SKU030,55.0,98735.45,1795.19,0
2025-09-21,SKU030,43.0,77193.17,1795.19,0
2025-09-22,SKU030,52.0,93349.88,1795.19,0
2025-09-23,SKU030,30.0,53855.7,1795.19,0
2025-09-24,SKU030,50.0,89759.5,1795.19,0
2025-09-25,SKU030,36.0,64626.84,1795.19,0
2025-09-26,SKU030,60.0,107711.4,1795.19,0
2025-09-27,SKU030,64.0,114892.16,1795.19,0
2025-09-28,SKU030,37.0,66422.03,1795.19,0
2025-09-29,SKU030,63.0,113096.97,1795.19,0
2025-09-30,SKU030,61.0,109506.59,1795.19,0
2025-10-01,SKU030,62.0,102397.64,1795.19,1
2025-10-02,SKU030,62.0,102397.64,1795.19,1
2025-10-03,SKU030,79.0,130474.41,1795.19,1
2025-10-04,SKU030,91.0,150293.31,1795.19,1
2025-10-05,SKU030,64.0,105700.79,1795.19,1
2025-10-06,SKU030,45.0,74320.87,1795.19,1
2025-10-07,SKU030,58.0,95791.34,1795.19,1
2025-10-08,SKU030,58.0,95791.34,1795.19,1
2025-10-09,SKU030,59.0,97442.91,1795.19,1
2025-10-10,SKU030,78.0,128822.83,1795.19,1
2025-10-11,SKU030,63.0,113096.97,1795.19,0
2025-10-12,SKU030,45.0,80783.55,1795.19,0
2025-10-13,SKU030,43.0,77193.17,1795.19,0
2025-10-14,SKU030,29.0,52060.51,1795.19,0
2025-10-15,SKU030,63.0,113096.97,1795.19,0
2025-10-16,SKU030,38.0,68217.22,1795.19,0
2025-10-17,SKU030,51.0,91554.69,1795.19,0
2025-10-18,SKU030,49.0,87964.31,1795.19,0
2025-10-19,SKU030,44.0,78988.36,1795.19,0
2025-10-20,SKU030,39.0,70012.41,1795.19,0
2025-10-21,SKU030,53.0,95145.07,1795.19,0
2025-10-22,SKU030,39.0,70012.41,1795.19,0
2025-10-23,SKU030,54.0,96940.26,1795.19,0
2025-10-24,SKU030,55.0,98735.45,1795.19,0
2025-10-25,SKU030,44.0,78988.36,1795.19,0
2025-10-26,SKU030,38.0,68217.22,1795.19,0
2025-10-27,SKU030,45.0,80783.55,1795.19,0
2025-10-28,SKU030,68.0,122072.92,1795.19,0
2025-10-29,SKU030,36.0,64626.84,1795.19,0
2025-10-30,SKU030,56.0,100530.64,1795.19,0
2025-10-31,SKU030,44.0,78988.36,,0
2025-11-01,SKU030,61.0,109506.59,1795.19,0
2025-11-02,SKU030,48.0,86169.12,1795.19,0
2025-11-03,SKU030,33.0,59241.27,1795.19,0
2025-11-04,SKU030,,68217.22,1795.19,0
2025-11-05,SKU030,54.0,96940.26,1795.19,0
2025-11-06,SKU030,31.0,55650.89,1795.19,0
2025-11-07,SKU030,58.0,104121.02,1795.19,0
2025-11-08,SKU030,54.0,96940.26,1795.19,0
2025-11-09,SKU030,51.0,91554.69,1795.19,0
2025-11-10,SKU030,46.0,82578.74,1795.19,0
2025-11-11,SKU030,53.0,95145.07,1795.19,0
2025-11-12,SKU030,37.0,66422.03,1795.19,0
2025-11-13,SKU030,37.0,66422.03,1795.19,0
2025-11-14,SKU030,43.0,77193.17,1795.19,0
2025-11-15,SKU030,60.0,107711.4,1795.19,0
2025-11-16,SKU030,42.0,75397.98,1795.19,0
2025-11-17,SKU030,38.0,68217.22,1795.19,0
2025-11-18,SKU030,40.0,71807.6,1795.19,0
2025-11-19,SKU030,46.0,82578.74,1795.19,0
2025-11-20,SKU030,69.0,113958.66,1795.19,1
2025-11-21,SKU030,59.0,97442.91,1795.19,1
2025-11-22,SKU030,92.0,151944.88,1795.19,1
2025-11-23,SKU030,43.0,71017.72,1795.19,1
2025-11-24,SKU030,55.0,90836.61,1795.19,1
2025-11-25,SKU030,65.0,107352.36,1795.19,1
2025-11-26,SKU030,64.0,105700.79,1795.19,1
2025-11-27,SKU030,47.0,77624.02,1795.19,1
2025-11-28,SKU030,65.0,107352.36,1795.19,1
2025-11-29,SKU030,54.0,89185.04,1795.19,1
2025-11-30,SKU030,56.0,92488.19,1795.19,1
2025-12-01,SKU030,39.0,70012.41,1795.19,0
2025-12-02,SKU030,53.0,95145.07,1795.19,0
2025-12-03,SKU030,52.0,93349.88,1795.19,0
2025-12-04,SKU030,51.0,91554.69,1795.19,0
2025-12-05,SKU030,42.0,75397.98,1795.19,0
2025-12-06,SKU030,66.0,118482.54,1795.19,0
2025-12-07,sku030,50.0,89759.5,1795.19,0
2025-12-08,SKU030,65.0,116687.35,1795.19,0
2025-12-09,SKU030,56.0,100530.64,1795.19,0
2025-12-10,SKU030,42.0,75397.98,1795.19,0
2025-12-11,SKU030,60.0,107711.4,1795.19,0
2025-12-12,SKU030,58.0,104121.02,1795.19,0
2025-12-13,SKU030,62.0,111301.78,1795.19,0
2025-12-14,SKU030,42.0,75397.98,1795.19,0
2025-12-15,SKU030,45.0,74320.87,1795.19,1
2025-12-16,SKU030,92.0,151944.88,1795.19,1
2025-12-17,SKU030,78.0,128822.83,1795.19,1
2025-12-18,SKU030,80.0,132125.98,1795.19,1
2025-12-19,SKU030,90.0,148641.73,1795.19,1
2025-12-20,SKU030,87.0,143687.01,1795.19,1
2025-12-21,SKU030,62.0,102397.64,1795.19,1
2025-12-22,SKU030,57.0,94139.76,1795.19,1
2025-12-23,SKU030,72.0,118913.39,1795.19,1
2025-12-24,SKU030,61.0,100746.06,1795.19,1
2025-12-25,SKU030,87.0,143687.01,1795.19,1
2025-12-26,SKU030,77.0,127171.26,1795.19,1
2025-12-27,SKU030,75.0,123868.11,1795.19,1
2025-12-28,SKU030,83.0,137080.71,1795.19,1
2025-12-29,SKU030,45.0,74320.87,1795.19,1
2025-12-30,SKU030,64.0,105700.79,1795.19,1
2025-12-31,SKU030,74.0,122216.54,1795.19,1
2026-01-01,SKU030,66.0,118482.54,1795.19,0
2026-01-02,SKU030,53.0,95145.07,1795.19,0
2026-01-03,SKU030,61.0,109506.59,,0
2026-01-04,SKU030,58.0,104121.02,1795.19,0
2026-01-05,SKU030,36.0,64626.84,1795.19,0
2026-01-06,SKU030,51.0,91554.69,1795.19,0
2026-01-07,SKU030,60.0,107711.4,1795.19,0
2026-01-08,SKU030,54.0,96940.26,1795.19,0
2026-01-09,SKU030,42.0,75397.98,1795.19,0
2026-01-10,SKU030,62.0,111301.78,1795.19,0
2026-01-11,SKU030,41.0,73602.79,1795.19,0
2026-01-12,SKU030,41.0,73602.79,1795.19,0
2026-01-13,SKU030,64.0,114892.16,1795.19,0
2026-01-14,SKU030,53.0,95145.07,1795.19,0
2026-01-15,SKU030,44.0,78988.36,1795.19,0
2026-01-16,SKU030,43.0,77193.17,1795.19,0
2026-01-17,SKU030,72.0,129253.68,1795.19,0
2026-01-18,SKU030,57.0,102325.83,1795.19,0
2026-01-19,SKU030,49.0,87964.31,1795.19,0
2026-01-20,SKU030,65.0,116687.35,1795.19,0
2026-01-21,SKU030,54.0,96940.26,1795.19,0
2026-01-22,SKU030,56.0,100530.64,1795.19,0
2026-01-23,SKU030,58.0,104121.02,1795.19,0
2026-01-24,SKU030,49.0,87964.31,1795.19,0
2026-01-25,SKU030,49.0,87964.31,1795.19,0
2026-01-26,SKU030,43.0,77193.17,1795.19,0
2026-01-27,SKU030,51.0,91554.69,1795.19,0
2026-01-28,SKU030,44.0,78988.36,1795.19,0
2026-01-29,SKU030,64.0,114892.16,1795.19,0
2026-01-30,SKU030,58.0,104121.02,1795.19,0
2026-01-31,SKU030,38.0,68217.22,1795.19,0
2026-02-01,SKU030,50.0,89759.5,1795.19,0
2026-02-02,SKU030,58.0,104121.02,1795.19,0
2026-02-03,SKU030,47.0,84373.93,1795.19,0
2026-02-04,SKU030,48.0,86169.12,1795.19,0
2026-02-05,SKU030,55.0,98735.45,1795.19,0
2026-02-06,SKU030,67.0,120277.73,1795.19,0
2026-02-07,SKU030,54.0,96940.26,1795.19,0
2026-02-08,SKU030,41.0,73602.79,1795.19,0
2026-02-09,SKU030,49.0,87964.31,1795.19,0
2026-02-10,SKU030,53.0,95145.07,1795.19,0
2026-02-11,SKU030,71.0,127458.49,1795.19,0
2026-02-12,SKU030,40.0,71807.6,1795.19,0
2026-02-13,SKU030,39.0,70012.41,1795.19,0
2026-02-14,SKU030,63.0,113096.97,1795.19,0
2026-02-15,SKU030,58.0,104121.02,1795.19,0
2026-02-16,SKU030,51.0,91554.69,1795.19,0
2026-02-17,SKU030,48.0,86169.12,1795.19,0
2026-02-18,SKU030,38.0,68217.22,1795.19,0
2026-02-19,SKU030,44.0,78988.36,1795.19,0
2026-02-20,SKU030,64.0,114892.16,1795.19,0
2026-02-21,SKU030,67.0,120277.73,1795.19,0
2026-02-22,SKU030,37.0,66422.03,1795.19,0
2026-02-23,SKU030,49.0,87964.31,1795.19,0
2026-02-24,SKU030,69.0,123868.11,1795.19,0
2026-02-25,SKU030,56.0,100530.64,1795.19,0
2026-02-26,SKU030,73.0,131048.87,1795.19,0
2026-02-27,SKU030,55.0,98735.45,1795.19,0
2026-02-28,SKU030,61.0,109506.59,1795.19,0
2026-03-01,SKU030,70.0,125663.3,1795.19,0
2026-03-02,SKU030,47.0,84373.93,1795.19,0
2026-03-03,SKU030,62.0,111301.78,1795.19,0
2026-03-04,SKU030,26.0,46674.94,1795.19,0
2026-03-05,SKU030,40.0,71807.6,1795.19,0
2026-03-06,SKU030,56.0,100530.64,1795.19,0
2026-03-07,SKU030,39.0,70012.41,1795.19,0
2026-03-08,SKU030,53.0,95145.07,1795.19,0
2026-03-09,SKU030,40.0,71807.6,1795.19,0
2026-03-10,SKU030,29.0,52060.51,1795.19,0
2026-03-11,SKU030,46.0,82578.74,1795.19,0
2026-03-12,SKU030,50.0,89759.5,1795.19,0
2026-03-13,SKU030,53.0,95145.07,1795.19,0
2026-03-14,SKU030,45.0,80783.55,1795.19,0
2026-03-15,SKU030,64.0,105700.79,1795.19,1
2026-03-16,SKU030,60.0,99094.49,1795.19,1
2026-03-17,SKU030,57.0,94139.76,1795.19,1
2026-03-18,SKU030,67.0,110655.51,1795.19,1
2026-03-19,SKU030,52.0,85881.89,1795.19,1
2026-03-20,SKU030,93.0,153596.46,1795.19,1
2026-03-21,SKU030,70.0,115610.24,1795.19,1
2026-03-22,SKU030,55.0,90836.61,1795.19,1
2026-03-23,SKU030,52.0,85881.89,1795.19,1
2026-03-24,SKU030,50.0,82578.74,1795.19,1
2026-03-25,SKU030,48.0,79275.59,1795.19,1
2026-03-26,SKU030,38.0,68217.22,1795.19,0
2026-03-27,SKU030,57.0,102325.83,1795.19,0
2026-03-28,SKU030,53.0,95145.07,1795.19,0
2026-03-29,SKU030,54.0,96940.26,1795.19,0
2026-03-30,SKU030,44.0,78988.36,1795.19,0
2026-03-31,SKU030,56.0,100530.64,1795.19,0
2026-04-01,SKU030,52.0,93349.88,1795.19,0
2026-04-02,SKU030,47.0,84373.93,1795.19,0
2026-04-03,SKU030,57.0,102325.83,1795.19,0
2026-04-04,SKU030,56.0,100530.64,1795.19,0
2026-04-05,SKU030,49.0,87964.31,1795.19,0
2026-04-06,SKU030,42.0,75397.98,1795.19,0
2026-04-07,SKU030,43.0,77193.17,1795.19,0
2026-04-08,SKU030,30.0,53855.7,1795.19,0
2026-04-09,SKU030,47.0,84373.93,1795.19,0
2026-04-10,SKU030,48.0,86169.12,1795.19,0
2026-04-11,SKU030,63.0,113096.97,1795.19,0
2026-04-12,SKU030,47.0,84373.93,1795.19,0
2026-04-13,SKU030,48.0,86169.12,1795.19,0
2026-04-14,SKU030,44.0,78988.36,1795.19,0
2026-04-15,SKU030,43.0,77193.17,1795.19,0
2026-04-16,SKU030,58.0,104121.02,1795.19,0
2026-04-17,SKU030,49.0,87964.31,1795.19,0
2026-04-18,SKU030,55.0,98735.45,1795.19,0
2026-04-19,SKU030,57.0,102325.83,1795.19,0
2026-04-20,SKU030,36.0,64626.84,1795.19,0
2026-04-21,SKU030,44.0,78988.36,1795.19,0
2026-04-22,SKU030,57.0,102325.83,1795.19,0
2026-04-23,SKU030,57.0,102325.83,1795.19,0
2026-04-24,SKU030,44.0,78988.36,1795.19,0
2026-04-25,SKU030,42.0,75397.98,1795.19,0
2026-04-26,SKU030,62.0,111301.78,1795.19,0
2026-04-27,SKU030,56.0,100530.64,1795.19,0
2026-04-28,SKU030,38.0,68217.22,1795.19,0
2026-04-29,SKU030,39.0,70012.41,1795.19,0
2026-04-30,SKU030,60.0,107711.4,1795.19,0
2026-05-01,SKU030,50.0,89759.5,1795.19,0
2026-05-02,SKU030,39.0,70012.41,1795.19,0
2026-05-03,SKU030,62.0,111301.78,1795.19,0
2026-05-04,SKU030,47.0,84373.93,1795.19,0
2026-05-05,SKU030,42.0,75397.98,1795.19,0
2026-05-06,SKU030,40.0,71807.6,1795.19,0
2026-05-07,SKU030,56.0,100530.64,1795.19,0
2026-05-08,SKU030,56.0,100530.64,1795.19,0
2026-05-09,SKU030,48.0,86169.12,1795.19,0
2026-05-10,SKU030,44.0,78988.36,1795.19,0
2026-05-11,SKU030,37.0,66422.03,1795.19,0
2026-05-12,SKU030,43.0,77193.17,1795.19,0
2026-05-13,SKU030,43.0,77193.17,1795.19,0
2026-05-14,SKU030,46.0,82578.74,1795.19,0
2026-05-15,SKU030,61.0,109506.59,1795.19,0
2026-05-16,SKU030,56.0,100530.64,1795.19,0
2026-05-17,SKU030,53.0,95145.07,1795.19,0
2026-05-18,SKU030,43.0,77193.17,1795.19,0
2026-05-19,SKU030,59.0,105916.21,1795.19,0
2026-05-20,SKU030,41.0,73602.79,1795.19,0
2026-05-21,SKU030,42.0,75397.98,1795.19,0
2026-05-22,SKU030,42.0,75397.98,1795.19,0
2026-05-23,SKU030,62.0,111301.78,1795.19,0
2026-05-24,SKU030,50.0,89759.5,1795.19,0
2026-05-25,SKU030,51.0,91554.69,1795.19,0
2026-05-26,SKU030,55.0,98735.45,1795.19,0
2026-05-27,SKU030,52.0,93349.88,1795.19,0
2026-05-28,SKU030,43.0,77193.17,1795.19,0
2026-05-29,SKU030,70.0,125663.3,1795.19,0
2026-05-30,SKU030,55.0,98735.45,1795.19,0
2026-05-31,SKU030,59.0,105916.21,1795.19,0
2026-06-01,SKU030,69.0,123868.11,1795.19,0
2026-06-02,SKU030,67.0,120277.73,1795.19,0
2026-06-03,SKU030,61.0,109506.59,1795.19,0
2026-06-04,SKU030,67.0,120277.73,1795.19,0
2026-06-05,SKU030,69.0,123868.11,1795.19,0
2026-06-06,SKU030,78.0,140024.82,1795.19,0
2026-06-07,SKU030,57.0,102325.83,1795.19,0
2026-06-08,SKU030,55.0,98735.45,1795.19,0
2026-06-09,SKU030,47.0,84373.93,1795.19,0
2026-06-10,SKU030,81.0,133777.56,1795.19,1
2026-06-11,SKU030,82.0,135429.13,1795.19,1
2026-06-12,SKU030,79.0,130474.41,,1
2026-06-13,SKU030,93.0,153596.46,1795.19,1
2026-06-14,SKU030,67.0,110655.51,1795.19,1
2026-06-15,SKU030,70.0,115610.24,1795.19,1
2026-06-16,SKU030,79.0,130474.41,1795.19,1
2026-06-17,SKU030,71.0,117261.81,1795.19,1
2026-06-18,SKU030,71.0,117261.81,1795.19,1
2026-06-19,SKU030,87.0,143687.01,1795.19,1
2026-06-20,SKU030,91.0,150293.31,1795.19,1
2026-06-21,SKU030,56.0,100530.64,1795.19,0
2026-06-22,SKU030,44.0,78988.36,1795.19,0
2026-06-23,SKU030,58.0,104121.02,1795.19,0
2026-06-24,SKU030,57.0,102325.83,1795.19,0
2026-06-25,SKU030,41.0,73602.79,1795.19,0
2026-06-26,SKU030,57.0,102325.83,1795.19,0
2026-06-27,SKU030,77.0,138229.63,1795.19,0
2026-06-28,SKU030,53.0,95145.07,1795.19,0
2026-06-29,SKU030,46.0,82578.74,1795.19,0
2026-06-30,SKU030,52.0,93349.88,1795.19,0
2025-03-03,SKU031,20.0,59116.8,2955.84,0
2025-03-04,SKU031,13.0,38425.92,2955.84,0
2025-03-05,SKU031,12.0,35470.08,2955.84,0
2025-03-06,SKU031,14.0,41381.76,2955.84,0
2025-03-07,SKU031,12.0,35470.08,2955.84,0
2025-03-08,SKU031,14.0,41381.76,2955.84,0
2025-03-09,SKU031,11.0,32514.24,2955.84,0
2025-03-10,SKU031,19.0,56160.96,2955.84,0
2025-03-11,SKU031,13.0,38425.92,2955.84,0
2025-03-12,SKU031,16.0,47293.44,2955.84,0
2025-03-13,SKU031,11.0,32514.24,2955.84,0
2025-03-14,SKU031,22.0,65028.48,2955.84,0
2025-03-15,SKU031,24.0,70940.16,2955.84,0
2025-03-16,SKU031,21.0,62072.64,2955.84,0
2025-03-17,SKU031,14.0,41381.76,2955.84,0
2025-03-18,SKU031,23.0,67984.32,2955.84,0
2025-03-19,SKU031,16.0,47293.44,2955.84,0
2025-03-20,SKU031,10.0,27193.73,2955.84,1
2025-03-21,SKU031,26.0,70703.69,2955.84,1
2025-03-22,SKU031,20.0,54387.46,2955.84,1
2025-03-23,SKU031,24.0,65264.95,2955.84,1
2025-03-24,SKU031,16.0,43509.96,2955.84,1
2025-03-25,SKU031,19.0,51668.08,2955.84,1
2025-03-26,SKU031,26.0,70703.69,2955.84,1
2025-03-27,SKU031,22.0,59826.2,2955.84,1
2025-03-28,SKU031,22.0,65028.48,2955.84,0
2025-03-29,SKU031,18.0,53205.12,2955.84,0
2025-03-30,SKU031,15.0,44337.6,2955.84,0
2025-03-31,SKU031,10.0,29558.4,2955.84,0
2025-04-01,SKU031,13.0,38425.92,2955.84,0
2025-04-02,SKU031,19.0,56160.96,2955.84,0
2025-04-03,SKU031,10.0,29558.4,2955.84,0
2025-04-04,SKU031,24.0,70940.16,2955.84,0
2025-04-05,SKU031,26.0,76851.84,2955.84,0
2025-04-06,SKU031,14.0,41381.76,2955.84,0
2025-04-07,SKU031,10.0,29558.4,2955.84,0
2025-04-08,SKU031,16.0,47293.44,2955.84,0
2025-04-09,SKU031,17.0,50249.28,2955.84,0
2025-04-10,SKU031,10.0,29558.4,2955.84,0
2025-04-11,SKU031,20.0,59116.8,2955.84,0
2025-04-12,SKU031,17.0,50249.28,2955.84,0
2025-04-13,SKU031,9.0,26602.56,2955.84,0
2025-04-14,SKU031,11.0,32514.24,2955.84,0
2025-04-15,SKU031,20.0,59116.8,2955.84,0
2025-04-16,SKU031,18.0,53205.12,2955.84,0
2025-04-17,SKU031,13.0,38425.92,2955.84,0
2025-04-18,SKU031,16.0,47293.44,2955.84,0
2025-04-19,SKU031,17.0,50249.28,2955.84,0
2025-04-20,SKU031,12.0,35470.08,2955.84,0
2025-04-21,SKU031,14.0,41381.76,2955.84,0
2025-04-22,SKU031,14.0,41381.76,2955.84,0
2025-04-23,SKU031,16.0,47293.44,2955.84,0
2025-04-24,SKU031,24.0,70940.16,2955.84,0
2025-04-25,SKU031,18.0,53205.12,2955.84,0
2025-04-26,SKU031,18.0,53205.12,2955.84,0
2025-04-27,SKU031,15.0,44337.6,2955.84,0
2025-04-28,SKU031,17.0,50249.28,2955.84,0
2025-04-29,SKU031,14.0,41381.76,2955.84,0
2025-04-30,SKU031,11.0,32514.24,2955.84,0
2025-05-01,SKU031,12.0,35470.08,2955.84,0
2025-05-02,SKU031,12.0,35470.08,2955.84,0
2025-05-03,SKU031,25.0,73896.0,2955.84,0
2025-05-04,SKU031,23.0,67984.32,2955.84,0
2025-05-05,SKU031,12.0,35470.08,2955.84,0
2025-05-06,SKU031,24.0,70940.16,2955.84,0
2025-05-07,SKU031,11.0,32514.24,2955.84,0
2025-05-08,SKU031,9.0,26602.56,2955.84,0
2025-05-09,SKU031,13.0,38425.92,2955.84,0
2025-05-10,SKU031,21.0,62072.64,2955.84,0
2025-05-11,SKU031,12.0,35470.08,2955.84,0
2025-05-12,SKU031,17.0,50249.28,2955.84,0
2025-05-13,SKU031,17.0,50249.28,2955.84,0
2025-05-14,SKU031,22.0,65028.48,2955.84,0
2025-05-15,SKU031,14.0,41381.76,2955.84,0
2025-05-16,SKU031,22.0,65028.48,2955.84,0
2025-05-17,SKU031,18.0,53205.12,2955.84,0
2025-05-18,SKU031,23.0,67984.32,2955.84,0
2025-05-19,SKU031,12.0,35470.08,2955.84,0
2025-05-20,SKU031,18.0,53205.12,2955.84,0
2025-05-21,SKU031,17.0,50249.28,2955.84,0
2025-05-22,SKU031,22.0,65028.48,2955.84,0
2025-05-23,SKU031,14.0,41381.76,2955.84,0
2025-05-24,SKU031,27.0,79807.68,2955.84,0
2025-05-25,SKU031,15.0,44337.6,2955.84,0
2025-05-26,SKU031,15.0,44337.6,2955.84,0
2025-05-27,SKU031,22.0,65028.48,2955.84,0
2025-05-28,SKU031,14.0,41381.76,2955.84,0
2025-05-29,SKU031,18.0,53205.12,2955.84,0
2025-05-30,SKU031,29.0,85719.36,2955.84,0
2025-05-31,SKU031,22.0,65028.48,2955.84,0
2025-06-01,SKU031,22.0,65028.48,2955.84,0
2025-06-02,SKU031,14.0,41381.76,2955.84,0
2025-06-03,SKU031,29.0,85719.36,2955.84,0
2025-06-04,SKU031,18.0,53205.12,2955.84,0
2025-06-05,SKU031,20.0,59116.8,2955.84,0
2025-06-06,SKU031,27.0,79807.68,2955.84,0
2025-06-07,SKU031,29.0,85719.36,2955.84,0
2025-06-08,SKU031,30.0,88675.2,2955.84,0
2025-06-09,SKU031,19.0,56160.96,2955.84,0
2025-06-10,SKU031,32.0,87019.93,2955.84,1
2025-06-11,SKU031,17.0,46229.34,2955.84,1
2025-06-12,SKU031,29.0,78861.81,2955.84,1
2025-06-13,SKU031,22.0,59826.2,2955.84,1
2025-06-14,SKU031,23.0,62545.57,2955.84,1
2025-06-15,SKU031,27.0,73423.07,2955.84,1
2025-06-16,SKU031,16.0,43509.96,2955.84,1
2025-06-17,SKU031,17.0,46229.34,2955.84,1
2025-06-18,SKU031,29.0,78861.81,2955.84,1
2025-06-19,SKU031,28.0,76142.44,2955.84,1
2025-06-20,SKU031,25.0,67984.32,2955.84,1
2025-06-21,SKU031,20.0,59116.8,2955.84,0
2025-06-22,SKU031,20.0,59116.8,2955.84,0
2025-06-23,SKU031,16.0,47293.44,2955.84,0
2025-06-24,SKU031,13.0,38425.92,2955.84,0
2025-06-25,SKU031,16.0,47293.44,2955.84,0
2025-06-26,SKU031,24.0,70940.16,2955.84,0
2025-06-27,SKU031,17.0,50249.28,2955.84,0
2025-06-28,SKU031,20.0,59116.8,2955.84,0
2025-06-29,SKU031,18.0,53205.12,2955.84,0
2025-06-30,SKU031,17.0,50249.28,2955.84,0
2025-07-01,SKU031,28.0,82763.52,2955.84,0
2025-07-02,SKU031,34.0,100498.56,2955.84,0
2025-07-03,SKU031,17.0,50249.28,2955.84,0
2025-07-04,SKU031,36.0,106410.24,2955.84,0
2025-07-05,SKU031,15.0,44337.6,2955.84,0
2025-07-06,SKU031,18.0,53205.12,2955.84,0
2025-07-07,SKU031,11.0,32514.24,2955.84,0
2025-07-08,SKU031,18.0,53205.12,2955.84,0
2025-07-09,SKU031,16.0,47293.44,2955.84,0
2025-07-10,SKU031,16.0,47293.44,2955.84,0
2025-07-11,SKU031,25.0,73896.0,2955.84,0
2025-07-12,SKU031,25.0,73896.0,2955.84,0
2025-07-13,SKU031,16.0,47293.44,2955.84,0
2025-07-14,SKU031,17.0,50249.28,2955.84,0
2025-07-15,SKU031,22.0,65028.48,2955.84,0
2025-07-16,SKU031,16.0,47293.44,2955.84,0
2025-07-17,SKU031,23.0,67984.32,2955.84,0
2025-07-18,SKU031,18.0,53205.12,2955.84,0
2025-07-19,SKU031,19.0,56160.96,2955.84,0
2025-07-20,SKU031,23.0,67984.32,2955.84,0
2025-07-21,SKU031,16.0,47293.44,2955.84,0
2025-07-22,SKU031,17.0,50249.28,2955.84,0
2025-07-23,SKU031,15.0,44337.6,2955.84,0
2025-07-24,SKU031,13.0,38425.92,2955.84,0
2025-07-25,SKU031,20.0,59116.8,2955.84,0
2025-07-26,SKU031,20.0,59116.8,2955.84,0
2025-07-27,SKU031,20.0,59116.8,2955.84,0
2025-07-28,SKU031,32.0,94586.88,2955.84,0
2025-07-29,SKU031,23.0,67984.32,2955.84,0
2025-07-30,SKU031,17.0,50249.28,2955.84,0
2025-07-31,SKU031,26.0,76851.84,2955.84,0
2025-08-01,SKU031,13.0,38425.92,2955.84,0
2025-08-02,SKU031,17.0,50249.28,2955.84,0
2025-08-03,SKU031,20.0,59116.8,2955.84,0
2025-08-04,SKU031,16.0,47293.44,2955.84,0
2025-08-05,SKU031,25.0,73896.0,2955.84,0
2025-08-06,SKU031,24.0,70940.16,2955.84,0
2025-08-07,SKU031,12.0,35470.08,2955.84,0
2025-08-08,SKU031,28.0,82763.52,2955.84,0
2025-08-09,SKU031,18.0,53205.12,2955.84,0
2025-08-10,SKU031,26.0,76851.84,2955.84,0
2025-08-11,SKU031,21.0,62072.64,2955.84,0
2025-08-12,SKU031,19.0,56160.96,2955.84,0
2025-08-13,SKU031,25.0,73896.0,2955.84,0
2025-08-14,SKU031,17.0,50249.28,2955.84,0
2025-08-15,SKU031,25.0,73896.0,2955.84,0
2025-08-16,SKU031,25.0,73896.0,2955.84,0
2025-08-17,SKU031,26.0,76851.84,2955.84,0
2025-08-18,SKU031,16.0,47293.44,2955.84,0
2025-08-19,SKU031,23.0,67984.32,2955.84,0
2025-08-20,SKU031,13.0,38425.92,2955.84,0
2025-08-21,SKU031,22.0,65028.48,2955.84,0
2025-08-22,SKU031,31.0,91631.04,2955.84,0
2025-08-23,SKU031,28.0,82763.52,2955.84,0
2025-08-24,SKU031,18.0,53205.12,2955.84,0
2025-08-25,SKU031,19.0,56160.96,2955.84,0
2025-08-26,SKU031,10.0,29558.4,2955.84,0
2025-08-27,SKU031,30.0,88675.2,2955.84,0
2025-08-28,SKU031,16.0,47293.44,2955.84,0
2025-08-29,SKU031,13.0,38425.92,2955.84,0
2025-08-30,SKU031,20.0,59116.8,2955.84,0
2025-08-31,SKU031,17.0,50249.28,2955.84,0
2025-09-01,SKU031,10.0,29558.4,2955.84,0
2025-09-02,SKU031,14.0,41381.76,2955.84,0
2025-09-03,SKU031,21.0,62072.64,2955.84,0
2025-09-04,SKU031,18.0,53205.12,2955.84,0
2025-09-05,SKU031,19.0,56160.96,2955.84,0
2025-09-06,SKU031,20.0,59116.8,2955.84,0
2025-09-07,SKU031,17.0,50249.28,2955.84,0
2025-09-08,SKU031,13.0,38425.92,2955.84,0
2025-09-09,SKU031,16.0,47293.44,2955.84,0
2025-09-10,SKU031,27.0,79807.68,2955.84,0
2025-09-11,SKU031,12.0,35470.08,2955.84,0
2025-09-12,SKU031,24.0,70940.16,2955.84,0
2025-09-13,SKU031,21.0,62072.64,2955.84,0
2025-09-14,SKU031,14.0,41381.76,2955.84,0
2025-09-15,SKU031,14.0,41381.76,2955.84,0
2025-09-16,SKU031,14.0,41381.76,2955.84,0
2025-09-17,SKU031,14.0,41381.76,2955.84,0
2025-09-18,SKU031,11.0,32514.24,2955.84,0
2025-09-19,SKU031,22.0,65028.48,2955.84,0
2025-09-20,SKU031,19.0,56160.96,2955.84,0
2025-09-21,SKU031,15.0,44337.6,2955.84,0
2025-09-22,SKU031,14.0,41381.76,2955.84,0
2025-09-23,SKU031,21.0,62072.64,2955.84,0
2025-09-24,SKU031,12.0,35470.08,2955.84,0
2025-09-25,SKU031,10.0,29558.4,2955.84,0
2025-09-26,SKU031,24.0,70940.16,2955.84,0
2025-09-27,SKU031,21.0,62072.64,2955.84,0
2025-09-28,SKU031,18.0,53205.12,2955.84,0
2025-09-29,SKU031,14.0,41381.76,2955.84,0
2025-09-30,SKU031,17.0,50249.28,2955.84,0
2025-10-01,SKU031,19.0,51668.08,2955.84,1
2025-10-02,SKU031,17.0,46229.34,2955.84,1
2025-10-03,SKU031,15.0,40790.59,2955.84,1
2025-10-04,SKU031,26.0,70703.69,2955.84,1
2025-10-05,SKU031,30.0,81581.18,2955.84,1
2025-10-06,SKU031,22.0,59826.2,2955.84,1
2025-10-07,SKU031,29.0,78861.81,2955.84,1
2025-10-08,SKU031,22.0,59826.2,2955.84,1
2025-10-09,SKU031,24.0,65264.95,2955.84,1
2025-10-10,SKU031,27.0,73423.07,2955.84,1
2025-10-11,SKU031,20.0,59116.8,2955.84,0
2025-10-12,SKU031,18.0,53205.12,2955.84,0
2025-10-13,SKU031,11.0,32514.24,2955.84,0
2025-10-14,SKU031,19.0,56160.96,2955.84,0
2025-10-15,SKU031,11.0,32514.24,2955.84,0
2025-10-16,SKU031,18.0,53205.12,2955.84,0
2025-10-17,SKU031,19.0,56160.96,2955.84,0
2025-10-18,SKU031,17.0,50249.28,2955.84,0
2025-10-19,SKU031,18.0,53205.12,2955.84,0
2025-10-20,SKU031,17.0,50249.28,2955.84,0
2025-10-21,SKU031,17.0,50249.28,2955.84,0
2025-10-22,SKU031,23.0,67984.32,2955.84,0
2025-10-23,SKU031,12.0,35470.08,2955.84,0
2025-10-24,SKU031,17.0,50249.28,2955.84,0
2025-10-25,SKU031,32.0,94586.88,2955.84,0
2025-10-26,SKU031,23.0,67984.32,2955.84,0
2025-10-27,SKU031,17.0,50249.28,2955.84,0
2025-10-28,SKU031,10.0,29558.4,2955.84,0
2025-10-29,SKU031,13.0,38425.92,2955.84,0
2025-10-30,SKU031,17.0,50249.28,2955.84,0
2025-10-31,SKU031,22.0,65028.48,2955.84,0
2025-11-01,SKU031,15.0,44337.6,2955.84,0
2025-11-02,SKU031,18.0,53205.12,2955.84,0
2025-11-03,SKU031,19.0,56160.96,2955.84,0
2025-11-04,SKU031,21.0,62072.64,2955.84,0
2025-11-05,SKU031,12.0,35470.08,2955.84,0
2025-11-06,SKU031,17.0,50249.28,2955.84,0
2025-11-07,SKU031,20.0,59116.8,2955.84,0
2025-11-08,SKU031,23.0,67984.32,2955.84,0
2025-11-09,SKU031,16.0,47293.44,2955.84,0
2025-11-10,SKU031,13.0,38425.92,2955.84,0
2025-11-11,SKU031,22.0,65028.48,2955.84,0
2025-11-12,SKU031,11.0,32514.24,2955.84,0
2025-11-13,SKU031,16.0,47293.44,2955.84,0
2025-11-14,SKU031,19.0,56160.96,2955.84,0
2025-11-15,SKU031,24.0,70940.16,2955.84,0
2025-11-16,SKU031,14.0,41381.76,2955.84,0
2025-11-17,SKU031,19.0,56160.96,2955.84,0
2025-11-18,SKU031,15.0,44337.6,2955.84,0
2025-11-19,SKU031,20.0,59116.8,2955.84,0
2025-11-20,SKU031,21.0,57106.83,2955.84,1
2025-11-21,SKU031,32.0,87019.93,2955.84,1
2025-11-22,SKU031,26.0,70703.69,2955.84,1
2025-11-23,SKU031,232.0,78861.81,2955.84,1
2025-11-24,SKU031,11.0,29913.1,2955.84,1
2025-11-25,SKU031,20.0,54387.46,2955.84,1
2025-11-26,SKU031,23.0,62545.57,2955.84,1
2025-11-27,SKU031,27.0,73423.07,2955.84,1
2025-11-28,SKU031,35.0,95178.05,2955.84,1
2025-11-29,SKU031,32.0,87019.93,2955.84,1
2025-11-30,SKU031,24.0,65264.95,2955.84,1
2025-12-01,SKU031,18.0,53205.12,2955.84,0
2025-12-02,SKU031,18.0,53205.12,2955.84,0
2025-12-03,SKU031,20.0,59116.8,2955.84,0
2025-12-04,SKU031,13.0,38425.92,2955.84,0
2025-12-05,SKU031,19.0,56160.96,2955.84,0
2025-12-06,SKU031,16.0,47293.44,2955.84,0
2025-12-07,SKU031,17.0,50249.28,2955.84,0
2025-12-08,SKU031,12.0,35470.08,2955.84,0
2025-12-09,SKU031,20.0,59116.8,2955.84,0
2025-12-10,SKU031,32.0,94586.88,2955.84,0
2025-12-11,SKU031,10.0,29558.4,2955.84,0
2025-12-12,SKU031,27.0,79807.68,2955.84,0
2025-12-13,SKU031,23.0,67984.32,2955.84,0
2025-12-14,SKU031,25.0,73896.0,2955.84,0
2025-12-15,SKU031,26.0,70703.69,2955.84,1
2025-12-16,SKU031,18.0,48948.71,2955.84,1
2025-12-17,SKU031,26.0,70703.69,2955.84,1
2025-12-18,SKU031,28.0,76142.44,2955.84,1
2025-12-19,SKU031,28.0,76142.44,2955.84,1
2025-12-20,SKU031,33.0,89739.3,2955.84,1
2025-12-21,SKU031,9.0,24474.36,2955.84,1
2025-12-22,SKU031,23.0,62545.57,2955.84,1
2025-12-23,SKU031,21.0,57106.83,2955.84,1
2025-12-24,SKU031,33.0,89739.3,2955.84,1
2025-12-25,SKU031,25.0,67984.32,2955.84,1
2025-12-26,SKU031,29.0,78861.81,2955.84,1
2025-12-27,SKU031,34.0,92458.68,2955.84,1
2025-12-28,SKU031,33.0,89739.3,2955.84,1
2025-12-29,SKU031,21.0,57106.83,2955.84,1
2025-12-30,SKU031,28.0,76142.44,2955.84,1
2025-12-31,SKU031,29.0,78861.81,2955.84,1
2026-01-01,SKU031,13.0,38425.92,2955.84,0
2026-01-02,SKU031,31.0,91631.04,2955.84,0
2026-01-03,SKU031,27.0,79807.68,2955.84,0
2026-01-04,SKU031,16.0,47293.44,2955.84,0
2026-01-05,SKU031,16.0,47293.44,2955.84,0
2026-01-06,SKU031,15.0,44337.6,2955.84,0
2026-01-07,SKU031,9.0,26602.56,2955.84,0
2026-01-08,SKU031,15.0,44337.6,2955.84,0
2026-01-09,SKU031,25.0,73896.0,2955.84,0
2026-01-10,SKU031,22.0,65028.48,2955.84,0
2026-01-11,SKU031,19.0,56160.96,2955.84,0
2026-01-12,SKU031,9.0,26602.56,2955.84,0
2026-01-13,SKU031,20.0,59116.8,2955.84,0
2026-01-14,SKU031,17.0,50249.28,2955.84,0
2026-01-15,SKU031,14.0,41381.76,2955.84,0
2026-01-16,SKU031,16.0,47293.44,2955.84,0
2026-01-17,SKU031,20.0,59116.8,2955.84,0
2026-01-18,SKU031,22.0,65028.48,2955.84,0
2026-01-19,SKU031,16.0,47293.44,2955.84,0
2026-01-20,SKU031,18.0,53205.12,2955.84,0
2026-01-21,SKU031,17.0,50249.28,2955.84,0
2026-01-22,SKU031,13.0,38425.92,2955.84,0
2026-01-23,SKU031,21.0,62072.64,2955.84,0
2026-01-24,SKU031,14.0,41381.76,2955.84,0
2026-01-25,SKU031,28.0,82763.52,2955.84,0
2026-01-26,SKU031,17.0,50249.28,2955.84,0
2026-01-27,SKU031,17.0,50249.28,2955.84,0
2026-01-28,SKU031,17.0,50249.28,2955.84,0
2026-01-29,SKU031,20.0,59116.8,2955.84,0
2026-01-30,SKU031,27.0,79807.68,2955.84,0
2026-01-31,SKU031,15.0,44337.6,2955.84,0
2026-02-01,SKU031,26.0,76851.84,2955.84,0
2026-02-02,SKU031,15.0,44337.6,2955.84,0
2026-02-03,SKU031,14.0,41381.76,2955.84,0
2026-02-04,SKU031,21.0,62072.64,2955.84,0
2026-02-05,SKU031,26.0,76851.84,2955.84,0
2026-02-06,SKU031,15.0,44337.6,2955.84,0
2026-02-07,SKU031,25.0,73896.0,2955.84,0
2026-02-08,SKU031,24.0,70940.16,2955.84,0
2026-02-09,SKU031,17.0,50249.28,2955.84,0
2026-02-10,SKU031,18.0,53205.12,2955.84,0
2026-02-11,SKU031,22.0,65028.48,2955.84,0
2026-02-12,SKU031,12.0,35470.08,2955.84,0
2026-02-13,SKU031,33.0,97542.72,2955.84,0
2026-02-14,SKU031,24.0,70940.16,2955.84,0
2026-02-15,SKU031,26.0,76851.84,2955.84,0
2026-02-16,SKU031,12.0,35470.08,2955.84,0
2026-02-17,SKU031,21.0,62072.64,2955.84,0
2026-02-18,SKU031,21.0,62072.64,2955.84,0
2026-02-19,SKU031,15.0,44337.6,2955.84,0
2026-02-20,SKU031,25.0,73896.0,2955.84,0
2026-02-21,SKU031,20.0,59116.8,2955.84,0
2026-02-22,SKU031,12.0,35470.08,2955.84,0
2026-02-23,SKU031,16.0,47293.44,2955.84,0
2026-02-24,SKU031,20.0,59116.8,2955.84,0
2026-02-25,SKU031,23.0,67984.32,2955.84,0
2026-02-26,SKU031,25.0,73896.0,2955.84,0
2026-02-27,SKU031,22.0,65028.48,2955.84,0
2026-02-28,SKU031,23.0,67984.32,2955.84,0
2026-03-01,SKU031,20.0,59116.8,2955.84,0
2026-03-02,SKU031,13.0,38425.92,2955.84,0
2026-03-03,SKU031,13.0,38425.92,2955.84,0
2026-03-04,SKU031,16.0,47293.44,2955.84,0
2026-03-05,SKU031,15.0,44337.6,2955.84,0
2026-03-06,SKU031,28.0,82763.52,2955.84,0
2026-03-07,SKU031,20.0,59116.8,2955.84,0
2026-03-08,SKU031,18.0,53205.12,2955.84,0
2026-03-09,SKU031,16.0,47293.44,2955.84,0
2026-03-10,SKU031,21.0,62072.64,2955.84,0
2026-03-11,SKU031,19.0,56160.96,2955.84,0
2026-03-12,SKU031,13.0,38425.92,2955.84,0
2026-03-13,SKU031,13.0,38425.92,2955.84,0
2026-03-14,SKU031,21.0,62072.64,2955.84,0
2026-03-15,SKU031,45.0,122371.78,2955.84,1
2026-03-16,SKU031,16.0,43509.96,2955.84,1
2026-03-17,SKU031,15.0,40790.59,2955.84,1
2026-03-18,SKU031,16.0,43509.96,2955.84,1
2026-03-19,SKU031,26.0,70703.69,2955.84,1
2026-03-20,SKU031,24.0,65264.95,2955.84,1
2026-03-21,SKU031,27.0,73423.07,2955.84,1
2026-03-22,SKU031,20.0,54387.46,2955.84,1
2026-03-23,SKU031,36.0,97897.42,2955.84,1
2026-03-24,SKU031,,54387.46,2955.84,1
2026-03-25,SKU031,25.0,67984.32,2955.84,1
2026-03-26,SKU031,15.0,44337.6,2955.84,0
2026-03-27,SKU031,25.0,73896.0,2955.84,0
2026-03-28,SKU031,17.0,50249.28,2955.84,0
2026-03-29,SKU031,16.0,47293.44,2955.84,0
2026-03-30,SKU031,12.0,35470.08,2955.84,0
2026-03-31,SKU031,21.0,62072.64,2955.84,0
2026-04-01,SKU031,21.0,62072.64,2955.84,0
2026-04-02,SKU031,20.0,59116.8,2955.84,0
2026-04-03,SKU031,13.0,38425.92,2955.84,0
2026-04-04,SKU031,16.0,47293.44,2955.84,0
2026-04-05,SKU031,17.0,50249.28,2955.84,0
2026-04-06,SKU031,27.0,79807.68,2955.84,0
2026-04-07,SKU031,16.0,47293.44,2955.84,0
2026-04-08,SKU031,14.0,41381.76,2955.84,0
2026-04-09,SKU031,13.0,38425.92,2955.84,0
2026-04-10,SKU031,21.0,62072.64,2955.84,0
2026-04-11,SKU031,26.0,76851.84,2955.84,0
2026-04-12,SKU031,9.0,26602.56,2955.84,0
2026-04-13,SKU031,17.0,50249.28,2955.84,0
2026-04-14,SKU031,23.0,67984.32,2955.84,0
2026-04-15,SKU031,17.0,50249.28,2955.84,0
2026-04-16,SKU031,15.0,44337.6,2955.84,0
2026-04-17,SKU031,26.0,76851.84,2955.84,0
2026-04-18,SKU031,31.0,91631.04,2955.84,0
2026-04-19,SKU031,17.0,50249.28,2955.84,0
2026-04-20,SKU031,14.0,41381.76,2955.84,0
2026-04-21,SKU031,18.0,53205.12,2955.84,0
2026-04-22,SKU031,17.0,50249.28,2955.84,0
2026-04-23,SKU031,18.0,53205.12,2955.84,0
2026-04-24,SKU031,26.0,76851.84,2955.84,0
2026-04-25,SKU031,24.0,70940.16,2955.84,0
2026-04-26,SKU031,10.0,29558.4,,0
2026-04-27,SKU031,14.0,41381.76,2955.84,0
2026-04-28,SKU031,20.0,59116.8,2955.84,0
2026-04-29,SKU031,24.0,70940.16,2955.84,0
2026-04-30,SKU031,12.0,35470.08,2955.84,0
2026-05-01,SKU031,22.0,65028.48,2955.84,0
2026-05-02,SKU031,28.0,82763.52,2955.84,0
2026-05-03,SKU031,17.0,50249.28,2955.84,0
2026-05-04,SKU031,14.0,41381.76,2955.84,0
2026-05-05,SKU031,19.0,56160.96,2955.84,0
2026-05-06,SKU031,13.0,38425.92,2955.84,0
2026-05-07,SKU031,14.0,41381.76,2955.84,0
2026-05-08,SKU031,,53205.12,2955.84,0
2026-05-09,SKU031,33.0,97542.72,2955.84,0
2026-05-10,SKU031,14.0,41381.76,2955.84,0
2026-05-11,SKU031,11.0,32514.24,2955.84,0
2026-05-12,SKU031,16.0,47293.44,2955.84,0
2026-05-13,SKU031,17.0,50249.28,2955.84,0
2026-05-14,SKU031,20.0,59116.8,2955.84,0
2026-05-15,SKU031,18.0,53205.12,2955.84,0
2026-05-16,SKU031,27.0,79807.68,2955.84,0
2026-05-17,SKU031,17.0,50249.28,2955.84,0
2026-05-18,SKU031,17.0,50249.28,2955.84,0
2026-05-19,SKU031,19.0,56160.96,2955.84,0
2026-05-20,SKU031,19.0,56160.96,2955.84,0
2026-05-21,SKU031,23.0,67984.32,2955.84,0
2026-05-22,SKU031,15.0,44337.6,2955.84,0
2026-05-23,SKU031,27.0,79807.68,2955.84,0
2026-05-24,SKU031,16.0,47293.44,2955.84,0
2026-05-25,SKU031,22.0,65028.48,2955.84,0
2026-05-26,SKU031,21.0,62072.64,2955.84,0
2026-05-27,SKU031,21.0,62072.64,2955.84,0
2026-05-28,SKU031,24.0,70940.16,2955.84,0
2026-05-29,SKU031,15.0,44337.6,2955.84,0
2026-05-30,SKU031,18.0,53205.12,2955.84,0
2026-05-31,SKU031,19.0,56160.96,2955.84,0
2026-06-01,SKU031,25.0,73896.0,2955.84,0
2026-06-02,SKU031,24.0,70940.16,2955.84,0
2026-06-03,SKU031,30.0,88675.2,2955.84,0
2026-06-04,SKU031,16.0,47293.44,2955.84,0
2026-06-05,SKU031,23.0,67984.32,2955.84,0
2026-06-06,SKU031,18.0,53205.12,2955.84,0
2026-06-07,SKU031,16.0,47293.44,2955.84,0
2026-06-08,SKU031,23.0,67984.32,2955.84,0
2026-06-09,SKU031,9.0,26602.56,2955.84,0
2026-06-10,SKU031,24.0,65264.95,2955.84,1
2026-06-11,SKU031,28.0,76142.44,2955.84,1
2026-06-12,SKU031,38.0,103336.17,2955.84,1
2026-06-13,SKU031,41.0,111494.28,2955.84,1
2026-06-14,SKU031,33.0,89739.3,2955.84,1
2026-06-15,SKU031,26.0,70703.69,2955.84,1
2026-06-16,SKU031,34.0,92458.68,2955.84,1
2026-06-17,SKU031,28.0,76142.44,2955.84,1
2026-06-18,SKU031,39.0,106055.54,2955.84,1
2026-06-19,SKU031,29.0,78861.81,2955.84,1
2026-06-20,SKU031,32.0,87019.93,2955.84,1
2026-06-21,SKU031,25.0,73896.0,2955.84,0
2026-06-22,SKU031,29.0,85719.36,2955.84,0
2026-06-23,SKU031,19.0,56160.96,2955.84,0
2026-06-24,SKU031,18.0,53205.12,2955.84,0
2026-06-25,SKU031,33.0,97542.72,2955.84,0
2026-06-26,SKU031,29.0,85719.36,2955.84,0
2026-06-27,SKU031,21.0,62072.64,2955.84,0
2026-06-28,SKU031,17.0,50249.28,2955.84,0
2026-06-29,SKU031,17.0,50249.28,,0
2026-06-30,SKU031,25.0,73896.0,2955.84,0
2025-01-01,SKU032,26.0,144338.22,5551.47,0
2025-01-02,SKU032,27.0,149889.69,5551.47,0
2025-01-03,SKU032,25.0,138786.75,5551.47,0
2025-01-04,SKU032,29.0,160992.63,5551.47,0
2025-01-05,SKU032,29.0,160992.63,5551.47,0
2025-01-06,SKU032,23.0,127683.81,5551.47,0
2025-01-07,SKU032,20.0,111029.4,5551.47,0
2025-01-08,SKU032,20.0,111029.4,5551.47,0
2025-01-09,SKU032,23.0,127683.81,5551.47,0
2025-01-10,SKU032,46.0,234938.21,5551.47,1
2025-01-11,SKU032,47.0,240045.56,5551.47,1
2025-01-12,SKU032,21.0,107254.4,5551.47,1
2025-01-13,SKU032,34.0,173649.98,5551.47,1
2025-01-14,SKU032,30.0,153220.57,5551.47,1
2025-01-15,SKU032,24.0,122576.46,5551.47,1
2025-01-16,SKU032,17.0,94374.99,5551.47,0
2025-01-17,SKU032,29.0,160992.63,5551.47,0
2025-01-18,SKU032,41.0,227610.27,5551.47,0
2025-01-19,SKU032,18.0,99926.46,5551.47,0
2025-01-20,SKU032,26.0,144338.22,5551.47,0
2025-01-21,SKU032,22.0,122132.34,5551.47,0
2025-01-22,SKU032,27.0,149889.69,5551.47,0
2025-01-23,SKU032,23.0,127683.81,5551.47,0
2025-01-24,SKU032,29.0,160992.63,5551.47,0
2025-01-25,SKU032,25.0,138786.75,5551.47,0
2025-01-26,SKU032,28.0,155441.16,5551.47,0
2025-01-27,SKU032,20.0,111029.4,5551.47,0
2025-01-28,SKU032,15.0,83272.05,5551.47,0
2025-01-29,SKU032,15.0,83272.05,5551.47,0
2025-01-30,SKU032,19.0,105477.93,5551.47,0
2025-01-31,SKU032,20.0,111029.4,5551.47,0
2025-02-01,SKU032,34.0,188749.98,5551.47,0
2025-02-02,SKU032,11.0,61066.17,5551.47,0
2025-02-03,SKU032,25.0,138786.75,5551.47,0
2025-02-04,SKU032,26.0,144338.22,5551.47,0
2025-02-05,SKU032,27.0,149889.69,5551.47,0
2025-02-06,SKU032,21.0,116580.87,5551.47,0
2025-02-07,SKU032,24.0,133235.28,5551.47,0
2025-02-08,SKU032,12.0,66617.64,5551.47,0
2025-02-09,SKU032,28.0,155441.16,5551.47,0
2025-02-10,SKU032,,122132.34,5551.47,0
2025-02-11,SKU032,34.0,188749.98,5551.47,0
2025-02-12,SKU032,25.0,138786.75,5551.47,0
2025-02-13,SKU032,24.0,133235.28,5551.47,0
2025-02-14,SKU032,32.0,177647.04,5551.47,0
2025-02-15,SKU032,39.0,216507.33,5551.47,0
2025-02-16,SKU032,21.0,116580.87,5551.47,0
2025-02-17,SKU032,21.0,116580.87,5551.47,0
2025-02-18,SKU032,26.0,144338.22,5551.47,0
2025-02-19,SKU032,13.0,72169.11,5551.47,0
2025-02-20,SKU032,25.0,138786.75,5551.47,0
2025-02-21,SKU032,22.0,122132.34,5551.47,0
2025-02-22,SKU032,29.0,160992.63,5551.47,0
2025-02-23,SKU032,37.0,205404.39,5551.47,0
2025-02-24,SKU032,28.0,155441.16,5551.47,0
2025-02-25,SKU032,34.0,188749.98,5551.47,0
2025-02-26,SKU032,22.0,122132.34,5551.47,0
2025-02-27,SKU032,21.0,116580.87,5551.47,0
2025-02-28,SKU032,19.0,105477.93,5551.47,0
2025-03-01,SKU032,31.0,172095.57,5551.47,0
2025-03-02,SKU032,15.0,83272.05,5551.47,0
2025-03-03,SKU032,15.0,83272.05,5551.47,0
2025-03-04,SKU032,24.0,133235.28,5551.47,0
2025-03-05,SKU032,13.0,72169.11,5551.47,0
2025-03-06,SKU032,26.0,144338.22,5551.47,0
2025-03-07,SKU032,27.0,149889.69,5551.47,0
2025-03-08,SKU032,28.0,155441.16,5551.47,0
2025-03-09,SKU032,15.0,83272.05,5551.47,0
2025-03-10,SKU032,20.0,111029.4,5551.47,0
2025-03-11,SKU032,28.0,155441.16,5551.47,0
2025-03-12,SKU032,18.0,99926.46,5551.47,0
2025-03-13,SKU032,21.0,116580.87,5551.47,0
2025-03-14,SKU032,26.0,144338.22,5551.47,0
2025-03-15,SKU032,22.0,122132.34,5551.47,0
2025-03-16,SKU032,20.0,111029.4,5551.47,0
2025-03-17,SKU032,22.0,122132.34,5551.47,0
2025-03-18,SKU032,27.0,149889.69,5551.47,0
2025-03-19,SKU032,24.0,133235.28,5551.47,0
2025-03-20,SKU032,27.0,137898.51,5551.47,1
2025-03-21,SKU032,36.0,183864.69,5551.47,1
2025-03-22,SKU032,36.0,183864.69,5551.47,1
2025-03-23,SKU032,27.0,137898.51,5551.47,1
2025-03-24,SKU032,39.0,199186.74,5551.47,1
2025-03-25,SKU032,46.0,234938.21,5551.47,1
2025-03-26,SKU032,18.0,91932.34,5551.47,1
2025-03-27,SKU032,21.0,107254.4,5551.47,1
2025-03-28,SKU032,26.0,144338.22,5551.47,0
2025-03-29,SKU032,25.0,138786.75,5551.47,0
2025-03-30,SKU032,26.0,144338.22,5551.47,0
2025-03-31,SKU032,27.0,149889.69,5551.47,0
2025-04-01,SKU032,20.0,111029.4,5551.47,0
2025-04-02,SKU032,28.0,155441.16,5551.47,0
2025-04-03,SKU032,25.0,138786.75,5551.47,0
2025-04-04,SKU032,20.0,111029.4,5551.47,0
2025-04-05,SKU032,34.0,188749.98,5551.47,0
2025-04-06,SKU032,21.0,116580.87,5551.47,0
2025-04-07,SKU032,16.0,88823.52,5551.47,0
2025-04-08,SKU032,22.0,122132.34,5551.47,0
2025-04-09,SKU032,37.0,205404.39,5551.47,0
2025-04-10,SKU032,37.0,205404.39,5551.47,0
2025-04-11,SKU032,20.0,111029.4,5551.47,0
2025-04-12,SKU032,35.0,194301.45,5551.47,0
2025-04-13,SKU032,17.0,94374.99,5551.47,0
2025-04-14,SKU032,28.0,155441.16,5551.47,0
2025-04-15,SKU032,28.0,155441.16,5551.47,0
2025-04-16,SKU032,34.0,188749.98,5551.47,0
2025-04-17,SKU032,21.0,116580.87,5551.47,0
2025-04-18,SKU032,23.0,127683.81,5551.47,0
2025-04-19,SKU032,22.0,122132.34,5551.47,0
2025-04-20,SKU032,23.0,127683.81,5551.47,0
2025-04-21,SKU032,17.0,94374.99,5551.47,0
2025-04-22,SKU032,22.0,122132.34,5551.47,0
2025-04-23,SKU032,18.0,99926.46,5551.47,0
2025-04-24,SKU032,19.0,105477.93,5551.47,0
2025-04-25,SKU032,24.0,133235.28,5551.47,0
2025-04-26,SKU032,24.0,133235.28,5551.47,0
2025-04-27,SKU032,21.0,116580.87,5551.47,0
2025-04-28,SKU032,33.0,183198.51,5551.47,0
2025-04-29,SKU032,25.0,138786.75,5551.47,0
2025-04-30,SKU032,28.0,155441.16,5551.47,0
2025-05-01,SKU032,24.0,133235.28,5551.47,0
2025-05-02,SKU032,21.0,116580.87,5551.47,0
2025-05-03,SKU032,29.0,160992.63,5551.47,0
2025-05-04,SKU032,17.0,94374.99,5551.47,0
2025-05-05,SKU032,22.0,122132.34,5551.47,0
2025-05-06,SKU032,27.0,149889.69,5551.47,0
2025-05-07,SKU032,17.0,94374.99,5551.47,0
2025-05-08,SKU032,27.0,149889.69,5551.47,0
2025-05-09,SKU032,25.0,138786.75,5551.47,0
2025-05-10,SKU032,44.0,244264.68,5551.47,0
2025-05-11,SKU032,17.0,94374.99,5551.47,0
2025-05-12,SKU032,21.0,116580.87,5551.47,0
2025-05-13,SKU032,27.0,149889.69,5551.47,0
2025-05-14,SKU032,22.0,122132.34,5551.47,0
2025-05-15,SKU032,28.0,155441.16,5551.47,0
2025-05-16,SKU032,16.0,88823.52,,0
2025-05-17,SKU032,29.0,160992.63,5551.47,0
2025-05-18,SKU032,32.0,177647.04,5551.47,0
2025-05-19,SKU032,20.0,111029.4,5551.47,0
2025-05-20,SKU032,26.0,144338.22,5551.47,0
2025-05-21,SKU032,25.0,138786.75,5551.47,0
2025-05-22,SKU032,11.0,61066.17,5551.47,0
2025-05-23,SKU032,25.0,138786.75,5551.47,0
2025-05-24,SKU032,23.0,127683.81,5551.47,0
2025-05-25,SKU032,11.0,61066.17,5551.47,0
2025-05-26,SKU032,19.0,105477.93,5551.47,0
2025-05-27,SKU032,22.0,122132.34,5551.47,0
2025-05-28,SKU032,23.0,127683.81,5551.47,0
2025-05-29,SKU032,19.0,105477.93,5551.47,0
2025-05-30,SKU032,27.0,149889.69,5551.47,0
2025-05-31,SKU032,25.0,138786.75,5551.47,0
2025-06-01,SKU032,24.0,133235.28,5551.47,0
2025-06-02,SKU032,19.0,105477.93,5551.47,0
2025-06-03,SKU032,17.0,94374.99,5551.47,0
2025-06-04,SKU032,27.0,149889.69,5551.47,0
2025-06-05,SKU032,26.0,144338.22,5551.47,0
2025-06-06,SKU032,37.0,205404.39,5551.47,0
2025-06-07,SKU032,24.0,133235.28,5551.47,0
2025-06-08,SKU032,27.0,149889.69,5551.47,0
2025-06-09,SKU032,32.0,177647.04,5551.47,0
2025-06-10,SKU032,45.0,229830.86,5551.47,1
2025-06-11,SKU032,31.0,158327.92,5551.47,1
2025-06-12,SKU032,31.0,158327.92,5551.47,1
2025-06-13,SKU032,45.0,229830.86,5551.47,1
2025-06-14,SKU032,39.0,199186.74,5551.47,1
2025-06-15,SKU032,34.0,173649.98,5551.47,1
2025-06-16,SKU032,23.0,117469.11,5551.47,1
2025-06-17,SKU032,44.0,224723.51,5551.47,1
2025-06-18,SKU032,35.0,178757.33,5551.47,1
2025-06-19,SKU032,40.0,204294.1,5551.47,1
2025-06-20,SKU032,58.0,296226.44,5551.47,1
2025-06-21,SKU032,30.0,166544.1,5551.47,0
2025-06-22,SKU032,36.0,199852.92,5551.47,0
2025-06-23,SKU032,17.0,94374.99,5551.47,0
2025-06-24,SKU032,33.0,183198.51,5551.47,0
2025-06-25,SKU032,24.0,133235.28,5551.47,0
2025-06-26,SKU032,25.0,138786.75,5551.47,0
2025-06-27,SKU032,36.0,199852.92,5551.47,0
2025-06-28,SKU032,40.0,222058.8,5551.47,0
2025-06-29,SKU032,23.0,127683.81,5551.47,0
2025-06-30,SKU032,27.0,149889.69,5551.47,0
2025-07-01,SKU032,26.0,144338.22,5551.47,0
2025-07-02,SKU032,16.0,88823.52,5551.47,0
2025-07-03,SKU032,31.0,172095.57,5551.47,0
2025-07-04,SKU032,31.0,172095.57,5551.47,0
2025-07-05,SKU032,25.0,138786.75,5551.47,0
2025-07-06,SKU032,26.0,144338.22,5551.47,0
2025-07-07,SKU032,34.0,188749.98,5551.47,0
2025-07-08,SKU032,32.0,177647.04,5551.47,0
2025-07-09,SKU032,18.0,99926.46,5551.47,0
2025-07-10,SKU032,30.0,166544.1,5551.47,0
2025-07-11,SKU032,25.0,138786.75,5551.47,0
2025-07-12,SKU032,29.0,160992.63,5551.47,0
2025-07-13,SKU032,22.0,122132.34,5551.47,0
2025-07-14,SKU032,25.0,138786.75,5551.47,0
2025-07-15,SKU032,24.0,133235.28,5551.47,0
2025-07-16,SKU032,21.0,116580.87,5551.47,0
2025-07-17,SKU032,29.0,160992.63,5551.47,0
2025-07-18,SKU032,31.0,172095.57,5551.47,0
2025-07-19,SKU032,19.0,105477.93,5551.47,0
2025-07-20,SKU032,20.0,111029.4,5551.47,0
2025-07-21,SKU032,16.0,88823.52,5551.47,0
2025-07-22,SKU032,28.0,155441.16,5551.47,0
2025-07-23,SKU032,29.0,160992.63,5551.47,0
2025-07-24,SKU032,32.0,177647.04,5551.47,0
2025-07-25,SKU032,34.0,188749.98,5551.47,0
2025-07-26,SKU032,35.0,194301.45,5551.47,0
2025-07-27,SKU032,14.0,77720.58,5551.47,0
2025-07-28,SKU032,23.0,127683.81,5551.47,0
2025-07-29,sku032,23.0,127683.81,5551.47,0
2025-07-30,SKU032,15.0,83272.05,5551.47,0
2025-07-31,SKU032,25.0,138786.75,5551.47,0
2025-08-01,SKU032,37.0,205404.39,5551.47,0
2025-08-02,SKU032,23.0,127683.81,5551.47,0
2025-08-03,SKU032,27.0,149889.69,5551.47,0
2025-08-04,SKU032,14.0,77720.58,5551.47,0
2025-08-05,SKU032,23.0,127683.81,5551.47,0
2025-08-06,SKU032,25.0,138786.75,5551.47,0
2025-08-07,SKU032,25.0,138786.75,5551.47,0
2025-08-08,SKU032,31.0,172095.57,5551.47,0
2025-08-09,SKU032,28.0,155441.16,5551.47,0
2025-08-10,SKU032,21.0,116580.87,5551.47,0
2025-08-11,SKU032,31.0,172095.57,5551.47,0
2025-08-12,SKU032,20.0,111029.4,5551.47,0
2025-08-13,SKU032,33.0,183198.51,5551.47,0
2025-08-14,SKU032,25.0,138786.75,5551.47,0
2025-08-15,SKU032,49.0,272022.03,5551.47,0
2025-08-16,SKU032,40.0,222058.8,5551.47,0
2025-08-17,SKU032,23.0,127683.81,5551.47,0
2025-08-18,SKU032,30.0,166544.1,5551.47,0
2025-08-19,SKU032,21.0,116580.87,5551.47,0
2025-08-20,SKU032,34.0,188749.98,5551.47,0
2025-08-21,SKU032,26.0,144338.22,5551.47,0
2025-08-22,SKU032,29.0,160992.63,5551.47,0
2025-08-23,SKU032,30.0,166544.1,5551.47,0
2025-08-24,SKU032,17.0,94374.99,5551.47,0
2025-08-25,SKU032,31.0,172095.57,5551.47,0
2025-08-26,SKU032,29.0,160992.63,5551.47,0
2025-08-27,SKU032,34.0,188749.98,5551.47,0
2025-08-28,SKU032,24.0,133235.28,5551.47,0
2025-08-29,SKU032,36.0,199852.92,5551.47,0
2025-08-30,SKU032,29.0,160992.63,5551.47,0
2025-08-31,SKU032,25.0,138786.75,5551.47,0
2025-09-01,SKU032,23.0,127683.81,5551.47,0
2025-09-02,SKU032,19.0,105477.93,5551.47,0
2025-09-03,SKU032,18.0,99926.46,5551.47,0
2025-09-04,SKU032,35.0,194301.45,5551.47,0
2025-09-05,SKU032,24.0,133235.28,5551.47,0
2025-09-06,SKU032,25.0,138786.75,5551.47,0
2025-09-07,SKU032,25.0,138786.75,5551.47,0
2025-09-08,SKU032,14.0,77720.58,5551.47,0
2025-09-09,SKU032,27.0,149889.69,5551.47,0
2025-09-10,SKU032,22.0,122132.34,5551.47,0
2025-09-11,SKU032,16.0,88823.52,5551.47,0
2025-09-12,SKU032,26.0,144338.22,5551.47,0
2025-09-13,SKU032,37.0,205404.39,5551.47,0
2025-09-14,SKU032,19.0,105477.93,5551.47,0
2025-09-15,SKU032,23.0,127683.81,5551.47,0
2025-09-16,SKU032,27.0,149889.69,5551.47,0
2025-09-17,SKU032,21.0,116580.87,5551.47,0
2025-09-18,SKU032,22.0,122132.34,5551.47,0
2025-09-19,SKU032,28.0,155441.16,5551.47,0
2025-09-20,SKU032,21.0,116580.87,5551.47,0
2025-09-21,SKU032,29.0,160992.63,5551.47,0
2025-09-22,SKU032,20.0,111029.4,5551.47,0
2025-09-23,SKU032,19.0,105477.93,5551.47,0
2025-09-24,SKU032,27.0,149889.69,5551.47,0
2025-09-25,SKU032,26.0,144338.22,5551.47,0
2025-09-26,SKU032,26.0,144338.22,5551.47,0
2025-09-27,SKU032,20.0,111029.4,5551.47,0
2025-09-28,SKU032,21.0,116580.87,5551.47,0
2025-09-29,SKU032,14.0,77720.58,5551.47,0
2025-09-30,SKU032,32.0,177647.04,5551.47,0
2025-10-01,SKU032,23.0,117469.11,5551.47,1
2025-10-02,SKU032,38.0,194079.39,5551.47,1
2025-10-03,SKU032,41.0,209401.45,5551.47,1
2025-10-04,SKU032,39.0,199186.74,5551.47,1
2025-10-05,SKU032,20.0,102147.05,5551.47,1
2025-10-06,SKU032,16.0,81717.64,5551.47,1
2025-10-07,SKU032,,153220.57,5551.47,1
2025-10-08,SKU032,34.0,173649.98,5551.47,1
2025-10-09,SKU032,37.0,188972.04,5551.47,1
2025-10-10,SKU032,21.0,107254.4,5551.47,1
2025-10-11,SKU032,35.0,194301.45,5551.47,0
2025-10-12,SKU032,19.0,105477.93,5551.47,0
2025-10-13,SKU032,21.0,116580.87,5551.47,0
2025-10-14,SKU032,18.0,99926.46,5551.47,0
2025-10-15,SKU032,29.0,160992.63,5551.47,0
2025-10-16,SKU032,18.0,99926.46,5551.47,0
2025-10-17,SKU032,24.0,133235.28,5551.47,0
2025-10-18,SKU032,29.0,160992.63,5551.47,0
2025-10-19,SKU032,19.0,105477.93,5551.47,0
2025-10-20,SKU032,18.0,99926.46,5551.47,0
2025-10-21,SKU032,20.0,111029.4,5551.47,0
2025-10-22,SKU032,16.0,88823.52,5551.47,0
2025-10-23,SKU032,13.0,72169.11,5551.47,0
2025-10-24,SKU032,36.0,199852.92,5551.47,0
2025-10-25,SKU032,27.0,149889.69,5551.47,0
2025-10-26,SKU032,32.0,177647.04,5551.47,0
2025-10-27,SKU032,32.0,177647.04,5551.47,0
2025-10-28,SKU032,26.0,144338.22,5551.47,0
2025-10-29,SKU032,31.0,172095.57,5551.47,0
2025-10-30,SKU032,29.0,160992.63,5551.47,0
2025-10-31,SKU032,28.0,155441.16,5551.47,0
2025-11-01,SKU032,26.0,144338.22,5551.47,0
2025-11-02,SKU032,21.0,116580.87,5551.47,0
2025-11-03,SKU032,25.0,138786.75,5551.47,0
2025-11-04,SKU032,28.0,155441.16,5551.47,0
2025-11-05,SKU032,24.0,133235.28,5551.47,0
2025-11-06,SKU032,15.0,83272.05,5551.47,0
2025-11-07,SKU032,40.0,222058.8,5551.47,0
2025-11-08,SKU032,27.0,149889.69,5551.47,0
2025-11-09,SKU032,30.0,166544.1,5551.47,0
2025-11-10,SKU032,17.0,94374.99,5551.47,0
2025-11-11,SKU032,20.0,111029.4,5551.47,0
2025-11-12,SKU032,26.0,144338.22,5551.47,0
2025-11-13,SKU032,20.0,111029.4,5551.47,0
2025-11-14,SKU032,22.0,122132.34,5551.47,0
2025-11-15,SKU032,28.0,155441.16,5551.47,0
2025-11-16,SKU032,27.0,149889.69,5551.47,0
2025-11-17,SKU032,17.0,94374.99,5551.47,0
2025-11-18,SKU032,38.0,210955.86,5551.47,0
2025-11-19,SKU032,34.0,188749.98,5551.47,0
2025-11-20,SKU032,32.0,163435.28,5551.47,1
2025-11-21,SKU032,26.0,132791.16,5551.47,1
2025-11-22,SKU032,53.0,270689.68,5551.47,1
2025-11-23,SKU032,46.0,234938.21,5551.47,1
2025-11-24,SKU032,48.0,245152.92,5551.47,1
2025-11-25,SKU032,35.0,178757.33,5551.47,1
2025-11-26,SKU032,29.0,148113.22,5551.47,1
2025-11-27,SKU032,24.0,122576.46,5551.47,1
2025-11-28,SKU032,36.0,183864.69,5551.47,1
2025-11-29,SKU032,34.0,173649.98,5551.47,1
2025-11-30,SKU032,42.0,214508.8,5551.47,1
2025-12-01,SKU032,24.0,133235.28,5551.47,0
2025-12-02,SKU032,24.0,133235.28,5551.47,0
2025-12-03,SKU032,30.0,166544.1,5551.47,0
2025-12-04,SKU032,21.0,116580.87,5551.47,0
2025-12-05,SKU032,29.0,160992.63,5551.47,0
2025-12-06,SKU032,26.0,144338.22,5551.47,0
2025-12-07,SKU032,15.0,83272.05,5551.47,0
2025-12-08,SKU032,31.0,172095.57,5551.47,0
2025-12-09,SKU032,36.0,199852.92,5551.47,0
2025-12-10,SKU032,20.0,111029.4,5551.47,0
2025-12-11,SKU032,26.0,144338.22,5551.47,0
2025-12-12,SKU032,42.0,233161.74,5551.47,0
2025-12-13,SKU032,37.0,205404.39,5551.47,0
2025-12-14,SKU032,26.0,144338.22,5551.47,0
2025-12-15,SKU032,20.0,102147.05,5551.47,1
2025-12-16,SKU032,37.0,188972.04,5551.47,1
2025-12-17,SKU032,30.0,153220.57,5551.47,1
2025-12-18,SKU032,32.0,163435.28,5551.47,1
2025-12-19,SKU032,49.0,250260.27,5551.47,1
2025-12-20,SKU032,49.0,250260.27,5551.47,1
2025-12-21,SKU032,30.0,153220.57,5551.47,1
2025-12-22,SKU032,24.0,122576.46,5551.47,1
2025-12-23,SKU032,33.0,168542.63,5551.47,1
2025-12-24,SKU032,34.0,173649.98,5551.47,1
2025-12-25,SKU032,29.0,148113.22,5551.47,1
2025-12-26,SKU032,54.0,275797.03,5551.47,1
2025-12-27,SKU032,48.0,245152.92,5551.47,1
2025-12-28,SKU032,58.0,296226.44,5551.47,1
2025-12-29,SKU032,35.0,178757.33,5551.47,1
2025-12-30,SKU032,31.0,158327.92,,1
2025-12-31,SKU032,24.0,122576.46,5551.47,1
2026-01-01,SKU032,21.0,116580.87,5551.47,0
2026-01-02,SKU032,39.0,216507.33,5551.47,0
2026-01-03,SKU032,21.0,116580.87,5551.47,0
2026-01-04,SKU032,22.0,122132.34,5551.47,0
2026-01-05,SKU032,24.0,133235.28,5551.47,0
2026-01-06,SKU032,26.0,144338.22,5551.47,0
2026-01-07,SKU032,30.0,166544.1,5551.47,0
2026-01-08,SKU032,26.0,144338.22,5551.47,0
2026-01-09,SKU032,27.0,149889.69,5551.47,0
2026-01-10,SKU032,38.0,210955.86,5551.47,0
2026-01-11,SKU032,24.0,133235.28,5551.47,0
2026-01-12,SKU032,24.0,133235.28,5551.47,0
2026-01-13,SKU032,31.0,172095.57,5551.47,0
2026-01-14,SKU032,30.0,166544.1,5551.47,0
2026-01-15,SKU032,17.0,94374.99,5551.47,0
2026-01-16,SKU032,23.0,127683.81,5551.47,0
2026-01-17,SKU032,27.0,149889.69,5551.47,0
2026-01-18,SKU032,28.0,155441.16,5551.47,0
2026-01-19,SKU032,24.0,133235.28,5551.47,0
2026-01-20,SKU032,17.0,94374.99,5551.47,0
2026-01-21,SKU032,31.0,172095.57,5551.47,0
2026-01-22,SKU032,18.0,99926.46,5551.47,0
2026-01-23,SKU032,22.0,122132.34,5551.47,0
2026-01-24,SKU032,43.0,238713.21,5551.47,0
2026-01-25,SKU032,31.0,172095.57,5551.47,0
2026-01-26,SKU032,25.0,138786.75,5551.47,0
2026-01-27,SKU032,25.0,138786.75,5551.47,0
2026-01-28,SKU032,36.0,199852.92,5551.47,0
2026-01-29,SKU032,35.0,194301.45,5551.47,0
2026-01-30,SKU032,28.0,155441.16,5551.47,0
2026-01-31,SKU032,28.0,155441.16,5551.47,0
2026-02-01,SKU032,34.0,188749.98,5551.47,0
2026-02-02,SKU032,28.0,155441.16,5551.47,0
2026-02-03,SKU032,36.0,199852.92,5551.47,0
2026-02-04,SKU032,31.0,172095.57,5551.47,0
2026-02-05,SKU032,25.0,138786.75,5551.47,0
2026-02-06,SKU032,27.0,149889.69,5551.47,0
2026-02-07,SKU032,29.0,160992.63,5551.47,0
2026-02-08,SKU032,24.0,133235.28,5551.47,0
2026-02-09,SKU032,29.0,160992.63,5551.47,0
2026-02-10,SKU032,19.0,105477.93,5551.47,0
2026-02-11,SKU032,33.0,183198.51,5551.47,0
2026-02-12,SKU032,28.0,155441.16,5551.47,0
2026-02-13,SKU032,39.0,216507.33,5551.47,0
2026-02-14,SKU032,34.0,188749.98,5551.47,0
2026-02-15,SKU032,30.0,166544.1,5551.47,0
2026-02-16,SKU032,27.0,149889.69,5551.47,0
2026-02-17,SKU032,23.0,127683.81,5551.47,0
2026-02-18,SKU032,38.0,210955.86,5551.47,0
2026-02-19,SKU032,26.0,144338.22,5551.47,0
2026-02-20,SKU032,28.0,155441.16,5551.47,0
2026-02-21,SKU032,20.0,111029.4,5551.47,0
2026-02-22,SKU032,29.0,160992.63,5551.47,0
2026-02-23,SKU032,31.0,172095.57,5551.47,0
2026-02-24,SKU032,40.0,222058.8,5551.47,0
2026-02-25,SKU032,25.0,138786.75,5551.47,0
2026-02-26,SKU032,33.0,183198.51,5551.47,0
2026-02-27,SKU032,49.0,272022.03,5551.47,0
2026-02-28,SKU032,30.0,166544.1,5551.47,0
2026-03-01,SKU032,20.0,111029.4,5551.47,0
2026-03-02,SKU032,22.0,122132.34,5551.47,0
2026-03-03,SKU032,29.0,160992.63,5551.47,0
2026-03-04,SKU032,24.0,133235.28,5551.47,0
2026-03-05,SKU032,21.0,116580.87,5551.47,0
2026-03-06,SKU032,40.0,222058.8,5551.47,0
2026-03-07,SKU032,24.0,133235.28,5551.47,0
2026-03-08,SKU032,29.0,160992.63,5551.47,0
2026-03-09,SKU032,27.0,149889.69,5551.47,0
2026-03-10,SKU032,20.0,111029.4,5551.47,0
2026-03-11,SKU032,17.0,94374.99,5551.47,0
2026-03-12,SKU032,25.0,138786.75,5551.47,0
2026-03-13,SKU032,,210955.86,5551.47,0
2026-03-14,SKU032,23.0,127683.81,5551.47,0
2026-03-15,SKU032,47.0,240045.56,5551.47,1
2026-03-16,SKU032,35.0,178757.33,5551.47,1
2026-03-17,SKU032,36.0,183864.69,5551.47,1
2026-03-18,SKU032,32.0,163435.28,5551.47,1
2026-03-19,SKU032,43.0,219616.15,5551.47,1
2026-03-20,SKU032,36.0,183864.69,5551.47,1
2026-03-21,SKU032,34.0,173649.98,5551.47,1
2026-03-22,SKU032,46.0,234938.21,5551.47,1
2026-03-23,SKU032,40.0,204294.1,5551.47,1
2026-03-24,SKU032,42.0,214508.8,5551.47,1
2026-03-25,SKU032,46.0,234938.21,5551.47,1
2026-03-26,SKU032,33.0,183198.51,5551.47,0
2026-03-27,SKU032,44.0,244264.68,5551.47,0
2026-03-28,SKU032,34.0,188749.98,5551.47,0
2026-03-29,SKU032,14.0,77720.58,5551.47,0
2026-03-30,SKU032,18.0,99926.46,5551.47,0
2026-03-31,SKU032,15.0,83272.05,5551.47,0
2026-04-01,SKU032,25.0,138786.75,5551.47,0
2026-04-02,SKU032,35.0,194301.45,5551.47,0
2026-04-03,SKU032,29.0,160992.63,5551.47,0
2026-04-04,SKU032,24.0,133235.28,5551.47,0
2026-04-05,SKU032,35.0,194301.45,5551.47,0
2026-04-06,SKU032,20.0,111029.4,5551.47,0
2026-04-07,SKU032,43.0,238713.21,5551.47,0
2026-04-08,SKU032,30.0,166544.1,5551.47,0
2026-04-09,SKU032,29.0,160992.63,5551.47,0
2026-04-10,SKU032,26.0,144338.22,5551.47,0
2026-04-11,SKU032,35.0,194301.45,5551.47,0
2026-04-12,SKU032,36.0,199852.92,5551.47,0
2026-04-13,SKU032,24.0,133235.28,5551.47,0
2026-04-14,SKU032,24.0,133235.28,5551.47,0
2026-04-15,SKU032,40.0,222058.8,5551.47,0
2026-04-16,SKU032,26.0,144338.22,5551.47,0
2026-04-17,SKU032,31.0,172095.57,5551.47,0
2026-04-18,SKU032,27.0,149889.69,5551.47,0
2026-04-19,SKU032,30.0,166544.1,5551.47,0
2026-04-20,SKU032,36.0,199852.92,5551.47,0
2026-04-21,SKU032,36.0,199852.92,5551.47,0
2026-04-22,SKU032,23.0,127683.81,5551.47,0
2026-04-23,SKU032,23.0,127683.81,5551.47,0
2026-04-24,SKU032,32.0,177647.04,5551.47,0
2026-04-25,SKU032,26.0,144338.22,5551.47,0
2026-04-26,SKU032,21.0,116580.87,5551.47,0
2026-04-27,SKU032,22.0,122132.34,5551.47,0
2026-04-28,SKU032,25.0,138786.75,5551.47,0
2026-04-29,SKU032,28.0,155441.16,5551.47,0
2026-04-30,SKU032,22.0,122132.34,5551.47,0
2026-05-01,SKU032,50.0,277573.5,5551.47,0
2026-05-02,SKU032,25.0,138786.75,5551.47,0
2026-05-03,SKU032,34.0,188749.98,5551.47,0
2026-05-04,SKU032,26.0,144338.22,5551.47,0
2026-05-05,SKU032,37.0,205404.39,5551.47,0
2026-05-06,SKU032,34.0,188749.98,5551.47,0
2026-05-07,SKU032,23.0,127683.81,5551.47,0
2026-05-08,SKU032,37.0,205404.39,5551.47,0
2026-05-09,SKU032,23.0,127683.81,5551.47,0
2026-05-10,SKU032,21.0,116580.87,5551.47,0
2026-05-11,SKU032,22.0,122132.34,5551.47,0
2026-05-12,SKU032,35.0,194301.45,5551.47,0
2026-05-13,SKU032,20.0,111029.4,5551.47,0
2026-05-14,SKU032,31.0,172095.57,5551.47,0
2026-05-15,SKU032,42.0,233161.74,5551.47,0
2026-05-16,SKU032,24.0,133235.28,5551.47,0
2026-05-17,SKU032,30.0,166544.1,5551.47,0
2026-05-18,SKU032,24.0,133235.28,5551.47,0
2026-05-19,SKU032,17.0,94374.99,5551.47,0
2026-05-20,SKU032,32.0,177647.04,5551.47,0
2026-05-21,SKU032,34.0,188749.98,5551.47,0
2026-05-22,SKU032,26.0,144338.22,5551.47,0
2026-05-23,SKU032,37.0,205404.39,5551.47,0
2026-05-24,SKU032,23.0,127683.81,5551.47,0
2026-05-25,SKU032,21.0,116580.87,5551.47,0
2026-05-26,SKU032,24.0,133235.28,5551.47,0
2026-05-27,SKU032,28.0,155441.16,5551.47,0
2026-05-28,SKU032,23.0,127683.81,5551.47,0
2026-05-29,SKU032,27.0,149889.69,5551.47,0
2026-05-30,SKU032,27.0,149889.69,5551.47,0
2026-05-31,SKU032,22.0,122132.34,5551.47,0
2026-06-01,SKU032,28.0,155441.16,5551.47,0
2026-06-02,SKU032,26.0,144338.22,5551.47,0
2026-06-03,SKU032,27.0,149889.69,5551.47,0
2026-06-04,SKU032,26.0,144338.22,5551.47,0
2026-06-05,SKU032,29.0,160992.63,5551.47,0
2026-06-06,SKU032,26.0,144338.22,5551.47,0
2026-06-07,SKU032,28.0,155441.16,5551.47,0
2026-06-08,SKU032,32.0,177647.04,5551.47,0
2026-06-09,SKU032,20.0,111029.4,5551.47,0
2026-06-10,SKU032,31.0,158327.92,5551.47,1
2026-06-11,SKU032,36.0,183864.69,5551.47,1
2026-06-12,SKU032,39.0,199186.74,5551.47,1
2026-06-13,SKU032,49.0,250260.27,5551.47,1
2026-06-14,SKU032,40.0,204294.1,5551.47,1
2026-06-15,SKU032,27.0,137898.51,5551.47,1
2026-06-16,SKU032,44.0,224723.51,5551.47,1
2026-06-17,SKU032,37.0,188972.04,5551.47,1
2026-06-18,SKU032,31.0,158327.92,5551.47,1
2026-06-19,SKU032,41.0,209401.45,5551.47,1
2026-06-20,SKU032,45.0,229830.86,5551.47,1
2026-06-21,SKU032,28.0,155441.16,5551.47,0
2026-06-22,SKU032,22.0,122132.34,5551.47,0
2026-06-23,SKU032,34.0,188749.98,5551.47,0
2026-06-24,SKU032,27.0,149889.69,5551.47,0
2026-06-25,SKU032,28.0,155441.16,5551.47,0
2026-06-26,SKU032,42.0,233161.74,5551.47,0
2026-06-27,SKU032,34.0,188749.98,5551.47,0
2026-06-28,SKU032,31.0,172095.57,5551.47,0
2026-06-29,SKU032,28.0,155441.16,5551.47,0
2026-06-30,SKU032,37.0,205404.39,5551.47,0
2025-05-13,SKU033,20.0,85810.6,4290.53,0
2025-05-14,SKU033,21.0,90101.13,4290.53,0
2025-05-15,SKU033,15.0,64357.95,4290.53,0
2025-05-16,SKU033,19.0,81520.07,4290.53,0
2025-05-17,SKU033,25.0,107263.25,4290.53,0
2025-05-18,SKU033,15.0,64357.95,4290.53,0
2025-05-19,SKU033,7.0,30033.71,4290.53,0
2025-05-20,SKU033,12.0,51486.36,4290.53,0
2025-05-21,SKU033,25.0,107263.25,4290.53,0
2025-05-22,SKU033,17.0,72939.01,4290.53,0
2025-05-23,SKU033,17.0,72939.01,4290.53,0
2025-05-24,SKU033,21.0,90101.13,4290.53,0
2025-05-25,SKU033,17.0,72939.01,4290.53,0
2025-05-26,SKU033,10.0,42905.3,4290.53,0
2025-05-27,SKU033,13.0,55776.89,4290.53,0
2025-05-28,SKU033,13.0,55776.89,4290.53,0
2025-05-29,SKU033,15.0,64357.95,4290.53,0
2025-05-30,SKU033,28.0,120134.84,4290.53,0
2025-05-31,SKU033,23.0,98682.19,4290.53,0
2025-06-01,SKU033,26.0,111553.78,4290.53,0
2025-06-02,SKU033,16.0,68648.48,4290.53,0
2025-06-03,SKU033,22.0,94391.66,4290.53,0
2025-06-04,SKU033,16.0,68648.48,4290.53,0
2025-06-05,SKU033,19.0,81520.07,4290.53,0
2025-06-06,SKU033,24.0,102972.72,4290.53,0
2025-06-07,SKU033,31.0,133006.43,4290.53,0
2025-06-08,SKU033,19.0,81520.07,4290.53,0
2025-06-09,SKU033,23.0,98682.19,4290.53,0
2025-06-10,SKU033,32.0,126313.2,4290.53,1
2025-06-11,SKU033,21.0,82893.04,4290.53,1
2025-06-12,SKU033,27.0,106576.77,4290.53,1
2025-06-13,SKU033,44.0,173680.65,4290.53,1
2025-06-14,SKU033,23.0,90787.61,4290.53,1
2025-06-15,SKU033,17.0,67103.89,4290.53,1
2025-06-16,SKU033,35.0,138155.07,4290.53,1
2025-06-17,SKU033,35.0,138155.07,4290.53,1
2025-06-18,SKU033,43.0,169733.37,4290.53,1
2025-06-19,SKU033,28.0,110524.05,4290.53,1
2025-06-20,SKU033,28.0,110524.05,4290.53,1
2025-06-21,SKU033,26.0,111553.78,4290.53,0
2025-06-22,SKU033,15.0,64357.95,4290.53,0
2025-06-23,SKU033,18.0,77229.54,4290.53,0
2025-06-24,SKU033,21.0,90101.13,4290.53,0
2025-06-25,SKU033,16.0,68648.48,4290.53,0
2025-06-26,SKU033,23.0,98682.19,4290.53,0
2025-06-27,SKU033,24.0,102972.72,4290.53,0
2025-06-28,SKU033,28.0,120134.84,4290.53,0
2025-06-29,SKU033,26.0,111553.78,4290.53,0
2025-06-30,SKU033,14.0,60067.42,4290.53,0
2025-07-01,SKU033,19.0,81520.07,4290.53,0
2025-07-02,SKU033,20.0,85810.6,4290.53,0
2025-07-03,SKU033,26.0,111553.78,4290.53,0
2025-07-04,SKU033,29.0,124425.37,4290.53,0
2025-07-05,SKU033,18.0,77229.54,4290.53,0
2025-07-06,SKU033,,68648.48,4290.53,0
2025-07-07,SKU033,15.0,64357.95,4290.53,0
2025-07-08,SKU033,20.0,85810.6,4290.53,0
2025-07-09,SKU033,20.0,85810.6,4290.53,0
2025-07-10,SKU033,14.0,60067.42,4290.53,0
2025-07-11,SKU033,26.0,111553.78,4290.53,0
2025-07-12,SKU033,34.0,145878.02,4290.53,0
2025-07-13,SKU033,24.0,102972.72,4290.53,0
2025-07-14,SKU033,14.0,60067.42,4290.53,0
2025-07-15,SKU033,16.0,68648.48,4290.53,0
2025-07-16,SKU033,9.0,38614.77,4290.53,0
2025-07-17,SKU033,16.0,68648.48,4290.53,0
2025-07-18,SKU033,28.0,120134.84,4290.53,0
2025-07-19,SKU033,28.0,120134.84,4290.53,0
2025-07-20,SKU033,10.0,42905.3,4290.53,0
2025-07-21,SKU033,17.0,72939.01,4290.53,0
2025-07-22,SKU033,24.0,102972.72,4290.53,0
2025-07-23,SKU033,13.0,55776.89,4290.53,0
2025-07-24,SKU033,9.0,38614.77,4290.53,0
2025-07-25,SKU033,30.0,128715.9,4290.53,0
2025-07-26,SKU033,19.0,81520.07,4290.53,0
2025-07-27,SKU033,18.0,77229.54,4290.53,0
2025-07-28,SKU033,14.0,60067.42,4290.53,0
2025-07-29,SKU033,17.0,72939.01,4290.53,0
2025-07-30,SKU033,17.0,72939.01,4290.53,0
2025-07-31,SKU033,26.0,111553.78,4290.53,0
2025-08-01,SKU033,21.0,90101.13,4290.53,0
2025-08-02,SKU033,29.0,124425.37,4290.53,0
2025-08-03,SKU033,25.0,107263.25,4290.53,0
2025-08-04,SKU033,20.0,85810.6,4290.53,0
2025-08-05,SKU033,19.0,81520.07,4290.53,0
2025-08-06,SKU033,18.0,77229.54,4290.53,0
2025-08-07,SKU033,20.0,85810.6,4290.53,0
2025-08-08,SKU033,25.0,107263.25,4290.53,0
2025-08-09,SKU033,19.0,81520.07,4290.53,0
2025-08-10,SKU033,32.0,137296.96,4290.53,0
2025-08-11,SKU033,11.0,47195.83,4290.53,0
2025-08-12,SKU033,18.0,77229.54,4290.53,0
2025-08-13,SKU033,18.0,77229.54,4290.53,0
2025-08-14,SKU033,26.0,111553.78,4290.53,0
2025-08-15,SKU033,35.0,150168.55,4290.53,0
2025-08-16,SKU033,27.0,115844.31,4290.53,0
2025-08-17,SKU033,13.0,55776.89,4290.53,0
2025-08-18,SKU033,20.0,85810.6,4290.53,0
2025-08-19,SKU033,23.0,98682.19,4290.53,0
2025-08-20,SKU033,20.0,85810.6,4290.53,0
2025-08-21,SKU033,16.0,68648.48,4290.53,0
2025-08-22,SKU033,25.0,107263.25,4290.53,0
2025-08-23,SKU033,34.0,145878.02,4290.53,0
2025-08-24,SKU033,16.0,68648.48,4290.53,0
2025-08-25,SKU033,21.0,90101.13,4290.53,0
2025-08-26,SKU033,24.0,102972.72,4290.53,0
2025-08-27,SKU033,28.0,120134.84,4290.53,0
2025-08-28,SKU033,14.0,60067.42,4290.53,0
2025-08-29,SKU033,21.0,90101.13,4290.53,0
2025-08-30,SKU033,17.0,72939.01,4290.53,0
2025-08-31,SKU033,23.0,98682.19,4290.53,0
2025-09-01,SKU033,16.0,68648.48,4290.53,0
2025-09-02,SKU033,15.0,64357.95,4290.53,0
2025-09-03,SKU033,19.0,81520.07,4290.53,0
2025-09-04,SKU033,16.0,68648.48,4290.53,0
2025-09-05,SKU033,25.0,107263.25,4290.53,0
2025-09-06,SKU033,22.0,94391.66,4290.53,0
2025-09-07,SKU033,10.0,42905.3,4290.53,0
2025-09-08,SKU033,21.0,90101.13,4290.53,0
2025-09-09,SKU033,25.0,107263.25,4290.53,0
2025-09-10,SKU033,9.0,38614.77,4290.53,0
2025-09-11,SKU033,9.0,38614.77,4290.53,0
2025-09-12,SKU033,22.0,94391.66,4290.53,0
2025-09-13,SKU033,11.0,47195.83,4290.53,0
2025-09-14,SKU033,11.0,47195.83,4290.53,0
2025-09-15,SKU033,11.0,47195.83,4290.53,0
2025-09-16,SKU033,20.0,85810.6,4290.53,0
2025-09-17,SKU033,13.0,55776.89,4290.53,0
2025-09-18,SKU033,17.0,72939.01,4290.53,0
2025-09-19,SKU033,17.0,72939.01,4290.53,0
2025-09-20,SKU033,25.0,107263.25,4290.53,0
2025-09-21,SKU033,13.0,55776.89,4290.53,0
2025-09-22,SKU033,9.0,38614.77,4290.53,0
2025-09-23,SKU033,27.0,115844.31,4290.53,0
2025-09-24,SKU033,20.0,85810.6,4290.53,0
2025-09-25,SKU033,7.0,30033.71,4290.53,0
2025-09-26,SKU033,20.0,85810.6,4290.53,0
2025-09-27,SKU033,31.0,133006.43,4290.53,0
2025-09-28,SKU033,25.0,107263.25,4290.53,0
2025-09-29,SKU033,9.0,38614.77,4290.53,0
2025-09-30,SKU033,14.0,60067.42,4290.53,0
2025-10-01,SKU033,30.0,118418.63,4290.53,1
2025-10-02,SKU033,26.0,102629.48,4290.53,1
2025-10-03,SKU033,27.0,106576.77,4290.53,1
2025-10-04,SKU033,27.0,106576.77,4290.53,1
2025-10-05,SKU033,25.0,98682.19,4290.53,1
2025-10-06,SKU033,19.0,74998.46,4290.53,1
2025-10-07,SKU033,13.0,51314.74,4290.53,1
2025-10-08,SKU033,25.0,98682.19,4290.53,1
2025-10-09,SKU033,31.0,122365.92,4290.53,1
2025-10-10,SKU033,36.0,142102.35,4290.53,1
2025-10-11,SKU033,20.0,85810.6,4290.53,0
2025-10-12,SKU033,17.0,72939.01,4290.53,0
2025-10-13,SKU033,17.0,72939.01,4290.53,0
2025-10-14,SKU033,20.0,85810.6,4290.53,0
2025-10-15,SKU033,24.0,102972.72,4290.53,0
2025-10-16,SKU033,10.0,42905.3,4290.53,0
2025-10-17,SKU033,19.0,81520.07,4290.53,0
2025-10-18,SKU033,22.0,94391.66,4290.53,0
2025-10-19,SKU033,31.0,133006.43,4290.53,0
2025-10-20,SKU033,15.0,64357.95,4290.53,0
2025-10-21,SKU033,18.0,77229.54,4290.53,0
2025-10-22,SKU033,15.0,64357.95,4290.53,0
2025-10-23,SKU033,24.0,102972.72,4290.53,0
2025-10-24,SKU033,15.0,64357.95,4290.53,0
2025-10-25,SKU033,21.0,90101.13,4290.53,0
2025-10-26,SKU033,19.0,81520.07,4290.53,0
2025-10-27,SKU033,13.0,55776.89,4290.53,0
2025-10-28,SKU033,26.0,111553.78,4290.53,0
2025-10-29,SKU033,19.0,81520.07,4290.53,0
2025-10-30,SKU033,19.0,81520.07,4290.53,0
2025-10-31,SKU033,18.0,77229.54,4290.53,0
2025-11-01,SKU033,28.0,120134.84,4290.53,0
2025-11-02,SKU033,19.0,81520.07,4290.53,0
2025-11-03,SKU033,15.0,64357.95,4290.53,0
2025-11-04,SKU033,16.0,68648.48,4290.53,0
2025-11-05,SKU033,21.0,90101.13,4290.53,0
2025-11-06,SKU033,25.0,107263.25,4290.53,0
2025-11-07,SKU033,20.0,85810.6,4290.53,0
2025-11-08,SKU033,17.0,72939.01,4290.53,0
2025-11-09,SKU033,12.0,51486.36,4290.53,0
2025-11-10,SKU033,11.0,47195.83,4290.53,0
2025-11-11,SKU033,11.0,47195.83,4290.53,0
2025-11-12,SKU033,13.0,55776.89,4290.53,0
2025-11-13,SKU033,17.0,72939.01,4290.53,0
2025-11-14,SKU033,25.0,107263.25,4290.53,0
2025-11-15,SKU033,23.0,98682.19,4290.53,0
2025-11-16,SKU033,17.0,72939.01,4290.53,0
2025-11-17,SKU033,20.0,85810.6,4290.53,0
2025-11-18,SKU033,16.0,68648.48,4290.53,0
2025-11-19,SKU033,14.0,60067.42,4290.53,0
2025-11-20,SKU033,34.0,134207.78,4290.53,1
2025-11-21,SKU033,26.0,102629.48,4290.53,1
2025-11-22,SKU033,21.0,82893.04,4290.53,1
2025-11-23,SKU033,18.0,71051.18,4290.53,1
2025-11-24,SKU033,24.0,94734.9,4290.53,1
2025-11-25,SKU033,19.0,74998.46,4290.53,1
2025-11-26,SKU033,18.0,71051.18,4290.53,1
2025-11-27,SKU033,33.0,130260.49,4290.53,1
2025-11-28,SKU033,39.0,153944.22,4290.53,1
2025-11-29,SKU033,30.0,118418.63,4290.53,1
2025-11-30,SKU033,29.0,114471.34,4290.53,1
2025-12-01,SKU033,18.0,77229.54,4290.53,0
2025-12-02,SKU033,18.0,77229.54,4290.53,0
2025-12-03,SKU033,14.0,60067.42,4290.53,0
2025-12-04,SKU033,22.0,94391.66,4290.53,0
2025-12-05,SKU033,24.0,102972.72,4290.53,0
2025-12-06,SKU033,17.0,72939.01,4290.53,0
2025-12-07,SKU033,26.0,111553.78,4290.53,0
2025-12-08,SKU033,13.0,55776.89,4290.53,0
2025-12-09,SKU033,29.0,124425.37,4290.53,0
2025-12-10,SKU033,20.0,85810.6,4290.53,0
2025-12-11,SKU033,26.0,111553.78,4290.53,0
2025-12-12,SKU033,24.0,102972.72,4290.53,0
2025-12-13,SKU033,28.0,120134.84,4290.53,0
2025-12-14,SKU033,25.0,107263.25,4290.53,0
2025-12-15,SKU033,20.0,78945.75,4290.53,1
2025-12-16,SKU033,28.0,110524.05,4290.53,1
2025-12-17,SKU033,31.0,122365.92,4290.53,1
2025-12-18,SKU033,35.0,138155.07,4290.53,1
2025-12-19,SKU033,41.0,161838.79,4290.53,1
2025-12-20,SKU033,25.0,98682.19,4290.53,1
2025-12-21,SKU033,22.0,86840.33,4290.53,1
2025-12-22,SKU033,21.0,82893.04,4290.53,1
2025-12-23,SKU033,27.0,106576.77,4290.53,1
2025-12-24,SKU033,14.0,55262.03,4290.53,1
2025-12-25,SKU033,29.0,114471.34,4290.53,1
2025-12-26,SKU033,29.0,114471.34,4290.53,1
2025-12-27,SKU033,41.0,161838.79,4290.53,1
2025-12-28,SKU033,27.0,106576.77,4290.53,1
2025-12-29,SKU033,32.0,126313.2,4290.53,1
2025-12-30,SKU033,22.0,86840.33,4290.53,1
2025-12-31,SKU033,21.0,82893.04,4290.53,1
2026-01-01,SKU033,17.0,72939.01,4290.53,0
2026-01-02,SKU033,27.0,115844.31,4290.53,0
2026-01-03,SKU033,21.0,90101.13,4290.53,0
2026-01-04,SKU033,16.0,68648.48,4290.53,0
2026-01-05,SKU033,22.0,94391.66,4290.53,0
2026-01-06,SKU033,18.0,77229.54,4290.53,0
2026-01-07,SKU033,16.0,68648.48,4290.53,0
2026-01-08,SKU033,22.0,94391.66,4290.53,0
2026-01-09,SKU033,26.0,111553.78,4290.53,0
2026-01-10,SKU033,22.0,94391.66,4290.53,0
2026-01-11,SKU033,17.0,72939.01,4290.53,0
2026-01-12,SKU033,22.0,94391.66,4290.53,0
2026-01-13,SKU033,22.0,94391.66,4290.53,0
2026-01-14,SKU033,27.0,115844.31,4290.53,0
2026-01-15,SKU033,20.0,85810.6,4290.53,0
2026-01-16,SKU033,19.0,81520.07,4290.53,0
2026-01-17,SKU033,21.0,90101.13,4290.53,0
2026-01-18,SKU033,17.0,72939.01,4290.53,0
2026-01-19,SKU033,12.0,51486.36,4290.53,0
2026-01-20,SKU033,26.0,111553.78,4290.53,0
2026-01-21,SKU033,15.0,64357.95,4290.53,0
2026-01-22,SKU033,21.0,90101.13,4290.53,0
2026-01-23,SKU033,23.0,98682.19,4290.53,0
2026-01-24,SKU033,22.0,94391.66,4290.53,0
2026-01-25,SKU033,15.0,64357.95,4290.53,0
2026-01-26,SKU033,29.0,124425.37,4290.53,0
2026-01-27,SKU033,23.0,98682.19,4290.53,0
2026-01-28,SKU033,19.0,81520.07,4290.53,0
2026-01-29,SKU033,20.0,85810.6,4290.53,0
2026-01-30,SKU033,36.0,154459.08,4290.53,0
2026-01-31,SKU033,22.0,94391.66,4290.53,0
2026-02-01,SKU033,28.0,120134.84,4290.53,0
2026-02-02,SKU033,21.0,90101.13,4290.53,0
2026-02-03,SKU033,22.0,94391.66,4290.53,0
2026-02-04,SKU033,23.0,98682.19,4290.53,0
2026-02-05,SKU033,36.0,154459.08,4290.53,0
2026-02-06,SKU033,21.0,90101.13,4290.53,0
2026-02-07,SKU033,20.0,85810.6,4290.53,0
2026-02-08,SKU033,20.0,85810.6,4290.53,0
2026-02-09,SKU033,17.0,72939.01,4290.53,0
2026-02-10,SKU033,20.0,85810.6,4290.53,0
2026-02-11,SKU033,27.0,115844.31,4290.53,0
2026-02-12,SKU033,15.0,64357.95,4290.53,0
2026-02-13,SKU033,24.0,102972.72,4290.53,0
2026-02-14,SKU033,14.0,60067.42,4290.53,0
2026-02-15,SKU033,22.0,94391.66,4290.53,0
2026-02-16,SKU033,19.0,81520.07,4290.53,0
2026-02-17,SKU033,14.0,60067.42,4290.53,0
2026-02-18,SKU033,23.0,98682.19,4290.53,0
2026-02-19,SKU033,19.0,81520.07,4290.53,0
2026-02-20,SKU033,26.0,111553.78,4290.53,0
2026-02-21,SKU033,21.0,90101.13,4290.53,0
2026-02-22,SKU033,19.0,81520.07,4290.53,0
2026-02-23,SKU033,20.0,85810.6,4290.53,0
2026-02-24,SKU033,20.0,85810.6,4290.53,0
2026-02-25,SKU033,14.0,60067.42,4290.53,0
2026-02-26,SKU033,20.0,85810.6,4290.53,0
2026-02-27,SKU033,15.0,64357.95,4290.53,0
2026-02-28,SKU033,24.0,102972.72,4290.53,0
2026-03-01,SKU033,21.0,90101.13,4290.53,0
2026-03-02,SKU033,15.0,64357.95,4290.53,0
2026-03-03,SKU033,18.0,77229.54,4290.53,0
2026-03-04,SKU033,19.0,81520.07,4290.53,0
2026-03-05,SKU033,23.0,98682.19,4290.53,0
2026-03-06,SKU033,20.0,85810.6,4290.53,0
2026-03-07,SKU033,20.0,85810.6,4290.53,0
2026-03-08,SKU033,19.0,81520.07,4290.53,0
2026-03-09,SKU033,15.0,64357.95,4290.53,0
2026-03-10,SKU033,23.0,98682.19,4290.53,0
2026-03-11,SKU033,18.0,77229.54,4290.53,0
2026-03-12,SKU033,17.0,72939.01,4290.53,0
2026-03-13,SKU033,36.0,154459.08,4290.53,0
2026-03-14,SKU033,24.0,102972.72,4290.53,0
2026-03-15,SKU033,26.0,102629.48,4290.53,1
2026-03-16,SKU033,21.0,82893.04,4290.53,1
2026-03-17,SKU033,28.0,110524.05,4290.53,1
2026-03-18,SKU033,35.0,138155.07,4290.53,1
2026-03-19,SKU033,33.0,130260.49,4290.53,1
2026-03-20,SKU033,25.0,98682.19,4290.53,1
2026-03-21,SKU033,36.0,142102.35,4290.53,1
2026-03-22,SKU033,17.0,67103.89,4290.53,1
2026-03-23,SKU033,21.0,82893.04,4290.53,1
2026-03-24,SKU033,38.0,149996.93,4290.53,1
2026-03-25,SKU033,19.0,74998.46,4290.53,1
2026-03-26,SKU033,21.0,90101.13,4290.53,0
2026-03-27,SKU033,23.0,98682.19,4290.53,0
2026-03-28,SKU033,35.0,150168.55,4290.53,0
2026-03-29,SKU033,15.0,64357.95,4290.53,0
2026-03-30,SKU033,19.0,81520.07,4290.53,0
2026-03-31,SKU033,14.0,60067.42,4290.53,0
2026-04-01,SKU033,18.0,77229.54,4290.53,0
2026-04-02,SKU033,19.0,81520.07,4290.53,0
2026-04-03,SKU033,17.0,72939.01,4290.53,0
2026-04-04,SKU033,27.0,115844.31,4290.53,0
2026-04-05,SKU033,23.0,98682.19,4290.53,0
2026-04-06,SKU033,28.0,120134.84,4290.53,0
2026-04-07,SKU033,15.0,64357.95,4290.53,0
2026-04-08,SKU033,17.0,72939.01,4290.53,0
2026-04-09,SKU033,33.0,141587.49,4290.53,0
2026-04-10,SKU033,16.0,68648.48,4290.53,0
2026-04-11,SKU033,14.0,60067.42,4290.53,0
2026-04-12,SKU033,26.0,111553.78,4290.53,0
2026-04-13,SKU033,11.0,47195.83,4290.53,0
2026-04-14,SKU033,24.0,102972.72,4290.53,0
2026-04-15,SKU033,20.0,85810.6,4290.53,0
2026-04-16,SKU033,15.0,64357.95,4290.53,0
2026-04-17,SKU033,17.0,72939.01,4290.53,0
2026-04-18,SKU033,30.0,128715.9,4290.53,0
2026-04-19,SKU033,18.0,77229.54,4290.53,0
2026-04-20,SKU033,23.0,98682.19,4290.53,0
2026-04-21,SKU033,23.0,98682.19,4290.53,0
2026-04-22,SKU033,21.0,90101.13,4290.53,0
2026-04-23,SKU033,26.0,111553.78,4290.53,0
2026-04-24,SKU033,17.0,72939.01,4290.53,0
2026-04-25,SKU033,16.0,68648.48,4290.53,0
2026-04-26,SKU033,22.0,94391.66,4290.53,0
2026-04-27,SKU033,13.0,55776.89,4290.53,0
2026-04-28,SKU033,8.0,34324.24,4290.53,0
2026-04-29,SKU033,16.0,68648.48,4290.53,0
2026-04-30,SKU033,15.0,64357.95,4290.53,0
2026-05-01,SKU033,23.0,98682.19,4290.53,0
2026-05-02,SKU033,23.0,98682.19,4290.53,0
2026-05-03,SKU033,11.0,47195.83,4290.53,0
2026-05-04,SKU033,24.0,102972.72,4290.53,0
2026-05-05,SKU033,20.0,85810.6,4290.53,0
2026-05-06,SKU033,14.0,60067.42,4290.53,0
2026-05-07,SKU033,20.0,85810.6,4290.53,0
2026-05-08,SKU033,30.0,128715.9,4290.53,0
2026-05-09,SKU033,33.0,141587.49,4290.53,0
2026-05-10,SKU033,23.0,98682.19,4290.53,0
2026-05-11,SKU033,15.0,64357.95,4290.53,0
2026-05-12,SKU033,15.0,64357.95,4290.53,0
2026-05-13,SKU033,16.0,68648.48,4290.53,0
2026-05-14,SKU033,17.0,72939.01,4290.53,0
2026-05-15,SKU033,20.0,85810.6,4290.53,0
2026-05-16,SKU033,27.0,115844.31,4290.53,0
2026-05-17,SKU033,18.0,77229.54,4290.53,0
2026-05-18,SKU033,18.0,77229.54,4290.53,0
2026-05-19,SKU033,22.0,94391.66,4290.53,0
2026-05-20,SKU033,16.0,68648.48,4290.53,0
2026-05-21,SKU033,16.0,68648.48,4290.53,0
2026-05-22,SKU033,23.0,98682.19,4290.53,0
2026-05-23,SKU033,30.0,128715.9,4290.53,0
2026-05-24,SKU033,19.0,81520.07,4290.53,0
2026-05-25,SKU033,17.0,72939.01,4290.53,0
2026-05-26,SKU033,22.0,94391.66,4290.53,0
2026-05-27,SKU033,22.0,94391.66,4290.53,0
2026-05-28,SKU033,14.0,60067.42,4290.53,0
2026-05-29,SKU033,23.0,98682.19,4290.53,0
2026-05-30,SKU033,20.0,85810.6,4290.53,0
2026-05-31,SKU033,15.0,64357.95,4290.53,0
2026-06-01,SKU033,29.0,124425.37,4290.53,0
2026-06-02,SKU033,21.0,90101.13,4290.53,0
2026-06-03,SKU033,23.0,98682.19,4290.53,0
2026-06-04,SKU033,18.0,77229.54,4290.53,0
2026-06-05,SKU033,35.0,150168.55,4290.53,0
2026-06-06,SKU033,24.0,102972.72,4290.53,0
2026-06-07,SKU033,27.0,115844.31,4290.53,0
2026-06-08,SKU033,19.0,81520.07,4290.53,0
2026-06-09,SKU033,20.0,85810.6,4290.53,0
2026-06-10,SKU033,21.0,82893.04,4290.53,1
2026-06-11,SKU033,28.0,110524.05,4290.53,1
2026-06-12,SKU033,35.0,138155.07,4290.53,1
2026-06-13,SKU033,25.0,98682.19,4290.53,1
2026-06-14,SKU033,18.0,71051.18,4290.53,1
2026-06-15,SKU033,28.0,110524.05,4290.53,1
2026-06-16,SKU033,44.0,173680.65,4290.53,1
2026-06-17,SKU033,34.0,134207.78,4290.53,1
2026-06-18,SKU033,33.0,130260.49,4290.53,1
2026-06-19,SKU033,25.0,98682.19,4290.53,1
2026-06-20,SKU033,39.0,153944.22,4290.53,1
2026-06-21,SKU033,23.0,98682.19,4290.53,0
2026-06-22,SKU033,19.0,81520.07,4290.53,0
2026-06-23,SKU033,21.0,90101.13,4290.53,0
2026-06-24,SKU033,18.0,77229.54,4290.53,0
2026-06-25,SKU033,21.0,90101.13,4290.53,0
2026-06-26,SKU033,20.0,85810.6,4290.53,0
2026-06-27,SKU033,27.0,115844.31,4290.53,0
2026-06-28,SKU033,33.0,141587.49,4290.53,0
2026-06-29,SKU033,19.0,81520.07,4290.53,0
2026-06-30,SKU033,20.0,85810.6,4290.53,0
2025-01-01,SKU034,80.0,109565.6,1369.57,0
2025-01-02,SKU034,89.0,121891.73,1369.57,0
2025-01-03,SKU034,91.0,124630.87,1369.57,0
2025-01-04,SKU034,104.0,142435.28,1369.57,0
2025-01-05,SKU034,55.0,75326.35,1369.57,0
2025-01-06,SKU034,66.0,90391.62,1369.57,0
2025-01-07,SKU034,78.0,106826.46,1369.57,0
2025-01-08,SKU034,64.0,87652.48,1369.57,0
2025-01-09,SKU034,53.0,72587.21,1369.57,0
2025-01-10,SKU034,63.0,79380.28,1369.57,1
2025-01-11,SKU034,142.0,178920.62,1369.57,1
2025-01-12,SKU034,45.0,56700.2,1369.57,1
2025-01-13,SKU034,90.0,113400.4,1369.57,1
2025-01-14,SKU034,80.0,100800.35,1369.57,1
2025-01-15,SKU034,77.0,97020.34,1369.57,1
2025-01-16,SKU034,60.0,82174.2,1369.57,0
2025-01-17,SKU034,75.0,102717.75,1369.57,0
2025-01-18,SKU034,69.0,94500.33,1369.57,0
2025-01-19,SKU034,69.0,94500.33,1369.57,0
2025-01-20,SKU034,59.0,80804.63,1369.57,0
2025-01-21,SKU034,46.0,63000.22,1369.57,0
2025-01-22,SKU034,56.0,76695.92,1369.57,0
2025-01-23,SKU034,66.0,90391.62,1369.57,0
2025-01-24,SKU034,81.0,110935.17,1369.57,0
2025-01-25,SKU034,56.0,76695.92,1369.57,0
2025-01-26,SKU034,68.0,93130.76,1369.57,0
2025-01-27,SKU034,57.0,78065.49,1369.57,0
2025-01-28,SKU034,54.0,73956.78,1369.57,0
2025-01-29,SKU034,59.0,80804.63,1369.57,0
2025-01-30,SKU034,63.0,86282.91,1369.57,0
2025-01-31,SKU034,67.0,91761.19,1369.57,0
2025-02-01,SKU034,64.0,87652.48,1369.57,0
2025-02-02,SKU034,85.0,116413.45,1369.57,0
2025-02-03,SKU034,66.0,90391.62,1369.57,0
2025-02-04,SKU034,71.0,97239.47,1369.57,0
2025-02-05,SKU034,70.0,95869.9,1369.57,0
2025-02-06,SKU034,95.0,130109.15,1369.57,0
2025-02-07,SKU034,77.0,105456.89,1369.57,0
2025-02-08,SKU034,105.0,143804.85,1369.57,0
2025-02-09,SKU034,,126000.44,1369.57,0
2025-02-10,SKU034,67.0,91761.19,1369.57,0
2025-02-11,SKU034,51.0,69848.07,1369.57,0
2025-02-12,SKU034,51.0,69848.07,1369.57,0
2025-02-13,SKU034,66.0,90391.62,1369.57,0
2025-02-14,SKU034,76.0,104087.32,1369.57,0
2025-02-15,SKU034,74.0,101348.18,1369.57,0
2025-02-16,SKU034,54.0,73956.78,1369.57,0
2025-02-17,SKU034,57.0,78065.49,1369.57,0
2025-02-18,SKU034,66.0,90391.62,1369.57,0
2025-02-19,SKU034,67.0,91761.19,1369.57,0
2025-02-20,SKU034,59.0,80804.63,1369.57,0
2025-02-21,SKU034,88.0,120522.16,1369.57,0
2025-02-22,SKU034,62.0,84913.34,1369.57,0
2025-02-23,SKU034,74.0,101348.18,1369.57,0
2025-02-24,SKU034,74.0,101348.18,1369.57,0
2025-02-25,SKU034,56.0,76695.92,1369.57,0
2025-02-26,SKU034,72.0,98609.04,1369.57,0
2025-02-27,SKU034,64.0,87652.48,1369.57,0
2025-02-28,SKU034,74.0,101348.18,1369.57,0
2025-03-01,SKU034,69.0,94500.33,1369.57,0
2025-03-02,SKU034,54.0,73956.78,1369.57,0
2025-03-03,SKU034,57.0,78065.49,1369.57,0
2025-03-04,SKU034,80.0,109565.6,1369.57,0
2025-03-05,SKU034,51.0,69848.07,1369.57,0
2025-03-06,SKU034,65.0,89022.05,1369.57,0
2025-03-07,SKU034,67.0,91761.19,1369.57,0
2025-03-08,SKU034,90.0,123261.3,1369.57,0
2025-03-09,SKU034,66.0,90391.62,1369.57,0
2025-03-10,SKU034,45.0,61630.65,1369.57,0
2025-03-11,SKU034,63.0,86282.91,1369.57,0
2025-03-12,SKU034,71.0,97239.47,1369.57,0
2025-03-13,SKU034,72.0,98609.04,1369.57,0
2025-03-14,SKU034,50.0,68478.5,1369.57,0
2025-03-15,SKU034,65.0,89022.05,1369.57,0
2025-03-16,SKU034,64.0,87652.48,1369.57,0
2025-03-17,SKU034,52.0,71217.64,1369.57,0
2025-03-18,SKU034,62.0,84913.34,1369.57,0
2025-03-19,SKU034,51.0,69848.07,1369.57,0
2025-03-20,SKU034,93.0,117180.41,1369.57,1
2025-03-21,SKU034,119.0,149940.52,1369.57,1
2025-03-22,SKU034,112.0,141120.49,1369.57,1
2025-03-23,SKU034,79.0,99540.35,1369.57,1
2025-03-24,SKU034,78.0,98280.34,1369.57,1
2025-03-25,SKU034,98.0,123480.43,1369.57,1
2025-03-26,SKU034,95.0,119700.42,1369.57,1
2025-03-27,SKU034,96.0,120960.42,1369.57,1
2025-03-28,SKU034,79.0,108196.03,1369.57,0
2025-03-29,SKU034,81.0,110935.17,1369.57,0
2025-03-30,SKU034,67.0,91761.19,1369.57,0
2025-03-31,SKU034,83.0,113674.31,1369.57,0
2025-04-01,SKU034,62.0,84913.34,1369.57,0
2025-04-02,SKU034,56.0,76695.92,1369.57,0
2025-04-03,SKU034,43.0,58891.51,1369.57,0
2025-04-04,SKU034,99.0,135587.43,1369.57,0
2025-04-05,SKU034,91.0,124630.87,1369.57,0
2025-04-06,SKU034,50.0,68478.5,1369.57,0
2025-04-07,SKU034,47.0,64369.79,1369.57,0
2025-04-08,SKU034,61.0,83543.77,1369.57,0
2025-04-09,SKU034,63.0,86282.91,1369.57,0
2025-04-10,SKU034,65.0,89022.05,1369.57,0
2025-04-11,SKU034,81.0,110935.17,1369.57,0
2025-04-12,SKU034,85.0,116413.45,1369.57,0
2025-04-13,SKU034,51.0,69848.07,1369.57,0
2025-04-14,SKU034,66.0,90391.62,1369.57,0
2025-04-15,SKU034,84.0,115043.88,1369.57,0
2025-04-16,SKU034,53.0,72587.21,1369.57,0
2025-04-17,SKU034,71.0,97239.47,1369.57,0
2025-04-18,SKU034,80.0,109565.6,1369.57,0
2025-04-19,SKU034,50.0,68478.5,1369.57,0
2025-04-20,SKU034,72.0,98609.04,1369.57,0
2025-04-21,SKU034,57.0,78065.49,1369.57,0
2025-04-22,SKU034,82.0,112304.74,1369.57,0
2025-04-23,SKU034,69.0,94500.33,1369.57,0
2025-04-24,SKU034,46.0,63000.22,1369.57,0
2025-04-25,SKU034,82.0,112304.74,1369.57,0
2025-04-26,SKU034,82.0,112304.74,1369.57,0
2025-04-27,SKU034,76.0,104087.32,1369.57,0
2025-04-28,SKU034,55.0,75326.35,1369.57,0
2025-04-29,SKU034,77.0,105456.89,1369.57,0
2025-04-30,SKU034,45.0,61630.65,1369.57,0
2025-05-01,SKU034,82.0,112304.74,1369.57,0
2025-05-02,SKU034,83.0,113674.31,1369.57,0
2025-05-03,SKU034,85.0,116413.45,1369.57,0
2025-05-04,SKU034,63.0,86282.91,1369.57,0
2025-05-05,SKU034,78.0,106826.46,1369.57,0
2025-05-06,SKU034,61.0,83543.77,1369.57,0
2025-05-07,SKU034,66.0,90391.62,1369.57,0
2025-05-08,SKU034,66.0,90391.62,1369.57,0
2025-05-09,SKU034,80.0,109565.6,1369.57,0
2025-05-10,SKU034,91.0,124630.87,1369.57,0
2025-05-11,SKU034,61.0,83543.77,1369.57,0
2025-05-12,SKU034,50.0,68478.5,1369.57,0
2025-05-13,SKU034,73.0,99978.61,1369.57,0
2025-05-14,SKU034,62.0,84913.34,1369.57,0
2025-05-15,SKU034,80.0,109565.6,1369.57,0
2025-05-16,SKU034,81.0,110935.17,1369.57,0
2025-05-17,SKU034,88.0,120522.16,1369.57,0
2025-05-18,SKU034,53.0,72587.21,1369.57,0
2025-05-19,SKU034,59.0,80804.63,1369.57,0
2025-05-20,SKU034,44.0,60261.08,1369.57,0
2025-05-21,SKU034,66.0,90391.62,1369.57,0
2025-05-22,SKU034,61.0,83543.77,1369.57,0
2025-05-23,SKU034,60.0,82174.2,1369.57,0
2025-05-24,SKU034,61.0,83543.77,1369.57,0
2025-05-25,SKU034,55.0,75326.35,1369.57,0
2025-05-26,SKU034,69.0,94500.33,1369.57,0
2025-05-27,SKU034,81.0,110935.17,1369.57,0
2025-05-28,SKU034,71.0,97239.47,1369.57,0
2025-05-29,SKU034,55.0,75326.35,1369.57,0
2025-05-30,SKU034,66.0,90391.62,1369.57,0
2025-05-31,SKU034,108.0,147913.56,1369.57,0
2025-06-01,SKU034,76.0,104087.32,1369.57,0
2025-06-02,SKU034,70.0,95869.9,1369.57,0
2025-06-03,SKU034,83.0,113674.31,1369.57,0
2025-06-04,SKU034,83.0,113674.31,1369.57,0
2025-06-05,SKU034,75.0,102717.75,1369.57,0
2025-06-06,SKU034,69.0,94500.33,1369.57,0
2025-06-07,SKU034,99.0,135587.43,1369.57,0
2025-06-08,SKU034,75.0,102717.75,1369.57,0
2025-06-09,SKU034,42.0,57521.94,1369.57,0
2025-06-10,SKU034,108.0,136080.48,1369.57,1
2025-06-11,SKU034,99.0,124740.44,1369.57,1
2025-06-12,SKU034,65.0,81900.29,1369.57,1
2025-06-13,SKU034,101.0,127260.44,1369.57,1
2025-06-14,SKU034,115.0,144900.51,1369.57,1
2025-06-15,SKU034,90.0,113400.4,1369.57,1
2025-06-16,SKU034,73.0,91980.32,1369.57,1
2025-06-17,SKU034,88.0,110880.39,1369.57,1
2025-06-18,SKU034,104.0,131040.46,1369.57,1
2025-06-19,SKU034,113.0,142380.5,1369.57,1
2025-06-20,SKU034,108.0,136080.48,1369.57,1
2025-06-21,SKU034,73.0,99978.61,1369.57,0
2025-06-22,SKU034,74.0,101348.18,1369.57,0
2025-06-23,SKU034,80.0,109565.6,1369.57,0
2025-06-24,SKU034,48.0,65739.36,1369.57,0
2025-06-25,SKU034,67.0,91761.19,1369.57,0
2025-06-26,SKU034,75.0,102717.75,1369.57,0
2025-06-27,SKU034,106.0,145174.42,1369.57,0
2025-06-28,SKU034,51.0,69848.07,1369.57,0
2025-06-29,SKU034,97.0,132848.29,1369.57,0
2025-06-30,SKU034,49.0,67108.93,1369.57,0
2025-07-01,SKU034,78.0,106826.46,1369.57,0
2025-07-02,SKU034,63.0,86282.91,1369.57,0
2025-07-03,SKU034,79.0,108196.03,1369.57,0
2025-07-04,SKU034,93.0,127370.01,1369.57,0
2025-07-05,SKU034,90.0,123261.3,1369.57,0
2025-07-06,SKU034,70.0,95869.9,1369.57,0
2025-07-07,SKU034,71.0,97239.47,1369.57,0
2025-07-08,SKU034,63.0,86282.91,1369.57,0
2025-07-09,SKU034,58.0,79435.06,1369.57,0
2025-07-10,SKU034,68.0,93130.76,1369.57,0
2025-07-11,SKU034,87.0,119152.59,1369.57,0
2025-07-12,SKU034,80.0,109565.6,1369.57,0
2025-07-13,SKU034,66.0,90391.62,1369.57,0
2025-07-14,SKU034,74.0,101348.18,1369.57,0
2025-07-15,SKU034,68.0,93130.76,1369.57,0
2025-07-16,SKU034,68.0,93130.76,1369.57,0
2025-07-17,SKU034,83.0,113674.31,1369.57,0
2025-07-18,SKU034,99.0,135587.43,1369.57,0
2025-07-19,SKU034,73.0,99978.61,1369.57,0
2025-07-20,SKU034,94.0,128739.58,1369.57,0
2025-07-21,SKU034,51.0,69848.07,1369.57,0
2025-07-22,SKU034,70.0,95869.9,1369.57,0
2025-07-23,SKU034,73.0,99978.61,1369.57,0
2025-07-24,SKU034,67.0,91761.19,1369.57,0
2025-07-25,SKU034,92.0,126000.44,1369.57,0
2025-07-26,SKU034,81.0,110935.17,1369.57,0
2025-07-27,SKU034,102.0,139696.14,1369.57,0
2025-07-28,SKU034,106.0,145174.42,1369.57,0
2025-07-29,SKU034,70.0,95869.9,1369.57,0
2025-07-30,SKU034,80.0,109565.6,1369.57,0
2025-07-31,SKU034,78.0,106826.46,1369.57,0
2025-08-01,SKU034,104.0,142435.28,1369.57,0
2025-08-02,SKU034,67.0,91761.19,1369.57,0
2025-08-03,SKU034,51.0,69848.07,1369.57,0
2025-08-04,SKU034,44.0,60261.08,1369.57,0
2025-08-05,SKU034,64.0,87652.48,1369.57,0
2025-08-06,SKU034,77.0,105456.89,1369.57,0
2025-08-07,SKU034,85.0,116413.45,1369.57,0
2025-08-08,SKU034,110.0,150652.7,1369.57,0
2025-08-09,SKU034,67.0,91761.19,1369.57,0
2025-08-10,SKU034,73.0,99978.61,1369.57,0
2025-08-11,SKU034,85.0,116413.45,1369.57,0
2025-08-12,SKU034,108.0,147913.56,1369.57,0
2025-08-13,SKU034,88.0,120522.16,1369.57,0
2025-08-14,SKU034,73.0,99978.61,1369.57,0
2025-08-15,SKU034,106.0,145174.42,1369.57,0
2025-08-16,SKU034,101.0,138326.57,1369.57,0
2025-08-17,SKU034,78.0,106826.46,1369.57,0
2025-08-18,SKU034,,91761.19,1369.57,0
2025-08-19,SKU034,75.0,102717.75,1369.57,0
2025-08-20,SKU034,72.0,98609.04,1369.57,0
2025-08-21,SKU034,72.0,98609.04,1369.57,0
2025-08-22,SKU034,84.0,115043.88,1369.57,0
2025-08-23,SKU034,84.0,115043.88,1369.57,0
2025-08-24,SKU034,60.0,82174.2,1369.57,0
2025-08-25,SKU034,81.0,110935.17,1369.57,0
2025-08-26,SKU034,92.0,126000.44,1369.57,0
2025-08-27,SKU034,65.0,89022.05,1369.57,0
2025-08-28,SKU034,85.0,116413.45,1369.57,0
2025-08-29,SKU034,83.0,113674.31,1369.57,0
2025-08-30,SKU034,77.0,105456.89,1369.57,0
2025-08-31,SKU034,69.0,94500.33,1369.57,0
2025-09-01,SKU034,64.0,87652.48,1369.57,0
2025-09-02,SKU034,49.0,67108.93,1369.57,0
2025-09-03,SKU034,92.0,126000.44,1369.57,0
2025-09-04,SKU034,61.0,83543.77,1369.57,0
2025-09-05,SKU034,59.0,80804.63,1369.57,0
2025-09-06,SKU034,88.0,120522.16,1369.57,0
2025-09-07,SKU034,62.0,84913.34,1369.57,0
2025-09-08,SKU034,57.0,78065.49,1369.57,0
2025-09-09,SKU034,75.0,102717.75,1369.57,0
2025-09-10,SKU034,62.0,84913.34,1369.57,0
2025-09-11,SKU034,91.0,124630.87,1369.57,0
2025-09-12,SKU034,67.0,91761.19,1369.57,0
2025-09-13,SKU034,66.0,90391.62,1369.57,0
2025-09-14,SKU034,65.0,89022.05,1369.57,0
2025-09-15,SKU034,35.0,47934.95,1369.57,0
2025-09-16,SKU034,81.0,110935.17,1369.57,0
2025-09-17,SKU034,53.0,72587.21,1369.57,0
2025-09-18,SKU034,50.0,68478.5,1369.57,0
2025-09-19,SKU034,86.0,117783.02,1369.57,0
2025-09-20,SKU034,82.0,112304.74,1369.57,0
2025-09-21,SKU034,59.0,80804.63,1369.57,0
2025-09-22,SKU034,61.0,83543.77,1369.57,0
2025-09-23,SKU034,76.0,104087.32,1369.57,0
2025-09-24,SKU034,84.0,115043.88,1369.57,0
2025-09-25,SKU034,58.0,79435.06,1369.57,0
2025-09-26,SKU034,80.0,109565.6,1369.57,0
2025-09-27,SKU034,65.0,89022.05,1369.57,0
2025-09-28,SKU034,68.0,93130.76,1369.57,0
2025-09-29,SKU034,47.0,64369.79,1369.57,0
2025-09-30,SKU034,89.0,121891.73,1369.57,0
2025-10-01,SKU034,92.0,115920.4,1369.57,1
2025-10-02,SKU034,100.0,126000.44,1369.57,1
2025-10-03,SKU034,92.0,115920.4,1369.57,1
2025-10-04,SKU034,88.0,110880.39,1369.57,1
2025-10-05,SKU034,65.0,81900.29,1369.57,1
2025-10-06,SKU034,60.0,75600.26,1369.57,1
2025-10-07,SKU034,82.0,103320.36,1369.57,1
2025-10-08,SKU034,83.0,104580.37,1369.57,1
2025-10-09,SKU034,66.0,83160.29,1369.57,1
2025-10-10,SKU034,81.0,102060.36,1369.57,1
2025-10-11,SKU034,62.0,84913.34,1369.57,0
2025-10-12,SKU034,79.0,108196.03,1369.57,0
2025-10-13,SKU034,53.0,72587.21,1369.57,0
2025-10-14,SKU034,58.0,79435.06,1369.57,0
2025-10-15,SKU034,73.0,99978.61,1369.57,0
2025-10-16,SKU034,67.0,91761.19,1369.57,0
2025-10-17,SKU034,104.0,142435.28,1369.57,0
2025-10-18,SKU034,82.0,112304.74,1369.57,0
2025-10-19,SKU034,67.0,91761.19,1369.57,0
2025-10-20,SKU034,51.0,69848.07,1369.57,0
2025-10-21,SKU034,78.0,106826.46,1369.57,0
2025-10-22,SKU034,63.0,86282.91,1369.57,0
2025-10-23,SKU034,64.0,87652.48,1369.57,0
2025-10-24,SKU034,94.0,128739.58,1369.57,0
2025-10-25,SKU034,70.0,95869.9,1369.57,0
2025-10-26,SKU034,74.0,101348.18,1369.57,0
2025-10-27,SKU034,60.0,82174.2,1369.57,0
2025-10-28,SKU034,49.0,67108.93,1369.57,0
2025-10-29,SKU034,81.0,110935.17,1369.57,0
2025-10-30,SKU034,70.0,95869.9,1369.57,0
2025-10-31,sku034,78.0,106826.46,1369.57,0
2025-11-01,SKU034,82.0,112304.74,1369.57,0
2025-11-02,SKU034,60.0,82174.2,1369.57,0
2025-11-03,SKU034,59.0,80804.63,1369.57,0
2025-11-04,SKU034,76.0,104087.32,1369.57,0
2025-11-05,SKU034,65.0,89022.05,1369.57,0
2025-11-06,SKU034,58.0,79435.06,1369.57,0
2025-11-07,SKU034,68.0,93130.76,1369.57,0
2025-11-08,SKU034,73.0,99978.61,1369.57,0
2025-11-09,SKU034,78.0,106826.46,1369.57,0
2025-11-10,SKU034,55.0,75326.35,1369.57,0
2025-11-11,SKU034,63.0,86282.91,1369.57,0
2025-11-12,SKU034,66.0,90391.62,1369.57,0
2025-11-13,SKU034,71.0,97239.47,1369.57,0
2025-11-14,SKU034,66.0,90391.62,1369.57,0
2025-11-15,SKU034,88.0,120522.16,1369.57,0
2025-11-16,SKU034,58.0,79435.06,1369.57,0
2025-11-17,SKU034,64.0,87652.48,1369.57,0
2025-11-18,SKU034,58.0,79435.06,1369.57,0
2025-11-19,SKU034,66.0,90391.62,1369.57,0
2025-11-20,SKU034,103.0,129780.45,1369.57,1
2025-11-21,SKU034,96.0,120960.42,1369.57,1
2025-11-22,SKU034,115.0,144900.51,1369.57,1
2025-11-23,SKU034,92.0,115920.4,1369.57,1
2025-11-24,SKU034,79.0,99540.35,1369.57,1
2025-11-25,SKU034,80.0,100800.35,1369.57,1
2025-11-26,SKU034,82.0,103320.36,1369.57,1
2025-11-27,SKU034,78.0,98280.34,1369.57,1
2025-11-28,SKU034,99.0,124740.44,1369.57,1
2025-11-29,SKU034,84.0,105840.37,1369.57,1
2025-11-30,SKU034,61.0,76860.27,1369.57,1
2025-12-01,SKU034,53.0,72587.21,1369.57,0
2025-12-02,SKU034,52.0,71217.64,1369.57,0
2025-12-03,SKU034,71.0,97239.47,1369.57,0
2025-12-04,SKU034,57.0,78065.49,1369.57,0
2025-12-05,SKU034,97.0,132848.29,1369.57,0
2025-12-06,SKU034,73.0,99978.61,1369.57,0
2025-12-07,SKU034,85.0,116413.45,1369.57,0
2025-12-08,SKU034,103.0,141065.71,1369.57,0
2025-12-09,SKU034,63.0,86282.91,1369.57,0
2025-12-10,SKU034,82.0,112304.74,1369.57,0
2025-12-11,SKU034,79.0,108196.03,1369.57,0
2025-12-12,SKU034,89.0,121891.73,1369.57,0
2025-12-13,SKU034,66.0,90391.62,1369.57,0
2025-12-14,SKU034,58.0,79435.06,1369.57,0
2025-12-15,SKU034,86.0,108360.38,1369.57,1
2025-12-16,SKU034,102.0,128520.45,1369.57,1
2025-12-17,SKU034,127.0,160020.56,1369.57,1
2025-12-18,SKU034,128.0,161280.56,1369.57,1
2025-12-19,SKU034,93.0,117180.41,1369.57,1
2025-12-20,SKU034,109.0,137340.48,1369.57,1
2025-12-21,SKU034,105.0,132300.46,1369.57,1
2025-12-22,SKU034,89.0,112140.39,1369.57,1
2025-12-23,SKU034,90.0,113400.4,1369.57,1
2025-12-24,SKU034,106.0,133560.47,1369.57,1
2025-12-25,SKU034,126.0,158760.55,1369.57,1
2025-12-26,SKU034,122.0,153720.54,1369.57,1
2025-12-27,SKU034,119.0,149940.52,1369.57,1
2025-12-28,SKU034,110.0,138600.48,1369.57,1
2025-12-29,SKU034,88.0,110880.39,1369.57,1
2025-12-30,SKU034,89.0,112140.39,1369.57,1
2025-12-31,SKU034,96.0,120960.42,1369.57,1
2026-01-01,SKU034,71.0,97239.47,1369.57,0
2026-01-02,SKU034,65.0,89022.05,1369.57,0
2026-01-03,SKU034,73.0,99978.61,1369.57,0
2026-01-04,SKU034,96.0,131478.72,1369.57,0
2026-01-05,SKU034,84.0,115043.88,1369.57,0
2026-01-06,SKU034,57.0,78065.49,1369.57,0
2026-01-07,SKU034,63.0,86282.91,1369.57,0
2026-01-08,SKU034,76.0,104087.32,1369.57,0
2026-01-09,SKU034,94.0,128739.58,1369.57,0
2026-01-10,SKU034,83.0,113674.31,1369.57,0
2026-01-11,SKU034,90.0,123261.3,1369.57,0
2026-01-12,SKU034,57.0,78065.49,1369.57,0
2026-01-13,SKU034,90.0,123261.3,1369.57,0
2026-01-14,SKU034,57.0,78065.49,1369.57,0
2026-01-15,SKU034,76.0,104087.32,1369.57,0
2026-01-16,SKU034,103.0,141065.71,1369.57,0
2026-01-17,SKU034,89.0,121891.73,1369.57,0
2026-01-18,SKU034,84.0,115043.88,1369.57,0
2026-01-19,SKU034,70.0,95869.9,1369.57,0
2026-01-20,SKU034,64.0,87652.48,1369.57,0
2026-01-21,SKU034,88.0,120522.16,1369.57,0
2026-01-22,SKU034,58.0,79435.06,1369.57,0
2026-01-23,SKU034,100.0,136957.0,1369.57,0
2026-01-24,SKU034,72.0,98609.04,1369.57,0
2026-01-25,SKU034,73.0,99978.61,1369.57,0
2026-01-26,SKU034,87.0,119152.59,1369.57,0
2026-01-27,SKU034,96.0,131478.72,1369.57,0
2026-01-28,SKU034,62.0,84913.34,1369.57,0
2026-01-29,SKU034,59.0,80804.63,1369.57,0
2026-01-30,SKU034,95.0,130109.15,1369.57,0
2026-01-31,SKU034,76.0,104087.32,1369.57,0
2026-02-01,SKU034,115.0,157500.55,1369.57,0
2026-02-02,SKU034,57.0,78065.49,1369.57,0
2026-02-03,SKU034,59.0,80804.63,1369.57,0
2026-02-04,SKU034,107.0,146543.99,1369.57,0
2026-02-05,SKU034,73.0,99978.61,1369.57,0
2026-02-06,SKU034,87.0,119152.59,1369.57,0
2026-02-07,SKU034,109.0,149283.13,1369.57,0
2026-02-08,SKU034,72.0,98609.04,1369.57,0
2026-02-09,SKU034,60.0,82174.2,1369.57,0
2026-02-10,SKU034,86.0,117783.02,1369.57,0
2026-02-11,SKU034,77.0,105456.89,1369.57,0
2026-02-12,SKU034,65.0,89022.05,1369.57,0
2026-02-13,SKU034,78.0,106826.46,1369.57,0
2026-02-14,SKU034,70.0,95869.9,1369.57,0
2026-02-15,SKU034,54.0,73956.78,1369.57,0
2026-02-16,SKU034,54.0,73956.78,1369.57,0
2026-02-17,SKU034,93.0,127370.01,1369.57,0
2026-02-18,SKU034,76.0,104087.32,1369.57,0
2026-02-19,SKU034,101.0,138326.57,1369.57,0
2026-02-20,SKU034,74.0,101348.18,1369.57,0
2026-02-21,SKU034,99.0,135587.43,1369.57,0
2026-02-22,SKU034,77.0,105456.89,1369.57,0
2026-02-23,SKU034,62.0,84913.34,1369.57,0
2026-02-24,SKU034,60.0,82174.2,1369.57,0
2026-02-25,SKU034,77.0,105456.89,1369.57,0
2026-02-26,SKU034,73.0,99978.61,1369.57,0
2026-02-27,SKU034,82.0,112304.74,1369.57,0
2026-02-28,SKU034,101.0,138326.57,1369.57,0
2026-03-01,SKU034,52.0,71217.64,1369.57,0
2026-03-02,SKU034,46.0,63000.22,1369.57,0
2026-03-03,SKU034,53.0,72587.21,1369.57,0
2026-03-04,SKU034,71.0,97239.47,1369.57,0
2026-03-05,SKU034,60.0,82174.2,1369.57,0
2026-03-06,SKU034,64.0,87652.48,1369.57,0
2026-03-07,SKU034,62.0,84913.34,1369.57,0
2026-03-08,SKU034,108.0,147913.56,1369.57,0
2026-03-09,SKU034,68.0,93130.76,1369.57,0
2026-03-10,SKU034,82.0,112304.74,1369.57,0
2026-03-11,SKU034,77.0,105456.89,,0
2026-03-12,SKU034,68.0,93130.76,1369.57,0
2026-03-13,SKU034,86.0,117783.02,1369.57,0
2026-03-14,SKU034,73.0,99978.61,1369.57,0
2026-03-15,SKU034,80.0,100800.35,1369.57,1
2026-03-16,SKU034,77.0,97020.34,1369.57,1
2026-03-17,SKU034,117.0,147420.51,1369.57,1
2026-03-18,SKU034,98.0,123480.43,1369.57,1
2026-03-19,SKU034,89.0,112140.39,1369.57,1
2026-03-20,SKU034,106.0,133560.47,1369.57,1
2026-03-21,SKU034,113.0,142380.5,1369.57,1
2026-03-22,SKU034,108.0,136080.48,1369.57,1
2026-03-23,SKU034,114.0,143640.5,1369.57,1
2026-03-24,SKU034,92.0,115920.4,1369.57,1
2026-03-25,SKU034,120.0,151200.53,1369.57,1
2026-03-26,SKU034,79.0,108196.03,1369.57,0
2026-03-27,SKU034,97.0,132848.29,1369.57,0
2026-03-28,SKU034,87.0,119152.59,1369.57,0
2026-03-29,SKU034,61.0,83543.77,1369.57,0
2026-03-30,SKU034,78.0,106826.46,1369.57,0
2026-03-31,SKU034,66.0,90391.62,1369.57,0
2026-04-01,SKU034,76.0,104087.32,1369.57,0
2026-04-02,SKU034,82.0,112304.74,1369.57,0
2026-04-03,SKU034,66.0,90391.62,1369.57,0
2026-04-04,SKU034,87.0,119152.59,1369.57,0
2026-04-05,SKU034,73.0,99978.61,1369.57,0
2026-04-06,SKU034,59.0,80804.63,1369.57,0
2026-04-07,SKU034,70.0,95869.9,1369.57,0
2026-04-08,SKU034,65.0,89022.05,1369.57,0
2026-04-09,SKU034,86.0,117783.02,1369.57,0
2026-04-10,SKU034,95.0,130109.15,1369.57,0
2026-04-11,SKU034,69.0,94500.33,1369.57,0
2026-04-12,SKU034,70.0,95869.9,1369.57,0
2026-04-13,SKU034,66.0,90391.62,1369.57,0
2026-04-14,SKU034,65.0,89022.05,1369.57,0
2026-04-15,SKU034,87.0,119152.59,1369.57,0
2026-04-16,SKU034,70.0,95869.9,1369.57,0
2026-04-17,SKU034,93.0,127370.01,1369.57,0
2026-04-18,SKU034,74.0,101348.18,1369.57,0
2026-04-19,SKU034,,120522.16,1369.57,0
2026-04-20,SKU034,62.0,84913.34,1369.57,0
2026-04-21,SKU034,59.0,80804.63,1369.57,0
2026-04-22,SKU034,77.0,105456.89,1369.57,0
2026-04-23,SKU034,88.0,120522.16,,0
2026-04-24,SKU034,70.0,95869.9,1369.57,0
2026-04-25,SKU034,90.0,123261.3,1369.57,0
2026-04-26,SKU034,80.0,109565.6,1369.57,0
2026-04-27,SKU034,71.0,97239.47,1369.57,0
2026-04-28,SKU034,98.0,134217.86,1369.57,0
2026-04-29,SKU034,78.0,106826.46,1369.57,0
2026-04-30,SKU034,55.0,75326.35,1369.57,0
2026-05-01,SKU034,67.0,91761.19,1369.57,0
2026-05-02,SKU034,74.0,101348.18,1369.57,0
2026-05-03,SKU034,44.0,60261.08,1369.57,0
2026-05-04,SKU034,59.0,80804.63,1369.57,0
2026-05-05,SKU034,77.0,105456.89,1369.57,0
2026-05-06,SKU034,71.0,97239.47,1369.57,0
2026-05-07,SKU034,74.0,101348.18,1369.57,0
2026-05-08,SKU034,86.0,117783.02,1369.57,0
2026-05-09,SKU034,75.0,102717.75,1369.57,0
2026-05-10,SKU034,48.0,65739.36,1369.57,0
2026-05-11,SKU034,49.0,67108.93,1369.57,0
2026-05-12,SKU034,71.0,97239.47,1369.57,0
2026-05-13,SKU034,53.0,72587.21,1369.57,0
2026-05-14,SKU034,77.0,105456.89,1369.57,0
2026-05-15,SKU034,85.0,116413.45,1369.57,0
2026-05-16,SKU034,81.0,110935.17,1369.57,0
2026-05-17,SKU034,69.0,94500.33,1369.57,0
2026-05-18,SKU034,66.0,90391.62,1369.57,0
2026-05-19,SKU034,80.0,109565.6,1369.57,0
2026-05-20,SKU034,76.0,104087.32,1369.57,0
2026-05-21,SKU034,82.0,112304.74,1369.57,0
2026-05-22,SKU034,98.0,134217.86,1369.57,0
2026-05-23,SKU034,77.0,105456.89,1369.57,0
2026-05-24,SKU034,74.0,101348.18,1369.57,0
2026-05-25,SKU034,88.0,120522.16,1369.57,0
2026-05-26,SKU034,74.0,101348.18,1369.57,0
2026-05-27,SKU034,69.0,94500.33,1369.57,0
2026-05-28,SKU034,86.0,117783.02,1369.57,0
2026-05-29,SKU034,83.0,113674.31,1369.57,0
2026-05-30,SKU034,63.0,86282.91,1369.57,0
2026-05-31,SKU034,81.0,110935.17,1369.57,0
2026-06-01,SKU034,61.0,83543.77,1369.57,0
2026-06-02,SKU034,76.0,104087.32,1369.57,0
2026-06-03,SKU034,64.0,87652.48,1369.57,0
2026-06-04,SKU034,77.0,105456.89,1369.57,0
2026-06-05,SKU034,116.0,158870.12,1369.57,0
2026-06-06,SKU034,97.0,132848.29,1369.57,0
2026-06-07,SKU034,70.0,95869.9,1369.57,0
2026-06-08,SKU034,81.0,110935.17,1369.57,0
2026-06-09,SKU034,63.0,86282.91,1369.57,0
2026-06-10,SKU034,112.0,141120.49,1369.57,1
2026-06-11,SKU034,109.0,137340.48,1369.57,1
2026-06-12,SKU034,143.0,180180.63,1369.57,1
2026-06-13,SKU034,143.0,180180.63,1369.57,1
2026-06-14,SKU034,110.0,138600.48,1369.57,1
2026-06-15,SKU034,107.0,134820.47,1369.57,1
2026-06-16,SKU034,101.0,127260.44,1369.57,1
2026-06-17,SKU034,90.0,113400.4,1369.57,1
2026-06-18,SKU034,105.0,132300.46,1369.57,1
2026-06-19,SKU034,136.0,171360.6,1369.57,1
2026-06-20,SKU034,130.0,163800.57,1369.57,1
2026-06-21,SKU034,91.0,124630.87,1369.57,0
2026-06-22,SKU034,73.0,99978.61,1369.57,0
2026-06-23,SKU034,79.0,108196.03,1369.57,0
2026-06-24,SKU034,106.0,145174.42,1369.57,0
2026-06-25,SKU034,100.0,136957.0,1369.57,0
2026-06-26,SKU034,93.0,127370.01,1369.57,0
2026-06-27,SKU034,92.0,126000.44,1369.57,0
2026-06-28,SKU034,78.0,106826.46,1369.57,0
2026-06-29,SKU034,91.0,124630.87,1369.57,0
2026-06-30,SKU034,78.0,106826.46,1369.57,0
2025-01-01,SKU035,67.0,387834.19,5788.57,0
2025-01-02,SKU035,50.0,289428.5,5788.57,0
2025-01-03,SKU035,69.0,399411.33,5788.57,0
2025-01-04,SKU035,75.0,434142.75,5788.57,0
2025-01-05,SKU035,80.0,463085.6,5788.57,0
2025-01-06,SKU035,46.0,266274.22,5788.57,0
2025-01-07,SKU035,57.0,329948.49,5788.57,0
2025-01-08,SKU035,51.0,295217.07,5788.57,0
2025-01-09,SKU035,53.0,306794.21,5788.57,0
2025-01-10,SKU035,89.0,473968.11,5788.57,1
2025-01-11,SKU035,81.0,431364.24,5788.57,1
2025-01-12,SKU035,101.0,537873.92,5788.57,1
2025-01-13,SKU035,83.0,442015.21,5788.57,1
2025-01-14,SKU035,105.0,559175.86,5788.57,1
2025-01-15,SKU035,94.0,500595.53,5788.57,1
2025-01-16,SKU035,46.0,266274.22,5788.57,0
2025-01-17,SKU035,70.0,405199.9,5788.57,0
2025-01-18,SKU035,78.0,451508.46,5788.57,0
2025-01-19,SKU035,53.0,306794.21,5788.57,0
2025-01-20,SKU035,43.0,248908.51,5788.57,0
2025-01-21,SKU035,65.0,376257.05,5788.57,0
2025-01-22,SKU035,69.0,399411.33,5788.57,0
2025-01-23,SKU035,53.0,306794.21,5788.57,0
2025-01-24,SKU035,79.0,457297.03,5788.57,0
2025-01-25,SKU035,73.0,422565.61,5788.57,0
2025-01-26,SKU035,81.0,468874.17,5788.57,0
2025-01-27,SKU035,38.0,219965.66,5788.57,0
2025-01-28,SKU035,70.0,405199.9,5788.57,0
2025-01-29,SKU035,60.0,347314.2,5788.57,0
2025-01-30,SKU035,51.0,295217.07,5788.57,0
2025-01-31,SKU035,42.0,243119.94,5788.57,0
2025-02-01,SKU035,57.0,329948.49,5788.57,0
2025-02-02,SKU035,64.0,370468.48,5788.57,0
2025-02-03,SKU035,43.0,248908.51,5788.57,0
2025-02-04,SKU035,73.0,422565.61,5788.57,0
2025-02-05,SKU035,65.0,376257.05,5788.57,0
2025-02-06,SKU035,43.0,248908.51,5788.57,0
2025-02-07,SKU035,77.0,445719.89,5788.57,0
2025-02-08,SKU035,59.0,341525.63,5788.57,0
2025-02-09,SKU035,49.0,283639.93,5788.57,0
2025-02-10,SKU035,64.0,370468.48,5788.57,0
2025-02-11,SKU035,54.0,312582.78,5788.57,0
2025-02-12,SKU035,52.0,301005.64,5788.57,0
2025-02-13,SKU035,67.0,387834.19,5788.57,0
2025-02-14,SKU035,51.0,295217.07,5788.57,0
2025-02-15,SKU035,60.0,347314.2,5788.57,0
2025-02-16,SKU035,67.0,387834.19,5788.57,0
2025-02-17,SKU035,52.0,301005.64,5788.57,0
2025-02-18,SKU035,49.0,283639.93,5788.57,0
2025-02-19,SKU035,64.0,370468.48,5788.57,0
2025-02-20,SKU035,55.0,318371.35,5788.57,0
2025-02-21,SKU035,71.0,410988.47,5788.57,0
2025-02-22,SKU035,60.0,347314.2,5788.57,0
2025-02-23,SKU035,53.0,306794.21,5788.57,0
2025-02-24,SKU035,63.0,364679.91,5788.57,0
2025-02-25,SKU035,72.0,416777.04,5788.57,0
2025-02-26,SKU035,50.0,289428.5,5788.57,0
2025-02-27,SKU035,78.0,451508.46,5788.57,0
2025-02-28,SKU035,95.0,549914.15,5788.57,0
2025-03-01,SKU035,60.0,347314.2,5788.57,0
2025-03-02,SKU035,76.0,439931.32,5788.57,0
2025-03-03,SKU035,51.0,295217.07,5788.57,0
2025-03-04,SKU035,65.0,376257.05,5788.57,0
2025-03-05,SKU035,93.0,538337.01,5788.57,0
2025-03-06,SKU035,53.0,306794.21,5788.57,0
2025-03-07,SKU035,74.0,428354.18,5788.57,0
2025-03-08,SKU035,62.0,358891.34,5788.57,0
2025-03-09,SKU035,55.0,318371.35,5788.57,0
2025-03-10,SKU035,58.0,335737.06,5788.57,0
2025-03-11,SKU035,79.0,457297.03,5788.57,0
2025-03-12,SKU035,47.0,272062.79,5788.57,0
2025-03-13,SKU035,53.0,306794.21,5788.57,0
2025-03-14,SKU035,81.0,468874.17,5788.57,0
2025-03-15,SKU035,66.0,382045.62,5788.57,0
2025-03-16,SKU035,45.0,260485.65,5788.57,0
2025-03-17,SKU035,52.0,301005.64,5788.57,0
2025-03-18,SKU035,78.0,451508.46,5788.57,0
2025-03-19,SKU035,62.0,358891.34,5788.57,0
2025-03-20,SKU035,76.0,404736.81,5788.57,1
2025-03-21,SKU035,130.0,692312.97,5788.57,1
2025-03-22,SKU035,129.0,686987.49,5788.57,1
2025-03-23,SKU035,71.0,378109.39,5788.57,1
2025-03-24,SKU035,59.0,314203.58,5788.57,1
2025-03-25,SKU035,72.0,383434.88,5788.57,1
2025-03-26,SKU035,83.0,442015.21,5788.57,1
2025-03-27,SKU035,81.0,431364.24,5788.57,1
2025-03-28,SKU035,83.0,480451.31,5788.57,0
2025-03-29,SKU035,62.0,358891.34,5788.57,0
2025-03-30,SKU035,37.0,214177.09,5788.57,0
2025-03-31,SKU035,37.0,214177.09,5788.57,0
2025-04-01,SKU035,60.0,347314.2,5788.57,0
2025-04-02,SKU035,61.0,353102.77,5788.57,0
2025-04-03,SKU035,57.0,329948.49,5788.57,0
2025-04-04,SKU035,82.0,474662.74,5788.57,0
2025-04-05,SKU035,59.0,341525.63,5788.57,0
2025-04-06,SKU035,49.0,283639.93,5788.57,0
2025-04-07,SKU035,50.0,289428.5,5788.57,0
2025-04-08,SKU035,66.0,382045.62,5788.57,0
2025-04-09,SKU035,59.0,341525.63,5788.57,0
2025-04-10,SKU035,69.0,399411.33,5788.57,0
2025-04-11,SKU035,78.0,451508.46,5788.57,0
2025-04-12,SKU035,65.0,376257.05,5788.57,0
2025-04-13,SKU035,48.0,277851.36,5788.57,0
2025-04-14,SKU035,47.0,272062.79,5788.57,0
2025-04-15,SKU035,69.0,399411.33,5788.57,0
2025-04-16,SKU035,50.0,289428.5,5788.57,0
2025-04-17,SKU035,40.0,231542.8,5788.57,0
2025-04-18,SKU035,60.0,347314.2,5788.57,0
2025-04-19,SKU035,88.0,509394.16,5788.57,0
2025-04-20,SKU035,63.0,364679.91,5788.57,0
2025-04-21,SKU035,45.0,260485.65,5788.57,0
2025-04-22,SKU035,42.0,243119.94,5788.57,0
2025-04-23,SKU035,50.0,289428.5,5788.57,0
2025-04-24,SKU035,45.0,260485.65,5788.57,0
2025-04-25,SKU035,48.0,277851.36,5788.57,0
2025-04-26,SKU035,47.0,272062.79,5788.57,0
2025-04-27,SKU035,61.0,353102.77,5788.57,0
2025-04-28,SKU035,39.0,225754.23,5788.57,0
2025-04-29,SKU035,71.0,410988.47,5788.57,0
2025-04-30,SKU035,40.0,231542.8,5788.57,0
2025-05-01,SKU035,61.0,353102.77,5788.57,0
2025-05-02,SKU035,73.0,422565.61,5788.57,0
2025-05-03,SKU035,70.0,405199.9,5788.57,0
2025-05-04,SKU035,51.0,295217.07,5788.57,0
2025-05-05,SKU035,44.0,254697.08,5788.57,0
2025-05-06,SKU035,55.0,318371.35,5788.57,0
2025-05-07,SKU035,62.0,358891.34,5788.57,0
2025-05-08,SKU035,63.0,364679.91,5788.57,0
2025-05-09,SKU035,83.0,480451.31,5788.57,0
2025-05-10,SKU035,68.0,393622.76,5788.57,0
2025-05-11,SKU035,38.0,219965.66,5788.57,0
2025-05-12,SKU035,49.0,283639.93,5788.57,0
2025-05-13,SKU035,51.0,295217.07,5788.57,0
2025-05-14,SKU035,81.0,468874.17,5788.57,0
2025-05-15,SKU035,53.0,306794.21,5788.57,0
2025-05-16,SKU035,70.0,405199.9,5788.57,0
2025-05-17,SKU035,70.0,405199.9,5788.57,0
2025-05-18,SKU035,57.0,329948.49,5788.57,0
2025-05-19,SKU035,42.0,243119.94,5788.57,0
2025-05-20,SKU035,48.0,277851.36,5788.57,0
2025-05-21,SKU035,71.0,410988.47,5788.57,0
2025-05-22,SKU035,59.0,341525.63,5788.57,0
2025-05-23,SKU035,69.0,399411.33,5788.57,0
2025-05-24,SKU035,58.0,335737.06,5788.57,0
2025-05-25,SKU035,71.0,410988.47,5788.57,0
2025-05-26,SKU035,71.0,410988.47,5788.57,0
2025-05-27,SKU035,61.0,353102.77,5788.57,0
2025-05-28,SKU035,67.0,387834.19,5788.57,0
2025-05-29,SKU035,77.0,445719.89,5788.57,0
2025-05-30,SKU035,73.0,422565.61,5788.57,0
2025-05-31,SKU035,84.0,486239.88,5788.57,0
2025-06-01,SKU035,60.0,347314.2,5788.57,0
2025-06-02,SKU035,75.0,434142.75,5788.57,0
2025-06-03,SKU035,63.0,364679.91,5788.57,0
2025-06-04,SKU035,69.0,399411.33,5788.57,0
2025-06-05,SKU035,93.0,538337.01,5788.57,0
2025-06-06,SKU035,76.0,439931.32,5788.57,0
2025-06-07,SKU035,68.0,393622.76,5788.57,0
2025-06-08,SKU035,68.0,393622.76,5788.57,0
2025-06-09,SKU035,49.0,283639.93,5788.57,0
2025-06-10,SKU035,79.0,420713.27,5788.57,1
2025-06-11,SKU035,106.0,564501.35,5788.57,1
2025-06-12,SKU035,95.0,505921.02,5788.57,1
2025-06-13,SKU035,92.0,489944.56,5788.57,1
2025-06-14,SKU035,98.0,521897.47,5788.57,1
2025-06-15,SKU035,109.0,580477.8,5788.57,1
2025-06-16,SKU035,65.0,346156.49,5788.57,1
2025-06-17,SKU035,80.0,426038.75,5788.57,1
2025-06-18,SKU035,103.0,548524.89,5788.57,1
2025-06-19,SKU035,51.0,271599.7,5788.57,1
2025-06-20,SKU035,116.0,617756.19,5788.57,1
2025-06-21,SKU035,77.0,445719.89,5788.57,0
2025-06-22,SKU035,60.0,347314.2,5788.57,0
2025-06-23,SKU035,48.0,277851.36,5788.57,0
2025-06-24,SKU035,77.0,445719.89,5788.57,0
2025-06-25,SKU035,49.0,283639.93,5788.57,0
2025-06-26,SKU035,56.0,324159.92,5788.57,0
2025-06-27,SKU035,79.0,457297.03,5788.57,0
2025-06-28,SKU035,87.0,503605.59,5788.57,0
2025-06-29,SKU035,,376257.05,5788.57,0
2025-06-30,SKU035,60.0,347314.2,5788.57,0
2025-07-01,SKU035,79.0,457297.03,5788.57,0
2025-07-02,SKU035,84.0,486239.88,5788.57,0
2025-07-03,SKU035,74.0,428354.18,5788.57,0
2025-07-04,SKU035,84.0,486239.88,5788.57,0
2025-07-05,SKU035,57.0,329948.49,5788.57,0
2025-07-06,SKU035,65.0,376257.05,5788.57,0
2025-07-07,SKU035,69.0,399411.33,5788.57,0
2025-07-08,SKU035,65.0,376257.05,5788.57,0
2025-07-09,SKU035,65.0,376257.05,5788.57,0
2025-07-10,SKU035,46.0,266274.22,5788.57,0
2025-07-11,SKU035,80.0,463085.6,5788.57,0
2025-07-12,SKU035,80.0,463085.6,5788.57,0
2025-07-13,SKU035,67.0,387834.19,5788.57,0
2025-07-14,SKU035,43.0,248908.51,5788.57,0
2025-07-15,SKU035,60.0,347314.2,5788.57,0
2025-07-16,SKU035,66.0,382045.62,5788.57,0
2025-07-17,SKU035,59.0,341525.63,5788.57,0
2025-07-18,SKU035,84.0,486239.88,5788.57,0
2025-07-19,SKU035,106.0,613588.42,5788.57,0
2025-07-20,SKU035,54.0,312582.78,5788.57,0
2025-07-21,SKU035,63.0,364679.91,5788.57,0
2025-07-22,SKU035,79.0,457297.03,5788.57,0
2025-07-23,SKU035,49.0,283639.93,5788.57,0
2025-07-24,SKU035,50.0,289428.5,5788.57,0
2025-07-25,SKU035,84.0,486239.88,5788.57,0
2025-07-26,SKU035,87.0,503605.59,5788.57,0
2025-07-27,SKU035,56.0,324159.92,5788.57,0
2025-07-28,SKU035,57.0,329948.49,5788.57,0
2025-07-29,SKU035,71.0,410988.47,5788.57,0
2025-07-30,SKU035,69.0,399411.33,5788.57,0
2025-07-31,SKU035,72.0,416777.04,5788.57,0
2025-08-01,SKU035,82.0,474662.74,5788.57,0
2025-08-02,SKU035,74.0,428354.18,5788.57,0
2025-08-03,SKU035,58.0,335737.06,5788.57,0
2025-08-04,SKU035,41.0,237331.37,5788.57,0
2025-08-05,SKU035,65.0,376257.05,5788.57,0
2025-08-06,SKU035,67.0,387834.19,5788.57,0
2025-08-07,SKU035,81.0,468874.17,5788.57,0
2025-08-08,SKU035,84.0,486239.88,5788.57,0
2025-08-09,SKU035,72.0,416777.04,5788.57,0
2025-08-10,SKU035,64.0,370468.48,5788.57,0
2025-08-11,SKU035,68.0,393622.76,5788.57,0
2025-08-12,SKU035,63.0,364679.91,5788.57,0
2025-08-13,SKU035,66.0,382045.62,5788.57,0
2025-08-14,SKU035,70.0,405199.9,5788.57,0
2025-08-15,SKU035,96.0,555702.72,5788.57,0
2025-08-16,SKU035,96.0,555702.72,5788.57,0
2025-08-17,SKU035,58.0,335737.06,5788.57,0
2025-08-18,SKU035,60.0,347314.2,5788.57,0
2025-08-19,SKU035,69.0,399411.33,5788.57,0
2025-08-20,SKU035,42.0,243119.94,5788.57,0
2025-08-21,SKU035,67.0,387834.19,5788.57,0
2025-08-22,SKU035,56.0,324159.92,5788.57,0
2025-08-23,SKU035,86.0,497817.02,5788.57,0
2025-08-24,SKU035,74.0,428354.18,5788.57,0
2025-08-25,SKU035,74.0,428354.18,5788.57,0
2025-08-26,SKU035,58.0,335737.06,5788.57,0
2025-08-27,SKU035,57.0,329948.49,5788.57,0
2025-08-28,SKU035,68.0,393622.76,5788.57,0
2025-08-29,SKU035,80.0,463085.6,5788.57,0
2025-08-30,SKU035,82.0,474662.74,5788.57,0
2025-08-31,SKU035,53.0,306794.21,5788.57,0
2025-09-01,SKU035,34.0,196811.38,5788.57,0
2025-09-02,SKU035,46.0,266274.22,5788.57,0
2025-09-03,SKU035,47.0,272062.79,5788.57,0
2025-09-04,SKU035,60.0,347314.2,5788.57,0
2025-09-05,SKU035,63.0,364679.91,5788.57,0
2025-09-06,SKU035,49.0,283639.93,5788.57,0
2025-09-07,SKU035,66.0,382045.62,5788.57,0
2025-09-08,SKU035,43.0,248908.51,5788.57,0
2025-09-09,SKU035,80.0,463085.6,5788.57,0
2025-09-10,SKU035,53.0,306794.21,5788.57,0
2025-09-11,SKU035,71.0,410988.47,5788.57,0
2025-09-12,SKU035,92.0,532548.44,5788.57,0
2025-09-13,SKU035,67.0,387834.19,5788.57,0
2025-09-14,SKU035,56.0,324159.92,5788.57,0
2025-09-15,SKU035,53.0,306794.21,5788.57,0
2025-09-16,SKU035,60.0,347314.2,5788.57,0
2025-09-17,SKU035,52.0,301005.64,5788.57,0
2025-09-18,SKU035,57.0,329948.49,5788.57,0
2025-09-19,SKU035,51.0,295217.07,5788.57,0
2025-09-20,SKU035,68.0,393622.76,5788.57,0
2025-09-21,SKU035,58.0,335737.06,5788.57,0
2025-09-22,SKU035,47.0,272062.79,5788.57,0
2025-09-23,SKU035,66.0,382045.62,5788.57,0
2025-09-24,SKU035,56.0,324159.92,5788.57,0
2025-09-25,SKU035,58.0,335737.06,5788.57,0
2025-09-26,SKU035,76.0,439931.32,5788.57,0
2025-09-27,SKU035,73.0,422565.61,5788.57,0
2025-09-28,SKU035,39.0,225754.23,5788.57,0
2025-09-29,SKU035,47.0,272062.79,5788.57,0
2025-09-30,SKU035,56.0,324159.92,5788.57,0
2025-10-01,SKU035,82.0,436689.72,5788.57,1
2025-10-02,SKU035,110.0,585803.28,5788.57,1
2025-10-03,SKU035,101.0,537873.92,5788.57,1
2025-10-04,SKU035,84.0,447340.69,5788.57,1
2025-10-05,SKU035,70.0,372783.91,5788.57,1
2025-10-06,SKU035,87.0,463317.14,5788.57,1
2025-10-07,SKU035,82.0,436689.72,5788.57,1
2025-10-08,SKU035,68.0,362132.94,5788.57,1
2025-10-09,SKU035,96.0,511246.5,5788.57,1
2025-10-10,SKU035,116.0,617756.19,5788.57,1
2025-10-11,SKU035,,515182.73,5788.57,0
2025-10-12,SKU035,64.0,370468.48,5788.57,0
2025-10-13,SKU035,49.0,283639.93,5788.57,0
2025-10-14,SKU035,59.0,341525.63,5788.57,0
2025-10-15,SKU035,67.0,387834.19,5788.57,0
2025-10-16,SKU035,47.0,272062.79,5788.57,0
2025-10-17,SKU035,75.0,434142.75,5788.57,0
2025-10-18,SKU035,64.0,370468.48,5788.57,0
2025-10-19,SKU035,57.0,329948.49,5788.57,0
2025-10-20,SKU035,53.0,306794.21,5788.57,0
2025-10-21,SKU035,48.0,277851.36,5788.57,0
2025-10-22,SKU035,48.0,277851.36,5788.57,0
2025-10-23,SKU035,65.0,376257.05,5788.57,0
2025-10-24,SKU035,65.0,376257.05,5788.57,0
2025-10-25,SKU035,66.0,382045.62,5788.57,0
2025-10-26,SKU035,82.0,474662.74,5788.57,0
2025-10-27,SKU035,46.0,266274.22,5788.57,0
2025-10-28,SKU035,63.0,364679.91,5788.57,0
2025-10-29,SKU035,54.0,312582.78,5788.57,0
2025-10-30,SKU035,57.0,329948.49,5788.57,0
2025-10-31,SKU035,74.0,428354.18,5788.57,0
2025-11-01,SKU035,75.0,434142.75,5788.57,0
2025-11-02,SKU035,44.0,254697.08,5788.57,0
2025-11-03,SKU035,53.0,306794.21,5788.57,0
2025-11-04,SKU035,65.0,376257.05,5788.57,0
2025-11-05,SKU035,67.0,387834.19,5788.57,0
2025-11-06,SKU035,63.0,364679.91,5788.57,0
2025-11-07,SKU035,82.0,474662.74,5788.57,0
2025-11-08,SKU035,66.0,382045.62,5788.57,0
2025-11-09,SKU035,58.0,335737.06,5788.57,0
2025-11-10,SKU035,59.0,341525.63,5788.57,0
2025-11-11,SKU035,60.0,347314.2,5788.57,0
2025-11-12,SKU035,67.0,387834.19,5788.57,0
2025-11-13,SKU035,59.0,341525.63,5788.57,0
2025-11-14,SKU035,81.0,468874.17,5788.57,0
2025-11-15,SKU035,64.0,370468.48,5788.57,0
2025-11-16,SKU035,58.0,335737.06,5788.57,0
2025-11-17,SKU035,49.0,283639.93,5788.57,0
2025-11-18,SKU035,51.0,295217.07,5788.57,0
2025-11-19,SKU035,52.0,301005.64,5788.57,0
2025-11-20,SKU035,95.0,505921.02,5788.57,1
2025-11-21,SKU035,83.0,442015.21,5788.57,1
2025-11-22,SKU035,105.0,559175.86,5788.57,1
2025-11-23,SKU035,89.0,473968.11,5788.57,1
2025-11-24,SKU035,72.0,383434.88,5788.57,1
2025-11-25,SKU035,70.0,372783.91,5788.57,1
2025-11-26,SKU035,78.0,415387.78,5788.57,1
2025-11-27,SKU035,81.0,431364.24,5788.57,1
2025-11-28,SKU035,90.0,479293.6,5788.57,1
2025-11-29,SKU035,86.0,457991.66,5788.57,1
2025-11-30,SKU035,111.0,591128.77,5788.57,1
2025-12-01,SKU035,63.0,364679.91,5788.57,0
2025-12-02,SKU035,50.0,289428.5,5788.57,0
2025-12-03,SKU035,53.0,306794.21,5788.57,0
2025-12-04,SKU035,68.0,393622.76,5788.57,0
2025-12-05,SKU035,74.0,428354.18,5788.57,0
2025-12-06,SKU035,82.0,474662.74,5788.57,0
2025-12-07,SKU035,80.0,463085.6,5788.57,0
2025-12-08,SKU035,57.0,329948.49,5788.57,0
2025-12-09,SKU035,60.0,347314.2,5788.57,0
2025-12-10,SKU035,83.0,480451.31,5788.57,0
2025-12-11,SKU035,69.0,399411.33,5788.57,0
2025-12-12,SKU035,60.0,347314.2,5788.57,0
2025-12-13,SKU035,101.0,584645.57,5788.57,0
2025-12-14,SKU035,48.0,277851.36,5788.57,0
2025-12-15,SKU035,71.0,378109.39,5788.57,1
2025-12-16,SKU035,75.0,399411.33,5788.57,1
2025-12-17,SKU035,77.0,410062.3,5788.57,1
2025-12-18,SKU035,95.0,505921.02,5788.57,1
2025-12-19,SKU035,99.0,527222.96,5788.57,1
2025-12-20,SKU035,93.0,495270.05,5788.57,1
2025-12-21,SKU035,73.0,388760.36,5788.57,1
2025-12-22,SKU035,78.0,415387.78,5788.57,1
2025-12-23,SKU035,104.0,553850.38,5788.57,1
2025-12-24,SKU035,97.0,516571.99,5788.57,1
2025-12-25,SKU035,96.0,511246.5,5788.57,1
2025-12-26,SKU035,101.0,537873.92,5788.57,1
2025-12-27,SKU035,104.0,553850.38,5788.57,1
2025-12-28,SKU035,93.0,495270.05,5788.57,1
2025-12-29,SKU035,102.0,543199.41,5788.57,1
2025-12-30,SKU035,112.0,596454.25,5788.57,1
2025-12-31,SKU035,65.0,346156.49,5788.57,1
2026-01-01,SKU035,70.0,405199.9,5788.57,0
2026-01-02,SKU035,79.0,457297.03,5788.57,0
2026-01-03,SKU035,78.0,451508.46,5788.57,0
2026-01-04,SKU035,43.0,248908.51,5788.57,0
2026-01-05,SKU035,53.0,306794.21,5788.57,0
2026-01-06,SKU035,69.0,399411.33,5788.57,0
2026-01-07,SKU035,80.0,463085.6,5788.57,0
2026-01-08,SKU035,74.0,428354.18,5788.57,0
2026-01-09,SKU035,80.0,463085.6,5788.57,0
2026-01-10,SKU035,104.0,602011.28,5788.57,0
2026-01-11,SKU035,70.0,405199.9,5788.57,0
2026-01-12,SKU035,62.0,358891.34,5788.57,0
2026-01-13,SKU035,80.0,463085.6,5788.57,0
2026-01-14,SKU035,55.0,318371.35,5788.57,0
2026-01-15,SKU035,75.0,434142.75,5788.57,0
2026-01-16,SKU035,77.0,445719.89,5788.57,0
2026-01-17,SKU035,70.0,405199.9,5788.57,0
2026-01-18,SKU035,59.0,341525.63,5788.57,0
2026-01-19,SKU035,50.0,289428.5,5788.57,0
2026-01-20,SKU035,64.0,370468.48,5788.57,0
2026-01-21,SKU035,62.0,358891.34,5788.57,0
2026-01-22,SKU035,66.0,382045.62,5788.57,0
2026-01-23,SKU035,60.0,347314.2,5788.57,0
2026-01-24,SKU035,70.0,405199.9,5788.57,0
2026-01-25,SKU035,62.0,358891.34,5788.57,0
2026-01-26,SKU035,78.0,451508.46,5788.57,0
2026-01-27,SKU035,73.0,422565.61,5788.57,0
2026-01-28,SKU035,88.0,509394.16,5788.57,0
2026-01-29,SKU035,96.0,555702.72,5788.57,0
2026-01-30,SKU035,58.0,335737.06,5788.57,0
2026-01-31,SKU035,89.0,515182.73,5788.57,0
2026-02-01,SKU035,80.0,463085.6,5788.57,0
2026-02-02,SKU035,68.0,393622.76,5788.57,0
2026-02-03,SKU035,65.0,376257.05,5788.57,0
2026-02-04,SKU035,68.0,393622.76,5788.57,0
2026-02-05,SKU035,64.0,370468.48,5788.57,0
2026-02-06,SKU035,79.0,457297.03,5788.57,0
2026-02-07,SKU035,90.0,520971.3,5788.57,0
2026-02-08,SKU035,76.0,439931.32,5788.57,0
2026-02-09,SKU035,64.0,370468.48,5788.57,0
2026-02-10,SKU035,60.0,347314.2,5788.57,0
2026-02-11,SKU035,63.0,364679.91,5788.57,0
2026-02-12,SKU035,75.0,434142.75,5788.57,0
2026-02-13,SKU035,72.0,416777.04,5788.57,0
2026-02-14,SKU035,92.0,532548.44,5788.57,0
2026-02-15,SKU035,69.0,399411.33,5788.57,0
2026-02-16,SKU035,71.0,410988.47,5788.57,0
2026-02-17,SKU035,73.0,422565.61,5788.57,0
2026-02-18,SKU035,80.0,463085.6,5788.57,0
2026-02-19,SKU035,67.0,387834.19,5788.57,0
2026-02-20,SKU035,77.0,445719.89,5788.57,0
2026-02-21,SKU035,69.0,399411.33,5788.57,0
2026-02-22,SKU035,69.0,399411.33,5788.57,0
2026-02-23,SKU035,67.0,387834.19,5788.57,0
2026-02-24,SKU035,65.0,376257.05,5788.57,0
2026-02-25,SKU035,92.0,532548.44,5788.57,0
2026-02-26,SKU035,69.0,399411.33,5788.57,0
2026-02-27,SKU035,83.0,480451.31,5788.57,0
2026-02-28,SKU035,78.0,451508.46,5788.57,0
2026-03-01,SKU035,69.0,399411.33,5788.57,0
2026-03-02,SKU035,58.0,335737.06,5788.57,0
2026-03-03,SKU035,56.0,324159.92,5788.57,0
2026-03-04,SKU035,61.0,353102.77,5788.57,0
2026-03-05,SKU035,53.0,306794.21,5788.57,0
2026-03-06,SKU035,50.0,289428.5,5788.57,0
2026-03-07,SKU035,69.0,399411.33,5788.57,0
2026-03-08,SKU035,65.0,376257.05,5788.57,0
2026-03-09,SKU035,65.0,376257.05,5788.57,0
2026-03-10,SKU035,55.0,318371.35,5788.57,0
2026-03-11,SKU035,61.0,353102.77,5788.57,0
2026-03-12,SKU035,66.0,382045.62,5788.57,0
2026-03-13,SKU035,83.0,480451.31,5788.57,0
2026-03-14,SKU035,56.0,324159.92,5788.57,0
2026-03-15,SKU035,71.0,378109.39,5788.57,1
2026-03-16,SKU035,75.0,399411.33,5788.57,1
2026-03-17,SKU035,107.0,569826.83,5788.57,1
2026-03-18,SKU035,90.0,479293.6,5788.57,1
2026-03-19,SKU035,100.0,532548.44,5788.57,1
2026-03-20,SKU035,86.0,457991.66,5788.57,1
2026-03-21,SKU035,111.0,591128.77,5788.57,1
2026-03-22,SKU035,94.0,500595.53,5788.57,1
2026-03-23,SKU035,72.0,383434.88,5788.57,1
2026-03-24,SKU035,63.0,335505.52,5788.57,1
2026-03-25,SKU035,71.0,378109.39,5788.57,1
2026-03-26,SKU035,60.0,347314.2,5788.57,0
2026-03-27,SKU035,86.0,497817.02,5788.57,0
2026-03-28,SKU035,75.0,434142.75,5788.57,0
2026-03-29,SKU035,95.0,549914.15,5788.57,0
2026-03-30,SKU035,59.0,341525.63,5788.57,0
2026-03-31,SKU035,98.0,567279.86,5788.57,0
2026-04-01,SKU035,57.0,329948.49,5788.57,0
2026-04-02,SKU035,73.0,422565.61,5788.57,0
2026-04-03,SKU035,79.0,457297.03,5788.57,0
2026-04-04,SKU035,61.0,353102.77,5788.57,0
2026-04-05,SKU035,66.0,382045.62,5788.57,0
2026-04-06,SKU035,56.0,324159.92,5788.57,0
2026-04-07,SKU035,59.0,341525.63,5788.57,0
2026-04-08,SKU035,56.0,324159.92,5788.57,0
2026-04-09,SKU035,62.0,358891.34,5788.57,0
2026-04-10,SKU035,90.0,520971.3,5788.57,0
2026-04-11,SKU035,87.0,503605.59,5788.57,0
2026-04-12,SKU035,68.0,393622.76,5788.57,0
2026-04-13,SKU035,52.0,301005.64,5788.57,0
2026-04-14,SKU035,75.0,434142.75,5788.57,0
2026-04-15,SKU035,55.0,318371.35,5788.57,0
2026-04-16,SKU035,59.0,341525.63,5788.57,0
2026-04-17,SKU035,81.0,468874.17,5788.57,0
2026-04-18,SKU035,60.0,347314.2,5788.57,0
2026-04-19,SKU035,62.0,358891.34,5788.57,0
2026-04-20,SKU035,63.0,364679.91,5788.57,0
2026-04-21,SKU035,80.0,463085.6,5788.57,0
2026-04-22,SKU035,65.0,376257.05,5788.57,0
2026-04-23,SKU035,81.0,468874.17,5788.57,0
2026-04-24,SKU035,81.0,468874.17,5788.57,0
2026-04-25,SKU035,85.0,492028.45,5788.57,0
2026-04-26,SKU035,48.0,277851.36,5788.57,0
2026-04-27,SKU035,57.0,329948.49,5788.57,0
2026-04-28,SKU035,54.0,312582.78,5788.57,0
2026-04-29,SKU035,45.0,260485.65,5788.57,0
2026-04-30,SKU035,60.0,347314.2,5788.57,0
2026-05-01,SKU035,86.0,497817.02,5788.57,0
2026-05-02,SKU035,86.0,497817.02,5788.57,0
2026-05-03,SKU035,55.0,318371.35,5788.57,0
2026-05-04,SKU035,72.0,416777.04,5788.57,0
2026-05-05,SKU035,53.0,306794.21,5788.57,0
2026-05-06,SKU035,56.0,324159.92,5788.57,0
2026-05-07,SKU035,55.0,318371.35,5788.57,0
2026-05-08,SKU035,88.0,509394.16,5788.57,0
2026-05-09,SKU035,83.0,480451.31,5788.57,0
2026-05-10,SKU035,74.0,428354.18,5788.57,0
2026-05-11,SKU035,66.0,382045.62,5788.57,0
2026-05-12,SKU035,64.0,370468.48,5788.57,0
2026-05-13,SKU035,77.0,445719.89,5788.57,0
2026-05-14,SKU035,86.0,497817.02,5788.57,0
2026-05-15,SKU035,75.0,434142.75,5788.57,0
2026-05-16,SKU035,83.0,480451.31,5788.57,0
2026-05-17,SKU035,64.0,370468.48,5788.57,0
2026-05-18,SKU035,53.0,306794.21,5788.57,0
2026-05-19,SKU035,67.0,387834.19,5788.57,0
2026-05-20,SKU035,59.0,341525.63,5788.57,0
2026-05-21,SKU035,57.0,329948.49,5788.57,0
2026-05-22,SKU035,103.0,596222.71,5788.57,0
2026-05-23,SKU035,70.0,405199.9,5788.57,0
2026-05-24,SKU035,504.0,364679.91,5788.57,0
2026-05-25,SKU035,58.0,335737.06,5788.57,0
2026-05-26,SKU035,76.0,439931.32,5788.57,0
2026-05-27,SKU035,74.0,428354.18,5788.57,0
2026-05-28,SKU035,45.0,260485.65,5788.57,0
2026-05-29,SKU035,79.0,457297.03,5788.57,0
2026-05-30,SKU035,62.0,358891.34,5788.57,0
2026-05-31,SKU035,82.0,474662.74,5788.57,0
2026-06-01,SKU035,90.0,520971.3,5788.57,0
2026-06-02,SKU035,86.0,497817.02,5788.57,0
2026-06-03,SKU035,57.0,329948.49,5788.57,0
2026-06-04,SKU035,71.0,410988.47,5788.57,0
2026-06-05,SKU035,72.0,416777.04,5788.57,0
2026-06-06,SKU035,85.0,492028.45,5788.57,0
2026-06-07,SKU035,80.0,463085.6,5788.57,0
2026-06-08,SKU035,78.0,451508.46,5788.57,0
2026-06-09,SKU035,78.0,451508.46,5788.57,0
2026-06-10,SKU035,114.0,607105.22,5788.57,1
2026-06-11,SKU035,104.0,553850.38,5788.57,1
2026-06-12,SKU035,107.0,569826.83,5788.57,1
2026-06-13,SKU035,139.0,740242.33,5788.57,1
2026-06-14,SKU035,123.0,655034.58,5788.57,1
2026-06-15,SKU035,89.0,473968.11,5788.57,1
2026-06-16,SKU035,123.0,655034.58,5788.57,1
2026-06-17,SKU035,93.0,495270.05,5788.57,1
2026-06-18,SKU035,111.0,591128.77,5788.57,1
2026-06-19,SKU035,121.0,644383.61,5788.57,1
2026-06-20,SKU035,88.0,468642.63,5788.57,1
2026-06-21,SKU035,87.0,503605.59,5788.57,0
2026-06-22,SKU035,58.0,335737.06,5788.57,0
2026-06-23,SKU035,66.0,382045.62,5788.57,0
2026-06-24,SKU035,67.0,387834.19,5788.57,0
2026-06-25,SKU035,74.0,428354.18,5788.57,0
2026-06-26,SKU035,100.0,578857.0,5788.57,0
2026-06-27,SKU035,99.0,573068.43,5788.57,0
2026-06-28,SKU035,92.0,532548.44,5788.57,0
2026-06-29,SKU035,55.0,318371.35,5788.57,0
2026-06-30,SKU035,66.0,382045.62,5788.57,0
2025-01-01,SKU036,34.0,57587.84,1693.76,0
2025-01-02,SKU036,35.0,59281.6,1693.76,0
2025-01-03,SKU036,36.0,60975.36,1693.76,0
2025-01-04,SKU036,36.0,60975.36,1693.76,0
2025-01-05,SKU036,35.0,59281.6,1693.76,0
2025-01-06,SKU036,27.0,45731.52,1693.76,0
2025-01-07,SKU036,44.0,74525.44,1693.76,0
2025-01-08,SKU036,33.0,55894.08,1693.76,0
2025-01-09,SKU036,58.0,98238.08,1693.76,0
2025-01-10,SKU036,47.0,73238.18,1693.76,1
2025-01-11,SKU036,42.0,65446.89,1693.76,1
2025-01-12,SKU036,46.0,71679.92,1693.76,1
2025-01-13,SKU036,41.0,63888.63,1693.76,1
2025-01-14,SKU036,43.0,67005.15,1693.76,1
2025-01-15,SKU036,53.0,82587.74,1693.76,1
2025-01-16,SKU036,30.0,50812.8,1693.76,0
2025-01-17,SKU036,31.0,52506.56,1693.76,0
2025-01-18,SKU036,37.0,62669.12,1693.76,0
2025-01-19,SKU036,32.0,54200.32,1693.76,0
2025-01-20,SKU036,26.0,44037.76,1693.76,0
2025-01-21,SKU036,32.0,54200.32,1693.76,0
2025-01-22,SKU036,48.0,81300.48,1693.76,0
2025-01-23,SKU036,33.0,55894.08,1693.76,0
2025-01-24,SKU036,39.0,66056.64,1693.76,0
2025-01-25,SKU036,29.0,49119.04,1693.76,0
2025-01-26,SKU036,43.0,72831.68,1693.76,0
2025-01-27,SKU036,33.0,55894.08,1693.76,0
2025-01-28,SKU036,18.0,30487.68,1693.76,0
2025-01-29,SKU036,49.0,82994.24,1693.76,0
2025-01-30,SKU036,20.0,33875.2,1693.76,0
2025-01-31,SKU036,45.0,76219.2,1693.76,0
2025-02-01,SKU036,32.0,54200.32,1693.76,0
2025-02-02,SKU036,35.0,59281.6,1693.76,0
2025-02-03,SKU036,38.0,64362.88,1693.76,0
2025-02-04,SKU036,33.0,55894.08,1693.76,0
2025-02-05,SKU036,24.0,40650.24,1693.76,0
2025-02-06,SKU036,33.0,55894.08,1693.76,0
2025-02-07,SKU036,39.0,66056.64,1693.76,0
2025-02-08,SKU036,34.0,57587.84,1693.76,0
2025-02-09,SKU036,28.0,47425.28,1693.76,0
2025-02-10,SKU036,27.0,45731.52,1693.76,0
2025-02-11,SKU036,40.0,67750.4,1693.76,0
2025-02-12,SKU036,31.0,52506.56,1693.76,0
2025-02-13,SKU036,43.0,72831.68,1693.76,0
2025-02-14,SKU036,44.0,74525.44,1693.76,0
2025-02-15,SKU036,29.0,49119.04,1693.76,0
2025-02-16,SKU036,32.0,54200.32,1693.76,0
2025-02-17,SKU036,41.0,69444.16,1693.76,0
2025-02-18,SKU036,32.0,54200.32,1693.76,0
2025-02-19,SKU036,33.0,55894.08,1693.76,0
2025-02-20,SKU036,47.0,79606.72,1693.76,0
2025-02-21,SKU036,49.0,82994.24,1693.76,0
2025-02-22,SKU036,46.0,77912.96,1693.76,0
2025-02-23,SKU036,38.0,64362.88,1693.76,0
2025-02-24,SKU036,26.0,44037.76,1693.76,0
2025-02-25,SKU036,37.0,62669.12,1693.76,0
2025-02-26,SKU036,38.0,64362.88,1693.76,0
2025-02-27,SKU036,51.0,86381.76,1693.76,0
2025-02-28,SKU036,48.0,81300.48,1693.76,0
2025-03-01,SKU036,39.0,66056.64,1693.76,0
2025-03-02,SKU036,28.0,47425.28,1693.76,0
2025-03-03,SKU036,27.0,45731.52,1693.76,0
2025-03-04,SKU036,34.0,57587.84,1693.76,0
2025-03-05,SKU036,22.0,37262.72,1693.76,0
2025-03-06,SKU036,32.0,54200.32,1693.76,0
2025-03-07,SKU036,28.0,47425.28,1693.76,0
2025-03-08,SKU036,36.0,60975.36,1693.76,0
2025-03-09,SKU036,27.0,45731.52,1693.76,0
2025-03-10,SKU036,34.0,57587.84,1693.76,0
2025-03-11,SKU036,28.0,47425.28,1693.76,0
2025-03-12,SKU036,43.0,72831.68,1693.76,0
2025-03-13,SKU036,26.0,44037.76,1693.76,0
2025-03-14,SKU036,40.0,67750.4,1693.76,0
2025-03-15,SKU036,45.0,76219.2,1693.76,0
2025-03-16,SKU036,22.0,37262.72,1693.76,0
2025-03-17,SKU036,13.0,22018.88,1693.76,0
2025-03-18,SKU036,35.0,59281.6,1693.76,0
2025-03-19,SKU036,35.0,59281.6,1693.76,0
2025-03-20,SKU036,53.0,82587.74,1693.76,1
2025-03-21,SKU036,54.0,84146.0,1693.76,1
2025-03-22,SKU036,34.0,52980.81,1693.76,1
2025-03-23,SKU036,41.0,63888.63,1693.76,1
2025-03-24,SKU036,34.0,52980.81,1693.76,1
2025-03-25,SKU036,38.0,59213.85,1693.76,1
2025-03-26,SKU036,50.0,77912.96,1693.76,1
2025-03-27,SKU036,35.0,54539.07,1693.76,1
2025-03-28,SKU036,22.0,37262.72,1693.76,0
2025-03-29,SKU036,42.0,71137.92,1693.76,0
2025-03-30,SKU036,30.0,50812.8,1693.76,0
2025-03-31,SKU036,18.0,30487.68,1693.76,0
2025-04-01,SKU036,37.0,62669.12,1693.76,0
2025-04-02,SKU036,40.0,67750.4,1693.76,0
2025-04-03,SKU036,18.0,30487.68,1693.76,0
2025-04-04,SKU036,45.0,76219.2,1693.76,0
2025-04-05,SKU036,34.0,57587.84,1693.76,0
2025-04-06,SKU036,35.0,59281.6,1693.76,0
2025-04-07,SKU036,59.0,99931.84,1693.76,0
2025-04-08,SKU036,25.0,42344.0,1693.76,0
2025-04-09,SKU036,27.0,45731.52,1693.76,0
2025-04-10,SKU036,33.0,55894.08,1693.76,0
2025-04-11,SKU036,40.0,67750.4,1693.76,0
2025-04-12,SKU036,43.0,72831.68,1693.76,0
2025-04-13,SKU036,44.0,74525.44,1693.76,0
2025-04-14,SKU036,29.0,49119.04,1693.76,0
2025-04-15,SKU036,36.0,60975.36,1693.76,0
2025-04-16,SKU036,36.0,60975.36,1693.76,0
2025-04-17,SKU036,24.0,40650.24,1693.76,0
2025-04-18,SKU036,33.0,55894.08,1693.76,0
2025-04-19,SKU036,24.0,40650.24,1693.76,0
2025-04-20,SKU036,55.0,93156.8,1693.76,0
2025-04-21,SKU036,31.0,52506.56,1693.76,0
2025-04-22,SKU036,27.0,45731.52,1693.76,0
2025-04-23,SKU036,32.0,54200.32,1693.76,0
2025-04-24,SKU036,27.0,45731.52,1693.76,0
2025-04-25,SKU036,32.0,54200.32,1693.76,0
2025-04-26,SKU036,33.0,55894.08,1693.76,0
2025-04-27,SKU036,33.0,55894.08,1693.76,0
2025-04-28,SKU036,24.0,40650.24,1693.76,0
2025-04-29,SKU036,28.0,47425.28,1693.76,0
2025-04-30,SKU036,49.0,82994.24,1693.76,0
2025-05-01,SKU036,27.0,45731.52,1693.76,0
2025-05-02,SKU036,40.0,67750.4,1693.76,0
2025-05-03,SKU036,39.0,66056.64,1693.76,0
2025-05-04,SKU036,35.0,59281.6,1693.76,0
2025-05-05,SKU036,35.0,59281.6,1693.76,0
2025-05-06,SKU036,28.0,47425.28,1693.76,0
2025-05-07,SKU036,31.0,52506.56,1693.76,0
2025-05-08,SKU036,40.0,67750.4,1693.76,0
2025-05-09,SKU036,31.0,52506.56,1693.76,0
2025-05-10,SKU036,39.0,66056.64,1693.76,0
2025-05-11,SKU036,20.0,33875.2,1693.76,0
2025-05-12,SKU036,30.0,50812.8,1693.76,0
2025-05-13,SKU036,28.0,47425.28,1693.76,0
2025-05-14,SKU036,25.0,42344.0,1693.76,0
2025-05-15,SKU036,31.0,52506.56,1693.76,0
2025-05-16,SKU036,34.0,57587.84,1693.76,0
2025-05-17,SKU036,35.0,59281.6,1693.76,0
2025-05-18,SKU036,23.0,38956.48,1693.76,0
2025-05-19,SKU036,15.0,25406.4,1693.76,0
2025-05-20,SKU036,28.0,47425.28,1693.76,0
2025-05-21,SKU036,37.0,62669.12,1693.76,0
2025-05-22,SKU036,30.0,50812.8,1693.76,0
2025-05-23,SKU036,36.0,60975.36,1693.76,0
2025-05-24,SKU036,52.0,88075.52,1693.76,0
2025-05-25,SKU036,31.0,52506.56,1693.76,0
2025-05-26,SKU036,34.0,57587.84,1693.76,0
2025-05-27,SKU036,32.0,54200.32,1693.76,0
2025-05-28,SKU036,27.0,45731.52,1693.76,0
2025-05-29,SKU036,24.0,40650.24,1693.76,0
2025-05-30,SKU036,34.0,57587.84,1693.76,0
2025-05-31,SKU036,54.0,91463.04,1693.76,0
2025-06-01,SKU036,30.0,50812.8,1693.76,0
2025-06-02,SKU036,17.0,28793.92,1693.76,0
2025-06-03,SKU036,41.0,69444.16,1693.76,0
2025-06-04,SKU036,41.0,69444.16,1693.76,0
2025-06-05,SKU036,39.0,66056.64,1693.76,0
2025-06-06,SKU036,45.0,76219.2,1693.76,0
2025-06-07,SKU036,43.0,72831.68,1693.76,0
2025-06-08,SKU036,36.0,60975.36,1693.76,0
2025-06-09,SKU036,32.0,54200.32,1693.76,0
2025-06-10,SKU036,50.0,77912.96,1693.76,1
2025-06-11,SKU036,44.0,68563.4,1693.76,1
2025-06-12,SKU036,44.0,68563.4,1693.76,1
2025-06-13,SKU036,70.0,109078.14,1693.76,1
2025-06-14,SKU036,74.0,115311.18,1693.76,1
2025-06-15,SKU036,39.0,60772.11,1693.76,1
2025-06-16,SKU036,30.0,46747.78,1693.76,1
2025-06-17,SKU036,45.0,70121.66,1693.76,1
2025-06-18,SKU036,43.0,67005.15,1693.76,1
2025-06-19,SKU036,42.0,65446.89,1693.76,1
2025-06-20,SKU036,62.0,96612.07,1693.76,1
2025-06-21,SKU036,39.0,66056.64,1693.76,0
2025-06-22,SKU036,38.0,64362.88,1693.76,0
2025-06-23,SKU036,38.0,64362.88,1693.76,0
2025-06-24,SKU036,41.0,69444.16,1693.76,0
2025-06-25,SKU036,43.0,72831.68,1693.76,0
2025-06-26,SKU036,38.0,64362.88,1693.76,0
2025-06-27,SKU036,36.0,60975.36,1693.76,0
2025-06-28,SKU036,43.0,72831.68,1693.76,0
2025-06-29,SKU036,34.0,57587.84,1693.76,0
2025-06-30,SKU036,27.0,45731.52,1693.76,0
2025-07-01,SKU036,32.0,54200.32,1693.76,0
2025-07-02,SKU036,37.0,62669.12,1693.76,0
2025-07-03,SKU036,30.0,50812.8,1693.76,0
2025-07-04,SKU036,42.0,71137.92,1693.76,0
2025-07-05,SKU036,35.0,59281.6,1693.76,0
2025-07-06,SKU036,42.0,71137.92,1693.76,0
2025-07-07,SKU036,30.0,50812.8,1693.76,0
2025-07-08,SKU036,39.0,66056.64,1693.76,0
2025-07-09,SKU036,25.0,42344.0,1693.76,0
2025-07-10,SKU036,27.0,45731.52,1693.76,0
2025-07-11,SKU036,55.0,93156.8,1693.76,0
2025-07-12,SKU036,38.0,64362.88,1693.76,0
2025-07-13,SKU036,27.0,45731.52,1693.76,0
2025-07-14,SKU036,36.0,60975.36,1693.76,0
2025-07-15,SKU036,29.0,49119.04,1693.76,0
2025-07-16,SKU036,40.0,67750.4,1693.76,0
2025-07-17,SKU036,33.0,55894.08,1693.76,0
2025-07-18,SKU036,41.0,69444.16,1693.76,0
2025-07-19,SKU036,35.0,59281.6,1693.76,0
2025-07-20,SKU036,38.0,64362.88,1693.76,0
2025-07-21,SKU036,28.0,47425.28,1693.76,0
2025-07-22,SKU036,41.0,69444.16,1693.76,0
2025-07-23,SKU036,41.0,69444.16,1693.76,0
2025-07-24,SKU036,49.0,82994.24,1693.76,0
2025-07-25,SKU036,39.0,66056.64,1693.76,0
2025-07-26,SKU036,37.0,62669.12,1693.76,0
2025-07-27,SKU036,30.0,50812.8,1693.76,0
2025-07-28,SKU036,35.0,59281.6,1693.76,0
2025-07-29,SKU036,45.0,76219.2,1693.76,0
2025-07-30,SKU036,40.0,67750.4,1693.76,0
2025-07-31,SKU036,39.0,66056.64,1693.76,0
2025-08-01,SKU036,27.0,45731.52,1693.76,0
2025-08-02,SKU036,45.0,76219.2,1693.76,0
2025-08-03,SKU036,50.0,84688.0,1693.76,0
2025-08-04,SKU036,43.0,72831.68,1693.76,0
2025-08-05,SKU036,40.0,67750.4,1693.76,0
2025-08-06,SKU036,44.0,74525.44,1693.76,0
2025-08-07,SKU036,26.0,44037.76,1693.76,0
2025-08-08,SKU036,33.0,55894.08,1693.76,0
2025-08-09,SKU036,34.0,57587.84,1693.76,0
2025-08-10,SKU036,31.0,52506.56,1693.76,0
2025-08-11,SKU036,28.0,47425.28,1693.76,0
2025-08-12,SKU036,38.0,64362.88,1693.76,0
2025-08-13,SKU036,31.0,52506.56,1693.76,0
2025-08-14,SKU036,28.0,47425.28,1693.76,0
2025-08-15,SKU036,45.0,76219.2,1693.76,0
2025-08-16,SKU036,40.0,67750.4,1693.76,0
2025-08-17,SKU036,33.0,55894.08,1693.76,0
2025-08-18,SKU036,25.0,42344.0,1693.76,0
2025-08-19,SKU036,46.0,77912.96,1693.76,0
2025-08-20,SKU036,42.0,71137.92,1693.76,0
2025-08-21,SKU036,39.0,66056.64,1693.76,0
2025-08-22,SKU036,44.0,74525.44,1693.76,0
2025-08-23,SKU036,39.0,66056.64,1693.76,0
2025-08-24,SKU036,32.0,54200.32,1693.76,0
2025-08-25,SKU036,32.0,54200.32,1693.76,0
2025-08-26,SKU036,28.0,47425.28,1693.76,0
2025-08-27,SKU036,38.0,64362.88,1693.76,0
2025-08-28,SKU036,50.0,84688.0,1693.76,0
2025-08-29,SKU036,34.0,57587.84,1693.76,0
2025-08-30,SKU036,28.0,47425.28,1693.76,0
2025-08-31,SKU036,38.0,64362.88,1693.76,0
2025-09-01,SKU036,25.0,42344.0,1693.76,0
2025-09-02,SKU036,31.0,52506.56,1693.76,0
2025-09-03,SKU036,19.0,32181.44,1693.76,0
2025-09-04,SKU036,37.0,62669.12,1693.76,0
2025-09-05,SKU036,29.0,49119.04,1693.76,0
2025-09-06,SKU036,27.0,45731.52,1693.76,0
2025-09-07,SKU036,29.0,49119.04,1693.76,0
2025-09-08,SKU036,25.0,42344.0,1693.76,0
2025-09-09,SKU036,45.0,76219.2,1693.76,0
2025-09-10,SKU036,11.0,18631.36,1693.76,0
2025-09-11,SKU036,30.0,50812.8,1693.76,0
2025-09-12,SKU036,34.0,57587.84,,0
2025-09-13,SKU036,38.0,64362.88,1693.76,0
2025-09-14,SKU036,38.0,64362.88,1693.76,0
2025-09-15,SKU036,36.0,60975.36,1693.76,0
2025-09-16,SKU036,29.0,49119.04,1693.76,0
2025-09-17,SKU036,30.0,50812.8,1693.76,0
2025-09-18,SKU036,32.0,54200.32,1693.76,0
2025-09-19,SKU036,35.0,59281.6,,0
2025-09-20,SKU036,32.0,54200.32,1693.76,0
2025-09-21,SKU036,38.0,64362.88,1693.76,0
2025-09-22,SKU036,22.0,37262.72,1693.76,0
2025-09-23,SKU036,38.0,64362.88,1693.76,0
2025-09-24,SKU036,33.0,55894.08,1693.76,0
2025-09-25,SKU036,40.0,67750.4,1693.76,0
2025-09-26,SKU036,33.0,55894.08,1693.76,0
2025-09-27,SKU036,42.0,71137.92,1693.76,0
2025-09-28,SKU036,35.0,59281.6,1693.76,0
2025-09-29,SKU036,24.0,40650.24,1693.76,0
2025-09-30,SKU036,42.0,71137.92,1693.76,0
2025-10-01,SKU036,40.0,62330.37,1693.76,1
2025-10-02,SKU036,51.0,79471.22,1693.76,1
2025-10-03,SKU036,51.0,79471.22,1693.76,1
2025-10-04,SKU036,55.0,85704.26,1693.76,1
2025-10-05,SKU036,40.0,62330.37,1693.76,1
2025-10-06,SKU036,29.0,45189.52,1693.76,1
2025-10-07,SKU036,34.0,52980.81,1693.76,1
2025-10-08,SKU036,46.0,71679.92,1693.76,1
2025-10-09,SKU036,40.0,62330.37,1693.76,1
2025-10-10,SKU036,58.0,90379.03,1693.76,1
2025-10-11,SKU036,32.0,54200.32,1693.76,0
2025-10-12,SKU036,32.0,54200.32,1693.76,0
2025-10-13,SKU036,28.0,47425.28,1693.76,0
2025-10-14,SKU036,19.0,32181.44,1693.76,0
2025-10-15,SKU036,23.0,38956.48,1693.76,0
2025-10-16,SKU036,43.0,72831.68,1693.76,0
2025-10-17,SKU036,41.0,69444.16,1693.76,0
2025-10-18,SKU036,32.0,54200.32,1693.76,0
2025-10-19,SKU036,26.0,44037.76,1693.76,0
2025-10-20,SKU036,28.0,47425.28,1693.76,0
2025-10-21,SKU036,21.0,35568.96,1693.76,0
2025-10-22,SKU036,43.0,72831.68,1693.76,0
2025-10-23,SKU036,34.0,57587.84,1693.76,0
2025-10-24,SKU036,40.0,67750.4,1693.76,0
2025-10-25,SKU036,41.0,69444.16,1693.76,0
2025-10-26,SKU036,28.0,47425.28,1693.76,0
2025-10-27,SKU036,27.0,45731.52,1693.76,0
2025-10-28,SKU036,35.0,59281.6,1693.76,0
2025-10-29,SKU036,27.0,45731.52,1693.76,0
2025-10-30,SKU036,32.0,54200.32,1693.76,0
2025-10-31,SKU036,36.0,60975.36,1693.76,0
2025-11-01,SKU036,50.0,84688.0,1693.76,0
2025-11-02,SKU036,25.0,42344.0,1693.76,0
2025-11-03,SKU036,27.0,45731.52,1693.76,0
2025-11-04,SKU036,42.0,71137.92,1693.76,0
2025-11-05,SKU036,50.0,84688.0,1693.76,0
2025-11-06,SKU036,28.0,47425.28,1693.76,0
2025-11-07,SKU036,40.0,67750.4,1693.76,0
2025-11-08,SKU036,37.0,62669.12,1693.76,0
2025-11-09,SKU036,30.0,50812.8,1693.76,0
2025-11-10,SKU036,18.0,30487.68,1693.76,0
2025-11-11,SKU036,19.0,32181.44,1693.76,0
2025-11-12,SKU036,41.0,69444.16,1693.76,0
2025-11-13,SKU036,31.0,52506.56,1693.76,0
2025-11-14,SKU036,33.0,55894.08,1693.76,0
2025-11-15,SKU036,43.0,72831.68,1693.76,0
2025-11-16,SKU036,28.0,47425.28,1693.76,0
2025-11-17,SKU036,30.0,50812.8,1693.76,0
2025-11-18,SKU036,27.0,45731.52,1693.76,0
2025-11-19,SKU036,29.0,49119.04,1693.76,0
2025-11-20,SKU036,43.0,67005.15,1693.76,1
2025-11-21,SKU036,40.0,62330.37,1693.76,1
2025-11-22,SKU036,49.0,76354.7,1693.76,1
2025-11-23,SKU036,61.0,95053.81,1693.76,1
2025-11-24,SKU036,41.0,63888.63,1693.76,1
2025-11-25,SKU036,48.0,74796.44,1693.76,1
2025-11-26,SKU036,46.0,71679.92,1693.76,1
2025-11-27,SKU036,36.0,56097.33,1693.76,1
2025-11-28,SKU036,39.0,60772.11,1693.76,1
2025-11-29,SKU036,47.0,73238.18,1693.76,1
2025-11-30,SKU036,41.0,63888.63,1693.76,1
2025-12-01,SKU036,45.0,76219.2,1693.76,0
2025-12-02,SKU036,22.0,37262.72,1693.76,0
2025-12-03,SKU036,42.0,71137.92,1693.76,0
2025-12-04,SKU036,43.0,72831.68,1693.76,0
2025-12-05,SKU036,41.0,69444.16,1693.76,0
2025-12-06,SKU036,32.0,54200.32,1693.76,0
2025-12-07,SKU036,31.0,52506.56,1693.76,0
2025-12-08,SKU036,31.0,52506.56,1693.76,0
2025-12-09,SKU036,53.0,89769.28,1693.76,0
2025-12-10,SKU036,34.0,57587.84,1693.76,0
2025-12-11,SKU036,36.0,60975.36,1693.76,0
2025-12-12,SKU036,51.0,86381.76,1693.76,0
2025-12-13,SKU036,42.0,71137.92,1693.76,0
2025-12-14,SKU036,39.0,66056.64,1693.76,0
2025-12-15,SKU036,36.0,56097.33,1693.76,1
2025-12-16,SKU036,69.0,107519.88,1693.76,1
2025-12-17,SKU036,54.0,84146.0,1693.76,1
2025-12-18,SKU036,37.0,57655.59,1693.76,1
2025-12-19,SKU036,59.0,91937.29,1693.76,1
2025-12-20,SKU036,79.0,123102.48,1693.76,1
2025-12-21,SKU036,66.0,102845.11,1693.76,1
2025-12-22,SKU036,63.0,98170.33,1693.76,1
2025-12-23,SKU036,50.0,77912.96,1693.76,1
2025-12-24,SKU036,43.0,67005.15,1693.76,1
2025-12-25,SKU036,68.0,105961.63,1693.76,1
2025-12-26,SKU036,47.0,73238.18,1693.76,1
2025-12-27,SKU036,69.0,107519.88,1693.76,1
2025-12-28,SKU036,63.0,98170.33,1693.76,1
2025-12-29,SKU036,60.0,93495.55,1693.76,1
2025-12-30,SKU036,44.0,68563.4,1693.76,1
2025-12-31,SKU036,57.0,88820.77,1693.76,1
2026-01-01,SKU036,42.0,71137.92,1693.76,0
2026-01-02,SKU036,40.0,67750.4,1693.76,0
2026-01-03,SKU036,43.0,72831.68,1693.76,0
2026-01-04,SKU036,28.0,47425.28,1693.76,0
2026-01-05,SKU036,31.0,52506.56,1693.76,0
2026-01-06,SKU036,29.0,49119.04,1693.76,0
2026-01-07,SKU036,33.0,55894.08,1693.76,0
2026-01-08,SKU036,39.0,66056.64,1693.76,0
2026-01-09,SKU036,49.0,82994.24,1693.76,0
2026-01-10,SKU036,40.0,67750.4,1693.76,0
2026-01-11,SKU036,36.0,60975.36,1693.76,0
2026-01-12,SKU036,24.0,40650.24,1693.76,0
2026-01-13,SKU036,35.0,59281.6,1693.76,0
2026-01-14,SKU036,27.0,45731.52,1693.76,0
2026-01-15,SKU036,55.0,93156.8,1693.76,0
2026-01-16,SKU036,54.0,91463.04,1693.76,0
2026-01-17,SKU036,53.0,89769.28,1693.76,0
2026-01-18,SKU036,37.0,62669.12,1693.76,0
2026-01-19,SKU036,40.0,67750.4,1693.76,0
2026-01-20,SKU036,41.0,69444.16,1693.76,0
2026-01-21,SKU036,35.0,59281.6,1693.76,0
2026-01-22,SKU036,23.0,38956.48,1693.76,0
2026-01-23,SKU036,39.0,66056.64,1693.76,0
2026-01-24,SKU036,52.0,88075.52,1693.76,0
2026-01-25,SKU036,41.0,69444.16,1693.76,0
2026-01-26,SKU036,49.0,82994.24,1693.76,0
2026-01-27,SKU036,26.0,44037.76,1693.76,0
2026-01-28,SKU036,52.0,88075.52,1693.76,0
2026-01-29,SKU036,50.0,84688.0,1693.76,0
2026-01-30,SKU036,44.0,74525.44,1693.76,0
2026-01-31,SKU036,33.0,55894.08,1693.76,0
2026-02-01,SKU036,44.0,74525.44,1693.76,0
2026-02-02,SKU036,47.0,79606.72,1693.76,0
2026-02-03,SKU036,32.0,54200.32,1693.76,0
2026-02-04,SKU036,50.0,84688.0,1693.76,0
2026-02-05,SKU036,45.0,76219.2,1693.76,0
2026-02-06,SKU036,36.0,60975.36,1693.76,0
2026-02-07,SKU036,41.0,69444.16,1693.76,0
2026-02-08,SKU036,33.0,55894.08,1693.76,0
2026-02-09,SKU036,38.0,64362.88,1693.76,0
2026-02-10,SKU036,33.0,55894.08,1693.76,0
2026-02-11,SKU036,40.0,67750.4,1693.76,0
2026-02-12,SKU036,27.0,45731.52,1693.76,0
2026-02-13,SKU036,44.0,74525.44,1693.76,0
2026-02-14,SKU036,57.0,96544.32,1693.76,0
2026-02-15,SKU036,27.0,45731.52,1693.76,0
2026-02-16,SKU036,22.0,37262.72,1693.76,0
2026-02-17,SKU036,35.0,59281.6,1693.76,0
2026-02-18,SKU036,38.0,64362.88,1693.76,0
2026-02-19,SKU036,25.0,42344.0,1693.76,0
2026-02-20,SKU036,45.0,76219.2,1693.76,0
2026-02-21,SKU036,40.0,67750.4,1693.76,0
2026-02-22,SKU036,24.0,40650.24,1693.76,0
2026-02-23,SKU036,27.0,45731.52,1693.76,0
2026-02-24,SKU036,28.0,47425.28,1693.76,0
2026-02-25,SKU036,36.0,60975.36,1693.76,0
2026-02-26,SKU036,35.0,59281.6,1693.76,0
2026-02-27,SKU036,36.0,60975.36,1693.76,0
2026-02-28,SKU036,50.0,84688.0,1693.76,0
2026-03-01,SKU036,42.0,71137.92,1693.76,0
2026-03-02,SKU036,36.0,60975.36,1693.76,0
2026-03-03,SKU036,35.0,59281.6,1693.76,0
2026-03-04,SKU036,33.0,55894.08,1693.76,0
2026-03-05,SKU036,36.0,60975.36,1693.76,0
2026-03-06,SKU036,46.0,77912.96,1693.76,0
2026-03-07,SKU036,41.0,69444.16,1693.76,0
2026-03-08,SKU036,43.0,72831.68,1693.76,0
2026-03-09,SKU036,32.0,54200.32,1693.76,0
2026-03-10,SKU036,37.0,62669.12,1693.76,0
2026-03-11,SKU036,51.0,86381.76,1693.76,0
2026-03-12,SKU036,30.0,50812.8,1693.76,0
2026-03-13,SKU036,36.0,60975.36,1693.76,0
2026-03-14,SKU036,43.0,72831.68,1693.76,0
2026-03-15,SKU036,54.0,84146.0,1693.76,1
2026-03-16,SKU036,38.0,59213.85,1693.76,1
2026-03-17,SKU036,47.0,73238.18,1693.76,1
2026-03-18,SKU036,42.0,65446.89,1693.76,1
2026-03-19,SKU036,43.0,67005.15,1693.76,1
2026-03-20,SKU036,34.0,52980.81,1693.76,1
2026-03-21,SKU036,66.0,102845.11,1693.76,1
2026-03-22,SKU036,47.0,73238.18,1693.76,1
2026-03-23,SKU036,36.0,56097.33,1693.76,1
2026-03-24,SKU036,57.0,88820.77,1693.76,1
2026-03-25,SKU036,36.0,56097.33,1693.76,1
2026-03-26,SKU036,39.0,66056.64,1693.76,0
2026-03-27,SKU036,39.0,66056.64,1693.76,0
2026-03-28,SKU036,48.0,81300.48,1693.76,0
2026-03-29,SKU036,27.0,45731.52,1693.76,0
2026-03-30,SKU036,37.0,62669.12,1693.76,0
2026-03-31,SKU036,37.0,62669.12,1693.76,0
2026-04-01,SKU036,27.0,45731.52,1693.76,0
2026-04-02,SKU036,32.0,54200.32,1693.76,0
2026-04-03,SKU036,38.0,64362.88,1693.76,0
2026-04-04,SKU036,34.0,57587.84,1693.76,0
2026-04-05,SKU036,33.0,55894.08,1693.76,0
2026-04-06,SKU036,35.0,59281.6,1693.76,0
2026-04-07,SKU036,30.0,50812.8,1693.76,0
2026-04-08,SKU036,33.0,55894.08,1693.76,0
2026-04-09,SKU036,28.0,47425.28,1693.76,0
2026-04-10,SKU036,46.0,77912.96,1693.76,0
2026-04-11,SKU036,47.0,79606.72,1693.76,0
2026-04-12,SKU036,40.0,67750.4,1693.76,0
2026-04-13,SKU036,25.0,42344.0,1693.76,0
2026-04-14,SKU036,37.0,62669.12,1693.76,0
2026-04-15,SKU036,33.0,55894.08,1693.76,0
2026-04-16,SKU036,33.0,55894.08,1693.76,0
2026-04-17,SKU036,44.0,74525.44,1693.76,0
2026-04-18,SKU036,34.0,57587.84,1693.76,0
2026-04-19,SKU036,25.0,42344.0,1693.76,0
2026-04-20,SKU036,29.0,49119.04,1693.76,0
2026-04-21,SKU036,40.0,67750.4,1693.76,0
2026-04-22,SKU036,41.0,69444.16,1693.76,0
2026-04-23,SKU036,27.0,45731.52,1693.76,0
2026-04-24,SKU036,41.0,69444.16,1693.76,0
2026-04-25,SKU036,41.0,69444.16,1693.76,0
2026-04-26,SKU036,41.0,69444.16,1693.76,0
2026-04-27,SKU036,30.0,50812.8,1693.76,0
2026-04-28,SKU036,33.0,55894.08,1693.76,0
2026-04-29,SKU036,44.0,74525.44,1693.76,0
2026-04-30,SKU036,43.0,72831.68,1693.76,0
2026-05-01,SKU036,53.0,89769.28,1693.76,0
2026-05-02,SKU036,31.0,52506.56,1693.76,0
2026-05-03,SKU036,39.0,66056.64,1693.76,0
2026-05-04,SKU036,26.0,44037.76,1693.76,0
2026-05-05,SKU036,38.0,64362.88,1693.76,0
2026-05-06,SKU036,41.0,69444.16,1693.76,0
2026-05-07,SKU036,38.0,64362.88,1693.76,0
2026-05-08,SKU036,42.0,71137.92,1693.76,0
2026-05-09,SKU036,44.0,74525.44,1693.76,0
2026-05-10,SKU036,47.0,79606.72,1693.76,0
2026-05-11,SKU036,21.0,35568.96,1693.76,0
2026-05-12,SKU036,32.0,54200.32,1693.76,0
2026-05-13,SKU036,31.0,52506.56,1693.76,0
2026-05-14,SKU036,37.0,62669.12,1693.76,0
2026-05-15,SKU036,53.0,89769.28,1693.76,0
2026-05-16,SKU036,30.0,50812.8,1693.76,0
2026-05-17,SKU036,23.0,38956.48,1693.76,0
2026-05-18,SKU036,28.0,47425.28,1693.76,0
2026-05-19,SKU036,32.0,54200.32,1693.76,0
2026-05-20,SKU036,45.0,76219.2,1693.76,0
2026-05-21,SKU036,39.0,66056.64,1693.76,0
2026-05-22,SKU036,32.0,54200.32,1693.76,0
2026-05-23,SKU036,45.0,76219.2,1693.76,0
2026-05-24,SKU036,38.0,64362.88,1693.76,0
2026-05-25,SKU036,43.0,72831.68,1693.76,0
2026-05-26,SKU036,38.0,64362.88,1693.76,0
2026-05-27,SKU036,24.0,40650.24,1693.76,0
2026-05-28,SKU036,40.0,67750.4,1693.76,0
2026-05-29,SKU036,38.0,64362.88,1693.76,0
2026-05-30,SKU036,39.0,66056.64,1693.76,0
2026-05-31,SKU036,36.0,60975.36,1693.76,0
2026-06-01,SKU036,27.0,45731.52,1693.76,0
2026-06-02,SKU036,35.0,59281.6,1693.76,0
2026-06-03,SKU036,53.0,89769.28,1693.76,0
2026-06-04,SKU036,51.0,86381.76,1693.76,0
2026-06-05,SKU036,50.0,84688.0,1693.76,0
2026-06-06,SKU036,54.0,91463.04,1693.76,0
2026-06-07,SKU036,39.0,66056.64,1693.76,0
2026-06-08,SKU036,41.0,69444.16,1693.76,0
2026-06-09,SKU036,49.0,82994.24,1693.76,0
2026-06-10,SKU036,49.0,76354.7,1693.76,1
2026-06-11,SKU036,66.0,102845.11,1693.76,1
2026-06-12,SKU036,64.0,99728.59,1693.76,1
2026-06-13,SKU036,81.0,126219.0,1693.76,1
2026-06-14,SKU036,49.0,76354.7,1693.76,1
2026-06-15,SKU036,44.0,68563.4,1693.76,1
2026-06-16,SKU036,58.0,90379.03,1693.76,1
2026-06-17,SKU036,41.0,63888.63,1693.76,1
2026-06-18,SKU036,40.0,62330.37,1693.76,1
2026-06-19,SKU036,78.0,121544.22,1693.76,1
2026-06-20,SKU036,54.0,84146.0,1693.76,1
2026-06-21,SKU036,26.0,44037.76,1693.76,0
2026-06-22,SKU036,36.0,60975.36,1693.76,0
2026-06-23,SKU036,50.0,84688.0,1693.76,0
2026-06-24,SKU036,46.0,77912.96,1693.76,0
2026-06-25,SKU036,37.0,62669.12,1693.76,0
2026-06-26,SKU036,45.0,76219.2,1693.76,0
2026-06-27,SKU036,43.0,72831.68,1693.76,0
2026-06-28,SKU036,38.0,64362.88,1693.76,0
2026-06-29,SKU036,35.0,59281.6,1693.76,0
2026-06-30,SKU036,39.0,66056.64,1693.76,0
2025-04-14,SKU037,30.0,166470.6,5549.02,0
2025-04-15,SKU037,21.0,116529.42,5549.02,0
2025-04-16,SKU037,23.0,127627.46,5549.02,0
2025-04-17,SKU037,30.0,166470.6,5549.02,0
2025-04-18,SKU037,32.0,177568.64,5549.02,0
2025-04-19,SKU037,26.0,144274.52,5549.02,0
2025-04-20,SKU037,19.0,105431.38,5549.02,0
2025-04-21,SKU037,14.0,77686.28,5549.02,0
2025-04-22,SKU037,9.0,49941.18,5549.02,0
2025-04-23,SKU037,32.0,177568.64,5549.02,0
2025-04-24,SKU037,28.0,155372.56,5549.02,0
2025-04-25,SKU037,24.0,133176.48,5549.02,0
2025-04-26,SKU037,24.0,133176.48,5549.02,0
2025-04-27,SKU037,21.0,116529.42,5549.02,0
2025-04-28,SKU037,22.0,122078.44,5549.02,0
2025-04-29,SKU037,27.0,149823.54,5549.02,0
2025-04-30,SKU037,14.0,77686.28,5549.02,0
2025-05-01,SKU037,34.0,188666.68,5549.02,0
2025-05-02,SKU037,26.0,144274.52,5549.02,0
2025-05-03,SKU037,26.0,144274.52,5549.02,0
2025-05-04,SKU037,20.0,110980.4,5549.02,0
2025-05-05,SKU037,16.0,88784.32,5549.02,0
2025-05-06,SKU037,26.0,144274.52,5549.02,0
2025-05-07,SKU037,19.0,105431.38,5549.02,0
2025-05-08,SKU037,18.0,99882.36,5549.02,0
2025-05-09,SKU037,28.0,155372.56,5549.02,0
2025-05-10,SKU037,27.0,149823.54,5549.02,0
2025-05-11,SKU037,20.0,110980.4,5549.02,0
2025-05-12,SKU037,22.0,122078.44,5549.02,0
2025-05-13,SKU037,19.0,105431.38,5549.02,0
2025-05-14,SKU037,22.0,122078.44,5549.02,0
2025-05-15,SKU037,31.0,172019.62,5549.02,0
2025-05-16,SKU037,20.0,110980.4,5549.02,0
2025-05-17,SKU037,24.0,133176.48,5549.02,0
2025-05-18,SKU037,22.0,122078.44,5549.02,0
2025-05-19,SKU037,7.0,38843.14,5549.02,0
2025-05-20,SKU037,30.0,166470.6,5549.02,0
2025-05-21,SKU037,22.0,122078.44,5549.02,0
2025-05-22,SKU037,13.0,72137.26,5549.02,0
2025-05-23,SKU037,20.0,110980.4,5549.02,0
2025-05-24,SKU037,20.0,110980.4,5549.02,0
2025-05-25,SKU037,18.0,99882.36,5549.02,0
2025-05-26,SKU037,16.0,88784.32,5549.02,0
2025-05-27,SKU037,15.0,83235.3,5549.02,0
2025-05-28,SKU037,19.0,105431.38,5549.02,0
2025-05-29,SKU037,11.0,61039.22,5549.02,0
2025-05-30,SKU037,24.0,133176.48,5549.02,0
2025-05-31,SKU037,16.0,88784.32,5549.02,0
2025-06-01,SKU037,36.0,199764.72,5549.02,0
2025-06-02,SKU037,34.0,188666.68,5549.02,0
2025-06-03,SKU037,18.0,99882.36,5549.02,0
2025-06-04,SKU037,17.0,94333.34,5549.02,0
2025-06-05,SKU037,34.0,188666.68,5549.02,0
2025-06-06,SKU037,26.0,144274.52,5549.02,0
2025-06-07,SKU037,37.0,205313.74,5549.02,0
2025-06-08,SKU037,24.0,133176.48,5549.02,0
2025-06-09,SKU037,19.0,105431.38,5549.02,0
2025-06-10,SKU037,31.0,158258.05,5549.02,1
2025-06-11,SKU037,35.0,178678.44,5549.02,1
2025-06-12,SKU037,24.0,122522.36,5549.02,1
2025-06-13,SKU037,30.0,153152.95,5549.02,1
2025-06-14,SKU037,30.0,153152.95,5549.02,1
2025-06-15,SKU037,34.0,173573.35,5549.02,1
2025-06-16,SKU037,25.0,127627.46,5549.02,1
2025-06-17,SKU037,20.0,102101.97,5549.02,1
2025-06-18,SKU037,27.0,137837.66,5549.02,1
2025-06-19,SKU037,35.0,178678.44,5549.02,1
2025-06-20,SKU037,40.0,204203.94,5549.02,1
2025-06-21,SKU037,44.0,244156.88,5549.02,0
2025-06-22,SKU037,17.0,94333.34,5549.02,0
2025-06-23,SKU037,20.0,110980.4,5549.02,0
2025-06-24,SKU037,23.0,127627.46,5549.02,0
2025-06-25,SKU037,15.0,83235.3,5549.02,0
2025-06-26,SKU037,24.0,133176.48,5549.02,0
2025-06-27,SKU037,31.0,172019.62,5549.02,0
2025-06-28,SKU037,21.0,116529.42,5549.02,0
2025-06-29,SKU037,29.0,160921.58,5549.02,0
2025-06-30,SKU037,21.0,116529.42,5549.02,0
2025-07-01,SKU037,18.0,99882.36,5549.02,0
2025-07-02,SKU037,23.0,127627.46,5549.02,0
2025-07-03,SKU037,39.0,216411.78,5549.02,0
2025-07-04,SKU037,33.0,183117.66,,0
2025-07-05,SKU037,23.0,127627.46,5549.02,0
2025-07-06,SKU037,18.0,99882.36,5549.02,0
2025-07-07,SKU037,26.0,144274.52,5549.02,0
2025-07-08,SKU037,18.0,99882.36,5549.02,0
2025-07-09,SKU037,26.0,144274.52,5549.02,0
2025-07-10,SKU037,25.0,138725.5,5549.02,0
2025-07-11,SKU037,33.0,183117.66,5549.02,0
2025-07-12,SKU037,30.0,166470.6,5549.02,0
2025-07-13,SKU037,25.0,138725.5,5549.02,0
2025-07-14,SKU037,15.0,83235.3,5549.02,0
2025-07-15,SKU037,23.0,127627.46,5549.02,0
2025-07-16,SKU037,32.0,177568.64,5549.02,0
2025-07-17,SKU037,22.0,122078.44,5549.02,0
2025-07-18,SKU037,29.0,160921.58,5549.02,0
2025-07-19,SKU037,25.0,138725.5,5549.02,0
2025-07-20,SKU037,34.0,188666.68,5549.02,0
2025-07-21,SKU037,19.0,105431.38,5549.02,0
2025-07-22,SKU037,23.0,127627.46,5549.02,0
2025-07-23,SKU037,28.0,155372.56,5549.02,0
2025-07-24,SKU037,36.0,199764.72,5549.02,0
2025-07-25,SKU037,25.0,138725.5,5549.02,0
2025-07-26,SKU037,30.0,166470.6,5549.02,0
2025-07-27,SKU037,15.0,83235.3,5549.02,0
2025-07-28,SKU037,17.0,94333.34,5549.02,0
2025-07-29,SKU037,25.0,138725.5,5549.02,0
2025-07-30,SKU037,19.0,105431.38,5549.02,0
2025-07-31,SKU037,24.0,133176.48,5549.02,0
2025-08-01,SKU037,33.0,183117.66,5549.02,0
2025-08-02,SKU037,22.0,122078.44,5549.02,0
2025-08-03,SKU037,35.0,194215.7,5549.02,0
2025-08-04,SKU037,15.0,83235.3,5549.02,0
2025-08-05,SKU037,25.0,138725.5,5549.02,0
2025-08-06,SKU037,32.0,177568.64,5549.02,0
2025-08-07,SKU037,22.0,122078.44,5549.02,0
2025-08-08,SKU037,39.0,216411.78,5549.02,0
2025-08-09,SKU037,22.0,122078.44,5549.02,0
2025-08-10,SKU037,23.0,127627.46,5549.02,0
2025-08-11,SKU037,15.0,83235.3,5549.02,0
2025-08-12,SKU037,22.0,122078.44,5549.02,0
2025-08-13,SKU037,28.0,155372.56,5549.02,0
2025-08-14,SKU037,24.0,133176.48,5549.02,0
2025-08-15,SKU037,44.0,244156.88,5549.02,0
2025-08-16,SKU037,27.0,149823.54,5549.02,0
2025-08-17,SKU037,23.0,127627.46,5549.02,0
2025-08-18,SKU037,24.0,133176.48,5549.02,0
2025-08-19,SKU037,18.0,99882.36,5549.02,0
2025-08-20,SKU037,23.0,127627.46,5549.02,0
2025-08-21,SKU037,24.0,133176.48,5549.02,0
2025-08-22,SKU037,31.0,172019.62,5549.02,0
2025-08-23,SKU037,25.0,138725.5,5549.02,0
2025-08-24,SKU037,23.0,127627.46,5549.02,0
2025-08-25,SKU037,17.0,94333.34,5549.02,0
2025-08-26,SKU037,14.0,77686.28,5549.02,0
2025-08-27,SKU037,29.0,160921.58,5549.02,0
2025-08-28,SKU037,23.0,127627.46,5549.02,0
2025-08-29,SKU037,30.0,166470.6,5549.02,0
2025-08-30,SKU037,28.0,155372.56,5549.02,0
2025-08-31,SKU037,15.0,83235.3,5549.02,0
2025-09-01,SKU037,16.0,88784.32,5549.02,0
2025-09-02,SKU037,22.0,122078.44,5549.02,0
2025-09-03,SKU037,20.0,110980.4,5549.02,0
2025-09-04,SKU037,19.0,105431.38,5549.02,0
2025-09-05,SKU037,26.0,144274.52,5549.02,0
2025-09-06,SKU037,33.0,183117.66,5549.02,0
2025-09-07,SKU037,21.0,116529.42,5549.02,0
2025-09-08,SKU037,16.0,88784.32,5549.02,0
2025-09-09,SKU037,13.0,72137.26,5549.02,0
2025-09-10,SKU037,24.0,133176.48,5549.02,0
2025-09-11,SKU037,22.0,122078.44,5549.02,0
2025-09-12,SKU037,27.0,149823.54,5549.02,0
2025-09-13,SKU037,21.0,116529.42,5549.02,0
2025-09-14,SKU037,27.0,149823.54,5549.02,0
2025-09-15,SKU037,21.0,116529.42,5549.02,0
2025-09-16,SKU037,19.0,105431.38,5549.02,0
2025-09-17,SKU037,24.0,133176.48,5549.02,0
2025-09-18,SKU037,15.0,83235.3,5549.02,0
2025-09-19,SKU037,27.0,149823.54,5549.02,0
2025-09-20,SKU037,34.0,188666.68,5549.02,0
2025-09-21,SKU037,17.0,94333.34,5549.02,0
2025-09-22,SKU037,18.0,99882.36,5549.02,0
2025-09-23,SKU037,20.0,110980.4,5549.02,0
2025-09-24,SKU037,23.0,127627.46,5549.02,0
2025-09-25,SKU037,31.0,172019.62,5549.02,0
2025-09-26,SKU037,20.0,110980.4,5549.02,0
2025-09-27,SKU037,22.0,122078.44,5549.02,0
2025-09-28,SKU037,26.0,144274.52,5549.02,0
2025-09-29,SKU037,19.0,105431.38,5549.02,0
2025-09-30,SKU037,22.0,122078.44,5549.02,0
2025-10-01,SKU037,21.0,107207.07,5549.02,1
2025-10-02,SKU037,32.0,163363.15,5549.02,1
2025-10-03,SKU037,25.0,127627.46,5549.02,1
2025-10-04,SKU037,37.0,188888.64,5549.02,1
2025-10-05,SKU037,23.0,117417.26,5549.02,1
2025-10-06,SKU037,34.0,173573.35,5549.02,1
2025-10-07,SKU037,33.0,168468.25,5549.02,1
2025-10-08,SKU037,31.0,158258.05,5549.02,1
2025-10-09,SKU037,25.0,127627.46,5549.02,1
2025-10-10,SKU037,29.0,148047.85,5549.02,1
2025-10-11,SKU037,20.0,110980.4,5549.02,0
2025-10-12,SKU037,36.0,199764.72,5549.02,0
2025-10-13,SKU037,20.0,110980.4,5549.02,0
2025-10-14,SKU037,20.0,110980.4,5549.02,0
2025-10-15,SKU037,24.0,133176.48,5549.02,0
2025-10-16,SKU037,20.0,110980.4,5549.02,0
2025-10-17,SKU037,28.0,155372.56,5549.02,0
2025-10-18,SKU037,28.0,155372.56,5549.02,0
2025-10-19,SKU037,18.0,99882.36,5549.02,0
2025-10-20,SKU037,19.0,105431.38,5549.02,0
2025-10-21,SKU037,20.0,110980.4,5549.02,0
2025-10-22,SKU037,29.0,160921.58,5549.02,0
2025-10-23,SKU037,24.0,133176.48,5549.02,0
2025-10-24,SKU037,18.0,99882.36,5549.02,0
2025-10-25,SKU037,19.0,105431.38,5549.02,0
2025-10-26,SKU037,25.0,138725.5,5549.02,0
2025-10-27,SKU037,25.0,138725.5,5549.02,0
2025-10-28,SKU037,29.0,160921.58,5549.02,0
2025-10-29,SKU037,26.0,144274.52,5549.02,0
2025-10-30,SKU037,23.0,127627.46,5549.02,0
2025-10-31,SKU037,26.0,144274.52,5549.02,0
2025-11-01,SKU037,19.0,105431.38,5549.02,0
2025-11-02,SKU037,17.0,94333.34,5549.02,0
2025-11-03,SKU037,21.0,116529.42,5549.02,0
2025-11-04,SKU037,18.0,99882.36,5549.02,0
2025-11-05,SKU037,29.0,160921.58,5549.02,0
2025-11-06,SKU037,20.0,110980.4,5549.02,0
2025-11-07,SKU037,21.0,116529.42,5549.02,0
2025-11-08,SKU037,31.0,172019.62,5549.02,0
2025-11-09,SKU037,25.0,138725.5,5549.02,0
2025-11-10,SKU037,16.0,88784.32,5549.02,0
2025-11-11,SKU037,31.0,172019.62,5549.02,0
2025-11-12,SKU037,22.0,122078.44,5549.02,0
2025-11-13,SKU037,11.0,61039.22,5549.02,0
2025-11-14,SKU037,20.0,110980.4,5549.02,0
2025-11-15,SKU037,,172019.62,5549.02,0
2025-11-16,SKU037,18.0,99882.36,5549.02,0
2025-11-17,SKU037,19.0,105431.38,5549.02,0
2025-11-18,SKU037,14.0,77686.28,5549.02,0
2025-11-19,SKU037,21.0,116529.42,5549.02,0
2025-11-20,SKU037,23.0,117417.26,5549.02,1
2025-11-21,SKU037,31.0,158258.05,5549.02,1
2025-11-22,SKU037,33.0,168468.25,5549.02,1
2025-11-23,SKU037,33.0,168468.25,5549.02,1
2025-11-24,SKU037,23.0,117417.26,5549.02,1
2025-11-25,SKU037,24.0,122522.36,5549.02,1
2025-11-26,SKU037,33.0,168468.25,5549.02,1
2025-11-27,SKU037,28.0,142942.76,5549.02,1
2025-11-28,SKU037,32.0,163363.15,5549.02,1
2025-11-29,SKU037,23.0,117417.26,5549.02,1
2025-11-30,SKU037,23.0,117417.26,5549.02,1
2025-12-01,SKU037,19.0,105431.38,5549.02,0
2025-12-02,SKU037,33.0,183117.66,5549.02,0
2025-12-03,SKU037,21.0,116529.42,5549.02,0
2025-12-04,SKU037,26.0,144274.52,5549.02,0
2025-12-05,SKU037,28.0,155372.56,5549.02,0
2025-12-06,SKU037,33.0,183117.66,5549.02,0
2025-12-07,SKU037,16.0,88784.32,5549.02,0
2025-12-08,SKU037,19.0,105431.38,5549.02,0
2025-12-09,SKU037,20.0,110980.4,5549.02,0
2025-12-10,SKU037,21.0,116529.42,5549.02,0
2025-12-11,SKU037,21.0,116529.42,5549.02,0
2025-12-12,SKU037,39.0,216411.78,5549.02,0
2025-12-13,SKU037,32.0,177568.64,5549.02,0
2025-12-14,SKU037,23.0,127627.46,5549.02,0
2025-12-15,SKU037,41.0,209309.03,5549.02,1
2025-12-16,SKU037,31.0,158258.05,5549.02,1
2025-12-17,SKU037,23.0,117417.26,5549.02,1
2025-12-18,SKU037,35.0,178678.44,5549.02,1
2025-12-19,SKU037,33.0,168468.25,5549.02,1
2025-12-20,SKU037,33.0,168468.25,5549.02,1
2025-12-21,SKU037,42.0,214414.13,5549.02,1
2025-12-22,SKU037,42.0,214414.13,5549.02,1
2025-12-23,SKU037,40.0,204203.94,5549.02,1
2025-12-24,SKU037,35.0,178678.44,5549.02,1
2025-12-25,SKU037,40.0,204203.94,5549.02,1
2025-12-26,SKU037,38.0,193993.74,5549.02,1
2025-12-27,SKU037,29.0,148047.85,5549.02,1
2025-12-28,SKU037,28.0,142942.76,5549.02,1
2025-12-29,SKU037,24.0,122522.36,5549.02,1
2025-12-30,SKU037,32.0,163363.15,5549.02,1
2025-12-31,SKU037,45.0,229729.43,5549.02,1
2026-01-01,SKU037,23.0,127627.46,5549.02,0
2026-01-02,SKU037,29.0,160921.58,5549.02,0
2026-01-03,SKU037,32.0,177568.64,5549.02,0
2026-01-04,SKU037,20.0,110980.4,5549.02,0
2026-01-05,SKU037,21.0,116529.42,5549.02,0
2026-01-06,SKU037,35.0,194215.7,5549.02,0
2026-01-07,SKU037,35.0,194215.7,5549.02,0
2026-01-08,SKU037,27.0,149823.54,5549.02,0
2026-01-09,SKU037,20.0,110980.4,5549.02,0
2026-01-10,SKU037,24.0,133176.48,5549.02,0
2026-01-11,SKU037,14.0,77686.28,5549.02,0
2026-01-12,SKU037,24.0,133176.48,5549.02,0
2026-01-13,SKU037,22.0,122078.44,5549.02,0
2026-01-14,SKU037,23.0,127627.46,5549.02,0
2026-01-15,SKU037,31.0,172019.62,5549.02,0
2026-01-16,SKU037,25.0,138725.5,5549.02,0
2026-01-17,SKU037,24.0,133176.48,5549.02,0
2026-01-18,SKU037,21.0,116529.42,5549.02,0
2026-01-19,SKU037,,116529.42,5549.02,0
2026-01-20,SKU037,25.0,138725.5,5549.02,0
2026-01-21,SKU037,18.0,99882.36,5549.02,0
2026-01-22,SKU037,23.0,127627.46,5549.02,0
2026-01-23,SKU037,21.0,116529.42,5549.02,0
2026-01-24,SKU037,33.0,183117.66,5549.02,0
2026-01-25,SKU037,37.0,205313.74,5549.02,0
2026-01-26,SKU037,31.0,172019.62,5549.02,0
2026-01-27,SKU037,22.0,122078.44,5549.02,0
2026-01-28,SKU037,27.0,149823.54,5549.02,0
2026-01-29,SKU037,26.0,144274.52,5549.02,0
2026-01-30,SKU037,21.0,116529.42,5549.02,0
2026-01-31,SKU037,29.0,160921.58,5549.02,0
2026-02-01,SKU037,23.0,127627.46,5549.02,0
2026-02-02,SKU037,23.0,127627.46,5549.02,0
2026-02-03,SKU037,30.0,166470.6,5549.02,0
2026-02-04,SKU037,32.0,177568.64,5549.02,0
2026-02-05,SKU037,27.0,149823.54,5549.02,0
2026-02-06,SKU037,27.0,149823.54,5549.02,0
2026-02-07,SKU037,22.0,122078.44,5549.02,0
2026-02-08,SKU037,26.0,144274.52,5549.02,0
2026-02-09,SKU037,24.0,133176.48,5549.02,0
2026-02-10,SKU037,14.0,77686.28,5549.02,0
2026-02-11,SKU037,24.0,133176.48,5549.02,0
2026-02-12,SKU037,27.0,149823.54,5549.02,0
2026-02-13,SKU037,32.0,177568.64,5549.02,0
2026-02-14,SKU037,20.0,110980.4,5549.02,0
2026-02-15,SKU037,32.0,177568.64,5549.02,0
2026-02-16,SKU037,19.0,105431.38,5549.02,0
2026-02-17,SKU037,34.0,188666.68,5549.02,0
2026-02-18,SKU037,21.0,116529.42,5549.02,0
2026-02-19,SKU037,29.0,160921.58,5549.02,0
2026-02-20,SKU037,27.0,149823.54,5549.02,0
2026-02-21,SKU037,33.0,183117.66,5549.02,0
2026-02-22,SKU037,27.0,149823.54,5549.02,0
2026-02-23,SKU037,18.0,99882.36,5549.02,0
2026-02-24,SKU037,30.0,166470.6,5549.02,0
2026-02-25,SKU037,19.0,105431.38,5549.02,0
2026-02-26,SKU037,16.0,88784.32,5549.02,0
2026-02-27,SKU037,30.0,166470.6,5549.02,0
2026-02-28,SKU037,45.0,249705.9,5549.02,0
2026-03-01,SKU037,21.0,116529.42,5549.02,0
2026-03-02,SKU037,22.0,122078.44,5549.02,0
2026-03-03,SKU037,23.0,127627.46,5549.02,0
2026-03-04,SKU037,23.0,127627.46,5549.02,0
2026-03-05,SKU037,24.0,133176.48,5549.02,0
2026-03-06,SKU037,34.0,188666.68,5549.02,0
2026-03-07,SKU037,25.0,138725.5,5549.02,0
2026-03-08,SKU037,21.0,116529.42,,0
2026-03-09,SKU037,21.0,116529.42,5549.02,0
2026-03-10,SKU037,28.0,155372.56,5549.02,0
2026-03-11,SKU037,26.0,144274.52,5549.02,0
2026-03-12,SKU037,29.0,160921.58,5549.02,0
2026-03-13,SKU037,28.0,155372.56,5549.02,0
2026-03-14,SKU037,26.0,144274.52,5549.02,0
2026-03-15,SKU037,36.0,183783.54,5549.02,1
2026-03-16,SKU037,31.0,158258.05,5549.02,1
2026-03-17,SKU037,27.0,137837.66,5549.02,1
2026-03-18,SKU037,29.0,148047.85,5549.02,1
2026-03-19,SKU037,32.0,163363.15,5549.02,1
2026-03-20,SKU037,37.0,188888.64,5549.02,1
2026-03-21,SKU037,41.0,209309.03,5549.02,1
2026-03-22,SKU037,36.0,183783.54,5549.02,1
2026-03-23,SKU037,19.0,96996.87,5549.02,1
2026-03-24,SKU037,35.0,178678.44,5549.02,1
2026-03-25,SKU037,24.0,122522.36,5549.02,1
2026-03-26,SKU037,23.0,127627.46,5549.02,0
2026-03-27,SKU037,27.0,149823.54,5549.02,0
2026-03-28,SKU037,29.0,160921.58,5549.02,0
2026-03-29,SKU037,25.0,138725.5,5549.02,0
2026-03-30,SKU037,19.0,105431.38,5549.02,0
2026-03-31,SKU037,27.0,149823.54,5549.02,0
2026-04-01,SKU037,23.0,127627.46,5549.02,0
2026-04-02,SKU037,21.0,116529.42,5549.02,0
2026-04-03,SKU037,28.0,155372.56,5549.02,0
2026-04-04,SKU037,26.0,144274.52,5549.02,0
2026-04-05,SKU037,13.0,72137.26,5549.02,0
2026-04-06,SKU037,20.0,110980.4,5549.02,0
2026-04-07,SKU037,26.0,144274.52,5549.02,0
2026-04-08,SKU037,27.0,149823.54,5549.02,0
2026-04-09,SKU037,17.0,94333.34,5549.02,0
2026-04-10,SKU037,25.0,138725.5,5549.02,0
2026-04-11,SKU037,24.0,133176.48,5549.02,0
2026-04-12,SKU037,27.0,149823.54,5549.02,0
2026-04-13,SKU037,21.0,116529.42,5549.02,0
2026-04-14,SKU037,30.0,166470.6,5549.02,0
2026-04-15,SKU037,22.0,122078.44,5549.02,0
2026-04-16,SKU037,37.0,205313.74,5549.02,0
2026-04-17,SKU037,33.0,183117.66,5549.02,0
2026-04-18,SKU037,20.0,110980.4,5549.02,0
2026-04-19,SKU037,29.0,160921.58,5549.02,0
2026-04-20,SKU037,26.0,144274.52,5549.02,0
2026-04-21,SKU037,19.0,105431.38,5549.02,0
2026-04-22,SKU037,17.0,94333.34,5549.02,0
2026-04-23,SKU037,25.0,138725.5,5549.02,0
2026-04-24,SKU037,25.0,138725.5,5549.02,0
2026-04-25,SKU037,28.0,155372.56,5549.02,0
2026-04-26,SKU037,21.0,116529.42,5549.02,0
2026-04-27,SKU037,16.0,88784.32,5549.02,0
2026-04-28,SKU037,23.0,127627.46,5549.02,0
2026-04-29,SKU037,23.0,127627.46,5549.02,0
2026-04-30,SKU037,22.0,122078.44,5549.02,0
2026-05-01,SKU037,24.0,133176.48,5549.02,0
2026-05-02,SKU037,24.0,133176.48,5549.02,0
2026-05-03,SKU037,31.0,172019.62,5549.02,0
2026-05-04,SKU037,22.0,122078.44,5549.02,0
2026-05-05,SKU037,21.0,116529.42,5549.02,0
2026-05-06,SKU037,25.0,138725.5,5549.02,0
2026-05-07,SKU037,25.0,138725.5,5549.02,0
2026-05-08,SKU037,24.0,133176.48,5549.02,0
2026-05-09,SKU037,28.0,155372.56,5549.02,0
2026-05-10,SKU037,30.0,166470.6,5549.02,0
2026-05-11,SKU037,15.0,83235.3,5549.02,0
2026-05-12,SKU037,22.0,122078.44,5549.02,0
2026-05-13,SKU037,19.0,105431.38,5549.02,0
2026-05-14,SKU037,20.0,110980.4,5549.02,0
2026-05-15,SKU037,22.0,122078.44,5549.02,0
2026-05-16,SKU037,28.0,155372.56,5549.02,0
2026-05-17,SKU037,24.0,133176.48,5549.02,0
2026-05-18,SKU037,23.0,127627.46,5549.02,0
2026-05-19,SKU037,25.0,138725.5,5549.02,0
2026-05-20,SKU037,,133176.48,5549.02,0
2026-05-21,SKU037,20.0,110980.4,5549.02,0
2026-05-22,SKU037,37.0,205313.74,5549.02,0
2026-05-23,SKU037,33.0,183117.66,5549.02,0
2026-05-24,SKU037,27.0,149823.54,5549.02,0
2026-05-25,SKU037,22.0,122078.44,5549.02,0
2026-05-26,SKU037,32.0,177568.64,5549.02,0
2026-05-27,SKU037,21.0,116529.42,5549.02,0
2026-05-28,SKU037,22.0,122078.44,5549.02,0
2026-05-29,SKU037,29.0,160921.58,5549.02,0
2026-05-30,SKU037,28.0,155372.56,5549.02,0
2026-05-31,SKU037,20.0,110980.4,5549.02,0
2026-06-01,SKU037,22.0,122078.44,5549.02,0
2026-06-02,SKU037,27.0,149823.54,5549.02,0
2026-06-03,SKU037,17.0,94333.34,5549.02,0
2026-06-04,SKU037,27.0,149823.54,5549.02,0
2026-06-05,SKU037,29.0,160921.58,5549.02,0
2026-06-06,SKU037,31.0,172019.62,5549.02,0
2026-06-07,SKU037,25.0,138725.5,5549.02,0
2026-06-08,SKU037,38.0,210862.76,5549.02,0
2026-06-09,SKU037,31.0,172019.62,5549.02,0
2026-06-10,SKU037,45.0,229729.43,5549.02,1
2026-06-11,SKU037,30.0,153152.95,5549.02,1
2026-06-12,SKU037,42.0,214414.13,5549.02,1
2026-06-13,SKU037,30.0,153152.95,5549.02,1
2026-06-14,SKU037,31.0,158258.05,5549.02,1
2026-06-15,SKU037,26.0,132732.56,5549.02,1
2026-06-16,SKU037,39.0,199098.84,5549.02,1
2026-06-17,SKU037,50.0,255254.92,5549.02,1
2026-06-18,SKU037,28.0,142942.76,5549.02,1
2026-06-19,SKU037,44.0,224624.33,5549.02,1
2026-06-20,SKU037,39.0,199098.84,5549.02,1
2026-06-21,SKU037,25.0,138725.5,5549.02,0
2026-06-22,SKU037,16.0,88784.32,5549.02,0
2026-06-23,SKU037,23.0,127627.46,5549.02,0
2026-06-24,SKU037,20.0,110980.4,5549.02,0
2026-06-25,SKU037,23.0,127627.46,5549.02,0
2026-06-26,SKU037,44.0,244156.88,5549.02,0
2026-06-27,SKU037,31.0,172019.62,5549.02,0
2026-06-28,SKU037,24.0,133176.48,5549.02,0
2026-06-29,SKU037,40.0,221960.8,5549.02,0
2026-06-30,SKU037,39.0,216411.78,5549.02,0
2025-01-01,SKU038,95.0,286010.8,3010.64,0
2025-01-02,SKU038,76.0,228808.64,3010.64,0
2025-01-03,SKU038,120.0,361276.8,3010.64,0
2025-01-04,SKU038,75.0,225798.0,3010.64,0
2025-01-05,SKU038,68.0,204723.52,3010.64,0
2025-01-06,SKU038,63.0,189670.32,3010.64,0
2025-01-07,SKU038,52.0,156553.28,3010.64,0
2025-01-08,SKU038,84.0,252893.76,3010.64,0
2025-01-09,SKU038,91.0,273968.24,3010.64,0
2025-01-10,SKU038,86.0,238201.84,3010.64,1
2025-01-11,SKU038,122.0,337914.23,3010.64,1
2025-01-12,SKU038,117.0,324065.29,3010.64,1
2025-01-13,SKU038,82.0,227122.68,3010.64,1
2025-01-14,SKU038,87.0,240971.63,3010.64,1
2025-01-15,SKU038,99.0,274209.09,3010.64,1
2025-01-16,SKU038,70.0,210744.8,3010.64,0
2025-01-17,SKU038,73.0,219776.72,3010.64,0
2025-01-18,SKU038,63.0,189670.32,3010.64,0
2025-01-19,SKU038,67.0,201712.88,3010.64,0
2025-01-20,SKU038,58.0,174617.12,3010.64,0
2025-01-21,SKU038,71.0,213755.44,3010.64,0
2025-01-22,SKU038,55.0,165585.2,3010.64,0
2025-01-23,SKU038,69.0,207734.16,3010.64,0
2025-01-24,SKU038,66.0,198702.24,3010.64,0
2025-01-25,SKU038,90.0,270957.6,3010.64,0
2025-01-26,SKU038,85.0,255904.4,3010.64,0
2025-01-27,SKU038,56.0,168595.84,3010.64,0
2025-01-28,SKU038,67.0,201712.88,3010.64,0
2025-01-29,SKU038,62.0,186659.68,3010.64,0
2025-01-30,SKU038,69.0,207734.16,3010.64,0
2025-01-31,SKU038,69.0,207734.16,3010.64,0
2025-02-01,SKU038,95.0,286010.8,3010.64,0
2025-02-02,SKU038,82.0,246872.48,3010.64,0
2025-02-03,SKU038,75.0,225798.0,3010.64,0
2025-02-04,SKU038,74.0,222787.36,3010.64,0
2025-02-05,SKU038,78.0,234829.92,3010.64,0
2025-02-06,SKU038,60.0,180638.4,3010.64,0
2025-02-07,SKU038,72.0,216766.08,3010.64,0
2025-02-08,SKU038,110.0,331170.4,3010.64,0
2025-02-09,SKU038,61.0,183649.04,3010.64,0
2025-02-10,SKU038,67.0,201712.88,3010.64,0
2025-02-11,SKU038,77.0,231819.28,3010.64,0
2025-02-12,SKU038,67.0,201712.88,3010.64,0
2025-02-13,SKU038,67.0,201712.88,3010.64,0
2025-02-14,SKU038,78.0,234829.92,3010.64,0
2025-02-15,SKU038,94.0,283000.16,3010.64,0
2025-02-16,SKU038,64.0,192680.96,3010.64,0
2025-02-17,SKU038,68.0,204723.52,3010.64,0
2025-02-18,SKU038,99.0,298053.36,3010.64,0
2025-02-19,SKU038,73.0,219776.72,3010.64,0
2025-02-20,SKU038,96.0,289021.44,3010.64,0
2025-02-21,SKU038,86.0,258915.04,3010.64,0
2025-02-22,SKU038,95.0,286010.8,3010.64,0
2025-02-23,SKU038,97.0,292032.08,3010.64,0
2025-02-24,SKU038,57.0,171606.48,3010.64,0
2025-02-25,SKU038,77.0,231819.28,3010.64,0
2025-02-26,SKU038,72.0,216766.08,3010.64,0
2025-02-27,SKU038,91.0,273968.24,3010.64,0
2025-02-28,SKU038,74.0,222787.36,3010.64,0
2025-03-01,SKU038,69.0,207734.16,3010.64,0
2025-03-02,SKU038,49.0,147521.36,3010.64,0
2025-03-03,SKU038,67.0,201712.88,3010.64,0
2025-03-04,SKU038,67.0,201712.88,3010.64,0
2025-03-05,SKU038,65.0,195691.6,3010.64,0
2025-03-06,SKU038,71.0,213755.44,3010.64,0
2025-03-07,SKU038,63.0,189670.32,3010.64,0
2025-03-08,SKU038,99.0,298053.36,3010.64,0
2025-03-09,SKU038,64.0,192680.96,3010.64,0
2025-03-10,SKU038,61.0,183649.04,3010.64,0
2025-03-11,SKU038,76.0,228808.64,3010.64,0
2025-03-12,SKU038,57.0,171606.48,3010.64,0
2025-03-13,SKU038,66.0,198702.24,3010.64,0
2025-03-14,SKU038,91.0,273968.24,3010.64,0
2025-03-15,SKU038,73.0,219776.72,3010.64,0
2025-03-16,SKU038,67.0,201712.88,3010.64,0
2025-03-17,SKU038,38.0,114404.32,3010.64,0
2025-03-18,SKU038,65.0,195691.6,3010.64,0
2025-03-19,SKU038,52.0,156553.28,3010.64,0
2025-03-20,SKU038,120.0,332374.66,3010.64,1
2025-03-21,SKU038,148.0,409928.74,3010.64,1
2025-03-22,SKU038,98.0,271439.3,3010.64,1
2025-03-23,SKU038,84.0,232662.26,3010.64,1
2025-03-24,SKU038,72.0,199424.79,3010.64,1
2025-03-25,SKU038,90.0,249280.99,3010.64,1
2025-03-26,SKU038,95.0,263129.94,3010.64,1
2025-03-27,SKU038,103.0,285288.25,3010.64,1
2025-03-28,SKU038,84.0,252893.76,3010.64,0
2025-03-29,SKU038,75.0,225798.0,3010.64,0
2025-03-30,SKU038,72.0,216766.08,3010.64,0
2025-03-31,SKU038,72.0,216766.08,3010.64,0
2025-04-01,SKU038,57.0,171606.48,3010.64,0
2025-04-02,SKU038,74.0,222787.36,3010.64,0
2025-04-03,SKU038,50.0,150532.0,3010.64,0
2025-04-04,SKU038,73.0,219776.72,3010.64,0
2025-04-05,SKU038,82.0,246872.48,3010.64,0
2025-04-06,SKU038,50.0,150532.0,3010.64,0
2025-04-07,SKU038,78.0,234829.92,3010.64,0
2025-04-08,SKU038,59.0,177627.76,3010.64,0
2025-04-09,SKU038,88.0,264936.32,3010.64,0
2025-04-10,SKU038,56.0,168595.84,3010.64,0
2025-04-11,SKU038,54.0,162574.56,3010.64,0
2025-04-12,SKU038,75.0,225798.0,3010.64,0
2025-04-13,SKU038,70.0,210744.8,3010.64,0
2025-04-14,SKU038,73.0,219776.72,3010.64,0
2025-04-15,SKU038,79.0,237840.56,3010.64,0
2025-04-16,SKU038,57.0,171606.48,3010.64,0
2025-04-17,SKU038,60.0,180638.4,3010.64,0
2025-04-18,SKU038,42.0,126446.88,3010.64,0
2025-04-19,SKU038,72.0,216766.08,3010.64,0
2025-04-20,SKU038,61.0,183649.04,3010.64,0
2025-04-21,SKU038,50.0,150532.0,3010.64,0
2025-04-22,SKU038,70.0,210744.8,3010.64,0
2025-04-23,SKU038,61.0,183649.04,3010.64,0
2025-04-24,SKU038,91.0,273968.24,3010.64,0
2025-04-25,SKU038,88.0,264936.32,3010.64,0
2025-04-26,SKU038,67.0,201712.88,3010.64,0
2025-04-27,SKU038,57.0,171606.48,3010.64,0
2025-04-28,SKU038,65.0,195691.6,3010.64,0
2025-04-29,SKU038,72.0,216766.08,3010.64,0
2025-04-30,SKU038,46.0,138489.44,3010.64,0
2025-05-01,SKU038,47.0,141500.08,3010.64,0
2025-05-02,SKU038,74.0,222787.36,3010.64,0
2025-05-03,SKU038,84.0,252893.76,3010.64,0
2025-05-04,SKU038,51.0,153542.64,3010.64,0
2025-05-05,SKU038,60.0,180638.4,3010.64,0
2025-05-06,SKU038,53.0,159563.92,3010.64,0
2025-05-07,SKU038,67.0,201712.88,3010.64,0
2025-05-08,SKU038,63.0,189670.32,3010.64,0
2025-05-09,SKU038,114.0,343212.96,3010.64,0
2025-05-10,SKU038,108.0,325149.12,3010.64,0
2025-05-11,SKU038,68.0,204723.52,3010.64,0
2025-05-12,SKU038,65.0,195691.6,3010.64,0
2025-05-13,SKU038,75.0,225798.0,3010.64,0
2025-05-14,SKU038,76.0,228808.64,3010.64,0
2025-05-15,SKU038,62.0,186659.68,3010.64,0
2025-05-16,SKU038,76.0,228808.64,3010.64,0
2025-05-17,SKU038,66.0,198702.24,3010.64,0
2025-05-18,SKU038,69.0,207734.16,3010.64,0
2025-05-19,SKU038,67.0,201712.88,3010.64,0
2025-05-20,SKU038,63.0,189670.32,3010.64,0
2025-05-21,SKU038,42.0,126446.88,3010.64,0
2025-05-22,SKU038,63.0,189670.32,3010.64,0
2025-05-23,SKU038,72.0,216766.08,3010.64,0
2025-05-24,SKU038,60.0,180638.4,3010.64,0
2025-05-25,SKU038,52.0,156553.28,3010.64,0
2025-05-26,SKU038,69.0,207734.16,3010.64,0
2025-05-27,SKU038,69.0,207734.16,3010.64,0
2025-05-28,SKU038,87.0,261925.68,3010.64,0
2025-05-29,SKU038,57.0,171606.48,3010.64,0
2025-05-30,SKU038,62.0,186659.68,3010.64,0
2025-05-31,SKU038,75.0,225798.0,3010.64,0
2025-06-01,SKU038,55.0,165585.2,3010.64,0
2025-06-02,SKU038,57.0,171606.48,3010.64,0
2025-06-03,SKU038,81.0,243861.84,3010.64,0
2025-06-04,SKU038,83.0,249883.12,3010.64,0
2025-06-05,SKU038,80.0,240851.2,3010.64,0
2025-06-06,SKU038,87.0,261925.68,3010.64,0
2025-06-07,SKU038,101.0,304074.64,3010.64,0
2025-06-08,SKU038,64.0,192680.96,3010.64,0
2025-06-09,SKU038,57.0,171606.48,3010.64,0
2025-06-10,SKU038,140.0,387770.43,3010.64,1
2025-06-11,SKU038,120.0,332374.66,3010.64,1
2025-06-12,SKU038,105.0,290827.82,3010.64,1
2025-06-13,SKU038,91.0,252050.78,3010.64,1
2025-06-14,SKU038,133.0,368381.91,3010.64,1
2025-06-15,SKU038,97.0,268669.51,3010.64,1
2025-06-16,SKU038,100.0,276978.88,3010.64,1
2025-06-17,SKU038,111.0,307446.56,3010.64,1
2025-06-18,SKU038,108.0,299137.19,3010.64,1
2025-06-19,SKU038,113.0,312986.13,3010.64,1
2025-06-20,SKU038,131.0,362842.33,3010.64,1
2025-06-21,SKU038,105.0,316117.2,3010.64,0
2025-06-22,SKU038,61.0,183649.04,3010.64,0
2025-06-23,SKU038,66.0,198702.24,3010.64,0
2025-06-24,SKU038,81.0,243861.84,3010.64,0
2025-06-25,SKU038,97.0,292032.08,3010.64,0
2025-06-26,SKU038,81.0,243861.84,3010.64,0
2025-06-27,SKU038,90.0,270957.6,3010.64,0
2025-06-28,SKU038,118.0,355255.52,3010.64,0
2025-06-29,SKU038,88.0,264936.32,3010.64,0
2025-06-30,SKU038,73.0,219776.72,3010.64,0
2025-07-01,SKU038,59.0,177627.76,3010.64,0
2025-07-02,SKU038,81.0,243861.84,3010.64,0
2025-07-03,SKU038,81.0,243861.84,3010.64,0
2025-07-04,SKU038,70.0,210744.8,3010.64,0
2025-07-05,SKU038,89.0,267946.96,3010.64,0
2025-07-06,SKU038,75.0,225798.0,3010.64,0
2025-07-07,SKU038,82.0,246872.48,3010.64,0
2025-07-08,SKU038,71.0,213755.44,3010.64,0
2025-07-09,SKU038,62.0,186659.68,3010.64,0
2025-07-10,SKU038,83.0,249883.12,3010.64,0
2025-07-11,SKU038,89.0,267946.96,3010.64,0
2025-07-12,SKU038,81.0,243861.84,3010.64,0
2025-07-13,SKU038,93.0,279989.52,3010.64,0
2025-07-14,SKU038,65.0,195691.6,3010.64,0
2025-07-15,SKU038,79.0,237840.56,3010.64,0
2025-07-16,SKU038,91.0,273968.24,3010.64,0
2025-07-17,SKU038,51.0,153542.64,3010.64,0
2025-07-18,SKU038,112.0,337191.68,3010.64,0
2025-07-19,SKU038,114.0,343212.96,3010.64,0
2025-07-20,SKU038,67.0,201712.88,3010.64,0
2025-07-21,SKU038,77.0,231819.28,3010.64,0
2025-07-22,SKU038,67.0,201712.88,3010.64,0
2025-07-23,SKU038,74.0,222787.36,3010.64,0
2025-07-24,SKU038,65.0,195691.6,3010.64,0
2025-07-25,SKU038,109.0,328159.76,3010.64,0
2025-07-26,SKU038,88.0,264936.32,3010.64,0
2025-07-27,SKU038,73.0,219776.72,3010.64,0
2025-07-28,SKU038,65.0,195691.6,3010.64,0
2025-07-29,SKU038,92.0,276978.88,3010.64,0
2025-07-30,SKU038,78.0,234829.92,3010.64,0
2025-07-31,SKU038,81.0,243861.84,3010.64,0
2025-08-01,SKU038,71.0,213755.44,3010.64,0
2025-08-02,SKU038,76.0,228808.64,3010.64,0
2025-08-03,SKU038,91.0,273968.24,3010.64,0
2025-08-04,SKU038,72.0,216766.08,3010.64,0
2025-08-05,SKU038,79.0,237840.56,3010.64,0
2025-08-06,SKU038,77.0,231819.28,3010.64,0
2025-08-07,SKU038,75.0,225798.0,3010.64,0
2025-08-08,SKU038,75.0,225798.0,3010.64,0
2025-08-09,SKU038,87.0,261925.68,3010.64,0
2025-08-10,SKU038,72.0,216766.08,3010.64,0
2025-08-11,SKU038,78.0,234829.92,3010.64,0
2025-08-12,SKU038,96.0,289021.44,3010.64,0
2025-08-13,SKU038,83.0,249883.12,3010.64,0
2025-08-14,SKU038,83.0,249883.12,3010.64,0
2025-08-15,SKU038,84.0,252893.76,3010.64,0
2025-08-16,SKU038,116.0,349234.24,3010.64,0
2025-08-17,SKU038,88.0,264936.32,3010.64,0
2025-08-18,SKU038,53.0,159563.92,3010.64,0
2025-08-19,SKU038,123.0,370308.72,3010.64,0
2025-08-20,SKU038,90.0,270957.6,3010.64,0
2025-08-21,SKU038,90.0,270957.6,3010.64,0
2025-08-22,SKU038,94.0,283000.16,3010.64,0
2025-08-23,SKU038,106.0,319127.84,3010.64,0
2025-08-24,SKU038,75.0,225798.0,3010.64,0
2025-08-25,SKU038,90.0,270957.6,3010.64,0
2025-08-26,SKU038,88.0,264936.32,3010.64,0
2025-08-27,SKU038,98.0,295042.72,3010.64,0
2025-08-28,SKU038,71.0,213755.44,3010.64,0
2025-08-29,SKU038,94.0,283000.16,3010.64,0
2025-08-30,SKU038,87.0,261925.68,3010.64,0
2025-08-31,SKU038,64.0,192680.96,3010.64,0
2025-09-01,SKU038,50.0,150532.0,3010.64,0
2025-09-02,SKU038,69.0,207734.16,3010.64,0
2025-09-03,SKU038,68.0,204723.52,3010.64,0
2025-09-04,SKU038,72.0,216766.08,3010.64,0
2025-09-05,SKU038,76.0,228808.64,3010.64,0
2025-09-06,SKU038,62.0,186659.68,3010.64,0
2025-09-07,SKU038,53.0,159563.92,3010.64,0
2025-09-08,SKU038,66.0,198702.24,3010.64,0
2025-09-09,SKU038,67.0,201712.88,3010.64,0
2025-09-10,SKU038,71.0,213755.44,3010.64,0
2025-09-11,SKU038,68.0,204723.52,3010.64,0
2025-09-12,SKU038,83.0,249883.12,3010.64,0
2025-09-13,SKU038,56.0,168595.84,3010.64,0
2025-09-14,SKU038,57.0,171606.48,3010.64,0
2025-09-15,SKU038,58.0,174617.12,3010.64,0
2025-09-16,SKU038,66.0,198702.24,3010.64,0
2025-09-17,SKU038,76.0,228808.64,3010.64,0
2025-09-18,SKU038,94.0,283000.16,3010.64,0
2025-09-19,SKU038,78.0,234829.92,3010.64,0
2025-09-20,SKU038,104.0,313106.56,3010.64,0
2025-09-21,SKU038,80.0,240851.2,3010.64,0
2025-09-22,SKU038,56.0,168595.84,3010.64,0
2025-09-23,SKU038,98.0,295042.72,3010.64,0
2025-09-24,SKU038,75.0,225798.0,3010.64,0
2025-09-25,SKU038,64.0,192680.96,3010.64,0
2025-09-26,SKU038,79.0,237840.56,3010.64,0
2025-09-27,SKU038,98.0,295042.72,3010.64,0
2025-09-28,SKU038,70.0,210744.8,3010.64,0
2025-09-29,SKU038,42.0,126446.88,3010.64,0
2025-09-30,SKU038,55.0,165585.2,3010.64,0
2025-10-01,SKU038,90.0,249280.99,3010.64,1
2025-10-02,SKU038,101.0,279748.67,3010.64,1
2025-10-03,SKU038,115.0,318525.71,3010.64,1
2025-10-04,SKU038,123.0,340684.02,3010.64,1
2025-10-05,SKU038,77.0,213273.74,3010.64,1
2025-10-06,SKU038,101.0,279748.67,3010.64,1
2025-10-07,SKU038,118.0,326835.08,3010.64,1
2025-10-08,SKU038,75.0,207734.16,3010.64,1
2025-10-09,SKU038,85.0,235432.05,3010.64,1
2025-10-10,SKU038,104.0,288058.04,3010.64,1
2025-10-11,SKU038,84.0,252893.76,3010.64,0
2025-10-12,SKU038,74.0,222787.36,3010.64,0
2025-10-13,SKU038,74.0,222787.36,3010.64,0
2025-10-14,SKU038,73.0,219776.72,3010.64,0
2025-10-15,SKU038,70.0,210744.8,3010.64,0
2025-10-16,SKU038,58.0,174617.12,3010.64,0
2025-10-17,SKU038,75.0,225798.0,3010.64,0
2025-10-18,SKU038,124.0,373319.36,3010.64,0
2025-10-19,SKU038,61.0,183649.04,3010.64,0
2025-10-20,SKU038,60.0,180638.4,3010.64,0
2025-10-21,SKU038,90.0,270957.6,3010.64,0
2025-10-22,SKU038,80.0,240851.2,3010.64,0
2025-10-23,SKU038,72.0,216766.08,3010.64,0
2025-10-24,SKU038,78.0,234829.92,3010.64,0
2025-10-25,SKU038,68.0,204723.52,3010.64,0
2025-10-26,SKU038,73.0,219776.72,3010.64,0
2025-10-27,SKU038,39.0,117414.96,3010.64,0
2025-10-28,SKU038,63.0,189670.32,3010.64,0
2025-10-29,SKU038,72.0,216766.08,3010.64,0
2025-10-30,SKU038,76.0,228808.64,3010.64,0
2025-10-31,SKU038,77.0,231819.28,3010.64,0
2025-11-01,SKU038,79.0,237840.56,3010.64,0
2025-11-02,SKU038,87.0,261925.68,3010.64,0
2025-11-03,SKU038,68.0,204723.52,3010.64,0
2025-11-04,SKU038,64.0,192680.96,3010.64,0
2025-11-05,SKU038,68.0,204723.52,3010.64,0
2025-11-06,SKU038,78.0,234829.92,3010.64,0
2025-11-07,SKU038,106.0,319127.84,3010.64,0
2025-11-08,SKU038,69.0,207734.16,3010.64,0
2025-11-09,SKU038,79.0,237840.56,3010.64,0
2025-11-10,SKU038,60.0,180638.4,3010.64,0
2025-11-11,SKU038,86.0,258915.04,3010.64,0
2025-11-12,SKU038,70.0,210744.8,3010.64,0
2025-11-13,SKU038,54.0,162574.56,3010.64,0
2025-11-14,SKU038,70.0,210744.8,3010.64,0
2025-11-15,SKU038,86.0,258915.04,3010.64,0
2025-11-16,SKU038,65.0,195691.6,3010.64,0
2025-11-17,SKU038,63.0,189670.32,3010.64,0
2025-11-18,SKU038,65.0,195691.6,3010.64,0
2025-11-19,SKU038,74.0,222787.36,3010.64,0
2025-11-20,SKU038,96.0,265899.72,3010.64,1
2025-11-21,SKU038,96.0,265899.72,3010.64,1
2025-11-22,SKU038,78.0,216043.53,3010.64,1
2025-11-23,SKU038,110.0,304676.77,3010.64,1
2025-11-24,SKU038,103.0,285288.25,3010.64,1
2025-11-25,SKU038,84.0,232662.26,3010.64,1
2025-11-26,SKU038,91.0,252050.78,3010.64,1
2025-11-27,SKU038,79.0,218813.32,3010.64,1
2025-11-28,SKU038,89.0,246511.2,3010.64,1
2025-11-29,SKU038,130.0,360072.54,3010.64,1
2025-11-30,SKU038,98.0,271439.3,3010.64,1
2025-12-01,SKU038,70.0,210744.8,3010.64,0
2025-12-02,SKU038,90.0,270957.6,3010.64,0
2025-12-03,SKU038,65.0,195691.6,3010.64,0
2025-12-04,SKU038,82.0,246872.48,3010.64,0
2025-12-05,SKU038,96.0,289021.44,3010.64,0
2025-12-06,SKU038,117.0,352244.88,3010.64,0
2025-12-07,SKU038,73.0,219776.72,3010.64,0
2025-12-08,SKU038,59.0,177627.76,3010.64,0
2025-12-09,SKU038,54.0,162574.56,3010.64,0
2025-12-10,SKU038,70.0,210744.8,3010.64,0
2025-12-11,SKU038,88.0,264936.32,3010.64,0
2025-12-12,SKU038,61.0,183649.04,3010.64,0
2025-12-13,SKU038,92.0,276978.88,3010.64,0
2025-12-14,SKU038,79.0,237840.56,3010.64,0
2025-12-15,SKU038,120.0,332374.66,3010.64,1
2025-12-16,SKU038,134.0,371151.7,3010.64,1
2025-12-17,SKU038,147.0,407158.95,3010.64,1
2025-12-18,SKU038,96.0,265899.72,3010.64,1
2025-12-19,SKU038,114.0,315755.92,3010.64,1
2025-12-20,SKU038,97.0,268669.51,3010.64,1
2025-12-21,SKU038,78.0,216043.53,3010.64,1
2025-12-22,SKU038,100.0,276978.88,3010.64,1
2025-12-23,SKU038,110.0,304676.77,3010.64,1
2025-12-24,SKU038,89.0,246511.2,3010.64,1
2025-12-25,SKU038,142.0,393310.01,3010.64,1
2025-12-26,SKU038,98.0,271439.3,3010.64,1
2025-12-27,SKU038,103.0,285288.25,3010.64,1
2025-12-28,SKU038,112.0,310216.35,3010.64,1
2025-12-29,SKU038,105.0,290827.82,3010.64,1
2025-12-30,SKU038,100.0,276978.88,3010.64,1
2025-12-31,SKU038,142.0,393310.01,3010.64,1
2026-01-01,SKU038,93.0,279989.52,3010.64,0
2026-01-02,SKU038,110.0,331170.4,3010.64,0
2026-01-03,SKU038,124.0,373319.36,3010.64,0
2026-01-04,SKU038,100.0,301064.0,3010.64,0
2026-01-05,SKU038,74.0,222787.36,3010.64,0
2026-01-06,SKU038,58.0,174617.12,3010.64,0
2026-01-07,SKU038,76.0,228808.64,3010.64,0
2026-01-08,SKU038,86.0,258915.04,3010.64,0
2026-01-09,SKU038,83.0,249883.12,3010.64,0
2026-01-10,SKU038,130.0,391383.2,3010.64,0
2026-01-11,SKU038,64.0,192680.96,3010.64,0
2026-01-12,SKU038,54.0,162574.56,3010.64,0
2026-01-13,sku038,93.0,279989.52,3010.64,0
2026-01-14,SKU038,81.0,243861.84,3010.64,0
2026-01-15,SKU038,74.0,222787.36,3010.64,0
2026-01-16,SKU038,83.0,249883.12,3010.64,0
2026-01-17,SKU038,74.0,222787.36,3010.64,0
2026-01-18,SKU038,66.0,198702.24,3010.64,0
2026-01-19,SKU038,87.0,261925.68,3010.64,0
2026-01-20,SKU038,76.0,228808.64,3010.64,0
2026-01-21,SKU038,81.0,243861.84,3010.64,0
2026-01-22,SKU038,93.0,279989.52,3010.64,0
2026-01-23,SKU038,102.0,307085.28,3010.64,0
2026-01-24,SKU038,93.0,279989.52,3010.64,0
2026-01-25,SKU038,79.0,237840.56,3010.64,0
2026-01-26,SKU038,100.0,301064.0,3010.64,0
2026-01-27,SKU038,93.0,279989.52,3010.64,0
2026-01-28,SKU038,67.0,201712.88,3010.64,0
2026-01-29,SKU038,86.0,258915.04,3010.64,0
2026-01-30,SKU038,110.0,331170.4,3010.64,0
2026-01-31,SKU038,86.0,258915.04,3010.64,0
2026-02-01,SKU038,93.0,279989.52,3010.64,0
2026-02-02,SKU038,55.0,165585.2,3010.64,0
2026-02-03,SKU038,77.0,231819.28,3010.64,0
2026-02-04,SKU038,90.0,270957.6,3010.64,0
2026-02-05,SKU038,71.0,213755.44,3010.64,0
2026-02-06,SKU038,92.0,276978.88,3010.64,0
2026-02-07,SKU038,101.0,304074.64,3010.64,0
2026-02-08,SKU038,78.0,234829.92,3010.64,0
2026-02-09,SKU038,69.0,207734.16,3010.64,0
2026-02-10,SKU038,73.0,219776.72,3010.64,0
2026-02-11,SKU038,80.0,240851.2,3010.64,0
2026-02-12,SKU038,97.0,292032.08,3010.64,0
2026-02-13,SKU038,76.0,228808.64,3010.64,0
2026-02-14,SKU038,110.0,331170.4,3010.64,0
2026-02-15,SKU038,68.0,204723.52,3010.64,0
2026-02-16,SKU038,71.0,213755.44,3010.64,0
2026-02-17,SKU038,92.0,276978.88,3010.64,0
2026-02-18,SKU038,91.0,273968.24,3010.64,0
2026-02-19,SKU038,74.0,222787.36,3010.64,0
2026-02-20,SKU038,85.0,255904.4,3010.64,0
2026-02-21,SKU038,95.0,286010.8,3010.64,0
2026-02-22,SKU038,85.0,255904.4,3010.64,0
2026-02-23,SKU038,55.0,165585.2,3010.64,0
2026-02-24,SKU038,87.0,261925.68,3010.64,0
2026-02-25,SKU038,79.0,237840.56,3010.64,0
2026-02-26,SKU038,62.0,186659.68,3010.64,0
2026-02-27,SKU038,96.0,289021.44,3010.64,0
2026-02-28,SKU038,84.0,252893.76,3010.64,0
2026-03-01,SKU038,64.0,192680.96,3010.64,0
2026-03-02,SKU038,55.0,165585.2,3010.64,0
2026-03-03,SKU038,84.0,252893.76,3010.64,0
2026-03-04,SKU038,74.0,222787.36,3010.64,0
2026-03-05,SKU038,85.0,255904.4,3010.64,0
2026-03-06,SKU038,61.0,183649.04,3010.64,0
2026-03-07,SKU038,90.0,270957.6,3010.64,0
2026-03-08,SKU038,67.0,201712.88,3010.64,0
2026-03-09,SKU038,45.0,135478.8,3010.64,0
2026-03-10,SKU038,69.0,207734.16,3010.64,0
2026-03-11,SKU038,56.0,168595.84,3010.64,0
2026-03-12,SKU038,79.0,237840.56,3010.64,0
2026-03-13,SKU038,116.0,349234.24,3010.64,0
2026-03-14,SKU038,93.0,279989.52,3010.64,0
2026-03-15,SKU038,112.0,310216.35,3010.64,1
2026-03-16,SKU038,87.0,240971.63,3010.64,1
2026-03-17,SKU038,97.0,268669.51,3010.64,1
2026-03-18,SKU038,103.0,285288.25,3010.64,1
2026-03-19,SKU038,128.0,354532.97,3010.64,1
2026-03-20,SKU038,92.0,254820.57,3010.64,1
2026-03-21,SKU038,125.0,346223.6,3010.64,1
2026-03-22,SKU038,107.0,296367.4,3010.64,1
2026-03-23,SKU038,77.0,213273.74,3010.64,1
2026-03-24,SKU038,122.0,337914.23,3010.64,1
2026-03-25,SKU038,,351763.18,3010.64,1
2026-03-26,SKU038,69.0,207734.16,3010.64,0
2026-03-27,SKU038,97.0,292032.08,3010.64,0
2026-03-28,SKU038,93.0,279989.52,3010.64,0
2026-03-29,SKU038,89.0,267946.96,3010.64,0
2026-03-30,SKU038,100.0,301064.0,3010.64,0
2026-03-31,SKU038,62.0,186659.68,3010.64,0
2026-04-01,SKU038,62.0,186659.68,3010.64,0
2026-04-02,SKU038,72.0,216766.08,3010.64,0
2026-04-03,SKU038,102.0,307085.28,3010.64,0
2026-04-04,SKU038,71.0,213755.44,3010.64,0
2026-04-05,SKU038,76.0,228808.64,3010.64,0
2026-04-06,SKU038,57.0,171606.48,3010.64,0
2026-04-07,SKU038,78.0,234829.92,3010.64,0
2026-04-08,SKU038,72.0,216766.08,3010.64,0
2026-04-09,SKU038,77.0,231819.28,3010.64,0
2026-04-10,SKU038,81.0,243861.84,3010.64,0
2026-04-11,SKU038,71.0,213755.44,3010.64,0
2026-04-12,SKU038,68.0,204723.52,3010.64,0
2026-04-13,SKU038,62.0,186659.68,3010.64,0
2026-04-14,SKU038,79.0,237840.56,3010.64,0
2026-04-15,SKU038,48.0,144510.72,3010.64,0
2026-04-16,SKU038,78.0,234829.92,3010.64,0
2026-04-17,SKU038,66.0,198702.24,3010.64,0
2026-04-18,SKU038,88.0,264936.32,3010.64,0
2026-04-19,SKU038,97.0,292032.08,3010.64,0
2026-04-20,SKU038,62.0,186659.68,3010.64,0
2026-04-21,SKU038,60.0,180638.4,3010.64,0
2026-04-22,SKU038,86.0,258915.04,3010.64,0
2026-04-23,SKU038,84.0,252893.76,3010.64,0
2026-04-24,SKU038,91.0,273968.24,3010.64,0
2026-04-25,SKU038,98.0,295042.72,3010.64,0
2026-04-26,SKU038,83.0,249883.12,3010.64,0
2026-04-27,SKU038,76.0,228808.64,3010.64,0
2026-04-28,SKU038,85.0,255904.4,3010.64,0
2026-04-29,SKU038,75.0,225798.0,3010.64,0
2026-04-30,SKU038,80.0,240851.2,3010.64,0
2026-05-01,SKU038,86.0,258915.04,3010.64,0
2026-05-02,SKU038,96.0,289021.44,3010.64,0
2026-05-03,SKU038,77.0,231819.28,3010.64,0
2026-05-04,SKU038,75.0,225798.0,3010.64,0
2026-05-05,SKU038,56.0,168595.84,3010.64,0
2026-05-06,SKU038,67.0,201712.88,3010.64,0
2026-05-07,SKU038,87.0,261925.68,3010.64,0
2026-05-08,SKU038,82.0,246872.48,3010.64,0
2026-05-09,SKU038,100.0,301064.0,3010.64,0
2026-05-10,SKU038,76.0,228808.64,3010.64,0
2026-05-11,SKU038,63.0,189670.32,3010.64,0
2026-05-12,SKU038,108.0,325149.12,3010.64,0
2026-05-13,SKU038,95.0,286010.8,3010.64,0
2026-05-14,SKU038,83.0,249883.12,3010.64,0
2026-05-15,SKU038,111.0,334181.04,3010.64,0
2026-05-16,SKU038,76.0,228808.64,3010.64,0
2026-05-17,SKU038,70.0,210744.8,3010.64,0
2026-05-18,SKU038,58.0,174617.12,3010.64,0
2026-05-19,SKU038,64.0,192680.96,3010.64,0
2026-05-20,SKU038,78.0,234829.92,3010.64,0
2026-05-21,SKU038,83.0,249883.12,3010.64,0
2026-05-22,SKU038,87.0,261925.68,3010.64,0
2026-05-23,SKU038,86.0,258915.04,3010.64,0
2026-05-24,SKU038,74.0,222787.36,3010.64,0
2026-05-25,SKU038,90.0,270957.6,3010.64,0
2026-05-26,SKU038,56.0,168595.84,3010.64,0
2026-05-27,SKU038,71.0,213755.44,3010.64,0
2026-05-28,SKU038,77.0,231819.28,3010.64,0
2026-05-29,SKU038,104.0,313106.56,3010.64,0
2026-05-30,SKU038,84.0,252893.76,3010.64,0
2026-05-31,SKU038,53.0,159563.92,3010.64,0
2026-06-01,SKU038,70.0,210744.8,3010.64,0
2026-06-02,SKU038,118.0,355255.52,3010.64,0
2026-06-03,SKU038,81.0,243861.84,3010.64,0
2026-06-04,SKU038,73.0,219776.72,3010.64,0
2026-06-05,SKU038,85.0,255904.4,3010.64,0
2026-06-06,SKU038,100.0,301064.0,3010.64,0
2026-06-07,SKU038,79.0,237840.56,3010.64,0
2026-06-08,SKU038,72.0,216766.08,3010.64,0
2026-06-09,SKU038,82.0,246872.48,3010.64,0
2026-06-10,SKU038,84.0,232662.26,3010.64,1
2026-06-11,SKU038,88.0,243741.41,3010.64,1
2026-06-12,SKU038,117.0,324065.29,3010.64,1
2026-06-13,SKU038,120.0,332374.66,3010.64,1
2026-06-14,SKU038,132.0,365612.12,3010.64,1
2026-06-15,SKU038,99.0,274209.09,3010.64,1
2026-06-16,SKU038,138.0,382230.85,3010.64,1
2026-06-17,SKU038,117.0,324065.29,3010.64,1
2026-06-18,SKU038,101.0,279748.67,3010.64,1
2026-06-19,SKU038,135.0,373921.49,3010.64,1
2026-06-20,SKU038,122.0,337914.23,3010.64,1
2026-06-21,SKU038,98.0,295042.72,3010.64,0
2026-06-22,SKU038,73.0,219776.72,3010.64,0
2026-06-23,SKU038,85.0,255904.4,3010.64,0
2026-06-24,SKU038,120.0,361276.8,3010.64,0
2026-06-25,SKU038,102.0,307085.28,3010.64,0
2026-06-26,SKU038,92.0,276978.88,3010.64,0
2026-06-27,SKU038,75.0,225798.0,3010.64,0
2026-06-28,SKU038,91.0,273968.24,,0
2026-06-29,SKU038,65.0,195691.6,3010.64,0
2026-06-30,SKU038,68.0,204723.52,3010.64,0
2025-01-01,SKU039,50.0,130018.5,2600.37,0
2025-01-02,SKU039,73.0,189827.01,2600.37,0
2025-01-03,SKU039,91.0,236633.67,2600.37,0
2025-01-04,SKU039,103.0,267838.11,2600.37,0
2025-01-05,SKU039,66.0,171624.42,2600.37,0
2025-01-06,SKU039,49.0,127418.13,2600.37,0
2025-01-07,SKU039,68.0,176825.16,2600.37,0
2025-01-08,SKU039,62.0,161222.94,2600.37,0
2025-01-09,SKU039,67.0,174224.79,2600.37,0
2025-01-10,SKU039,75.0,179425.53,2600.37,1
2025-01-11,SKU039,79.0,188994.89,2600.37,1
2025-01-12,SKU039,68.0,162679.15,2600.37,1
2025-01-13,SKU039,66.0,157894.47,2600.37,1
2025-01-14,SKU039,77.0,184210.21,2600.37,1
2025-01-15,SKU039,84.0,200956.59,2600.37,1
2025-01-16,SKU039,69.0,179425.53,2600.37,0
2025-01-17,SKU039,87.0,226232.19,2600.37,0
2025-01-18,SKU039,54.0,140419.98,2600.37,0
2025-01-19,SKU039,80.0,208029.6,2600.37,0
2025-01-20,SKU039,52.0,135219.24,2600.37,0
2025-01-21,SKU039,70.0,182025.9,2600.37,0
2025-01-22,SKU039,50.0,130018.5,2600.37,0
2025-01-23,SKU039,60.0,156022.2,2600.37,0
2025-01-24,SKU039,102.0,265237.74,2600.37,0
2025-01-25,SKU039,106.0,275639.22,2600.37,0
2025-01-26,SKU039,99.0,257436.63,2600.37,0
2025-01-27,SKU039,55.0,143020.35,2600.37,0
2025-01-28,SKU039,65.0,169024.05,2600.37,0
2025-01-29,SKU039,79.0,205429.23,2600.37,0
2025-01-30,SKU039,54.0,140419.98,2600.37,0
2025-01-31,SKU039,77.0,200228.49,2600.37,0
2025-02-01,SKU039,78.0,202828.86,2600.37,0
2025-02-02,SKU039,63.0,163823.31,2600.37,0
2025-02-03,SKU039,71.0,184626.27,2600.37,0
2025-02-04,SKU039,71.0,184626.27,2600.37,0
2025-02-05,SKU039,84.0,218431.08,2600.37,0
2025-02-06,SKU039,50.0,130018.5,2600.37,0
2025-02-07,SKU039,61.0,158622.57,2600.37,0
2025-02-08,SKU039,78.0,202828.86,2600.37,0
2025-02-09,SKU039,64.0,166423.68,2600.37,0
2025-02-10,SKU039,65.0,169024.05,2600.37,0
2025-02-11,SKU039,61.0,158622.57,2600.37,0
2025-02-12,SKU039,78.0,202828.86,2600.37,0
2025-02-13,SKU039,57.0,148221.09,2600.37,0
2025-02-14,SKU039,64.0,166423.68,2600.37,0
2025-02-15,SKU039,57.0,148221.09,2600.37,0
2025-02-16,SKU039,69.0,179425.53,2600.37,0
2025-02-17,SKU039,48.0,124817.76,2600.37,0
2025-02-18,SKU039,39.0,101414.43,2600.37,0
2025-02-19,SKU039,70.0,182025.9,2600.37,0
2025-02-20,SKU039,60.0,156022.2,2600.37,0
2025-02-21,SKU039,85.0,221031.45,2600.37,0
2025-02-22,SKU039,60.0,156022.2,2600.37,0
2025-02-23,SKU039,73.0,189827.01,2600.37,0
2025-02-24,SKU039,47.0,122217.39,2600.37,0
2025-02-25,SKU039,68.0,176825.16,2600.37,0
2025-02-26,SKU039,64.0,166423.68,2600.37,0
2025-02-27,SKU039,69.0,179425.53,2600.37,0
2025-02-28,SKU039,89.0,231432.93,2600.37,0
2025-03-01,SKU039,55.0,143020.35,2600.37,0
2025-03-02,SKU039,66.0,171624.42,2600.37,0
2025-03-03,SKU039,46.0,119617.02,2600.37,0
2025-03-04,SKU039,60.0,156022.2,2600.37,0
2025-03-05,SKU039,61.0,158622.57,2600.37,0
2025-03-06,SKU039,57.0,148221.09,2600.37,0
2025-03-07,SKU039,65.0,169024.05,2600.37,0
2025-03-08,SKU039,57.0,148221.09,2600.37,0
2025-03-09,SKU039,58.0,150821.46,2600.37,0
2025-03-10,SKU039,48.0,124817.76,2600.37,0
2025-03-11,SKU039,56.0,145620.72,2600.37,0
2025-03-12,SKU039,59.0,153421.83,2600.37,0
2025-03-13,SKU039,62.0,161222.94,2600.37,0
2025-03-14,SKU039,62.0,161222.94,2600.37,0
2025-03-15,SKU039,72.0,187226.64,2600.37,0
2025-03-16,SKU039,63.0,163823.31,2600.37,0
2025-03-17,SKU039,41.0,106615.17,2600.37,0
2025-03-18,SKU039,40.0,104014.8,2600.37,0
2025-03-19,SKU039,42.0,109215.54,2600.37,0
2025-03-20,SKU039,62.0,148325.1,2600.37,1
2025-03-21,SKU039,67.0,160286.81,2600.37,1
2025-03-22,SKU039,92.0,220095.32,2600.37,1
2025-03-23,SKU039,78.0,186602.55,2600.37,1
2025-03-24,SKU039,85.0,203348.93,2600.37,1
2025-03-25,SKU039,81.0,193779.57,2600.37,1
2025-03-26,SKU039,61.0,145932.76,2600.37,1
2025-03-27,SKU039,98.0,234449.36,2600.37,1
2025-03-28,SKU039,72.0,187226.64,2600.37,0
2025-03-29,SKU039,60.0,156022.2,2600.37,0
2025-03-30,SKU039,72.0,187226.64,2600.37,0
2025-03-31,SKU039,49.0,127418.13,2600.37,0
2025-04-01,SKU039,57.0,148221.09,2600.37,0
2025-04-02,SKU039,52.0,135219.24,2600.37,0
2025-04-03,SKU039,61.0,158622.57,2600.37,0
2025-04-04,SKU039,76.0,197628.12,2600.37,0
2025-04-05,SKU039,74.0,192427.38,2600.37,0
2025-04-06,SKU039,46.0,119617.02,2600.37,0
2025-04-07,SKU039,53.0,137819.61,2600.37,0
2025-04-08,SKU039,70.0,182025.9,2600.37,0
2025-04-09,SKU039,50.0,130018.5,2600.37,0
2025-04-10,SKU039,68.0,176825.16,2600.37,0
2025-04-11,SKU039,72.0,187226.64,2600.37,0
2025-04-12,SKU039,62.0,161222.94,2600.37,0
2025-04-13,SKU039,45.0,117016.65,2600.37,0
2025-04-14,SKU039,54.0,140419.98,2600.37,0
2025-04-15,SKU039,68.0,176825.16,2600.37,0
2025-04-16,SKU039,60.0,156022.2,2600.37,0
2025-04-17,SKU039,58.0,150821.46,2600.37,0
2025-04-18,SKU039,59.0,153421.83,2600.37,0
2025-04-19,SKU039,107.0,278239.59,2600.37,0
2025-04-20,SKU039,67.0,174224.79,2600.37,0
2025-04-21,SKU039,36.0,93613.32,2600.37,0
2025-04-22,SKU039,46.0,119617.02,2600.37,0
2025-04-23,SKU039,73.0,189827.01,2600.37,0
2025-04-24,SKU039,54.0,140419.98,2600.37,0
2025-04-25,SKU039,66.0,171624.42,2600.37,0
2025-04-26,SKU039,49.0,127418.13,2600.37,0
2025-04-27,SKU039,56.0,145620.72,2600.37,0
2025-04-28,SKU039,45.0,117016.65,2600.37,0
2025-04-29,SKU039,57.0,148221.09,2600.37,0
2025-04-30,SKU039,47.0,122217.39,2600.37,0
2025-05-01,SKU039,48.0,124817.76,2600.37,0
2025-05-02,SKU039,53.0,137819.61,2600.37,0
2025-05-03,SKU039,65.0,169024.05,2600.37,0
2025-05-04,SKU039,56.0,145620.72,2600.37,0
2025-05-05,SKU039,43.0,111815.91,2600.37,0
2025-05-06,SKU039,52.0,135219.24,2600.37,0
2025-05-07,SKU039,47.0,122217.39,2600.37,0
2025-05-08,SKU039,65.0,169024.05,2600.37,0
2025-05-09,SKU039,77.0,200228.49,2600.37,0
2025-05-10,SKU039,87.0,226232.19,2600.37,0
2025-05-11,SKU039,40.0,104014.8,2600.37,0
2025-05-12,SKU039,52.0,135219.24,2600.37,0
2025-05-13,SKU039,52.0,135219.24,2600.37,0
2025-05-14,SKU039,44.0,114416.28,2600.37,0
2025-05-15,SKU039,62.0,161222.94,2600.37,0
2025-05-16,SKU039,52.0,135219.24,2600.37,0
2025-05-17,SKU039,57.0,148221.09,2600.37,0
2025-05-18,SKU039,60.0,156022.2,2600.37,0
2025-05-19,SKU039,59.0,153421.83,2600.37,0
2025-05-20,SKU039,44.0,114416.28,2600.37,0
2025-05-21,SKU039,52.0,135219.24,2600.37,0
2025-05-22,SKU039,54.0,140419.98,2600.37,0
2025-05-23,SKU039,52.0,135219.24,2600.37,0
2025-05-24,SKU039,57.0,148221.09,2600.37,0
2025-05-25,SKU039,47.0,122217.39,2600.37,0
2025-05-26,SKU039,41.0,106615.17,2600.37,0
2025-05-27,SKU039,54.0,140419.98,2600.37,0
2025-05-28,SKU039,50.0,130018.5,2600.37,0
2025-05-29,SKU039,61.0,158622.57,2600.37,0
2025-05-30,SKU039,79.0,205429.23,2600.37,0
2025-05-31,SKU039,80.0,208029.6,2600.37,0
2025-06-01,SKU039,50.0,130018.5,2600.37,0
2025-06-02,SKU039,53.0,137819.61,2600.37,0
2025-06-03,SKU039,66.0,171624.42,2600.37,0
2025-06-04,SKU039,49.0,127418.13,2600.37,0
2025-06-05,SKU039,63.0,163823.31,2600.37,0
2025-06-06,SKU039,85.0,221031.45,2600.37,0
2025-06-07,SKU039,85.0,221031.45,2600.37,0
2025-06-08,SKU039,61.0,158622.57,2600.37,0
2025-06-09,SKU039,52.0,135219.24,2600.37,0
2025-06-10,SKU039,88.0,210525.96,2600.37,1
2025-06-11,SKU039,81.0,193779.57,2600.37,1
2025-06-12,SKU039,89.0,212918.3,2600.37,1
2025-06-13,SKU039,120.0,287080.85,2600.37,1
2025-06-14,SKU039,108.0,258372.76,2600.37,1
2025-06-15,SKU039,67.0,160286.81,2600.37,1
2025-06-16,SKU039,82.0,196171.91,2600.37,1
2025-06-17,SKU039,105.0,251195.74,2600.37,1
2025-06-18,SKU039,92.0,220095.32,2600.37,1
2025-06-19,SKU039,92.0,220095.32,2600.37,1
2025-06-20,SKU039,97.0,232057.02,2600.37,1
2025-06-21,SKU039,65.0,169024.05,2600.37,0
2025-06-22,SKU039,47.0,122217.39,2600.37,0
2025-06-23,SKU039,53.0,137819.61,2600.37,0
2025-06-24,SKU039,60.0,156022.2,2600.37,0
2025-06-25,SKU039,56.0,145620.72,2600.37,0
2025-06-26,SKU039,78.0,202828.86,2600.37,0
2025-06-27,SKU039,71.0,184626.27,2600.37,0
2025-06-28,SKU039,69.0,179425.53,2600.37,0
2025-06-29,SKU039,50.0,130018.5,2600.37,0
2025-06-30,SKU039,43.0,111815.91,2600.37,0
2025-07-01,SKU039,62.0,161222.94,2600.37,0
2025-07-02,SKU039,71.0,184626.27,2600.37,0
2025-07-03,SKU039,54.0,140419.98,2600.37,0
2025-07-04,SKU039,76.0,197628.12,2600.37,0
2025-07-05,SKU039,70.0,182025.9,2600.37,0
2025-07-06,SKU039,66.0,171624.42,2600.37,0
2025-07-07,SKU039,64.0,166423.68,2600.37,0
2025-07-08,SKU039,63.0,163823.31,2600.37,0
2025-07-09,SKU039,67.0,174224.79,2600.37,0
2025-07-10,SKU039,82.0,213230.34,2600.37,0
2025-07-11,SKU039,86.0,223631.82,2600.37,0
2025-07-12,SKU039,80.0,208029.6,2600.37,0
2025-07-13,SKU039,60.0,156022.2,2600.37,0
2025-07-14,SKU039,64.0,166423.68,2600.37,0
2025-07-15,SKU039,45.0,117016.65,2600.37,0
2025-07-16,SKU039,78.0,202828.86,2600.37,0
2025-07-17,SKU039,53.0,137819.61,2600.37,0
2025-07-18,SKU039,57.0,148221.09,2600.37,0
2025-07-19,SKU039,66.0,171624.42,2600.37,0
2025-07-20,SKU039,58.0,150821.46,2600.37,0
2025-07-21,SKU039,75.0,195027.75,2600.37,0
2025-07-22,SKU039,71.0,184626.27,2600.37,0
2025-07-23,SKU039,63.0,163823.31,2600.37,0
2025-07-24,SKU039,59.0,153421.83,2600.37,0
2025-07-25,SKU039,66.0,171624.42,2600.37,0
2025-07-26,SKU039,71.0,184626.27,2600.37,0
2025-07-27,SKU039,57.0,148221.09,2600.37,0
2025-07-28,SKU039,71.0,184626.27,2600.37,0
2025-07-29,SKU039,81.0,210629.97,2600.37,0
2025-07-30,SKU039,82.0,213230.34,2600.37,0
2025-07-31,SKU039,69.0,179425.53,2600.37,0
2025-08-01,SKU039,80.0,208029.6,2600.37,0
2025-08-02,SKU039,90.0,234033.3,2600.37,0
2025-08-03,SKU039,60.0,156022.2,2600.37,0
2025-08-04,SKU039,63.0,163823.31,2600.37,0
2025-08-05,SKU039,61.0,158622.57,,0
2025-08-06,SKU039,80.0,208029.6,2600.37,0
2025-08-07,SKU039,74.0,192427.38,2600.37,0
2025-08-08,SKU039,76.0,197628.12,2600.37,0
2025-08-09,SKU039,91.0,236633.67,2600.37,0
2025-08-10,SKU039,83.0,215830.71,2600.37,0
2025-08-11,SKU039,57.0,148221.09,2600.37,0
2025-08-12,SKU039,75.0,195027.75,2600.37,0
2025-08-13,SKU039,57.0,148221.09,2600.37,0
2025-08-14,SKU039,73.0,189827.01,2600.37,0
2025-08-15,SKU039,83.0,215830.71,2600.37,0
2025-08-16,SKU039,92.0,239234.04,2600.37,0
2025-08-17,SKU039,79.0,205429.23,2600.37,0
2025-08-18,SKU039,61.0,158622.57,2600.37,0
2025-08-19,SKU039,67.0,174224.79,2600.37,0
2025-08-20,SKU039,67.0,174224.79,2600.37,0
2025-08-21,SKU039,65.0,169024.05,2600.37,0
2025-08-22,SKU039,77.0,200228.49,2600.37,0
2025-08-23,SKU039,77.0,200228.49,2600.37,0
2025-08-24,SKU039,53.0,137819.61,2600.37,0
2025-08-25,SKU039,48.0,124817.76,2600.37,0
2025-08-26,SKU039,79.0,205429.23,2600.37,0
2025-08-27,SKU039,74.0,192427.38,2600.37,0
2025-08-28,SKU039,86.0,223631.82,2600.37,0
2025-08-29,SKU039,88.0,228832.56,2600.37,0
2025-08-30,SKU039,87.0,226232.19,2600.37,0
2025-08-31,SKU039,53.0,137819.61,2600.37,0
2025-09-01,SKU039,62.0,161222.94,2600.37,0
2025-09-02,SKU039,77.0,200228.49,2600.37,0
2025-09-03,SKU039,76.0,197628.12,2600.37,0
2025-09-04,SKU039,77.0,200228.49,2600.37,0
2025-09-05,SKU039,65.0,169024.05,2600.37,0
2025-09-06,SKU039,62.0,161222.94,2600.37,0
2025-09-07,SKU039,64.0,166423.68,2600.37,0
2025-09-08,SKU039,48.0,124817.76,2600.37,0
2025-09-09,SKU039,66.0,171624.42,2600.37,0
2025-09-10,SKU039,53.0,137819.61,2600.37,0
2025-09-11,SKU039,43.0,111815.91,2600.37,0
2025-09-12,SKU039,37.0,96213.69,2600.37,0
2025-09-13,SKU039,63.0,163823.31,2600.37,0
2025-09-14,SKU039,48.0,124817.76,2600.37,0
2025-09-15,SKU039,44.0,114416.28,2600.37,0
2025-09-16,SKU039,55.0,143020.35,2600.37,0
2025-09-17,SKU039,50.0,130018.5,2600.37,0
2025-09-18,SKU039,55.0,143020.35,2600.37,0
2025-09-19,SKU039,70.0,182025.9,2600.37,0
2025-09-20,SKU039,89.0,231432.93,2600.37,0
2025-09-21,SKU039,57.0,148221.09,2600.37,0
2025-09-22,SKU039,58.0,150821.46,2600.37,0
2025-09-23,SKU039,54.0,140419.98,2600.37,0
2025-09-24,SKU039,69.0,179425.53,2600.37,0
2025-09-25,SKU039,52.0,135219.24,2600.37,0
2025-09-26,SKU039,81.0,210629.97,2600.37,0
2025-09-27,SKU039,78.0,202828.86,2600.37,0
2025-09-28,SKU039,54.0,140419.98,2600.37,0
2025-09-29,SKU039,40.0,104014.8,2600.37,0
2025-09-30,SKU039,39.0,101414.43,2600.37,0
2025-10-01,SKU039,67.0,160286.81,2600.37,1
2025-10-02,SKU039,90.0,215310.64,2600.37,1
2025-10-03,SKU039,102.0,244018.72,2600.37,1
2025-10-04,SKU039,105.0,251195.74,2600.37,1
2025-10-05,SKU039,75.0,179425.53,2600.37,1
2025-10-06,SKU039,78.0,186602.55,2600.37,1
2025-10-07,SKU039,84.0,200956.59,2600.37,1
2025-10-08,SKU039,69.0,165071.49,2600.37,1
2025-10-09,SKU039,100.0,239234.04,2600.37,1
2025-10-10,SKU039,85.0,203348.93,2600.37,1
2025-10-11,SKU039,57.0,148221.09,2600.37,0
2025-10-12,SKU039,70.0,182025.9,2600.37,0
2025-10-13,SKU039,47.0,122217.39,2600.37,0
2025-10-14,SKU039,59.0,153421.83,2600.37,0
2025-10-15,SKU039,47.0,122217.39,2600.37,0
2025-10-16,SKU039,49.0,127418.13,2600.37,0
2025-10-17,SKU039,61.0,158622.57,2600.37,0
2025-10-18,SKU039,62.0,161222.94,2600.37,0
2025-10-19,SKU039,68.0,176825.16,2600.37,0
2025-10-20,SKU039,49.0,127418.13,2600.37,0
2025-10-21,SKU039,72.0,187226.64,2600.37,0
2025-10-22,SKU039,60.0,156022.2,2600.37,0
2025-10-23,SKU039,42.0,109215.54,2600.37,0
2025-10-24,SKU039,59.0,153421.83,2600.37,0
2025-10-25,SKU039,58.0,150821.46,2600.37,0
2025-10-26,SKU039,58.0,150821.46,2600.37,0
2025-10-27,SKU039,51.0,132618.87,2600.37,0
2025-10-28,SKU039,48.0,124817.76,2600.37,0
2025-10-29,SKU039,84.0,218431.08,2600.37,0
2025-10-30,SKU039,57.0,148221.09,2600.37,0
2025-10-31,SKU039,56.0,145620.72,2600.37,0
2025-11-01,SKU039,86.0,223631.82,2600.37,0
2025-11-02,SKU039,72.0,187226.64,2600.37,0
2025-11-03,SKU039,49.0,127418.13,2600.37,0
2025-11-04,SKU039,47.0,122217.39,2600.37,0
2025-11-05,SKU039,49.0,127418.13,2600.37,0
2025-11-06,SKU039,43.0,111815.91,2600.37,0
2025-11-07,SKU039,68.0,176825.16,2600.37,0
2025-11-08,SKU039,74.0,192427.38,2600.37,0
2025-11-09,SKU039,59.0,153421.83,2600.37,0
2025-11-10,SKU039,44.0,114416.28,2600.37,0
2025-11-11,SKU039,56.0,145620.72,2600.37,0
2025-11-12,SKU039,60.0,156022.2,2600.37,0
2025-11-13,SKU039,63.0,163823.31,2600.37,0
2025-11-14,SKU039,63.0,163823.31,2600.37,0
2025-11-15,SKU039,67.0,174224.79,2600.37,0
2025-11-16,SKU039,51.0,132618.87,2600.37,0
2025-11-17,SKU039,56.0,145620.72,2600.37,0
2025-11-18,SKU039,43.0,111815.91,2600.37,0
2025-11-19,SKU039,52.0,135219.24,2600.37,0
2025-11-20,SKU039,126.0,301434.89,2600.37,1
2025-11-21,SKU039,105.0,251195.74,2600.37,1
2025-11-22,SKU039,110.0,263157.44,2600.37,1
2025-11-23,SKU039,69.0,165071.49,2600.37,1
2025-11-24,SKU039,59.0,141148.08,2600.37,1
2025-11-25,SKU039,112.0,267942.12,2600.37,1
2025-11-26,SKU039,77.0,184210.21,2600.37,1
2025-11-27,SKU039,69.0,165071.49,2600.37,1
2025-11-28,SKU039,98.0,234449.36,2600.37,1
2025-11-29,SKU039,117.0,279903.83,2600.37,1
2025-11-30,SKU039,103.0,246411.06,2600.37,1
2025-12-01,SKU039,72.0,187226.64,2600.37,0
2025-12-02,SKU039,98.0,254836.26,2600.37,0
2025-12-03,SKU039,62.0,161222.94,2600.37,0
2025-12-04,SKU039,74.0,192427.38,2600.37,0
2025-12-05,SKU039,88.0,228832.56,2600.37,0
2025-12-06,SKU039,77.0,200228.49,2600.37,0
2025-12-07,SKU039,66.0,171624.42,2600.37,0
2025-12-08,SKU039,67.0,174224.79,2600.37,0
2025-12-09,SKU039,77.0,200228.49,2600.37,0
2025-12-10,SKU039,65.0,169024.05,2600.37,0
2025-12-11,SKU039,71.0,184626.27,2600.37,0
2025-12-12,SKU039,80.0,208029.6,2600.37,0
2025-12-13,SKU039,77.0,200228.49,2600.37,0
2025-12-14,SKU039,89.0,231432.93,2600.37,0
2025-12-15,SKU039,83.0,198564.25,2600.37,1
2025-12-16,SKU039,74.0,177033.19,2600.37,1
2025-12-17,SKU039,112.0,267942.12,2600.37,1
2025-12-18,SKU039,100.0,239234.04,2600.37,1
2025-12-19,SKU039,126.0,301434.89,2600.37,1
2025-12-20,SKU039,111.0,265549.78,2600.37,1
2025-12-21,SKU039,108.0,258372.76,2600.37,1
2025-12-22,SKU039,63.0,150717.45,2600.37,1
2025-12-23,SKU039,98.0,234449.36,2600.37,1
2025-12-24,SKU039,85.0,203348.93,2600.37,1
2025-12-25,SKU039,95.0,227272.34,2600.37,1
2025-12-26,SKU039,116.0,277511.49,2600.37,1
2025-12-27,SKU039,121.0,289473.19,2600.37,1
2025-12-28,SKU039,94.0,224880.0,2600.37,1
2025-12-29,SKU039,82.0,196171.91,2600.37,1
2025-12-30,SKU039,64.0,153109.79,2600.37,1
2025-12-31,SKU039,97.0,232057.02,2600.37,1
2026-01-01,SKU039,99.0,257436.63,2600.37,0
2026-01-02,SKU039,65.0,169024.05,2600.37,0
2026-01-03,SKU039,92.0,239234.04,2600.37,0
2026-01-04,SKU039,44.0,114416.28,2600.37,0
2026-01-05,SKU039,58.0,150821.46,2600.37,0
2026-01-06,SKU039,68.0,176825.16,2600.37,0
2026-01-07,SKU039,79.0,205429.23,2600.37,0
2026-01-08,SKU039,68.0,176825.16,2600.37,0
2026-01-09,SKU039,88.0,228832.56,2600.37,0
2026-01-10,SKU039,48.0,124817.76,2600.37,0
2026-01-11,SKU039,86.0,223631.82,2600.37,0
2026-01-12,SKU039,59.0,153421.83,2600.37,0
2026-01-13,SKU039,76.0,197628.12,2600.37,0
2026-01-14,SKU039,74.0,192427.38,2600.37,0
2026-01-15,SKU039,61.0,158622.57,2600.37,0
2026-01-16,SKU039,70.0,182025.9,2600.37,0
2026-01-17,SKU039,75.0,195027.75,2600.37,0
2026-01-18,SKU039,54.0,140419.98,2600.37,0
2026-01-19,SKU039,63.0,163823.31,2600.37,0
2026-01-20,SKU039,59.0,153421.83,2600.37,0
2026-01-21,SKU039,66.0,171624.42,2600.37,0
2026-01-22,SKU039,60.0,156022.2,2600.37,0
2026-01-23,SKU039,89.0,231432.93,2600.37,0
2026-01-24,SKU039,99.0,257436.63,2600.37,0
2026-01-25,SKU039,70.0,182025.9,2600.37,0
2026-01-26,SKU039,55.0,143020.35,2600.37,0
2026-01-27,SKU039,53.0,137819.61,2600.37,0
2026-01-28,SKU039,68.0,176825.16,2600.37,0
2026-01-29,SKU039,67.0,174224.79,2600.37,0
2026-01-30,SKU039,74.0,192427.38,2600.37,0
2026-01-31,SKU039,71.0,184626.27,2600.37,0
2026-02-01,SKU039,76.0,197628.12,2600.37,0
2026-02-02,SKU039,43.0,111815.91,2600.37,0
2026-02-03,SKU039,82.0,213230.34,2600.37,0
2026-02-04,SKU039,69.0,179425.53,2600.37,0
2026-02-05,SKU039,59.0,153421.83,2600.37,0
2026-02-06,SKU039,94.0,244434.78,2600.37,0
2026-02-07,SKU039,57.0,148221.09,2600.37,0
2026-02-08,SKU039,69.0,179425.53,2600.37,0
2026-02-09,SKU039,72.0,187226.64,2600.37,0
2026-02-10,SKU039,89.0,231432.93,2600.37,0
2026-02-11,SKU039,60.0,156022.2,2600.37,0
2026-02-12,SKU039,76.0,197628.12,2600.37,0
2026-02-13,SKU039,85.0,221031.45,2600.37,0
2026-02-14,SKU039,100.0,260037.0,2600.37,0
2026-02-15,SKU039,72.0,187226.64,2600.37,0
2026-02-16,SKU039,59.0,153421.83,2600.37,0
2026-02-17,SKU039,73.0,189827.01,2600.37,0
2026-02-18,SKU039,39.0,101414.43,2600.37,0
2026-02-19,SKU039,76.0,197628.12,2600.37,0
2026-02-20,SKU039,95.0,247035.15,2600.37,0
2026-02-21,SKU039,72.0,187226.64,2600.37,0
2026-02-22,SKU039,77.0,200228.49,2600.37,0
2026-02-23,SKU039,72.0,187226.64,2600.37,0
2026-02-24,SKU039,70.0,182025.9,2600.37,0
2026-02-25,SKU039,82.0,213230.34,2600.37,0
2026-02-26,SKU039,49.0,127418.13,2600.37,0
2026-02-27,SKU039,74.0,192427.38,2600.37,0
2026-02-28,SKU039,84.0,218431.08,2600.37,0
2026-03-01,SKU039,71.0,184626.27,2600.37,0
2026-03-02,SKU039,40.0,104014.8,2600.37,0
2026-03-03,SKU039,93.0,241834.41,2600.37,0
2026-03-04,SKU039,62.0,161222.94,2600.37,0
2026-03-05,SKU039,62.0,161222.94,2600.37,0
2026-03-06,SKU039,55.0,143020.35,2600.37,0
2026-03-07,SKU039,63.0,163823.31,2600.37,0
2026-03-08,SKU039,59.0,153421.83,2600.37,0
2026-03-09,SKU039,49.0,127418.13,2600.37,0
2026-03-10,SKU039,95.0,247035.15,2600.37,0
2026-03-11,SKU039,64.0,166423.68,2600.37,0
2026-03-12,SKU039,62.0,161222.94,2600.37,0
2026-03-13,SKU039,57.0,148221.09,2600.37,0
2026-03-14,SKU039,47.0,122217.39,2600.37,0
2026-03-15,SKU039,115.0,275119.15,2600.37,1
2026-03-16,SKU039,68.0,162679.15,2600.37,1
2026-03-17,SKU039,68.0,162679.15,2600.37,1
2026-03-18,SKU039,75.0,179425.53,2600.37,1
2026-03-19,SKU039,95.0,227272.34,2600.37,1
2026-03-20,SKU039,105.0,251195.74,2600.37,1
2026-03-21,SKU039,66.0,157894.47,2600.37,1
2026-03-22,SKU039,84.0,200956.59,2600.37,1
2026-03-23,SKU039,75.0,179425.53,2600.37,1
2026-03-24,SKU039,91.0,217702.98,2600.37,1
2026-03-25,SKU039,86.0,205741.27,2600.37,1
2026-03-26,SKU039,46.0,119617.02,2600.37,0
2026-03-27,SKU039,63.0,163823.31,2600.37,0
2026-03-28,SKU039,65.0,169024.05,2600.37,0
2026-03-29,SKU039,61.0,158622.57,2600.37,0
2026-03-30,SKU039,52.0,135219.24,2600.37,0
2026-03-31,SKU039,63.0,163823.31,2600.37,0
2026-04-01,SKU039,71.0,184626.27,2600.37,0
2026-04-02,SKU039,60.0,156022.2,2600.37,0
2026-04-03,SKU039,91.0,236633.67,2600.37,0
2026-04-04,SKU039,98.0,254836.26,2600.37,0
2026-04-05,SKU039,67.0,174224.79,2600.37,0
2026-04-06,SKU039,49.0,127418.13,2600.37,0
2026-04-07,SKU039,72.0,187226.64,2600.37,0
2026-04-08,SKU039,73.0,189827.01,2600.37,0
2026-04-09,SKU039,62.0,161222.94,2600.37,0
2026-04-10,SKU039,70.0,182025.9,2600.37,0
2026-04-11,SKU039,52.0,135219.24,2600.37,0
2026-04-12,SKU039,59.0,153421.83,2600.37,0
2026-04-13,SKU039,64.0,166423.68,2600.37,0
2026-04-14,SKU039,64.0,166423.68,2600.37,0
2026-04-15,SKU039,49.0,127418.13,2600.37,0
2026-04-16,SKU039,68.0,176825.16,2600.37,0
2026-04-17,SKU039,73.0,189827.01,2600.37,0
2026-04-18,SKU039,106.0,275639.22,2600.37,0
2026-04-19,SKU039,57.0,148221.09,2600.37,0
2026-04-20,SKU039,55.0,143020.35,2600.37,0
2026-04-21,SKU039,63.0,163823.31,2600.37,0
2026-04-22,SKU039,55.0,143020.35,2600.37,0
2026-04-23,SKU039,69.0,179425.53,2600.37,0
2026-04-24,SKU039,88.0,228832.56,2600.37,0
2026-04-25,SKU039,74.0,192427.38,2600.37,0
2026-04-26,SKU039,75.0,195027.75,2600.37,0
2026-04-27,SKU039,43.0,111815.91,2600.37,0
2026-04-28,SKU039,52.0,135219.24,2600.37,0
2026-04-29,SKU039,70.0,182025.9,2600.37,0
2026-04-30,SKU039,49.0,127418.13,2600.37,0
2026-05-01,SKU039,88.0,228832.56,2600.37,0
2026-05-02,SKU039,71.0,184626.27,2600.37,0
2026-05-03,SKU039,81.0,210629.97,2600.37,0
2026-05-04,SKU039,56.0,145620.72,2600.37,0
2026-05-05,SKU039,83.0,215830.71,2600.37,0
2026-05-06,SKU039,46.0,119617.02,2600.37,0
2026-05-07,SKU039,57.0,148221.09,2600.37,0
2026-05-08,SKU039,77.0,200228.49,2600.37,0
2026-05-09,SKU039,66.0,171624.42,2600.37,0
2026-05-10,SKU039,67.0,174224.79,2600.37,0
2026-05-11,SKU039,58.0,150821.46,2600.37,0
2026-05-12,SKU039,73.0,189827.01,2600.37,0
2026-05-13,SKU039,60.0,156022.2,2600.37,0
2026-05-14,SKU039,72.0,187226.64,2600.37,0
2026-05-15,SKU039,53.0,137819.61,2600.37,0
2026-05-16,SKU039,52.0,135219.24,2600.37,0
2026-05-17,SKU039,90.0,234033.3,2600.37,0
2026-05-18,SKU039,56.0,145620.72,2600.37,0
2026-05-19,SKU039,63.0,163823.31,2600.37,0
2026-05-20,SKU039,56.0,145620.72,2600.37,0
2026-05-21,SKU039,55.0,143020.35,2600.37,0
2026-05-22,SKU039,87.0,226232.19,2600.37,0
2026-05-23,SKU039,63.0,163823.31,2600.37,0
2026-05-24,SKU039,81.0,210629.97,2600.37,0
2026-05-25,SKU039,61.0,158622.57,2600.37,0
2026-05-26,SKU039,70.0,182025.9,2600.37,0
2026-05-27,SKU039,65.0,169024.05,2600.37,0
2026-05-28,SKU039,72.0,187226.64,2600.37,0
2026-05-29,SKU039,65.0,169024.05,2600.37,0
2026-05-30,SKU039,77.0,200228.49,2600.37,0
2026-05-31,SKU039,75.0,195027.75,2600.37,0
2026-06-01,SKU039,59.0,153421.83,2600.37,0
2026-06-02,SKU039,55.0,143020.35,2600.37,0
2026-06-03,SKU039,94.0,244434.78,2600.37,0
2026-06-04,SKU039,84.0,218431.08,2600.37,0
2026-06-05,SKU039,71.0,184626.27,2600.37,0
2026-06-06,SKU039,74.0,192427.38,2600.37,0
2026-06-07,SKU039,95.0,247035.15,2600.37,0
2026-06-08,SKU039,62.0,161222.94,2600.37,0
2026-06-09,SKU039,90.0,234033.3,2600.37,0
2026-06-10,SKU039,110.0,263157.44,2600.37,1
2026-06-11,SKU039,85.0,203348.93,2600.37,1
2026-06-12,SKU039,146.0,349281.7,2600.37,1
2026-06-13,SKU039,116.0,277511.49,2600.37,1
2026-06-14,SKU039,103.0,246411.06,2600.37,1
2026-06-15,SKU039,91.0,217702.98,2600.37,1
2026-06-16,SKU039,88.0,210525.96,2600.37,1
2026-06-17,SKU039,81.0,193779.57,2600.37,1
2026-06-18,SKU039,91.0,217702.98,2600.37,1
2026-06-19,SKU039,132.0,315788.93,2600.37,1
2026-06-20,SKU039,115.0,275119.15,2600.37,1
2026-06-21,SKU039,77.0,200228.49,2600.37,0
2026-06-22,SKU039,78.0,202828.86,2600.37,0
2026-06-23,SKU039,92.0,239234.04,2600.37,0
2026-06-24,SKU039,81.0,210629.97,2600.37,0
2026-06-25,SKU039,74.0,192427.38,2600.37,0
2026-06-26,SKU039,68.0,176825.16,2600.37,0
2026-06-27,SKU039,92.0,239234.04,2600.37,0
2026-06-28,SKU039,78.0,202828.86,2600.37,0
2026-06-29,SKU039,65.0,169024.05,2600.37,0
2026-06-30,SKU039,71.0,184626.27,2600.37,0
2025-01-01,SKU040,64.0,118049.28,1844.52,0
2025-01-02,SKU040,50.0,92226.0,1844.52,0
2025-01-03,SKU040,60.0,110671.2,1844.52,0
2025-01-04,SKU040,75.0,138339.0,1844.52,0
2025-01-05,SKU040,57.0,105137.64,1844.52,0
2025-01-06,SKU040,54.0,99604.08,1844.52,0
2025-01-07,SKU040,74.0,136494.48,1844.52,0
2025-01-08,SKU040,55.0,101448.6,1844.52,0
2025-01-09,SKU040,68.0,125427.36,1844.52,0
2025-01-10,SKU040,94.0,159514.09,1844.52,1
2025-01-11,SKU040,82.0,139150.59,1844.52,1
2025-01-12,SKU040,82.0,139150.59,1844.52,1
2025-01-13,SKU040,60.0,101817.5,1844.52,1
2025-01-14,SKU040,98.0,166301.92,1844.52,1
2025-01-15,SKU040,89.0,151029.3,1844.52,1
2025-01-16,SKU040,56.0,103293.12,1844.52,0
2025-01-17,SKU040,75.0,138339.0,1844.52,0
2025-01-18,SKU040,76.0,140183.52,1844.52,0
2025-01-19,SKU040,63.0,116204.76,1844.52,0
2025-01-20,SKU040,62.0,114360.24,1844.52,0
2025-01-21,SKU040,67.0,123582.84,1844.52,0
2025-01-22,SKU040,85.0,156784.2,1844.52,0
2025-01-23,SKU040,55.0,101448.6,1844.52,0
2025-01-24,SKU040,70.0,129116.4,1844.52,0
2025-01-25,SKU040,75.0,138339.0,1844.52,0
2025-01-26,SKU040,90.0,166006.8,1844.52,0
2025-01-27,SKU040,67.0,123582.84,1844.52,0
2025-01-28,SKU040,60.0,110671.2,1844.52,0
2025-01-29,SKU040,50.0,92226.0,1844.52,0
2025-01-30,SKU040,62.0,114360.24,1844.52,0
2025-01-31,SKU040,61.0,112515.72,1844.52,0
2025-02-01,SKU040,65.0,119893.8,1844.52,0
2025-02-02,SKU040,51.0,94070.52,1844.52,0
2025-02-03,SKU040,42.0,77469.84,1844.52,0
2025-02-04,SKU040,58.0,106982.16,1844.52,0
2025-02-05,SKU040,43.0,79314.36,1844.52,0
2025-02-06,SKU040,61.0,112515.72,1844.52,0
2025-02-07,SKU040,63.0,116204.76,1844.52,0
2025-02-08,SKU040,80.0,147561.6,1844.52,0
2025-02-09,SKU040,69.0,127271.88,1844.52,0
2025-02-10,SKU040,54.0,99604.08,1844.52,0
2025-02-11,SKU040,63.0,116204.76,1844.52,0
2025-02-12,SKU040,85.0,156784.2,1844.52,0
2025-02-13,SKU040,63.0,116204.76,1844.52,0
2025-02-14,SKU040,55.0,101448.6,1844.52,0
2025-02-15,SKU040,67.0,123582.84,1844.52,0
2025-02-16,SKU040,61.0,112515.72,1844.52,0
2025-02-17,SKU040,49.0,90381.48,1844.52,0
2025-02-18,SKU040,70.0,129116.4,1844.52,0
2025-02-19,SKU040,81.0,149406.12,1844.52,0
2025-02-20,SKU040,67.0,123582.84,1844.52,0
2025-02-21,SKU040,62.0,114360.24,1844.52,0
2025-02-22,SKU040,94.0,173384.88,1844.52,0
2025-02-23,SKU040,76.0,140183.52,1844.52,0
2025-02-24,SKU040,53.0,97759.56,1844.52,0
2025-02-25,SKU040,61.0,112515.72,1844.52,0
2025-02-26,SKU040,68.0,125427.36,1844.52,0
2025-02-27,SKU040,56.0,103293.12,1844.52,0
2025-02-28,SKU040,76.0,140183.52,1844.52,0
2025-03-01,SKU040,43.0,79314.36,1844.52,0
2025-03-02,SKU040,41.0,75625.32,1844.52,0
2025-03-03,SKU040,48.0,88536.96,1844.52,0
2025-03-04,SKU040,47.0,86692.44,1844.52,0
2025-03-05,SKU040,46.0,84847.92,1844.52,0
2025-03-06,SKU040,68.0,125427.36,1844.52,0
2025-03-07,SKU040,70.0,129116.4,1844.52,0
2025-03-08,SKU040,93.0,171540.36,1844.52,0
2025-03-09,SKU040,68.0,125427.36,1844.52,0
2025-03-10,SKU040,58.0,106982.16,1844.52,0
2025-03-11,SKU040,56.0,103293.12,1844.52,0
2025-03-12,SKU040,41.0,75625.32,1844.52,0
2025-03-13,SKU040,60.0,110671.2,1844.52,0
2025-03-14,SKU040,61.0,112515.72,1844.52,0
2025-03-15,SKU040,72.0,132805.44,1844.52,0
2025-03-16,SKU040,71.0,130960.92,1844.52,0
2025-03-17,SKU040,50.0,92226.0,1844.52,0
2025-03-18,SKU040,75.0,138339.0,1844.52,0
2025-03-19,SKU040,63.0,116204.76,1844.52,0
2025-03-20,SKU040,73.0,123877.96,1844.52,1
2025-03-21,SKU040,92.0,156120.17,1844.52,1
2025-03-22,SKU040,69.0,117090.13,1844.52,1
2025-03-23,SKU040,75.0,127271.88,1844.52,1
2025-03-24,SKU040,70.0,118787.09,1844.52,1
2025-03-25,SKU040,79.0,134059.71,1844.52,1
2025-03-26,SKU040,74.0,125574.92,1844.52,1
2025-03-27,SKU040,85.0,144241.46,1844.52,1
2025-03-28,SKU040,71.0,130960.92,1844.52,0
2025-03-29,SKU040,59.0,108826.68,1844.52,0
2025-03-30,SKU040,75.0,138339.0,1844.52,0
2025-03-31,SKU040,49.0,90381.48,1844.52,0
2025-04-01,SKU040,58.0,106982.16,1844.52,0
2025-04-02,SKU040,63.0,116204.76,1844.52,0
2025-04-03,SKU040,50.0,92226.0,1844.52,0
2025-04-04,SKU040,64.0,118049.28,1844.52,0
2025-04-05,SKU040,51.0,94070.52,1844.52,0
2025-04-06,SKU040,62.0,114360.24,1844.52,0
2025-04-07,SKU040,56.0,103293.12,1844.52,0
2025-04-08,SKU040,50.0,92226.0,1844.52,0
2025-04-09,SKU040,65.0,119893.8,1844.52,0
2025-04-10,SKU040,59.0,108826.68,1844.52,0
2025-04-11,SKU040,86.0,158628.72,1844.52,0
2025-04-12,SKU040,47.0,86692.44,1844.52,0
2025-04-13,SKU040,57.0,105137.64,1844.52,0
2025-04-14,SKU040,83.0,153095.16,1844.52,0
2025-04-15,SKU040,55.0,101448.6,1844.52,0
2025-04-16,SKU040,76.0,140183.52,1844.52,0
2025-04-17,SKU040,43.0,79314.36,1844.52,0
2025-04-18,SKU040,69.0,127271.88,1844.52,0
2025-04-19,SKU040,80.0,147561.6,1844.52,0
2025-04-20,SKU040,71.0,130960.92,1844.52,0
2025-04-21,SKU040,42.0,77469.84,1844.52,0
2025-04-22,SKU040,42.0,77469.84,1844.52,0
2025-04-23,SKU040,46.0,84847.92,1844.52,0
2025-04-24,SKU040,50.0,92226.0,1844.52,0
2025-04-25,SKU040,64.0,118049.28,1844.52,0
2025-04-26,SKU040,55.0,101448.6,1844.52,0
2025-04-27,SKU040,38.0,70091.76,1844.52,0
2025-04-28,SKU040,45.0,83003.4,1844.52,0
2025-04-29,SKU040,56.0,103293.12,1844.52,0
2025-04-30,SKU040,56.0,103293.12,1844.52,0
2025-05-01,SKU040,43.0,79314.36,1844.52,0
2025-05-02,SKU040,74.0,136494.48,1844.52,0
2025-05-03,SKU040,47.0,86692.44,1844.52,0
2025-05-04,SKU040,50.0,92226.0,1844.52,0
2025-05-05,SKU040,65.0,119893.8,1844.52,0
2025-05-06,SKU040,56.0,103293.12,1844.52,0
2025-05-07,SKU040,56.0,103293.12,1844.52,0
2025-05-08,SKU040,49.0,90381.48,1844.52,0
2025-05-09,SKU040,94.0,173384.88,1844.52,0
2025-05-10,SKU040,76.0,140183.52,1844.52,0
2025-05-11,SKU040,65.0,119893.8,1844.52,0
2025-05-12,SKU040,56.0,103293.12,1844.52,0
2025-05-13,SKU040,67.0,123582.84,1844.52,0
2025-05-14,SKU040,61.0,112515.72,1844.52,0
2025-05-15,SKU040,57.0,105137.64,1844.52,0
2025-05-16,SKU040,86.0,158628.72,1844.52,0
2025-05-17,SKU040,73.0,134649.96,1844.52,0
2025-05-18,SKU040,71.0,130960.92,1844.52,0
2025-05-19,SKU040,64.0,118049.28,1844.52,0
2025-05-20,SKU040,51.0,94070.52,1844.52,0
2025-05-21,SKU040,44.0,81158.88,1844.52,0
2025-05-22,SKU040,50.0,92226.0,1844.52,0
2025-05-23,SKU040,72.0,132805.44,1844.52,0
2025-05-24,SKU040,61.0,112515.72,1844.52,0
2025-05-25,SKU040,52.0,95915.04,1844.52,0
2025-05-26,SKU040,54.0,99604.08,1844.52,0
2025-05-27,SKU040,58.0,106982.16,1844.52,0
2025-05-28,SKU040,81.0,149406.12,1844.52,0
2025-05-29,SKU040,63.0,116204.76,1844.52,0
2025-05-30,SKU040,36.0,66402.72,1844.52,0
2025-05-31,SKU040,64.0,118049.28,1844.52,0
2025-06-01,SKU040,71.0,130960.92,1844.52,0
2025-06-02,SKU040,54.0,99604.08,1844.52,0
2025-06-03,SKU040,59.0,108826.68,1844.52,0
2025-06-04,SKU040,60.0,110671.2,1844.52,0
2025-06-05,SKU040,70.0,129116.4,1844.52,0
2025-06-06,SKU040,69.0,127271.88,1844.52,0
2025-06-07,SKU040,63.0,116204.76,1844.52,0
2025-06-08,SKU040,68.0,125427.36,1844.52,0
2025-06-09,SKU040,61.0,112515.72,1844.52,0
2025-06-10,SKU040,58.0,98423.59,1844.52,1
2025-06-11,SKU040,98.0,166301.92,1844.52,1
2025-06-12,SKU040,91.0,154423.21,1844.52,1
2025-06-13,SKU040,98.0,166301.92,1844.52,1
2025-06-14,SKU040,100.0,169695.84,1844.52,1
2025-06-15,SKU040,85.0,144241.46,1844.52,1
2025-06-16,SKU040,72.0,122181.0,1844.52,1
2025-06-17,SKU040,91.0,154423.21,1844.52,1
2025-06-18,SKU040,105.0,178180.63,1844.52,1
2025-06-19,SKU040,72.0,122181.0,1844.52,1
2025-06-20,SKU040,116.0,196847.17,1844.52,1
2025-06-21,SKU040,64.0,118049.28,1844.52,0
2025-06-22,SKU040,57.0,105137.64,1844.52,0
2025-06-23,SKU040,95.0,175229.4,1844.52,0
2025-06-24,SKU040,55.0,101448.6,1844.52,0
2025-06-25,SKU040,67.0,123582.84,1844.52,0
2025-06-26,SKU040,67.0,123582.84,1844.52,0
2025-06-27,SKU040,69.0,127271.88,1844.52,0
2025-06-28,SKU040,83.0,153095.16,1844.52,0
2025-06-29,SKU040,65.0,119893.8,1844.52,0
2025-06-30,SKU040,79.0,145717.08,1844.52,0
2025-07-01,SKU040,67.0,123582.84,1844.52,0
2025-07-02,SKU040,85.0,156784.2,1844.52,0
2025-07-03,SKU040,69.0,127271.88,1844.52,0
2025-07-04,SKU040,85.0,156784.2,1844.52,0
2025-07-05,SKU040,73.0,134649.96,1844.52,0
2025-07-06,SKU040,43.0,79314.36,1844.52,0
2025-07-07,SKU040,59.0,108826.68,1844.52,0
2025-07-08,SKU040,49.0,90381.48,1844.52,0
2025-07-09,SKU040,63.0,116204.76,1844.52,0
2025-07-10,SKU040,57.0,105137.64,1844.52,0
2025-07-11,SKU040,79.0,145717.08,1844.52,0
2025-07-12,SKU040,49.0,90381.48,1844.52,0
2025-07-13,SKU040,70.0,129116.4,1844.52,0
2025-07-14,SKU040,58.0,106982.16,1844.52,0
2025-07-15,SKU040,69.0,127271.88,1844.52,0
2025-07-16,SKU040,82.0,151250.64,1844.52,0
2025-07-17,SKU040,68.0,125427.36,1844.52,0
2025-07-18,SKU040,57.0,105137.64,1844.52,0
2025-07-19,SKU040,88.0,162317.76,1844.52,0
2025-07-20,SKU040,66.0,121738.32,1844.52,0
2025-07-21,SKU040,58.0,106982.16,1844.52,0
2025-07-22,SKU040,63.0,116204.76,1844.52,0
2025-07-23,SKU040,59.0,108826.68,1844.52,0
2025-07-24,SKU040,61.0,112515.72,1844.52,0
2025-07-25,SKU040,73.0,134649.96,1844.52,0
2025-07-26,SKU040,71.0,130960.92,1844.52,0
2025-07-27,SKU040,64.0,118049.28,1844.52,0
2025-07-28,SKU040,57.0,105137.64,1844.52,0
2025-07-29,SKU040,52.0,95915.04,1844.52,0
2025-07-30,SKU040,66.0,121738.32,1844.52,0
2025-07-31,SKU040,79.0,145717.08,1844.52,0
2025-08-01,SKU040,72.0,132805.44,1844.52,0
2025-08-02,SKU040,78.0,143872.56,1844.52,0
2025-08-03,SKU040,66.0,121738.32,1844.52,0
2025-08-04,SKU040,60.0,110671.2,1844.52,0
2025-08-05,SKU040,67.0,123582.84,1844.52,0
2025-08-06,SKU040,70.0,129116.4,1844.52,0
2025-08-07,SKU040,70.0,129116.4,1844.52,0
2025-08-08,SKU040,71.0,130960.92,1844.52,0
2025-08-09,SKU040,69.0,127271.88,1844.52,0
2025-08-10,SKU040,52.0,95915.04,1844.52,0
2025-08-11,SKU040,45.0,83003.4,1844.52,0
2025-08-12,SKU040,77.0,142028.04,1844.52,0
2025-08-13,SKU040,76.0,140183.52,1844.52,0
2025-08-14,SKU040,65.0,119893.8,1844.52,0
2025-08-15,SKU040,89.0,164162.28,1844.52,0
2025-08-16,SKU040,93.0,171540.36,1844.52,0
2025-08-17,SKU040,94.0,173384.88,1844.52,0
2025-08-18,SKU040,62.0,114360.24,1844.52,0
2025-08-19,SKU040,54.0,99604.08,1844.52,0
2025-08-20,SKU040,64.0,118049.28,1844.52,0
2025-08-21,SKU040,73.0,134649.96,1844.52,0
2025-08-22,SKU040,53.0,97759.56,1844.52,0
2025-08-23,SKU040,84.0,154939.68,1844.52,0
2025-08-24,SKU040,64.0,118049.28,1844.52,0
2025-08-25,SKU040,40.0,73780.8,1844.52,0
2025-08-26,SKU040,83.0,153095.16,1844.52,0
2025-08-27,SKU040,78.0,143872.56,1844.52,0
2025-08-28,SKU040,67.0,123582.84,1844.52,0
2025-08-29,SKU040,90.0,166006.8,1844.52,0
2025-08-30,SKU040,82.0,151250.64,1844.52,0
2025-08-31,SKU040,71.0,130960.92,1844.52,0
2025-09-01,SKU040,48.0,88536.96,1844.52,0
2025-09-02,SKU040,61.0,112515.72,1844.52,0
2025-09-03,SKU040,67.0,123582.84,1844.52,0
2025-09-04,SKU040,32.0,59024.64,1844.52,0
2025-09-05,SKU040,79.0,145717.08,1844.52,0
2025-09-06,SKU040,70.0,129116.4,1844.52,0
2025-09-07,SKU040,66.0,121738.32,1844.52,0
2025-09-08,SKU040,53.0,97759.56,1844.52,0
2025-09-09,SKU040,61.0,112515.72,1844.52,0
2025-09-10,SKU040,64.0,118049.28,1844.52,0
2025-09-11,SKU040,45.0,83003.4,1844.52,0
2025-09-12,SKU040,52.0,95915.04,1844.52,0
2025-09-13,SKU040,67.0,123582.84,1844.52,0
2025-09-14,SKU040,50.0,92226.0,1844.52,0
2025-09-15,SKU040,35.0,64558.2,1844.52,0
2025-09-16,SKU040,67.0,123582.84,1844.52,0
2025-09-17,SKU040,48.0,88536.96,1844.52,0
2025-09-18,SKU040,54.0,99604.08,1844.52,0
2025-09-19,SKU040,76.0,140183.52,1844.52,0
2025-09-20,SKU040,70.0,129116.4,1844.52,0
2025-09-21,SKU040,70.0,129116.4,1844.52,0
2025-09-22,SKU040,50.0,92226.0,1844.52,0
2025-09-23,SKU040,48.0,88536.96,1844.52,0
2025-09-24,SKU040,65.0,119893.8,1844.52,0
2025-09-25,SKU040,73.0,134649.96,1844.52,0
2025-09-26,SKU040,57.0,105137.64,1844.52,0
2025-09-27,SKU040,64.0,118049.28,1844.52,0
2025-09-28,SKU040,54.0,99604.08,1844.52,0
2025-09-29,SKU040,44.0,81158.88,1844.52,0
2025-09-30,SKU040,55.0,101448.6,1844.52,0
2025-10-01,SKU040,77.0,130665.8,1844.52,1
2025-10-02,SKU040,92.0,156120.17,1844.52,1
2025-10-03,SKU040,74.0,125574.92,1844.52,1
2025-10-04,SKU040,92.0,156120.17,1844.52,1
2025-10-05,SKU040,66.0,111999.25,1844.52,1
2025-10-06,SKU040,52.0,88241.84,,1
2025-10-07,SKU040,72.0,122181.0,1844.52,1
2025-10-08,SKU040,81.0,137453.63,1844.52,1
2025-10-09,SKU040,82.0,139150.59,1844.52,1
2025-10-10,SKU040,98.0,166301.92,1844.52,1
2025-10-11,SKU040,80.0,147561.6,1844.52,0
2025-10-12,SKU040,51.0,94070.52,1844.52,0
2025-10-13,SKU040,50.0,92226.0,1844.52,0
2025-10-14,SKU040,58.0,106982.16,1844.52,0
2025-10-15,SKU040,72.0,132805.44,1844.52,0
2025-10-16,SKU040,91.0,167851.32,1844.52,0
2025-10-17,SKU040,66.0,121738.32,1844.52,0
2025-10-18,SKU040,72.0,132805.44,1844.52,0
2025-10-19,SKU040,76.0,140183.52,1844.52,0
2025-10-20,SKU040,55.0,101448.6,1844.52,0
2025-10-21,SKU040,56.0,103293.12,1844.52,0
2025-10-22,SKU040,87.0,160473.24,1844.52,0
2025-10-23,SKU040,68.0,125427.36,1844.52,0
2025-10-24,SKU040,44.0,81158.88,1844.52,0
2025-10-25,SKU040,63.0,116204.76,1844.52,0
2025-10-26,SKU040,48.0,88536.96,1844.52,0
2025-10-27,SKU040,36.0,66402.72,1844.52,0
2025-10-28,SKU040,65.0,119893.8,1844.52,0
2025-10-29,SKU040,63.0,116204.76,1844.52,0
2025-10-30,SKU040,71.0,130960.92,1844.52,0
2025-10-31,SKU040,73.0,134649.96,1844.52,0
2025-11-01,SKU040,119.0,219497.88,1844.52,0
2025-11-02,SKU040,50.0,92226.0,1844.52,0
2025-11-03,SKU040,47.0,86692.44,1844.52,0
2025-11-04,SKU040,37.0,68247.24,1844.52,0
2025-11-05,SKU040,69.0,127271.88,1844.52,0
2025-11-06,SKU040,50.0,92226.0,1844.52,0
2025-11-07,SKU040,90.0,166006.8,1844.52,0
2025-11-08,SKU040,60.0,110671.2,1844.52,0
2025-11-09,SKU040,46.0,84847.92,1844.52,0
2025-11-10,SKU040,52.0,95915.04,1844.52,0
2025-11-11,SKU040,63.0,116204.76,1844.52,0
2025-11-12,SKU040,42.0,77469.84,1844.52,0
2025-11-13,SKU040,71.0,130960.92,1844.52,0
2025-11-14,SKU040,66.0,121738.32,1844.52,0
2025-11-15,SKU040,62.0,114360.24,1844.52,0
2025-11-16,SKU040,47.0,86692.44,1844.52,0
2025-11-17,SKU040,82.0,151250.64,1844.52,0
2025-11-18,SKU040,54.0,99604.08,1844.52,0
2025-11-19,SKU040,61.0,112515.72,1844.52,0
2025-11-20,SKU040,86.0,145938.42,1844.52,1
2025-11-21,SKU040,89.0,151029.3,1844.52,1
2025-11-22,SKU040,90.0,152726.26,1844.52,1
2025-11-23,SKU040,82.0,139150.59,1844.52,1
2025-11-24,SKU040,89.0,151029.3,1844.52,1
2025-11-25,SKU040,87.0,147635.38,1844.52,1
2025-11-26,SKU040,92.0,156120.17,1844.52,1
2025-11-27,SKU040,83.0,140847.55,1844.52,1
2025-11-28,SKU040,69.0,117090.13,1844.52,1
2025-11-29,SKU040,90.0,152726.26,1844.52,1
2025-11-30,SKU040,68.0,115393.17,1844.52,1
2025-12-01,SKU040,60.0,110671.2,1844.52,0
2025-12-02,SKU040,58.0,106982.16,1844.52,0
2025-12-03,SKU040,69.0,127271.88,1844.52,0
2025-12-04,SKU040,71.0,130960.92,1844.52,0
2025-12-05,SKU040,98.0,180762.96,1844.52,0
2025-12-06,SKU040,59.0,108826.68,1844.52,0
2025-12-07,SKU040,59.0,108826.68,1844.52,0
2025-12-08,SKU040,72.0,132805.44,1844.52,0
2025-12-09,SKU040,81.0,149406.12,1844.52,0
2025-12-10,SKU040,68.0,125427.36,1844.52,0
2025-12-11,SKU040,62.0,114360.24,1844.52,0
2025-12-12,SKU040,74.0,136494.48,1844.52,0
2025-12-13,SKU040,83.0,153095.16,1844.52,0
2025-12-14,SKU040,83.0,153095.16,1844.52,0
2025-12-15,SKU040,71.0,120484.05,1844.52,1
2025-12-16,SKU040,100.0,169695.84,1844.52,1
2025-12-17,SKU040,95.0,161211.05,1844.52,1
2025-12-18,SKU040,104.0,176483.67,1844.52,1
2025-12-19,SKU040,89.0,151029.3,1844.52,1
2025-12-20,SKU040,75.0,127271.88,1844.52,1
2025-12-21,SKU040,94.0,159514.09,1844.52,1
2025-12-22,SKU040,87.0,147635.38,1844.52,1
2025-12-23,SKU040,83.0,140847.55,1844.52,1
2025-12-24,SKU040,93.0,157817.13,1844.52,1
2025-12-25,SKU040,110.0,186665.42,1844.52,1
2025-12-26,SKU040,120.0,203635.01,1844.52,1
2025-12-27,SKU040,97.0,164604.96,1844.52,1
2025-12-28,SKU040,85.0,144241.46,1844.52,1
2025-12-29,SKU040,84.0,142544.51,1844.52,1
2025-12-30,SKU040,67.0,113696.21,1844.52,1
2025-12-31,SKU040,80.0,135756.67,1844.52,1
2026-01-01,SKU040,57.0,105137.64,1844.52,0
2026-01-02,SKU040,98.0,180762.96,1844.52,0
2026-01-03,SKU040,87.0,160473.24,1844.52,0
2026-01-04,SKU040,83.0,153095.16,1844.52,0
2026-01-05,SKU040,61.0,112515.72,1844.52,0
2026-01-06,SKU040,72.0,132805.44,1844.52,0
2026-01-07,SKU040,103.0,189985.56,1844.52,0
2026-01-08,SKU040,67.0,123582.84,1844.52,0
2026-01-09,SKU040,78.0,143872.56,1844.52,0
2026-01-10,SKU040,69.0,127271.88,1844.52,0
2026-01-11,SKU040,73.0,134649.96,1844.52,0
2026-01-12,SKU040,57.0,105137.64,1844.52,0
2026-01-13,SKU040,69.0,127271.88,1844.52,0
2026-01-14,SKU040,72.0,132805.44,1844.52,0
2026-01-15,SKU040,70.0,129116.4,1844.52,0
2026-01-16,SKU040,70.0,129116.4,1844.52,0
2026-01-17,SKU040,67.0,123582.84,1844.52,0
2026-01-18,SKU040,70.0,129116.4,1844.52,0
2026-01-19,SKU040,69.0,127271.88,1844.52,0
2026-01-20,SKU040,78.0,143872.56,1844.52,0
2026-01-21,SKU040,55.0,101448.6,1844.52,0
2026-01-22,SKU040,66.0,121738.32,1844.52,0
2026-01-23,SKU040,46.0,84847.92,1844.52,0
2026-01-24,SKU040,98.0,180762.96,1844.52,0
2026-01-25,SKU040,75.0,138339.0,1844.52,0
2026-01-26,SKU040,55.0,101448.6,1844.52,0
2026-01-27,SKU040,81.0,149406.12,1844.52,0
2026-01-28,SKU040,68.0,125427.36,1844.52,0
2026-01-29,SKU040,73.0,134649.96,1844.52,0
2026-01-30,SKU040,79.0,145717.08,1844.52,0
2026-01-31,SKU040,90.0,166006.8,1844.52,0
2026-02-01,SKU040,82.0,151250.64,1844.52,0
2026-02-02,SKU040,60.0,110671.2,1844.52,0
2026-02-03,SKU040,83.0,153095.16,1844.52,0
2026-02-04,SKU040,76.0,140183.52,1844.52,0
2026-02-05,SKU040,82.0,151250.64,1844.52,0
2026-02-06,SKU040,81.0,149406.12,1844.52,0
2026-02-07,SKU040,81.0,149406.12,1844.52,0
2026-02-08,SKU040,67.0,123582.84,1844.52,0
2026-02-09,SKU040,63.0,116204.76,1844.52,0
2026-02-10,SKU040,74.0,136494.48,1844.52,0
2026-02-11,SKU040,74.0,136494.48,1844.52,0
2026-02-12,SKU040,81.0,149406.12,1844.52,0
2026-02-13,SKU040,83.0,153095.16,1844.52,0
2026-02-14,SKU040,84.0,154939.68,1844.52,0
2026-02-15,SKU040,69.0,127271.88,1844.52,0
2026-02-16,SKU040,56.0,103293.12,1844.52,0
2026-02-17,SKU040,82.0,151250.64,1844.52,0
2026-02-18,SKU040,75.0,138339.0,1844.52,0
2026-02-19,SKU040,63.0,116204.76,1844.52,0
2026-02-20,SKU040,71.0,130960.92,1844.52,0
2026-02-21,SKU040,73.0,134649.96,1844.52,0
2026-02-22,SKU040,70.0,129116.4,1844.52,0
2026-02-23,SKU040,74.0,136494.48,1844.52,0
2026-02-24,SKU040,71.0,130960.92,1844.52,0
2026-02-25,SKU040,89.0,164162.28,1844.52,0
2026-02-26,SKU040,58.0,106982.16,1844.52,0
2026-02-27,SKU040,91.0,167851.32,1844.52,0
2026-02-28,SKU040,92.0,169695.84,1844.52,0
2026-03-01,SKU040,71.0,130960.92,1844.52,0
2026-03-02,SKU040,68.0,125427.36,1844.52,0
2026-03-03,SKU040,89.0,164162.28,1844.52,0
2026-03-04,SKU040,47.0,86692.44,1844.52,0
2026-03-05,SKU040,38.0,70091.76,1844.52,0
2026-03-06,SKU040,69.0,127271.88,1844.52,0
2026-03-07,SKU040,93.0,171540.36,1844.52,0
2026-03-08,SKU040,67.0,123582.84,1844.52,0
2026-03-09,SKU040,47.0,86692.44,1844.52,0
2026-03-10,SKU040,55.0,101448.6,1844.52,0
2026-03-11,SKU040,61.0,112515.72,1844.52,0
2026-03-12,SKU040,65.0,119893.8,1844.52,0
2026-03-13,SKU040,58.0,106982.16,1844.52,0
2026-03-14,SKU040,72.0,132805.44,1844.52,0
2026-03-15,SKU040,81.0,137453.63,1844.52,1
2026-03-16,SKU040,67.0,113696.21,1844.52,1
2026-03-17,SKU040,114.0,193453.26,1844.52,1
2026-03-18,SKU040,61.0,103514.46,1844.52,1
2026-03-19,SKU040,79.0,134059.71,1844.52,1
2026-03-20,SKU040,126.0,213816.76,1844.52,1
2026-03-21,SKU040,92.0,156120.17,1844.52,1
2026-03-22,SKU040,66.0,111999.25,1844.52,1
2026-03-23,SKU040,61.0,103514.46,1844.52,1
2026-03-24,SKU040,60.0,101817.5,1844.52,1
2026-03-25,SKU040,123.0,208725.88,1844.52,1
2026-03-26,SKU040,62.0,114360.24,1844.52,0
2026-03-27,SKU040,55.0,101448.6,1844.52,0
2026-03-28,SKU040,70.0,129116.4,1844.52,0
2026-03-29,SKU040,76.0,140183.52,1844.52,0
2026-03-30,SKU040,58.0,106982.16,1844.52,0
2026-03-31,SKU040,79.0,145717.08,1844.52,0
2026-04-01,SKU040,59.0,108826.68,1844.52,0
2026-04-02,SKU040,50.0,92226.0,1844.52,0
2026-04-03,SKU040,89.0,164162.28,1844.52,0
2026-04-04,SKU040,63.0,116204.76,1844.52,0
2026-04-05,SKU040,56.0,103293.12,1844.52,0
2026-04-06,SKU040,64.0,118049.28,1844.52,0
2026-04-07,SKU040,71.0,130960.92,1844.52,0
2026-04-08,SKU040,71.0,130960.92,1844.52,0
2026-04-09,SKU040,74.0,136494.48,1844.52,0
2026-04-10,SKU040,73.0,134649.96,1844.52,0
2026-04-11,SKU040,68.0,125427.36,1844.52,0
2026-04-12,SKU040,54.0,99604.08,1844.52,0
2026-04-13,SKU040,50.0,92226.0,1844.52,0
2026-04-14,SKU040,59.0,108826.68,1844.52,0
2026-04-15,SKU040,54.0,99604.08,1844.52,0
2026-04-16,SKU040,49.0,90381.48,1844.52,0
2026-04-17,SKU040,63.0,116204.76,1844.52,0
2026-04-18,SKU040,83.0,153095.16,1844.52,0
2026-04-19,SKU040,58.0,106982.16,1844.52,0
2026-04-20,SKU040,43.0,79314.36,1844.52,0
2026-04-21,SKU040,86.0,158628.72,1844.52,0
2026-04-22,SKU040,40.0,73780.8,1844.52,0
2026-04-23,SKU040,70.0,129116.4,,0
2026-04-24,SKU040,71.0,130960.92,1844.52,0
2026-04-25,SKU040,84.0,154939.68,1844.52,0
2026-04-26,SKU040,52.0,95915.04,1844.52,0
2026-04-27,SKU040,59.0,108826.68,1844.52,0
2026-04-28,SKU040,69.0,127271.88,1844.52,0
2026-04-29,SKU040,52.0,95915.04,1844.52,0
2026-04-30,SKU040,68.0,125427.36,1844.52,0
2026-05-01,SKU040,97.0,178918.44,1844.52,0
2026-05-02,SKU040,88.0,162317.76,1844.52,0
2026-05-03,SKU040,58.0,106982.16,1844.52,0
2026-05-04,SKU040,63.0,116204.76,1844.52,0
2026-05-05,SKU040,68.0,125427.36,1844.52,0
2026-05-06,SKU040,72.0,132805.44,1844.52,0
2026-05-07,SKU040,75.0,138339.0,1844.52,0
2026-05-08,SKU040,99.0,182607.48,1844.52,0
2026-05-09,SKU040,58.0,106982.16,1844.52,0
2026-05-10,SKU040,68.0,125427.36,1844.52,0
2026-05-11,SKU040,58.0,106982.16,1844.52,0
2026-05-12,SKU040,82.0,151250.64,1844.52,0
2026-05-13,SKU040,52.0,95915.04,1844.52,0
2026-05-14,SKU040,66.0,121738.32,1844.52,0
2026-05-15,SKU040,76.0,140183.52,1844.52,0
2026-05-16,SKU040,81.0,149406.12,1844.52,0
2026-05-17,SKU040,79.0,145717.08,1844.52,0
2026-05-18,SKU040,62.0,114360.24,1844.52,0
2026-05-19,SKU040,53.0,97759.56,1844.52,0
2026-05-20,SKU040,65.0,119893.8,1844.52,0
2026-05-21,SKU040,48.0,88536.96,1844.52,0
2026-05-22,SKU040,92.0,169695.84,1844.52,0
2026-05-23,SKU040,71.0,130960.92,1844.52,0
2026-05-24,SKU040,78.0,143872.56,1844.52,0
2026-05-25,SKU040,47.0,86692.44,1844.52,0
2026-05-26,SKU040,82.0,151250.64,1844.52,0
2026-05-27,SKU040,71.0,130960.92,1844.52,0
2026-05-28,SKU040,77.0,142028.04,1844.52,0
2026-05-29,SKU040,76.0,140183.52,1844.52,0
2026-05-30,SKU040,74.0,136494.48,1844.52,0
2026-05-31,SKU040,71.0,130960.92,1844.52,0
2026-06-01,SKU040,52.0,95915.04,1844.52,0
2026-06-02,SKU040,76.0,140183.52,1844.52,0
2026-06-03,SKU040,68.0,125427.36,1844.52,0
2026-06-04,SKU040,78.0,143872.56,1844.52,0
2026-06-05,SKU040,88.0,162317.76,1844.52,0
2026-06-06,SKU040,75.0,138339.0,1844.52,0
2026-06-07,SKU040,72.0,132805.44,1844.52,0
2026-06-08,SKU040,72.0,132805.44,1844.52,0
2026-06-09,SKU040,91.0,167851.32,1844.52,0
2026-06-10,SKU040,106.0,179877.59,1844.52,1
2026-06-11,SKU040,102.0,173089.76,1844.52,1
2026-06-12,SKU040,103.0,174786.72,1844.52,1
2026-06-13,SKU040,107.0,181574.55,1844.52,1
2026-06-14,SKU040,122.0,207028.92,1844.52,1
2026-06-15,SKU040,109.0,184968.47,1844.52,1
2026-06-16,SKU040,113.0,191756.3,1844.52,1
2026-06-17,SKU040,106.0,179877.59,1844.52,1
2026-06-18,SKU040,99.0,167998.88,1844.52,1
2026-06-19,SKU040,141.0,239271.13,1844.52,1
2026-06-20,SKU040,107.0,181574.55,1844.52,1
2026-06-21,SKU040,73.0,134649.96,1844.52,0
2026-06-22,SKU040,72.0,132805.44,1844.52,0
2026-06-23,SKU040,82.0,151250.64,1844.52,0
2026-06-24,SKU040,46.0,84847.92,1844.52,0
2026-06-25,SKU040,84.0,154939.68,1844.52,0
2026-06-26,SKU040,91.0,167851.32,1844.52,0
2026-06-27,SKU040,102.0,188141.04,1844.52,0
2026-06-28,SKU040,88.0,162317.76,1844.52,0
2026-06-29,SKU040,60.0,110671.2,1844.52,0
2026-06-30,SKU040,84.0,154939.68,1844.52,0
2025-06-08,SKU024,37.0,46598.54,1259.42,0
2026-06-27,SKU027,38.0,160426.12,4221.74,0
2025-07-10,SKU038,83.0,249883.12,3010.64,0
2025-12-22,SKU003,18.0,122331.54,7387.17,1
2026-04-30,SKU036,43.0,72831.68,1693.76,0
2025-02-27,SKU020,99.0,462350.79,4670.21,0
2025-11-19,SKU040,61.0,112515.72,1844.52,0
2025-10-12,SKU033,17.0,72939.01,4290.53,0
2025-08-26,SKU038,88.0,264936.32,3010.64,0
2026-01-12,SKU020,107.0,499712.47,4670.21,0
2025-07-06,SKU030,42.0,75397.98,1795.19,0
2025-07-27,SKU005,81.0,656262.81,8102.01,0
2025-06-15,SKU032,34.0,173649.98,5551.47,1
2025-10-21,SKU009,24.0,102531.12,4272.13,0
2025-04-27,SKU014,47.0,150922.17,3211.11,0
2025-09-25,SKU022,52.0,321930.96,6190.98,0
2026-01-01,SKU021,100.0,63785.0,637.85,0
2026-04-20,SKU001,46.0,217592.88,4730.28,0
2025-05-14,SKU001,41.0,193941.48,4730.28,0
2026-05-18,SKU021,67.0,42735.95,637.85,0
2026-05-04,SKU013,21.0,148395.24,7066.44,0
2025-08-24,SKU033,16.0,68648.48,4290.53,0
2025-07-28,SKU040,57.0,105137.64,1844.52,0
2026-04-04,SKU005,103.0,834507.03,8102.01,0
2025-03-11,SKU005,87.0,704874.87,8102.01,0
